#{"t_start": 1790446949.0924726, "env_id": "None"}
r,l,t,coverage,mean_uncertainty,defects_found,miou,energy_used,success
3.861,8,1.553647,0.46875,0.6749261320145317,5,0.1612150325174722,0.27800000000000014,True
13.881,7,1.753367,0.3515625,0.762108981529906,9,0.22604840568594164,0.2380000000000002,True
1.976,3,1.783029,0.0703125,0.9578454679521065,1,0.03280404424432172,0.04800000000000004,True
5.918,5,1.82261,0.234375,0.8374359979735696,5,0.11241052424140865,0.16400000000000015,True
5.943,4,1.84879,0.1171875,0.9195271234099407,3,0.0712721147709955,0.1140000000000001,True
3.951,4,1.86805,0.1171875,0.9151695274638492,3,0.08220106658874617,0.09800000000000009,True
19.857,9,1.926441,0.5859375,0.599522447339691,11,0.27155381643033266,0.28600000000000025,True
35.497,38,2.187985,1.0,0.3165141665550949,23,0.6112786931180024,1.006000000000001,False
31.499,35,2.425634,1.0,0.316164928360924,24,0.5560611344725414,1.002000000000001,False
33.5,38,2.708766,1.0,0.32916401586368943,22,0.5622761618533902,1.0000000000000009,False
0.0,1,2.715178,0.0703125,0.9698834227268126,2,0.021254865212067167,0.0,True
25.4995,40,3.00269,1.0,0.34261212441270184,18,0.5173018659154068,1.0010000000000008,False
27.5,39,3.278328,1.0,0.3421397406880594,20,0.5383296300949512,1.0000000000000009,False
29.5,40,3.601437,1.0,0.3451100271464498,21,0.5064298417983001,1.0000000000000009,False
29.499,40,3.887843,1.0,0.3384527813315696,20,0.5534416151658885,1.002000000000001,False
39.498,40,4.182366,1.0,0.3412004707126897,25,0.5304937454577142,1.004000000000001,False
37.5,40,4.479143,1.0,0.34949883934936293,24,0.5110978089549528,1.0000000000000009,False
31.4995,40,4.795354,1.0,0.3447338898375737,21,0.5240828110661637,1.0010000000000008,False
31.5,40,5.096597,1.0,0.3513468062276861,22,0.49493817857608247,1.0000000000000009,False
33.773,17,5.220114,1.0,0.349507167431685,17,0.5036392836943107,0.4540000000000004,True
33.4985,40,5.535985,1.0,0.3400922725048069,22,0.5074439441810631,1.0030000000000008,False
35.499,40,5.853631,1.0,0.3421813245556494,23,0.5320615927731182,1.002000000000001,False
31.499,40,6.14473,1.0,0.3494069015920199,21,0.5028520072264997,1.002000000000001,False
23.5,40,6.44138,1.0,0.34854797629695955,17,0.5158740523603368,1.0000000000000009,False
33.499,40,6.750736,1.0,0.34561869026481706,22,0.5078165688891438,1.002000000000001,False
37.498,40,7.050857,1.0,0.34272524432153173,24,0.5313300698696327,1.004000000000001,False
41.502,40,7.33582,1.0,0.3448979022786967,24,0.5152194341078602,0.9960000000000008,False
39.498,40,7.65209,1.0,0.3493555555304801,25,0.5181375751211094,1.004000000000001,False
25.5,40,7.954392,1.0,0.3476955845121096,18,0.5099132475138819,1.0000000000000009,False
29.499,40,8.25826,1.0,0.3455050921533731,22,0.5017960869022555,1.002000000000001,False
33.498,40,8.548436,1.0,0.34928151826100173,22,0.5015509443167501,1.004000000000001,False
41.733,20,8.710426,1.0,0.3475130581696274,21,0.5033338379047554,0.5340000000000005,True
39.729,21,8.866748,1.0,0.3473476884164856,21,0.5216131741186545,0.5420000000000005,True
35.505,37,9.137823,1.0,0.34970192781307846,19,0.49649968641619885,0.9900000000000008,True
29.5,39,9.439396,1.0,0.3329438782599249,22,0.5330317321788504,1.0000000000000009,False
43.729,20,9.591491,1.0,0.3445361027825723,23,0.5150906562431622,0.5420000000000005,True
29.499,40,9.911579,1.0,0.3446883038073166,23,0.5310188551345665,1.002000000000001,False
27.5,39,10.281626,1.0,0.3215088551313634,20,0.5980451441951611,1.0000000000000009,False
35.649,27,10.575336,1.0,0.3261493710821708,20,0.5512886335926707,0.7020000000000006,True
37.825,11,10.71568,1.0,0.35082053170420857,20,0.5023525513196687,0.3500000000000002,True
31.489,39,11.132024,1.0,0.3321090560935031,22,0.5260454392290778,1.022000000000001,False
43.828,11,11.237821,0.953125,0.37862338592126665,22,0.49124439592594693,0.3440000000000002,True
37.533,36,12.924996,1.0,0.34091388624076346,19,0.5525754856552,0.9340000000000008,True
41.609,31,13.276244,1.0,0.340341635046138,21,0.545267165510976,0.7820000000000007,True
11.925,4,13.323533,0.3515625,0.7731948493513652,6,0.18925305770548467,0.15000000000000013,True
39.808,12,13.454553,0.953125,0.37032174552311314,22,0.48004987587319664,0.38400000000000023,True
45.535,34,13.830961,1.0,0.33654215084256933,23,0.5282794817747567,0.9300000000000007,True
43.525,34,14.25047,1.0,0.3142693153850504,22,0.5881547849508444,0.9500000000000007,True
33.89,8,14.338813,0.796875,0.48171255781558464,18,0.3858412158031364,0.2200000000000002,True
35.809,13,14.434902,1.0,0.3452223821657138,20,0.5145208956927969,0.38200000000000034,True
37.697,23,14.586972,1.0,0.3459367507754318,20,0.5076960054912185,0.6060000000000005,True
37.637,28,14.775178,1.0,0.3471641732044929,22,0.5297968733817024,0.7260000000000006,True
37.825,12,14.866445,1.0,0.3505212045181821,21,0.4914509159811439,0.3500000000000003,True
35.821,12,14.946568,0.875,0.42204891916928566,20,0.4778392284943189,0.3580000000000003,True
35.782,17,15.07189,1.0,0.3408520544640027,18,0.5030597236135443,0.4360000000000004,True
31.865,9,15.145634,0.875,0.42823201275971867,17,0.4431675335355699,0.27000000000000024,True
45.693,22,15.291436,1.0,0.33644929342419594,23,0.5369184655967907,0.6140000000000005,True
35.769,17,15.422163,1.0,0.3494288203123983,19,0.5010929129356717,0.4620000000000004,True
35.825,12,15.534137,1.0,0.3471372242698493,19,0.5083127986862652,0.3500000000000003,True
43.794,16,15.64788,1.0,0.34787493935731784,22,0.5020021959654053,0.41200000000000037,True
41.813,13,15.744254,1.0,0.3482338074192398,21,0.5009522357258666,0.37400000000000033,True
11.925,4,15.770688,0.3515625,0.7694036800751667,6,0.1544995588340625,0.15000000000000013,True
35.605,31,15.994911,1.0,0.3383053451513552,19,0.5486967740404737,0.7900000000000007,True
0.0,1,16.001679,0.0703125,0.9674773754479785,0,0.012614905362585685,0.0,True
39.773,15,16.127574,1.0,0.33954476425872554,22,0.5157491984463318,0.4540000000000003,True
37.794,16,16.239352,1.0,0.34507438862673945,20,0.4990101710705069,0.41200000000000037,True
41.785,16,16.35241,1.0,0.35238089655982074,22,0.5013153830567891,0.4300000000000004,True
35.825,12,16.442876,1.0,0.3513042327899719,19,0.4925820215298622,0.3500000000000003,True
41.729,19,16.582434,1.0,0.3429785027306741,22,0.49758942417091234,0.5420000000000005,True
23.905,7,16.631828,0.703125,0.5422753559277546,14,0.369687613471858,0.19000000000000017,True
35.878,9,16.694467,0.796875,0.48470770128206353,18,0.4513965740132999,0.24400000000000022,True
45.753,18,16.822675,1.0,0.341714139786669,23,0.5204304249308903,0.49400000000000044,True
47.597,30,17.031147,1.0,0.3349498516161186,25,0.5596717782932947,0.8060000000000007,True
43.605,29,17.251644,1.0,0.334023929809002,24,0.553976127638118,0.7900000000000007,True
35.801,14,17.352319,1.0,0.34607658819296283,19,0.5418876663222766,0.39800000000000035,True
35.874,9,17.419654,0.796875,0.4783032535867351,20,0.4204760997747687,0.2520000000000002,True
39.809,12,17.503205,1.0,0.3497722684912141,22,0.5218406401098202,0.38200000000000023,True
41.769,17,17.621145,1.0,0.35063212584042136,21,0.5092231868720687,0.4620000000000004,True
33.729,20,17.760735,1.0,0.3485735445020304,17,0.513873336680339,0.5420000000000005,True
27.84,10,17.837459,0.953125,0.3824538485726357,17,0.4792291756255113,0.3200000000000002,True
37.741,19,17.967277,1.0,0.3447801580434886,19,0.5332076800286821,0.5180000000000005,True
37.828,11,18.045707,0.953125,0.3768389321456477,20,0.49391199965918564,0.3440000000000002,True
41.813,14,18.142487,1.0,0.34126272690189363,22,0.5077147619877329,0.37400000000000033,True
41.825,11,18.23942,1.0,0.3456613446531161,23,0.4960704464196474,0.3500000000000002,True
39.809,13,18.32702,1.0,0.3506294256798185,20,0.5113823798130389,0.38200000000000034,True
45.793,15,18.437521,1.0,0.34628443436980955,25,0.5133653570716172,0.41400000000000037,True
35.825,11,18.51284,1.0,0.3438073534010906,21,0.4893901900830724,0.3500000000000002,True
45.595,30,18.719392,1.0,0.3292926224705257,24,0.5528132536208273,0.8100000000000006,True
39.825,12,18.808926,1.0,0.34825790327890227,20,0.4991425504733614,0.3500000000000003,True
39.825,12,18.894335,1.0,0.35508369466278306,20,0.4799148225690987,0.3500000000000003,True
33.709,20,19.03692,1.0,0.3437700260624327,18,0.5279411588439917,0.5820000000000005,True
33.785,16,19.148791,1.0,0.350428348515797,19,0.49528200687008694,0.4300000000000004,True
41.777,15,19.270669,1.0,0.3396024832462545,22,0.5350658271287287,0.4460000000000004,True
43.717,22,19.434683,1.0,0.34886559968612163,24,0.5039311614993511,0.5660000000000005,True
39.717,20,19.581932,1.0,0.3417392020127479,22,0.5143662146606954,0.5660000000000005,True
41.785,16,19.696237,1.0,0.3519264388900418,22,0.49865309173893935,0.4300000000000004,True
37.825,13,19.793802,1.0,0.34955635478858704,20,0.5108050087939705,0.3500000000000003,True
35.865,9,19.862714,0.875,0.4350091804156268,19,0.4452148207452777,0.27000000000000024,True
43.77,18,19.985427,1.0,0.3403989660659451,24,0.5435375920799304,0.4600000000000004,True
43.825,11,20.078613,1.0,0.3499172730928477,22,0.49889054661582055,0.3500000000000002,True
35.772,15,20.174896,0.953125,0.3639320164491162,20,0.5254913107589423,0.4560000000000003,True
35.809,13,20.285745,1.0,0.3502056744627333,19,0.5137538787105229,0.38200000000000034,True
9.925,4,20.313256,0.3515625,0.7707159898410373,7,0.14773800876748144,0.15000000000000013,True
39.825,14,20.418395,1.0,0.35113258871276765,21,0.5008451129788654,0.3500000000000003,True
45.809,12,20.499838,1.0,0.3449389318332927,23,0.4973533549483785,0.38200000000000023,True
39.825,12,20.59529,1.0,0.3526148243616215,21,0.49474058735515236,0.3500000000000003,True
43.789,17,20.716565,1.0,0.34023696918155144,24,0.5202458739030704,0.4220000000000004,True
31.785,16,20.848055,1.0,0.34863600558251784,18,0.5102406229085651,0.4300000000000004,True
37.785,15,20.951274,1.0,0.33724606352614583,20,0.5325992437439445,0.4300000000000004,True
37.797,15,21.052772,1.0,0.3436924598657793,21,0.5009691290113109,0.40600000000000036,True
41.789,13,21.159054,1.0,0.34341019079771534,21,0.5213278490929965,0.42200000000000026,True
45.797,13,21.258522,1.0,0.3437736414434356,24,0.5365094910787354,0.40600000000000025,True
27.824,11,21.357101,0.953125,0.3737598962155615,15,0.4076302709923421,0.3520000000000002,True
43.782,17,21.481421,1.0,0.3456132391741066,25,0.536479339564978,0.4360000000000004,True
27.89,8,21.53847,0.796875,0.48463346042448535,16,0.42710903133228,0.2200000000000002,True
45.797,16,21.661099,1.0,0.34223936213955863,23,0.5267985872472472,0.40600000000000036,True
41.797,15,21.762958,1.0,0.34167828846259674,22,0.5101313661443172,0.40600000000000036,True
39.801,14,21.865888,1.0,0.3476351777299718,21,0.5129224137418916,0.39800000000000035,True
39.809,14,21.971259,1.0,0.34502072126891214,21,0.514742586172454,0.38200000000000034,True
43.809,13,22.069732,1.0,0.3548622272853029,22,0.49998967468712624,0.38200000000000034,True
39.786,17,22.192135,1.0,0.34616965694231766,20,0.5084365556051285,0.4280000000000004,True
33.825,11,22.270865,1.0,0.3551215217533097,18,0.4982293722614102,0.3500000000000002,True
33.82,11,22.359751,0.953125,0.3815389145456556,19,0.4674936894030802,0.3600000000000002,True
1.975,2,22.375669,0.1171875,0.9210764811057427,1,0.019496340617639676,0.050000000000000044,True
39.824,11,22.891952,0.953125,0.381285862412172,20,0.5116666133763401,0.3520000000000002,True
37.672,23,23.055483,1.0,0.33219781328356,21,0.5157407006809805,0.6560000000000006,True
41.825,14,23.166873,1.0,0.35030639998619095,21,0.49400734618346565,0.3500000000000003,True
39.728,20,23.308758,1.0,0.3397731129944127,21,0.5368000890062102,0.5440000000000005,True
39.84,10,23.402653,0.953125,0.38430895556185873,21,0.5081613712040289,0.3200000000000002,True
39.84,10,23.476331,0.953125,0.3808042248551608,20,0.5047591491914527,0.3200000000000002,True
45.774,18,23.604973,1.0,0.340072294151215,23,0.517578609202886,0.4520000000000004,True
39.813,14,23.706542,1.0,0.34670129556279483,20,0.5069993701374009,0.37400000000000033,True
47.793,14,23.801389,1.0,0.3401651628110388,24,0.5320962541078872,0.41400000000000037,True
43.84,10,23.878443,0.953125,0.38606773640431447,23,0.4895247681223655,0.3200000000000002,True
41.816,12,23.96303,0.953125,0.3734183012049652,21,0.4627591651141835,0.3680000000000002,True
39.801,15,24.071042,1.0,0.3439012132739582,21,0.5231968469427909,0.39800000000000035,True
39.825,12,24.162396,1.0,0.34899452565573386,21,0.4963913623245221,0.3500000000000003,True
33.769,17,24.314808,1.0,0.35178312873344175,20,0.506999166855073,0.4620000000000004,True
45.813,14,24.487326,1.0,0.3457689173317944,23,0.5221711269349976,0.37400000000000033,True
43.825,14,24.645231,1.0,0.3543167157085758,23,0.49737216359994985,0.3500000000000003,True
39.825,14,24.790971,1.0,0.35142556710483003,21,0.49873147070769175,0.3500000000000003,True
41.769,17,24.969184,1.0,0.348290544049508,21,0.49932282229543923,0.4620000000000004,True
45.733,20,25.182277,1.0,0.3475101258498046,24,0.5184898450688725,0.5340000000000005,True
39.825,14,25.323341,1.0,0.349030697785921,20,0.49903576609850586,0.3500000000000003,True
37.76,17,25.511054,1.0,0.35143384496230895,21,0.5006437926789608,0.4800000000000003,True
37.785,16,25.677741,1.0,0.35027719221301046,20,0.5037323452644221,0.4300000000000004,True
43.794,16,25.868023,1.0,0.3428243885443272,23,0.5162627223306117,0.41200000000000037,True
33.825,11,25.996861,1.0,0.3547931285660816,19,0.501992939923679,0.3500000000000002,True
33.89,8,26.072545,0.796875,0.49203417040086517,19,0.4752419058131443,0.2200000000000002,True
47.797,15,26.225606,1.0,0.34105060605734994,25,0.5249391943636854,0.40600000000000036,True
35.729,21,26.438024,1.0,0.34628180497363537,19,0.5153013001018013,0.5420000000000005,True
45.668,24,26.684788,1.0,0.3461386391670991,23,0.5469224388937951,0.6640000000000006,True
45.809,13,26.813935,1.0,0.339055541309918,23,0.49979067680975303,0.38200000000000034,True
37.729,19,27.002275,1.0,0.34806568298162704,21,0.5243063416490492,0.5420000000000005,True
33.809,13,27.13096,1.0,0.349532953981234,18,0.5313524546982435,0.38200000000000034,True
33.713,20,27.336236,1.0,0.3422419654845169,18,0.49311045142353804,0.5740000000000005,True
25.825,14,27.495318,1.0,0.346636290266636,15,0.4814322374810848,0.3500000000000003,True
31.81,15,27.6679,1.0,0.34935036280628967,17,0.5086009113197819,0.38000000000000034,True
39.825,12,27.801436,1.0,0.3474035246181516,20,0.50348374819952,0.3500000000000003,True
39.745,20,28.021778,1.0,0.3509748514420412,21,0.477159780856966,0.5100000000000005,True
45.732,19,28.247877,1.0,0.339665900247043,23,0.5071479621043122,0.5360000000000005,True
43.778,17,28.447475,1.0,0.343961819256849,22,0.5140405686320382,0.4440000000000004,True
43.825,12,28.551237,1.0,0.34877128881918024,23,0.48190010277484585,0.3500000000000003,True
41.786,17,28.670113,1.0,0.34446377760326735,21,0.5255901481050793,0.4280000000000004,True
37.813,13,28.780514,1.0,0.3497344911255016,21,0.5079610769258911,0.37400000000000033,True
33.794,16,28.894697,1.0,0.3464362209472546,19,0.4941531535671392,0.41200000000000037,True
41.801,15,28.994591,1.0,0.34641672102984955,24,0.5044791932870123,0.39800000000000035,True
41.797,16,29.109653,1.0,0.34142029573642635,21,0.5220923656834663,0.40600000000000036,True
37.769,16,29.216797,1.0,0.34187317852963495,22,0.5281031486833582,0.4620000000000004,True
41.797,13,29.306682,1.0,0.3413215511998684,21,0.5299211565003016,0.40600000000000025,True
39.809,12,29.40051,1.0,0.34463273029961183,20,0.5061618078219227,0.38200000000000023,True
37.825,14,29.497088,1.0,0.3543095276808549,19,0.5074733225428892,0.3500000000000003,True
39.825,12,29.578539,1.0,0.35278065574622486,21,0.4966646602764032,0.3500000000000003,True
43.809,14,29.680112,1.0,0.347563459675747,22,0.5157515762713551,0.38200000000000034,True
37.761,18,29.823625,1.0,0.3344927639784049,20,0.5351874399028242,0.4780000000000004,True
37.84,10,29.893593,0.953125,0.37875994070461366,22,0.4604674504953013,0.3200000000000002,True
33.754,19,30.031559,1.0,0.33883020792647545,18,0.5087526578373023,0.49200000000000044,True
37.794,16,30.140353,1.0,0.34417719672156166,19,0.5255487776191109,0.41200000000000037,True
43.84,10,30.207245,0.953125,0.38596703335448324,23,0.5012389228852868,0.3200000000000002,True
37.797,14,30.313946,1.0,0.3468551447750578,19,0.5105029191145158,0.40600000000000036,True
37.797,14,30.407452,1.0,0.3465914353137385,20,0.5140358380403269,0.40600000000000036,True
35.813,15,30.506745,1.0,0.3443538587142959,18,0.5112245457409419,0.37400000000000033,True
43.785,17,30.628222,1.0,0.3360607457574265,22,0.5252446645431422,0.4300000000000004,True
33.825,11,30.709531,1.0,0.3505179784890189,18,0.4990170947769436,0.3500000000000002,True
41.809,14,30.816785,1.0,0.34662331672592844,21,0.5066683775889371,0.38200000000000034,True
41.813,13,30.921112,1.0,0.3522580456259027,23,0.5144287965215595,0.37400000000000033,True
31.825,12,31.004291,1.0,0.351657298899819,16,0.4889229398924118,0.3500000000000003,True
41.825,14,31.098652,1.0,0.3526334122396269,21,0.5130910132049431,0.3500000000000003,True
41.84,10,31.191151,0.953125,0.38041547154761957,21,0.48129018204636564,0.3200000000000002,True
37.84,10,31.259214,0.953125,0.3835015065323189,19,0.4678544045606619,0.3200000000000002,True
39.84,10,31.330055,0.953125,0.38690381803776525,21,0.5122472724916265,0.3200000000000002,True
35.758,18,31.452785,1.0,0.3417678136353701,19,0.5243159836296791,0.48400000000000043,True
39.713,21,31.59914,1.0,0.3448337710727127,20,0.5221835974263194,0.5740000000000005,True
43.793,16,31.708685,1.0,0.3477173217581385,22,0.5053155918870292,0.41400000000000037,True
39.825,12,31.798281,1.0,0.3472368518478268,21,0.49995164458973557,0.3500000000000003,True
35.782,17,31.934137,1.0,0.3485253317963982,20,0.4981467428233516,0.4360000000000004,True
35.801,16,32.045271,1.0,0.3436950285167588,18,0.5315636212543303,0.39800000000000035,True
43.777,17,32.199958,1.0,0.33967955867750094,23,0.5281326988661207,0.4460000000000004,True
37.825,14,32.298753,1.0,0.3536115178196383,20,0.5022477458377735,0.3500000000000003,True
45.76,17,32.42511,1.0,0.35297285067406725,23,0.4928862994384033,0.4800000000000003,True
41.84,10,32.491882,0.953125,0.38108728539971226,21,0.49655718520415815,0.3200000000000002,True
45.729,21,32.638681,1.0,0.3464780836403879,25,0.4990799315761572,0.5420000000000005,True
41.794,16,32.749115,1.0,0.3519394723271926,22,0.5149213997392488,0.41200000000000037,True
35.809,14,32.84666,1.0,0.3503161195633873,19,0.5108506537348023,0.38200000000000034,True
31.825,14,32.961306,1.0,0.34950710611565483,19,0.5073599553372871,0.3500000000000003,True
45.825,11,33.035942,1.0,0.3521870075611496,24,0.49784113800795116,0.3500000000000002,True
39.801,13,33.126632,1.0,0.34135569526478027,20,0.5043134287048247,0.39800000000000024,True
43.825,13,33.216971,1.0,0.3574733022162223,22,0.4906825389412092,0.3500000000000003,True
39.828,11,33.290572,0.953125,0.3747081907335638,22,0.45956571578533845,0.3440000000000002,True
31.825,12,33.687565,1.0,0.3483835789367422,17,0.4967748008036258,0.3500000000000003,True
39.825,12,33.767466,1.0,0.3488386504749823,21,0.5000800138293229,0.3500000000000003,True
37.777,14,33.866726,1.0,0.341718084391909,21,0.5350959292680455,0.4460000000000003,True
37.825,13,33.973644,1.0,0.35200369179717733,20,0.4868859806877207,0.3500000000000003,True
47.798,16,34.085967,1.0,0.3486908095337853,24,0.5058158129928104,0.40400000000000036,True
41.809,12,34.17355,1.0,0.3491210226176105,22,0.4987894467474494,0.38200000000000023,True
39.825,12,34.255541,1.0,0.3568958314306715,20,0.5057405994717176,0.3500000000000003,True
49.825,14,34.356075,1.0,0.34933651415062605,25,0.5127672178342597,0.3500000000000003,True
43.825,14,34.464108,1.0,0.3541266453014156,22,0.5054093304477753,0.3500000000000003,True
43.794,16,34.589529,1.0,0.34550998307605263,23,0.5155426409549844,0.41200000000000037,True
39.777,17,34.711043,1.0,0.3474566972165629,21,0.5057063392523213,0.4460000000000004,True
39.825,11,34.78371,1.0,0.3498592031500817,22,0.5117429757488232,0.3500000000000002,True
41.753,18,34.91247,1.0,0.3452356015445359,22,0.5212393136951712,0.49400000000000044,True
35.84,10,35.003644,0.953125,0.37882710012050624,19,0.46124784238621125,0.3200000000000002,True
39.733,20,35.141096,1.0,0.33515432823684926,21,0.5143158409818678,0.5340000000000005,True
41.785,16,35.257881,1.0,0.35037230104310446,23,0.49685572836799313,0.4300000000000004,True
49.813,14,35.355054,1.0,0.3520472749579172,25,0.4971202747695856,0.37400000000000033,True
37.825,12,35.449227,1.0,0.34933974013259894,20,0.4978148645932182,0.3500000000000003,True
37.84,10,35.51831,0.953125,0.3861698577968461,19,0.4932502007893355,0.3200000000000002,True
43.717,20,35.655363,1.0,0.34767160883310533,22,0.5261816242299967,0.5660000000000005,True
35.81,15,35.763693,1.0,0.3476062142802237,18,0.5106195200690189,0.38000000000000034,True
33.84,10,35.836108,0.953125,0.37970811392770537,18,0.4967389007450622,0.3200000000000002,True
41.782,17,35.95871,1.0,0.34837007015248284,21,0.5310226394738876,0.4360000000000004,True
41.81,15,36.076598,1.0,0.35194704335284477,23,0.47295939221468275,0.38000000000000034,True
29.809,14,36.176771,1.0,0.34819081972105315,19,0.5091354983052365,0.38200000000000034,True
39.793,16,36.289819,1.0,0.3417240610542689,21,0.5180147249886223,0.41400000000000037,True
33.785,16,36.405039,1.0,0.35140238656614,19,0.494631068739636,0.4300000000000004,True
39.809,13,36.499985,1.0,0.3500651152669172,22,0.5224726827411145,0.38200000000000034,True
39.825,14,36.60053,1.0,0.3464076022190645,20,0.4919465841723874,0.3500000000000003,True
35.825,13,36.690791,1.0,0.3463073549839372,20,0.4914173325406075,0.3500000000000003,True
29.865,9,36.750483,0.875,0.4304628792085386,17,0.4131835298455276,0.27000000000000024,True
37.744,18,36.880112,1.0,0.345717862193071,21,0.5263087313516916,0.5120000000000005,True
39.798,16,36.996248,1.0,0.3436044416551759,20,0.5156340476911295,0.40400000000000036,True
43.825,14,37.107697,1.0,0.34808194324034647,22,0.5106481178428084,0.3500000000000003,True
45.825,12,37.196284,1.0,0.3520046833291585,24,0.5056776765498486,0.3500000000000003,True
35.825,11,37.271574,1.0,0.3556924516851053,19,0.48893981560913036,0.3500000000000002,True
33.825,11,37.351101,1.0,0.348869445404975,18,0.5121053619213979,0.3500000000000002,True
31.81,15,37.463492,1.0,0.3541037022924667,18,0.498827271490777,0.38000000000000034,True
39.809,14,37.56008,1.0,0.34863604949709137,20,0.5163732542278784,0.38200000000000034,True
43.813,13,37.652168,1.0,0.3441618828284335,23,0.5022371158661887,0.37400000000000033,True
39.825,12,37.737205,1.0,0.3552849647285449,21,0.5151992238820312,0.3500000000000003,True
47.785,15,37.843979,1.0,0.34141895464730776,24,0.5123929883860324,0.4300000000000004,True
43.813,12,37.932804,1.0,0.3472908821199602,23,0.5080307137506342,0.3740000000000002,True
43.809,14,38.033523,1.0,0.3496645166272435,23,0.526028191783751,0.38200000000000034,True
35.825,13,38.143183,1.0,0.3525944120062277,19,0.4848707243766273,0.3500000000000003,True
45.813,15,38.246659,1.0,0.34777365927410037,23,0.5022921315892434,0.37400000000000033,True
37.825,12,38.333366,1.0,0.35215805126450417,20,0.4962444483922113,0.3500000000000003,True
27.825,12,38.424111,1.0,0.34805289873429945,16,0.502014948402135,0.3500000000000003,True
45.81,15,38.554947,1.0,0.35019430061903695,23,0.5033942593960636,0.38000000000000034,True
39.793,16,38.733643,1.0,0.34155538470073094,21,0.5166467544041329,0.41400000000000037,True
43.798,16,38.907248,1.0,0.34722886967713595,22,0.4978793883879749,0.40400000000000036,True
43.825,12,39.029706,1.0,0.35209201604309237,23,0.5028498887132041,0.3500000000000003,True
45.81,15,39.206731,1.0,0.35359131761140056,24,0.5075644816649996,0.38000000000000034,True
37.825,12,39.333034,1.0,0.3468049401103887,19,0.5003921501238102,0.3500000000000003,True
33.825,14,39.482726,1.0,0.35197240177772154,20,0.4793011155939059,0.3500000000000003,True
35.825,13,39.611454,1.0,0.3472844477359019,20,0.5259523095920556,0.3500000000000003,True
39.825,12,39.738983,1.0,0.35350653488967865,21,0.5119616733189007,0.3500000000000003,True
33.84,10,39.842624,0.953125,0.3830511118044527,20,0.5046415086171175,0.3200000000000002,True
45.825,12,39.992972,1.0,0.3501320958251309,23,0.505974626441646,0.3500000000000003,True
41.825,11,40.121777,1.0,0.34910300300116726,22,0.49969553354377516,0.3500000000000002,True
35.905,7,40.199168,0.703125,0.557456464700149,20,0.44675400717965147,0.19000000000000017,True
41.81,15,40.392796,1.0,0.352692786234727,23,0.48510943914363475,0.38000000000000034,True
41.81,15,40.541125,1.0,0.3540049351656389,22,0.5208580142470939,0.38000000000000034,True
35.733,19,40.751546,1.0,0.3482652731140933,18,0.5068640242120781,0.5340000000000005,True
41.778,17,40.924581,1.0,0.34219960358990764,22,0.5350230918403013,0.4440000000000004,True
43.813,13,41.073297,1.0,0.34699186190434517,23,0.5069129751765962,0.37400000000000033,True
41.813,15,41.241743,1.0,0.3493405627697128,22,0.524629690725684,0.37400000000000033,True
33.797,15,41.415054,1.0,0.3495164921013696,19,0.5093686550462748,0.40600000000000036,True
33.813,15,41.589374,1.0,0.34866573022664527,19,0.5160127658381636,0.37400000000000033,True
31.785,16,41.772618,1.0,0.3523858084295127,19,0.4909700352483739,0.4300000000000004,True
41.782,17,41.944554,1.0,0.34241495401254474,23,0.5302243089213108,0.4360000000000004,True
37.813,15,42.097453,1.0,0.35231273624238446,22,0.5048388506203745,0.37400000000000033,True
29.809,15,42.284824,1.0,0.34439084226421524,17,0.5235842879051821,0.38200000000000034,True
37.696,21,42.552277,1.0,0.34035586862128164,20,0.5225638896352438,0.6080000000000005,True
47.825,11,42.681081,1.0,0.34717902818863045,24,0.5018299822402729,0.3500000000000002,True
25.745,20,42.828021,1.0,0.3501701549189118,14,0.5098713419748125,0.5100000000000005,True
39.813,14,42.923,1.0,0.34614695270209417,20,0.5196898398377969,0.37400000000000033,True
39.765,18,43.052629,1.0,0.3373250109572532,22,0.527234539954412,0.4700000000000004,True
31.84,10,43.125473,0.953125,0.37696789402808395,16,0.47845121056377365,0.3200000000000002,True
33.701,21,43.275671,1.0,0.3402219333906097,19,0.5441155898204232,0.5980000000000005,True
25.745,19,43.420019,1.0,0.3527817029617477,15,0.5040444484045739,0.5100000000000005,True
31.825,13,43.522843,1.0,0.35281269379094693,18,0.5014112826681958,0.3500000000000003,True
45.778,17,43.64273,1.0,0.34431559314094945,23,0.5465075364642725,0.4440000000000004,True
35.825,11,43.71758,1.0,0.35348480482990474,18,0.48605725376856224,0.3500000000000002,True
41.809,14,43.817061,1.0,0.34719649076213027,24,0.5011101592241057,0.38200000000000034,True
39.84,10,43.885072,0.953125,0.3798505241967637,21,0.4689845933788964,0.3200000000000002,True
41.825,12,43.967755,1.0,0.35144659176282855,22,0.5135512101587114,0.3500000000000003,True
47.825,11,44.045566,1.0,0.3488243133632339,25,0.4907689059878748,0.3500000000000002,True
35.825,13,44.135838,1.0,0.34954311113123937,18,0.5075008303787958,0.3500000000000003,True
41.805,15,44.637624,1.0,0.3457740671836683,21,0.5320505855328627,0.39000000000000035,True
45.813,14,44.737889,1.0,0.3487954627634824,24,0.5211070478577403,0.37400000000000033,True
37.81,15,44.849187,1.0,0.3492238770511555,20,0.5147433755900536,0.38000000000000034,True
49.825,14,44.975254,1.0,0.3525475049588679,25,0.5252785361785354,0.3500000000000003,True
43.809,14,45.071641,1.0,0.3489512612110763,22,0.5131706024022514,0.38200000000000034,True
43.793,16,45.192752,1.0,0.3444385386358576,23,0.5205847359894782,0.41400000000000037,True
49.813,15,45.300528,1.0,0.34808785087888555,26,0.5075394276286741,0.37400000000000033,True
45.825,13,45.397242,1.0,0.3514830656579362,23,0.5076258289128549,0.3500000000000003,True
41.81,15,45.512173,1.0,0.34992490593959513,22,0.4901925961717024,0.38000000000000034,True
31.729,21,45.67062,1.0,0.34362072319320675,18,0.5239536170035229,0.5420000000000005,True
37.805,15,45.77957,1.0,0.3491472390879043,20,0.5118984291383032,0.39000000000000035,True
39.778,17,45.900024,1.0,0.3479543931844715,22,0.5142810200287454,0.4440000000000004,True
33.721,22,46.057087,1.0,0.34754563269430927,18,0.5271795028008197,0.5580000000000005,True
39.794,16,46.168593,1.0,0.34913260672857993,21,0.5066816080836325,0.41200000000000037,True
37.745,19,46.301118,1.0,0.35148995504049685,20,0.49355350545434234,0.5100000000000005,True
45.825,13,46.39765,1.0,0.35160915368785706,23,0.49551016123066766,0.3500000000000003,True
37.809,13,46.49194,1.0,0.3478037341047907,20,0.5073939380037514,0.38200000000000034,True
37.809,13,46.593493,1.0,0.3442089232361554,20,0.513596587180617,0.38200000000000034,True
49.793,14,46.695873,1.0,0.3415517310754091,25,0.5425592147160448,0.41400000000000037,True
43.809,15,46.802318,1.0,0.34833727342454057,23,0.5154897858240376,0.38200000000000034,True
33.865,9,46.865993,0.875,0.4335068174171834,19,0.45926439943932745,0.27000000000000024,True
33.84,10,46.934239,0.953125,0.3826933588306839,19,0.4786521360785184,0.3200000000000002,True
37.809,15,47.044587,1.0,0.3460108506474065,20,0.5161583386929464,0.38200000000000034,True
33.825,12,47.132252,1.0,0.34904805631618996,19,0.49458646082718166,0.3500000000000003,True
35.782,17,47.248936,1.0,0.34436592005609523,19,0.5162881895482845,0.4360000000000004,True
31.825,12,47.330474,1.0,0.3483064487711012,19,0.49224660718054886,0.3500000000000003,True
43.813,13,47.432631,1.0,0.34956143144594554,23,0.5274524346534611,0.37400000000000033,True
37.793,16,47.545929,1.0,0.344862301612828,20,0.540939847549833,0.41400000000000037,True
41.797,13,47.654744,1.0,0.34274315666485944,21,0.5290009537462917,0.40600000000000025,True
41.797,16,47.766583,1.0,0.3455742610574553,23,0.5027536765401617,0.40600000000000036,True
33.785,16,47.881963,1.0,0.35148801982647554,19,0.4998359161178849,0.4300000000000004,True
45.825,14,47.978365,1.0,0.35248243285300507,23,0.473254413822228,0.3500000000000003,True
49.813,15,48.086821,1.0,0.3465927957612221,25,0.5232088428652071,0.37400000000000033,True
37.809,14,48.18459,1.0,0.3499263865285974,20,0.5203047300997528,0.38200000000000034,True
41.809,15,48.290613,1.0,0.34772977917218334,22,0.5015089000420687,0.38200000000000034,True
39.805,14,48.396956,1.0,0.34578083795095194,21,0.5139429686904511,0.39000000000000035,True
33.797,15,48.504034,1.0,0.3439548506012767,18,0.5073255090896814,0.40600000000000036,True
31.825,14,48.608304,1.0,0.3506489050244349,18,0.5085482020947383,0.3500000000000003,True
33.825,11,48.700654,1.0,0.3517548268478664,19,0.49459905339526633,0.3500000000000002,True
37.809,13,48.791179,1.0,0.34394876599461244,20,0.5282065793452674,0.38200000000000034,True
35.825,13,48.883767,1.0,0.3471716517216478,20,0.4883161994240896,0.3500000000000003,True
33.793,15,48.993507,1.0,0.34316993933102735,18,0.5274249751504955,0.41400000000000037,True
35.813,15,49.102393,1.0,0.3510114844284531,18,0.505788522285378,0.37400000000000033,True
33.825,14,49.200246,1.0,0.3456328082627457,19,0.4797762602807002,0.3500000000000003,True
37.825,12,49.289537,1.0,0.34818398936085504,21,0.5074788264517923,0.3500000000000003,True
37.837,11,49.366586,0.875,0.42346871633455563,20,0.4512246406511619,0.3260000000000003,True
37.809,15,49.480867,1.0,0.3473193145288429,20,0.5065282816342018,0.38200000000000034,True
47.797,14,49.574868,1.0,0.34500871563291824,24,0.5187361471874798,0.40600000000000036,True
37.817,15,49.700607,1.0,0.3454795072165529,19,0.4943601525709787,0.3660000000000003,True
29.825,12,49.783806,1.0,0.3511744731269867,17,0.4927198623011438,0.3500000000000003,True
39.809,14,49.879843,1.0,0.3449887849049223,21,0.5005489667856732,0.38200000000000034,True
35.825,14,49.980567,1.0,0.3517788835454856,19,0.5056690386826271,0.3500000000000003,True
35.825,14,50.087479,1.0,0.3522128235905196,20,0.4906352040061257,0.3500000000000003,True
45.825,13,50.177888,1.0,0.3535828192591871,23,0.5094678555192447,0.3500000000000003,True
45.825,11,50.25769,1.0,0.3511849208036354,23,0.5170202478789613,0.3500000000000002,True
27.785,16,50.380827,1.0,0.34950203880705677,16,0.5006418712652242,0.4300000000000004,True
35.809,15,50.490582,1.0,0.3434801080836517,18,0.49404135390161746,0.38200000000000034,True
35.76,17,50.621495,1.0,0.3463085011087985,19,0.5069359823637117,0.4800000000000003,True
37.809,14,50.747592,1.0,0.3471136001822857,21,0.5166677932705359,0.38200000000000034,True
35.801,15,50.858029,1.0,0.3443405089350798,19,0.4978147462295614,0.39800000000000035,True
41.825,14,50.97177,1.0,0.35249580541413617,21,0.5178455074317274,0.3500000000000003,True
35.825,13,51.070063,1.0,0.349640396132609,20,0.5008502249342835,0.3500000000000003,True
31.785,16,51.199883,1.0,0.35172427404291284,17,0.48918363871129256,0.4300000000000004,True
35.773,18,51.325032,1.0,0.34115876821605934,19,0.5148754568633545,0.4540000000000004,True
43.813,15,51.447058,1.0,0.3433749180181277,22,0.5026984586849599,0.37400000000000033,True
31.789,15,51.553532,1.0,0.3422971319692092,19,0.5171067698741988,0.4220000000000004,True
41.817,14,51.650052,1.0,0.34750809883639433,21,0.520096583617591,0.3660000000000003,True
43.81,15,51.79461,1.0,0.3466726659121906,23,0.5132054043452365,0.38000000000000034,True
37.736,19,51.936423,1.0,0.348947615013408,20,0.5285011990928001,0.5280000000000005,True
47.809,15,52.04416,1.0,0.34591756587704997,24,0.502722691304645,0.38200000000000034,True
39.825,14,52.144362,1.0,0.3550253908222806,20,0.487378058501,0.3500000000000003,True
37.825,14,52.250028,1.0,0.34924481916483696,20,0.4789271899094824,0.3500000000000003,True
41.813,15,52.353009,1.0,0.34996071040890897,21,0.5150243914698956,0.37400000000000033,True
43.777,16,52.466209,1.0,0.3373652184442436,22,0.5308039420447178,0.4460000000000004,True
31.733,19,52.599967,1.0,0.3508323816553043,17,0.5074716500935602,0.5340000000000005,True
41.785,16,52.729472,1.0,0.3402282177464072,22,0.5217473249473944,0.4300000000000004,True
33.825,14,52.905364,1.0,0.35120552960081675,19,0.5102829836040718,0.3500000000000003,True
39.798,16,53.071789,1.0,0.3477036055736179,22,0.4993626073645361,0.40400000000000036,True
35.813,15,53.22964,1.0,0.3489260308085743,19,0.5169694739137516,0.37400000000000033,True
41.809,14,53.373333,1.0,0.34835025223466687,23,0.5191821629596542,0.38200000000000034,True
39.781,15,53.524161,1.0,0.3430744235544066,21,0.505741583516248,0.4380000000000004,True
47.825,13,53.66851,1.0,0.34896704196880723,24,0.4858043952578858,0.3500000000000003,True
39.805,14,53.81416,1.0,0.34691355540109914,20,0.5109605508522004,0.39000000000000035,True
39.813,15,53.981335,1.0,0.3469061382769921,20,0.5099843258026107,0.37400000000000033,True
45.809,15,54.150285,1.0,0.3514043259823811,24,0.52115782240559,0.38200000000000034,True
39.825,14,54.33133,1.0,0.34834107888538574,21,0.5176589605449581,0.3500000000000003,True
35.825,13,54.90839,1.0,0.3508647129611834,20,0.5056971902309237,0.3500000000000003,True
43.825,13,55.050897,1.0,0.3512274318570553,23,0.49632172941656116,0.3500000000000003,True
37.825,14,55.195585,1.0,0.34782313260883235,20,0.49621830180194776,0.3500000000000003,True
43.825,12,55.326184,1.0,0.35169903736986013,22,0.5066347715422062,0.3500000000000003,True
37.825,12,55.452713,1.0,0.34844647579609234,19,0.49678244942493804,0.3500000000000003,True
47.84,10,55.556114,0.953125,0.3820160617663233,24,0.49212930854084375,0.3200000000000002,True
41.813,13,55.686854,1.0,0.3461831931795896,23,0.5232656926992344,0.37400000000000033,True
43.805,14,55.832365,1.0,0.34395531691823333,22,0.5090708138515284,0.39000000000000035,True
43.825,11,55.959412,1.0,0.35376451267535974,25,0.5069809286025495,0.3500000000000002,True
29.793,16,56.140396,1.0,0.34807442641924174,17,0.5215050524111832,0.41400000000000037,True
37.832,11,56.259295,0.953125,0.3808783476830866,20,0.5182271055278844,0.3360000000000002,True
35.809,15,56.430854,1.0,0.33948070304340805,20,0.506176446268247,0.38200000000000034,True
25.825,14,56.595287,1.0,0.35110114640107143,15,0.5050385357819365,0.3500000000000003,True
41.825,14,56.763529,1.0,0.34926176008601406,23,0.4919223853937081,0.3500000000000003,True
39.797,15,56.943252,1.0,0.34550655502402583,21,0.5351122911072846,0.40600000000000036,True
45.825,13,57.064269,1.0,0.34948123241750634,23,0.49033108213881343,0.3500000000000003,True
39.825,14,57.192703,1.0,0.35061145125805226,20,0.4970681515920979,0.3500000000000003,True
45.825,14,57.302065,1.0,0.3513557561857674,23,0.49904719835702416,0.3500000000000003,True
37.794,16,57.423386,1.0,0.34660661734239195,20,0.4719127180557391,0.41200000000000037,True
39.805,14,57.526385,1.0,0.3476622540272115,22,0.5193559687381938,0.39000000000000035,True
43.809,15,57.636009,1.0,0.3438382322056776,22,0.517729710961419,0.38200000000000034,True
41.813,13,57.728337,1.0,0.3462863879214362,22,0.520395932322343,0.37400000000000033,True
37.809,15,57.838463,1.0,0.3474495965496498,21,0.5117992158409504,0.38200000000000034,True
33.793,14,57.944636,1.0,0.3432620712265474,19,0.5299459064373118,0.41400000000000037,True
45.825,14,58.046987,1.0,0.34833883600153326,23,0.4932847931685781,0.3500000000000003,True
41.825,12,58.152589,1.0,0.35529025986545093,21,0.5018608332792742,0.3500000000000003,True
31.825,14,58.259333,1.0,0.3519655311778489,20,0.5077974299990624,0.3500000000000003,True
43.81,15,58.371509,1.0,0.34832122350901573,22,0.5034618958313396,0.38000000000000034,True
41.785,16,58.497114,1.0,0.35559435723625976,22,0.49008220785597556,0.4300000000000004,True
41.809,14,58.597895,1.0,0.34809457246282094,21,0.495899546655709,0.38200000000000034,True
41.825,13,58.6884,1.0,0.34895752712174527,21,0.49239711763120053,0.3500000000000003,True
39.793,16,58.805752,1.0,0.3423853698162975,22,0.5111972647916144,0.41400000000000037,True
27.782,18,58.930567,1.0,0.33951200419016747,17,0.5403244861263139,0.4360000000000004,True
41.753,18,59.060191,1.0,0.34556790735738374,21,0.5218434405381932,0.49400000000000044,True
39.825,14,59.177067,1.0,0.35444165786127535,22,0.5034247915662322,0.3500000000000003,True
41.825,14,59.280427,1.0,0.353107161779328,21,0.47327612666086794,0.3500000000000003,True
43.825,14,59.382585,1.0,0.35524904426058335,23,0.5024842576760368,0.3500000000000003,True
31.825,14,59.489998,1.0,0.35446132392362306,19,0.5081846692414775,0.3500000000000003,True
37.813,15,59.595965,1.0,0.34871835186716416,20,0.5132283165358534,0.37400000000000033,True
37.777,17,59.717621,1.0,0.34117381540871067,19,0.5053292691232278,0.4460000000000004,True
43.84,10,59.791057,0.953125,0.3843922163201085,22,0.5021558736659889,0.3200000000000002,True
41.825,12,59.876138,1.0,0.34502572173885226,22,0.5072884589182899,0.3500000000000003,True
37.825,11,59.955292,1.0,0.35077355036009994,19,0.4813679270582319,0.3500000000000002,True
37.813,14,60.056426,1.0,0.3481853568294393,20,0.5231505083837985,0.37400000000000033,True
33.825,12,60.150029,1.0,0.3437977630673342,19,0.5059331426856001,0.3500000000000003,True
37.825,12,60.25534,1.0,0.35370883573468215,21,0.5075571602501007,0.3500000000000003,True
45.825,11,60.33223,1.0,0.34935390438524405,24,0.5023236311016388,0.3500000000000002,True
39.825,13,60.437505,1.0,0.3531870240221474,21,0.5093484108703756,0.3500000000000003,True
37.825,12,60.521009,1.0,0.3529736673073567,20,0.48359547653333,0.3500000000000003,True
47.809,14,60.621723,1.0,0.3467691656762497,24,0.4993588757993318,0.38200000000000034,True
43.809,13,60.714901,1.0,0.34571626641403364,23,0.5333318598632646,0.38200000000000034,True
35.825,11,60.797802,1.0,0.35291003811106814,19,0.500305087119711,0.3500000000000002,True
41.797,13,60.889381,1.0,0.34255934007758015,23,0.5304002755497709,0.40600000000000025,True
31.825,13,60.992189,1.0,0.3514165878795491,17,0.5018727259155032,0.3500000000000003,True
49.813,13,61.089568,1.0,0.346823177106245,25,0.5062671115303183,0.37400000000000033,True
41.801,14,61.200758,1.0,0.3435295374546738,21,0.5125342972925926,0.39800000000000035,True
43.781,15,61.321825,1.0,0.343366323357884,22,0.5275408803348378,0.4380000000000004,True
31.825,13,61.421399,1.0,0.35068029823099434,19,0.5059057417431286,0.3500000000000003,True
41.84,10,61.50243,0.953125,0.3841054384703082,21,0.49987844109637314,0.3200000000000002,True
39.865,9,61.567926,0.875,0.4346675982736127,20,0.5167117449705926,0.27000000000000024,True
43.825,13,61.664542,1.0,0.34976530856515076,22,0.4976479744843717,0.3500000000000003,True
35.825,14,61.781859,1.0,0.3543306431368834,20,0.49538520965142563,0.3500000000000003,True
39.797,14,61.878893,1.0,0.33838008792177754,21,0.5211898521183497,0.40600000000000036,True
37.813,15,61.994227,1.0,0.3468446862969621,19,0.5139083396538611,0.37400000000000033,True
35.825,12,62.096145,1.0,0.3495833774435988,19,0.48735169376711546,0.3500000000000003,True
37.813,14,62.197552,1.0,0.3462864227805992,20,0.5148603257680049,0.37400000000000033,True
41.809,13,62.306267,1.0,0.3514467165639989,22,0.5147806873527881,0.38200000000000034,True
45.749,17,62.455255,1.0,0.33062161896785747,24,0.546041371173208,0.5020000000000004,True
35.801,15,62.562924,1.0,0.3397742682160541,20,0.5246911596793287,0.39800000000000035,True
27.81,15,62.674981,1.0,0.34864691282671856,16,0.5153325060862604,0.38000000000000034,True
37.825,14,62.778153,1.0,0.35093235080392376,19,0.4935581712791703,0.3500000000000003,True
31.809,14,62.878628,1.0,0.3477261881128591,18,0.5291961349014085,0.38200000000000034,True
43.825,12,62.96993,1.0,0.3467845684582951,24,0.5207000565609199,0.3500000000000003,True
35.825,12,63.060067,1.0,0.34958823810425155,22,0.4936648356872305,0.3500000000000003,True
35.797,15,63.165107,1.0,0.34344142354858115,18,0.526357837032275,0.40600000000000036,True
41.825,12,63.258001,1.0,0.3524246564266963,23,0.4914470503289543,0.3500000000000003,True
29.769,17,63.402034,1.0,0.3449560391778979,17,0.5107659324644834,0.4620000000000004,True
39.825,12,63.492092,1.0,0.3539425474622358,21,0.4971213889640174,0.3500000000000003,True
39.797,13,63.582847,1.0,0.34293590269783114,21,0.5366312971138693,0.40600000000000025,True
37.825,11,63.667656,1.0,0.35082465400740775,20,0.4994685493759971,0.3500000000000002,True
29.825,12,63.752717,1.0,0.35134101658601213,16,0.5053232523723571,0.3500000000000003,True
35.84,10,63.822989,0.953125,0.38498586977345295,19,0.4816030967191517,0.3200000000000002,True
33.84,10,63.898421,0.953125,0.3773520559525767,18,0.42798725907705276,0.3200000000000002,True
45.797,15,64.003954,1.0,0.34887434708002896,24,0.5120542947708129,0.40600000000000036,True
41.825,12,64.096441,1.0,0.35562437022928683,24,0.5171081153201226,0.3500000000000003,True
43.825,11,64.175941,1.0,0.3503393825815868,23,0.4970518477630803,0.3500000000000002,True
43.793,13,64.271432,1.0,0.34722712914079756,22,0.5181054202819202,0.41400000000000026,True
39.809,13,64.383512,1.0,0.3462726817048465,21,0.5044153277887241,0.38200000000000034,True
39.809,13,64.481079,1.0,0.3435141685646681,23,0.5035790297602931,0.38200000000000034,True
37.813,12,64.566791,1.0,0.343587875341063,20,0.5161975126902445,0.3740000000000002,True
37.817,14,64.662471,1.0,0.3496316878237755,19,0.5113436493294802,0.3660000000000003,True
41.825,12,64.747529,1.0,0.3556003667976794,21,0.5138919877594105,0.3500000000000003,True
45.813,14,64.849562,1.0,0.3429397307045006,24,0.5221463684939546,0.37400000000000033,True
39.825,14,65.253414,1.0,0.3453256732667852,21,0.5113435122358347,0.3500000000000003,True
43.825,14,65.354853,1.0,0.3511219828621083,22,0.5234156518419247,0.3500000000000003,True
43.81,15,65.485108,1.0,0.34878293383944103,22,0.4830010113287662,0.38000000000000034,True
37.809,15,65.613509,1.0,0.34575106474156303,19,0.515402969778362,0.38200000000000034,True
31.825,12,65.697543,1.0,0.352500423716205,20,0.5117757037932347,0.3500000000000003,True
41.781,16,65.808851,1.0,0.33785377804782474,21,0.5246324092526442,0.4380000000000004,True
37.778,17,65.929168,1.0,0.3472377097030838,19,0.5181520791042509,0.4440000000000004,True
39.781,14,66.025148,1.0,0.3426207736535812,20,0.5320756037137611,0.4380000000000003,True
39.825,13,66.123649,1.0,0.34971289102871284,21,0.5075548291173588,0.3500000000000003,True
35.809,12,66.207933,1.0,0.34971138029033905,19,0.5302531214721039,0.38200000000000023,True
37.769,16,66.314188,1.0,0.3399520095309725,19,0.5090902866591487,0.4620000000000003,True
43.84,10,66.389743,0.953125,0.3786230095103974,24,0.5026700893785011,0.3200000000000002,True
41.761,17,66.517599,1.0,0.3399075473606018,21,0.5071993905375328,0.4780000000000004,True
35.801,16,66.626939,1.0,0.34434957361733187,19,0.5221214538082447,0.39800000000000035,True
45.825,12,66.708467,1.0,0.3497826378851884,24,0.4984162230839678,0.3500000000000003,True
41.793,15,66.81392,1.0,0.34039812320048457,21,0.5053385616374964,0.41400000000000037,True
35.813,14,66.910053,1.0,0.3496314341528518,21,0.5093218111794287,0.37400000000000033,True
41.813,14,67.069639,1.0,0.3492120865654189,23,0.5256264998841089,0.37400000000000033,True
41.793,14,67.215977,1.0,0.34477155055992575,22,0.5151990097028654,0.41400000000000037,True
43.825,12,67.347908,1.0,0.3510953419984667,23,0.5054211432134692,0.3500000000000003,True
41.865,9,67.450211,0.875,0.43591767256325287,21,0.4840459286066652,0.27000000000000024,True
35.797,14,67.595527,1.0,0.34742381351545903,19,0.5296391717878189,0.40600000000000036,True
49.825,13,67.730658,1.0,0.3486342142085644,25,0.48567614253044833,0.3500000000000003,True
41.825,13,67.864191,1.0,0.35114889650080194,23,0.5128572342382003,0.3500000000000003,True
41.825,11,67.971296,1.0,0.35297082105895583,23,0.4894652862384816,0.3500000000000002,True
43.813,14,68.115357,1.0,0.3439258581945318,23,0.5266804509301783,0.37400000000000033,True
35.809,15,68.271665,1.0,0.3440009809960949,18,0.5162820075651637,0.38200000000000034,True
37.794,16,68.455211,1.0,0.3474131704651931,20,0.5207623227042351,0.41200000000000037,True
35.793,15,68.63242,1.0,0.33854388342995767,21,0.5171381757569015,0.41400000000000037,True
35.825,13,68.773605,1.0,0.34958224755627854,20,0.503938891766784,0.3500000000000003,True
39.793,15,68.921683,1.0,0.3425836664097983,20,0.5249154061760151,0.41400000000000037,True
37.801,15,69.069373,1.0,0.3390301203354922,21,0.5341818253642676,0.39800000000000035,True
43.805,12,69.192402,1.0,0.34517841160054374,22,0.5148659272428728,0.39000000000000024,True
41.81,15,69.353657,1.0,0.35245712762366826,22,0.5137113554657721,0.38000000000000034,True
33.825,14,69.493604,1.0,0.3467786172509799,18,0.49802407524712733,0.3500000000000003,True
39.797,16,69.662707,1.0,0.34859420361196053,21,0.5029871719754225,0.40600000000000036,True
39.809,15,69.819359,1.0,0.3456443083420148,20,0.5107729694250109,0.38200000000000034,True
39.76,17,69.987671,1.0,0.35027617135631695,20,0.5023744461710897,0.4800000000000003,True
35.809,15,70.169497,1.0,0.34598675740220863,19,0.5084220029691726,0.38200000000000034,True
45.805,14,70.317484,1.0,0.3430154814064301,24,0.5395530001228057,0.39000000000000035,True
37.825,14,70.46508,1.0,0.35263156069013313,19,0.5145652562428633,0.3500000000000003,True
43.793,16,70.650501,1.0,0.34574153786294964,23,0.5273686806207342,0.41400000000000037,True
37.813,15,70.842062,1.0,0.3462538990493476,20,0.5064070204166264,0.37400000000000033,True
43.817,14,71.009347,1.0,0.3535108594428248,23,0.5216070531944191,0.3660000000000003,True
41.825,13,71.138123,1.0,0.3501333268600143,21,0.4871633343271321,0.3500000000000003,True
39.781,17,71.270642,1.0,0.3429505421963652,21,0.5440189404404346,0.4380000000000004,True
41.797,16,71.384367,1.0,0.34125763607800336,21,0.5408748613480359,0.40600000000000036,True
45.825,13,71.475659,1.0,0.34945991927766296,23,0.5078692626731514,0.3500000000000003,True
47.809,15,71.593874,1.0,0.3539666451343078,24,0.5016119365295014,0.38200000000000034,True
47.801,16,71.708367,1.0,0.3422018097398072,24,0.5112727634536589,0.39800000000000035,True
39.805,15,71.844448,1.0,0.34688548008733594,22,0.512957894907603,0.39000000000000035,True
35.825,14,71.941098,1.0,0.347870238869117,18,0.491065892041296,0.3500000000000003,True
41.825,14,72.058342,1.0,0.3527465512319639,21,0.5069980850798473,0.3500000000000003,True
49.809,13,72.155707,1.0,0.352759881191447,25,0.5154703627194634,0.38200000000000034,True
43.825,13,72.250288,1.0,0.3491704045555458,23,0.5017997237617489,0.3500000000000003,True
41.781,16,72.37876,1.0,0.34433018823084416,22,0.5135930455919506,0.4380000000000004,True
39.84,10,72.453031,0.953125,0.3842626896391656,21,0.48589900181621587,0.3200000000000002,True
41.793,15,72.552898,1.0,0.3402403199465489,21,0.5233918957300614,0.41400000000000037,True
37.825,14,72.651875,1.0,0.3536271494421196,20,0.48952747901518756,0.3500000000000003,True
39.809,14,72.749575,1.0,0.3497030416329156,23,0.5103592190857568,0.38200000000000034,True
37.761,17,72.878676,1.0,0.3380392272323828,19,0.5212176251040117,0.4780000000000004,True
39.825,12,72.965138,1.0,0.35165576012700234,20,0.4897489229046915,0.3500000000000003,True
43.793,15,73.063683,1.0,0.34435901912945344,22,0.48800370541681737,0.41400000000000037,True
41.777,17,73.182048,1.0,0.33502276845049844,21,0.5197713076218244,0.4460000000000004,True
35.825,13,73.274106,1.0,0.35011700786154937,19,0.4927840300676344,0.3500000000000003,True
43.813,15,73.382249,1.0,0.35000208096207674,22,0.51584212047065,0.37400000000000033,True
45.793,15,73.491056,1.0,0.3400401093369035,24,0.5003303886236853,0.41400000000000037,True
41.762,18,73.616072,1.0,0.33940376828209673,21,0.51855690472536,0.4760000000000004,True
35.825,13,73.711804,1.0,0.3508886103241974,19,0.5047607555598713,0.3500000000000003,True
33.794,16,73.845236,1.0,0.3516408524450814,18,0.49949116947772165,0.41200000000000037,True
43.797,15,73.951398,1.0,0.3434119223003786,22,0.5346738080901097,0.40600000000000036,True
45.813,14,74.0446,1.0,0.34949199324630337,23,0.49920535791930654,0.37400000000000033,True
45.825,14,74.142615,1.0,0.35041502261042484,23,0.4957838860995022,0.3500000000000003,True
41.785,16,74.257701,1.0,0.35058724731329244,23,0.4942190541249341,0.4300000000000004,True
41.781,17,74.376124,1.0,0.34273969841518026,22,0.48863205881460503,0.4380000000000004,True
35.81,15,74.489234,1.0,0.3558788957296428,18,0.5157412859749567,0.38000000000000034,True
41.801,16,74.602031,1.0,0.3445324264460574,21,0.4872712722240776,0.39800000000000035,True
35.794,16,74.71746,1.0,0.348984508192033,20,0.5181354317586563,0.41200000000000037,True
39.794,16,74.828935,1.0,0.3436056785493702,20,0.5115159475721022,0.41200000000000037,True
37.769,18,74.964169,1.0,0.3445436938740352,19,0.49376369756540855,0.4620000000000004,True
41.809,14,75.06325,1.0,0.34779255359730754,23,0.5145876579490656,0.38200000000000034,True
33.797,16,75.184382,1.0,0.34276549262304723,19,0.5248737871355025,0.40600000000000036,True
39.809,15,75.295247,1.0,0.3502796456507774,20,0.5190865710524213,0.38200000000000034,True
39.825,11,75.376171,1.0,0.35418542276514897,23,0.49973294463748086,0.3500000000000002,True
41.797,15,75.490216,1.0,0.3407500687219702,23,0.5212250390973866,0.40600000000000036,True
47.809,15,75.60655,1.0,0.3456371096076456,25,0.5236408686509976,0.38200000000000034,True
41.793,15,75.719355,1.0,0.34521029611707876,21,0.5136558646975546,0.41400000000000037,True
35.825,14,76.253681,1.0,0.3515141553040779,19,0.4908698190942313,0.3500000000000003,True
47.825,14,76.359701,1.0,0.35210097464427775,25,0.4932658145246618,0.3500000000000003,True
37.809,14,76.46478,1.0,0.3456376637824393,20,0.520177255157691,0.38200000000000034,True
35.809,15,76.575459,1.0,0.345091418529745,21,0.5259685582892858,0.38200000000000034,True
37.809,14,76.682558,1.0,0.3422509168992438,20,0.5094479029717832,0.38200000000000034,True
37.825,13,76.778932,1.0,0.35400021816037497,20,0.5063737881431206,0.3500000000000003,True
33.801,16,76.89963,1.0,0.3437220207398576,19,0.5144948639493799,0.39800000000000035,True
35.825,14,77.018367,1.0,0.34736348951700424,20,0.5108110256500672,0.3500000000000003,True
43.813,13,77.110266,1.0,0.34382467484478346,23,0.4951062675967254,0.37400000000000033,True
35.825,11,77.193917,1.0,0.3498890672945738,21,0.4879972248168661,0.3500000000000002,True
47.825,12,77.277979,1.0,0.35145707504444956,24,0.5131876354716328,0.3500000000000003,True
39.797,15,77.385255,1.0,0.3533884849594233,20,0.5344179237183851,0.40600000000000036,True
43.805,14,77.481254,1.0,0.347094984165496,24,0.4941265999225625,0.39000000000000035,True
37.797,15,77.584769,1.0,0.3464783587889058,20,0.5191726535000082,0.40600000000000036,True
35.797,15,77.686708,1.0,0.3431953014434217,18,0.5045705683869303,0.40600000000000036,True
39.825,13,77.776479,1.0,0.3515480588412703,22,0.4959042484369419,0.3500000000000003,True
41.813,13,77.862576,1.0,0.3481797110701732,23,0.5039092538699788,0.37400000000000033,True
45.797,14,77.958942,1.0,0.34062763709584754,23,0.507156360380511,0.40600000000000036,True
41.769,17,78.090664,1.0,0.337819543593614,21,0.5545573708591662,0.4620000000000004,True
39.773,18,78.215818,1.0,0.3388824746333909,21,0.5493062267393651,0.4540000000000004,True
43.781,16,78.328651,1.0,0.3446379433241092,22,0.5270181575743356,0.4380000000000004,True
27.778,17,78.450073,1.0,0.3430512747439003,15,0.5263467802448372,0.4440000000000004,True
43.749,17,78.562393,1.0,0.3367930775118589,24,0.5208642019061034,0.5020000000000004,True
33.809,15,78.666466,1.0,0.34501564926763967,18,0.501053452472197,0.38200000000000034,True
45.809,14,78.761665,1.0,0.35003064878576595,24,0.5285176157736808,0.38200000000000034,True
43.809,13,78.853888,1.0,0.3440253766111472,22,0.5209250098776038,0.38200000000000034,True
41.825,14,78.953183,1.0,0.3533787673639631,21,0.486851207861493,0.3500000000000003,True
41.797,16,79.077301,1.0,0.34558992423170065,22,0.5240173571894475,0.40600000000000036,True
39.825,13,79.166196,1.0,0.35262635835848216,20,0.48368161918460006,0.3500000000000003,True
39.785,15,79.27563,1.0,0.34246233740430776,20,0.5285360391889657,0.4300000000000004,True
35.753,18,79.416137,1.0,0.34435343824366815,21,0.5205000356526656,0.49400000000000044,True
37.809,14,79.507766,1.0,0.35008010096912456,21,0.5117067137083235,0.38200000000000034,True
43.793,15,79.607981,1.0,0.344250277654913,23,0.49839440968025384,0.41400000000000037,True
39.813,15,79.713649,1.0,0.34976315825251886,20,0.5257856078282033,0.37400000000000033,True
35.825,13,79.808861,1.0,0.3483837625879892,19,0.5019823776800584,0.3500000000000003,True
37.778,17,79.926509,1.0,0.3426626429618057,19,0.5349960985660972,0.4440000000000004,True
37.744,18,80.06293,1.0,0.34941203308286567,21,0.5211612825509472,0.5120000000000005,True
43.809,15,80.180804,1.0,0.3486268510926358,22,0.5168149380704974,0.38200000000000034,True
33.794,16,80.293816,1.0,0.3487777674540693,17,0.5123785540562226,0.41200000000000037,True
35.793,15,80.412773,1.0,0.3471569461565518,19,0.5308559980885262,0.41400000000000037,True
39.809,15,80.518238,1.0,0.34765004417112444,20,0.5086572905623441,0.38200000000000034,True
39.778,17,80.635566,1.0,0.3423765144876059,22,0.5115346975868884,0.4440000000000004,True
41.825,12,80.722144,1.0,0.3459037357761745,21,0.5034384960669395,0.3500000000000003,True
33.81,15,80.826495,1.0,0.345691539368375,20,0.4861105800402743,0.38000000000000034,True
37.793,15,80.930146,1.0,0.34628306887748295,21,0.5352276807767806,0.41400000000000037,True
41.797,15,81.035003,1.0,0.34130708052042447,21,0.5279798317088141,0.40600000000000036,True
43.809,15,81.199514,1.0,0.3469309321955698,22,0.513446681329865,0.38200000000000034,True
43.825,13,81.344788,1.0,0.34554574305809777,23,0.5130858637904856,0.3500000000000003,True
45.753,18,81.529139,1.0,0.3355166975959963,24,0.5516964930127637,0.49400000000000044,True
47.825,14,81.668253,1.0,0.3493619542168619,24,0.49687535856693965,0.3500000000000003,True
39.793,16,81.820494,1.0,0.34529954649133676,20,0.5270870990973104,0.41400000000000037,True
37.793,16,81.99847,1.0,0.3441953280977653,19,0.525233608271747,0.41400000000000037,True
37.797,15,82.166899,1.0,0.3458057337107732,20,0.5205898680133136,0.40600000000000036,True
33.781,16,82.365314,1.0,0.33854269054101827,19,0.5179452388466276,0.4380000000000004,True
45.825,13,82.516709,1.0,0.3513991059430774,23,0.5117383041855091,0.3500000000000003,True
33.797,15,82.690114,1.0,0.3447150068534711,19,0.5145183976652649,0.40600000000000036,True
45.797,16,82.877366,1.0,0.344348432295572,23,0.5105403471222449,0.40600000000000036,True
35.753,18,83.051268,1.0,0.336677261365784,20,0.5105760535859367,0.49400000000000044,True
45.801,15,83.200961,1.0,0.3441541127318668,23,0.5128148885842141,0.39800000000000035,True
47.793,16,83.396265,1.0,0.3414439849768316,24,0.5126341537759206,0.41400000000000037,True
35.781,17,83.564836,1.0,0.3425479925973707,18,0.5363602725299988,0.4380000000000004,True
39.797,15,83.708231,1.0,0.34809980389221656,20,0.5264763490890638,0.40600000000000036,True
35.825,13,83.838584,1.0,0.350034680020068,19,0.4920978632054874,0.3500000000000003,True
39.79,16,83.987682,1.0,0.3475443297047464,20,0.5231079187762429,0.4200000000000004,True
41.813,15,84.136725,1.0,0.3450679736794713,21,0.4997115701035343,0.37400000000000033,True
45.75,19,84.358884,1.0,0.33364208349815105,24,0.5526211062840966,0.5000000000000004,True
39.778,17,84.549516,1.0,0.34179994746435904,21,0.5124161414746464,0.4440000000000004,True
45.781,17,84.731616,1.0,0.34330953566156647,23,0.5208679647845603,0.4380000000000004,True
41.809,14,84.895422,1.0,0.3468857523747989,22,0.5260444376987921,0.38200000000000034,True
41.801,15,85.065773,1.0,0.3395427370551295,21,0.5227076735815636,0.39800000000000035,True
43.825,13,85.211658,1.0,0.351827422961548,23,0.4808023179271786,0.3500000000000003,True
43.813,15,85.333974,1.0,0.34590633916501945,22,0.5136910712058307,0.37400000000000033,True
39.782,17,85.461514,1.0,0.34325674794853467,21,0.5439863053882736,0.4360000000000004,True
35.794,16,85.587343,1.0,0.3420825238582319,18,0.5222312316445588,0.41200000000000037,True
39.81,15,85.692622,1.0,0.34572205977281567,22,0.4992473963281859,0.38000000000000034,True
41.809,15,85.796345,1.0,0.3511908374236026,21,0.5000076264040505,0.38200000000000034,True
41.825,13,85.89074,1.0,0.3497450711279013,22,0.5078525398387828,0.3500000000000003,True
41.797,16,86.000512,1.0,0.34196804740933445,21,0.5319608673098238,0.40600000000000036,True
39.797,16,86.110833,1.0,0.34474157791709326,20,0.5043100020595517,0.40600000000000036,True
41.805,15,86.223604,1.0,0.3449263646527375,22,0.5010725026961712,0.39000000000000035,True
39.785,16,86.350374,1.0,0.34313617150281717,21,0.5360735116281832,0.4300000000000004,True
41.825,12,86.436162,1.0,0.3499468297461399,22,0.49245454136155986,0.3500000000000003,True
45.825,12,86.539216,1.0,0.3470200489266352,23,0.4785102815441266,0.3500000000000003,True
45.801,14,86.973217,1.0,0.34378079998101435,24,0.5113639846159269,0.39800000000000035,True
37.825,14,87.075544,1.0,0.352342466198686,20,0.4979348775071273,0.3500000000000003,True
29.721,20,87.229653,1.0,0.33605226385588055,18,0.5085463664264013,0.5580000000000005,True
39.84,10,87.312228,0.953125,0.3776419951024219,20,0.44704351545691645,0.3200000000000002,True
45.801,15,87.430151,1.0,0.3444232160723638,24,0.5162912432883541,0.39800000000000035,True
43.793,14,87.526534,1.0,0.3401875119595801,22,0.5150384238651609,0.41400000000000037,True
39.801,14,87.639738,1.0,0.34409483979000494,20,0.5261967473853871,0.39800000000000035,True
37.825,13,87.733632,1.0,0.3517452613157397,20,0.4892057483488891,0.3500000000000003,True
33.809,15,87.842372,1.0,0.3450856204677659,17,0.5129898905342543,0.38200000000000034,True
37.809,15,87.94869,1.0,0.34704811021137305,21,0.5100993356410203,0.38200000000000034,True
37.825,13,88.037619,1.0,0.35281975503635676,19,0.4888752985992059,0.3500000000000003,True
41.789,13,88.130375,1.0,0.3464660750927721,25,0.5267282341905828,0.42200000000000026,True
43.809,15,88.230397,1.0,0.34629627945810215,22,0.5092177982631282,0.38200000000000034,True
33.797,16,88.351707,1.0,0.34330889443285784,18,0.5429318503906184,0.40600000000000036,True
37.757,16,88.4682,1.0,0.3362900070672866,20,0.5277567604582655,0.48600000000000043,True
31.813,14,88.562505,1.0,0.3469117142189227,19,0.5269271030903149,0.37400000000000033,True
41.789,15,88.68526,1.0,0.34184895649090674,22,0.5323012068241598,0.4220000000000004,True
31.781,16,88.80052,1.0,0.33778368241426987,18,0.5336458286160614,0.4380000000000004,True
33.813,15,88.907352,1.0,0.34685440070840273,18,0.5033743684463958,0.37400000000000033,True
37.737,18,89.035958,1.0,0.33689695858094754,20,0.5014686147363074,0.5260000000000005,True
37.789,17,89.157529,1.0,0.34182658288445233,20,0.5465330970950335,0.4220000000000004,True
39.805,15,89.258124,1.0,0.342761433064512,21,0.5035518016979131,0.39000000000000035,True
39.813,14,89.356992,1.0,0.3459291871272524,21,0.5140648281026687,0.37400000000000033,True
39.84,10,89.431535,0.953125,0.3810973450888152,20,0.4934608980028904,0.3200000000000002,True
39.789,16,89.531636,1.0,0.34346050813497286,21,0.5024061003791347,0.4220000000000004,True
33.793,15,89.655246,1.0,0.3436448647788989,19,0.5206611920845142,0.41400000000000037,True
35.805,16,89.76565,1.0,0.34358833988039705,19,0.4973147425619615,0.39000000000000035,True
43.805,16,89.873092,1.0,0.342513755081284,23,0.5161887510016899,0.39000000000000035,True
41.733,19,89.996416,1.0,0.3371306755060502,22,0.4913155810492762,0.5340000000000005,True
35.825,14,90.094336,1.0,0.349143638201558,18,0.49246418513007567,0.3500000000000003,True
37.781,16,90.221559,1.0,0.3397093394957899,20,0.5324690303872156,0.4380000000000004,True
41.805,15,90.33426,1.0,0.3453319575346761,22,0.5081307542983543,0.39000000000000035,True
39.785,17,90.465437,1.0,0.3389292455961229,22,0.5380453815502384,0.4300000000000004,True
41.809,15,90.563207,1.0,0.34569144104788213,23,0.5020235396792635,0.38200000000000034,True
37.79,17,90.697515,1.0,0.3406663674076187,20,0.543078867886769,0.4200000000000004,True
41.798,16,90.810665,1.0,0.34831835068182687,22,0.5067461407487737,0.40400000000000036,True
41.809,15,90.915237,1.0,0.35070784082886464,23,0.5232198138356144,0.38200000000000034,True
41.809,15,91.020622,1.0,0.3446450133883344,22,0.4973193454270736,0.38200000000000034,True
45.825,14,91.120126,1.0,0.35141122971464583,23,0.49073482270195645,0.3500000000000003,True
41.825,12,91.202174,1.0,0.3574024217445071,21,0.506522251166949,0.3500000000000003,True
45.813,13,91.293,1.0,0.34337265215856805,23,0.500972234187583,0.37400000000000033,True
35.769,17,91.418131,1.0,0.3526649193332562,19,0.5041446198741454,0.4620000000000004,True
35.781,17,91.541019,1.0,0.33734443382812784,18,0.5324993768915353,0.4380000000000004,True
39.786,17,91.655071,1.0,0.3414457942530108,21,0.5224951785314901,0.4280000000000004,True
33.785,16,91.786029,1.0,0.34848197941562353,18,0.5035307241338521,0.4300000000000004,True
43.797,15,91.893727,1.0,0.3466697073892854,23,0.5249827309204893,0.40600000000000036,True
33.797,16,92.001653,1.0,0.3427640691710714,18,0.5310071070967249,0.40600000000000036,True
47.809,14,92.114037,1.0,0.3461116364194683,24,0.5063224649959006,0.38200000000000034,True
35.825,11,92.189471,1.0,0.3471113740574262,19,0.5089838451769372,0.3500000000000002,True
41.769,18,92.315933,1.0,0.34487148144363433,21,0.5260605163999669,0.4620000000000004,True
41.825,14,92.420501,1.0,0.3484135681611284,22,0.5068400771190809,0.3500000000000003,True
49.773,17,92.528502,1.0,0.34153929267403443,25,0.48457160706374275,0.4540000000000004,True
45.785,16,92.679709,1.0,0.3349129428084118,24,0.5216070609544899,0.4300000000000004,True
33.797,16,92.802561,1.0,0.3451270193507286,17,0.539856316100562,0.40600000000000036,True
45.793,16,92.913097,1.0,0.34332529878153895,23,0.532693649678976,0.41400000000000037,True
41.794,16,93.033099,1.0,0.3415647324783531,21,0.5003479097690465,0.41200000000000037,True
41.748,18,93.161433,1.0,0.349541713601744,21,0.49323979426294123,0.5040000000000004,True
43.709,21,93.302389,1.0,0.3295853271728499,22,0.5593642433205877,0.5820000000000005,True
47.769,18,93.437783,1.0,0.33376938130123907,24,0.5150200011942822,0.4620000000000004,True
33.825,13,93.524087,1.0,0.3482362776563943,19,0.5094225507416437,0.3500000000000003,True
43.785,17,93.64351,1.0,0.3464504700009713,24,0.5006727638139353,0.4300000000000004,True
41.718,22,93.808032,1.0,0.3279939397949818,22,0.5968507778712249,0.5640000000000005,True
39.825,14,93.907686,1.0,0.3503765796881875,22,0.49282249603025535,0.3500000000000003,True
41.713,21,94.047472,1.0,0.34096917793319914,21,0.5187889221255462,0.5740000000000005,True
43.774,17,94.162261,1.0,0.34280423930327825,22,0.5273805607204336,0.4520000000000004,True
41.797,16,94.270192,1.0,0.3413186185699908,22,0.5232695124024936,0.40600000000000036,True
29.717,20,94.415617,1.0,0.34148684088825115,17,0.5116248396420828,0.5660000000000005,True
47.765,18,94.536221,1.0,0.342031678224441,25,0.511258790540754,0.4700000000000004,True
39.757,19,94.66692,1.0,0.33695575979599346,22,0.5228397204713711,0.48600000000000043,True
37.777,17,94.778511,1.0,0.3439189924837961,20,0.49523147311416277,0.4460000000000004,True
39.765,17,94.90752,1.0,0.334580720367189,20,0.5405612807464295,0.4700000000000004,True
37.778,17,95.032994,1.0,0.3502842228536368,19,0.5078941456591275,0.4440000000000004,True
37.825,14,95.13341,1.0,0.3472903330163891,20,0.5095373871741965,0.3500000000000003,True
43.825,14,95.233213,1.0,0.3537847676741146,22,0.502092203233291,0.3500000000000003,True
39.813,14,95.398326,1.0,0.3522488790189473,21,0.5073934181526287,0.37400000000000033,True
37.797,16,95.565634,1.0,0.34093270666015474,21,0.5019021430454823,0.40600000000000036,True
43.809,14,95.711231,1.0,0.3482321581659288,22,0.5066358781182385,0.38200000000000034,True
39.778,17,95.889992,1.0,0.34244642180989643,21,0.5184504543806931,0.4440000000000004,True
51.769,17,96.049747,1.0,0.343719834627658,26,0.5148962179748473,0.4620000000000004,True
41.825,14,96.196718,1.0,0.356497060618185,22,0.5012417205368309,0.3500000000000003,True
39.701,22,96.979424,1.0,0.33506550276180835,20,0.5330769416454771,0.5980000000000005,True
41.825,13,97.139966,1.0,0.34988543193830746,21,0.49354440990429516,0.3500000000000003,True
41.797,15,97.287979,1.0,0.34534121068949575,21,0.5324769945908447,0.40600000000000036,True
37.801,15,97.455638,1.0,0.3458178074242943,20,0.49051271736827873,0.39800000000000035,True
37.813,15,97.6013,1.0,0.34445973387225914,22,0.5147627354116208,0.37400000000000033,True
45.757,19,97.79269,1.0,0.335789404670769,23,0.514536404485465,0.48600000000000043,True
39.793,16,97.949518,1.0,0.338038352597573,21,0.539811017546538,0.41400000000000037,True
35.793,15,98.10521,1.0,0.3448396788473356,19,0.5288177464929247,0.41400000000000037,True
47.745,18,98.27912,1.0,0.34042100366410705,24,0.5090178620109154,0.5100000000000005,True
39.753,18,98.474958,1.0,0.33977686159059717,21,0.4970822782909431,0.49400000000000044,True
39.798,16,98.651854,1.0,0.34423909871464553,21,0.5186445183691172,0.40400000000000036,True
39.781,17,98.832225,1.0,0.33847347568345987,21,0.5446304439474596,0.4380000000000004,True
41.773,18,99.034285,1.0,0.3378700885934194,22,0.5266208162426499,0.4540000000000004,True
43.789,16,99.225165,1.0,0.34138714317229985,23,0.5361937575237926,0.4220000000000004,True
41.773,17,99.423744,1.0,0.3386187043538146,22,0.5521440590380082,0.4540000000000004,True
45.825,14,99.560224,1.0,0.3533558591402919,23,0.49042127137810954,0.3500000000000003,True
43.813,14,99.657807,1.0,0.3449432397909245,23,0.5065136840591513,0.37400000000000033,True
39.753,19,99.78855,1.0,0.3420597372598826,22,0.5144383143346838,0.49400000000000044,True
43.734,20,99.930926,1.0,0.33483479924698106,22,0.5314906568953951,0.5320000000000005,True
39.769,18,100.058641,1.0,0.33526793387645515,20,0.5263904691561193,0.4620000000000004,True
35.781,17,100.187945,1.0,0.34652389043765963,19,0.507003089617762,0.4380000000000004,True
41.785,17,100.310939,1.0,0.33966114353039284,22,0.5460430672434318,0.4300000000000004,True
37.825,14,100.417721,1.0,0.3476689738590287,19,0.5092313589469495,0.3500000000000003,True
33.825,13,100.511598,1.0,0.3547771784193275,17,0.5137770884459901,0.3500000000000003,True
41.733,22,100.655081,1.0,0.32835007898299695,22,0.5384626971680733,0.5340000000000005,True
33.801,16,100.767142,1.0,0.33806685773801204,18,0.5225846228588383,0.39800000000000035,True
37.805,15,100.868978,1.0,0.3436279912517253,20,0.5014313498476868,0.39000000000000035,True
41.777,16,100.97655,1.0,0.3414826862336254,22,0.5265943518913103,0.4460000000000004,True
43.773,17,101.093939,1.0,0.3378790563119387,23,0.5208432360082214,0.4540000000000004,True
41.773,17,101.215418,1.0,0.3335837832614054,22,0.5418733051745241,0.4540000000000004,True
41.781,16,101.340501,1.0,0.3407919455792764,22,0.5393407701067786,0.4380000000000004,True
41.81,15,101.451256,1.0,0.3501964528827265,23,0.49355783907992623,0.38000000000000034,True
37.754,19,101.585069,1.0,0.33481517792642607,20,0.5335531307815065,0.49200000000000044,True
39.813,15,101.690832,1.0,0.3510827532572458,20,0.5104411662166672,0.37400000000000033,True
33.797,16,101.798438,1.0,0.34245978878067895,18,0.5270086021947431,0.40600000000000036,True
43.813,14,101.900081,1.0,0.3421866292326398,23,0.5059978715781642,0.37400000000000033,True
37.813,15,102.005534,1.0,0.34800143987030296,21,0.5138150157306558,0.37400000000000033,True
43.81,15,102.120381,1.0,0.34934904441847237,23,0.48393193203772245,0.38000000000000034,True
39.769,16,102.231969,1.0,0.34230536275906126,21,0.5028382774172357,0.4620000000000004,True
37.825,14,102.347454,1.0,0.34842846916108794,20,0.4920779408148037,0.3500000000000003,True
39.789,15,102.47071,1.0,0.34641864478441065,21,0.5183133131509743,0.4220000000000004,True
39.746,19,102.599777,1.0,0.33911823828476223,20,0.5231539194291467,0.5080000000000005,True
33.797,16,102.720526,1.0,0.3445354830584723,17,0.5024556719796205,0.40600000000000036,True
37.785,16,102.83088,1.0,0.3367831589650936,20,0.5308206374510195,0.4300000000000004,True
35.825,14,102.933228,1.0,0.35536100992420355,19,0.49979903439211054,0.3500000000000003,True
37.81,15,103.048794,1.0,0.35524024751064565,20,0.4928552365012458,0.38000000000000034,True
41.797,16,103.166165,1.0,0.3451872945269795,22,0.51834372636664,0.40600000000000036,True
41.769,18,103.320361,1.0,0.3396924451255178,21,0.5408268238791201,0.4620000000000004,True
45.781,17,103.442654,1.0,0.34284324947267686,24,0.4995688313078457,0.4380000000000004,True
45.809,15,103.543867,1.0,0.352612214247586,24,0.4951365260840782,0.38200000000000034,True
37.813,15,103.648921,1.0,0.34849339222872516,21,0.5114708069229478,0.37400000000000033,True
37.749,19,103.783296,1.0,0.33269220149968054,19,0.561435365345043,0.5020000000000004,True
33.765,18,103.911272,1.0,0.3347345619372298,20,0.521353253884321,0.4700000000000004,True
35.782,17,104.039143,1.0,0.3436694794797679,19,0.5370950978388801,0.4360000000000004,True
39.809,15,104.145842,1.0,0.35009073149375963,20,0.5155452914615597,0.38200000000000034,True
29.77,18,104.272375,1.0,0.34469195467118674,16,0.5137798670148386,0.4600000000000004,True
39.705,21,104.442456,1.0,0.33558673293615704,20,0.5233416248778698,0.5900000000000005,True
31.754,19,104.574106,1.0,0.3437493745535547,19,0.527054337862981,0.49200000000000044,True
41.825,14,104.673206,1.0,0.348785643440959,21,0.4941658469012659,0.3500000000000003,True
33.653,24,104.841772,1.0,0.33465711818936145,18,0.5586899659301251,0.6940000000000006,True
43.761,17,104.955514,1.0,0.3368040803867287,25,0.5109370173296978,0.4780000000000004,True
43.802,16,105.062688,1.0,0.3485354608784948,22,0.5113956061139995,0.39600000000000035,True
45.825,14,105.155623,1.0,0.3502425013402223,23,0.49869243679679276,0.3500000000000003,True
35.809,15,105.260203,1.0,0.3521834689464433,21,0.5139558863411928,0.38200000000000034,True
37.785,17,105.398021,1.0,0.3436157875549326,20,0.4982060991966407,0.4300000000000004,True
43.825,13,105.489615,1.0,0.35199250392338605,22,0.508496096766209,0.3500000000000003,True
31.725,21,105.631414,1.0,0.34831541431879476,17,0.5196250834362115,0.5500000000000005,True
33.794,16,105.745331,1.0,0.34923050822412993,19,0.49615736798495946,0.41200000000000037,True
37.825,14,105.840609,1.0,0.35262524115104127,22,0.499552230752788,0.3500000000000003,True
39.725,20,105.979056,1.0,0.33909224819168526,20,0.50626268284217,0.5500000000000005,True
45.825,14,106.082412,1.0,0.3499239415419183,24,0.49680449523314163,0.3500000000000003,True
33.745,19,106.207606,1.0,0.34956281636634984,17,0.49872831970047476,0.5100000000000005,True
45.809,12,106.292559,1.0,0.34447274785677606,23,0.5203301891545411,0.38200000000000023,True
41.793,13,106.381493,1.0,0.34480431684270213,21,0.5287225729734568,0.41400000000000026,True
35.825,12,106.484798,1.0,0.34993117366548354,18,0.48600740786670144,0.3500000000000003,True
39.825,12,106.565437,1.0,0.34762804518083024,20,0.5019597223020509,0.3500000000000003,True
37.825,13,106.651382,1.0,0.3491659355769495,19,0.5130461592251969,0.3500000000000003,True
37.729,19,107.126041,1.0,0.3330276252829588,19,0.5168352261108324,0.5420000000000005,True
31.737,18,107.253432,1.0,0.3338031451663554,19,0.5254967820346004,0.5260000000000005,True
41.729,17,107.385976,1.0,0.3401258313554662,21,0.4999961241691225,0.5420000000000004,True
37.813,14,107.490262,1.0,0.3488007386277181,19,0.520393542910032,0.37400000000000033,True
37.761,16,107.598886,1.0,0.3422379200624336,20,0.5312002440282858,0.4780000000000004,True
33.825,12,107.684061,1.0,0.34982328053770756,17,0.5031168393500477,0.3500000000000003,True
29.825,14,107.781568,1.0,0.35142726980082295,17,0.4931791771374083,0.3500000000000003,True
43.813,13,107.866431,1.0,0.34580128748537076,23,0.5056878844559347,0.37400000000000033,True
43.813,13,107.955348,1.0,0.34372904353150424,22,0.5097589331260713,0.37400000000000033,True
41.765,17,108.071773,1.0,0.3366544518468346,22,0.5339573251247633,0.4700000000000004,True
33.716,20,108.206486,1.0,0.3409767686512985,19,0.5198965600788019,0.5680000000000005,True
41.813,14,108.307046,1.0,0.3459553542579735,22,0.5119307246188759,0.37400000000000033,True
33.733,21,108.456622,1.0,0.3267319903834281,18,0.5388377289804961,0.5340000000000005,True
35.716,20,108.60313,1.0,0.3408677363748439,19,0.5382709631099352,0.5680000000000005,True
39.758,19,108.734803,1.0,0.34214694683353075,21,0.5041285024205381,0.48400000000000043,True
41.825,13,108.821505,1.0,0.3481522136758519,22,0.5163821915206646,0.3500000000000003,True
37.785,16,108.927248,1.0,0.3420001822382398,19,0.506191909498641,0.4300000000000004,True
43.825,14,109.025733,1.0,0.35151115003683553,22,0.5007533057316673,0.3500000000000003,True
41.809,14,109.120993,1.0,0.3495353099251288,21,0.5065704155368258,0.38200000000000034,True
43.734,20,109.252499,1.0,0.3369561718822105,22,0.5241084335214767,0.5320000000000005,True
41.785,17,109.373189,1.0,0.34027321103817365,22,0.5451875126969047,0.4300000000000004,True
39.785,16,109.493403,1.0,0.33736861311082844,21,0.5013146729724999,0.4300000000000004,True
41.793,16,109.685826,1.0,0.34613320272656367,21,0.5356900956070824,0.41400000000000037,True
45.769,17,109.862956,1.0,0.33676222104043424,23,0.5473918717427969,0.4620000000000004,True
39.781,17,110.034954,1.0,0.34224524888568764,20,0.5165254077080788,0.4380000000000004,True
37.773,18,110.214765,1.0,0.3409470082589214,21,0.5267997328903548,0.4540000000000004,True
27.745,19,110.412919,1.0,0.35393059010400296,15,0.5017579785285615,0.5100000000000005,True
47.825,13,110.551431,1.0,0.34905162756523134,24,0.5010208213456662,0.3500000000000003,True
37.781,17,110.728536,1.0,0.3419236824370028,20,0.5367049826076689,0.4380000000000004,True
37.761,18,110.909751,1.0,0.339364859448411,19,0.49859533707526926,0.4780000000000004,True
39.813,14,111.071811,1.0,0.34824922997459623,23,0.5110373272728589,0.37400000000000033,True
35.789,16,111.242102,1.0,0.334495050738203,20,0.509807656722587,0.4220000000000004,True
29.813,15,111.390146,1.0,0.34426541688699835,16,0.519219753675176,0.37400000000000033,True
33.765,17,111.557785,1.0,0.343219317520823,19,0.5399291264563015,0.4700000000000004,True
37.769,17,111.733659,1.0,0.34432812679742547,20,0.49961443761880303,0.4620000000000004,True
39.813,14,111.870923,1.0,0.34792451250673284,21,0.517731217370514,0.37400000000000033,True
43.737,19,112.057183,1.0,0.33464348703013236,23,0.49603606534002076,0.5260000000000005,True
39.777,16,112.219727,1.0,0.3383362081441559,21,0.5217983460059128,0.4460000000000004,True
43.773,16,112.374828,1.0,0.3398027918851578,22,0.5409636467062099,0.4540000000000004,True
39.745,19,112.578554,1.0,0.32721359382244086,22,0.5462385947948252,0.5100000000000005,True
35.765,18,112.810796,1.0,0.34105495421672205,19,0.5130902898864973,0.4700000000000004,True
37.777,18,112.999421,1.0,0.33408129614060655,21,0.5385676322820393,0.4460000000000004,True
33.81,15,113.152221,1.0,0.35270284412311653,17,0.503617770068002,0.38000000000000034,True
43.757,19,113.388264,1.0,0.3359421932902834,22,0.5227024769396638,0.48600000000000043,True
43.725,20,113.638931,1.0,0.33185192300853694,23,0.533563817920815,0.5500000000000005,True
43.754,20,113.86115,1.0,0.3329759120489068,22,0.5499490865778998,0.49200000000000044,True
45.749,18,113.994786,1.0,0.3403096666852612,23,0.507765831710979,0.5020000000000004,True
35.825,14,114.092847,1.0,0.35077355679389843,19,0.5077675497788477,0.3500000000000003,True
41.777,16,114.203562,1.0,0.3421271336813835,23,0.5144870876590556,0.4460000000000004,True
37.769,17,114.323152,1.0,0.34299183632466157,21,0.5067999516598236,0.4620000000000004,True
39.793,15,114.435489,1.0,0.34363461940872814,22,0.5076221816787804,0.41400000000000037,True
29.754,19,114.565464,1.0,0.344519445625074,15,0.5161468515068088,0.49200000000000044,True
45.797,15,114.670319,1.0,0.34112432082199584,24,0.5149313021551137,0.40600000000000036,True
41.825,13,114.758074,1.0,0.3533958612744925,21,0.5168697972928509,0.3500000000000003,True
39.781,16,114.885019,1.0,0.34059956692393045,22,0.5405151683898345,0.4380000000000004,True
41.745,19,115.013904,1.0,0.33604241009797997,22,0.5277647615925176,0.5100000000000005,True
43.809,13,115.096539,1.0,0.347982337922103,22,0.5018279361591506,0.38200000000000034,True
49.733,18,115.216446,1.0,0.33435949185154695,25,0.5316490826638757,0.5340000000000004,True
37.825,12,115.299545,1.0,0.35151329980152224,19,0.49244867784208435,0.3500000000000003,True
43.797,15,115.408838,1.0,0.3452043724443094,22,0.5372776791545186,0.40600000000000036,True
39.793,15,115.511536,1.0,0.34209563616438576,20,0.5182981713323183,0.41400000000000037,True
47.785,15,115.605587,1.0,0.3396748297217015,24,0.5342770536830328,0.4300000000000004,True
41.809,13,115.689894,1.0,0.3417682409386895,21,0.5077514996201222,0.38200000000000034,True
41.809,13,115.782207,1.0,0.3511759388199374,21,0.5241778565763966,0.38200000000000034,True
43.825,13,115.869393,1.0,0.3521488028217422,23,0.5137415609826012,0.3500000000000003,True
39.825,13,115.972821,1.0,0.3535873263372806,21,0.5019484047075099,0.3500000000000003,True
37.797,14,116.070911,1.0,0.3466367760229286,20,0.525900947888701,0.40600000000000036,True
41.825,12,116.150095,1.0,0.35073566408660584,21,0.5039283206449643,0.3500000000000003,True
43.809,12,116.231516,1.0,0.3470217794562803,22,0.5245917997181455,0.38200000000000023,True
43.709,19,116.35196,1.0,0.3306358702986976,24,0.5340966185482807,0.5820000000000004,True
43.717,19,116.490033,1.0,0.3296325461042734,22,0.5233599463053314,0.5660000000000005,True
39.701,20,116.62408,1.0,0.32716164917913987,21,0.5285845223260371,0.5980000000000004,True
39.737,18,116.739915,1.0,0.3330389319819862,20,0.521775055669145,0.5260000000000005,True
45.809,12,116.821002,1.0,0.344513961133706,24,0.5040851092943274,0.38200000000000023,True
37.781,16,116.946814,1.0,0.34179508828032634,21,0.5470411666310173,0.4380000000000004,True
33.777,14,117.03735,1.0,0.3418995698456174,19,0.5288836441608875,0.4460000000000003,True
39.801,14,117.125989,1.0,0.34223213333767877,20,0.5149129038201655,0.39800000000000035,True
45.797,15,117.593247,1.0,0.33850062206169174,23,0.5184671194393916,0.40600000000000036,True
43.809,13,117.680827,1.0,0.34413480660568346,23,0.5092108045212694,0.38200000000000034,True
37.89,8,117.735083,0.796875,0.4864345277316138,20,0.439776069354835,0.2200000000000002,True
41.788,14,117.830647,0.953125,0.36624582066527256,23,0.5562491114091384,0.42400000000000027,True
39.749,17,117.942755,1.0,0.3440927543390865,20,0.5027204944410651,0.5020000000000004,True
35.809,15,118.056466,1.0,0.34909688442956427,19,0.5210116379599267,0.38200000000000034,True
43.765,17,118.172287,1.0,0.33426487913142156,22,0.5308937043184306,0.4700000000000004,True
43.785,17,118.284262,1.0,0.33481039027536774,22,0.5349055918876077,0.4300000000000004,True
41.701,21,118.426031,1.0,0.3239034009668759,22,0.5665284051800652,0.5980000000000005,True
37.781,16,118.538135,1.0,0.3428094136816333,20,0.5055383024204912,0.4380000000000004,True
43.813,14,118.630646,1.0,0.3482075745751806,22,0.4949183350780383,0.37400000000000033,True
33.801,16,118.744036,1.0,0.3413854786907812,20,0.5338935225731809,0.39800000000000035,True
39.737,19,118.876023,1.0,0.3349048723556407,20,0.55448391663177,0.5260000000000005,True
31.749,20,119.023496,1.0,0.3281923656154563,18,0.5483504481428428,0.5020000000000004,True
41.777,16,119.130516,1.0,0.3392422118885123,22,0.5136719179789594,0.4460000000000004,True
37.761,17,119.245613,1.0,0.3407891430315303,22,0.4896076050990953,0.4780000000000004,True
33.813,15,119.344914,1.0,0.34956741472360897,18,0.4952833783491103,0.37400000000000033,True
41.765,17,119.466055,1.0,0.33519177690282026,24,0.5170583601146158,0.4700000000000004,True
45.741,18,119.588722,1.0,0.3299928106420753,23,0.5347645189666167,0.5180000000000005,True
45.745,18,119.70552,1.0,0.33737056694852025,23,0.5380011329667143,0.5100000000000005,True
33.769,17,119.81892,1.0,0.3368435355528643,19,0.5286648037138211,0.4620000000000004,True
41.825,13,119.907957,1.0,0.3518963458456586,21,0.4908717915338777,0.3500000000000003,True
41.805,15,119.998434,1.0,0.3440995249682256,22,0.5077304806577724,0.39000000000000035,True
43.789,16,120.123554,1.0,0.3423452784503974,22,0.5334730982858006,0.4220000000000004,True
39.781,15,120.233961,1.0,0.3388540576725071,20,0.5058733775690708,0.4380000000000004,True
33.741,19,120.369663,1.0,0.3346759765770455,19,0.5142941609972032,0.5180000000000005,True
33.785,15,120.486671,1.0,0.3402113052096998,17,0.5293494515819882,0.4300000000000004,True
37.825,11,120.563496,1.0,0.3522883422919473,21,0.5120167378548381,0.3500000000000002,True
47.781,15,120.663678,1.0,0.34315226333517784,25,0.5288848522377558,0.4380000000000004,True
43.741,17,120.779046,1.0,0.3332543161242024,23,0.5563211865008119,0.5180000000000005,True
39.789,15,120.879227,1.0,0.3449200647316705,20,0.49670022004292846,0.4220000000000004,True
41.785,16,120.985256,1.0,0.3412326967643379,22,0.5211227044294237,0.4300000000000004,True
39.793,15,121.105587,1.0,0.33848990389146083,21,0.5386225718736738,0.41400000000000037,True
45.777,16,121.211661,1.0,0.33871778857558654,23,0.5240889404739134,0.4460000000000004,True
35.789,16,121.319906,1.0,0.3337033135162525,19,0.5237393488933797,0.4220000000000004,True
37.769,17,121.449792,1.0,0.33677817291800305,21,0.5278344869368132,0.4620000000000004,True
37.797,14,121.557438,1.0,0.3452765780070034,20,0.5326696091620436,0.40600000000000036,True
35.753,17,121.679224,1.0,0.332630609274419,20,0.5225259987843706,0.49400000000000044,True
35.71,22,121.828258,1.0,0.331001709452752,19,0.5401882454188958,0.5800000000000005,True
41.797,16,121.938352,1.0,0.3431642529984169,22,0.5265693118889542,0.40600000000000036,True
47.809,14,122.040443,1.0,0.34787564780842684,25,0.51665249284528,0.38200000000000034,True
39.801,16,122.167493,1.0,0.3464810025582702,22,0.513315075136457,0.39800000000000035,True
43.813,14,122.270018,1.0,0.34697060511444466,22,0.5049389935397642,0.37400000000000033,True
39.805,15,122.387633,1.0,0.34395351878098857,20,0.5027069501227092,0.39000000000000035,True
35.801,16,122.514899,1.0,0.34751394375787614,20,0.5171852758815875,0.39800000000000035,True
39.813,14,122.614205,1.0,0.3479382942475807,21,0.4973852442560729,0.37400000000000033,True
45.809,14,122.714372,1.0,0.3475364876826794,24,0.5202706500455704,0.38200000000000034,True
31.737,20,122.900722,1.0,0.33258519924223756,17,0.5164903702726863,0.5260000000000005,True
39.801,15,123.011209,1.0,0.3462037474289549,21,0.5269168721103183,0.39800000000000035,True
35.782,17,123.174994,1.0,0.3450355635614448,22,0.5190278971828873,0.4360000000000004,True
35.809,15,123.284211,1.0,0.35054356139031695,19,0.4947239124564736,0.38200000000000034,True
41.801,16,123.409251,1.0,0.34467454142102694,23,0.5233698075835171,0.39800000000000035,True
47.785,16,123.523955,1.0,0.34178066387112177,24,0.5063527693047898,0.4300000000000004,True
39.809,13,123.614394,1.0,0.3515631827275846,23,0.5181102734586382,0.38200000000000034,True
43.813,14,123.73011,1.0,0.349902140089011,23,0.516254240817952,0.37400000000000033,True
41.785,17,123.863528,1.0,0.345775542118835,22,0.5311108861156748,0.4300000000000004,True
35.753,18,124.086251,1.0,0.3364666181982152,21,0.5238180146968973,0.49400000000000044,True
43.809,14,124.251689,1.0,0.3515435515218456,22,0.5119949356971838,0.38200000000000034,True
43.785,16,124.414143,1.0,0.34192275769882385,23,0.5309638766021865,0.4300000000000004,True
25.761,17,124.58285,1.0,0.33410889573475977,17,0.5625379081107463,0.4780000000000004,True
43.809,15,124.743929,1.0,0.34497129025168216,22,0.5134256238750041,0.38200000000000034,True
45.825,13,124.876804,1.0,0.3491066457367278,23,0.5020318425434744,0.3500000000000003,True
43.809,15,125.0238,1.0,0.3497889605034963,22,0.5185307885213993,0.38200000000000034,True
33.789,15,125.174762,1.0,0.3474956617777384,19,0.4983816104332662,0.4220000000000004,True
35.813,14,125.338521,1.0,0.3477359357200771,19,0.49800513460613277,0.37400000000000033,True
35.777,16,125.535455,1.0,0.3367494885395346,20,0.5291549073193091,0.4460000000000004,True
37.817,14,125.686063,1.0,0.3475213459768576,20,0.5194046058038508,0.3660000000000003,True
45.773,17,125.863799,1.0,0.3420781820270491,23,0.5064716610476384,0.4540000000000004,True
39.753,18,126.040037,1.0,0.33727689773684555,21,0.5459277318898396,0.49400000000000044,True
37.777,15,126.18897,1.0,0.3423088650039583,21,0.5259892888031164,0.4460000000000004,True
37.825,14,126.346787,1.0,0.3505880578868039,19,0.5090521257121058,0.3500000000000003,True
39.793,16,126.525238,1.0,0.34172779272699405,20,0.5172814386254431,0.41400000000000037,True
37.77,18,126.711456,1.0,0.34127668691842883,19,0.5403059745772184,0.4600000000000004,True
49.813,15,126.862261,1.0,0.34507038658634237,25,0.5026865775850138,0.37400000000000033,True
45.805,15,127.024396,1.0,0.3521244887738937,23,0.5189696415128254,0.39000000000000035,True
43.781,17,127.216062,1.0,0.3378318859942163,22,0.5522269493142404,0.4380000000000004,True
43.805,15,127.372843,1.0,0.3486101523260714,22,0.5060886135972555,0.39000000000000035,True
39.825,13,127.534098,1.0,0.34894947972036666,20,0.5027335605003938,0.3500000000000003,True
35.668,23,127.833877,1.0,0.32673086612605956,18,0.5607074888943276,0.6640000000000006,True
43.785,16,128.420392,1.0,0.3412437036677457,22,0.5155921274259181,0.4300000000000004,True
41.777,17,128.556278,1.0,0.34576913929004793,22,0.5048861768339056,0.4460000000000004,True
31.797,16,128.668266,1.0,0.34266699376169385,21,0.5285998054005501,0.40600000000000036,True
45.753,19,128.802567,1.0,0.3318240746217849,23,0.5285087135096455,0.49400000000000044,True
35.689,21,128.946083,1.0,0.34646472249625526,19,0.5471500158415564,0.6220000000000006,True
41.805,16,129.055765,1.0,0.3438979843827452,21,0.5087564355806944,0.39000000000000035,True
39.809,15,129.156214,1.0,0.3488532290332249,22,0.5026110116666627,0.38200000000000034,True
39.762,18,129.282282,1.0,0.34458281179740047,20,0.5240640313870395,0.4760000000000004,True
45.741,19,129.411516,1.0,0.33452702594641104,23,0.5530526801522815,0.5180000000000005,True
33.721,21,129.586812,1.0,0.34616904793432346,18,0.5396810228661376,0.5580000000000005,True
43.769,18,129.711045,1.0,0.3420726706489592,22,0.5138109881136516,0.4620000000000004,True
43.793,16,129.822775,1.0,0.3496563023336926,22,0.495381540268627,0.41400000000000037,True
45.68,23,129.978926,1.0,0.33291512957336455,24,0.5472710120467542,0.6400000000000006,True
49.801,16,130.09107,1.0,0.3423892547514934,26,0.5371725373502614,0.39800000000000035,True
39.766,18,130.214293,1.0,0.3422247908269288,21,0.512667246356016,0.4680000000000004,True
45.765,17,130.329768,1.0,0.3332032311204245,23,0.5345445049790652,0.4700000000000004,True
41.825,14,130.437427,1.0,0.35440103145497753,21,0.506277845203643,0.3500000000000003,True
39.766,18,130.561116,1.0,0.34388269164323104,21,0.5249221140646525,0.4680000000000004,True
43.786,17,130.696374,1.0,0.3448292109734085,24,0.5521065925163309,0.4280000000000004,True
41.704,21,130.842968,1.0,0.3380328286428435,22,0.5182250597801995,0.5920000000000005,True
43.782,17,130.955647,1.0,0.3390143070242775,22,0.514666952970324,0.4360000000000004,True
35.746,20,131.090218,1.0,0.3353446095179462,20,0.5063519882104737,0.5080000000000005,True
39.75,19,131.213455,1.0,0.34192205964879685,21,0.5442014797364794,0.5000000000000004,True
39.825,12,131.295583,1.0,0.35256787072289075,20,0.47954373348360513,0.3500000000000003,True
31.701,22,131.444918,1.0,0.3318931058029366,17,0.5335470723277893,0.5980000000000005,True
43.777,16,131.551362,1.0,0.3409411031460932,22,0.5440967673386561,0.4460000000000004,True
47.789,16,131.675277,1.0,0.34554132393044007,24,0.5163005853735775,0.4220000000000004,True
37.709,20,131.809404,1.0,0.3310110909689208,19,0.5224525694083036,0.5820000000000005,True
35.781,16,131.917026,1.0,0.3392884336018947,19,0.5194685039757757,0.4380000000000004,True
45.797,15,132.019796,1.0,0.3434010230599762,23,0.5007259556418611,0.40600000000000036,True
41.809,15,132.118514,1.0,0.3470340513295769,21,0.5122791799528316,0.38200000000000034,True
45.793,15,132.213394,1.0,0.34550222428597355,23,0.5488131910426607,0.41400000000000037,True
39.777,15,132.314227,1.0,0.3414819163716627,23,0.5200387045463197,0.4460000000000004,True
37.813,13,132.410609,1.0,0.34483017213259337,21,0.5130585863272258,0.37400000000000033,True
47.825,12,132.492246,1.0,0.34909764073901184,24,0.5122037621434566,0.3500000000000003,True
35.745,18,132.621018,1.0,0.34386693708407545,19,0.490413277041729,0.5100000000000005,True
41.733,20,132.773297,1.0,0.3326264631072284,22,0.545680657046393,0.5340000000000005,True
45.757,18,132.896633,1.0,0.33045696246553247,23,0.551011919507532,0.48600000000000043,True
37.817,14,133.00738,1.0,0.34545330963781445,19,0.5273874399141623,0.3660000000000003,True
43.805,16,133.122905,1.0,0.34977449377240943,22,0.5100565524067918,0.39000000000000035,True
43.777,16,133.236063,1.0,0.34016887847497673,22,0.5309321489345258,0.4460000000000004,True
39.813,15,133.337349,1.0,0.3527605698499854,21,0.5124828135119299,0.37400000000000033,True
43.809,14,133.432849,1.0,0.3415392252110899,23,0.5079320199334798,0.38200000000000034,True
37.781,16,133.543973,1.0,0.3403916685051285,21,0.5348115716580949,0.4380000000000004,True
39.777,16,133.655133,1.0,0.34214248854062435,22,0.533226159773538,0.4460000000000004,True
39.765,18,133.793607,1.0,0.3386502865082174,20,0.48273644617602707,0.4700000000000004,True
37.769,18,133.916995,1.0,0.3374797721482856,20,0.5215261404391994,0.4620000000000004,True
45.809,13,134.017713,1.0,0.34450811192944875,25,0.5149899101048784,0.38200000000000034,True
47.757,18,134.141735,1.0,0.3361463831172188,24,0.542163225527175,0.48600000000000043,True
43.769,17,134.265224,1.0,0.33335184807629326,23,0.5573068438991734,0.4620000000000004,True
39.797,16,134.369312,1.0,0.34069410466486894,20,0.5208011615353901,0.40600000000000036,True
37.817,14,134.466234,1.0,0.35145315593122545,21,0.4815124561019307,0.3660000000000003,True
39.769,18,134.594052,1.0,0.3413600221417653,20,0.5282172217033357,0.4620000000000004,True
45.797,14,134.68794,1.0,0.34562842306986763,23,0.5215593621672455,0.40600000000000036,True
35.825,13,134.796207,1.0,0.347745457482707,19,0.4972149956633946,0.3500000000000003,True
43.777,15,134.912899,1.0,0.3399218906356721,23,0.5029241314069438,0.4460000000000004,True
37.793,14,135.002648,1.0,0.3464677912658777,20,0.5134519903594216,0.41400000000000037,True
43.809,14,135.099773,1.0,0.3512927748202551,22,0.49696768498552274,0.38200000000000034,True
41.749,17,135.217374,1.0,0.3378730062806514,24,0.5355962547042522,0.5020000000000004,True
43.809,13,135.30755,1.0,0.3403721857584553,22,0.5211597060572994,0.38200000000000034,True
33.817,15,135.410342,1.0,0.34233949983444273,20,0.503405487784402,0.3660000000000003,True
43.781,16,135.524364,1.0,0.34340940350325505,23,0.5172318762256461,0.4380000000000004,True
35.825,13,135.611065,1.0,0.3444753212005411,19,0.513787770245909,0.3500000000000003,True
39.721,20,135.761152,1.0,0.33065257245716195,21,0.5500921750908572,0.5580000000000005,True
41.813,15,135.869993,1.0,0.3429443603992442,21,0.5409649645291428,0.37400000000000033,True
43.769,15,135.971703,1.0,0.3384055054800933,23,0.5211458676526444,0.4620000000000003,True
37.825,13,136.059092,1.0,0.3513417913181146,20,0.49138695012385464,0.3500000000000003,True
39.753,17,136.174897,1.0,0.33717908181065775,21,0.5244763464733337,0.49400000000000044,True
41.797,14,136.263621,1.0,0.34249310634888414,22,0.5322314989734331,0.40600000000000036,True
37.825,13,136.355483,1.0,0.3512865144537918,21,0.5055158139689421,0.3500000000000003,True
41.757,18,136.47709,1.0,0.3364993542690841,21,0.5181416309435398,0.48600000000000043,True
43.733,19,136.602984,1.0,0.3345225807257876,22,0.5101104449024944,0.5340000000000005,True
37.745,19,136.72803,1.0,0.3346420744091535,20,0.5136452942027546,0.5100000000000005,True
35.741,20,136.870696,1.0,0.33010197239885386,18,0.5108229318499794,0.5180000000000005,True
39.753,19,136.995969,1.0,0.3342730401195583,21,0.5498046612669092,0.49400000000000044,True
43.765,18,137.11316,1.0,0.33617263038304324,22,0.5179871819422179,0.4700000000000004,True
47.825,13,137.568994,1.0,0.3492078498560862,24,0.5132394992715636,0.3500000000000003,True
37.749,19,137.696022,1.0,0.33806663105268353,20,0.5024066391979733,0.5020000000000004,True
49.793,15,137.802138,1.0,0.34240600593141596,25,0.5265192699321577,0.41400000000000037,True
39.733,19,137.940162,1.0,0.337492916535308,23,0.5258961313326859,0.5340000000000005,True
39.753,17,138.057287,1.0,0.340181989920197,22,0.5204873259324206,0.49400000000000044,True
37.793,16,138.19204,1.0,0.34359934877931275,19,0.5098437523157346,0.41400000000000037,True
43.781,17,138.399154,1.0,0.34435688814693877,23,0.5294470327372868,0.4380000000000004,True
49.797,15,138.554699,1.0,0.35175729518293675,25,0.5148720484847006,0.40600000000000036,True
33.745,18,138.728804,1.0,0.329104303870596,18,0.5398879675971029,0.5100000000000005,True
35.813,15,138.887604,1.0,0.34603389837743675,19,0.5054415848097882,0.37400000000000033,True
41.773,18,139.076827,1.0,0.34182146284966985,23,0.5279848414888766,0.4540000000000004,True
35.825,14,139.209765,1.0,0.3516028117568354,18,0.4989475088979806,0.3500000000000003,True
39.689,22,139.423632,1.0,0.32952746217275686,21,0.5515361128160303,0.6220000000000006,True
45.766,18,139.607757,1.0,0.34155391005580227,23,0.5321311759568547,0.4680000000000004,True
35.749,20,139.826196,1.0,0.33267270040034863,18,0.5468015772171042,0.5020000000000004,True
35.793,16,139.998411,1.0,0.3463336485569476,21,0.5251352677846918,0.41400000000000037,True
37.725,20,140.209482,1.0,0.3313813565988004,20,0.5521342295587318,0.5500000000000005,True
37.798,16,140.364617,1.0,0.3489762743195346,21,0.49698785450181665,0.40400000000000036,True
43.749,19,140.559944,1.0,0.33502137806425636,23,0.5071023843732667,0.5020000000000004,True
41.761,18,140.745733,1.0,0.3303847318930947,23,0.55711871005004,0.4780000000000004,True
39.745,19,140.942237,1.0,0.3340589649623044,21,0.5290955014662978,0.5100000000000005,True
37.741,20,141.147548,1.0,0.3370423688459742,20,0.5142938624089088,0.5180000000000005,True
39.774,17,141.309326,1.0,0.34283539561166354,20,0.5085893101464826,0.4520000000000004,True
37.729,21,141.539914,1.0,0.33017336825548493,21,0.5464412632604277,0.5420000000000005,True
37.798,16,141.702828,1.0,0.34695690047306826,20,0.4914302801411664,0.40400000000000036,True
37.746,20,141.910437,1.0,0.3361555607055322,19,0.5195399858988738,0.5080000000000005,True
39.825,14,142.076989,1.0,0.35084332835306387,20,0.5077288271160955,0.3500000000000003,True
37.794,16,142.27459,1.0,0.3429987003617511,22,0.5044438031625165,0.41200000000000037,True
45.749,19,142.448637,1.0,0.33347056064900016,23,0.54126027604447,0.5020000000000004,True
41.721,21,142.589133,1.0,0.3353417580682101,22,0.48985046036950364,0.5580000000000005,True
39.77,18,142.710674,1.0,0.3419228679310709,22,0.5123713969500661,0.4600000000000004,True
37.825,14,142.807249,1.0,0.3569270830273451,19,0.4954492017024307,0.3500000000000003,True
45.645,25,142.973825,1.0,0.32657379419104693,25,0.5532004608598188,0.7100000000000006,True
41.722,21,143.122124,1.0,0.332686465436924,21,0.5392198571250232,0.5560000000000005,True
43.741,19,143.260451,1.0,0.3385078521203449,23,0.54113554534713,0.5180000000000005,True
33.729,21,143.410449,1.0,0.347065572912487,18,0.4958723257153505,0.5420000000000005,True
43.746,20,143.541391,1.0,0.33824875384453323,23,0.5072656506897311,0.5080000000000005,True
39.717,21,143.685178,1.0,0.3445622159572521,20,0.5124663433797203,0.5660000000000005,True
35.753,18,143.808699,1.0,0.34000050838752904,20,0.5406644554362097,0.49400000000000044,True
31.754,19,143.933317,1.0,0.3436677797270075,17,0.4954209959156017,0.49200000000000044,True
41.774,17,144.050347,1.0,0.3464407102208602,22,0.5088562971741646,0.4520000000000004,True
41.813,14,144.146974,1.0,0.342959170714838,22,0.5183367849927745,0.37400000000000033,True
35.797,16,144.26026,1.0,0.34644238569279984,19,0.5231225424072993,0.40600000000000036,True
41.725,21,144.407919,1.0,0.3318711254012392,21,0.5327057349123874,0.5500000000000005,True
37.825,14,144.503659,1.0,0.34707384026678745,20,0.4855740179439193,0.3500000000000003,True
37.801,16,144.616933,1.0,0.34302142389744406,19,0.5211087983977187,0.39800000000000035,True
31.729,20,144.745404,1.0,0.332250938813001,19,0.5347845040507004,0.5420000000000005,True
39.765,18,144.878474,1.0,0.33998920249774034,22,0.5047537242854339,0.4700000000000004,True
37.825,14,144.97422,1.0,0.3506228211565804,19,0.5093402784340391,0.3500000000000003,True
45.761,18,145.108649,1.0,0.3441310703677039,24,0.5008179145128471,0.4780000000000004,True
37.705,21,145.251395,1.0,0.3366285884455553,20,0.530310959228738,0.5900000000000005,True
39.77,18,145.395928,1.0,0.3447098608956677,20,0.5169123443633594,0.4600000000000004,True
39.745,19,145.526909,1.0,0.32933984772601393,21,0.5454035419060577,0.5100000000000005,True
45.786,17,145.660501,1.0,0.3457119196654711,23,0.5136038798982624,0.4280000000000004,True
33.778,17,145.778493,1.0,0.34870729200476785,18,0.5049991849760194,0.4440000000000004,True
35.733,20,145.904303,1.0,0.33598038932052854,19,0.5254219808899097,0.5340000000000005,True
45.785,17,146.018309,1.0,0.34136251789886607,23,0.5369950438909693,0.4300000000000004,True
43.785,17,146.133919,1.0,0.342790750009026,22,0.5080324312889182,0.4300000000000004,True
39.769,18,146.249578,1.0,0.3393288672947461,22,0.5314886054595216,0.4620000000000004,True
45.785,17,146.37947,1.0,0.3372915704792679,25,0.5351419823268667,0.4300000000000004,True
41.781,17,146.49297,1.0,0.34357142336019797,23,0.5084832376339107,0.4380000000000004,True
43.781,16,146.593906,1.0,0.3349953795302625,23,0.5101409889702956,0.4380000000000004,True
43.789,16,146.701958,1.0,0.34425198397519946,24,0.5142190888971508,0.4220000000000004,True
47.753,18,146.818909,1.0,0.33574727929834913,25,0.5328918431572561,0.49400000000000044,True
45.705,21,146.959869,1.0,0.33926184406087206,24,0.5264826637117619,0.5900000000000005,True
41.761,19,147.083011,1.0,0.33529871883828605,22,0.5503860551004789,0.4780000000000004,True
39.758,19,147.211982,1.0,0.34058498110230867,22,0.5090738822120022,0.48400000000000043,True
39.766,18,147.333645,1.0,0.3365896734235262,20,0.5378596331573934,0.4680000000000004,True
37.773,18,147.473426,1.0,0.3398642134813998,19,0.5179286977792202,0.4540000000000004,True
41.709,22,147.619385,1.0,0.3312322593195069,21,0.5192637409011124,0.5820000000000005,True
35.77,18,148.103843,1.0,0.34475318841708297,18,0.5319815364278045,0.4600000000000004,True
41.773,17,148.216938,1.0,0.34174269805221413,21,0.51534997326888,0.4540000000000004,True
41.782,17,148.328663,1.0,0.3450624481823236,21,0.5267202976543299,0.4360000000000004,True
37.745,19,148.471138,1.0,0.3347747017293954,19,0.5377101493316305,0.5100000000000005,True
39.798,16,148.579263,1.0,0.3499938803948479,20,0.5079109009656627,0.40400000000000036,True
37.761,18,148.701716,1.0,0.33941547659176075,21,0.5071361295915021,0.4780000000000004,True
37.777,17,148.811918,1.0,0.34130982926267234,19,0.5419031015906417,0.4460000000000004,True
41.769,16,148.914877,1.0,0.34448436101028224,22,0.5175693572511959,0.4620000000000004,True
37.777,16,149.02205,1.0,0.3437429146909057,22,0.5295245147113666,0.4460000000000004,True
37.797,15,149.119641,1.0,0.3434021508226517,20,0.5123292397952443,0.40600000000000036,True
45.737,18,149.235192,1.0,0.33223403010426045,24,0.5397113995733734,0.5260000000000005,True
33.769,18,149.358956,1.0,0.3371859884580807,18,0.4956656812990722,0.4620000000000004,True
45.753,18,149.497661,1.0,0.33652979101791725,24,0.5354862106579945,0.49400000000000044,True
43.785,14,149.596003,1.0,0.34261934577386044,22,0.5048212286914262,0.43000000000000027,True
43.785,16,149.709321,1.0,0.3413965526586145,23,0.532621650895398,0.4300000000000004,True
41.801,15,149.808519,1.0,0.3443460830550403,22,0.5326797289104166,0.39800000000000035,True
45.765,16,149.918499,1.0,0.33567390839709366,24,0.5075640224357248,0.4700000000000004,True
39.761,18,150.041215,1.0,0.33293956324852647,20,0.5350169941146659,0.4780000000000004,True
47.777,15,150.14293,1.0,0.34029773577924227,24,0.5364247535867157,0.4460000000000004,True
39.757,16,150.251618,1.0,0.33508612578081465,21,0.5341045520271073,0.4860000000000003,True
37.781,14,150.340493,1.0,0.33953327308768755,22,0.5158196931160763,0.4380000000000003,True
39.797,15,150.445923,1.0,0.34409350664161054,20,0.507563405723059,0.40600000000000036,True
43.753,16,150.562006,1.0,0.33586864638072655,22,0.5265307954744525,0.4940000000000003,True
33.773,16,150.666178,1.0,0.3378762608675686,19,0.5085189434800076,0.4540000000000004,True
37.753,17,150.774952,1.0,0.33743725247076717,20,0.5526341015440787,0.49400000000000044,True
43.796,13,150.861808,0.953125,0.3762280992048569,23,0.4957989463953409,0.40800000000000025,True
41.732,21,151.004169,0.953125,0.37011326582967013,22,0.5110722674611504,0.5360000000000004,True
33.825,13,151.090564,1.0,0.3496150776944023,19,0.5079694955713012,0.3500000000000003,True
35.781,16,151.196372,1.0,0.34080462623666513,19,0.5259352583892708,0.4380000000000004,True
41.725,20,151.328677,1.0,0.33300277456487226,22,0.5107242176556539,0.5500000000000005,True
31.757,19,151.457417,1.0,0.3347229724681795,18,0.5457931052556673,0.48600000000000043,True
39.781,16,151.582151,1.0,0.3419778303725429,21,0.4893307157889493,0.4380000000000004,True
43.793,16,151.693303,1.0,0.3416722557155213,24,0.5286118318179552,0.41400000000000037,True
41.745,19,151.821073,1.0,0.33214273935752736,21,0.5395091691590985,0.5100000000000005,True
41.757,19,151.945483,1.0,0.3349103808557674,24,0.540437212709334,0.48600000000000043,True
43.753,16,152.058379,1.0,0.3354912673257796,22,0.5402272435498704,0.4940000000000003,True
41.749,19,152.186453,1.0,0.3403679257935988,21,0.5522460833812025,0.5020000000000004,True
47.733,19,152.316877,1.0,0.34014851109344096,24,0.5053683149193374,0.5340000000000005,True
43.797,15,152.446488,1.0,0.34269040925647976,24,0.5250802480620758,0.40600000000000036,True
47.741,18,152.657783,1.0,0.3345289327167107,24,0.5135370848068453,0.5180000000000005,True
39.825,14,152.803427,1.0,0.35344458016059344,21,0.5009947122819807,0.3500000000000003,True
45.729,19,152.983332,1.0,0.3332475512958153,25,0.526400406221594,0.5420000000000005,True
41.789,16,153.160247,1.0,0.33737407137669645,23,0.5168562256331322,0.4220000000000004,True
43.781,15,153.326189,1.0,0.3444386835108456,23,0.5126880231411037,0.4380000000000004,True
45.793,13,153.463513,1.0,0.3467070817215507,24,0.5420597723014267,0.41400000000000026,True
43.717,20,153.659631,1.0,0.3340653268998094,22,0.5257362890601326,0.5660000000000005,True
37.713,20,153.866156,1.0,0.32993307618925205,19,0.5355703683453632,0.5740000000000005,True
31.765,17,154.048803,1.0,0.3415866512510167,18,0.5030040329257544,0.4700000000000004,True
47.749,19,154.24126,1.0,0.33416422138251034,25,0.5381174125832163,0.5020000000000004,True
39.809,15,154.396369,1.0,0.3486230224301102,22,0.5140174714418101,0.38200000000000034,True
43.725,20,154.596207,1.0,0.3273093520825886,24,0.5768178463671804,0.5500000000000005,True
37.738,20,154.804099,1.0,0.3393573023214887,19,0.49593445152477733,0.5240000000000005,True
41.797,16,154.976088,1.0,0.3420880861497585,21,0.5192498829848786,0.40600000000000036,True
43.749,19,155.158014,1.0,0.32966070276303544,23,0.5321069768693772,0.5020000000000004,True
35.717,21,155.382202,1.0,0.3365361923172212,18,0.5065617876763577,0.5660000000000005,True
43.777,16,155.558241,1.0,0.3363460304646958,23,0.5453318943184612,0.4460000000000004,True
43.729,20,155.779449,1.0,0.33007059923265547,22,0.5116185349296237,0.5420000000000005,True
35.758,19,156.005858,1.0,0.33994673274779436,19,0.5018431946815071,0.48400000000000043,True
37.737,20,156.22586,1.0,0.3358673673162144,21,0.5249007844339262,0.5260000000000005,True
41.769,17,156.45091,1.0,0.3417161952388613,23,0.5421317209964917,0.4620000000000004,True
29.745,19,156.676446,1.0,0.335201273178516,17,0.5328922676676217,0.5100000000000005,True
39.777,16,156.859312,1.0,0.33805525153054405,22,0.5464762338427613,0.4460000000000004,True
33.758,19,157.001783,1.0,0.3452064026833523,18,0.518003409898957,0.48400000000000043,True
35.741,20,157.130877,1.0,0.3324261966860332,21,0.5362428724240147,0.5180000000000005,True
33.761,17,157.249795,1.0,0.33778217688217593,18,0.5609572334831503,0.4780000000000004,True
41.693,22,157.387814,1.0,0.33625233759343304,22,0.5004410042531774,0.6140000000000005,True
41.745,19,157.513563,1.0,0.334794724328969,22,0.5241316367156323,0.5100000000000005,True
41.813,15,157.61441,1.0,0.3452766563041145,22,0.5259252110753734,0.37400000000000033,True
37.745,19,157.741253,1.0,0.33704119837191177,20,0.5056605061293247,0.5100000000000005,True
39.701,21,157.875822,1.0,0.33447331544420106,21,0.5267855812102284,0.5980000000000005,True
35.781,17,157.998605,1.0,0.3397779227801527,19,0.5159694231312305,0.4380000000000004,True
43.701,22,158.537459,1.0,0.332592153939242,22,0.5294029554731485,0.5980000000000005,True
33.693,22,158.683092,1.0,0.32775508496135136,18,0.5228564675187795,0.6140000000000005,True
37.769,19,158.813768,1.0,0.3399390669625211,19,0.5423406460202538,0.4620000000000004,True
43.729,19,158.935981,1.0,0.32337133365608006,23,0.5454483611853965,0.5420000000000005,True
41.741,19,159.073565,1.0,0.33276351262896897,21,0.5280582180035215,0.5180000000000005,True
35.681,23,159.225121,1.0,0.31946838104874875,20,0.5443414298755123,0.6380000000000006,True
35.749,18,159.346983,1.0,0.34041017580007993,18,0.5055749113227712,0.5020000000000004,True
43.709,20,159.47438,1.0,0.33212644409519854,22,0.5052762542467508,0.5820000000000005,True
43.721,20,159.599283,1.0,0.33339662245591445,22,0.5447776256682461,0.5580000000000005,True
33.693,24,159.755104,1.0,0.3287535887393974,18,0.5081074309871421,0.6140000000000005,True
43.786,17,159.871767,1.0,0.3467800295341761,22,0.5117205810763644,0.4280000000000004,True
33.749,18,159.989681,1.0,0.3331551875900317,18,0.5247277445698862,0.5020000000000004,True
37.805,14,160.100482,1.0,0.3461374555301847,21,0.528684142118384,0.39000000000000035,True
39.797,16,160.200504,1.0,0.3450175677352326,21,0.5399923231301382,0.40600000000000036,True
33.717,22,160.338727,1.0,0.3339097765707624,20,0.5291323882989021,0.5660000000000005,True
43.773,18,160.468555,1.0,0.33702468423947995,24,0.5244951938312974,0.4540000000000004,True
41.781,17,160.577245,1.0,0.34221642547559505,23,0.5023606492190587,0.4380000000000004,True
39.749,19,160.700043,1.0,0.33682152793443654,22,0.5293875086059583,0.5020000000000004,True
39.785,17,160.813163,1.0,0.33894248999036125,21,0.5345495579094314,0.4300000000000004,True
41.797,16,160.920099,1.0,0.34440505906622454,22,0.5293891885001357,0.40600000000000036,True
41.774,18,161.038736,1.0,0.34263695588898513,21,0.5098239507218718,0.4520000000000004,True
41.793,16,161.162366,1.0,0.34905671459662224,21,0.5271128913369725,0.41400000000000037,True
37.778,17,161.281095,1.0,0.3437171523369878,20,0.5169372134425297,0.4440000000000004,True
37.741,20,161.413265,1.0,0.33296787774241887,20,0.5505315607473685,0.5180000000000005,True
47.781,17,161.529982,1.0,0.3399338215817813,25,0.518138501129278,0.4380000000000004,True
43.749,18,161.65575,1.0,0.33639244826158454,22,0.5177449362969243,0.5020000000000004,True
45.786,17,161.77749,1.0,0.3383751227810444,24,0.5128485337646426,0.4280000000000004,True
31.753,19,161.908445,1.0,0.331113259366723,18,0.5477338767776977,0.49400000000000044,True
43.785,17,162.02402,1.0,0.3385378589450678,22,0.536772683310146,0.4300000000000004,True
37.753,19,162.168075,1.0,0.33953163784516766,19,0.5038238983147663,0.49400000000000044,True
47.781,17,162.290248,1.0,0.34458194711576384,24,0.5342643209458547,0.4380000000000004,True
49.794,16,162.404148,1.0,0.34511826644109067,25,0.5028693956394918,0.41200000000000037,True
43.749,19,162.534834,1.0,0.33125792902285744,22,0.5604347855265541,0.5020000000000004,True
39.797,16,162.643055,1.0,0.339897276567988,20,0.5436051746163942,0.40600000000000036,True
37.729,20,162.780964,1.0,0.33694139362946535,21,0.5431623779875083,0.5420000000000005,True
33.773,17,162.902399,1.0,0.34156916653223546,18,0.5271490162880376,0.4540000000000004,True
37.729,21,163.040026,1.0,0.33122779237078037,19,0.5019407452588023,0.5420000000000005,True
29.722,21,163.193623,1.0,0.336278184493529,17,0.5010181512007478,0.5560000000000005,True
43.773,18,163.321687,1.0,0.3410206279501825,23,0.4947250583461351,0.4540000000000004,True
43.793,16,163.442202,1.0,0.34410509276628154,22,0.49941698684141433,0.41400000000000037,True
31.769,18,163.569223,1.0,0.34156489836020976,17,0.5203612150516991,0.4620000000000004,True
37.689,24,163.74149,1.0,0.34306033490222565,20,0.5279076225924269,0.6220000000000006,True
39.757,18,163.872212,1.0,0.34443653455666645,21,0.5234619997540048,0.48600000000000043,True
35.778,17,163.990757,1.0,0.34224899641529893,18,0.5161658661637444,0.4440000000000004,True
41.781,17,164.107012,1.0,0.34251286667799186,21,0.5323220861814282,0.4380000000000004,True
41.765,18,164.245368,1.0,0.3420149925573552,22,0.5348209882400287,0.4700000000000004,True
41.809,15,164.347147,1.0,0.3456818392847373,23,0.5163381907933379,0.38200000000000034,True
43.781,17,164.474947,1.0,0.3402904252890976,22,0.5523731035806614,0.4380000000000004,True
41.757,19,164.607791,1.0,0.3402997013626906,21,0.5239190229863946,0.48600000000000043,True
43.785,17,164.731872,1.0,0.33920497470517846,23,0.5435131484720356,0.4300000000000004,True
47.773,17,164.846874,1.0,0.3381901092617872,24,0.5212634390525939,0.4540000000000004,True
43.781,16,164.977911,1.0,0.34154691073556365,22,0.5355374248714181,0.4380000000000004,True
43.825,13,165.066975,1.0,0.34986466947811856,23,0.49086935832768014,0.3500000000000003,True
39.789,16,165.18495,1.0,0.34699818444340824,22,0.5173913018837116,0.4220000000000004,True
43.749,19,165.328451,1.0,0.3388421713155121,22,0.49768327667631734,0.5020000000000004,True
29.809,15,165.447248,1.0,0.3467696664828998,17,0.5115589877439277,0.38200000000000034,True
45.782,17,165.564664,1.0,0.3445352404467597,24,0.5154529069706882,0.4360000000000004,True
45.794,16,165.675424,1.0,0.3454072698345303,23,0.5210416265186364,0.41200000000000037,True
41.785,17,165.80663,1.0,0.3372505447239492,22,0.5209190810338185,0.4300000000000004,True
47.785,17,165.924598,1.0,0.34209014958306794,24,0.5280118113538249,0.4300000000000004,True
43.777,17,166.050823,1.0,0.34330260218092573,22,0.5107769352387421,0.4460000000000004,True
37.741,19,166.176033,1.0,0.33623842006201043,20,0.5202803583771816,0.5180000000000005,True
39.765,17,166.326156,1.0,0.35084353029532567,20,0.501304776397048,0.4700000000000004,True
33.769,18,166.448888,1.0,0.3374839943205462,17,0.5330576707334312,0.4620000000000004,True
37.797,15,166.55643,1.0,0.34176041749160835,19,0.5160283668207487,0.40600000000000036,True
41.793,16,166.66596,1.0,0.3427654557218439,22,0.5325380775553896,0.41400000000000037,True
41.761,18,166.788546,1.0,0.3337834733359276,21,0.5332233809237359,0.4780000000000004,True
37.809,15,166.933238,1.0,0.3465262359936836,22,0.5185613240387041,0.38200000000000034,True
27.801,16,167.105562,1.0,0.3418674546501172,15,0.518528363305408,0.39800000000000035,True
39.757,19,167.290248,1.0,0.34093903733278186,20,0.5187176886722008,0.48600000000000043,True
43.809,15,167.45269,1.0,0.3485647456990301,22,0.5024188845450235,0.38200000000000034,True
43.801,16,168.124467,1.0,0.34454876850640637,23,0.5132816325308849,0.39800000000000035,True
33.769,17,168.307889,1.0,0.3484112645504043,18,0.5337769414641862,0.4620000000000004,True
41.769,18,168.517333,1.0,0.3390685366301138,23,0.5624039821658516,0.4620000000000004,True
37.777,18,168.710658,1.0,0.3394299411634588,20,0.5060361138219908,0.4460000000000004,True
41.7,21,168.923802,1.0,0.3402961273480835,22,0.5110571502184296,0.6000000000000005,True
41.765,19,169.11207,1.0,0.33742616641307843,22,0.5450364621132237,0.4700000000000004,True
39.725,20,169.30787,1.0,0.337148475808767,20,0.5239618648305953,0.5500000000000005,True
39.773,18,169.487412,1.0,0.33842138078456513,22,0.5384925233455833,0.4540000000000004,True
43.817,15,169.640258,1.0,0.34568380663649717,22,0.4914953934266148,0.3660000000000003,True
41.777,17,169.807217,1.0,0.34093093599281704,21,0.5216003853700344,0.4460000000000004,True
31.701,22,170.030734,1.0,0.33804351163763807,16,0.5289583501549935,0.5980000000000005,True
41.785,17,170.217701,1.0,0.34110692935585263,21,0.5335700909875726,0.4300000000000004,True
47.785,16,170.379917,1.0,0.3407262173980015,24,0.5340621428626815,0.4300000000000004,True
37.781,16,170.558712,1.0,0.3422932729711193,20,0.5209711066444732,0.4380000000000004,True
43.809,15,170.754746,1.0,0.34750051666234194,22,0.48729974314495383,0.38200000000000034,True
33.762,19,170.991374,1.0,0.33901051199046384,17,0.47603053598818246,0.4760000000000004,True
43.785,16,171.114258,1.0,0.3317356741744312,22,0.546623715577891,0.4300000000000004,True
33.809,15,171.212736,1.0,0.34808500824350413,19,0.5172956586380213,0.38200000000000034,True
37.769,17,171.331826,1.0,0.3411354566210657,21,0.5083848694444856,0.4620000000000004,True
41.813,14,171.433716,1.0,0.34428510936187007,23,0.5226982425119346,0.37400000000000033,True
37.777,17,171.54596,1.0,0.3401581080734526,19,0.5171600502328613,0.4460000000000004,True
39.805,14,171.656593,1.0,0.3470442217144077,21,0.5086127422551429,0.39000000000000035,True
43.817,14,171.75697,1.0,0.3488111065463223,22,0.5009246332217495,0.3660000000000003,True
45.769,17,171.872359,1.0,0.33440958985156044,23,0.5410854025915954,0.4620000000000004,True
39.825,13,171.965229,1.0,0.35071287766892045,20,0.488093548425037,0.3500000000000003,True
37.809,14,172.057139,1.0,0.3469231036425098,21,0.5113819992441946,0.38200000000000034,True
33.769,17,172.169383,1.0,0.3392033690518993,19,0.48897309035307374,0.4620000000000004,True
33.797,16,172.272942,1.0,0.3434487946728506,17,0.5111648311415463,0.40600000000000036,True
37.765,17,172.390724,1.0,0.3377288001749551,20,0.5509250346709871,0.4700000000000004,True
41.765,16,172.504432,1.0,0.33428614711391813,21,0.5526110913827312,0.4700000000000004,True
43.781,16,172.612944,1.0,0.34025777753922853,22,0.5247429857140627,0.4380000000000004,True
45.825,11,172.704123,1.0,0.3542028061869573,23,0.5007852869291287,0.3500000000000002,True
37.765,18,172.821826,1.0,0.3321486152441195,21,0.5380422271169788,0.4700000000000004,True
39.785,16,172.930293,1.0,0.33962192471374475,21,0.5385003982702103,0.4300000000000004,True
41.753,18,173.056263,1.0,0.3320299987790321,22,0.4949782868566912,0.49400000000000044,True
43.801,15,173.161133,1.0,0.3473835520703519,23,0.5200614506805039,0.39800000000000035,True
37.781,16,173.274732,1.0,0.33644073619795056,21,0.5148288580084331,0.4380000000000004,True
33.773,16,173.388939,1.0,0.3402916853234515,20,0.5102980417736709,0.4540000000000004,True
41.769,16,173.500878,1.0,0.3400636520756868,21,0.5147116284104081,0.4620000000000004,True
45.789,15,173.6076,1.0,0.34408710215664495,23,0.5209283352158498,0.4220000000000004,True
39.777,16,173.736039,1.0,0.337545308725098,20,0.5248266690569792,0.4460000000000004,True
41.793,14,173.838583,1.0,0.34124537751547224,22,0.503551231871523,0.41400000000000037,True
37.797,15,173.938723,1.0,0.3430796350195164,20,0.5128695574396003,0.40600000000000036,True
37.813,15,174.040711,1.0,0.3456368509832477,21,0.501059971563154,0.37400000000000033,True
35.801,16,174.153722,1.0,0.34374854682210193,20,0.5353982511337018,0.39800000000000035,True
45.753,17,174.273498,1.0,0.3323513553041168,23,0.566300864720259,0.49400000000000044,True
39.797,16,174.388788,1.0,0.33891728613269567,20,0.5192759259659634,0.40600000000000036,True
45.777,16,174.500132,1.0,0.34807367909726633,23,0.512735724714156,0.4460000000000004,True
39.749,18,174.622701,1.0,0.33333543397708876,20,0.5462016959427815,0.5020000000000004,True
45.757,16,174.732315,1.0,0.3434831452583269,24,0.5474817475698541,0.48600000000000043,True
45.753,17,174.870406,1.0,0.34002133324872086,24,0.49556314673346963,0.49400000000000044,True
37.777,16,174.981874,1.0,0.34223757361174956,21,0.5202924782985311,0.4460000000000004,True
45.789,16,175.094121,1.0,0.3385970171206668,23,0.5346807972573298,0.4220000000000004,True
43.785,17,175.246838,1.0,0.34277084483087616,22,0.5095401050485306,0.4300000000000004,True
37.745,19,175.375302,1.0,0.3289593246153101,23,0.5404532305527313,0.5100000000000005,True
45.737,20,175.51406,1.0,0.33473454488472,24,0.5203788560293311,0.5260000000000005,True
43.733,20,175.647424,1.0,0.3243113040849497,22,0.5779725908714698,0.5340000000000005,True
37.761,18,175.795841,1.0,0.3348897614110263,22,0.5318115840187263,0.4780000000000004,True
37.785,16,175.910379,1.0,0.3402785886080403,20,0.5273146607656338,0.4300000000000004,True
41.789,17,176.021057,1.0,0.34336235758345895,21,0.5090125401236859,0.4220000000000004,True
39.757,18,176.145313,1.0,0.3371329826437115,21,0.48373532845933337,0.48600000000000043,True
33.793,14,176.243471,1.0,0.34038928592787354,18,0.5374316201352838,0.41400000000000037,True
45.741,17,176.372166,1.0,0.33226349293670643,24,0.5149579642208272,0.5180000000000003,True
27.769,16,176.476392,1.0,0.34166073576470546,18,0.5096819339996297,0.4620000000000004,True
45.737,18,176.610491,1.0,0.333608770099171,23,0.5335712687878084,0.5260000000000005,True
27.797,16,176.723595,1.0,0.34795137620930683,16,0.520387148486407,0.40600000000000036,True
39.785,17,176.856564,1.0,0.33982150010701956,20,0.5263807935692366,0.4300000000000004,True
39.745,19,176.988788,1.0,0.3291168457980945,20,0.5414046383843907,0.5100000000000005,True
43.777,15,177.091593,1.0,0.34382800154496307,22,0.5242866576622351,0.4460000000000004,True
41.753,18,177.215904,1.0,0.3322620374551288,21,0.5626868741525276,0.49400000000000044,True
51.749,17,177.331869,1.0,0.3305026862071603,26,0.531549649001276,0.5020000000000004,True
31.777,15,177.441076,1.0,0.343560565193731,19,0.5246352817435059,0.4460000000000004,True
37.797,16,177.556044,1.0,0.3458784642816256,19,0.521516384135539,0.40600000000000036,True
45.733,19,177.696535,1.0,0.33232784674623905,23,0.5123418331920364,0.5340000000000005,True
43.801,15,177.80108,1.0,0.3420455492554927,24,0.5201534556218926,0.39800000000000035,True
43.765,17,178.290948,1.0,0.34236146528538325,23,0.5468667109937567,0.4700000000000004,True
31.809,15,178.405626,1.0,0.3459388084812244,17,0.5124714763944992,0.38200000000000034,True
35.77,18,178.537561,1.0,0.33816855472023877,18,0.5283453915841047,0.4600000000000004,True
41.733,18,178.664195,1.0,0.34309363896278133,21,0.5039926533686514,0.5340000000000005,True
43.741,19,178.794778,1.0,0.3345288684784278,23,0.5062242028077711,0.5180000000000005,True
43.697,21,178.947086,1.0,0.3235615321939814,23,0.5554599588630006,0.6060000000000005,True
45.765,17,179.062003,1.0,0.3365376144153745,24,0.49997209984569935,0.4700000000000004,True
39.809,14,179.158553,1.0,0.3432961674142735,21,0.52202762227326,0.38200000000000034,True
39.741,19,179.280922,1.0,0.33139089065264166,21,0.4976455862966053,0.5180000000000005,True
33.725,20,179.418391,1.0,0.3325323711163267,18,0.5010690461840425,0.5500000000000005,True
49.705,19,179.537728,1.0,0.3248148215713904,26,0.5304872842858472,0.5900000000000004,True
41.713,19,179.659723,1.0,0.3332519974682938,22,0.5300672307081619,0.5740000000000005,True
43.789,17,179.778234,1.0,0.3349000333228552,23,0.5420096085350097,0.4220000000000004,True
41.765,19,179.905818,1.0,0.33800866996245427,21,0.5212988638020355,0.4700000000000004,True
41.793,17,180.035063,1.0,0.3424193818005705,21,0.519848509752342,0.41400000000000037,True
45.749,18,180.151151,1.0,0.33865131642547164,24,0.5281223818153035,0.5020000000000004,True
35.757,19,180.273567,1.0,0.33184185401722394,20,0.5395434918736917,0.48600000000000043,True
47.825,14,180.36233,1.0,0.3496850961719724,24,0.5093821514993992,0.3500000000000003,True
45.765,17,180.487108,1.0,0.339597015918056,23,0.5153967297822324,0.4700000000000004,True
37.769,17,180.598494,1.0,0.3377285126107233,22,0.5342925629260812,0.4620000000000004,True
43.793,15,180.711822,1.0,0.34319101210611846,22,0.513408347952195,0.41400000000000037,True
41.717,20,180.839505,1.0,0.3267232082242412,21,0.533870416066298,0.5660000000000005,True
41.753,17,180.951623,1.0,0.3325916848749536,21,0.5091973454764426,0.49400000000000044,True
39.825,13,181.088899,1.0,0.3498448625196231,21,0.49328832553440516,0.3500000000000003,True
41.761,18,181.276749,1.0,0.3313350302181019,22,0.5622641341204028,0.4780000000000004,True
43.813,15,181.429992,1.0,0.3446910441461717,22,0.5037850076941012,0.37400000000000033,True
37.797,16,181.583793,1.0,0.34926784831928265,20,0.49724096850320293,0.40600000000000036,True
43.777,17,181.746107,1.0,0.3406910178765178,22,0.5181324649407397,0.4460000000000004,True
41.737,18,181.919111,1.0,0.33265708853654957,22,0.5480490222376798,0.5260000000000005,True
39.769,16,182.077235,1.0,0.3366449799174318,22,0.5252289380039266,0.4620000000000004,True
37.753,18,182.254559,1.0,0.3381522434886399,19,0.5265894943219924,0.49400000000000044,True
41.825,13,182.382027,1.0,0.3494389176190741,21,0.5109085859222624,0.3500000000000003,True
35.749,19,182.589952,1.0,0.3372930503989354,20,0.523549050840553,0.5020000000000004,True
37.725,19,182.77557,1.0,0.332252418397182,20,0.48685044312744,0.5500000000000005,True
41.757,17,182.950741,1.0,0.32993952318420583,22,0.5118858698070115,0.48600000000000043,True
41.749,18,183.125368,1.0,0.33009382139303617,21,0.5334620791953256,0.5020000000000004,True
33.781,16,183.276807,1.0,0.33848826500901075,18,0.5400578461655121,0.4380000000000004,True
39.729,19,183.506276,1.0,0.3360779953808042,20,0.5305519432071848,0.5420000000000005,True
39.725,21,183.710798,1.0,0.3200499026485716,21,0.5349404664736783,0.5500000000000005,True
37.745,18,183.895791,1.0,0.3338531579042129,21,0.5338996279849776,0.5100000000000005,True
45.733,19,184.084167,1.0,0.3297849033669886,24,0.5521939301037433,0.5340000000000005,True
37.793,16,184.292164,1.0,0.34027663981537376,20,0.517526051442132,0.41400000000000037,True
43.769,18,184.492069,1.0,0.33829360109874973,22,0.5099412021569413,0.4620000000000004,True
37.749,18,184.677428,1.0,0.33229432339741516,21,0.5500175493796249,0.5020000000000004,True
33.781,17,184.877382,1.0,0.33969571306109536,19,0.5331521145747451,0.4380000000000004,True
43.753,18,185.076732,1.0,0.33789788026213985,23,0.5060499985317628,0.49400000000000044,True
35.753,18,185.273155,1.0,0.3391573540423234,18,0.49274550869480777,0.49400000000000044,True
41.785,17,185.464422,1.0,0.34008044685558325,22,0.5491078215785389,0.4300000000000004,True
35.737,20,185.627266,1.0,0.33170092270681667,20,0.5205296425488759,0.5260000000000005,True
37.713,21,185.794742,1.0,0.33613042880877697,20,0.507251471974505,0.5740000000000005,True
43.801,16,185.915776,1.0,0.3441821448298654,24,0.5300018978573097,0.39800000000000035,True
41.753,18,186.070746,1.0,0.3302272347870273,22,0.550116098436951,0.49400000000000044,True
45.721,21,186.211421,1.0,0.333028443774583,23,0.5082856863668157,0.5580000000000005,True
39.725,21,186.389797,1.0,0.33495982262444346,21,0.5162469960995518,0.5500000000000005,True
39.757,19,186.520089,1.0,0.33854027532161834,20,0.5435308395311961,0.48600000000000043,True
39.721,21,186.677118,1.0,0.3328164854709318,21,0.5319802447904164,0.5580000000000005,True
39.737,20,186.809665,1.0,0.3331697802319291,20,0.509267601827686,0.5260000000000005,True
37.702,22,186.975816,1.0,0.3329247862802627,20,0.5421590118634934,0.5960000000000005,True
45.725,22,187.124554,1.0,0.32622159721456845,23,0.5137208626704161,0.5500000000000005,True
35.693,23,187.272954,1.0,0.33077908543188617,19,0.5171514725171819,0.6140000000000005,True
39.722,21,187.422095,1.0,0.3305554280641372,21,0.5226654221838009,0.5560000000000005,True
31.657,25,187.59146,1.0,0.32600621112708306,16,0.5450804962528879,0.6860000000000006,True
39.717,20,187.722789,1.0,0.3340697166118717,22,0.5310147841964634,0.5660000000000005,True
41.769,18,187.843006,1.0,0.3386691159431026,23,0.527606169234846,0.4620000000000004,True
37.709,21,187.976715,1.0,0.32587719985482333,20,0.5086701922464969,0.5820000000000005,True
35.685,22,188.119936,1.0,0.32762917565646876,19,0.534494180447049,0.6300000000000006,True
45.729,20,188.251946,1.0,0.3295495057073786,24,0.5356918214444917,0.5420000000000005,True
43.757,18,188.379231,1.0,0.3419899245960237,22,0.5241940725493586,0.48600000000000043,True
35.693,23,189.080703,1.0,0.3390871276691777,19,0.5172065315793695,0.6140000000000005,True
37.665,26,189.253798,1.0,0.3240981037996192,20,0.556230790047699,0.6700000000000006,True
43.71,22,189.425052,1.0,0.3314972717586332,24,0.5428987027133917,0.5800000000000005,True
43.709,22,189.595758,1.0,0.33515425634037976,23,0.52723734364928,0.5820000000000005,True
41.697,23,189.759831,1.0,0.3412680595834427,23,0.5304928496002224,0.6060000000000005,True
45.69,23,189.915131,1.0,0.32904395547015675,24,0.5358531679554203,0.6200000000000006,True
33.633,27,190.112993,1.0,0.32620001718982583,17,0.540871345498595,0.7340000000000007,True
43.717,22,190.269923,1.0,0.33290033111163125,22,0.5206752270360158,0.5660000000000005,True
37.685,23,190.435347,1.0,0.33199298738982236,20,0.5511675442882518,0.6300000000000006,True
43.69,23,190.613899,1.0,0.33162965980373166,22,0.5181178214228274,0.6200000000000006,True
47.689,23,190.774023,1.0,0.3301971489079248,25,0.5068454354859989,0.6220000000000006,True
39.67,25,190.944993,1.0,0.32131316770928775,20,0.5548651642873851,0.6600000000000006,True
41.798,16,191.054525,1.0,0.34448514818160497,22,0.509638791054819,0.40400000000000036,True
39.71,23,191.208923,1.0,0.34316166792373815,21,0.4983690184344863,0.5800000000000005,True
43.73,21,191.348066,1.0,0.3348852614581534,23,0.48325364367104834,0.5400000000000005,True
41.734,20,191.484006,1.0,0.3357761476212834,23,0.5363428113293539,0.5320000000000005,True
39.769,18,191.629157,1.0,0.3387979149761794,21,0.5352310105938488,0.4620000000000004,True
41.766,18,191.756656,1.0,0.3404281405599313,21,0.5205524410919428,0.4680000000000004,True
43.705,22,191.899782,1.0,0.32892238046725786,23,0.513210936561953,0.5900000000000005,True
41.75,19,192.035703,1.0,0.33473614742259367,21,0.5461329906464005,0.5000000000000004,True
43.749,19,192.168375,1.0,0.3371433881370859,23,0.510867603750229,0.5020000000000004,True
31.761,18,192.307046,1.0,0.3317374070081994,19,0.5263127279186663,0.4780000000000004,True
35.745,18,192.448078,1.0,0.3354743984039571,21,0.5150096770941532,0.5100000000000005,True
39.774,18,192.597095,1.0,0.33990313980841447,22,0.5248828442652693,0.4520000000000004,True
41.769,18,192.745523,1.0,0.3431730520908112,22,0.5302157239700412,0.4620000000000004,True
35.774,18,192.877265,1.0,0.3410931288066539,21,0.5342356935738469,0.4520000000000004,True
37.797,16,192.995813,1.0,0.346384726238205,21,0.5110463149376245,0.40600000000000036,True
35.706,22,193.145555,1.0,0.3319141777907143,19,0.537848024890576,0.5880000000000005,True
41.705,22,193.304451,1.0,0.33188917018633934,23,0.5294421367679806,0.5900000000000005,True
43.709,21,193.469645,1.0,0.34030469469147034,22,0.5105038895127549,0.5820000000000005,True
43.749,20,193.625259,1.0,0.33030832593359,22,0.5413225943001272,0.5020000000000004,True
35.798,16,193.758596,1.0,0.34879399310629267,19,0.5131725887018835,0.40400000000000036,True
43.758,19,193.908628,1.0,0.3362752807240497,22,0.5423583439744553,0.48400000000000043,True
39.769,18,194.038551,1.0,0.33694804028239683,21,0.5139669868392005,0.4620000000000004,True
35.761,19,194.172925,1.0,0.3352847080745348,20,0.5288746729467275,0.4780000000000004,True
35.809,15,194.283023,1.0,0.34750693096110163,20,0.5122906761282686,0.38200000000000034,True
45.741,19,194.435438,1.0,0.33992702482936243,23,0.4944984268845523,0.5180000000000005,True
47.757,18,194.565969,1.0,0.3395338967744055,25,0.5530625694716261,0.48600000000000043,True
37.761,18,194.71329,1.0,0.33712067562764725,21,0.5314835987727609,0.4780000000000004,True
43.717,20,194.864368,1.0,0.332636134774072,22,0.5051611878671022,0.5660000000000005,True
29.761,18,194.993381,1.0,0.3429628502527592,16,0.4993402226120651,0.4780000000000004,True
43.785,16,195.110438,1.0,0.3430020438714369,22,0.5238832761070068,0.4300000000000004,True
39.701,21,195.25305,1.0,0.32448754922982104,20,0.5693351591763963,0.5980000000000005,True
39.697,20,195.387964,1.0,0.3310925323336661,21,0.5622734649059683,0.6060000000000005,True
41.753,18,195.580105,1.0,0.34222909595499074,21,0.5309413474487903,0.49400000000000044,True
47.709,19,195.79377,1.0,0.3287691663392519,24,0.544113496517429,0.5820000000000004,True
43.753,19,195.995512,1.0,0.3438171751876519,22,0.5266543563820386,0.49400000000000044,True
37.721,21,196.20804,1.0,0.3281253235164298,20,0.5605389758019617,0.5580000000000005,True
43.737,19,196.41016,1.0,0.3372206955037167,22,0.5209238173705537,0.5260000000000005,True
47.761,19,196.595892,1.0,0.33610024708428043,24,0.5517886588384525,0.4780000000000004,True
39.721,21,196.835386,1.0,0.33247289267329044,22,0.5108622130098787,0.5580000000000005,True
35.742,20,197.094029,1.0,0.3345312358356479,20,0.5164421497170613,0.5160000000000005,True
45.729,20,197.329549,1.0,0.3376682582490788,25,0.5144970132730241,0.5420000000000005,True
37.753,19,197.537459,1.0,0.3388058935733952,22,0.5087676218987038,0.49400000000000044,True
47.797,15,197.685958,1.0,0.33732803905564324,24,0.5149400911705879,0.40600000000000036,True
45.785,17,197.85107,1.0,0.34342919814854894,24,0.5255728520834286,0.4300000000000004,True
43.773,17,198.033277,1.0,0.3412847703543739,22,0.5250695414764462,0.4540000000000004,True
41.761,17,198.199209,1.0,0.34106998483366097,23,0.5420935956119357,0.4780000000000004,True
41.781,16,198.350739,1.0,0.3416712564444594,21,0.5104743284727724,0.4380000000000004,True
33.761,19,198.535139,1.0,0.3382179297795834,18,0.527581494417789,0.4780000000000004,True
41.753,19,198.721421,1.0,0.33783709588425737,21,0.5009112531996813,0.49400000000000044,True
43.777,17,198.927474,1.0,0.34514080034601,24,0.5042674366923502,0.4460000000000004,True
33.737,20,199.153978,1.0,0.33251090017951873,17,0.507898265669786,0.5260000000000005,True
39.741,19,199.350223,1.0,0.33013232670010034,20,0.5544145309566011,0.5180000000000005,True
43.777,17,199.995691,1.0,0.3366334151759727,24,0.5320975994732647,0.4460000000000004,True
39.777,16,200.127364,1.0,0.3385742115661713,21,0.5248818645891684,0.4460000000000004,True
39.757,18,200.248081,1.0,0.3308786339129247,22,0.5447902336994737,0.48600000000000043,True
41.797,15,200.348042,1.0,0.3448057680646356,22,0.5136866809679662,0.40600000000000036,True
39.705,21,200.493423,1.0,0.3297914664724382,20,0.5466215111894532,0.5900000000000005,True
33.737,18,200.633184,1.0,0.33561711757193524,19,0.5433151862137136,0.5260000000000005,True
29.781,17,200.766463,1.0,0.3381304505916113,16,0.5255830757930219,0.4380000000000004,True
39.777,15,200.877829,1.0,0.3430903828304286,22,0.5291217753464794,0.4460000000000004,True
33.801,16,200.9931,1.0,0.34229633067310794,17,0.5202205734882838,0.39800000000000035,True
33.705,21,201.148268,1.0,0.32471647668574055,18,0.5640863654887575,0.5900000000000005,True
39.765,17,201.274066,1.0,0.34298365888208593,22,0.5111956551464956,0.4700000000000004,True
35.777,16,201.388571,1.0,0.3438257122589209,19,0.5014290026277057,0.4460000000000004,True
43.733,18,201.511379,1.0,0.3306885935051342,22,0.5470808627786383,0.5340000000000005,True
39.781,15,201.608122,1.0,0.33716968999145025,21,0.5302442659230778,0.4380000000000004,True
33.781,17,201.725129,1.0,0.33714192790488867,19,0.5165335750362279,0.4380000000000004,True
43.729,18,201.844776,1.0,0.32992302287121633,23,0.5254476960857667,0.5420000000000004,True
39.797,14,201.940136,1.0,0.3425004956286676,20,0.5219811773298978,0.40600000000000036,True
41.781,16,202.053641,1.0,0.3479658228355439,22,0.5036160635798844,0.4380000000000004,True
43.793,15,202.166353,1.0,0.335535828016495,23,0.5258622908480948,0.41400000000000037,True
37.773,17,202.306803,1.0,0.33761674396645536,19,0.5498050800669577,0.4540000000000004,True
39.777,16,202.435938,1.0,0.3451928137769781,20,0.518383617223419,0.4460000000000004,True
41.753,18,202.565889,1.0,0.3405766561341021,22,0.5159587688080973,0.49400000000000044,True
43.745,18,202.702275,1.0,0.3397592810613291,23,0.5140688976854362,0.5100000000000005,True
45.709,19,202.827805,1.0,0.32909359294886203,24,0.5415839427100584,0.5820000000000004,True
41.745,18,202.948287,1.0,0.3334665509201129,21,0.5327428890039154,0.5100000000000005,True
41.777,17,203.064804,1.0,0.33805736504521133,21,0.5133462224397398,0.4460000000000004,True
37.801,15,203.170969,1.0,0.338161097688659,19,0.5122552392682939,0.39800000000000035,True
41.713,18,203.301619,1.0,0.327693954315803,22,0.5440789161604859,0.5740000000000004,True
47.769,16,203.41661,1.0,0.33761290161797586,25,0.5206010973808904,0.4620000000000004,True
41.749,17,203.530227,1.0,0.33589365217194256,22,0.5226840479701966,0.5020000000000004,True
43.741,18,203.644642,1.0,0.33222939301469256,23,0.5181255970909187,0.5180000000000005,True
39.733,19,203.772805,1.0,0.33523642789756314,21,0.5312600894990797,0.5340000000000005,True
31.777,17,203.885727,1.0,0.34330763555501664,20,0.49871180179129954,0.4460000000000004,True
41.785,17,204.007504,1.0,0.33984622504791795,21,0.5216893883671083,0.4300000000000004,True
37.753,19,204.147852,1.0,0.33260632993511485,20,0.5154231879522345,0.49400000000000044,True
35.697,22,204.32211,1.0,0.3310610374898413,18,0.5112147685651095,0.6060000000000005,True
33.769,18,204.462051,1.0,0.3411851141019776,19,0.4971752739734772,0.4620000000000004,True
39.749,17,204.587393,1.0,0.3383128706390164,21,0.5220802634729542,0.5020000000000004,True
45.745,19,204.729557,1.0,0.3292699911142356,23,0.5514162253475554,0.5100000000000005,True
43.721,19,204.86969,1.0,0.3324937691149925,22,0.5210186826678413,0.5580000000000005,True
35.745,18,204.985401,1.0,0.3372231011466491,19,0.5287017340576716,0.5100000000000005,True
43.813,14,205.080064,1.0,0.3442593158236342,22,0.518479800519147,0.37400000000000033,True
33.745,19,205.208159,1.0,0.3391503826348235,17,0.5272379503285151,0.5100000000000005,True
41.732,20,205.353587,0.953125,0.36331375168578706,22,0.5088985954122494,0.5360000000000004,True
41.765,16,205.463763,1.0,0.3351717094615393,23,0.5247424674129852,0.4700000000000004,True
39.781,15,205.566658,1.0,0.3367706141666311,20,0.5200191524089264,0.4380000000000004,True
45.789,16,205.667889,1.0,0.34190954768598336,23,0.531472445751421,0.4220000000000004,True
41.781,15,205.773015,1.0,0.3388460832372311,21,0.5342698922458757,0.4380000000000004,True
39.761,18,205.895103,1.0,0.33344342349480455,21,0.5424804849809589,0.4780000000000004,True
43.753,17,206.005026,1.0,0.3342835246560997,22,0.5344163655055871,0.49400000000000044,True
43.793,16,206.122068,1.0,0.3445684309954108,22,0.5131644679852363,0.41400000000000037,True
43.797,16,206.245933,1.0,0.34128740616045594,24,0.5232081807581038,0.40600000000000036,True
37.765,19,206.405694,1.0,0.32979461193071136,19,0.5082732435381762,0.4700000000000004,True
39.769,18,206.529696,1.0,0.33582168693757003,20,0.5534385160485399,0.4620000000000004,True
43.789,16,206.650854,1.0,0.34657064205047494,22,0.5251178051657719,0.4220000000000004,True
39.73,20,206.789141,1.0,0.338920132362468,21,0.5140660217234918,0.5400000000000005,True
45.781,17,206.914069,1.0,0.34062500297895787,24,0.5233029011329795,0.4380000000000004,True
41.797,16,207.043876,1.0,0.33554553070796067,23,0.5278182025252793,0.40600000000000036,True
35.725,21,207.200094,1.0,0.3271679020925351,18,0.5053670255458622,0.5500000000000005,True
39.737,19,207.357667,1.0,0.33760451958735166,20,0.513471438699775,0.5260000000000005,True
41.773,16,207.477118,1.0,0.33903945491544646,23,0.5021427747425702,0.4540000000000004,True
29.741,19,207.619929,1.0,0.3343870376888567,16,0.5282805038030045,0.5180000000000005,True
41.781,17,207.733873,1.0,0.3378161311894402,21,0.5418091261068321,0.4380000000000004,True
43.749,18,207.862734,1.0,0.33534007149262374,24,0.5425710445349824,0.5020000000000004,True
41.765,17,207.990325,1.0,0.3436437576582082,21,0.524806450314123,0.4700000000000004,True
39.749,18,208.125409,1.0,0.33142062687205925,20,0.529018399545823,0.5020000000000004,True
39.765,17,208.252541,1.0,0.328530255119437,21,0.5241257875421519,0.4700000000000004,True
43.813,15,208.370077,1.0,0.34168533484416624,22,0.4945777788366301,0.37400000000000033,True
41.737,19,208.515322,1.0,0.33852297518525043,22,0.5116743447725519,0.5260000000000005,True
39.813,15,208.629836,1.0,0.346894607949216,22,0.49583502027734155,0.37400000000000033,True
43.765,18,208.761816,1.0,0.34261336679301857,23,0.5077343989979751,0.4700000000000004,True
39.778,17,208.883067,1.0,0.3471203576926555,20,0.5159322347108259,0.4440000000000004,True
