#{"t_start": 1790446949.1127486, "env_id": "None"}
r,l,t,coverage,mean_uncertainty,defects_found,miou,energy_used,success
1.975,2,1.504701,0.1171875,0.9207273082653729,1,0.03549476173867501,0.050000000000000044,True
1.975,2,1.513999,0.1171875,0.9203370061596254,1,0.03515868559183024,0.050000000000000044,True
3.943,4,1.535749,0.1171875,0.9205180209569063,3,0.09623268746932886,0.1140000000000001,True
-0.052,5,1.716899,0.0703125,0.9519621696261846,1,0.06218715118280607,0.10400000000000009,True
0.0,1,1.727287,0.0703125,0.9665623007772883,1,0.012693178681352018,0.0,True
0.0,1,1.738261,0.0703125,0.9656247709786827,0,0.01081605865043249,0.0,True
23.845,11,1.825091,0.703125,0.5252376920153603,13,0.3317763207046642,0.3100000000000003,True
15.817,11,1.889549,0.46875,0.668304072762265,8,0.25868377330409814,0.3660000000000002,True
35.813,15,1.993659,1.0,0.34725287178537756,18,0.490194638945891,0.37400000000000033,True
47.628,27,2.176158,1.0,0.3369062207640255,24,0.5545965647404899,0.7440000000000007,True
5.95,3,2.199922,0.234375,0.8446949541399029,4,0.07291962552637803,0.10000000000000009,True
39.786,17,2.308626,1.0,0.33654184471621984,21,0.5252441132705987,0.4280000000000004,True
29.5,40,2.606974,1.0,0.338076790042377,22,0.5401479747093239,1.0000000000000009,False
33.4995,39,2.884105,1.0,0.32965434905328667,22,0.5537895762173416,1.0010000000000008,False
33.499,40,3.170505,1.0,0.350272751591741,23,0.5199171975911283,1.002000000000001,False
41.645,28,3.373446,1.0,0.35161923927840233,22,0.5096431931469939,0.7100000000000006,True
31.4985,40,3.693738,1.0,0.33920123502168753,22,0.5240224327311858,1.0030000000000008,False
35.5,40,3.981755,1.0,0.35158020176873384,24,0.5107594569790688,1.0000000000000009,False
41.809,15,4.089325,1.0,0.3454884920941651,22,0.5169212069453404,0.38200000000000034,True
31.498,40,4.391542,1.0,0.34666119149334973,22,0.5116152535070753,1.004000000000001,False
41.729,20,4.553415,1.0,0.3480478470526831,21,0.5249149907408246,0.5420000000000005,True
29.5,40,4.855496,1.0,0.3506824244585519,20,0.5045048302104151,1.0000000000000009,False
33.5,40,5.155667,1.0,0.3475430502550576,23,0.4893879109253681,1.0000000000000009,False
33.498,40,5.470741,1.0,0.34811393513584177,22,0.5226021591353092,1.004000000000001,False
21.5,40,5.787914,1.0,0.34545252065502147,17,0.4990895822091306,1.0000000000000009,False
27.5,40,6.080924,1.0,0.3484657384886941,20,0.5210905501417394,1.0000000000000009,False
33.498,40,6.374405,1.0,0.34636071946400704,24,0.5054518842287602,1.004000000000001,False
35.499,40,6.68282,1.0,0.345342888413944,25,0.5086430317844021,1.002000000000001,False
21.4995,40,6.977372,1.0,0.3421186647332447,18,0.5226428086943439,1.0010000000000008,False
35.499,40,7.269948,1.0,0.34207747370246233,23,0.49480916854747675,1.002000000000001,False
33.5,40,7.569656,1.0,0.35173511286350984,22,0.5137180454465714,1.0000000000000009,False
35.499,40,7.889155,1.0,0.34858953560187916,24,0.5325421392944703,1.002000000000001,False
23.498,40,8.192904,1.0,0.3353267818275347,18,0.5231170490850207,1.004000000000001,False
31.499,40,8.48328,1.0,0.34427740955437713,22,0.5098174448979841,1.002000000000001,False
23.5,40,8.793115,1.0,0.3556641115405908,17,0.5158140591936436,1.0000000000000009,False
33.552,35,9.049703,1.0,0.34902827435939643,19,0.509520889475726,0.8960000000000008,True
27.905,7,9.100168,0.703125,0.5426165193643127,15,0.32762890027367936,0.19000000000000017,True
39.757,18,9.241472,1.0,0.34854460060850656,20,0.5265543907447117,0.48600000000000043,True
43.84,10,9.310666,0.953125,0.3855027781829937,23,0.49711388778763416,0.3200000000000002,True
35.4995,40,9.613926,1.0,0.34404196227879025,23,0.5142359960507601,1.0010000000000008,False
37.789,16,9.749176,1.0,0.3409288131189246,21,0.5189513794706817,0.4220000000000004,True
39.813,12,9.848411,1.0,0.34902929497988866,20,0.5045612736286977,0.3740000000000002,True
39.633,26,10.046088,1.0,0.34152362662175434,22,0.5211809233137779,0.7340000000000005,True
35.789,13,10.207321,1.0,0.34136218829636134,20,0.5067823183787845,0.42200000000000026,True
45.501,39,10.631081,1.0,0.3211483592303971,24,0.5753843058915671,0.9980000000000009,True
45.519,35,11.026334,1.0,0.33329904530826704,23,0.5505156748555196,0.9620000000000007,True
41.613,28,11.303898,1.0,0.3358982051436572,22,0.5381754314776062,0.7740000000000006,True
39.733,20,12.819738,1.0,0.3467005653028693,21,0.5041149840018456,0.5340000000000005,True
43.583,31,13.166996,1.0,0.34625647490518147,23,0.5229520047168159,0.8340000000000007,True
35.805,13,13.318865,1.0,0.34388282825512817,18,0.5169367275846553,0.39000000000000024,True
45.805,12,13.44695,1.0,0.34653908150469026,24,0.49835689486583257,0.39000000000000024,True
31.84,10,13.553359,0.953125,0.38138812793270316,17,0.4882641840545362,0.3200000000000002,True
13.905,5,13.608438,0.46875,0.6993397786513739,10,0.256972618134576,0.19000000000000006,True
15.905,6,13.674638,0.5859375,0.6126803364689066,8,0.22435881696968976,0.19000000000000017,True
35.677,24,13.972724,1.0,0.3384954476754748,18,0.547209126735784,0.6460000000000006,True
41.745,20,14.215961,1.0,0.3486015495096567,23,0.5011727423370165,0.5100000000000005,True
39.785,16,14.367025,1.0,0.35320679233164265,23,0.48062300717795436,0.4300000000000004,True
31.4985,37,14.617054,1.0,0.30614230653922325,22,0.608038276254677,1.0030000000000008,False
33.766,18,14.737565,1.0,0.34340618169905796,17,0.5250191217006939,0.4680000000000004,True
39.681,24,14.909873,1.0,0.33492744539245284,22,0.5239850964326548,0.6380000000000006,True
45.781,16,15.018369,1.0,0.3417825613291203,23,0.5370602396245704,0.4380000000000004,True
37.733,19,15.166598,1.0,0.34856314975969493,19,0.5095920366398656,0.5340000000000005,True
47.685,23,15.322461,1.0,0.3376349873656971,24,0.531517766538969,0.6300000000000006,True
33.825,11,15.418846,1.0,0.3491666994442906,18,0.5049446227012623,0.3500000000000002,True
37.825,14,15.537137,1.0,0.3543892920083433,21,0.49509881686887647,0.3500000000000003,True
33.825,13,15.630456,1.0,0.3445751798427706,18,0.5078652314014769,0.3500000000000003,True
35.569,32,15.863131,1.0,0.33270257413943594,21,0.5465835844180067,0.8620000000000008,True
35.733,20,16.004712,1.0,0.3505542172778704,19,0.4967229363242173,0.5340000000000005,True
35.825,12,16.10979,1.0,0.34888332117696685,18,0.5104750513939944,0.3500000000000003,True
45.785,14,16.208941,1.0,0.3422172826613677,25,0.5185811914066336,0.43000000000000027,True
31.84,10,16.279406,0.953125,0.38236396714628496,19,0.4769242143183783,0.3200000000000002,True
43.825,12,16.363767,1.0,0.3510069067239899,22,0.5091252618042209,0.3500000000000003,True
37.84,10,16.441828,0.953125,0.3757638412843499,19,0.43966859409316694,0.3200000000000002,True
43.825,14,16.539385,1.0,0.35035166113783167,22,0.48101734930005785,0.3500000000000003,True
43.809,14,16.640269,1.0,0.3494093686081957,22,0.5106154191957359,0.38200000000000034,True
35.865,9,16.703138,0.875,0.4310764218017529,19,0.4336388727662556,0.27000000000000024,True
47.693,23,16.867453,1.0,0.34333961683700276,24,0.5389257784109355,0.6140000000000005,True
41.729,21,17.013412,1.0,0.35014129676533856,22,0.48878523950020647,0.5420000000000005,True
27.905,7,17.065388,0.703125,0.5447541776651765,15,0.37619372100291026,0.19000000000000017,True
39.809,15,17.189367,1.0,0.3486326928744773,20,0.5232128141276937,0.38200000000000034,True
31.76,17,17.308583,1.0,0.34821639043157304,19,0.49944182515304764,0.4800000000000003,True
39.765,15,17.418391,1.0,0.3362058503926115,22,0.5352689791324436,0.4700000000000003,True
39.637,28,17.609203,1.0,0.34534362557927545,22,0.524509462017533,0.7260000000000006,True
39.653,25,17.79004,1.0,0.3493314684900223,20,0.5087026581912902,0.6940000000000005,True
45.733,19,17.925402,1.0,0.34657658718469986,23,0.5232152208179949,0.5340000000000005,True
41.773,17,18.045077,1.0,0.34754417539382393,21,0.5136230493048441,0.4540000000000004,True
31.905,7,18.091818,0.703125,0.5463690009081075,18,0.36986972204094487,0.19000000000000017,True
37.757,18,18.234608,1.0,0.34381618378300705,20,0.5328089362586111,0.48600000000000043,True
41.824,11,18.309185,0.953125,0.3827867108744182,22,0.49035527181056826,0.3520000000000002,True
37.757,18,18.439205,1.0,0.34263656601570436,20,0.5016168295413246,0.48600000000000043,True
43.825,12,18.525535,1.0,0.34719670071524483,24,0.5036535472600172,0.3500000000000003,True
31.89,8,18.578947,0.796875,0.4797999907255331,16,0.38240190416211506,0.2200000000000002,True
35.865,9,18.640486,0.875,0.42957694580361394,18,0.4202511201849105,0.27000000000000024,True
37.757,18,18.766152,1.0,0.34515118901011393,20,0.5194315471606268,0.48600000000000043,True
33.809,12,18.856291,1.0,0.3428521743711041,19,0.5159486778489824,0.38200000000000023,True
41.825,12,18.941871,1.0,0.35040071101489934,23,0.4965499940717905,0.3500000000000003,True
39.841,11,19.018377,0.875,0.4250536466339253,20,0.4682276278524423,0.3180000000000003,True
37.801,15,19.124819,1.0,0.344863184152783,21,0.5302928469886846,0.39800000000000035,True
41.825,13,19.22893,1.0,0.35109615261137717,21,0.49987638951385355,0.3500000000000003,True
35.753,18,19.359952,1.0,0.34726402523810385,18,0.5033136339059401,0.49400000000000044,True
35.733,19,19.509663,1.0,0.3501105694720752,20,0.5144758073691358,0.5340000000000005,True
33.865,9,19.57108,0.875,0.4338063561874056,20,0.4581935240147821,0.27000000000000024,True
41.685,23,19.741075,1.0,0.33436774513948864,21,0.5385601726435689,0.6300000000000006,True
43.813,13,19.834936,1.0,0.346092841185064,22,0.5000655450403813,0.37400000000000033,True
41.769,17,19.955451,1.0,0.3447391208593296,22,0.5232705700583605,0.4620000000000004,True
41.708,21,20.112436,1.0,0.33719680883269676,22,0.5509824381838434,0.5840000000000005,True
31.824,11,20.183436,0.953125,0.37295887732985655,18,0.4880009900366201,0.3520000000000002,True
41.813,13,20.295943,1.0,0.3461122841960105,21,0.5091984926589043,0.37400000000000033,True
41.769,17,20.420485,1.0,0.3471412924802737,21,0.5034106693729792,0.4620000000000004,True
35.865,9,20.482054,0.875,0.4395758504490116,21,0.4803733418899274,0.27000000000000024,True
35.724,19,20.626483,1.0,0.3436569085844128,18,0.5427650182766847,0.5520000000000005,True
21.925,4,20.651948,0.3515625,0.773780676764817,11,0.21322930521878072,0.15000000000000013,True
41.766,18,20.794374,1.0,0.3449199175191833,22,0.5177750321070014,0.4680000000000004,True
25.849,10,20.874458,0.875,0.4274850872893372,13,0.397860651445541,0.30200000000000027,True
41.825,11,20.944417,1.0,0.35415186341524363,22,0.49801780677044655,0.3500000000000002,True
29.84,10,21.01159,0.953125,0.3842911071238576,17,0.49981898711663253,0.3200000000000002,True
35.825,11,21.098977,1.0,0.34708407793780377,20,0.5004474224552758,0.3500000000000002,True
37.809,12,21.197452,1.0,0.3445048823974348,20,0.5209069848046821,0.38200000000000023,True
15.925,4,21.228978,0.3515625,0.7816499497447398,10,0.25958309599052753,0.15000000000000013,True
41.781,17,21.369702,1.0,0.33953328118599163,22,0.5064497286810286,0.4380000000000004,True
51.797,16,21.484859,1.0,0.3490496160848129,26,0.5018586359266254,0.40600000000000036,True
35.697,22,21.649932,1.0,0.3431089922345787,19,0.5477672115194248,0.6060000000000005,True
45.824,12,21.732581,0.953125,0.3774016785542209,24,0.5066105238709683,0.3520000000000002,True
37.845,10,21.805302,0.875,0.4279397917190434,20,0.447074381883437,0.3100000000000003,True
39.825,11,21.887266,1.0,0.35101663830720387,20,0.5022939174902378,0.3500000000000002,True
39.84,10,21.960324,0.953125,0.37975388364830165,21,0.4568771777174371,0.3200000000000002,True
35.89,8,22.020818,0.796875,0.4924299069404168,18,0.46575466302303564,0.2200000000000002,True
41.789,17,22.141849,1.0,0.34164779236753673,22,0.5288622829068059,0.4220000000000004,True
39.84,10,22.215946,0.953125,0.37757823306739396,20,0.45337387645480354,0.3200000000000002,True
41.793,13,22.320517,1.0,0.3439539001540465,23,0.5017934049157096,0.41400000000000026,True
35.798,16,22.874609,1.0,0.3485551542195355,19,0.5023902105791845,0.40400000000000036,True
45.777,14,22.974764,1.0,0.3413272341829773,24,0.5475520339005132,0.4460000000000003,True
45.809,14,23.084302,1.0,0.3483705091567948,23,0.5207014902621593,0.38200000000000034,True
39.809,14,23.183259,1.0,0.3471903917744853,20,0.5118110556249799,0.38200000000000034,True
41.781,17,23.304872,1.0,0.33505773654791404,22,0.5321064543708298,0.4380000000000004,True
45.794,16,23.442051,1.0,0.3495732137193566,23,0.5078105121939954,0.41200000000000037,True
41.76,17,23.567763,1.0,0.3517835343592877,21,0.49838705813701806,0.4800000000000003,True
43.797,14,23.665463,1.0,0.34191286288680534,23,0.5186725151986951,0.40600000000000036,True
35.825,14,23.76355,1.0,0.350887224959221,20,0.5095467902637021,0.3500000000000003,True
43.813,13,23.861027,1.0,0.34825406509524887,22,0.5000956982518381,0.37400000000000033,True
39.809,14,23.958781,1.0,0.35200058747203955,20,0.5101484298547284,0.38200000000000034,True
41.809,14,24.060542,1.0,0.34621150331745576,21,0.5182047759441384,0.38200000000000034,True
43.669,25,24.272409,1.0,0.33509895063024747,23,0.5229069982925476,0.6620000000000006,True
35.766,18,24.489008,1.0,0.33490422464903113,18,0.5390301968587701,0.4680000000000004,True
43.825,11,24.607751,1.0,0.3530346892703323,24,0.5022281156028462,0.3500000000000002,True
35.754,19,24.801826,1.0,0.33913039337280815,19,0.5404402012457916,0.49200000000000044,True
37.757,18,24.995885,1.0,0.3460497984044194,20,0.5201645362192168,0.48600000000000043,True
45.777,18,25.183802,1.0,0.331757631859936,24,0.5575575656909328,0.4460000000000004,True
41.773,16,25.349726,1.0,0.33673712637041187,21,0.533129074708423,0.4540000000000004,True
35.84,10,25.463583,0.953125,0.3838890067982489,18,0.4731777541901494,0.3200000000000002,True
41.853,10,25.569422,0.875,0.4301945183986047,21,0.415181108041561,0.29400000000000026,True
39.825,14,25.72521,1.0,0.35214782003269673,20,0.48696137875419143,0.3500000000000003,True
31.84,10,25.842177,0.953125,0.3786533585817806,17,0.4730618181728269,0.3200000000000002,True
39.708,21,26.066549,1.0,0.33159629178955363,21,0.5415069960645947,0.5840000000000005,True
43.777,15,26.218064,1.0,0.3362320188463214,22,0.516074426381365,0.4460000000000004,True
39.825,13,26.347068,1.0,0.3511113096468427,21,0.5030880638636964,0.3500000000000003,True
37.725,19,26.546695,1.0,0.34824424315237257,19,0.49003549508010147,0.5500000000000005,True
45.745,18,26.727258,1.0,0.3501141030174993,25,0.49343814144656994,0.5100000000000005,True
41.745,18,26.908862,1.0,0.35470276969121495,21,0.5017892035534544,0.5100000000000005,True
33.794,16,27.064555,1.0,0.344790561640721,20,0.49796603136993745,0.41200000000000037,True
39.76,17,27.236181,1.0,0.35208300591192543,21,0.5143904916257309,0.4800000000000003,True
35.825,14,27.385426,1.0,0.35169195259514013,19,0.4966937674684776,0.3500000000000003,True
39.785,16,27.57449,1.0,0.3520404842428036,21,0.49968018898580185,0.4300000000000004,True
39.798,16,27.750693,1.0,0.3457146844502325,21,0.5053460114288657,0.40400000000000036,True
31.765,17,27.930057,1.0,0.3463011320488747,16,0.5263740658094523,0.4700000000000004,True
35.825,12,28.075858,1.0,0.35104960586024936,20,0.5021797100099563,0.3500000000000003,True
35.753,18,28.29159,1.0,0.34802893541926216,20,0.5257465017161926,0.49400000000000044,True
41.825,11,28.417584,1.0,0.35091621859820604,23,0.4947462769817702,0.3500000000000002,True
37.797,16,28.552725,1.0,0.34240520778910255,22,0.5266685931331497,0.40600000000000036,True
27.76,17,28.67786,1.0,0.3536609455503694,16,0.5017166782559188,0.4800000000000003,True
39.825,13,28.782223,1.0,0.35046670655357715,20,0.49369962116424043,0.3500000000000003,True
47.789,16,28.89482,1.0,0.33941169464306464,24,0.537372594280351,0.4220000000000004,True
37.748,18,29.017822,1.0,0.343597118073496,20,0.5019109761656364,0.5040000000000004,True
35.84,10,29.091785,0.953125,0.381285391600214,20,0.4495697230865362,0.3200000000000002,True
39.853,10,29.15938,0.875,0.4320932762103693,21,0.46435051213372563,0.29400000000000026,True
45.813,12,29.238837,1.0,0.3458525734468311,23,0.5057574059021276,0.3740000000000002,True
45.825,13,29.335289,1.0,0.3516743692810614,23,0.522021143760602,0.3500000000000003,True
41.805,14,29.43752,1.0,0.3460881291134326,21,0.5071026530347857,0.39000000000000035,True
39.769,17,29.554735,1.0,0.35113432956523116,21,0.4988705013861307,0.4620000000000004,True
41.825,12,29.639196,1.0,0.3529024912052795,22,0.4966397471128404,0.3500000000000003,True
35.813,12,29.729765,1.0,0.34561417765151237,18,0.5246969015668091,0.3740000000000002,True
41.825,13,29.834567,1.0,0.3460156968194119,22,0.4951118363143012,0.3500000000000003,True
35.81,15,29.938781,1.0,0.35033581096535177,19,0.4884746238800105,0.38000000000000034,True
39.813,15,30.046377,1.0,0.349266598688558,20,0.508581254410965,0.37400000000000033,True
43.808,12,30.128521,0.953125,0.37118547147851183,23,0.49126817445901355,0.38400000000000023,True
39.825,12,30.208236,1.0,0.35429305591544547,20,0.498414141710702,0.3500000000000003,True
35.765,17,30.332956,1.0,0.33550786035403357,20,0.5523236303293254,0.4700000000000004,True
39.793,16,30.44119,1.0,0.34049574278414807,22,0.5255551813539323,0.41400000000000037,True
35.825,13,30.531235,1.0,0.35743078635972125,19,0.5117766138343298,0.3500000000000003,True
37.828,11,30.609771,0.953125,0.37730543633284547,24,0.5115904232480093,0.3440000000000002,True
41.865,9,30.677477,0.875,0.4306538257567794,22,0.4404748492272733,0.27000000000000024,True
43.865,9,30.741557,0.875,0.43721861883841145,22,0.47834292976021237,0.27000000000000024,True
39.825,12,30.835741,1.0,0.34937225449968257,21,0.5144659991438442,0.3500000000000003,True
41.813,12,30.933184,1.0,0.3508401142527049,22,0.5040162899848034,0.3740000000000002,True
47.797,13,31.016613,1.0,0.3450032010867584,24,0.5095014965866131,0.40600000000000025,True
41.865,9,31.08089,0.875,0.43451769673290763,21,0.4497405408301427,0.27000000000000024,True
39.813,15,31.20635,1.0,0.3461561122054726,20,0.4893453647435978,0.37400000000000033,True
37.749,19,31.338269,1.0,0.33991553959963605,21,0.511455844436532,0.5020000000000004,True
35.825,12,31.422552,1.0,0.35502332500992734,19,0.5089831135612741,0.3500000000000003,True
45.745,18,31.546809,1.0,0.3560192201074428,23,0.5082581992379073,0.5100000000000005,True
43.729,19,31.677878,1.0,0.34242597908242267,22,0.5214672230113924,0.5420000000000005,True
41.809,13,31.771331,1.0,0.3506993342831981,22,0.5241366512908903,0.38200000000000034,True
31.865,9,31.852529,0.875,0.4316125615459744,17,0.4590573587395149,0.27000000000000024,True
33.813,12,31.935662,1.0,0.3426428915235699,18,0.5157415971769889,0.3740000000000002,True
41.732,19,32.081736,1.0,0.3395941883744722,21,0.49813244182199146,0.5360000000000005,True
41.809,14,32.202606,1.0,0.34856132860775013,21,0.5233698871983765,0.38200000000000034,True
39.84,10,32.271791,0.953125,0.3817727952009995,21,0.49860832944792705,0.3200000000000002,True
47.825,12,32.357546,1.0,0.3489452675387694,24,0.476291784612729,0.3500000000000003,True
39.76,17,32.480456,1.0,0.35169573436647217,20,0.49809041943361004,0.4800000000000003,True
31.745,20,32.620927,1.0,0.3548936170357305,17,0.48776170053340295,0.5100000000000005,True
35.865,9,32.682322,0.875,0.4350989710726026,18,0.4493627891709157,0.27000000000000024,True
37.809,15,32.78888,1.0,0.3460448624657134,19,0.5039383051710061,0.38200000000000034,True
39.798,16,32.917038,1.0,0.34834420206100924,21,0.49286843695343496,0.40400000000000036,True
37.84,10,32.985098,0.953125,0.38472710129987064,21,0.4696375302198108,0.3200000000000002,True
37.84,10,33.054004,0.953125,0.3774111759003942,21,0.4541089409240526,0.3200000000000002,True
41.825,11,33.128135,1.0,0.3481805866573324,22,0.4988003042714286,0.3500000000000002,True
37.769,17,33.247671,1.0,0.34802078660452196,20,0.49619336622045906,0.4620000000000004,True
47.801,13,33.334913,1.0,0.34902035304048246,24,0.5340146821254991,0.39800000000000024,True
33.813,13,33.737277,1.0,0.34623825012286835,19,0.5228512311574159,0.37400000000000033,True
33.89,8,33.79235,0.796875,0.48416020137913174,19,0.41660648564644515,0.2200000000000002,True
45.825,13,33.883322,1.0,0.34809083348223985,23,0.4995003437143096,0.3500000000000003,True
41.825,14,33.999465,1.0,0.3526882066686457,21,0.49619240207683235,0.3500000000000003,True
35.733,19,34.13657,1.0,0.3475539498739624,19,0.5232285307295801,0.5340000000000005,True
37.797,14,34.231705,1.0,0.34563856644884416,21,0.49533049804962964,0.40600000000000036,True
39.825,14,34.332794,1.0,0.35194809718591563,20,0.502399077862688,0.3500000000000003,True
35.769,17,34.460074,1.0,0.34370200297434544,20,0.5287443086382889,0.4620000000000004,True
31.813,15,34.579721,1.0,0.3476203181584496,17,0.5129450993027731,0.37400000000000033,True
31.825,13,34.67323,1.0,0.3473349535250824,18,0.4891645814051093,0.3500000000000003,True
37.785,16,34.782856,1.0,0.3502618048168347,19,0.5297097805857184,0.4300000000000004,True
41.758,18,34.914633,1.0,0.3367567583157399,23,0.5258892168825485,0.48400000000000043,True
45.809,15,35.034896,1.0,0.34592187283636555,23,0.5301170547986526,0.38200000000000034,True
41.84,10,35.103283,0.953125,0.3796465756995261,22,0.4868321677926868,0.3200000000000002,True
37.825,12,35.192386,1.0,0.3467817099263067,20,0.5014892559333366,0.3500000000000003,True
39.801,16,35.306119,1.0,0.3459604535130236,21,0.5166063191596268,0.39800000000000035,True
29.729,19,35.443766,1.0,0.3475681528688797,15,0.5030646747564762,0.5420000000000005,True
39.717,21,35.593062,1.0,0.3435984604606168,22,0.5217677323267733,0.5660000000000005,True
37.757,18,35.719168,1.0,0.3467302234427516,20,0.5458005689037416,0.48600000000000043,True
39.825,11,35.796689,1.0,0.3500502927843131,20,0.4836956288219483,0.3500000000000002,True
41.813,14,35.895606,1.0,0.34800628046604426,23,0.5031532320113631,0.37400000000000033,True
43.649,24,36.075865,1.0,0.3332129461143548,23,0.5514166507154978,0.7020000000000006,True
39.813,15,36.188193,1.0,0.3484372998919407,21,0.502434162534512,0.37400000000000033,True
33.817,15,36.294399,1.0,0.34676593755450025,18,0.52569229605048,0.3660000000000003,True
41.825,12,36.382097,1.0,0.35005326809516646,22,0.5059356318402176,0.3500000000000003,True
31.793,15,36.489132,1.0,0.3406587981155238,17,0.5219134822309267,0.41400000000000037,True
33.773,18,36.615174,1.0,0.3340733957077414,18,0.506384980852161,0.4540000000000004,True
39.828,11,36.696235,0.953125,0.38014405036110166,22,0.4760667571945145,0.3440000000000002,True
39.736,19,36.828897,1.0,0.34349656687416,21,0.5131851315148833,0.5280000000000005,True
41.748,18,36.957274,1.0,0.346199067705391,22,0.5139541948361327,0.5040000000000004,True
39.809,15,37.07634,1.0,0.35190930068376236,20,0.49332226170348553,0.38200000000000034,True
35.745,19,37.214931,1.0,0.3509387409460208,19,0.48910666611381726,0.5100000000000005,True
43.785,16,37.327313,1.0,0.3366968701761528,23,0.5164710010079747,0.4300000000000004,True
39.797,13,37.423277,1.0,0.3438474233829747,20,0.5334881927944061,0.40600000000000025,True
37.81,15,37.529956,1.0,0.34927245695302545,19,0.5031673243188672,0.38000000000000034,True
43.825,14,37.626501,1.0,0.3542435267862675,23,0.5056957473384732,0.3500000000000003,True
39.809,15,37.736443,1.0,0.34809094767399423,21,0.5088550242253814,0.38200000000000034,True
29.825,12,37.820198,1.0,0.35113539521444426,16,0.5168577982338532,0.3500000000000003,True
39.809,12,37.907779,1.0,0.35131171031763836,21,0.5029155481245451,0.38200000000000023,True
39.81,15,38.015701,1.0,0.35314419518689055,20,0.5000087911081118,0.38000000000000034,True
45.825,12,38.119367,1.0,0.35413590179082566,23,0.5077146172578082,0.3500000000000003,True
41.789,16,38.22857,1.0,0.34277680470009336,21,0.5188785959652256,0.4220000000000004,True
45.825,11,38.306033,1.0,0.3477796853338606,23,0.4865923424611568,0.3500000000000002,True
43.778,17,38.434657,1.0,0.34289773781472876,22,0.5178515219043175,0.4440000000000004,True
41.825,12,38.550788,1.0,0.3525895690408982,21,0.5201888721632599,0.3500000000000003,True
37.84,10,38.664557,0.953125,0.382474982166767,20,0.47678133186707444,0.3200000000000002,True
37.785,16,38.840569,1.0,0.3512546604371506,19,0.49940563735817545,0.4300000000000004,True
35.865,9,38.932427,0.875,0.43342917568042133,20,0.42844752029732847,0.27000000000000024,True
33.825,14,39.083148,1.0,0.35268549139159466,18,0.5092113895280727,0.3500000000000003,True
41.825,13,39.233399,1.0,0.3529398130034408,22,0.4885519657341214,0.3500000000000003,True
47.824,11,39.347615,0.953125,0.38234350462188615,25,0.5084255653587545,0.3520000000000002,True
43.825,12,39.475871,1.0,0.3510688670785163,22,0.4911670638073678,0.3500000000000003,True
37.785,14,39.612822,1.0,0.3390287677390438,21,0.5267975394918709,0.43000000000000027,True
35.781,16,39.784553,1.0,0.3376570114711762,18,0.520336596055749,0.4380000000000004,True
29.825,13,39.942353,1.0,0.34924456592261205,17,0.49718987649288604,0.3500000000000003,True
41.813,15,40.114272,1.0,0.3421878356556981,23,0.5141003766682559,0.37400000000000033,True
41.748,18,40.339484,1.0,0.35277986401048383,22,0.50499464617434,0.5040000000000004,True
35.749,18,40.524331,1.0,0.34275040274996255,19,0.513361377989641,0.5020000000000004,True
33.786,17,40.718253,1.0,0.3430118162352285,19,0.5263898784545727,0.4280000000000004,True
35.798,16,40.879874,1.0,0.3495702267471227,20,0.499624208418324,0.40400000000000036,True
31.79,16,41.055386,1.0,0.3484607542368129,17,0.5218216562408167,0.4200000000000004,True
37.825,14,41.211709,1.0,0.3513785417582241,22,0.48780364930680514,0.3500000000000003,True
31.729,21,41.451068,1.0,0.3413754851885211,16,0.5105640900890733,0.5420000000000005,True
43.778,17,41.652731,1.0,0.3391002555559245,22,0.509576161454135,0.4440000000000004,True
47.782,17,41.836927,1.0,0.3482316135455131,25,0.5222661277890011,0.4360000000000004,True
45.729,20,42.04447,1.0,0.34757402642994223,24,0.5185194411371372,0.5420000000000005,True
45.785,17,42.249553,1.0,0.3366914264959101,23,0.5192642471359714,0.4300000000000004,True
37.825,13,42.421839,1.0,0.3512458395418439,19,0.49528656884911776,0.3500000000000003,True
39.773,17,42.616344,1.0,0.33696267121069456,21,0.5018078202851227,0.4540000000000004,True
35.825,12,42.722568,1.0,0.3530252719796696,20,0.5142071503716518,0.3500000000000003,True
37.825,11,42.800255,1.0,0.34838439559446005,20,0.5042756511515814,0.3500000000000002,True
37.817,13,42.893138,1.0,0.34713012595227966,20,0.5139172846713673,0.3660000000000003,True
35.865,9,42.956903,0.875,0.4346212188968078,19,0.4509132159909336,0.27000000000000024,True
41.825,13,43.050556,1.0,0.35249987837558533,23,0.49286880752570067,0.3500000000000003,True
33.785,16,43.167698,1.0,0.34676771189046984,17,0.504134383401892,0.4300000000000004,True
39.813,14,43.268077,1.0,0.34613036441653405,20,0.5251661933556014,0.37400000000000033,True
31.825,12,43.350821,1.0,0.3514256358598504,18,0.49838600044444414,0.3500000000000003,True
41.717,21,43.52061,1.0,0.3422382553495855,21,0.5337243846351811,0.5660000000000005,True
37.797,16,43.63098,1.0,0.34705942082654384,21,0.5407532112687012,0.40600000000000036,True
29.809,14,43.725559,1.0,0.3482891882588842,16,0.5041938499118832,0.38200000000000034,True
33.809,14,43.825388,1.0,0.35277746248912056,17,0.5010871925836667,0.38200000000000034,True
41.805,14,43.923839,1.0,0.3499625689177974,22,0.5180371772496922,0.39000000000000035,True
41.809,13,44.014864,1.0,0.3465036754932229,23,0.5123436461617729,0.38200000000000034,True
37.809,12,44.09736,1.0,0.3471124018614531,21,0.5062563281388637,0.38200000000000023,True
37.825,12,44.579304,1.0,0.35004077808656603,20,0.5131107182464171,0.3500000000000003,True
37.825,11,44.657307,1.0,0.3500681781417624,21,0.5081167648231066,0.3500000000000002,True
37.81,15,44.767454,1.0,0.35040437595975704,21,0.5075897025965683,0.38000000000000034,True
43.789,17,44.910163,1.0,0.3483230678575461,22,0.5142819457370859,0.4220000000000004,True
41.809,13,45.008222,1.0,0.34844563015998264,23,0.5133610392660803,0.38200000000000034,True
45.809,12,45.089397,1.0,0.344435265845354,23,0.5259272598729329,0.38200000000000023,True
39.825,11,45.174462,1.0,0.34775496590433347,24,0.49098125820357347,0.3500000000000002,True
45.813,14,45.276696,1.0,0.34659160808982653,23,0.502196643481059,0.37400000000000033,True
39.785,16,45.393465,1.0,0.35147364971292105,20,0.5140272864889528,0.4300000000000004,True
35.785,17,45.530277,1.0,0.340440808751981,19,0.5110492372430235,0.4300000000000004,True
39.817,15,45.640517,1.0,0.3527248674924087,22,0.4915659626360193,0.3660000000000003,True
37.813,15,45.7484,1.0,0.347956074294889,19,0.5127752952131688,0.37400000000000033,True
37.777,16,45.863005,1.0,0.341834470004853,21,0.5160867044294521,0.4460000000000004,True
43.809,13,45.957889,1.0,0.3441063318460991,23,0.5163529997066514,0.38200000000000034,True
37.825,14,46.052529,1.0,0.3492719514764112,19,0.5202049448074872,0.3500000000000003,True
37.825,11,46.131796,1.0,0.34790069955540315,19,0.5033049953884023,0.3500000000000002,True
35.766,18,46.254294,1.0,0.33605015584135056,20,0.5291491683887934,0.4680000000000004,True
37.793,15,46.361611,1.0,0.3472159518152791,20,0.5031229157390281,0.41400000000000037,True
45.84,10,46.438063,0.953125,0.3756314989083708,23,0.4709947833003312,0.3200000000000002,True
39.805,16,46.563069,1.0,0.3439637929923326,20,0.5382393724977249,0.39000000000000035,True
41.809,14,46.666051,1.0,0.3448571504823327,22,0.5242516377137317,0.38200000000000034,True
35.744,18,46.791932,1.0,0.34963830029867454,19,0.517308627702472,0.5120000000000005,True
49.785,16,46.902978,1.0,0.338791787581993,25,0.5416262150849005,0.4300000000000004,True
39.745,19,47.042923,1.0,0.34694009535890236,21,0.5073184192600834,0.5100000000000005,True
35.809,15,47.147458,1.0,0.34772304041154434,18,0.5262805181477037,0.38200000000000034,True
41.797,16,47.258068,1.0,0.34611303632008095,21,0.5319314288176444,0.40600000000000036,True
49.813,14,47.357075,1.0,0.34618565400961265,25,0.5122992941483886,0.37400000000000033,True
43.825,14,47.464571,1.0,0.3493048676264432,22,0.5007404328619766,0.3500000000000003,True
39.825,14,47.581405,1.0,0.3493488830944784,21,0.5046134291325901,0.3500000000000003,True
35.81,15,47.689149,1.0,0.3506490410851274,18,0.49730687426541426,0.38000000000000034,True
43.809,15,47.790654,1.0,0.3493298215670375,23,0.5166481637014113,0.38200000000000034,True
43.825,14,47.89111,1.0,0.3512592878551587,23,0.5058899709519538,0.3500000000000003,True
41.809,15,47.999397,1.0,0.3466520484375173,21,0.49820158472307097,0.38200000000000034,True
33.793,16,48.110802,1.0,0.34811322367227027,19,0.5073220082831553,0.41400000000000037,True
35.828,11,48.186635,0.953125,0.38187185332083806,20,0.524132681434014,0.3440000000000002,True
41.809,12,48.273101,1.0,0.3469930419541595,22,0.4870296417620976,0.38200000000000023,True
41.825,13,48.371763,1.0,0.3499313831456632,22,0.5020766405361001,0.3500000000000003,True
43.825,14,48.472115,1.0,0.352680763550108,22,0.48407181054218024,0.3500000000000003,True
43.825,14,48.574935,1.0,0.348190435329378,23,0.5171421442807476,0.3500000000000003,True
43.825,12,48.677024,1.0,0.3535554368252952,22,0.5019162662506256,0.3500000000000003,True
43.809,15,48.780001,1.0,0.34685579736647437,23,0.5188753017902364,0.38200000000000034,True
49.825,11,48.860013,1.0,0.34858588167374355,25,0.49802300160889845,0.3500000000000002,True
41.809,15,48.969615,1.0,0.35376442250086393,22,0.5152953042167427,0.38200000000000034,True
43.825,14,49.069277,1.0,0.35052051562248043,22,0.4938233082960518,0.3500000000000003,True
35.825,13,49.161551,1.0,0.35143504337788284,20,0.5025499888857607,0.3500000000000003,True
35.769,17,49.284595,1.0,0.3506606555044167,18,0.5281193012281549,0.4620000000000004,True
37.825,12,49.380766,1.0,0.3450680146433252,19,0.5180076523269542,0.3500000000000003,True
31.782,17,49.496603,1.0,0.3422011227079721,17,0.5321071435600339,0.4360000000000004,True
43.796,13,49.583659,0.953125,0.37237752369356364,22,0.4999704847130485,0.40800000000000025,True
35.825,13,49.695564,1.0,0.3525694285969495,21,0.48899642155491146,0.3500000000000003,True
37.777,17,49.814245,1.0,0.3388479800132689,19,0.5249540443986866,0.4460000000000004,True
31.785,16,49.923089,1.0,0.3424881679604863,19,0.5248094999432146,0.4300000000000004,True
41.825,12,50.017706,1.0,0.350897860151713,23,0.4999294721893595,0.3500000000000003,True
37.825,13,50.110334,1.0,0.3527075476913011,21,0.4901714500748234,0.3500000000000003,True
45.825,13,50.204669,1.0,0.35223446025679545,23,0.5148196952922878,0.3500000000000003,True
39.81,15,50.318657,1.0,0.3508313950130654,20,0.4960092333130817,0.38000000000000034,True
39.825,13,50.417093,1.0,0.35365539021197556,21,0.5009380643759519,0.3500000000000003,True
45.825,11,50.495794,1.0,0.35178768096207114,23,0.49484475497659436,0.3500000000000002,True
43.817,14,50.604414,1.0,0.34432947928600244,22,0.5091985213283828,0.3660000000000003,True
29.797,15,50.73564,1.0,0.35024666840966157,15,0.521193980510506,0.40600000000000036,True
43.809,15,50.846482,1.0,0.3497641979541865,22,0.492679570278178,0.38200000000000034,True
33.825,12,50.947568,1.0,0.34694368992317004,17,0.4903145815368078,0.3500000000000003,True
45.813,12,51.035331,1.0,0.3512379734513337,23,0.5016016018558493,0.3740000000000002,True
29.809,15,51.157761,1.0,0.35068757851367305,17,0.4909708226995458,0.38200000000000034,True
37.809,14,51.259893,1.0,0.3436749952291078,20,0.5190507352152784,0.38200000000000034,True
43.809,15,51.369228,1.0,0.35098068112183606,22,0.5299839383339517,0.38200000000000034,True
39.785,16,51.49234,1.0,0.3353834424992911,21,0.540551208022091,0.4300000000000004,True
45.825,14,51.592121,1.0,0.3500912405702147,23,0.4946849506801767,0.3500000000000003,True
37.778,17,51.748792,1.0,0.3457997833354833,20,0.5414811574092748,0.4440000000000004,True
39.701,21,51.902114,1.0,0.3399206646437982,20,0.5568531999100115,0.5980000000000005,True
41.809,15,52.012476,1.0,0.34628298342905683,21,0.5009974391010954,0.38200000000000034,True
43.781,16,52.127064,1.0,0.34006548127077996,22,0.5371980629829823,0.4380000000000004,True
39.798,16,52.244864,1.0,0.34589405852978217,20,0.5026095638164407,0.40400000000000036,True
41.813,13,52.335196,1.0,0.3489794248373367,22,0.5176808380847518,0.37400000000000033,True
37.825,13,52.426698,1.0,0.3497460143189761,20,0.4827336470817605,0.3500000000000003,True
43.825,14,52.525669,1.0,0.3532706916492576,22,0.5077546654736405,0.3500000000000003,True
33.813,15,52.632139,1.0,0.3481058147345053,18,0.5120088498292504,0.37400000000000033,True
33.809,15,52.80081,1.0,0.34402638876678704,17,0.4917715012357852,0.38200000000000034,True
35.825,13,52.945611,1.0,0.35106928117535835,20,0.502061103297234,0.3500000000000003,True
43.797,15,53.092353,1.0,0.3406651352746372,23,0.499608352572078,0.40600000000000036,True
39.798,16,53.264095,1.0,0.3406828845755183,21,0.5111865411634808,0.40400000000000036,True
45.809,14,53.408277,1.0,0.3472096734636947,23,0.503060276531329,0.38200000000000034,True
37.825,14,53.556364,1.0,0.3495688125006494,20,0.5199935065934433,0.3500000000000003,True
39.793,15,53.713469,1.0,0.3435244002053216,21,0.5142324660471429,0.41400000000000037,True
37.825,14,53.873177,1.0,0.3488743317805172,20,0.49787497516485446,0.3500000000000003,True
47.809,14,54.017325,1.0,0.34753254527859534,24,0.5172395898774583,0.38200000000000034,True
41.825,11,54.150526,1.0,0.3501372641788888,21,0.5148490590345937,0.3500000000000002,True
37.813,14,54.327566,1.0,0.3474703647550579,20,0.5073414489637904,0.37400000000000033,True
31.825,11,54.881301,1.0,0.3494987995304679,20,0.507663408688777,0.3500000000000002,True
37.825,14,55.034081,1.0,0.3496423062566604,19,0.5092054412270473,0.3500000000000003,True
35.797,13,55.171322,1.0,0.3430342014544465,19,0.5197241437066636,0.40600000000000025,True
33.825,13,55.309491,1.0,0.3524169171025681,19,0.5108719614335555,0.3500000000000003,True
37.825,11,55.427631,1.0,0.3514055054814317,20,0.4965553115108646,0.3500000000000002,True
37.812,12,55.547908,0.953125,0.37988659961185517,19,0.4816392033207395,0.3760000000000002,True
39.84,10,55.652273,0.953125,0.3776549899194579,20,0.4381520656299385,0.3200000000000002,True
35.825,13,55.787212,1.0,0.35488022584595547,20,0.512044910002593,0.3500000000000003,True
43.809,14,55.942234,1.0,0.34856402333988845,23,0.4889335201760509,0.38200000000000034,True
41.809,15,56.115156,1.0,0.34553239558527327,22,0.5032995644287871,0.38200000000000034,True
45.797,14,56.260039,1.0,0.34210803418376956,23,0.525210535952734,0.40600000000000036,True
43.813,13,56.414759,1.0,0.3446141480684159,22,0.5144098424078786,0.37400000000000033,True
37.801,16,56.605539,1.0,0.33891510523599055,20,0.5006349593714866,0.39800000000000035,True
45.825,12,56.747426,1.0,0.35293791111715467,23,0.48893343164289776,0.3500000000000003,True
43.825,13,56.910481,1.0,0.353619031146991,23,0.49314597389969517,0.3500000000000003,True
37.825,13,57.020105,1.0,0.35418611428508195,21,0.5039336718935788,0.3500000000000003,True
33.805,16,57.174966,1.0,0.34332302484165544,17,0.5145290347541173,0.39000000000000035,True
39.825,13,57.277944,1.0,0.3500080048800044,22,0.49816586927228595,0.3500000000000003,True
39.825,13,57.378577,1.0,0.3486027062721971,20,0.4956093067760162,0.3500000000000003,True
37.825,13,57.471723,1.0,0.3548431147820392,19,0.4878281568351561,0.3500000000000003,True
37.793,16,57.588763,1.0,0.34651145733377287,19,0.5114212665654153,0.41400000000000037,True
39.825,14,57.691822,1.0,0.34914743359670286,23,0.5016254763974932,0.3500000000000003,True
39.809,14,57.79382,1.0,0.34691304678643425,22,0.4947463877117728,0.38200000000000034,True
39.809,15,57.907302,1.0,0.347272285916434,20,0.5071391539283867,0.38200000000000034,True
47.825,13,57.998089,1.0,0.3499196774800768,24,0.5039375636314516,0.3500000000000003,True
31.798,16,58.135367,1.0,0.34939057307657906,17,0.4959004649660678,0.40400000000000036,True
41.817,14,58.241717,1.0,0.3438016721084386,24,0.5182167142467743,0.3660000000000003,True
39.809,14,58.347316,1.0,0.3471936451226859,22,0.5198197924529968,0.38200000000000034,True
39.81,15,58.466404,1.0,0.34704500520401416,21,0.4986954498541394,0.38000000000000034,True
35.765,18,58.59261,1.0,0.3422680071846339,19,0.5068686372914512,0.4700000000000004,True
43.825,14,58.696911,1.0,0.34974434619668987,23,0.49407840570015293,0.3500000000000003,True
37.825,14,58.794677,1.0,0.35293040355841887,21,0.5074626315333506,0.3500000000000003,True
35.81,15,58.90005,1.0,0.3505941645120514,20,0.49316652299903185,0.38000000000000034,True
35.81,15,59.007246,1.0,0.3474320745062173,20,0.49644558190941246,0.38000000000000034,True
37.825,13,59.102003,1.0,0.3467047354890138,21,0.49187933495313313,0.3500000000000003,True
45.757,18,59.250369,1.0,0.3392721631545663,23,0.5344034710857226,0.48600000000000043,True
47.785,16,59.36604,1.0,0.3503037042335941,24,0.513636421424063,0.4300000000000004,True
37.825,14,59.472355,1.0,0.3525512981943743,22,0.516205708568099,0.3500000000000003,True
37.786,17,59.591308,1.0,0.34530527618570456,22,0.5247162405773502,0.4280000000000004,True
45.825,14,59.693896,1.0,0.3521607201154366,24,0.49358240323459596,0.3500000000000003,True
41.809,14,59.793448,1.0,0.34600236240061916,21,0.5029745837345758,0.38200000000000034,True
37.76,17,59.914411,1.0,0.35347302617005416,19,0.4927379834741918,0.4800000000000003,True
33.793,14,60.016206,1.0,0.34403159049775545,19,0.5306845724199568,0.41400000000000037,True
29.825,13,60.119608,1.0,0.34836125341351376,18,0.5027397856518419,0.3500000000000003,True
41.825,12,60.220848,1.0,0.3512885281179121,21,0.5047279616271649,0.3500000000000003,True
29.825,14,60.321588,1.0,0.35336171604298283,17,0.49144673636297365,0.3500000000000003,True
47.809,12,60.419663,1.0,0.34704631976342903,25,0.5186701522558612,0.38200000000000023,True
45.825,12,60.503171,1.0,0.3532804490722695,24,0.5084796966320279,0.3500000000000003,True
33.777,16,60.6192,1.0,0.3367835458138718,19,0.509561745395612,0.4460000000000004,True
43.81,15,60.727885,1.0,0.34959316770706883,22,0.49107990303565824,0.38000000000000034,True
39.825,12,60.815217,1.0,0.35243376098014256,20,0.5179584850665484,0.3500000000000003,True
39.793,14,60.921824,1.0,0.3424059500320429,20,0.5376610080586479,0.41400000000000037,True
35.825,13,61.019853,1.0,0.3508917255565609,19,0.5081950729388309,0.3500000000000003,True
33.81,15,61.130713,1.0,0.3485452998709024,17,0.49588446013534526,0.38000000000000034,True
39.825,13,61.249388,1.0,0.3529488544418361,21,0.49627892009587526,0.3500000000000003,True
41.809,12,61.335412,1.0,0.35038045193445155,22,0.4942416203313563,0.38200000000000023,True
39.825,12,61.424414,1.0,0.3502406076394082,22,0.4924874819849317,0.3500000000000003,True
29.825,12,61.521724,1.0,0.349614938985144,16,0.49859773989138945,0.3500000000000003,True
37.793,15,61.63301,1.0,0.3417977764856059,20,0.49638665311755964,0.41400000000000037,True
45.825,11,61.726662,1.0,0.34962534057205114,24,0.5072128743866822,0.3500000000000002,True
47.84,10,61.79855,0.953125,0.3805371935241092,26,0.5116866360776776,0.3200000000000002,True
41.825,11,61.878256,1.0,0.3528461201814851,23,0.5102201040940766,0.3500000000000002,True
41.825,12,61.968338,1.0,0.3486090079771883,21,0.5176536572983471,0.3500000000000003,True
43.825,11,62.064,1.0,0.3464757285398909,22,0.49603577741803095,0.3500000000000002,True
39.813,14,62.162704,1.0,0.3491444842724544,21,0.5127146416138391,0.37400000000000033,True
31.813,15,62.287826,1.0,0.3412977197983782,18,0.5179085084486738,0.37400000000000033,True
37.769,17,62.437495,1.0,0.3351858642856067,22,0.5297478578454734,0.4620000000000004,True
39.825,13,62.532214,1.0,0.3510364657944829,22,0.48360073772521345,0.3500000000000003,True
35.825,14,62.637574,1.0,0.35226058869707977,19,0.49536344613961647,0.3500000000000003,True
37.813,14,62.736327,1.0,0.3441088044546352,20,0.5157112859654066,0.37400000000000033,True
23.809,15,62.844498,1.0,0.3494553313693519,14,0.5161967992339505,0.38200000000000034,True
35.809,15,62.958717,1.0,0.34587198165058175,19,0.5111601471559649,0.38200000000000034,True
39.825,13,63.056241,1.0,0.3505279533081722,21,0.5095127297079636,0.3500000000000003,True
41.813,13,63.146848,1.0,0.3455815384086086,22,0.5171505817210003,0.37400000000000033,True
37.793,14,63.252228,1.0,0.345674427800593,20,0.5087031788295634,0.41400000000000037,True
35.809,14,63.376965,1.0,0.3472063907115533,20,0.521891004002084,0.38200000000000034,True
37.805,12,63.464761,1.0,0.35100412627982935,20,0.528767058709126,0.39000000000000024,True
35.825,11,63.545917,1.0,0.34981316862103745,19,0.49806280705313355,0.3500000000000002,True
39.817,12,63.632268,1.0,0.3466099231543863,21,0.5047997823231865,0.3660000000000002,True
39.828,11,63.715401,0.953125,0.3816498260267611,21,0.5036320511549214,0.3440000000000002,True
39.84,10,63.786498,0.953125,0.3809678737313643,21,0.4923731892874761,0.3200000000000002,True
35.817,15,63.894041,1.0,0.3482118385056441,19,0.5041210998324099,0.3660000000000003,True
39.813,13,63.985533,1.0,0.3486726608393332,22,0.5188237622246288,0.37400000000000033,True
41.825,13,64.085902,1.0,0.3581850797128177,21,0.4995709833993617,0.3500000000000003,True
37.813,14,64.189108,1.0,0.34619413395326104,19,0.5133632554816566,0.37400000000000033,True
41.792,13,64.278445,0.953125,0.3742024392764389,22,0.5062497641345506,0.41600000000000026,True
41.825,14,64.405776,1.0,0.35383547537548343,21,0.4959982523643673,0.3500000000000003,True
45.801,13,64.498535,1.0,0.3486360429136504,24,0.5159633156574727,0.39800000000000024,True
37.825,13,64.587079,1.0,0.3507014916311413,21,0.5121602034456788,0.3500000000000003,True
47.777,15,64.692748,1.0,0.3381422096101161,24,0.5391589623062263,0.4460000000000004,True
31.813,14,64.794547,1.0,0.351322265742279,20,0.49784499890281114,0.37400000000000033,True
33.84,10,64.864985,0.953125,0.3798556862465032,18,0.4724937697670925,0.3200000000000002,True
35.785,17,65.292665,1.0,0.33818434462642966,19,0.5432328145303941,0.4300000000000004,True
43.813,13,65.40657,1.0,0.34407835207823356,24,0.5214357228134286,0.37400000000000033,True
27.825,14,65.513721,1.0,0.3472325415262539,17,0.5014918542216369,0.3500000000000003,True
37.825,14,65.632158,1.0,0.35125908671615624,20,0.4923791459023437,0.3500000000000003,True
41.825,13,65.723136,1.0,0.34996914019634795,21,0.5011955277933422,0.3500000000000003,True
31.825,13,65.813623,1.0,0.3541253690863303,17,0.5026070553343023,0.3500000000000003,True
25.745,20,65.951738,1.0,0.350003017432766,14,0.515115639755198,0.5100000000000005,True
33.825,13,66.046082,1.0,0.3475561593616221,19,0.5145684462265634,0.3500000000000003,True
37.825,12,66.134153,1.0,0.351155126353795,19,0.5011013952029362,0.3500000000000003,True
41.781,15,66.237269,1.0,0.33952761018185584,22,0.5028888435870904,0.4380000000000004,True
43.813,12,66.318512,1.0,0.348146415745509,23,0.5086266684845498,0.3740000000000002,True
47.748,16,66.446177,0.953125,0.36391398533494024,24,0.4919873101083543,0.5040000000000003,True
41.813,14,66.541963,1.0,0.34227309805632844,22,0.5221098850041442,0.37400000000000033,True
39.809,14,66.635604,1.0,0.3441326158162825,22,0.506410075796328,0.38200000000000034,True
45.813,13,66.726198,1.0,0.34669544828558907,23,0.5189017991780356,0.37400000000000033,True
43.825,11,66.803192,1.0,0.3513976735792387,22,0.5089128769622939,0.3500000000000002,True
31.813,14,66.898423,1.0,0.3460052213163771,20,0.5138040448860945,0.37400000000000033,True
39.825,12,67.04444,1.0,0.3517546903476203,21,0.5122944501623393,0.3500000000000003,True
37.825,13,67.182996,1.0,0.3477167595007449,19,0.5139171723177165,0.3500000000000003,True
43.785,15,67.339024,1.0,0.33710135667132135,22,0.5046873440525252,0.4300000000000004,True
31.813,13,67.4906,1.0,0.34755651142252675,18,0.49779107674197404,0.37400000000000033,True
35.793,16,67.650845,1.0,0.34454449570112766,18,0.508525095623598,0.41400000000000037,True
41.825,11,67.767169,1.0,0.35140840469384094,21,0.48832007280894285,0.3500000000000002,True
45.801,15,67.917419,1.0,0.3413836813971778,24,0.5147837680088407,0.39800000000000035,True
37.809,14,68.061601,1.0,0.34998230975868183,20,0.5207484055146555,0.38200000000000034,True
39.825,13,68.192245,1.0,0.3504251013387748,20,0.49955298842233253,0.3500000000000003,True
37.825,13,68.337596,1.0,0.3531207683483022,20,0.5028249785832029,0.3500000000000003,True
39.809,12,68.472583,1.0,0.3429747733717241,23,0.505842051187068,0.38200000000000023,True
35.793,15,68.648714,1.0,0.343833278569494,18,0.5131048394373694,0.41400000000000037,True
33.825,12,68.777235,1.0,0.35157057341671955,18,0.5043341986347877,0.3500000000000003,True
41.797,15,68.928294,1.0,0.34568145723906685,21,0.5120802659963798,0.40600000000000036,True
39.813,14,69.061043,1.0,0.35095342294682064,23,0.5093877484383446,0.37400000000000033,True
35.825,11,69.175472,1.0,0.35105895244683627,20,0.4977362470069666,0.3500000000000002,True
35.809,15,69.336955,1.0,0.34489017333576283,22,0.5144125674659917,0.38200000000000034,True
39.769,17,69.507265,1.0,0.3397828324285954,22,0.5349927683780069,0.4620000000000004,True
35.809,15,69.673316,1.0,0.34713627931762325,20,0.5048938929824107,0.38200000000000034,True
43.797,16,69.83508,1.0,0.33877702359960854,22,0.4965856473552815,0.40600000000000036,True
49.773,16,69.993558,1.0,0.3388603499841978,25,0.5191262200197312,0.4540000000000004,True
33.825,13,70.155099,1.0,0.34883851717215986,18,0.5065198713739913,0.3500000000000003,True
39.789,15,70.31068,1.0,0.3423551976471893,21,0.517904137764379,0.4220000000000004,True
35.825,13,70.448094,1.0,0.35397051219438813,18,0.4953234008717758,0.3500000000000003,True
47.825,14,70.613425,1.0,0.35058801773064663,25,0.4956037315995724,0.3500000000000003,True
35.825,14,70.789926,1.0,0.3554080339738884,19,0.512574802911939,0.3500000000000003,True
33.793,16,70.983772,1.0,0.3460947031330289,18,0.5294095011511202,0.41400000000000037,True
25.825,13,71.114362,1.0,0.3527724928345505,17,0.5003320913139824,0.3500000000000003,True
39.765,17,71.246351,1.0,0.3372314188463573,21,0.5205289573847296,0.4700000000000004,True
45.801,14,71.346962,1.0,0.3458033805904115,23,0.487182780408079,0.39800000000000035,True
37.757,18,71.481056,1.0,0.33352165669678424,20,0.5565669088416035,0.48600000000000043,True
37.825,13,71.57619,1.0,0.3485979847089283,19,0.4988724705625106,0.3500000000000003,True
45.825,14,71.67517,1.0,0.34422216164450553,23,0.49594062412755247,0.3500000000000003,True
45.809,15,71.810692,1.0,0.3456377822148118,24,0.5149055586601631,0.38200000000000034,True
45.809,14,71.910504,1.0,0.3480400603648972,23,0.5021773964962366,0.38200000000000034,True
37.809,15,72.034326,1.0,0.3504957710127705,19,0.496949546242972,0.38200000000000034,True
33.825,14,72.1379,1.0,0.35051085577699487,19,0.49595181393888105,0.3500000000000003,True
37.825,14,72.239812,1.0,0.35334122938630136,21,0.49115560421759635,0.3500000000000003,True
37.825,13,72.346925,1.0,0.3479053815800438,19,0.4959441232122863,0.3500000000000003,True
29.797,16,72.460825,1.0,0.3448972313674995,19,0.5195493659374508,0.40600000000000036,True
41.825,13,72.550416,1.0,0.3502730694814019,22,0.5020032775248403,0.3500000000000003,True
37.777,16,72.662619,1.0,0.3404670105344647,19,0.5469086950062434,0.4460000000000004,True
35.809,12,72.743613,1.0,0.35111131690256064,19,0.5139777387169177,0.38200000000000023,True
37.825,13,72.848871,1.0,0.3541770001706004,19,0.4893656004520785,0.3500000000000003,True
35.809,14,72.947387,1.0,0.34714719632191404,19,0.49575483111872753,0.38200000000000034,True
43.801,14,73.039736,1.0,0.3472653527566605,22,0.5176306523619443,0.39800000000000035,True
41.745,18,73.163454,1.0,0.3384452707876792,22,0.5273041437770124,0.5100000000000005,True
45.797,15,73.270285,1.0,0.3401774486957342,25,0.5347424123983439,0.40600000000000036,True
45.737,17,73.395158,1.0,0.33486009950868306,23,0.5161492833491671,0.5260000000000004,True
37.813,14,73.490302,1.0,0.3459920908381729,20,0.5131759566112423,0.37400000000000033,True
43.809,13,73.585963,1.0,0.3453557391349895,23,0.5248068101039187,0.38200000000000034,True
37.793,15,73.694146,1.0,0.34635029860388344,19,0.5031391436457553,0.41400000000000037,True
33.785,16,73.82743,1.0,0.34955465610957737,18,0.4843391247029041,0.4300000000000004,True
41.825,12,73.912246,1.0,0.3490161130853544,21,0.49527603161144973,0.3500000000000003,True
37.825,14,74.009445,1.0,0.3503737458963635,20,0.4949840850208454,0.3500000000000003,True
35.84,10,74.075561,0.953125,0.38312717126371204,21,0.5176793307278614,0.3200000000000002,True
37.813,15,74.181569,1.0,0.3470351714116673,19,0.5208945813053545,0.37400000000000033,True
41.794,16,74.297595,1.0,0.3496055092888153,22,0.5167539598192448,0.41200000000000037,True
41.825,14,74.404124,1.0,0.34859071057436797,21,0.5072299865841404,0.3500000000000003,True
45.781,17,74.521156,1.0,0.3425535453309962,25,0.5455725359003367,0.4380000000000004,True
41.782,17,74.642097,1.0,0.34226747304000427,22,0.5071943605371535,0.4360000000000004,True
35.813,15,74.747562,1.0,0.3471072737723269,21,0.526823872720895,0.37400000000000033,True
29.774,18,74.887997,1.0,0.339777000535176,16,0.5260877417867044,0.4520000000000004,True
33.786,17,75.003955,1.0,0.3422615399311981,20,0.521453686155531,0.4280000000000004,True
37.81,15,75.116343,1.0,0.3551584585026216,20,0.507675831689201,0.38000000000000034,True
43.801,15,75.224491,1.0,0.3425028394949147,23,0.5449598787899358,0.39800000000000035,True
41.825,13,75.323802,1.0,0.34645818823987684,21,0.4935871561310885,0.3500000000000003,True
49.789,16,75.447519,1.0,0.3364247862261423,25,0.530783658918804,0.4220000000000004,True
41.825,12,75.534696,1.0,0.35127899652960276,21,0.5071998084277255,0.3500000000000003,True
37.825,13,75.635204,1.0,0.34942134839160005,20,0.5003552118191801,0.3500000000000003,True
35.765,18,76.195035,1.0,0.34875118604784494,20,0.47731244654411753,0.4700000000000004,True
37.781,17,76.325439,1.0,0.3386676531627334,20,0.521382666273463,0.4380000000000004,True
43.825,13,76.425663,1.0,0.3493227789403484,25,0.5127220822486445,0.3500000000000003,True
47.825,14,76.531898,1.0,0.3543431884547381,24,0.503646474022253,0.3500000000000003,True
39.825,14,76.634471,1.0,0.35016100160150454,20,0.5155886764568696,0.3500000000000003,True
35.778,17,76.763177,1.0,0.34723973539513164,21,0.5079183072239289,0.4440000000000004,True
41.81,15,76.871846,1.0,0.34791169359247776,22,0.510207870336783,0.38000000000000034,True
43.793,14,76.994393,1.0,0.34247957831785913,23,0.5114763115932301,0.41400000000000037,True
35.769,16,77.103751,1.0,0.34055814502382054,20,0.5228637219114998,0.4620000000000004,True
37.801,16,77.224564,1.0,0.3434573603212203,20,0.5275879341809359,0.39800000000000035,True
41.813,14,77.324746,1.0,0.3458560923208838,22,0.5125661737943404,0.37400000000000033,True
37.825,14,77.42576,1.0,0.34790406943854,19,0.4960864122559714,0.3500000000000003,True
43.825,12,77.503996,1.0,0.34821853643531275,22,0.5079887594202943,0.3500000000000003,True
45.761,17,77.620445,1.0,0.3373255810264587,23,0.5371691351710558,0.4780000000000004,True
27.777,16,77.728603,1.0,0.3458176178517431,15,0.5014217447480639,0.4460000000000004,True
45.825,11,77.80717,1.0,0.35164212983304377,23,0.4910589762683981,0.3500000000000002,True
41.813,14,77.901193,1.0,0.3475206322467814,21,0.49726275290088306,0.37400000000000033,True
35.817,13,78.00523,1.0,0.342217890552172,20,0.5123519013031561,0.3660000000000003,True
35.793,16,78.111915,1.0,0.3388194908166024,19,0.526898030334164,0.41400000000000037,True
37.773,17,78.23167,1.0,0.3484823824805082,19,0.5061967133818353,0.4540000000000004,True
35.761,19,78.366693,1.0,0.33015084073138995,20,0.5470712879148217,0.4780000000000004,True
37.789,15,78.468428,1.0,0.3447519991584175,20,0.5279380587430758,0.4220000000000004,True
41.825,14,78.564095,1.0,0.3515701978926686,23,0.5135132999674696,0.3500000000000003,True
43.793,15,78.668033,1.0,0.34250792747502656,23,0.5307944463379333,0.41400000000000037,True
45.809,15,78.772946,1.0,0.3483735273815496,24,0.5152147751914491,0.38200000000000034,True
39.809,15,78.878108,1.0,0.34591621393290795,21,0.5101845839769011,0.38200000000000034,True
45.797,15,78.984759,1.0,0.34615140943882655,23,0.5090576694758485,0.40600000000000036,True
43.809,13,79.085738,1.0,0.34683328774967903,22,0.5112666033269238,0.38200000000000034,True
41.809,15,79.193345,1.0,0.3471111817281276,21,0.5178959883857976,0.38200000000000034,True
31.825,13,79.291137,1.0,0.34780578035465576,16,0.5010174530341678,0.3500000000000003,True
41.825,13,79.389107,1.0,0.3504044351343461,21,0.5012447086519785,0.3500000000000003,True
35.75,19,79.517972,1.0,0.3381889725420329,20,0.49576911749487923,0.5000000000000004,True
41.778,17,79.633295,1.0,0.34092312650042167,21,0.5297228811884872,0.4440000000000004,True
35.813,15,79.740471,1.0,0.3498163017317276,19,0.5156915821579163,0.37400000000000033,True
31.825,14,79.840357,1.0,0.35047745437133115,18,0.48786999976049994,0.3500000000000003,True
41.801,16,79.951049,1.0,0.3417022837264334,23,0.5421179920482161,0.39800000000000035,True
41.785,16,80.086653,1.0,0.3483275445259229,21,0.5022519253941595,0.4300000000000004,True
37.817,15,80.190046,1.0,0.35110434993308726,21,0.49605159963670964,0.3660000000000003,True
47.825,14,80.290437,1.0,0.350156138922421,24,0.4873572929273274,0.3500000000000003,True
37.782,17,80.419692,1.0,0.34324319576233664,20,0.5245780892947493,0.4360000000000004,True
35.789,16,80.532185,1.0,0.3396624325663022,19,0.5127987380856799,0.4220000000000004,True
41.825,14,80.630578,1.0,0.3477774692332354,22,0.48703464612600406,0.3500000000000003,True
39.769,17,80.752098,1.0,0.33435636299586424,21,0.5165622170456797,0.4620000000000004,True
39.825,13,80.846161,1.0,0.3538461663748108,20,0.49776860088024094,0.3500000000000003,True
47.809,14,80.94165,1.0,0.3476403061018746,24,0.501686674558234,0.38200000000000034,True
31.813,14,81.036962,1.0,0.3436905231698414,18,0.5061431474708633,0.37400000000000033,True
35.809,14,81.204242,1.0,0.35232457612654855,20,0.497618201339715,0.38200000000000034,True
45.797,16,81.38697,1.0,0.3476551823254561,23,0.5330899237994706,0.40600000000000036,True
41.797,15,81.531153,1.0,0.3437364306762381,22,0.5301154560598912,0.40600000000000036,True
37.769,17,81.699623,1.0,0.3386620765339726,19,0.5501587662878209,0.4620000000000004,True
41.825,12,81.823396,1.0,0.3487073107221822,22,0.5075481258256951,0.3500000000000003,True
33.825,13,81.964525,1.0,0.3481060133938803,18,0.49764363830394104,0.3500000000000003,True
39.793,15,82.123124,1.0,0.3457320717350769,20,0.5021135804726057,0.41400000000000037,True
45.813,14,82.310929,1.0,0.3453558099752861,24,0.5248530142851595,0.37400000000000033,True
37.781,16,82.491246,1.0,0.34074519420226856,20,0.5214441275656274,0.4380000000000004,True
47.809,14,82.653534,1.0,0.34481191645812703,24,0.52177789713151,0.38200000000000034,True
33.765,17,82.852611,1.0,0.3380743533162574,19,0.5517667589348726,0.4700000000000004,True
37.825,13,82.977594,1.0,0.3492499314075463,21,0.4947023195476013,0.3500000000000003,True
33.825,14,83.115724,1.0,0.3468118367576514,19,0.4833905042923561,0.3500000000000003,True
35.753,18,83.321274,1.0,0.344098464700018,19,0.5254330656874289,0.49400000000000044,True
45.825,11,83.442863,1.0,0.3511324828970859,24,0.49510668115579953,0.3500000000000002,True
41.757,18,83.61159,1.0,0.3359132369516318,22,0.5153157883862932,0.48600000000000043,True
37.753,19,83.798932,1.0,0.3398667429826925,21,0.5207952418058251,0.49400000000000044,True
41.741,20,83.989311,1.0,0.3304772319708603,21,0.5534351770766538,0.5180000000000005,True
43.782,17,84.174815,1.0,0.34104429761974026,22,0.5190037596036127,0.4360000000000004,True
39.813,15,84.342461,1.0,0.34749270975697755,20,0.5035014013709355,0.37400000000000033,True
41.825,14,84.505283,1.0,0.3522884744802748,21,0.504352386938132,0.3500000000000003,True
37.76,17,84.682832,1.0,0.350041856064812,19,0.509756824156437,0.4800000000000003,True
33.693,23,84.950154,1.0,0.3296880393606755,19,0.5394783041862891,0.6140000000000005,True
37.809,15,85.117141,1.0,0.3452693116758724,20,0.5262039465476708,0.38200000000000034,True
37.797,15,85.265495,1.0,0.3465971972133184,20,0.5382733180729485,0.40600000000000036,True
41.813,15,85.380471,1.0,0.3480998622565894,21,0.5011637607102657,0.37400000000000033,True
49.774,18,85.520656,1.0,0.34232250942866765,25,0.524734007458781,0.4520000000000004,True
41.809,15,85.62488,1.0,0.3468541813661034,22,0.5143114178348432,0.38200000000000034,True
41.809,15,85.729552,1.0,0.3505930498428439,22,0.5102780930042978,0.38200000000000034,True
37.801,16,85.844502,1.0,0.34353553550304883,19,0.5025572060267665,0.39800000000000035,True
39.794,16,85.954531,1.0,0.3487795664212329,20,0.5197472720601473,0.41200000000000037,True
39.781,16,86.064568,1.0,0.3432863743277248,22,0.503264028424359,0.4380000000000004,True
41.825,14,86.165335,1.0,0.3470501802803989,21,0.49573324064100294,0.3500000000000003,True
43.825,12,86.26866,1.0,0.3562947300403423,23,0.5008616090059139,0.3500000000000003,True
43.773,17,86.392799,1.0,0.33292169112245273,23,0.5165442985687672,0.4540000000000004,True
41.781,16,86.521272,1.0,0.3441638493963015,22,0.5059737174713839,0.4380000000000004,True
33.725,19,86.988651,1.0,0.3309625010055096,18,0.5452989439150641,0.5500000000000005,True
47.809,14,87.091983,1.0,0.3511854154924002,25,0.4866589157811125,0.38200000000000034,True
47.769,17,87.228413,1.0,0.33519195280446784,25,0.5271462967010502,0.4620000000000004,True
37.793,14,87.337384,1.0,0.34865529530280936,20,0.5119665959091209,0.41400000000000037,True
45.793,13,87.438972,1.0,0.34202149182809044,24,0.5291568058628932,0.41400000000000026,True
41.793,15,87.561855,1.0,0.34516724821387745,21,0.5334857078005324,0.41400000000000037,True
43.809,13,87.653553,1.0,0.34568734776057186,24,0.5101159608256347,0.38200000000000034,True
43.793,14,87.747985,1.0,0.34557108853231133,22,0.5139127335546884,0.41400000000000037,True
43.809,14,87.851553,1.0,0.3434174814807037,22,0.5107100144766978,0.38200000000000034,True
39.793,15,87.95796,1.0,0.3431021419363697,20,0.5006316256340652,0.41400000000000037,True
43.809,13,88.050856,1.0,0.3484012948948221,22,0.4979976465043835,0.38200000000000034,True
39.717,18,88.169987,1.0,0.33265624517432096,23,0.5323963693386321,0.5660000000000004,True
39.825,12,88.256692,1.0,0.352026063686669,23,0.5106809215929862,0.3500000000000003,True
41.794,16,88.379364,1.0,0.3422705061454331,22,0.5181787668041795,0.41200000000000037,True
33.809,12,88.462474,1.0,0.3501601983984744,19,0.4993779509352519,0.38200000000000023,True
41.809,13,88.556952,1.0,0.34819737154833175,22,0.5162421021425357,0.38200000000000034,True
45.825,11,88.648538,1.0,0.3490803398118459,24,0.4919220305668028,0.3500000000000002,True
45.797,15,88.758863,1.0,0.34389980567911826,23,0.5022206973510077,0.40600000000000036,True
33.749,18,88.88336,1.0,0.3292611879837236,20,0.5690808601651788,0.5020000000000004,True
43.757,17,89.005576,1.0,0.33211651483176946,23,0.53775933685172,0.48600000000000043,True
45.84,10,89.073691,0.953125,0.3800699884575466,23,0.48716041683924616,0.3200000000000002,True
39.801,15,89.178789,1.0,0.34668634850287233,22,0.5165489007872186,0.39800000000000035,True
31.825,13,89.273039,1.0,0.3475002944517995,18,0.5013679935488938,0.3500000000000003,True
47.745,17,89.393649,1.0,0.34207891232039433,25,0.5294634453131395,0.5100000000000005,True
37.758,19,89.513984,1.0,0.3399014618745094,20,0.5292514253439822,0.48400000000000043,True
43.781,16,89.642068,1.0,0.3372701045731903,22,0.5403293945653814,0.4380000000000004,True
35.813,15,89.747887,1.0,0.34825689812516086,20,0.5325858924191855,0.37400000000000033,True
45.797,15,89.849478,1.0,0.34208138432664503,23,0.5187291803441428,0.40600000000000036,True
41.749,19,89.972693,1.0,0.32799121837785705,22,0.5533158712818597,0.5020000000000004,True
41.825,13,90.063172,1.0,0.3522145874292606,21,0.49330169870435187,0.3500000000000003,True
39.746,20,90.222294,1.0,0.3354105841580629,20,0.5289272364521691,0.5080000000000005,True
37.81,15,90.334432,1.0,0.34601846220234983,21,0.47937763257675436,0.38000000000000034,True
39.813,15,90.447633,1.0,0.34506868068652413,21,0.4945711244571677,0.37400000000000033,True
41.785,17,90.562148,1.0,0.340233791964187,21,0.5187139664976427,0.4300000000000004,True
43.761,18,90.702065,1.0,0.3347431286265219,23,0.5146148218985994,0.4780000000000004,True
37.809,14,90.801795,1.0,0.3499549169619442,19,0.49786717101112404,0.38200000000000034,True
35.769,17,90.919675,1.0,0.3486934434848662,18,0.5175692079756339,0.4620000000000004,True
31.81,15,91.02784,1.0,0.35036426113368163,17,0.4797830564276196,0.38000000000000034,True
49.825,11,91.101863,1.0,0.35409961914741434,26,0.49770941457118134,0.3500000000000002,True
41.761,18,91.223667,1.0,0.3383351490780419,23,0.5234845052624807,0.4780000000000004,True
37.753,18,91.353056,1.0,0.33579207593706223,20,0.5191604911530481,0.49400000000000044,True
45.825,14,91.457709,1.0,0.3550274775584026,24,0.5120106020099624,0.3500000000000003,True
45.777,17,91.576737,1.0,0.33739103124254316,23,0.5285551049341526,0.4460000000000004,True
37.729,20,91.737451,1.0,0.3488673171975134,19,0.5253085146350952,0.5420000000000005,True
41.761,17,91.857663,1.0,0.3382129308265318,21,0.5368668216796617,0.4780000000000004,True
43.789,16,91.965413,1.0,0.3429066838335625,22,0.5023944761533453,0.4220000000000004,True
41.801,16,92.090813,1.0,0.3424418611984654,22,0.5182877338275372,0.39800000000000035,True
33.809,15,92.193553,1.0,0.35400423443047535,18,0.48944362299525096,0.38200000000000034,True
43.793,16,92.303904,1.0,0.3464458560887318,22,0.5232519179602256,0.41400000000000037,True
39.757,19,92.439961,1.0,0.33227750069248185,20,0.5280184460185794,0.48600000000000043,True
41.757,18,92.565336,1.0,0.3405192701448769,21,0.5122782247923955,0.48600000000000043,True
45.769,18,92.735973,1.0,0.34229256008021103,24,0.5411093858816337,0.4620000000000004,True
43.761,18,92.858654,1.0,0.3249899281566636,23,0.5572608424585673,0.4780000000000004,True
39.75,19,93.000854,1.0,0.33976715366430577,21,0.5449599487343998,0.5000000000000004,True
39.81,15,93.11088,1.0,0.352098365528445,20,0.48362364473003294,0.38000000000000034,True
47.809,14,93.204684,1.0,0.3474419333146208,24,0.503677977368709,0.38200000000000034,True
45.765,18,93.325909,1.0,0.33858285642142066,24,0.5488344937187628,0.4700000000000004,True
35.741,20,93.473478,1.0,0.3335186316403139,19,0.5312128236468819,0.5180000000000005,True
43.793,16,93.587611,1.0,0.34099924405630083,22,0.5021822453644229,0.41400000000000037,True
33.721,21,93.72906,1.0,0.3424208946122894,19,0.5037547731002626,0.5580000000000005,True
31.754,19,93.878031,1.0,0.3370236181522348,17,0.5498489485130282,0.49200000000000044,True
39.785,17,93.987972,1.0,0.3408704203141657,22,0.5148111570328411,0.4300000000000004,True
41.753,18,94.110147,1.0,0.33079361400903995,23,0.5396063887804533,0.49400000000000044,True
41.793,16,94.217971,1.0,0.34498528552649893,23,0.5139238047875205,0.41400000000000037,True
39.797,16,94.333685,1.0,0.3462218171572061,20,0.5118471270326936,0.40600000000000036,True
39.693,22,94.487293,1.0,0.3400084556683958,21,0.52718065711531,0.6140000000000005,True
37.794,16,94.596397,1.0,0.3436268345634014,21,0.5120945622211606,0.41200000000000037,True
43.781,17,94.710833,1.0,0.336331735916831,23,0.5145205910000412,0.4380000000000004,True
43.825,12,94.791898,1.0,0.3521418520907459,23,0.491826648901792,0.3500000000000003,True
41.798,16,94.909656,1.0,0.3452838794314864,21,0.48351511121866786,0.40400000000000036,True
39.809,14,95.014719,1.0,0.34106721621727665,21,0.5197457781855414,0.38200000000000034,True
37.793,16,95.127367,1.0,0.34408360403265226,21,0.5168816109111364,0.41400000000000037,True
39.825,13,95.222001,1.0,0.3502888660577671,20,0.5250799785715732,0.3500000000000003,True
45.809,15,95.404761,1.0,0.34788352954885254,23,0.4998508655082725,0.38200000000000034,True
39.825,13,95.53998,1.0,0.35367121348383895,21,0.5055593798639394,0.3500000000000003,True
39.676,23,95.77761,1.0,0.3374792478747616,21,0.5385807317003602,0.6480000000000006,True
47.725,20,95.983896,1.0,0.33235030116546455,24,0.5413415227243984,0.5500000000000005,True
37.809,15,96.132207,1.0,0.34849369546462516,19,0.5155700899148419,0.38200000000000034,True
47.789,16,96.83936,1.0,0.342131727439304,24,0.5204901514424493,0.4220000000000004,True
37.809,14,97.002469,1.0,0.35011629599056665,20,0.5195887518289116,0.38200000000000034,True
41.761,18,97.204643,1.0,0.3362368057240285,22,0.5393959311936724,0.4780000000000004,True
43.813,14,97.351258,1.0,0.3423497661743432,22,0.5148703706212406,0.37400000000000033,True
41.809,14,97.493358,1.0,0.3493954713380184,21,0.5038989195343333,0.38200000000000034,True
31.801,15,97.644233,1.0,0.345151117969207,17,0.5115830933071011,0.39800000000000035,True
41.825,12,97.763574,1.0,0.346994841140984,21,0.5167121912212846,0.3500000000000003,True
43.797,15,97.912213,1.0,0.3463898038663075,22,0.5086270805283436,0.40600000000000036,True
37.725,21,98.127215,1.0,0.33255100760201656,19,0.5292669760337574,0.5500000000000005,True
37.765,17,98.28491,1.0,0.34020229503405386,20,0.5454460966312067,0.4700000000000004,True
37.825,14,98.450476,1.0,0.35289490684998037,20,0.50631818394778,0.3500000000000003,True
45.789,17,98.635302,1.0,0.33741696014836586,23,0.5077993611959595,0.4220000000000004,True
37.825,14,98.790213,1.0,0.34627235914169996,21,0.49588307051187697,0.3500000000000003,True
43.801,16,98.969655,1.0,0.3409378365642337,23,0.5162675214953676,0.39800000000000035,True
37.797,16,99.157776,1.0,0.3425811367896626,21,0.5203223984738854,0.40600000000000036,True
41.741,19,99.373837,1.0,0.3353851048390811,21,0.5192704600315904,0.5180000000000005,True
41.753,19,99.555608,1.0,0.33751820971008567,22,0.5347415427846596,0.49400000000000044,True
31.761,18,99.685372,1.0,0.3390656542988001,18,0.5411344359142277,0.4780000000000004,True
35.809,15,99.787837,1.0,0.3537649212263203,19,0.5130862146478725,0.38200000000000034,True
39.813,15,99.890774,1.0,0.3477627264200596,21,0.4945172034214022,0.37400000000000033,True
35.825,14,99.992573,1.0,0.3536049241570981,19,0.5114323178614352,0.3500000000000003,True
35.813,14,100.091845,1.0,0.3435353567138073,18,0.520714518419354,0.37400000000000033,True
41.762,19,100.237479,1.0,0.33757943617770264,22,0.5424144207419334,0.4760000000000004,True
45.765,18,100.37232,1.0,0.33621206398387776,25,0.5357241368556993,0.4700000000000004,True
45.825,13,100.465011,1.0,0.3549723222506151,23,0.5088414596990314,0.3500000000000003,True
35.785,17,100.579892,1.0,0.3444249976823823,20,0.5294031579981056,0.4300000000000004,True
37.781,16,100.686779,1.0,0.33888721204107636,20,0.5239895482836674,0.4380000000000004,True
39.797,16,100.799362,1.0,0.34228685186412505,20,0.5070342255621978,0.40600000000000036,True
35.781,16,100.907231,1.0,0.3457386853561005,20,0.5266242654436298,0.4380000000000004,True
43.769,17,101.023627,1.0,0.3404714551567005,22,0.5051132593817217,0.4620000000000004,True
33.753,19,101.151387,1.0,0.33925250683226404,18,0.5174454094407446,0.49400000000000044,True
35.781,17,101.28438,1.0,0.344971732232788,18,0.5147539544079517,0.4380000000000004,True
35.785,17,101.413597,1.0,0.3384754403429423,20,0.5380850037635196,0.4300000000000004,True
37.781,16,101.525676,1.0,0.33956878872285023,21,0.5325007038789764,0.4380000000000004,True
45.825,13,101.617175,1.0,0.35267166898794017,23,0.5026422450653614,0.3500000000000003,True
39.793,15,101.719928,1.0,0.3378720648560969,21,0.5097067222440628,0.41400000000000037,True
41.809,15,101.825367,1.0,0.3447053059798425,23,0.5191149641280423,0.38200000000000034,True
37.825,13,101.918726,1.0,0.3512207664223018,20,0.49420405729264305,0.3500000000000003,True
43.793,16,102.028676,1.0,0.34300144020012313,22,0.5208074227142823,0.41400000000000037,True
41.773,18,102.166421,1.0,0.3363410374999244,21,0.5232727285972243,0.4540000000000004,True
45.825,12,102.268541,1.0,0.3482779741524594,24,0.5084189102275862,0.3500000000000003,True
35.745,19,102.417711,1.0,0.3401703301330551,19,0.5295845248310331,0.5100000000000005,True
39.786,17,102.53745,1.0,0.3465830244678336,21,0.5212082903289127,0.4280000000000004,True
41.757,17,102.663922,1.0,0.3341992942336038,23,0.5355128699912459,0.48600000000000043,True
33.765,18,102.788742,1.0,0.33469521610620445,18,0.5410732272987899,0.4700000000000004,True
45.813,14,102.887727,1.0,0.3526934199536709,23,0.5277218800893244,0.37400000000000033,True
39.761,18,103.025617,1.0,0.33548010818248153,20,0.5255012502857821,0.4780000000000004,True
37.825,13,103.11549,1.0,0.3527951148922309,20,0.49660501842694915,0.3500000000000003,True
43.753,18,103.26726,1.0,0.33358292438096737,23,0.5231500866425219,0.49400000000000044,True
33.809,15,103.383724,1.0,0.3428278660727112,18,0.48371465695452376,0.38200000000000034,True
43.769,17,103.499263,1.0,0.338915334307814,23,0.5311545367847409,0.4620000000000004,True
37.774,18,103.624378,1.0,0.3399065043089902,20,0.5336665638861768,0.4520000000000004,True
43.813,14,103.72699,1.0,0.34277143123942744,23,0.5041768085305947,0.37400000000000033,True
41.721,20,103.865963,1.0,0.3434596882497941,21,0.5309007004953198,0.5580000000000005,True
39.774,17,103.990424,1.0,0.3484097753131569,21,0.5094448615593241,0.4520000000000004,True
43.809,15,104.099004,1.0,0.3526157163622579,23,0.5194492644040871,0.38200000000000034,True
39.786,17,104.218131,1.0,0.3431217301039299,20,0.5242922112189603,0.4280000000000004,True
35.789,15,104.343855,1.0,0.33982353537416077,19,0.5132188988876949,0.4220000000000004,True
37.794,16,104.460054,1.0,0.34350735205484423,19,0.5149744824798093,0.41200000000000037,True
43.757,19,104.585123,1.0,0.33660015505768554,23,0.5359636389136786,0.48600000000000043,True
37.785,17,104.713513,1.0,0.33939941520962713,21,0.5270935318382094,0.4300000000000004,True
41.794,16,104.823227,1.0,0.3435340883701804,22,0.4907535912500966,0.41200000000000037,True
39.769,17,104.937005,1.0,0.35330280840718625,21,0.5058020331519496,0.4620000000000004,True
47.769,17,105.049365,1.0,0.33608630820245955,24,0.5174293101040113,0.4620000000000004,True
39.825,14,105.147182,1.0,0.3530753661537073,21,0.5070276254827494,0.3500000000000003,True
37.781,17,105.26223,1.0,0.33763944782217725,22,0.5379399626367491,0.4380000000000004,True
33.825,12,105.36286,1.0,0.3493472322166786,19,0.49507888354893503,0.3500000000000003,True
45.741,19,105.496533,1.0,0.3309177081683008,24,0.5546779005981899,0.5180000000000005,True
39.789,17,105.613528,1.0,0.3399684337830114,21,0.5296313055346243,0.4220000000000004,True
35.741,20,105.752276,1.0,0.3327223217847656,20,0.5244403322565467,0.5180000000000005,True
43.817,15,105.858353,1.0,0.3445039104693712,23,0.5007475035981346,0.3660000000000003,True
33.769,18,105.979616,1.0,0.3389556575219952,19,0.5368231354449431,0.4620000000000004,True
41.77,18,106.109715,1.0,0.3396500128566219,22,0.5337680732093834,0.4600000000000004,True
41.809,15,106.208253,1.0,0.3446962841756011,21,0.510638793518501,0.38200000000000034,True
39.781,16,106.318167,1.0,0.34457509887648896,20,0.5176564295612605,0.4380000000000004,True
43.812,12,106.423559,0.953125,0.37751253493125025,24,0.5088814142421788,0.3760000000000002,True
27.825,13,106.515011,1.0,0.3500073429341646,15,0.49871551058630054,0.3500000000000003,True
41.797,14,106.607473,1.0,0.3470545816819822,23,0.5236877908702944,0.40600000000000036,True
43.769,15,107.046749,1.0,0.3366560987721622,24,0.5371068366528059,0.4620000000000003,True
43.813,13,107.148667,1.0,0.34786740051482795,23,0.51676279082308,0.37400000000000033,True
43.825,13,107.235788,1.0,0.34559022199097617,22,0.49833699461178615,0.3500000000000003,True
37.813,13,107.336532,1.0,0.34941632995978744,20,0.5053795914171209,0.37400000000000033,True
35.753,18,107.473106,1.0,0.33569388165550273,21,0.5233462632522193,0.49400000000000044,True
33.798,16,107.581068,1.0,0.35242585791029446,18,0.5199386203030391,0.40400000000000036,True
41.794,16,107.692331,1.0,0.3457059381395596,21,0.5098446785536793,0.41200000000000037,True
39.777,17,107.807668,1.0,0.3396266895387854,21,0.5407673751826777,0.4460000000000004,True
47.793,15,107.910039,1.0,0.3452951945536584,24,0.5104466848465374,0.41400000000000037,True
39.781,16,108.018934,1.0,0.3478583534729297,22,0.482216733605554,0.4380000000000004,True
41.793,17,108.137473,1.0,0.3428144890903194,21,0.49957866237226367,0.41400000000000037,True
39.781,17,108.254365,1.0,0.34251853423313783,21,0.5219024577764283,0.4380000000000004,True
41.797,16,108.375888,1.0,0.34625017307926126,21,0.5165326168122907,0.40600000000000036,True
41.77,18,108.50873,1.0,0.3442459621329706,21,0.4892765730455856,0.4600000000000004,True
41.769,18,108.624589,1.0,0.33769089919986506,21,0.5355338844132836,0.4620000000000004,True
33.777,17,108.740305,1.0,0.3361428485406194,19,0.5363755616822723,0.4460000000000004,True
43.769,18,108.861925,1.0,0.34012439642053177,22,0.4940897610044587,0.4620000000000004,True
41.825,14,108.956776,1.0,0.3498840484005312,22,0.48655177066205596,0.3500000000000003,True
29.809,15,109.060807,1.0,0.349926285363134,19,0.5071892968924746,0.38200000000000034,True
41.749,19,109.186134,1.0,0.33794099254508614,22,0.5135606465884833,0.5020000000000004,True
41.801,15,109.291156,1.0,0.3428201520138246,22,0.5125290389879317,0.39800000000000035,True
47.777,17,109.421674,1.0,0.3365139460421853,24,0.5351746475727979,0.4460000000000004,True
39.825,14,109.553075,1.0,0.35199316204204134,21,0.5028054027419084,0.3500000000000003,True
43.809,15,109.724884,1.0,0.34782971911900895,23,0.5069190669073573,0.38200000000000034,True
31.81,15,109.875384,1.0,0.3496531678030242,17,0.5016238637381576,0.38000000000000034,True
39.794,16,110.038643,1.0,0.34657800339132194,22,0.5140366754814905,0.41200000000000037,True
35.809,15,110.190001,1.0,0.3499472656952735,20,0.5168419994344371,0.38200000000000034,True
37.761,18,110.37771,1.0,0.3382224284460526,21,0.5352248922339968,0.4780000000000004,True
39.765,18,110.561789,1.0,0.3397446048898274,21,0.5253740382914712,0.4700000000000004,True
41.718,21,110.781833,1.0,0.3346982446145671,22,0.5277698111061007,0.5640000000000005,True
39.769,18,110.968868,1.0,0.3369466500759062,21,0.5411683203365292,0.4620000000000004,True
41.797,16,111.153084,1.0,0.33980416392093327,22,0.5364314959969723,0.40600000000000036,True
43.789,16,111.305632,1.0,0.34368135781272613,23,0.5024757437997569,0.4220000000000004,True
41.742,19,111.509622,1.0,0.3452720064728793,21,0.5058199750485228,0.5160000000000005,True
37.765,18,111.691078,1.0,0.3422537556104469,19,0.5105832257289434,0.4700000000000004,True
41.813,12,111.810029,1.0,0.3449915831685342,21,0.5163878581432345,0.3740000000000002,True
41.809,15,111.957107,1.0,0.34213066127328706,21,0.5006443343435352,0.38200000000000034,True
35.777,18,112.137885,1.0,0.3425753367219924,20,0.5120169715863693,0.4460000000000004,True
41.785,16,112.293715,1.0,0.3348031155108788,22,0.5614500225191933,0.4300000000000004,True
43.765,18,112.48632,1.0,0.3300276123225957,23,0.5295977086880108,0.4700000000000004,True
39.769,17,112.669142,1.0,0.3401494423032744,22,0.48985746155729226,0.4620000000000004,True
37.765,17,112.875411,1.0,0.3382766079403943,20,0.5474931629327793,0.4700000000000004,True
39.765,18,113.06028,1.0,0.33903157818483015,21,0.5257876472790074,0.4700000000000004,True
43.825,13,113.211587,1.0,0.348743833749628,22,0.49792636648919664,0.3500000000000003,True
43.765,18,113.433505,1.0,0.33745314884465016,22,0.5345291990984713,0.4700000000000004,True
45.761,17,113.640426,1.0,0.33890946110117515,24,0.5688119285508225,0.4780000000000004,True
39.777,17,113.837193,1.0,0.3419051203526333,21,0.5356931699626194,0.4460000000000004,True
45.825,13,113.938247,1.0,0.3533054251870368,26,0.5163747541857904,0.3500000000000003,True
37.766,18,114.06164,1.0,0.3376454771266237,20,0.5173465880357264,0.4680000000000004,True
43.793,16,114.174447,1.0,0.33978675022872906,24,0.5232245006621935,0.41400000000000037,True
39.777,17,114.289548,1.0,0.3440498859327543,20,0.49488647858261803,0.4460000000000004,True
35.825,12,114.38384,1.0,0.3508629381660337,19,0.4842191843114586,0.3500000000000003,True
35.765,18,114.508241,1.0,0.33758360603899584,20,0.5110536428887974,0.4700000000000004,True
39.809,14,114.603779,1.0,0.3448820773804296,21,0.5135525751992763,0.38200000000000034,True
39.825,13,114.694502,1.0,0.35558431153518366,22,0.4801787083932573,0.3500000000000003,True
37.769,18,114.819929,1.0,0.33556536232243184,21,0.5514651552541062,0.4620000000000004,True
43.809,12,114.919916,1.0,0.3447628197054309,22,0.48459593484390795,0.38200000000000023,True
39.705,21,115.052786,1.0,0.3282022820855635,20,0.5166056686739278,0.5900000000000005,True
41.773,16,115.158944,1.0,0.3337160960543983,23,0.5599816963434502,0.4540000000000004,True
39.749,17,115.275961,1.0,0.34186016724084045,20,0.518395387201667,0.5020000000000004,True
35.789,16,115.390288,1.0,0.3381836372585352,20,0.5367453792896177,0.4220000000000004,True
43.761,16,115.498491,1.0,0.33778503691851264,24,0.527984843234395,0.4780000000000004,True
31.733,20,115.626431,1.0,0.33372475486276165,17,0.5308482135226859,0.5340000000000005,True
41.809,13,115.717825,1.0,0.3508055214602829,21,0.507690717193282,0.38200000000000034,True
41.697,21,115.859738,1.0,0.3263594511400617,22,0.5252600356042959,0.6060000000000005,True
45.781,15,115.976717,1.0,0.3382042611736644,24,0.5523317654382016,0.4380000000000004,True
39.765,16,116.086438,1.0,0.33166169345907737,20,0.5395626191948881,0.4700000000000003,True
39.809,13,116.173032,1.0,0.3454284607203887,21,0.49453406529914734,0.38200000000000034,True
45.785,14,116.264156,1.0,0.3393930908597106,23,0.5122187055101015,0.43000000000000027,True
31.797,14,116.353526,1.0,0.34145783481367886,20,0.5088244137182111,0.40600000000000036,True
39.793,15,116.466897,1.0,0.34698328573425735,21,0.5215365830267052,0.41400000000000037,True
39.789,15,116.565535,1.0,0.3350936674759747,20,0.5406131271065306,0.4220000000000004,True
35.769,18,116.688293,1.0,0.33773498524685597,20,0.527680552035556,0.4620000000000004,True
45.713,19,116.809804,1.0,0.3328382928899288,24,0.5209308573084983,0.5740000000000004,True
39.733,20,116.95874,1.0,0.3340016595306521,21,0.49395394570519024,0.5340000000000005,True
43.797,14,117.047771,1.0,0.3481308286105318,22,0.5174306881944966,0.40600000000000036,True
47.753,17,117.157311,1.0,0.3321870335048443,24,0.5385890892328686,0.49400000000000044,True
31.789,15,117.627972,1.0,0.3457813065746604,17,0.5292500798084899,0.4220000000000004,True
47.781,15,117.728264,1.0,0.3430484806394341,25,0.5243372230034317,0.4380000000000004,True
43.813,15,117.831484,1.0,0.34617335347615424,22,0.5028608098288005,0.37400000000000033,True
47.765,16,117.946578,1.0,0.3393248414686311,24,0.5334829521437572,0.4700000000000004,True
43.725,20,118.083671,1.0,0.3329218238147671,22,0.5557303719876286,0.5500000000000005,True
39.801,16,118.19259,1.0,0.3445537763332679,20,0.5272116641881184,0.39800000000000035,True
41.813,13,118.276706,1.0,0.3508436031931464,22,0.5062380203945759,0.37400000000000033,True
39.685,21,118.419138,1.0,0.33043356274397306,20,0.547099659577623,0.6300000000000006,True
45.773,16,118.531845,1.0,0.3387059960672973,23,0.5506421709057585,0.4540000000000004,True
43.797,15,118.63779,1.0,0.3428402242196512,22,0.5168474759395619,0.40600000000000036,True
39.737,19,118.768152,1.0,0.33347714270890627,21,0.5384885207783896,0.5260000000000005,True
43.769,16,118.876229,1.0,0.3373360558228069,23,0.5110747180750128,0.4620000000000004,True
43.797,15,118.992847,1.0,0.34392069455728225,22,0.5309385763090527,0.40600000000000036,True
43.813,13,119.082759,1.0,0.34561497289633947,23,0.5193199021311946,0.37400000000000033,True
39.777,16,119.191085,1.0,0.3438094255505773,20,0.5176117320887897,0.4460000000000004,True
43.801,15,119.285699,1.0,0.34453403004964145,23,0.5241196188967223,0.39800000000000035,True
39.793,16,119.403411,1.0,0.34578794599511264,20,0.5288313366277559,0.41400000000000037,True
47.825,13,119.491565,1.0,0.3534773131924478,24,0.5020693391452311,0.3500000000000003,True
37.769,19,119.611547,1.0,0.3343149830159247,20,0.5642537997859108,0.4620000000000004,True
41.809,14,119.708214,1.0,0.34800158389883085,24,0.5087948670889633,0.38200000000000034,True
39.762,18,119.825473,1.0,0.343312903275231,21,0.5069524123836392,0.4760000000000004,True
45.709,19,119.95057,1.0,0.33143075996844873,23,0.5291647957224113,0.5820000000000004,True
39.781,17,120.081518,1.0,0.34188259477080063,20,0.5126488725811957,0.4380000000000004,True
35.769,17,120.20214,1.0,0.3402177823179219,19,0.5205376863500346,0.4620000000000004,True
33.729,20,120.345368,1.0,0.3356373620776594,20,0.5309010489231762,0.5420000000000005,True
33.781,16,120.46826,1.0,0.3382034489910063,18,0.5250546974313555,0.4380000000000004,True
45.781,15,120.568387,1.0,0.34635343034674476,23,0.49695977327364305,0.4380000000000004,True
43.825,12,120.652724,1.0,0.35372454149350385,23,0.49364504598001,0.3500000000000003,True
39.781,15,120.755341,1.0,0.3420431317566122,20,0.49403231449022544,0.4380000000000004,True
45.777,15,120.855634,1.0,0.34527850542335153,24,0.4991671387922401,0.4460000000000004,True
37.749,17,120.967545,1.0,0.3416654970138548,22,0.5017867132017475,0.5020000000000004,True
43.793,14,121.082319,1.0,0.3413789223020322,23,0.5119443012780165,0.41400000000000037,True
41.828,11,121.157921,0.953125,0.3802751041831228,22,0.5099004736477186,0.3440000000000002,True
35.773,16,121.263278,1.0,0.34182686358046965,18,0.4968897627564838,0.4540000000000004,True
31.81,15,121.373865,1.0,0.34923344731482797,18,0.4946695678161409,0.38000000000000034,True
39.813,14,121.481102,1.0,0.3521055160595896,20,0.5044525943185209,0.37400000000000033,True
39.825,12,121.567367,1.0,0.35225118601059263,20,0.4891943079591134,0.3500000000000003,True
43.781,17,121.684455,1.0,0.33683073888456294,22,0.5234020306254306,0.4380000000000004,True
39.825,13,121.781222,1.0,0.35201956691359126,22,0.5178841764842358,0.3500000000000003,True
41.801,16,121.891577,1.0,0.3423313272804609,22,0.5197443257120415,0.39800000000000035,True
33.781,17,122.011151,1.0,0.3415903315246879,18,0.5029830157506043,0.4380000000000004,True
35.761,18,122.149967,1.0,0.3362179447517375,20,0.5278842509267903,0.4780000000000004,True
43.777,16,122.265753,1.0,0.3409658084714627,23,0.519014367291183,0.4460000000000004,True
45.797,16,122.399472,1.0,0.34514518518984044,23,0.5225616206851313,0.40600000000000036,True
47.777,16,122.517983,1.0,0.3383142380528729,24,0.5375529489199049,0.4460000000000004,True
37.789,17,122.639666,1.0,0.34087669687495126,20,0.5086981245081851,0.4220000000000004,True
35.753,18,122.788445,1.0,0.34067195250907634,19,0.49712519853803083,0.49400000000000044,True
41.825,13,122.906285,1.0,0.34966016150674867,22,0.49824462681205617,0.3500000000000003,True
43.769,17,123.042355,1.0,0.33922610767544426,22,0.524127284195397,0.4620000000000004,True
39.809,15,123.177517,1.0,0.34395897204787573,20,0.5010170415012548,0.38200000000000034,True
39.825,11,123.261014,1.0,0.35224153843338346,21,0.49549361628622485,0.3500000000000002,True
43.761,18,123.397961,1.0,0.34455701947032824,22,0.5143228620644172,0.4780000000000004,True
41.813,15,123.505524,1.0,0.34673121511333654,22,0.5111803205560691,0.37400000000000033,True
39.805,16,123.619117,1.0,0.3403508150481116,21,0.5234321996323416,0.39000000000000035,True
41.777,16,123.749577,1.0,0.3431434786143521,23,0.5258758019626364,0.4460000000000004,True
41.797,16,123.896178,1.0,0.34388402037894816,21,0.5376943004529088,0.40600000000000036,True
43.825,14,124.069629,1.0,0.35324320641753926,22,0.4868065124521609,0.3500000000000003,True
39.797,16,124.252684,1.0,0.3454798465886799,20,0.508965498729892,0.40600000000000036,True
39.809,15,124.408098,1.0,0.3420155510371442,21,0.5022364253769879,0.38200000000000034,True
49.785,15,124.558859,1.0,0.341086363381874,25,0.5348452908707552,0.4300000000000004,True
39.809,13,124.693582,1.0,0.34392432845597026,20,0.5032289446070348,0.38200000000000034,True
39.797,16,124.85998,1.0,0.3430049677332155,20,0.5142997758668999,0.40600000000000036,True
43.825,14,124.998657,1.0,0.35095904625572694,23,0.5033850517010355,0.3500000000000003,True
37.813,15,125.144721,1.0,0.34695355618744117,20,0.4891018943777275,0.37400000000000033,True
35.809,14,125.312181,1.0,0.34954157457238444,19,0.510330579200198,0.38200000000000034,True
43.793,14,125.486839,1.0,0.34894886501057554,22,0.4652845233285162,0.41400000000000037,True
41.825,13,125.631062,1.0,0.35101907640049373,22,0.49483508531366016,0.3500000000000003,True
39.797,14,125.778761,1.0,0.33774000082807587,21,0.5023722713390029,0.40600000000000036,True
31.813,15,125.926424,1.0,0.3493441454769667,19,0.5090116550166915,0.37400000000000033,True
47.801,15,126.076179,1.0,0.34450195707487286,24,0.5235213267335557,0.39800000000000035,True
39.777,16,126.234464,1.0,0.3397712258765564,21,0.5232086059149513,0.4460000000000004,True
41.809,14,126.407794,1.0,0.3512987313083241,22,0.4810547555749785,0.38200000000000034,True
43.825,12,126.527714,1.0,0.3519555646831919,23,0.5076730185680646,0.3500000000000003,True
41.813,15,126.685683,1.0,0.3434783682092022,23,0.5185023871465103,0.37400000000000033,True
41.797,16,126.845721,1.0,0.34564278429826356,21,0.5184531147272463,0.40600000000000036,True
45.817,15,127.008241,1.0,0.349105248980339,23,0.5187071272104995,0.3660000000000003,True
47.813,15,127.182206,1.0,0.3530901803276115,24,0.5052289411444423,0.37400000000000033,True
41.785,16,127.347233,1.0,0.339737641586567,23,0.530539689632829,0.4300000000000004,True
39.825,13,127.509915,1.0,0.3542141035109361,20,0.5114337558832902,0.3500000000000003,True
45.817,15,127.686192,1.0,0.34650434942459507,23,0.4924876648053567,0.3660000000000003,True
41.777,16,127.900463,1.0,0.3383586745043531,21,0.5311508085990208,0.4460000000000004,True
43.786,17,128.459489,1.0,0.3469827194762394,23,0.5146522979246589,0.4280000000000004,True
35.825,13,128.564597,1.0,0.3574719793244422,19,0.5024701948364491,0.3500000000000003,True
33.793,16,128.678869,1.0,0.34864933718987184,18,0.5262015683042978,0.41400000000000037,True
17.749,19,128.811159,1.0,0.3419675752260665,13,0.51553804332364,0.5020000000000004,True
45.785,17,128.927567,1.0,0.33528372629331454,23,0.5295773159714217,0.4300000000000004,True
37.73,21,129.068902,1.0,0.33206068680232825,21,0.5121087018498623,0.5400000000000005,True
35.825,13,129.160577,1.0,0.351577559418776,19,0.49645227186615526,0.3500000000000003,True
39.782,17,129.273673,1.0,0.3445078967227845,20,0.5241410459867855,0.4360000000000004,True
41.733,20,129.419335,1.0,0.3379133333744058,22,0.49939450476156233,0.5340000000000005,True
35.709,22,129.595027,1.0,0.326795235471294,20,0.5463641822423031,0.5820000000000005,True
45.773,17,129.712607,1.0,0.34523506093417244,23,0.5038940891811251,0.4540000000000004,True
39.653,25,129.887373,1.0,0.33354959201983625,21,0.5392943287986495,0.6940000000000006,True
45.793,16,129.99755,1.0,0.33835889567558686,23,0.5050079723300037,0.41400000000000037,True
37.781,17,130.116377,1.0,0.34058996439163014,21,0.5275867300146762,0.4380000000000004,True
41.781,17,130.232253,1.0,0.33968835340527026,21,0.5257667293517337,0.4380000000000004,True
37.725,20,130.371679,1.0,0.33423647872086976,22,0.5259797698846659,0.5500000000000005,True
37.761,19,130.506441,1.0,0.32770882740441365,20,0.5603472913054819,0.4780000000000004,True
47.825,14,130.617856,1.0,0.347589033194773,24,0.4891307943297244,0.3500000000000003,True
37.825,14,130.720555,1.0,0.35213518492900564,19,0.5044995178748556,0.3500000000000003,True
33.778,17,130.837204,1.0,0.3459690591533552,19,0.5295056037562085,0.4440000000000004,True
37.798,16,130.945559,1.0,0.34420193717780867,20,0.5210488666356015,0.40400000000000036,True
31.737,21,131.082793,1.0,0.33290746183469966,16,0.5561497073011649,0.5260000000000005,True
39.697,22,131.22837,1.0,0.333383765585069,21,0.533099448291573,0.6060000000000005,True
39.825,12,131.310192,1.0,0.34747254784158677,22,0.5061327065593051,0.3500000000000003,True
27.797,15,131.41566,1.0,0.3444600222242157,18,0.5040404104767129,0.40600000000000036,True
33.781,18,131.533741,1.0,0.3439468706457506,19,0.5354359043485536,0.4380000000000004,True
39.781,16,131.656887,1.0,0.34217810408108756,22,0.52084228006906,0.4380000000000004,True
35.757,18,131.779127,1.0,0.33938016583233244,18,0.5345951800489368,0.48600000000000043,True
39.813,14,131.871655,1.0,0.3454449331398862,23,0.5243870451305475,0.37400000000000033,True
39.801,16,131.979812,1.0,0.34475516750248963,21,0.49668089767285156,0.39800000000000035,True
39.761,17,132.091176,1.0,0.33289979163423417,21,0.5190512016209314,0.4780000000000004,True
43.777,16,132.195624,1.0,0.3418051804136041,22,0.5132765020177478,0.4460000000000004,True
33.813,14,132.291308,1.0,0.347346834108451,19,0.49704443458678554,0.37400000000000033,True
45.785,16,132.405781,1.0,0.34481247403461923,23,0.514168019433668,0.4300000000000004,True
41.825,14,132.504879,1.0,0.35375997494294575,21,0.5007353420160717,0.3500000000000003,True
37.825,14,132.603305,1.0,0.3481314676861095,19,0.5091424162791118,0.3500000000000003,True
43.757,18,132.743012,1.0,0.3356014010362286,22,0.5256109519915642,0.48600000000000043,True
43.801,15,132.847988,1.0,0.3458433844392434,23,0.5187402894359422,0.39800000000000035,True
29.809,14,132.945393,1.0,0.3503891470362588,17,0.5148855912503589,0.38200000000000034,True
45.825,12,133.040616,1.0,0.3478763005124231,24,0.5050215183016519,0.3500000000000003,True
35.769,17,133.16263,1.0,0.34225054527869275,19,0.5342717871424502,0.4620000000000004,True
33.785,16,133.272341,1.0,0.33496767696698737,18,0.5077497145867157,0.4300000000000004,True
41.717,19,133.404894,1.0,0.3343118688665304,21,0.5498829610752867,0.5660000000000005,True
33.793,14,133.498307,1.0,0.3447542853730686,20,0.5119720112757075,0.41400000000000037,True
43.761,18,133.62501,1.0,0.3335386136892948,22,0.5452195953979284,0.4780000000000004,True
37.761,17,133.756468,1.0,0.3351914693846384,20,0.5194883570505807,0.4780000000000004,True
41.713,19,133.886326,1.0,0.3339426678705816,23,0.5212641502519801,0.5740000000000005,True
37.781,16,134.006494,1.0,0.33389115356693544,20,0.5261241112133525,0.4380000000000004,True
43.809,14,134.104741,1.0,0.35070771178443816,22,0.50881328587695,0.38200000000000034,True
39.717,19,134.241517,1.0,0.3289216998783757,20,0.5553017106823259,0.5660000000000005,True
35.797,15,134.338992,1.0,0.34126040088944154,20,0.5280714139853591,0.40600000000000036,True
39.793,15,134.442388,1.0,0.34979041425294943,20,0.5030274028215076,0.41400000000000037,True
43.797,15,134.554407,1.0,0.3451047886963493,24,0.5200110307368004,0.40600000000000036,True
41.765,15,134.65104,1.0,0.33251139154511816,23,0.5515837531402037,0.4700000000000003,True
35.805,15,134.772424,1.0,0.3444647239139975,19,0.5157754735508082,0.39000000000000035,True
43.817,14,134.879567,1.0,0.3473388914241988,23,0.5236700809693223,0.3660000000000003,True
31.789,16,134.984976,1.0,0.3441664128012346,19,0.5024817683215074,0.4220000000000004,True
37.781,15,135.088117,1.0,0.338675329097856,19,0.5267653363981603,0.4380000000000004,True
35.809,14,135.187151,1.0,0.3425894326837541,21,0.5235012374451711,0.38200000000000034,True
39.809,14,135.283566,1.0,0.35086348706497295,22,0.4896671102028992,0.38200000000000034,True
39.777,17,135.398877,1.0,0.3325190243147713,20,0.5290538846162092,0.4460000000000004,True
35.773,17,135.517985,1.0,0.3346205134486797,20,0.5107882886317823,0.4540000000000004,True
37.825,13,135.610536,1.0,0.35027545677138244,21,0.5142148519068792,0.3500000000000003,True
39.801,15,135.710316,1.0,0.3415139636875185,21,0.5216486390162904,0.39800000000000035,True
41.749,18,135.852289,1.0,0.33448678796174625,21,0.530216286783824,0.5020000000000004,True
39.797,15,135.953214,1.0,0.3467113454646883,21,0.5063023463800745,0.40600000000000036,True
45.797,14,136.046732,1.0,0.34244099470619793,24,0.497675827576369,0.40600000000000036,True
39.725,19,136.1764,1.0,0.33076082062391554,22,0.5377146927365485,0.5500000000000005,True
41.745,17,136.28791,1.0,0.3406814433009735,22,0.5117329342329041,0.5100000000000005,True
43.797,14,136.388,1.0,0.34398243011491775,22,0.5239867039430954,0.40600000000000036,True
43.753,19,136.513149,1.0,0.3294872594728242,22,0.5578581483986992,0.49400000000000044,True
37.825,14,136.605965,1.0,0.3500393301050914,21,0.4978088037254688,0.3500000000000003,True
37.825,14,136.695413,1.0,0.3562484909967115,19,0.5096107413676522,0.3500000000000003,True
41.761,19,136.83762,1.0,0.33348103243929017,22,0.5254005218311986,0.4780000000000004,True
39.813,14,136.932312,1.0,0.34674564698487054,23,0.510928046173082,0.37400000000000033,True
47.785,17,137.039896,1.0,0.3402872672504358,25,0.5302740737256928,0.4300000000000004,True
41.737,19,137.528469,1.0,0.33168759910005147,21,0.5176899232819709,0.5260000000000005,True
35.758,18,137.652956,1.0,0.3432018762291855,19,0.5121242005651623,0.48400000000000043,True
45.793,15,137.756801,1.0,0.3435825612144824,24,0.5270101333805228,0.41400000000000037,True
37.737,19,137.899074,1.0,0.33826174416220695,22,0.5047681901166862,0.5260000000000005,True
33.809,15,137.999928,1.0,0.34639092859291465,17,0.5093173629060375,0.38200000000000034,True
35.798,16,138.107728,1.0,0.34557959929401844,18,0.5036283132873632,0.40400000000000036,True
47.773,18,138.333806,1.0,0.3406713275826658,24,0.5215195275948269,0.4540000000000004,True
41.793,16,138.502003,1.0,0.34601369007287064,23,0.5284791804234453,0.41400000000000037,True
39.665,24,138.734668,1.0,0.33057549485155,20,0.5387858990490421,0.6700000000000006,True
41.769,18,138.929775,1.0,0.3348167233736431,22,0.540625179287171,0.4620000000000004,True
47.761,18,139.106856,1.0,0.34869048094022126,24,0.5286230146391159,0.4780000000000004,True
45.745,19,139.296574,1.0,0.3471850529787037,24,0.4952999285488952,0.5100000000000005,True
43.75,19,139.476628,1.0,0.3379696393302025,22,0.5363925166640854,0.5000000000000004,True
39.778,17,139.660056,1.0,0.3397303684830599,20,0.5299946465828698,0.4440000000000004,True
39.809,15,139.817751,1.0,0.34645486180447804,20,0.5291370595802561,0.38200000000000034,True
41.773,18,140.009448,1.0,0.3348330811987509,21,0.532491249628034,0.4540000000000004,True
43.813,14,140.166403,1.0,0.34504980130001084,23,0.5062136260905385,0.37400000000000033,True
41.801,16,140.32176,1.0,0.3446620529446402,22,0.5224083330126713,0.39800000000000035,True
35.757,18,140.501084,1.0,0.33811652428872974,20,0.4878322446427009,0.48600000000000043,True
43.753,19,140.702663,1.0,0.34025817746672604,23,0.5416909469792459,0.49400000000000044,True
37.766,18,140.889392,1.0,0.3475275720923645,20,0.49519871066387383,0.4680000000000004,True
43.801,15,141.036256,1.0,0.34183117797279006,22,0.5256502044276987,0.39800000000000035,True
47.777,16,141.193666,1.0,0.33973583505016847,24,0.5227218479532256,0.4460000000000004,True
37.785,17,141.376603,1.0,0.3405548663021588,21,0.5419078771291294,0.4300000000000004,True
37.689,23,141.615698,1.0,0.3293643957498944,21,0.5207352023832631,0.6220000000000006,True
39.75,19,141.809384,1.0,0.3389901117525984,22,0.49782768967625035,0.5000000000000004,True
45.813,14,141.96959,1.0,0.3468673909652687,23,0.5009169508623814,0.37400000000000033,True
41.825,14,142.141425,1.0,0.35102733700303945,23,0.5131386696952344,0.3500000000000003,True
41.765,18,142.343758,1.0,0.335937450893918,22,0.5417070141117476,0.4700000000000004,True
35.734,20,142.492361,1.0,0.339645552739541,21,0.5037648475911765,0.5320000000000005,True
31.698,22,142.641449,1.0,0.3274309581758291,17,0.5476957941992677,0.6040000000000005,True
41.766,18,142.760313,1.0,0.3386950003945208,23,0.5293141151730264,0.4680000000000004,True
45.742,20,142.89411,1.0,0.33440875210275056,23,0.5473206755026103,0.5160000000000005,True
41.717,22,143.050187,1.0,0.3347142819260557,22,0.5196334548050864,0.5660000000000005,True
43.738,20,143.180608,1.0,0.33864517373295117,23,0.5304165838012532,0.5240000000000005,True
41.713,21,143.333684,1.0,0.33677553775267693,23,0.5150320941804984,0.5740000000000005,True
45.825,13,143.431059,1.0,0.34742819723385343,23,0.48404591398852975,0.3500000000000003,True
39.701,22,143.57689,1.0,0.335395919474272,21,0.5221100342054961,0.5980000000000005,True
43.697,21,143.722844,1.0,0.3396378556549777,24,0.499642971935096,0.6060000000000005,True
45.809,15,143.828255,1.0,0.348349043633867,23,0.5260615088768676,0.38200000000000034,True
37.797,16,143.931164,1.0,0.33800114830679145,20,0.5128978790345937,0.40600000000000036,True
37.745,19,144.062582,1.0,0.34854721682435374,19,0.5078561428747902,0.5100000000000005,True
43.769,18,144.178951,1.0,0.3426054160053149,23,0.5191114140833439,0.4620000000000004,True
31.677,24,144.354013,1.0,0.33842775832085814,16,0.5127680269039425,0.6460000000000006,True
43.797,16,144.464366,1.0,0.3433226179025331,24,0.5187291583431117,0.40600000000000036,True
31.777,17,144.584355,1.0,0.3404605610372738,18,0.5133075845096375,0.4460000000000004,True
33.721,22,144.727802,1.0,0.331217118664476,19,0.5300342755012761,0.5580000000000005,True
41.797,15,144.841603,1.0,0.34127440102669393,21,0.5331405364273928,0.40600000000000036,True
45.789,17,144.955861,1.0,0.339289033517974,24,0.5200554336523355,0.4220000000000004,True
29.798,16,145.079521,1.0,0.346400680680834,16,0.5090052837926845,0.40400000000000036,True
45.797,16,145.188828,1.0,0.343583943523458,23,0.5331073043338772,0.40600000000000036,True
41.733,19,145.341702,1.0,0.339091843647669,22,0.4896444704358493,0.5340000000000005,True
41.782,17,145.459904,1.0,0.34426663637474275,21,0.521269039112624,0.4360000000000004,True
39.757,18,145.579118,1.0,0.3396025046796234,20,0.5057371287709174,0.48600000000000043,True
41.825,13,145.683066,1.0,0.34847326993259775,24,0.5058624810794842,0.3500000000000003,True
41.765,18,145.806225,1.0,0.3434236610312905,22,0.5222885682546229,0.4700000000000004,True
41.729,21,145.940882,1.0,0.32323743071624744,21,0.5311572997521801,0.5420000000000005,True
47.765,18,146.066116,1.0,0.344065259375343,24,0.5316206679336284,0.4700000000000004,True
35.758,19,146.18769,1.0,0.33945183776774823,20,0.523396121022283,0.48400000000000043,True
41.825,13,146.273705,1.0,0.3511114933766116,21,0.5082190824258679,0.3500000000000003,True
33.73,20,146.423136,1.0,0.33379201434556727,18,0.5167537540410735,0.5400000000000005,True
33.717,21,146.560667,1.0,0.34286709107211294,17,0.510899553005369,0.5660000000000005,True
39.761,19,146.683294,1.0,0.3380518386226747,20,0.5344960309700107,0.4780000000000004,True
37.813,15,146.785047,1.0,0.34665163295901624,21,0.5087866716090559,0.37400000000000033,True
39.778,17,146.899321,1.0,0.34468545661948763,20,0.5116002394755277,0.4440000000000004,True
41.754,19,147.025261,1.0,0.33682859651095776,21,0.5377837918534807,0.49200000000000044,True
39.825,13,147.108321,1.0,0.3520033701108223,20,0.494823563965215,0.3500000000000003,True
37.778,18,147.225131,1.0,0.33943602176811294,21,0.5352115185027043,0.4440000000000004,True
43.765,18,147.366784,1.0,0.34117901785297616,22,0.4965983018215158,0.4700000000000004,True
37.753,18,147.490156,1.0,0.33978184613797263,21,0.5207085009815254,0.49400000000000044,True
35.721,21,147.991728,1.0,0.33297678074267234,19,0.50296269258936,0.5580000000000005,True
43.797,15,148.091331,1.0,0.343477597437878,23,0.4999604701295995,0.40600000000000036,True
41.825,14,148.187546,1.0,0.35222093615869454,21,0.5154520335821801,0.3500000000000003,True
41.721,20,148.320497,1.0,0.32952230061224796,22,0.5854822554237398,0.5580000000000005,True
41.713,22,148.478173,1.0,0.32947293415913737,21,0.543628928891207,0.5740000000000005,True
35.714,21,148.620102,1.0,0.338619847249892,19,0.5037593031012713,0.5720000000000005,True
35.77,18,148.744015,1.0,0.3423535381368681,21,0.5005154971482619,0.4600000000000004,True
41.741,18,148.861197,1.0,0.33696234799824915,21,0.521150676448688,0.5180000000000005,True
45.785,15,148.95572,1.0,0.34525084989649524,23,0.5217011475717681,0.4300000000000004,True
41.781,17,149.067122,1.0,0.3407368185941444,21,0.5119133136217184,0.4380000000000004,True
37.693,21,149.205079,1.0,0.3332675985097653,21,0.5117265965699132,0.6140000000000005,True
29.777,17,149.319698,1.0,0.3403178485784143,21,0.5293405593754402,0.4460000000000004,True
39.749,19,149.466584,1.0,0.3367435542846283,21,0.510575091968556,0.5020000000000004,True
41.809,14,149.562274,1.0,0.3456277759498893,21,0.5114590964309752,0.38200000000000034,True
39.781,16,149.675479,1.0,0.33942962632640966,21,0.5249998866931095,0.4380000000000004,True
35.705,21,149.820867,1.0,0.3354676761745311,19,0.495536047853565,0.5900000000000005,True
33.813,15,149.924879,1.0,0.34858326672747175,17,0.5192225764459175,0.37400000000000033,True
39.757,17,150.03482,1.0,0.33621829626169353,23,0.5366315322918664,0.48600000000000043,True
39.793,15,150.13656,1.0,0.3424685092202464,20,0.523265631829682,0.41400000000000037,True
35.801,16,150.247474,1.0,0.3432079580142762,19,0.5237069726976478,0.39800000000000035,True
39.753,17,150.356946,1.0,0.3406307310792188,20,0.5293759380939239,0.49400000000000044,True
41.757,16,150.482507,1.0,0.33544119647756987,22,0.5355134632537806,0.4860000000000003,True
45.744,16,150.585074,0.953125,0.36611984510751266,23,0.5519845984540119,0.5120000000000003,True
37.753,16,150.688138,1.0,0.3351333005264677,20,0.5401904571425783,0.4940000000000003,True
37.697,20,150.816058,1.0,0.33150833375286703,21,0.5142337058141727,0.6060000000000004,True
43.813,14,150.912973,1.0,0.34690269760568915,22,0.5034638508872571,0.37400000000000033,True
43.773,17,151.021542,1.0,0.333381123392935,22,0.5589097582578139,0.4540000000000004,True
35.793,14,151.116882,1.0,0.3463662061623334,20,0.5022407350212016,0.41400000000000037,True
45.773,16,151.22559,1.0,0.34057445017853344,23,0.5411423108566976,0.4540000000000004,True
45.789,15,151.322955,1.0,0.3410706112601163,24,0.537383675379124,0.4220000000000004,True
45.769,18,151.443651,1.0,0.33634975057557287,23,0.5293782260549519,0.4620000000000004,True
39.713,20,151.593819,1.0,0.32900458485975265,21,0.5389896300224022,0.5740000000000005,True
43.781,15,151.703269,1.0,0.3430271719016663,23,0.5052659014574591,0.4380000000000004,True
41.786,17,151.816314,1.0,0.3451805952551742,22,0.5233963958242097,0.4280000000000004,True
37.765,17,151.927164,1.0,0.3361071857540837,19,0.5192674357372841,0.4700000000000004,True
39.765,18,152.052427,1.0,0.34061561310074645,22,0.5068082542799808,0.4700000000000004,True
39.742,20,152.192154,1.0,0.33876825607575256,22,0.5199462383157888,0.5160000000000005,True
39.809,15,152.28972,1.0,0.347375093568137,21,0.5157007024778105,0.38200000000000034,True
39.773,16,152.430575,1.0,0.34133601238317135,21,0.5283399125473734,0.4540000000000004,True
39.777,18,152.642963,1.0,0.3387180438007935,20,0.515272495880133,0.4460000000000004,True
35.765,19,152.83608,1.0,0.33427369161187803,19,0.5160561981791042,0.4700000000000004,True
45.689,21,153.047859,1.0,0.32419870109676935,24,0.5263646121910109,0.6220000000000004,True
35.734,20,153.266821,1.0,0.3335751529222939,18,0.5362604029361788,0.5320000000000005,True
41.761,17,153.445697,1.0,0.3371820088560782,21,0.5132389335245771,0.4780000000000004,True
49.745,18,153.624549,1.0,0.33062296796250035,26,0.5689909020176352,0.5100000000000005,True
39.825,14,153.777536,1.0,0.3482307922759023,22,0.5045501436082964,0.3500000000000003,True
37.825,12,153.897085,1.0,0.3513226630844031,20,0.4958427780641443,0.3500000000000003,True
47.741,18,154.084691,1.0,0.33900295054452834,24,0.526351934523962,0.5180000000000005,True
43.749,20,154.28518,1.0,0.3293097397194489,22,0.5334097035973507,0.5020000000000004,True
39.794,16,154.457066,1.0,0.35367754735638524,22,0.4995211378274442,0.41200000000000037,True
33.725,21,154.6583,1.0,0.3264239761412143,18,0.5372301740720843,0.5500000000000005,True
43.749,18,154.852169,1.0,0.3282780263261618,23,0.5502519825090288,0.5020000000000004,True
37.761,18,155.037738,1.0,0.33332169208348283,19,0.545209012994595,0.4780000000000004,True
43.813,13,155.165044,1.0,0.3476769872906956,23,0.5091352669197201,0.37400000000000033,True
39.785,16,155.332994,1.0,0.34340343557377806,22,0.5354272809659346,0.4300000000000004,True
43.733,19,155.540608,1.0,0.3311570960076892,23,0.547347910104912,0.5340000000000005,True
43.813,14,155.686574,1.0,0.3477358122151337,22,0.4991169462900546,0.37400000000000033,True
33.773,17,155.911695,1.0,0.33640051405998794,19,0.5345334598004791,0.4540000000000004,True
41.777,16,156.06837,1.0,0.3382732807190292,21,0.51811432219209,0.4460000000000004,True
47.777,17,156.289212,1.0,0.33841539669576176,24,0.5424459073039828,0.4460000000000004,True
47.757,18,156.506382,1.0,0.33890564607898843,24,0.5208567039514502,0.48600000000000043,True
43.813,15,156.677324,1.0,0.34688955794374954,22,0.518103277640768,0.37400000000000033,True
41.773,18,156.862085,1.0,0.3412708142652778,21,0.5138494405387235,0.4540000000000004,True
41.745,19,157.009378,1.0,0.32825209750759793,22,0.5673834605675054,0.5100000000000005,True
43.745,19,157.135479,1.0,0.3391112253696781,22,0.5244795417326921,0.5100000000000005,True
35.769,17,157.246108,1.0,0.3344828188949533,22,0.5349348950799525,0.4620000000000004,True
39.725,18,157.363661,1.0,0.3331289729117758,20,0.5196944029991232,0.5500000000000005,True
45.705,20,157.495185,1.0,0.33299045899535984,23,0.5447066427474412,0.5900000000000005,True
39.717,20,157.62602,1.0,0.3337111655931987,22,0.5318938627534938,0.5660000000000005,True
35.809,14,157.723629,1.0,0.34694265595079665,19,0.4969920257850233,0.38200000000000034,True
37.705,20,157.848482,1.0,0.3212213144924464,20,0.5250064575036486,0.5900000000000004,True
39.765,17,157.974716,1.0,0.33981687052264486,21,0.5115091934197215,0.4700000000000004,True
33.733,19,158.094813,1.0,0.3373411369450517,17,0.5400578614420103,0.5340000000000005,True
39.797,15,158.596774,1.0,0.34466165593233955,21,0.5182484036634422,0.40600000000000036,True
39.733,20,158.723006,1.0,0.3380615668215222,20,0.5387629321921537,0.5340000000000005,True
33.741,20,158.858215,1.0,0.33574967666651734,18,0.528099707567054,0.5180000000000005,True
43.745,19,158.987055,1.0,0.33238773198125526,23,0.5313295253522066,0.5100000000000005,True
43.793,16,159.102863,1.0,0.3362302073138985,23,0.5300550554069529,0.41400000000000037,True
35.717,21,159.238073,1.0,0.33126474261624594,19,0.5251199101775957,0.5660000000000005,True
41.713,20,159.376452,1.0,0.3228595034599928,23,0.5651780188730163,0.5740000000000005,True
43.765,19,159.493786,1.0,0.33813173012492603,22,0.515520713723923,0.4700000000000004,True
41.745,19,159.6156,1.0,0.3380075772271559,21,0.5387844589411462,0.5100000000000005,True
35.717,22,159.758242,1.0,0.3311621521540166,18,0.5473534883505881,0.5660000000000005,True
43.749,19,159.884067,1.0,0.33567537142997195,22,0.5403597717958722,0.5020000000000004,True
37.765,18,160.001959,1.0,0.3416581854320005,19,0.4972719020579535,0.4700000000000004,True
33.746,19,160.143835,1.0,0.3442260476509439,18,0.4881853778067428,0.5080000000000005,True
41.77,18,160.259916,1.0,0.33746890377403993,22,0.5520063131393825,0.4600000000000004,True
41.741,20,160.397445,1.0,0.33273362735151363,23,0.5589768756034296,0.5180000000000005,True
37.75,19,160.520642,1.0,0.3377628500129937,20,0.517190118499743,0.5000000000000004,True
37.753,19,160.644374,1.0,0.3309907673456697,21,0.5299900415694014,0.49400000000000044,True
33.705,21,160.784324,1.0,0.3406496498913174,18,0.5089304300297744,0.5900000000000005,True
35.737,21,160.923266,1.0,0.336318317843885,19,0.5381823338662419,0.5260000000000005,True
39.785,17,161.03695,1.0,0.3456161232250595,20,0.49262396660170954,0.4300000000000004,True
45.825,14,161.144662,1.0,0.34372670574184816,24,0.48854055407504554,0.3500000000000003,True
39.741,19,161.27562,1.0,0.3394170154864733,21,0.5219710209084422,0.5180000000000005,True
37.825,14,161.369733,1.0,0.3460763623146055,22,0.5060094247080305,0.3500000000000003,True
43.773,18,161.496852,1.0,0.33975201215789697,22,0.5196812803526472,0.4540000000000004,True
41.813,15,161.604345,1.0,0.3502967163034515,22,0.49489661547485364,0.37400000000000033,True
37.749,20,161.73752,1.0,0.33639907401076163,20,0.5248411941871378,0.5020000000000004,True
37.782,17,161.8604,1.0,0.3479962808902512,20,0.5088656313878854,0.4360000000000004,True
39.769,18,161.983487,1.0,0.33502228183836114,21,0.5356454603599412,0.4620000000000004,True
45.761,18,162.11146,1.0,0.33853041173162185,24,0.5300985031634469,0.4780000000000004,True
47.813,15,162.222444,1.0,0.34880858468132214,25,0.5099458424235913,0.37400000000000033,True
43.777,17,162.34065,1.0,0.336506528219049,22,0.5315637044798128,0.4460000000000004,True
41.793,16,162.454199,1.0,0.3484163051903828,22,0.5296638208091955,0.41400000000000037,True
43.737,19,162.581376,1.0,0.3384925850885921,23,0.5239685297275403,0.5260000000000005,True
37.769,17,162.697599,1.0,0.34156193365033916,20,0.5296525802491664,0.4620000000000004,True
37.782,17,162.81765,1.0,0.34080915966332403,20,0.5188117225953038,0.4360000000000004,True
43.789,17,162.935846,1.0,0.3380976518714359,22,0.5447300997797473,0.4220000000000004,True
41.781,17,163.048063,1.0,0.33666231220168014,21,0.5355883168753338,0.4380000000000004,True
37.813,15,163.164131,1.0,0.3484548646946215,20,0.520640574677312,0.37400000000000033,True
47.794,16,163.277457,1.0,0.3443908405665893,25,0.4898481847174949,0.41200000000000037,True
41.757,19,163.417968,1.0,0.33909136406912943,21,0.5088273534776175,0.48600000000000043,True
37.769,18,163.545227,1.0,0.34144926480375803,19,0.5249724323459991,0.4620000000000004,True
37.704,21,163.698315,1.0,0.3392993131659138,19,0.5367549714219738,0.5920000000000005,True
39.722,21,163.845449,1.0,0.3314864543110243,21,0.5238771286694089,0.5560000000000005,True
35.781,17,163.967514,1.0,0.33864946484689107,20,0.5038462756811353,0.4380000000000004,True
41.798,16,164.07708,1.0,0.34445641764026036,22,0.515905647934072,0.40400000000000036,True
39.734,20,164.227827,1.0,0.3376741997545976,20,0.49294763089740745,0.5320000000000005,True
41.729,19,164.355269,1.0,0.34556637012318314,22,0.5122288684477854,0.5420000000000005,True
35.729,20,164.509018,1.0,0.341007798827627,18,0.518978516453759,0.5420000000000005,True
39.794,16,164.622471,1.0,0.3444274130096899,21,0.5253954757855935,0.41200000000000037,True
39.765,18,164.746466,1.0,0.34030151397663033,22,0.5286317492085876,0.4700000000000004,True
39.778,17,164.86611,1.0,0.34405364692205787,22,0.5219973629075652,0.4440000000000004,True
39.749,19,165.014985,1.0,0.3357166813045444,20,0.5162417331682149,0.5020000000000004,True
35.725,20,165.16093,1.0,0.3328033237560446,20,0.5285893162729031,0.5500000000000005,True
39.721,20,165.310959,1.0,0.32977671554847543,20,0.5150797639603583,0.5580000000000005,True
43.773,18,165.448507,1.0,0.3447590436672363,22,0.516641687694459,0.4540000000000004,True
43.742,20,165.583779,1.0,0.3402212514339008,23,0.5090046416780215,0.5160000000000005,True
37.7,22,165.757769,1.0,0.3360202179082788,21,0.5377641933692184,0.6000000000000005,True
43.809,15,165.858855,1.0,0.3434446600258041,24,0.526716744291969,0.38200000000000034,True
43.729,20,166.009736,1.0,0.3291671107866913,23,0.5270860854490779,0.5420000000000005,True
41.785,17,166.123535,1.0,0.34064582543566024,22,0.5371129720460595,0.4300000000000004,True
37.757,19,166.280158,1.0,0.3420923133408097,19,0.5054314081938925,0.48600000000000043,True
41.757,18,166.402998,1.0,0.3371136824440848,21,0.5078846507740233,0.48600000000000043,True
33.81,15,166.507662,1.0,0.34695908683712906,17,0.49676433605074877,0.38000000000000034,True
39.777,16,166.618653,1.0,0.34531529181030984,21,0.5154056550762082,0.4460000000000004,True
41.777,16,166.731003,1.0,0.33660538885483304,23,0.5187746823689321,0.4460000000000004,True
29.825,14,166.829839,1.0,0.34696851472992973,18,0.5106229746401307,0.3500000000000003,True
37.793,16,167.017558,1.0,0.34650028861244675,21,0.5224466686462153,0.41400000000000037,True
43.793,15,167.17193,1.0,0.3423766847837595,23,0.5161443667835134,0.41400000000000037,True
41.757,18,167.350347,1.0,0.34727400219434645,21,0.5077528117643255,0.48600000000000043,True
41.789,17,168.037729,1.0,0.34383621349880233,22,0.5306049121729417,0.4220000000000004,True
37.738,20,168.247127,1.0,0.33371948040658983,19,0.5454059781546916,0.5240000000000005,True
45.793,16,168.44765,1.0,0.34342155078547965,23,0.49583373048815393,0.41400000000000037,True
39.782,17,168.62438,1.0,0.34629715436841746,22,0.5228475791579867,0.4360000000000004,True
39.778,17,168.801053,1.0,0.3423543730618379,21,0.5280092942940365,0.4440000000000004,True
39.793,16,168.956275,1.0,0.3412706572539055,20,0.507178784683835,0.41400000000000037,True
47.793,16,169.113081,1.0,0.3460859318593106,24,0.5073830111508697,0.41400000000000037,True
37.825,14,169.254617,1.0,0.35356775053582,20,0.4972485424301015,0.3500000000000003,True
31.665,23,169.48473,1.0,0.340473556896684,19,0.5104243035250204,0.6700000000000006,True
45.825,14,169.623358,1.0,0.3551124485818989,25,0.5027015405054899,0.3500000000000003,True
39.75,19,169.812322,1.0,0.33445608173929053,21,0.5683199674090411,0.5000000000000004,True
39.761,18,169.992881,1.0,0.3342438421102034,22,0.535028759529583,0.4780000000000004,True
45.809,14,170.154293,1.0,0.3477414586361505,25,0.4917689303152618,0.38200000000000034,True
39.765,18,170.336101,1.0,0.33747306159332857,20,0.5570931691710709,0.4700000000000004,True
43.777,17,170.521583,1.0,0.34173745469193206,23,0.5338881331007072,0.4460000000000004,True
41.809,15,170.719123,1.0,0.34374922485353276,21,0.5098165038770811,0.38200000000000034,True
35.765,18,170.937445,1.0,0.33946945166224296,19,0.5147213898316468,0.4700000000000004,True
31.778,17,171.080281,1.0,0.34178799954235506,16,0.521207291948542,0.4440000000000004,True
37.789,17,171.195294,1.0,0.34917621438938473,20,0.5052930720769109,0.4220000000000004,True
41.809,14,171.29283,1.0,0.3479908935649904,21,0.5196751519397664,0.38200000000000034,True
39.809,14,171.398364,1.0,0.34794436847286603,21,0.5195665878207019,0.38200000000000034,True
47.749,17,171.511467,1.0,0.33393686096237657,24,0.5315227094550857,0.5020000000000004,True
41.789,16,171.631805,1.0,0.3431295218387571,23,0.5216563199334947,0.4220000000000004,True
41.793,16,171.745213,1.0,0.3488966986263351,21,0.5212635337131917,0.41400000000000037,True
45.757,18,171.866126,1.0,0.3350305694569916,23,0.5374169592417343,0.48600000000000043,True
41.781,15,171.970321,1.0,0.34250184892497293,24,0.5228885773604615,0.4380000000000004,True
45.765,17,172.084832,1.0,0.33450137283831216,24,0.5457031581583156,0.4700000000000004,True
35.733,17,172.190617,1.0,0.3372482431834898,20,0.5183953465857731,0.5340000000000004,True
41.797,15,172.292826,1.0,0.34476218371863754,22,0.5206309699311988,0.40600000000000036,True
41.765,19,172.429952,1.0,0.33382011026417835,21,0.5719728221584081,0.4700000000000004,True
39.753,16,172.539969,1.0,0.340494157223593,21,0.5443537626054568,0.49400000000000044,True
41.761,17,172.670689,1.0,0.34271632629151716,22,0.5223185027369834,0.4780000000000004,True
41.761,17,172.785941,1.0,0.3321107427986474,22,0.5271280168058898,0.4780000000000004,True
43.793,16,172.893801,1.0,0.3412894660800294,23,0.5184701298443603,0.41400000000000037,True
45.825,12,172.975038,1.0,0.3496810857011152,23,0.49471955318384936,0.3500000000000003,True
35.813,14,173.072392,1.0,0.34437670298911005,20,0.5226699428121617,0.37400000000000033,True
37.797,15,173.178737,1.0,0.3426345262673784,20,0.5270762395126181,0.40600000000000036,True
45.789,16,173.289191,1.0,0.34382148496226916,24,0.49686008134649806,0.4220000000000004,True
29.785,17,173.413797,1.0,0.3447492498428607,16,0.5345703317453288,0.4300000000000004,True
39.781,15,173.516284,1.0,0.3410951178127062,20,0.5093597877174546,0.4380000000000004,True
37.777,17,173.638263,1.0,0.34462179874809507,19,0.5086766682462738,0.4460000000000004,True
41.813,15,173.763041,1.0,0.3439680972306059,21,0.5253776381390491,0.37400000000000033,True
39.753,18,173.886673,1.0,0.3391005248312224,20,0.5060455956168723,0.49400000000000044,True
35.793,15,173.989481,1.0,0.34735637284496007,20,0.530126251292268,0.41400000000000037,True
41.801,15,174.09466,1.0,0.34487313991257806,22,0.5242161174922713,0.39800000000000035,True
49.781,15,174.200361,1.0,0.3426956198612722,25,0.5233955694547313,0.4380000000000004,True
39.797,15,174.305005,1.0,0.34308592433482754,20,0.5223598589439948,0.40600000000000036,True
41.765,16,174.420247,1.0,0.33561883743158083,22,0.5167404816958487,0.4700000000000004,True
47.765,17,174.536132,1.0,0.3371771874735917,24,0.5544935743537955,0.4700000000000004,True
45.761,16,174.647037,1.0,0.33935223378644347,23,0.5133870629193302,0.4780000000000004,True
33.765,17,174.779998,1.0,0.33945166340757393,19,0.5402221948323336,0.4700000000000004,True
33.813,15,174.887484,1.0,0.34559466468455946,20,0.5019151117286434,0.37400000000000033,True
39.761,17,175.00727,1.0,0.3419996424951654,22,0.5018695710355245,0.4780000000000004,True
35.793,15,175.112225,1.0,0.34618215550366005,20,0.5188717814321377,0.41400000000000037,True
35.757,19,175.27627,1.0,0.33061592839608084,18,0.5248287597620039,0.48600000000000043,True
35.766,18,175.399514,1.0,0.3471802982757236,19,0.4993468628295391,0.4680000000000004,True
39.765,19,175.526406,1.0,0.33995520634440396,21,0.4848628377388394,0.4700000000000004,True
39.702,22,175.69046,1.0,0.3324236344376482,21,0.5194339263640967,0.5960000000000005,True
27.785,17,175.821611,1.0,0.33829620113917686,16,0.5307269317291012,0.4300000000000004,True
49.729,17,175.937639,1.0,0.33629306625364214,25,0.5173779688924712,0.5420000000000004,True
33.737,20,176.075833,1.0,0.32833113972170014,18,0.5465180907708921,0.5260000000000005,True
35.777,17,176.194466,1.0,0.3459018045457513,19,0.5056724961652316,0.4460000000000004,True
37.761,17,176.321163,1.0,0.3391668010171266,20,0.5365243945700228,0.4780000000000004,True
43.721,19,176.445742,1.0,0.33509172438646384,22,0.5462438636939544,0.5580000000000004,True
47.749,17,176.560198,1.0,0.33808384497665445,24,0.5136339485276581,0.5020000000000004,True
39.793,15,176.676586,1.0,0.34076051013660796,20,0.5293304334586334,0.41400000000000037,True
41.777,16,176.787129,1.0,0.34151447398853463,21,0.5171745483630429,0.4460000000000004,True
35.777,16,176.914915,1.0,0.3382714812705585,18,0.5098447336011216,0.4460000000000004,True
39.781,16,177.026001,1.0,0.3415737694642299,20,0.5323668029852832,0.4380000000000004,True
45.757,18,177.148327,1.0,0.33978027902235297,23,0.5341417930674697,0.48600000000000043,True
39.745,19,177.281345,1.0,0.33475275650915315,21,0.5328365621345481,0.5100000000000005,True
39.745,19,177.416553,1.0,0.3301175765967024,20,0.5384936847607465,0.5100000000000005,True
35.749,19,177.553318,1.0,0.3289699717675533,18,0.539607889153264,0.5020000000000004,True
47.797,15,177.661232,1.0,0.34084566742330036,24,0.5294899449637597,0.40600000000000036,True
39.781,16,177.777173,1.0,0.338917127949955,22,0.5364915294686647,0.4380000000000004,True
43.765,18,178.272559,1.0,0.3444579638632374,23,0.5392077580253596,0.4700000000000004,True
37.81,15,178.387238,1.0,0.3483947650064748,20,0.48516785474983526,0.38000000000000034,True
47.753,17,178.513424,1.0,0.3317242371768421,24,0.5562955821453864,0.49400000000000044,True
35.693,21,178.659464,1.0,0.3300104214829453,20,0.544271415446852,0.6140000000000005,True
41.773,16,178.770842,1.0,0.3473487946029287,23,0.49129084594664146,0.4540000000000004,True
39.745,18,178.902661,1.0,0.32973323024321877,22,0.536674728938923,0.5100000000000005,True
39.825,14,178.997896,1.0,0.3457168051251568,21,0.5205742236923105,0.3500000000000003,True
41.777,16,179.104184,1.0,0.34688889199023965,21,0.5038138469996662,0.4460000000000004,True
37.773,17,179.21499,1.0,0.3456861316330472,20,0.5259085681019193,0.4540000000000004,True
33.713,21,179.353219,1.0,0.33557352418054476,19,0.5331289240652152,0.5740000000000005,True
39.709,20,179.486304,1.0,0.3339893854825864,21,0.5352605842334877,0.5820000000000005,True
37.753,18,179.606839,1.0,0.3351414768455916,19,0.5366915534592019,0.49400000000000044,True
37.741,19,179.732804,1.0,0.3368587936330671,20,0.5180209699034781,0.5180000000000005,True
37.753,18,179.855933,1.0,0.33934922781601407,19,0.48896541422573214,0.49400000000000044,True
37.769,18,179.992871,1.0,0.3399321951063693,21,0.5310786253944698,0.4620000000000004,True
37.781,17,180.103757,1.0,0.33923714760944046,19,0.5229660299458679,0.4380000000000004,True
31.729,20,180.226133,1.0,0.3331956318422986,18,0.4897113088836203,0.5420000000000005,True
41.745,18,180.344671,1.0,0.3349188349802943,22,0.525343999697679,0.5100000000000005,True
43.709,19,180.481946,1.0,0.337811987257066,23,0.5047262155983401,0.5820000000000005,True
37.745,18,180.59913,1.0,0.3294051781006578,21,0.5459096619609414,0.5100000000000005,True
39.765,17,180.725492,1.0,0.3408506524616626,20,0.5140695176238237,0.4700000000000004,True
41.781,15,180.821821,1.0,0.34228225360761816,23,0.5359652926617189,0.4380000000000004,True
39.769,17,180.93411,1.0,0.34154373012519634,21,0.5150026671621369,0.4620000000000004,True
41.733,18,181.122903,1.0,0.3271537157255924,22,0.5501974159631678,0.5340000000000005,True
45.793,15,181.279707,1.0,0.346400873174801,23,0.5295301411843234,0.41400000000000037,True
35.753,18,181.464525,1.0,0.33149979925694656,19,0.5196638628222415,0.49400000000000044,True
39.813,13,181.585223,1.0,0.35388076807840607,22,0.5164807066159827,0.37400000000000033,True
41.781,15,181.728414,1.0,0.34366616153713536,22,0.5349109906161449,0.4380000000000004,True
37.729,19,181.911235,1.0,0.33126565630701627,20,0.51401951744698,0.5420000000000005,True
35.749,18,182.092556,1.0,0.3367122466779387,19,0.5242348963824243,0.5020000000000004,True
45.769,17,182.256585,1.0,0.3364324051968334,23,0.5353122966609772,0.4620000000000004,True
37.713,20,182.463905,1.0,0.3296508451343196,20,0.5205553151511201,0.5740000000000005,True
39.761,18,182.656139,1.0,0.33005184894655665,21,0.532800906802792,0.4780000000000004,True
39.749,18,182.826003,1.0,0.33607107776765305,20,0.5317595497618678,0.5020000000000004,True
41.749,17,183.000526,1.0,0.3368840208609839,22,0.5341785727781045,0.5020000000000004,True
37.769,17,183.1711,1.0,0.33744773160601793,20,0.5263470232550256,0.4620000000000004,True
43.797,15,183.329889,1.0,0.34684005501325577,23,0.5089254420980832,0.40600000000000036,True
37.746,19,183.538012,1.0,0.3418351219911937,19,0.5128821842442123,0.5080000000000005,True
29.793,15,183.685448,1.0,0.34238802021975356,16,0.5379266720428233,0.41400000000000037,True
41.761,17,183.855037,1.0,0.3336369200888485,21,0.5322319835781459,0.4780000000000004,True
41.789,15,184.010556,1.0,0.34693641611842524,21,0.5600892352522219,0.4220000000000004,True
39.797,15,184.176172,1.0,0.34799961088894454,21,0.5273365327477774,0.40600000000000036,True
45.737,19,184.42055,1.0,0.3374988154534613,24,0.5200129217272785,0.5260000000000005,True
41.745,19,184.616541,1.0,0.33092525549893037,21,0.5426854430240085,0.5100000000000005,True
47.797,15,184.786275,1.0,0.34447271481043196,24,0.5266121721347629,0.40600000000000036,True
43.693,21,185.017683,1.0,0.3246134117390425,23,0.5720187659532355,0.6140000000000005,True
37.761,17,185.204654,1.0,0.33589735121387454,21,0.5347118138148425,0.4780000000000004,True
37.757,19,185.422218,1.0,0.3339517627413187,19,0.5311661902507245,0.48600000000000043,True
43.749,18,185.575462,1.0,0.334864917399609,24,0.5225542233082536,0.5020000000000004,True
39.765,18,185.72314,1.0,0.34240074531911513,20,0.5101942736511845,0.4700000000000004,True
37.721,20,185.868851,1.0,0.3310607493003942,21,0.5146629331927035,0.5580000000000005,True
43.785,16,186.007684,1.0,0.34455961998594986,22,0.4909946528029681,0.4300000000000004,True
41.741,19,186.140201,1.0,0.337057362509131,21,0.5238762691049941,0.5180000000000005,True
47.677,24,186.32459,1.0,0.31885754958366813,24,0.5479696459864329,0.6460000000000006,True
41.71,22,186.488946,1.0,0.3370221829415836,21,0.49739141428041483,0.5800000000000005,True
39.685,23,186.659796,1.0,0.33132692881123127,21,0.519111256344405,0.6300000000000006,True
39.717,21,186.79795,1.0,0.32942643017120277,21,0.518751734116832,0.5660000000000005,True
37.69,24,186.975685,1.0,0.33450425693973984,20,0.5015774538627866,0.6200000000000006,True
35.689,23,187.130588,1.0,0.3310514021355747,19,0.5161850932600751,0.6220000000000006,True
41.801,16,187.235544,1.0,0.345299923167712,21,0.5216439361808498,0.39800000000000035,True
41.706,22,187.391109,1.0,0.3299737023387985,22,0.5217491428426629,0.5880000000000005,True
33.745,19,187.51822,1.0,0.3375835247890263,18,0.5270305244232801,0.5100000000000005,True
35.717,21,187.657719,1.0,0.33717036916522825,19,0.5103240150737567,0.5660000000000005,True
41.765,18,187.776856,1.0,0.33960176285285115,22,0.5193520095178723,0.4700000000000004,True
45.741,21,187.913816,1.0,0.33073427654951687,23,0.5463574118816822,0.5180000000000005,True
33.693,23,188.058903,1.0,0.32607898860213724,17,0.5407811547263073,0.6140000000000005,True
43.741,18,188.176579,1.0,0.33500919823969955,23,0.5299412421534462,0.5180000000000005,True
39.705,22,188.337273,1.0,0.33267512070444705,21,0.5180700248101762,0.5900000000000005,True
41.609,28,189.069096,1.0,0.3245668990202498,21,0.537250139182855,0.7820000000000007,True
33.705,22,189.217315,1.0,0.3329127853124834,18,0.4917912724118846,0.5900000000000005,True
43.653,26,189.412675,1.0,0.3331140316213853,22,0.5470278953178813,0.6940000000000006,True
29.669,24,189.596276,1.0,0.3422596001480111,17,0.5354598170908159,0.6620000000000006,True
37.661,25,189.774628,1.0,0.3303298017065215,20,0.5753597919127977,0.6780000000000006,True
47.794,16,189.880353,1.0,0.3522632453741755,24,0.5168834185182462,0.41200000000000037,True
41.689,23,190.047363,1.0,0.32956254619871184,21,0.507378313680382,0.6220000000000006,True
41.722,22,190.207553,1.0,0.33222396397028564,21,0.523031354989687,0.5560000000000005,True
37.681,23,190.366445,1.0,0.32548600088674035,21,0.5386368848835853,0.6380000000000006,True
35.71,22,190.546287,1.0,0.33826014205864813,19,0.5194927840279105,0.5800000000000005,True
35.75,19,190.676876,1.0,0.3422607012153731,21,0.5210237593031828,0.5000000000000004,True
37.625,26,190.85246,1.0,0.32465977238836474,19,0.572760883667862,0.7500000000000007,True
35.669,24,191.019088,1.0,0.33508891041003386,20,0.5090062063580958,0.6620000000000006,True
37.757,18,191.147295,1.0,0.33879997468662026,21,0.518311982014114,0.48600000000000043,True
47.693,23,191.293982,1.0,0.33063012903640576,24,0.508138569652849,0.6140000000000005,True
39.661,25,191.466494,1.0,0.3254132596946928,21,0.545435215802468,0.6780000000000006,True
41.789,17,191.605056,1.0,0.34402608940646284,23,0.5454518634383176,0.4220000000000004,True
37.801,16,191.721408,1.0,0.344639657866554,19,0.4968986926737427,0.39800000000000035,True
43.66,24,191.87621,1.0,0.32730189965189926,22,0.5515616585445849,0.6800000000000006,True
43.738,20,192.017744,1.0,0.33576777463067353,22,0.525762357192042,0.5240000000000005,True
35.754,19,192.150259,1.0,0.3390945369677445,18,0.508304914948498,0.49200000000000044,True
39.737,20,192.301165,1.0,0.3331469652350183,20,0.5336366436097927,0.5260000000000005,True
33.753,19,192.448508,1.0,0.3409888017033057,19,0.4919874873408338,0.49400000000000044,True
45.773,18,192.609547,1.0,0.33741877153220984,23,0.5465834892121398,0.4540000000000004,True
45.786,17,192.742391,1.0,0.34310715627880667,23,0.513651191940957,0.4280000000000004,True
37.697,22,192.906044,1.0,0.3280485745793316,21,0.5273064278604334,0.6060000000000005,True
45.782,17,193.027436,1.0,0.3426894236368858,23,0.5318001596051142,0.4360000000000004,True
45.786,17,193.140359,1.0,0.3408416110831907,23,0.5238536432972494,0.4280000000000004,True
41.769,17,193.265766,1.0,0.33870969464169975,22,0.5059923262650073,0.4620000000000004,True
41.765,18,193.404628,1.0,0.3445387723800261,22,0.5158369398404289,0.4700000000000004,True
41.758,19,193.551432,1.0,0.33626740548486056,23,0.5359747706517584,0.48400000000000043,True
39.725,20,193.719036,1.0,0.336661076996143,21,0.5474585357045698,0.5500000000000005,True
39.825,14,193.829799,1.0,0.3498928899464331,22,0.49105272184493753,0.3500000000000003,True
43.753,19,193.968236,1.0,0.3341886112354913,22,0.5141505807472737,0.49400000000000044,True
41.749,18,194.097157,1.0,0.3444906181648847,22,0.5085720356770003,0.5020000000000004,True
41.753,18,194.232624,1.0,0.33503153058774215,23,0.5156859034580606,0.49400000000000044,True
45.757,19,194.38045,1.0,0.33947640370086707,23,0.5282724298166007,0.48600000000000043,True
43.769,18,194.512657,1.0,0.33553731780735524,23,0.517913236267687,0.4620000000000004,True
47.721,21,194.683324,1.0,0.3265033007346456,24,0.5520898394489925,0.5580000000000005,True
33.729,20,194.830115,1.0,0.3498770420794356,18,0.49709471319193593,0.5420000000000005,True
41.713,21,194.982155,1.0,0.33730187081192786,22,0.49465869357834163,0.5740000000000005,True
43.737,19,195.115733,1.0,0.3337271904607909,22,0.5323403919597861,0.5260000000000005,True
39.725,19,195.247776,1.0,0.334055013652636,20,0.5036661302219487,0.5500000000000005,True
41.757,18,195.370314,1.0,0.3370363889018124,21,0.540532024352713,0.48600000000000043,True
35.721,19,195.569928,1.0,0.3312667059439446,21,0.526904094496183,0.5580000000000005,True
39.765,17,195.769486,1.0,0.33976655439634385,21,0.5013212246798543,0.4700000000000004,True
39.753,18,195.964714,1.0,0.3362764912130465,20,0.5385221568814266,0.49400000000000044,True
43.709,21,196.17024,1.0,0.3331857989452046,23,0.5360284779168059,0.5820000000000005,True
31.761,19,196.376559,1.0,0.3403156217897695,18,0.5288672938741752,0.4780000000000004,True
37.793,16,196.538786,1.0,0.3361683158648384,19,0.5303066870966506,0.41400000000000037,True
43.717,20,196.756358,1.0,0.3342233375939778,23,0.5120149329698569,0.5660000000000005,True
43.749,18,196.985433,1.0,0.3407977189403845,23,0.5230541762131012,0.5020000000000004,True
45.737,18,197.200246,1.0,0.33210390532554757,24,0.5434582627484009,0.5260000000000005,True
35.766,18,197.402999,1.0,0.3407667170987243,19,0.537973917051282,0.4680000000000004,True
45.749,18,197.582828,1.0,0.3321971148440699,24,0.5105909815787928,0.5020000000000004,True
45.741,19,197.778339,1.0,0.33335536214310696,23,0.5389941793759149,0.5180000000000005,True
39.737,19,197.971179,1.0,0.3370581298087385,21,0.5289970634836384,0.5260000000000005,True
45.749,18,198.150892,1.0,0.3344550461734232,23,0.5101133550237242,0.5020000000000004,True
43.729,19,198.334046,1.0,0.33444921899154334,23,0.5335040684667314,0.5420000000000005,True
39.745,19,198.518502,1.0,0.33083857542526396,20,0.5428177216408373,0.5100000000000005,True
39.774,17,198.6872,1.0,0.3476980748608386,21,0.5030284283895081,0.4520000000000004,True
43.797,16,198.8712,1.0,0.3440539274412883,23,0.5194612925074054,0.40600000000000036,True
47.753,17,199.084654,1.0,0.33920930881710215,25,0.4945843081374291,0.49400000000000044,True
43.809,15,199.22631,1.0,0.3474001705051548,22,0.4856500715989561,0.38200000000000034,True
43.733,18,199.916657,1.0,0.33145191002212104,22,0.5475241496696691,0.5340000000000005,True
33.797,15,200.020549,1.0,0.34019967858070593,19,0.505389456807166,0.40600000000000036,True
39.749,17,200.157227,1.0,0.33024989191798726,21,0.5419984038299321,0.5020000000000004,True
37.777,16,200.262415,1.0,0.34185592970010964,20,0.5327403655690859,0.4460000000000004,True
35.725,18,200.395785,1.0,0.3414510007192123,20,0.5111777842744127,0.5500000000000005,True
39.797,16,200.498914,1.0,0.3445559981688117,20,0.5071695581554213,0.40600000000000036,True
37.793,17,200.630435,1.0,0.3386070923336828,20,0.5083092833942475,0.41400000000000037,True
41.753,17,200.764309,1.0,0.33214295503607094,22,0.5289089046472996,0.49400000000000044,True
41.737,18,200.891624,1.0,0.3421628383525567,22,0.507447453045381,0.5260000000000005,True
41.769,16,201.008847,1.0,0.3365035620885234,21,0.5577138087755066,0.4620000000000004,True
45.733,19,201.153338,1.0,0.3334673485193555,24,0.5239568162029338,0.5340000000000005,True
37.733,18,201.284699,1.0,0.33553813485871786,19,0.5119373566424358,0.5340000000000005,True
43.729,19,201.421738,1.0,0.3262061747123271,23,0.5318204131093632,0.5420000000000005,True
43.733,19,201.547526,1.0,0.33439070242167646,24,0.516430639144087,0.5340000000000005,True
39.769,17,201.661552,1.0,0.3391465536443117,20,0.5064448124257783,0.4620000000000004,True
43.761,17,201.776227,1.0,0.3350805483311947,23,0.5296510716667885,0.4780000000000004,True
45.757,17,201.887957,1.0,0.33963897842833857,24,0.5267793462475899,0.4860000000000003,True
35.801,16,202.001213,1.0,0.34312072493696627,20,0.5137993096218681,0.39800000000000035,True
47.757,17,202.118201,1.0,0.3317345325178004,24,0.5674823492161658,0.48600000000000043,True
43.753,18,202.269555,1.0,0.3349564871872497,22,0.5076160437926038,0.49400000000000044,True
41.761,17,202.407606,1.0,0.3376017628327589,21,0.516131281092608,0.4780000000000004,True
39.693,21,202.560338,1.0,0.33553331549323884,21,0.5172119431223834,0.6140000000000005,True
41.777,16,202.684507,1.0,0.3420426067813217,22,0.5339938086966957,0.4460000000000004,True
43.765,17,202.799545,1.0,0.33541579276075406,22,0.533570426633935,0.4700000000000004,True
39.753,18,202.916486,1.0,0.33203142306168154,20,0.5509803212273636,0.49400000000000044,True
43.753,17,203.035013,1.0,0.33664899030396794,22,0.5245943913542244,0.49400000000000044,True
43.813,14,203.132465,1.0,0.34763224220220024,24,0.5059263689199004,0.37400000000000033,True
39.701,20,203.278402,1.0,0.3318420329231844,21,0.5181716784500672,0.5980000000000005,True
39.749,18,203.405015,1.0,0.3397089108810034,21,0.5452907840180525,0.5020000000000004,True
43.773,17,203.518183,1.0,0.33839854244666545,23,0.5436329047650766,0.4540000000000004,True
35.701,21,203.65279,1.0,0.3297580244237335,18,0.5293315747363777,0.5980000000000005,True
37.741,19,203.777405,1.0,0.33761067007660006,20,0.518937931389132,0.5180000000000005,True
45.77,18,203.898954,1.0,0.3458495563905497,24,0.5208190851925919,0.4600000000000004,True
39.785,16,204.020578,1.0,0.33917873100089174,21,0.5271835656384491,0.4300000000000004,True
37.761,18,204.152986,1.0,0.3411598194881581,19,0.4887293507065469,0.4780000000000004,True
41.733,19,204.30536,1.0,0.332718074004744,21,0.5428028115651584,0.5340000000000005,True
37.777,16,204.431254,1.0,0.34003779231642156,19,0.5475440133724059,0.4460000000000004,True
41.765,17,204.55619,1.0,0.3366037908634888,22,0.5111960507853892,0.4700000000000004,True
37.813,14,204.655892,1.0,0.34531428838666645,20,0.5174240486674969,0.37400000000000033,True
39.753,19,204.803756,1.0,0.32877996148557165,21,0.5445735799563975,0.49400000000000044,True
43.765,15,204.903532,1.0,0.3394510533397114,24,0.5357958639181636,0.4700000000000003,True
37.721,19,205.030361,1.0,0.3348968726640549,19,0.518814086291564,0.5580000000000004,True
45.737,17,205.144655,1.0,0.33514322094354876,23,0.5390441484463603,0.5260000000000004,True
47.745,16,205.262916,1.0,0.33479176819423184,24,0.5334206431089901,0.5100000000000003,True
47.769,16,205.377812,1.0,0.33846523512453686,24,0.5459056246229425,0.4620000000000004,True
41.749,17,205.487868,1.0,0.3374187593690798,22,0.5317236701807775,0.5020000000000004,True
37.725,21,205.623669,1.0,0.33554597075117715,21,0.49950700041073665,0.5500000000000005,True
29.813,15,205.730308,1.0,0.34620450891952437,16,0.5156052979535894,0.37400000000000033,True
37.765,16,205.838585,1.0,0.3359267627574464,20,0.5180717946510502,0.4700000000000004,True
33.701,21,205.976469,1.0,0.33347367169149483,18,0.5106126612223012,0.5980000000000005,True
45.769,17,206.097842,1.0,0.33902615897902244,23,0.5341663387053008,0.4620000000000004,True
45.765,17,206.22849,1.0,0.3439872225999291,23,0.5200337694722598,0.4700000000000004,True
39.77,17,206.371342,1.0,0.3449098540543088,21,0.5123358783002987,0.4600000000000004,True
41.777,17,206.488912,1.0,0.3371717022496087,21,0.5203672734830425,0.4460000000000004,True
47.757,18,206.626871,1.0,0.3374124182113917,24,0.5079007926352254,0.48600000000000043,True
43.797,16,206.740635,1.0,0.3447846755396333,23,0.5156996150693252,0.40600000000000036,True
37.745,20,206.879916,1.0,0.33430675261824655,19,0.5196177179897771,0.5100000000000005,True
41.773,18,207.025966,1.0,0.3421768016134482,21,0.5283617879025049,0.4540000000000004,True
37.762,18,207.162051,1.0,0.34103363297108436,20,0.5137025852093257,0.4760000000000004,True
41.757,18,207.305118,1.0,0.33563444008555277,21,0.5365643660948751,0.48600000000000043,True
43.741,18,207.447701,1.0,0.3316322858610212,24,0.5437089670494155,0.5180000000000003,True
41.777,16,207.571128,1.0,0.34900667703171173,22,0.4860409917279982,0.4460000000000004,True
41.753,18,207.689008,1.0,0.331999117789329,22,0.5597275364988558,0.49400000000000044,True
37.721,19,207.823476,1.0,0.3355849478443905,20,0.514267683667413,0.5580000000000005,True
41.729,19,207.966805,1.0,0.3368871726757965,21,0.5264398141164341,0.5420000000000005,True
33.761,19,208.107858,1.0,0.33078631837368744,19,0.5466770631370932,0.4780000000000004,True
37.757,18,208.241613,1.0,0.33799003406740913,20,0.5114103019305944,0.48600000000000043,True
39.737,19,208.397639,1.0,0.33282154088473104,20,0.524964167481997,0.5260000000000005,True
31.785,17,208.515411,1.0,0.3403238356833055,18,0.5208708052365792,0.4300000000000004,True
41.781,17,208.642379,1.0,0.33889608091070145,22,0.5393537987680388,0.4380000000000004,True
37.741,20,208.791828,1.0,0.33392377434265036,19,0.5346752632791648,0.5180000000000005,True
39.785,17,208.912955,1.0,0.34257833687803396,22,0.5244487919111461,0.4300000000000004,True
