#{"t_start": 1790445685.743716, "env_id": "None"}
r,l,t,mean_uncertainty,energy_used,success
-2.328192,30,5.391153,0.969024119144021,0.2400000000000002,False
-2.256286,30,5.443416,0.9619083936419697,0.2400000000000002,False
5.598385,21,5.480912,0.958992932600015,0.16800000000000015,True
-2.345072,30,5.530579,0.9654675968401831,0.2400000000000002,False
-2.351958,30,5.58171,0.961741911931218,0.2400000000000002,False
-2.423154,30,5.631961,0.9619181087545245,0.2400000000000002,False
-2.409814,30,5.686874,0.962899866949336,0.2400000000000002,False
-2.483047,30,5.737883,0.9601803541914591,0.2400000000000002,False
-2.10561,30,6.472234,0.9638250915939772,0.2400000000000002,False
-1.896236,30,6.522105,0.9640885622043347,0.2400000000000002,False
-2.255569,30,6.575678,0.958319588031484,0.2400000000000002,False
-2.030494,30,6.638152,0.96635263291669,0.2400000000000002,False
-1.852589,30,6.69693,0.9672361762555319,0.2400000000000002,False
-2.113735,30,6.746859,0.9699329143570283,0.2400000000000002,False
-1.814246,30,6.799199,0.9612361562397596,0.2400000000000002,False
-2.02499,30,6.852456,0.9646549661254047,0.2400000000000002,False
5.526357,19,6.893443,0.9605665720577748,0.15200000000000014,True
-2.211377,30,7.672929,0.9676935964213347,0.2400000000000002,False
-2.061485,30,7.745667,0.9617049431241318,0.2400000000000002,False
-2.01866,30,7.814103,0.965122549187412,0.2400000000000002,False
-1.733185,30,7.881454,0.9634481640139153,0.2400000000000002,False
-2.285935,30,7.962759,0.9645898521626957,0.2400000000000002,False
5.527491,20,8.026815,0.9624395663707053,0.16000000000000014,True
-2.040867,30,8.11567,0.9642288171688349,0.2400000000000002,False
-2.248573,30,8.19414,0.9631528626716765,0.2400000000000002,False
-1.854146,30,8.26754,0.9622977330279221,0.2400000000000002,False
-2.16367,30,9.077686,0.9621045249992085,0.2400000000000002,False
5.616296,19,9.127635,0.9609091333520442,0.15200000000000014,True
-1.909842,30,9.196359,0.959281350199638,0.2400000000000002,False
-2.282505,30,9.266938,0.9638855584385557,0.2400000000000002,False
-1.756567,30,9.340272,0.9599764503720034,0.2400000000000002,False
5.536821,15,9.377028,0.9573379326292122,0.1200000000000001,True
-1.955672,30,9.445349,0.9603265820467799,0.2400000000000002,False
5.62488,27,9.510237,0.9592168095197124,0.2160000000000002,True
-2.081128,30,9.57789,0.9596718985479054,0.2400000000000002,False
5.658484,12,9.608588,0.9584574259705595,0.09600000000000009,True
-2.001797,30,10.400698,0.9662921280800978,0.2400000000000002,False
5.686641,15,10.438375,0.9628718061695449,0.1200000000000001,True
5.502481,21,10.493076,0.9624514665383188,0.16800000000000015,True
5.487048,15,10.532409,0.9584974493247509,0.1200000000000001,True
5.853883,9,10.555943,0.9605138190151594,0.07200000000000006,True
5.477351,9,10.579459,0.9611581544179142,0.07200000000000006,True
5.544962,7,10.594675,0.9617594917398197,0.05600000000000005,True
-2.133882,30,10.6646,0.9599136080337775,0.2400000000000002,False
5.341581,4,10.675861,0.969432689430221,0.03200000000000003,True
-1.87544,30,10.748396,0.9630664510803464,0.2400000000000002,False
5.242642,22,10.804238,0.9645917804334334,0.17600000000000016,True
5.417433,25,10.863387,0.956054000407712,0.20000000000000018,True
5.212349,17,10.904156,0.9592792939405715,0.13600000000000012,True
5.383728,26,11.285428,0.9627621188417097,0.20800000000000018,True
-1.749756,30,12.438842,0.964204665051752,0.2400000000000002,False
5.434168,14,12.514184,0.9590533626950588,0.1120000000000001,True
-1.963388,30,12.606402,0.9633982143520876,0.2400000000000002,False
5.860851,11,12.63721,0.9606028877945376,0.08800000000000008,True
5.426225,3,12.653552,0.958711729914179,0.02400000000000002,True
5.682315,6,12.673103,0.9575858970397837,0.04800000000000004,True
5.366874,12,12.707294,0.9642832457689383,0.09600000000000009,True
5.315825,17,12.764661,0.9607288700618444,0.13600000000000012,True
5.613065,10,12.798706,0.9621133354854303,0.08000000000000007,True
5.505613,18,12.857365,0.9606535781605658,0.14400000000000013,True
5.222817,19,12.962823,0.9609789436292222,0.15200000000000014,True
5.525634,23,13.051367,0.9586329415846452,0.18400000000000016,True
5.554544,24,13.132858,0.9596408463960275,0.19200000000000017,True
5.302706,24,13.208131,0.9622516822434017,0.19200000000000017,True
5.233892,17,13.2474,0.9635352988239347,0.13600000000000012,True
5.601905,7,13.273646,0.9608998560739923,0.05600000000000005,True
5.910232,13,13.87977,0.9584589607377219,0.10400000000000009,True
5.436535,14,13.904861,0.9579006639943666,0.1120000000000001,True
5.61579,8,13.918671,0.9594780598955287,0.06400000000000006,True
5.525775,27,13.96869,0.9663663109697304,0.2160000000000002,True
5.076658,25,14.010043,0.9637972047508412,0.20000000000000018,True
5.43807,11,14.029612,0.9568467959085782,0.08800000000000008,True
5.460137,15,14.05454,0.9591069977415598,0.1200000000000001,True
5.234351,27,14.100774,0.9595146883499482,0.2160000000000002,True
5.559124,29,14.154497,0.95990431321476,0.2320000000000002,True
5.800231,20,14.192259,0.958030180112044,0.16000000000000014,True
5.91768,8,14.208237,0.9570835578836508,0.06400000000000006,True
5.853129,13,14.232587,0.962072536058567,0.10400000000000009,True
5.611545,13,14.256649,0.9571371896954358,0.10400000000000009,True
5.488938,5,14.266591,0.960552811017284,0.040000000000000036,True
5.789238,8,14.282887,0.961819880986844,0.06400000000000006,True
5.629792,13,14.308276,0.9567583632271781,0.10400000000000009,True
5.404138,17,14.890432,0.9609550743451941,0.13600000000000012,True
5.455448,8,14.907536,0.9585833833997872,0.06400000000000006,True
5.499474,13,14.928949,0.961400309920836,0.10400000000000009,True
-1.736568,30,14.985224,0.9663387103333776,0.2400000000000002,False
5.930337,15,15.016676,0.9638547521402867,0.1200000000000001,True
5.846764,8,15.032758,0.9622876512385282,0.06400000000000006,True
5.538263,10,15.052638,0.9629563001531948,0.08000000000000007,True
5.575931,14,15.080099,0.9633210109691277,0.1120000000000001,True
5.348501,17,15.111214,0.9653483712248738,0.13600000000000012,True
5.815758,10,15.131269,0.9594788061152275,0.08000000000000007,True
5.67916,11,15.152336,0.9618205129016189,0.08800000000000008,True
5.634527,11,15.174021,0.9637741703435023,0.08800000000000008,True
5.650263,19,15.205205,0.9653690483287561,0.15200000000000014,True
5.479629,10,15.223933,0.9588653177352982,0.08000000000000007,True
5.787772,9,15.239304,0.9600765041385988,0.07200000000000006,True
5.645446,15,15.264933,0.9606461615090431,0.1200000000000001,True
5.520192,9,15.281085,0.9601289639834324,0.07200000000000006,True
5.35248,27,15.328995,0.9618144993098842,0.2160000000000002,True
5.420212,12,15.351137,0.9578815669408887,0.09600000000000009,True
5.498335,7,15.891155,0.9628386177954413,0.05600000000000005,True
5.783404,8,15.905957,0.9570618777434956,0.06400000000000006,True
5.697325,10,15.924001,0.9643009142485905,0.08000000000000007,True
5.602139,11,15.943695,0.9619373209120075,0.08800000000000008,True
5.084628,28,15.995484,0.9636862084197608,0.2240000000000002,True
5.512384,23,16.042592,0.9615929421885903,0.18400000000000016,True
5.622473,7,16.055305,0.9624272265351992,0.05600000000000005,True
5.520611,7,16.067823,0.9610951794190873,0.05600000000000005,True
5.50045,13,16.09234,0.9613312729034625,0.10400000000000009,True
5.462052,10,16.11167,0.9572274720210512,0.08000000000000007,True
5.376052,9,16.130696,0.9599110775826685,0.07200000000000006,True
5.556674,5,16.140849,0.961980189859586,0.040000000000000036,True
5.626214,8,16.15704,0.9588898407672345,0.06400000000000006,True
5.52068,5,16.167735,0.9586401041530965,0.040000000000000036,True
5.354679,7,16.18218,0.9602306688162566,0.05600000000000005,True
5.495771,11,16.202277,0.9573607332773528,0.08800000000000008,True
5.676988,7,16.214622,0.9598195222847943,0.05600000000000005,True
5.450021,16,16.24468,0.9631058014845223,0.1280000000000001,True
5.397986,11,16.264585,0.9641073458413341,0.08800000000000008,True
5.353685,16,16.293997,0.9607907358594833,0.1280000000000001,True
5.567954,5,16.303646,0.9651907590446938,0.040000000000000036,True
5.564855,10,16.322304,0.9599911727629173,0.08000000000000007,True
5.161155,18,16.355475,0.9632548969190797,0.14400000000000013,True
5.53321,4,16.363056,0.9593956280371374,0.03200000000000003,True
5.816544,7,16.89788,0.9623679924281339,0.05600000000000005,True
5.848585,8,16.911989,0.9573349230448918,0.06400000000000006,True
5.405468,20,16.949937,0.9582699755744905,0.16000000000000014,True
5.37129,7,16.96418,0.9617827814116859,0.05600000000000005,True
5.500014,11,16.984278,0.9602445397281867,0.08800000000000008,True
5.857397,16,17.013739,0.9599611231317339,0.1280000000000001,True
5.970179,7,17.027669,0.9632354479598253,0.05600000000000005,True
5.563751,9,17.043247,0.9595330203316713,0.07200000000000006,True
5.70961,6,17.054918,0.9628587343647759,0.04800000000000004,True
5.63241,4,17.061656,0.9621203112647596,0.03200000000000003,True
5.654346,8,17.07696,0.9616605693378655,0.06400000000000006,True
5.409844,12,17.098563,0.9609645979084758,0.09600000000000009,True
5.770867,12,17.119868,0.9590733479206861,0.09600000000000009,True
5.589073,9,17.138664,0.9575159466124663,0.07200000000000006,True
5.674707,4,17.148503,0.9614564068954702,0.03200000000000003,True
5.913674,5,17.158501,0.965058452788387,0.040000000000000036,True
5.840597,8,17.18036,0.9572320710437907,0.06400000000000006,True
5.656028,10,17.198549,0.9660795715251673,0.08000000000000007,True
5.46486,13,17.222972,0.9610921558795034,0.10400000000000009,True
5.706291,7,17.236562,0.9654766359381668,0.05600000000000005,True
5.362509,11,17.25651,0.9619195109990084,0.08800000000000008,True
5.682451,11,17.369161,0.9590050586147805,0.08800000000000008,True
5.544534,4,17.377388,0.9641345451583996,0.03200000000000003,True
5.750423,5,17.386625,0.9629487726230612,0.040000000000000036,True
5.499315,9,17.4028,0.9597042850646865,0.07200000000000006,True
5.4279,13,17.42618,0.9633650234592906,0.10400000000000009,True
5.704513,11,17.447342,0.9589414537154928,0.08800000000000008,True
5.807206,8,17.461839,0.9601593455914517,0.06400000000000006,True
5.397039,5,17.470823,0.9635398928237292,0.040000000000000036,True
5.507668,8,18.008828,0.9644413674061177,0.06400000000000006,True
5.759563,11,18.029268,0.9654618602304663,0.08800000000000008,True
5.493992,5,18.039297,0.9604211479499332,0.040000000000000036,True
5.686758,5,18.048831,0.9666391469820202,0.040000000000000036,True
5.789988,6,18.06176,0.9582609624747829,0.04800000000000004,True
5.594236,4,18.069452,0.9614816314169687,0.03200000000000003,True
5.785908,6,18.081126,0.961413638282144,0.04800000000000004,True
5.702799,7,18.096076,0.9617767947785534,0.05600000000000005,True
5.505045,9,18.114167,0.9597227086213812,0.07200000000000006,True
5.344925,7,18.128291,0.9614318276288929,0.05600000000000005,True
5.653837,9,18.146821,0.9647244978799756,0.07200000000000006,True
5.512977,5,18.157812,0.9599913409666567,0.040000000000000036,True
5.414585,5,18.16861,0.9605666737091423,0.040000000000000036,True
5.659738,10,18.188187,0.9656679912660229,0.08000000000000007,True
5.601951,5,18.197831,0.9658130849148286,0.040000000000000036,True
5.673355,4,18.206117,0.9646001850803743,0.03200000000000003,True
5.666978,4,18.214658,0.9627123695254345,0.03200000000000003,True
5.665399,6,18.225999,0.9635649000896778,0.04800000000000004,True
5.757703,7,18.242117,0.9619542861083857,0.05600000000000005,True
5.446087,4,18.250868,0.9574931346428033,0.03200000000000003,True
5.63709,7,18.264811,0.9602160594599094,0.05600000000000005,True
5.64254,8,18.281233,0.960800943532639,0.06400000000000006,True
5.503389,8,18.298756,0.9623543187205601,0.06400000000000006,True
5.503124,8,18.315084,0.958888742867053,0.06400000000000006,True
5.732815,5,18.32756,0.9623500010637387,0.040000000000000036,True
5.636261,7,18.347863,0.9574943086701364,0.05600000000000005,True
5.889703,10,18.372258,0.9593691252015667,0.08000000000000007,True
5.401513,9,18.388775,0.9603062037890674,0.07200000000000006,True
5.617096,15,18.417011,0.9588744021918787,0.1200000000000001,True
5.570539,6,18.428967,0.961613633395167,0.04800000000000004,True
5.768346,10,18.446927,0.9614285681512105,0.08000000000000007,True
5.551056,7,18.460667,0.9610265834593135,0.05600000000000005,True
5.695398,6,18.473256,0.9598017805508898,0.04800000000000004,True
5.439873,8,18.489698,0.9635607737323476,0.06400000000000006,True
5.946662,8,18.503511,0.9606698318277975,0.06400000000000006,True
6.001163,7,18.517383,0.9607150713791521,0.05600000000000005,True
5.746722,5,19.049328,0.958859554859307,0.040000000000000036,True
5.487827,6,19.062201,0.9652135382575988,0.04800000000000004,True
5.464605,8,19.077822,0.9634050180200262,0.06400000000000006,True
5.676522,7,19.091506,0.96165997018131,0.05600000000000005,True
5.527529,12,19.11683,0.9620585840043344,0.09600000000000009,True
5.440982,10,19.138777,0.9600068894975045,0.08000000000000007,True
5.4527,5,19.14988,0.9623148189623161,0.040000000000000036,True
5.596412,6,19.162931,0.9579639140152794,0.04800000000000004,True
5.837928,9,19.181758,0.9597466744740635,0.07200000000000006,True
5.762065,5,19.19123,0.9571844407233356,0.040000000000000036,True
5.582836,5,19.202895,0.9601286004656748,0.040000000000000036,True
5.687996,4,19.211432,0.9636000008759702,0.03200000000000003,True
5.635949,8,19.227477,0.9619570384929659,0.06400000000000006,True
5.539875,6,19.239304,0.9614319787762214,0.04800000000000004,True
5.55502,6,19.250697,0.9632361907190344,0.04800000000000004,True
6.030367,8,19.268684,0.9574361353721896,0.06400000000000006,True
5.725896,8,19.284667,0.9648623875859884,0.06400000000000006,True
5.389666,3,19.290649,0.96232623969949,0.02400000000000002,True
5.721292,4,19.299309,0.9606480856538506,0.03200000000000003,True
6.003784,6,19.311219,0.9597322876361176,0.04800000000000004,True
5.664551,9,19.329331,0.9657542536112874,0.07200000000000006,True
5.613911,6,19.341747,0.9632214749449625,0.04800000000000004,True
5.597774,5,19.352467,0.960851570463601,0.040000000000000036,True
5.482377,4,19.359809,0.9645213099441147,0.03200000000000003,True
5.726741,7,19.375295,0.9591211699326669,0.05600000000000005,True
5.542837,6,19.386929,0.9623857095341868,0.04800000000000004,True
5.574491,6,19.399387,0.9596077902574245,0.04800000000000004,True
5.329699,6,19.411976,0.9654630461775261,0.04800000000000004,True
5.767409,4,19.42072,0.9651453513684431,0.03200000000000003,True
5.75712,5,19.429522,0.9612267942194122,0.040000000000000036,True
5.451022,5,19.439405,0.9665933232717848,0.040000000000000036,True
5.890174,7,19.452122,0.9673615275965137,0.05600000000000005,True
5.311559,7,19.465871,0.9656741836635665,0.05600000000000005,True
5.880514,7,19.479508,0.9626045229342708,0.05600000000000005,True
5.564249,7,19.493272,0.9658923054073005,0.05600000000000005,True
5.483745,8,19.510165,0.9575344439115027,0.06400000000000006,True
5.81491,6,19.522617,0.9595838136126336,0.04800000000000004,True
5.559721,7,19.536002,0.9604492041746416,0.05600000000000005,True
5.795183,7,19.550679,0.9640758428018052,0.05600000000000005,True
5.630226,8,19.567848,0.9630378186615274,0.06400000000000006,True
5.385246,11,20.118176,0.9617459760401353,0.08800000000000008,True
5.332194,6,20.130995,0.9593426332725503,0.04800000000000004,True
5.51914,4,20.140121,0.9588516832286592,0.03200000000000003,True
5.748671,6,20.153414,0.9617041066571845,0.04800000000000004,True
5.766857,7,20.167641,0.9597629755882586,0.05600000000000005,True
5.707861,6,20.179606,0.962749011898616,0.04800000000000004,True
5.653408,11,20.203975,0.9613188853422379,0.08800000000000008,True
5.529157,5,20.214199,0.9589631948712275,0.040000000000000036,True
5.511705,6,20.225849,0.9606558674184386,0.04800000000000004,True
5.646108,6,20.237302,0.9631299479305002,0.04800000000000004,True
5.508082,9,20.256015,0.9653578698545378,0.07200000000000006,True
5.506811,4,20.263409,0.9625967576958333,0.03200000000000003,True
5.694509,6,20.277411,0.9608381612416158,0.04800000000000004,True
5.708352,4,20.286966,0.9643108016828095,0.03200000000000003,True
5.985484,6,20.300094,0.9595691622906521,0.04800000000000004,True
5.805624,5,20.310252,0.9619927138868121,0.040000000000000036,True
5.758349,5,20.319645,0.9636014632532078,0.040000000000000036,True
6.004403,4,20.327921,0.9619340710784439,0.03200000000000003,True
5.776275,4,20.33576,0.9613852617661418,0.03200000000000003,True
5.846976,6,20.348731,0.9647294264095354,0.04800000000000004,True
5.835265,9,20.369207,0.9614432966437165,0.07200000000000006,True
5.585132,7,20.383612,0.9623294971451721,0.05600000000000005,True
5.833711,6,20.395751,0.9606741086948332,0.04800000000000004,True
5.344281,6,20.408309,0.959197017380809,0.04800000000000004,True
5.75481,5,20.419042,0.9576961927169831,0.040000000000000036,True
5.51994,6,20.431919,0.9662100980555806,0.04800000000000004,True
5.466214,4,20.440666,0.9609661569610582,0.03200000000000003,True
5.843727,7,20.454976,0.9605314029542005,0.05600000000000005,True
5.769718,5,20.465234,0.9634705576015514,0.040000000000000036,True
5.458091,5,20.476177,0.964363570372564,0.040000000000000036,True
5.817488,4,20.485881,0.9599161701360104,0.03200000000000003,True
5.357893,6,20.497858,0.964994798807689,0.04800000000000004,True
5.618251,7,20.512885,0.9593237560611299,0.05600000000000005,True
5.583859,5,20.523741,0.9602021374409891,0.040000000000000036,True
5.750139,7,20.537982,0.9618232497035346,0.05600000000000005,True
5.745039,5,20.548584,0.9626694822907517,0.040000000000000036,True
5.809008,5,20.558676,0.9695778805094666,0.040000000000000036,True
5.532867,8,20.576026,0.9570357428430818,0.06400000000000006,True
5.82335,4,20.58473,0.9579536645397415,0.03200000000000003,True
5.514234,5,20.594952,0.9638006714755213,0.040000000000000036,True
5.679219,5,20.605272,0.9571841472807457,0.040000000000000036,True
5.777057,11,20.633577,0.9575235318590106,0.08800000000000008,True
5.642331,3,20.645281,0.9605429605639969,0.02400000000000002,True
5.652897,3,21.17949,0.9593359412600749,0.02400000000000002,True
5.735582,5,21.191104,0.9623137573666243,0.040000000000000036,True
5.51668,5,21.202814,0.9587545367863118,0.040000000000000036,True
5.785745,4,21.212359,0.9603437897314177,0.03200000000000003,True
5.503377,5,21.22296,0.9615125807702206,0.040000000000000036,True
5.591171,6,21.234622,0.9591006616789359,0.04800000000000004,True
5.829051,7,21.250418,0.9632214925877282,0.05600000000000005,True
5.854517,5,21.260454,0.9637280820539804,0.040000000000000036,True
5.626576,4,21.268691,0.9578283385853511,0.03200000000000003,True
5.665996,3,21.275123,0.9586666648491554,0.02400000000000002,True
5.869841,6,21.288293,0.958361528655163,0.04800000000000004,True
5.71216,6,21.301421,0.9603661369319534,0.04800000000000004,True
5.47829,5,21.31177,0.9592862632867538,0.040000000000000036,True
5.888402,5,21.322527,0.9617386310458793,0.040000000000000036,True
5.852968,4,21.331464,0.9589960730616323,0.03200000000000003,True
5.795468,6,21.344222,0.9613098701410778,0.04800000000000004,True
5.653019,4,21.351774,0.9638539676530107,0.03200000000000003,True
5.717463,5,21.362415,0.9607989356735229,0.040000000000000036,True
5.766409,5,21.372801,0.959037221390314,0.040000000000000036,True
5.984477,6,21.383146,0.9641582868635251,0.04800000000000004,True
5.510454,6,21.398788,0.9599331668901532,0.04800000000000004,True
5.854591,5,21.40837,0.9656420734684728,0.040000000000000036,True
5.835946,4,21.416639,0.9646537159780035,0.03200000000000003,True
5.554266,8,21.433435,0.9571965805455183,0.06400000000000006,True
5.656641,6,21.447327,0.9616772792868258,0.04800000000000004,True
5.757193,4,21.457753,0.9582338985654768,0.03200000000000003,True
5.525107,9,21.476496,0.9651573867209203,0.07200000000000006,True
5.730894,7,21.492088,0.9609846123887691,0.05600000000000005,True
5.647042,5,21.503599,0.9643932887378484,0.040000000000000036,True
5.444586,4,21.513138,0.9602088337866823,0.03200000000000003,True
5.756727,5,21.525822,0.9589416203239777,0.040000000000000036,True
6.000965,6,21.539721,0.9595157129506121,0.04800000000000004,True
6.033928,6,21.562759,0.9572944452880776,0.04800000000000004,True
5.909308,4,21.57588,0.9640847320604249,0.03200000000000003,True
5.686681,6,21.59731,0.9600794857115402,0.04800000000000004,True
5.593325,9,21.625677,0.9607448031589989,0.07200000000000006,True
5.299445,8,21.651135,0.9672885281450936,0.06400000000000006,True
5.720104,4,21.664588,0.9595924924725154,0.03200000000000003,True
5.794395,6,21.685815,0.9610098446552107,0.04800000000000004,True
5.616406,7,21.716198,0.9650879115303024,0.05600000000000005,True
5.720075,4,21.72981,0.9600755933829173,0.03200000000000003,True
5.662704,4,21.739359,0.9604351299562406,0.03200000000000003,True
5.516296,5,21.753107,0.9601532920260116,0.040000000000000036,True
5.581718,7,21.774179,0.9602950344835754,0.05600000000000005,True
5.757591,5,21.788444,0.9651863108561713,0.040000000000000036,True
6.000226,8,21.808629,0.9577954311333026,0.06400000000000006,True
5.468811,4,21.81828,0.9637182442398835,0.03200000000000003,True
5.500343,5,22.523666,0.961176972953719,0.040000000000000036,True
5.548168,9,22.548152,0.9602908933056599,0.07200000000000006,True
5.774923,5,22.561271,0.9619531746793476,0.040000000000000036,True
5.789683,7,22.579719,0.956507752363018,0.05600000000000005,True
5.797441,5,22.593055,0.964143188494174,0.040000000000000036,True
5.408972,6,22.610289,0.9620189673722963,0.04800000000000004,True
5.79344,3,22.618721,0.9590544462559955,0.02400000000000002,True
5.583802,7,22.636328,0.9601553940229866,0.05600000000000005,True
5.677838,7,22.657203,0.9622912425609211,0.05600000000000005,True
5.525831,2,22.663181,0.9655857102032899,0.016000000000000014,True
5.579724,6,22.680488,0.9592132894461232,0.04800000000000004,True
5.347174,4,22.691844,0.9570425126354756,0.03200000000000003,True
5.661534,5,22.706101,0.9603320657561686,0.040000000000000036,True
5.750017,6,22.722326,0.9655628665681634,0.04800000000000004,True
5.789513,4,22.733558,0.9656478734502201,0.03200000000000003,True
5.549519,4,22.745653,0.9641273036830924,0.03200000000000003,True
5.728497,5,22.759335,0.9581071569461835,0.040000000000000036,True
6.028003,8,22.787435,0.9609795733903547,0.06400000000000006,True
5.77085,5,22.802775,0.964445502129679,0.040000000000000036,True
5.397554,5,22.817026,0.9647599818318442,0.040000000000000036,True
5.657328,4,22.829425,0.9583229563035157,0.03200000000000003,True
5.688558,3,22.838493,0.9596836159786011,0.02400000000000002,True
5.671894,5,22.853772,0.9642500277072729,0.040000000000000036,True
5.615318,5,22.867471,0.9677521690010946,0.040000000000000036,True
5.805884,5,22.88045,0.9589940421408377,0.040000000000000036,True
5.448472,3,22.888796,0.9591315185826943,0.02400000000000002,True
5.479038,6,22.906376,0.9621915098352417,0.04800000000000004,True
5.71164,5,22.920211,0.9612312453350033,0.040000000000000036,True
5.807559,5,22.932925,0.9588555613488556,0.040000000000000036,True
5.801236,5,22.946703,0.9615627015146344,0.040000000000000036,True
5.563433,8,22.968692,0.9584130786619568,0.06400000000000006,True
5.576028,4,22.9797,0.9612571257998118,0.03200000000000003,True
5.622367,6,23.084838,0.9581071608567555,0.04800000000000004,True
5.579721,6,23.104337,0.9635759738174949,0.04800000000000004,True
5.586932,3,23.113794,0.9594728223686777,0.02400000000000002,True
5.751174,6,23.132789,0.9577432245630573,0.04800000000000004,True
5.532612,4,23.145936,0.9607992143925179,0.03200000000000003,True
5.62455,4,23.159012,0.9624098528643127,0.03200000000000003,True
5.739282,7,23.177889,0.9638991409027379,0.05600000000000005,True
5.766171,5,23.19159,0.9595554734850753,0.040000000000000036,True
5.830669,4,23.205186,0.9565338548786473,0.03200000000000003,True
5.414694,3,23.214444,0.9590207512604234,0.02400000000000002,True
5.784665,7,23.235322,0.9594328471964876,0.05600000000000005,True
5.358561,6,23.255922,0.9573079540855552,0.04800000000000004,True
5.524901,4,23.269128,0.9588527723336091,0.03200000000000003,True
5.754009,4,23.280368,0.9594383333643298,0.03200000000000003,True
5.662633,4,23.292078,0.959991238630439,0.03200000000000003,True
5.477505,5,23.306208,0.9600066992189968,0.040000000000000036,True
5.748288,8,23.328203,0.963959240126204,0.06400000000000006,True
5.743603,8,24.051373,0.9629948484442017,0.06400000000000006,True
5.708449,4,24.066535,0.964519009310121,0.03200000000000003,True
5.700212,5,24.079914,0.961157389207502,0.040000000000000036,True
5.475002,6,24.096229,0.9590861313828065,0.04800000000000004,True
5.729643,5,24.109588,0.9592870496847024,0.040000000000000036,True
5.722175,3,24.11847,0.9679656272690798,0.02400000000000002,True
5.713766,5,24.13426,0.9568739268738596,0.040000000000000036,True
6.055479,5,24.148639,0.9634628189884658,0.040000000000000036,True
5.734026,6,24.166266,0.9612999933049744,0.04800000000000004,True
5.813708,5,24.179985,0.9638322668958879,0.040000000000000036,True
5.654473,4,24.191268,0.9613812152133911,0.03200000000000003,True
5.892559,6,24.207508,0.960199247360447,0.04800000000000004,True
5.504114,6,24.226335,0.9568895787270715,0.04800000000000004,True
5.818963,5,24.239662,0.9603450115517702,0.040000000000000036,True
5.816343,5,24.254763,0.9655188722490837,0.040000000000000036,True
5.616062,5,24.268511,0.9641449223288809,0.040000000000000036,True
5.881167,5,24.282312,0.9634747897000261,0.040000000000000036,True
5.574707,9,24.307249,0.9597187092065333,0.07200000000000006,True
5.573058,5,24.321109,0.9625175284749797,0.040000000000000036,True
5.620096,5,24.33501,0.9657397654515227,0.040000000000000036,True
5.908812,4,24.347119,0.9635320898140368,0.03200000000000003,True
5.474156,4,24.357529,0.958121196421754,0.03200000000000003,True
6.083647,4,24.369354,0.9619268176404802,0.03200000000000003,True
5.738881,6,24.384746,0.9609682536587247,0.04800000000000004,True
5.755908,5,24.398889,0.9660854415369521,0.040000000000000036,True
5.818057,6,24.414839,0.9585339887432318,0.04800000000000004,True
5.603565,6,24.432303,0.9624858802850247,0.04800000000000004,True
5.572381,5,24.446385,0.9593285526338561,0.040000000000000036,True
5.486449,6,24.46363,0.9640241442204829,0.04800000000000004,True
5.474266,5,24.477703,0.9602363826813954,0.040000000000000036,True
5.837611,5,24.491386,0.9589697472540882,0.040000000000000036,True
5.558396,5,24.5053,0.9615900730992875,0.040000000000000036,True
5.791011,5,24.518286,0.9595303240750985,0.040000000000000036,True
5.755816,4,24.529473,0.9605514981942227,0.03200000000000003,True
5.607559,4,24.53989,0.9618988062530672,0.03200000000000003,True
5.779839,5,24.553156,0.9595508363771356,0.040000000000000036,True
5.796607,5,24.566094,0.959685978169907,0.040000000000000036,True
5.782941,5,24.579476,0.961432220929349,0.040000000000000036,True
5.490889,4,24.590639,0.9578978368821716,0.03200000000000003,True
5.871067,6,24.605791,0.9583591455370293,0.04800000000000004,True
5.708018,5,24.620212,0.9642523749539557,0.040000000000000036,True
5.736418,4,24.631694,0.9611134385628052,0.03200000000000003,True
5.613278,5,24.645351,0.960101206219941,0.040000000000000036,True
5.458771,3,24.653668,0.9650919014297555,0.02400000000000002,True
5.591541,6,24.670816,0.9582186393115093,0.04800000000000004,True
5.732683,7,24.692031,0.9605643944060693,0.05600000000000005,True
5.95496,4,24.704084,0.9663766597622685,0.03200000000000003,True
5.570269,4,24.71495,0.9584927965494765,0.03200000000000003,True
5.484536,3,24.723266,0.9618880935224392,0.02400000000000002,True
5.487377,4,24.734688,0.9612964405394204,0.03200000000000003,True
5.796046,4,24.745382,0.9618848935090616,0.03200000000000003,True
5.772571,6,24.763088,0.9634508676408138,0.04800000000000004,True
5.864426,5,25.532791,0.9625691849940821,0.040000000000000036,True
5.48322,3,25.542796,0.958591406347092,0.02400000000000002,True
5.789795,3,25.552522,0.957900492615067,0.02400000000000002,True
5.74764,6,25.573102,0.962814971441775,0.04800000000000004,True
5.758916,5,25.588596,0.957940495162132,0.040000000000000036,True
5.698742,7,25.609764,0.95989913441375,0.05600000000000005,True
5.839003,6,25.629603,0.9612171606838127,0.04800000000000004,True
5.780142,4,25.644018,0.9654334206775965,0.03200000000000003,True
5.620014,5,25.660355,0.9702800167763865,0.040000000000000036,True
5.627407,5,25.676489,0.9615610075834854,0.040000000000000036,True
5.549138,4,25.689947,0.9713415882073431,0.03200000000000003,True
5.460992,4,25.702094,0.960081021699561,0.03200000000000003,True
5.71964,4,25.714813,0.9641481449162146,0.03200000000000003,True
5.97892,6,25.732749,0.9620303890573896,0.04800000000000004,True
5.738104,5,25.748659,0.9639668685090652,0.040000000000000036,True
5.579641,3,25.758799,0.9626595034847154,0.02400000000000002,True
5.742071,7,25.781047,0.9619989010640431,0.05600000000000005,True
5.747367,4,25.79291,0.9587201616872468,0.03200000000000003,True
5.695678,5,25.808843,0.9606204971644872,0.040000000000000036,True
5.664772,5,25.824167,0.9598824150293701,0.040000000000000036,True
5.743544,5,25.840148,0.9589768667190957,0.040000000000000036,True
5.631568,5,25.857455,0.9624304880440929,0.040000000000000036,True
5.516417,5,25.873245,0.9588234184536397,0.040000000000000036,True
5.490818,5,25.888725,0.9617824448179108,0.040000000000000036,True
5.908522,4,25.901361,0.9599360343416392,0.03200000000000003,True
5.612888,4,25.914806,0.9610421908864761,0.03200000000000003,True
5.768782,6,25.934907,0.9618721366994512,0.04800000000000004,True
5.7515,5,25.951358,0.961405046672121,0.040000000000000036,True
5.642744,5,25.963022,0.9605997131069951,0.040000000000000036,True
5.962813,6,25.977169,0.9577854537453921,0.04800000000000004,True
5.546963,3,25.983491,0.9597531999380663,0.02400000000000002,True
5.730279,3,25.99034,0.9612942786150589,0.02400000000000002,True
5.660031,4,25.999392,0.95925111214672,0.03200000000000003,True
5.600527,4,26.008222,0.961311118602459,0.03200000000000003,True
5.547209,5,26.024778,0.9620648412382959,0.040000000000000036,True
5.430818,3,26.035994,0.9568182944140238,0.02400000000000002,True
5.609593,5,26.051637,0.958081538813353,0.040000000000000036,True
5.570462,4,26.060146,0.959370230966727,0.03200000000000003,True
5.806167,7,26.074711,0.9607657779006331,0.05600000000000005,True
5.954675,8,26.092423,0.961338471043933,0.06400000000000006,True
5.633709,4,26.101504,0.9598860561076819,0.03200000000000003,True
5.65937,3,26.108309,0.9629145243071167,0.02400000000000002,True
5.436698,3,26.11482,0.9607044326873014,0.02400000000000002,True
5.561207,4,26.124404,0.9611169913499918,0.03200000000000003,True
5.803434,4,26.13374,0.9604328935454327,0.03200000000000003,True
5.594899,4,26.143367,0.9598951249671515,0.03200000000000003,True
5.56528,3,26.150699,0.9640236648648632,0.02400000000000002,True
5.569005,6,26.164984,0.9641256458572394,0.04800000000000004,True
5.49822,3,26.172343,0.962913062782335,0.02400000000000002,True
5.647724,4,26.179988,0.964031670932162,0.03200000000000003,True
5.82364,5,26.191434,0.9646333400815287,0.040000000000000036,True
5.837427,4,26.200244,0.959053502664621,0.03200000000000003,True
5.684579,6,26.212289,0.9614797919206088,0.04800000000000004,True
5.539229,4,26.221497,0.9596135106933328,0.03200000000000003,True
5.524952,3,26.227306,0.9592009111874724,0.02400000000000002,True
5.520365,3,26.234408,0.9633057794322708,0.02400000000000002,True
5.688552,4,26.746617,0.9595198810989695,0.03200000000000003,True
5.507551,3,26.75256,0.9615734379775999,0.02400000000000002,True
5.598687,6,26.765619,0.9656590055695254,0.04800000000000004,True
5.421215,3,26.773822,0.9644007839423959,0.02400000000000002,True
5.74463,5,26.784819,0.9619491175711379,0.040000000000000036,True
5.37023,4,26.793151,0.9637687635560017,0.03200000000000003,True
5.631181,5,26.804068,0.9609742692708441,0.040000000000000036,True
5.828708,5,26.816149,0.9606274041716079,0.040000000000000036,True
5.406515,5,26.827463,0.9607374417299295,0.040000000000000036,True
5.594665,5,26.838151,0.9572322188905749,0.040000000000000036,True
5.874288,3,26.844692,0.9628616921530071,0.02400000000000002,True
5.959844,5,26.855128,0.9568717735339315,0.040000000000000036,True
5.772212,5,26.866015,0.9588691248981767,0.040000000000000036,True
5.53141,4,26.874344,0.9608571722580475,0.03200000000000003,True
5.734857,4,26.883591,0.9619902496467634,0.03200000000000003,True
5.671475,5,26.894537,0.9577662392318069,0.040000000000000036,True
5.695343,5,26.90609,0.9636308384856109,0.040000000000000036,True
5.566193,4,26.914397,0.9583654531556367,0.03200000000000003,True
5.791321,4,26.923483,0.9628820385379635,0.03200000000000003,True
5.851941,6,26.936269,0.9583466913676426,0.04800000000000004,True
5.439233,5,26.946278,0.9587413785239898,0.040000000000000036,True
5.564345,4,26.955139,0.9641926485388582,0.03200000000000003,True
5.679014,5,26.966086,0.9601196714828785,0.040000000000000036,True
5.732334,3,26.973326,0.9606662378536542,0.02400000000000002,True
5.488561,6,26.985816,0.9595444752810822,0.04800000000000004,True
5.68057,6,26.999079,0.9610641476465732,0.04800000000000004,True
5.573442,7,27.012527,0.9582843825997953,0.05600000000000005,True
5.517086,3,27.02013,0.9593533206214662,0.02400000000000002,True
5.633178,5,27.032006,0.9585839512771677,0.040000000000000036,True
5.646269,7,27.045495,0.9647810190999635,0.05600000000000005,True
5.445543,4,27.057461,0.9583050120037075,0.03200000000000003,True
5.911912,5,27.073797,0.9609424005905092,0.040000000000000036,True
5.454527,3,27.083874,0.9624875240226691,0.02400000000000002,True
5.747049,6,27.102917,0.9625039842549453,0.04800000000000004,True
5.830977,4,27.1123,0.9561507044295314,0.03200000000000003,True
5.807244,4,27.121068,0.9645524485905828,0.03200000000000003,True
5.811787,4,27.129926,0.9562119233581743,0.03200000000000003,True
5.59541,4,27.13901,0.9628154997770572,0.03200000000000003,True
5.640465,3,27.146394,0.9615378595546455,0.02400000000000002,True
5.592181,5,27.157433,0.9630274174097652,0.040000000000000036,True
5.682752,7,27.172854,0.9653142250165465,0.05600000000000005,True
5.502903,5,27.184181,0.9637980753379699,0.040000000000000036,True
5.762145,5,27.194468,0.9662232040479255,0.040000000000000036,True
5.718928,4,27.203186,0.9606213681955287,0.03200000000000003,True
5.69474,5,27.214874,0.9643102515411983,0.040000000000000036,True
5.791409,4,27.224092,0.9597059901217153,0.03200000000000003,True
5.697512,4,27.232497,0.9588454107929558,0.03200000000000003,True
5.450254,4,27.241903,0.9599516343988197,0.03200000000000003,True
5.718292,4,27.252433,0.9605307315206446,0.03200000000000003,True
5.448692,4,27.26089,0.9604457129616726,0.03200000000000003,True
5.699774,4,27.270414,0.9581626515753137,0.03200000000000003,True
5.950715,6,27.282156,0.9583897914234787,0.04800000000000004,True
5.567759,5,27.293347,0.960488266603913,0.040000000000000036,True
5.874976,4,27.302383,0.960569097493976,0.03200000000000003,True
5.624076,4,27.311419,0.9612401491515852,0.03200000000000003,True
5.608803,6,27.834027,0.96379494030312,0.04800000000000004,True
5.63024,3,27.841292,0.961941719174195,0.02400000000000002,True
5.699579,3,27.847255,0.9631332192640708,0.02400000000000002,True
6.090389,3,27.854935,0.9608137034048612,0.02400000000000002,True
5.396734,4,27.863977,0.9618228279240009,0.03200000000000003,True
5.707569,6,27.875219,0.961894507513207,0.04800000000000004,True
5.793077,4,27.884455,0.9638155337430931,0.03200000000000003,True
5.445077,3,27.8906,0.9613256257467244,0.02400000000000002,True
5.422237,4,27.898736,0.9592308719230696,0.03200000000000003,True
5.692299,3,27.905761,0.9637406677227454,0.02400000000000002,True
5.438514,3,27.91166,0.9635806280682182,0.02400000000000002,True
5.777339,5,27.922763,0.9592887239626032,0.040000000000000036,True
5.71116,4,27.930603,0.9587865730595293,0.03200000000000003,True
5.626622,6,27.943047,0.9565510411731051,0.04800000000000004,True
5.854565,5,27.954286,0.961136959843945,0.040000000000000036,True
5.976268,4,27.963675,0.9637003073640735,0.03200000000000003,True
5.719832,4,27.972062,0.9614058057202124,0.03200000000000003,True
5.647663,3,27.978789,0.967039857679347,0.02400000000000002,True
5.629468,5,27.989497,0.9639035604932642,0.040000000000000036,True
5.318832,3,27.996938,0.9611709430179802,0.02400000000000002,True
5.385106,5,28.00755,0.9642899644618156,0.040000000000000036,True
5.699137,4,28.015854,0.9573270637476126,0.03200000000000003,True
5.501831,4,28.023904,0.9577085813044428,0.03200000000000003,True
5.670257,5,28.034849,0.961758349603141,0.040000000000000036,True
5.922019,4,28.043834,0.9589198608871581,0.03200000000000003,True
5.405396,4,28.053096,0.9617010115456421,0.03200000000000003,True
5.470651,4,28.062039,0.9613850336051724,0.03200000000000003,True
5.818628,4,28.071201,0.9599076940254225,0.03200000000000003,True
5.872519,5,28.081985,0.9653150789938054,0.040000000000000036,True
5.643101,5,28.09357,0.9596122716490937,0.040000000000000036,True
5.593787,4,28.105593,0.9597589919696257,0.03200000000000003,True
5.720295,5,28.121508,0.9609445293190977,0.040000000000000036,True
5.842826,5,28.140682,0.9597729301563952,0.040000000000000036,True
5.54636,4,28.149889,0.9593281466622914,0.03200000000000003,True
5.452977,3,28.15608,0.9637963845175308,0.02400000000000002,True
5.47412,4,28.165766,0.9611625857304171,0.03200000000000003,True
5.718448,4,28.174848,0.9639224268498894,0.03200000000000003,True
5.430288,3,28.181934,0.961339956263402,0.02400000000000002,True
5.761919,4,28.191681,0.9592111275555275,0.03200000000000003,True
6.014831,4,28.200792,0.9657430260817406,0.03200000000000003,True
5.51434,3,28.207647,0.9602828496455407,0.02400000000000002,True
5.77009,4,28.215825,0.9632345832889313,0.03200000000000003,True
5.957176,5,28.227414,0.9622553159409395,0.040000000000000036,True
6.091337,5,28.238272,0.9645689656274521,0.040000000000000036,True
5.766486,6,28.253239,0.959356495819106,0.04800000000000004,True
5.501224,4,28.261388,0.9626136765299125,0.03200000000000003,True
5.689691,4,28.270473,0.9629534350293356,0.03200000000000003,True
5.311118,3,28.277242,0.9626656611036917,0.02400000000000002,True
5.63812,3,28.284711,0.958522707855657,0.02400000000000002,True
5.773056,6,28.298761,0.9595429303744893,0.04800000000000004,True
5.62432,3,28.305927,0.9573250497459669,0.02400000000000002,True
5.485438,4,28.315278,0.9613103635989055,0.03200000000000003,True
5.942078,6,28.327584,0.9600738269598441,0.04800000000000004,True
5.501869,4,28.336788,0.9610849706681804,0.03200000000000003,True
5.455522,3,28.343948,0.9591419820267728,0.02400000000000002,True
5.588372,5,28.355365,0.9644133889334993,0.040000000000000036,True
5.548878,5,28.367626,0.9603511261452942,0.040000000000000036,True
5.420963,3,28.374723,0.9628761817119322,0.02400000000000002,True
5.507817,4,28.384456,0.9585898025880835,0.03200000000000003,True
5.841573,5,28.395591,0.9664233564446488,0.040000000000000036,True
5.638932,3,28.403245,0.9572367112335455,0.02400000000000002,True
5.406057,6,28.417541,0.9575414651316736,0.04800000000000004,True
6.00176,6,28.941554,0.9600628614891251,0.04800000000000004,True
5.716726,4,28.951197,0.9614048733986574,0.03200000000000003,True
5.578519,4,28.960712,0.9613319629640701,0.03200000000000003,True
5.568041,5,28.972414,0.9583311202574994,0.040000000000000036,True
5.797493,4,28.981949,0.9580255568273149,0.03200000000000003,True
5.781817,5,28.992576,0.9617484406895646,0.040000000000000036,True
5.580911,4,29.001666,0.9567901540263741,0.03200000000000003,True
5.459354,3,29.008389,0.9598190170243086,0.02400000000000002,True
5.970558,4,29.016442,0.9625852340337024,0.03200000000000003,True
5.751397,4,29.026009,0.9572842897031525,0.03200000000000003,True
5.713385,5,29.038558,0.961495277058532,0.040000000000000036,True
5.816565,4,29.046767,0.9645212348583543,0.03200000000000003,True
5.384943,3,29.052772,0.9586297754178541,0.02400000000000002,True
5.326099,5,29.064255,0.961970701792665,0.040000000000000036,True
5.545517,4,29.073628,0.9632623666058662,0.03200000000000003,True
5.376887,3,29.081012,0.9563536926974945,0.02400000000000002,True
5.469547,3,29.087285,0.9618775410147024,0.02400000000000002,True
5.638428,5,29.098458,0.9634982179084537,0.040000000000000036,True
5.759363,4,29.107689,0.9573445145868875,0.03200000000000003,True
5.475515,3,29.115757,0.9614853346885415,0.02400000000000002,True
5.828885,4,29.124985,0.962009998148796,0.03200000000000003,True
5.426543,3,29.131665,0.9598914748894731,0.02400000000000002,True
5.457955,4,29.143413,0.9614332268661547,0.03200000000000003,True
5.933922,4,29.156211,0.9657696691104036,0.03200000000000003,True
5.786517,3,29.167495,0.9614388199353706,0.02400000000000002,True
5.78155,5,29.182957,0.9623272605114488,0.040000000000000036,True
5.616237,6,29.196114,0.9595571854177594,0.04800000000000004,True
5.78503,4,29.204971,0.9629296810183424,0.03200000000000003,True
5.768921,4,29.214669,0.9608013968362122,0.03200000000000003,True
5.72874,4,29.223746,0.9607538744938138,0.03200000000000003,True
5.802083,4,29.232747,0.9608047964267226,0.03200000000000003,True
5.785445,4,29.241707,0.9638861774006686,0.03200000000000003,True
5.712383,5,29.252729,0.9640333885044415,0.040000000000000036,True
5.548948,4,29.340112,0.9608928886094585,0.03200000000000003,True
5.558404,5,29.351198,0.9578586024059096,0.040000000000000036,True
5.676345,4,29.360289,0.9630715475306961,0.03200000000000003,True
5.936325,4,29.369472,0.9629559783854,0.03200000000000003,True
5.745616,4,29.378305,0.9623258205597571,0.03200000000000003,True
6.002037,4,29.388048,0.9617030888121372,0.03200000000000003,True
5.877392,3,29.394308,0.9598148559869851,0.02400000000000002,True
5.686684,5,29.406214,0.9590854277363039,0.040000000000000036,True
5.821454,5,29.416592,0.9579257494811493,0.040000000000000036,True
5.44495,3,29.42338,0.960647060888185,0.02400000000000002,True
5.496844,4,29.432391,0.9618763251059241,0.03200000000000003,True
5.7668,5,29.443583,0.9571492751805387,0.040000000000000036,True
5.565882,4,29.452519,0.9592921118121691,0.03200000000000003,True
5.794216,4,29.461149,0.9618601206976691,0.03200000000000003,True
5.986845,4,29.471319,0.961568394804883,0.03200000000000003,True
5.416681,3,29.477549,0.9628085455541026,0.02400000000000002,True
5.841804,4,29.486712,0.9595032998840669,0.03200000000000003,True
5.978254,5,29.498873,0.9619961835042945,0.040000000000000036,True
6.030837,5,29.509387,0.959560571436835,0.040000000000000036,True
5.631677,5,29.520379,0.9639103771263982,0.040000000000000036,True
5.69898,3,29.52795,0.9602033609167953,0.02400000000000002,True
5.648096,3,29.534759,0.9603931762919657,0.02400000000000002,True
6.092622,5,29.545567,0.9577509859679763,0.040000000000000036,True
5.615177,5,29.556417,0.9632736291885717,0.040000000000000036,True
5.813704,4,29.565913,0.9661136524539097,0.03200000000000003,True
5.644559,4,29.575481,0.9599434541054102,0.03200000000000003,True
5.587244,6,29.588947,0.9631072797386285,0.04800000000000004,True
5.698644,5,29.599959,0.9574227489122742,0.040000000000000036,True
5.40407,4,30.112641,0.9588564382723604,0.03200000000000003,True
5.511488,4,30.183279,0.9617012808303744,0.03200000000000003,True
5.740874,4,30.235849,0.9622375235435088,0.03200000000000003,True
5.453207,4,30.276321,0.959503799783604,0.03200000000000003,True
5.536771,5,30.33404,0.9566787111185517,0.040000000000000036,True
5.578439,5,30.397855,0.960059826153415,0.040000000000000036,True
5.458172,4,30.4262,0.957754157470063,0.03200000000000003,True
5.804789,4,30.454718,0.9617500912476061,0.03200000000000003,True
5.491637,4,30.49652,0.9651471553348361,0.03200000000000003,True
5.600506,4,30.509268,0.9655586537677651,0.03200000000000003,True
5.842418,5,30.520243,0.9652325795313572,0.040000000000000036,True
5.667503,3,30.528041,0.9625226721324351,0.02400000000000002,True
5.750848,7,30.544485,0.9626353811274346,0.05600000000000005,True
5.722438,4,30.553399,0.959836838720245,0.03200000000000003,True
5.584575,7,30.570786,0.9625316465305638,0.05600000000000005,True
5.738405,4,30.581363,0.9650655989315426,0.03200000000000003,True
5.655416,4,30.591181,0.9585650469782174,0.03200000000000003,True
5.759768,4,30.599405,0.9598079282654037,0.03200000000000003,True
5.738546,5,30.611932,0.9611211061162364,0.040000000000000036,True
5.676162,4,30.62151,0.9611714445957986,0.03200000000000003,True
5.76523,6,30.636516,0.9576930409172251,0.04800000000000004,True
5.710762,5,30.649093,0.9601755769956839,0.040000000000000036,True
5.731904,4,30.658353,0.9626201117677325,0.03200000000000003,True
5.435078,4,30.667994,0.9613140251395695,0.03200000000000003,True
5.874135,3,30.678369,0.9574945240210938,0.02400000000000002,True
5.772354,6,30.69347,0.959731744008191,0.04800000000000004,True
5.752809,5,30.705678,0.9620812013452856,0.040000000000000036,True
5.615132,5,30.716428,0.9562507519611917,0.040000000000000036,True
5.724229,5,30.730128,0.9588413290093666,0.040000000000000036,True
5.748716,4,30.738955,0.9667954017900767,0.03200000000000003,True
5.95111,6,30.752865,0.9600125212020718,0.04800000000000004,True
5.679936,5,30.764609,0.9610643110305521,0.040000000000000036,True
5.815042,5,30.775605,0.9594447215248569,0.040000000000000036,True
5.570183,3,30.784095,0.9616367278989062,0.02400000000000002,True
5.352075,3,30.792084,0.9609865188768536,0.02400000000000002,True
5.578773,4,30.800457,0.96502195077437,0.03200000000000003,True
6.0307,4,30.812095,0.9606882308470629,0.03200000000000003,True
5.708944,3,30.819212,0.9676683732516145,0.02400000000000002,True
5.563052,4,30.829365,0.9591818545375135,0.03200000000000003,True
5.811867,4,30.839869,0.9635345738345038,0.03200000000000003,True
5.668667,4,30.850724,0.9605885606138307,0.03200000000000003,True
5.671244,3,30.857313,0.9634976885343616,0.02400000000000002,True
5.853398,4,30.867446,0.9610797141280442,0.03200000000000003,True
5.614882,5,30.880164,0.9655095497039922,0.040000000000000036,True
5.523469,5,30.890601,0.9619379061749248,0.040000000000000036,True
5.738305,6,30.905989,0.9631598823773742,0.04800000000000004,True
5.947075,4,30.914208,0.9633009929693923,0.03200000000000003,True
5.648873,3,30.921569,0.9565117217880084,0.02400000000000002,True
5.792469,5,30.933248,0.962347252329312,0.040000000000000036,True
5.863811,4,30.942896,0.9622502090304177,0.03200000000000003,True
5.651174,5,30.954347,0.9611018557792971,0.040000000000000036,True
5.670905,4,30.963899,0.9636267987926703,0.03200000000000003,True
5.746045,4,30.973475,0.9596043686918241,0.03200000000000003,True
5.443392,3,30.981272,0.9618161078413117,0.02400000000000002,True
5.546302,4,30.989646,0.9591796150374508,0.03200000000000003,True
5.724431,5,31.024495,0.9604841206919291,0.040000000000000036,True
5.673089,3,31.044671,0.9575302681305426,0.02400000000000002,True
5.7061,4,31.067359,0.9612723339883631,0.03200000000000003,True
5.365929,5,31.11303,0.960255784273679,0.040000000000000036,True
5.909998,5,31.848802,0.9629761839929125,0.040000000000000036,True
5.660891,3,31.856721,0.9571084692369991,0.02400000000000002,True
5.84184,4,31.866181,0.9593729486688735,0.03200000000000003,True
5.437482,5,31.877521,0.9613972454265091,0.040000000000000036,True
6.041659,4,31.885945,0.9667674692643262,0.03200000000000003,True
5.551879,3,31.892556,0.9614581527919372,0.02400000000000002,True
5.784518,5,31.904136,0.9621542373566818,0.040000000000000036,True
5.962179,4,31.912336,0.9602273366136667,0.03200000000000003,True
5.400379,5,31.946903,0.957719162266699,0.040000000000000036,True
5.92811,3,31.995291,0.9593015998788557,0.02400000000000002,True
5.488584,5,32.06678,0.9631213709305675,0.040000000000000036,True
5.674613,3,32.107224,0.9605487417523495,0.02400000000000002,True
5.858753,6,32.167493,0.9599921602628978,0.04800000000000004,True
5.942311,4,32.202505,0.960237726193992,0.03200000000000003,True
5.635635,5,32.237902,0.9607473697308138,0.040000000000000036,True
5.512355,4,32.24691,0.96231609745385,0.03200000000000003,True
5.633817,5,32.257729,0.9621183895515772,0.040000000000000036,True
5.418108,4,32.266516,0.9615034381763516,0.03200000000000003,True
5.806395,3,32.276139,0.9577135853943161,0.02400000000000002,True
5.754931,6,32.2895,0.9595599341808267,0.04800000000000004,True
5.442221,5,32.301324,0.9591772553739952,0.040000000000000036,True
5.551825,3,32.310346,0.9628744688369939,0.02400000000000002,True
5.851818,4,32.32472,0.964220348120783,0.03200000000000003,True
5.646987,5,32.340977,0.9611722102024749,0.040000000000000036,True
5.531009,5,32.355126,0.9608505500083492,0.040000000000000036,True
5.781958,6,32.36824,0.9566845226908642,0.04800000000000004,True
5.877993,4,32.377424,0.968527487876359,0.03200000000000003,True
5.85347,4,32.387012,0.9566638195551469,0.03200000000000003,True
5.651126,4,32.396628,0.9690458483084529,0.03200000000000003,True
5.539739,3,32.403684,0.9637023278939044,0.02400000000000002,True
5.423116,4,32.413185,0.9594684515000602,0.03200000000000003,True
5.579819,4,32.422082,0.9614911030592997,0.03200000000000003,True
5.485037,3,32.430104,0.9591908471536628,0.02400000000000002,True
5.63562,4,32.443978,0.9591686068679302,0.03200000000000003,True
5.684255,3,32.449904,0.9611398991567746,0.02400000000000002,True
5.947443,4,32.459606,0.9641510399370068,0.03200000000000003,True
5.784269,4,32.468057,0.9605675990356322,0.03200000000000003,True
5.690409,5,32.479448,0.9614684443881539,0.040000000000000036,True
6.016704,5,32.491406,0.9620651311282393,0.040000000000000036,True
5.582724,4,32.500546,0.9596099087727173,0.03200000000000003,True
5.408663,3,32.506329,0.9643967685268879,0.02400000000000002,True
5.635092,4,32.515426,0.9635829494063799,0.03200000000000003,True
5.682649,5,32.52689,0.9608581023093186,0.040000000000000036,True
5.683979,3,32.534781,0.9593791953861978,0.02400000000000002,True
5.743718,3,32.541372,0.9623483353647759,0.02400000000000002,True
5.772947,3,32.549261,0.9598418317321192,0.02400000000000002,True
5.575194,3,32.556209,0.9604089631243589,0.02400000000000002,True
5.780095,4,32.566838,0.9609698754676388,0.03200000000000003,True
5.677962,5,32.578163,0.9591081392416001,0.040000000000000036,True
5.472478,5,32.589332,0.9630662369811165,0.040000000000000036,True
5.64959,3,32.595831,0.9566959375862472,0.02400000000000002,True
5.739132,5,32.607862,0.9626740977044516,0.040000000000000036,True
5.361259,2,32.612625,0.9578195947398838,0.016000000000000014,True
5.437114,5,32.62459,0.9635628326224187,0.040000000000000036,True
5.843666,5,32.634884,0.9569767637384802,0.040000000000000036,True
5.901759,4,32.644474,0.9565600815396064,0.03200000000000003,True
5.833622,4,32.654006,0.9589978869654208,0.03200000000000003,True
5.907265,4,32.663246,0.9595000446749684,0.03200000000000003,True
5.677636,4,32.673206,0.960817769106289,0.03200000000000003,True
5.497292,4,32.684348,0.9615667492402951,0.03200000000000003,True
5.453895,3,32.692913,0.9596438299195623,0.02400000000000002,True
5.850451,4,32.702323,0.9584491286275717,0.03200000000000003,True
5.738387,4,32.711519,0.9594779114848868,0.03200000000000003,True
5.69297,4,33.223395,0.9636925900095319,0.03200000000000003,True
5.495231,5,33.234806,0.9581533801768349,0.040000000000000036,True
5.382261,5,33.246971,0.9595743276060645,0.040000000000000036,True
5.78672,5,33.258142,0.9583314433390889,0.040000000000000036,True
5.928532,3,33.265696,0.9621613162957878,0.02400000000000002,True
5.812281,5,33.277239,0.9626213563523474,0.040000000000000036,True
5.645565,2,33.28286,0.9591186989080821,0.016000000000000014,True
5.611334,5,33.293739,0.9575863718552862,0.040000000000000036,True
5.675541,4,33.303121,0.9633011010974021,0.03200000000000003,True
5.630572,4,33.31224,0.9681235908444568,0.03200000000000003,True
5.694997,4,33.321394,0.9601542579105744,0.03200000000000003,True
5.484521,5,33.333538,0.9587595311864089,0.040000000000000036,True
5.822746,3,33.339699,0.9625709867085549,0.02400000000000002,True
5.674945,4,33.351185,0.9620854432010908,0.03200000000000003,True
5.421778,3,33.363528,0.9657431829524434,0.02400000000000002,True
5.665115,3,33.37352,0.9573702109213417,0.02400000000000002,True
5.816056,4,33.387784,0.9579826803830992,0.03200000000000003,True
5.49899,4,33.396986,0.9583702965278756,0.03200000000000003,True
5.395367,5,33.409137,0.9607752499656272,0.040000000000000036,True
5.54232,4,33.417719,0.9611583108527821,0.03200000000000003,True
5.697823,4,33.426208,0.9587809958069953,0.03200000000000003,True
5.866153,5,33.43851,0.9608798263624687,0.040000000000000036,True
5.52137,5,33.452995,0.9591403814930703,0.040000000000000036,True
5.507156,4,33.465104,0.9572609148629541,0.03200000000000003,True
5.693402,3,33.472692,0.9649744072799835,0.02400000000000002,True
5.870597,5,33.485891,0.9599952656647717,0.040000000000000036,True
5.70292,5,33.498314,0.9609449480932986,0.040000000000000036,True
5.628338,4,33.506693,0.9619650060462621,0.03200000000000003,True
5.726249,5,33.519757,0.9578176950004963,0.040000000000000036,True
5.813385,4,33.529323,0.9601701643176535,0.03200000000000003,True
5.773375,5,33.541139,0.9595238328106036,0.040000000000000036,True
5.801645,5,33.553778,0.9615151952712839,0.040000000000000036,True
5.77045,5,33.565196,0.9587767555079145,0.040000000000000036,True
5.50007,4,33.574191,0.9587883473271643,0.03200000000000003,True
5.566386,2,33.578939,0.9636820034518645,0.016000000000000014,True
5.594604,6,33.59192,0.9639450632164821,0.04800000000000004,True
5.703885,4,33.599877,0.958872357535619,0.03200000000000003,True
5.811998,5,33.611069,0.9563532675011898,0.040000000000000036,True
5.595048,5,33.621824,0.9583088776568581,0.040000000000000036,True
5.698637,5,33.632711,0.956787115331745,0.040000000000000036,True
5.654576,5,33.643816,0.9590432719435732,0.040000000000000036,True
5.866861,3,33.651495,0.9604036407372193,0.02400000000000002,True
5.62094,4,33.661015,0.9590078693283222,0.03200000000000003,True
5.828873,4,33.669922,0.9580666694171955,0.03200000000000003,True
6.016872,5,33.682406,0.9601737076325509,0.040000000000000036,True
5.438126,4,33.691293,0.9629355346507147,0.03200000000000003,True
5.468917,4,33.699751,0.9617764999808793,0.03200000000000003,True
5.882492,4,33.708603,0.9641842845377208,0.03200000000000003,True
5.758331,6,33.72172,0.9664750192069484,0.04800000000000004,True
5.645226,4,33.730569,0.9631078118452226,0.03200000000000003,True
5.732027,5,33.741926,0.9571129237604767,0.040000000000000036,True
5.52585,4,33.750792,0.9640091477526159,0.03200000000000003,True
5.842685,5,33.761473,0.9617780086642369,0.040000000000000036,True
5.775413,3,33.76898,0.9653942511459297,0.02400000000000002,True
5.792861,6,33.780987,0.9618737508148487,0.04800000000000004,True
5.524958,4,33.790665,0.9600637728274984,0.03200000000000003,True
5.695654,5,33.802394,0.959700736997494,0.040000000000000036,True
5.64024,4,33.811458,0.9595227886159743,0.03200000000000003,True
5.460117,5,33.822125,0.9612459940197942,0.040000000000000036,True
5.974684,4,34.341083,0.9638132062678719,0.03200000000000003,True
5.765304,4,34.350661,0.9588661455479457,0.03200000000000003,True
5.703673,4,34.360283,0.9615691877925776,0.03200000000000003,True
6.029252,4,34.370003,0.9634223196275115,0.03200000000000003,True
5.423225,3,34.377724,0.9595881095526014,0.02400000000000002,True
5.699484,5,34.391826,0.9612900741311206,0.040000000000000036,True
5.471712,3,34.402684,0.9599820355885306,0.02400000000000002,True
5.514602,3,34.411779,0.9637727448045663,0.02400000000000002,True
5.540855,3,34.422729,0.9651873137281928,0.02400000000000002,True
5.819408,5,34.434899,0.9592153857816644,0.040000000000000036,True
5.491436,5,34.448295,0.9615601460282039,0.040000000000000036,True
5.656177,5,34.463341,0.9647819011013679,0.040000000000000036,True
5.803062,5,34.474122,0.9578896743175542,0.040000000000000036,True
5.599347,5,34.484915,0.9651425974111787,0.040000000000000036,True
5.634582,5,34.496342,0.9587946336801922,0.040000000000000036,True
5.786011,3,34.50401,0.9597144927401973,0.02400000000000002,True
5.838774,4,34.512917,0.9620106323524997,0.03200000000000003,True
5.878244,4,34.52269,0.9629597659908102,0.03200000000000003,True
5.87479,3,34.529252,0.9555904861154592,0.02400000000000002,True
5.795021,2,34.534614,0.9614644902484235,0.016000000000000014,True
5.720915,4,34.543939,0.9675649256390573,0.03200000000000003,True
5.782769,4,34.552477,0.9669020489217968,0.03200000000000003,True
5.731069,5,34.565143,0.9645397691204719,0.040000000000000036,True
5.518337,5,34.575365,0.957805915570707,0.040000000000000036,True
5.719806,4,34.58444,0.9574900747027223,0.03200000000000003,True
5.717302,5,34.5951,0.9604662811637533,0.040000000000000036,True
5.524848,4,34.604535,0.9627819397720772,0.03200000000000003,True
5.628351,3,34.611238,0.9626572775839168,0.02400000000000002,True
5.534064,4,34.620963,0.9632439554544912,0.03200000000000003,True
5.788949,4,34.630244,0.9638718375699622,0.03200000000000003,True
5.369423,4,34.639778,0.9623719642024807,0.03200000000000003,True
5.831035,4,34.649349,0.9587036099130202,0.03200000000000003,True
5.558767,4,34.657928,0.9619077618190119,0.03200000000000003,True
5.650282,4,34.667247,0.9588358387967231,0.03200000000000003,True
5.909733,4,34.676697,0.9617313914641561,0.03200000000000003,True
5.527523,4,34.688345,0.9618398444756556,0.03200000000000003,True
5.791704,5,34.698659,0.9682147233844672,0.040000000000000036,True
5.672889,4,34.707604,0.959093358954693,0.03200000000000003,True
5.500347,4,34.716979,0.9566282995396282,0.03200000000000003,True
5.647618,4,34.726129,0.9610205599198895,0.03200000000000003,True
5.485453,3,34.733901,0.9610574822141063,0.02400000000000002,True
5.778964,4,34.743053,0.9604778356053888,0.03200000000000003,True
5.631198,4,34.752316,0.9595136995193583,0.03200000000000003,True
5.534504,4,34.760515,0.9562924515703599,0.03200000000000003,True
5.714475,4,34.769987,0.9631931046141371,0.03200000000000003,True
5.493872,4,34.780227,0.9639490997475346,0.03200000000000003,True
5.443934,5,34.790898,0.9558729922343163,0.040000000000000036,True
5.452687,4,34.80039,0.9599986447481337,0.03200000000000003,True
5.548129,5,34.812566,0.9614513883664532,0.040000000000000036,True
5.425584,3,34.819725,0.9636328044489549,0.02400000000000002,True
5.927554,5,34.83224,0.9601642140433041,0.040000000000000036,True
5.643334,3,34.838476,0.9565900904124176,0.02400000000000002,True
5.667597,4,34.847077,0.9585084878079654,0.03200000000000003,True
5.605708,5,34.858038,0.963077162889211,0.040000000000000036,True
5.589799,3,34.867177,0.9581674550271824,0.02400000000000002,True
5.582759,4,34.876854,0.9601874312623045,0.03200000000000003,True
5.47038,4,34.886203,0.965764641648839,0.03200000000000003,True
5.728524,3,34.894032,0.9623898487446662,0.02400000000000002,True
5.561032,3,34.901405,0.9658144857705695,0.02400000000000002,True
5.48867,4,34.911097,0.9605046920952348,0.03200000000000003,True
5.474335,4,34.920362,0.9623915125762992,0.03200000000000003,True
5.560993,4,34.929523,0.9572770916955211,0.03200000000000003,True
5.648831,4,34.939179,0.9611954508264218,0.03200000000000003,True
5.765786,4,34.949391,0.9600631605299428,0.03200000000000003,True
5.57319,5,35.528621,0.9612833622357658,0.040000000000000036,True
5.561739,4,35.537042,0.9609987374678447,0.03200000000000003,True
5.75072,3,35.543803,0.9594104612426056,0.02400000000000002,True
5.419933,3,35.551291,0.9604698375396907,0.02400000000000002,True
5.478678,5,35.562123,0.9629054153855208,0.040000000000000036,True
5.536015,3,35.56964,0.967009257655753,0.02400000000000002,True
5.567627,5,35.580684,0.9575916465018097,0.040000000000000036,True
5.662969,4,35.589783,0.9591153462284796,0.03200000000000003,True
5.681858,3,35.596163,0.9611926776622524,0.02400000000000002,True
5.877126,5,35.606594,0.9644141876237129,0.040000000000000036,True
5.632101,4,35.616518,0.9654720632568459,0.03200000000000003,True
5.789595,4,35.624763,0.966880525478161,0.03200000000000003,True
5.392354,3,35.632376,0.9585796515728489,0.02400000000000002,True
5.832623,4,35.641904,0.9584429705285751,0.03200000000000003,True
5.608833,4,35.651067,0.9614304481936842,0.03200000000000003,True
5.549734,5,35.662193,0.9649396977014177,0.040000000000000036,True
5.473889,4,35.671679,0.963424613345276,0.03200000000000003,True
5.811074,4,35.680216,0.9609816183723022,0.03200000000000003,True
5.568979,5,35.692421,0.9596202881994731,0.040000000000000036,True
5.526665,4,35.701822,0.9592110415988679,0.03200000000000003,True
5.735478,5,35.713629,0.9588249342431016,0.040000000000000036,True
5.528151,4,35.722574,0.9616494119830081,0.03200000000000003,True
5.655615,4,35.731411,0.9584653227123725,0.03200000000000003,True
5.852755,6,35.743685,0.960225889767806,0.04800000000000004,True
5.806856,5,35.754088,0.9633473143446878,0.040000000000000036,True
5.803343,5,35.833959,0.9620854594037747,0.040000000000000036,True
5.588236,3,35.841325,0.9595135693080399,0.02400000000000002,True
5.46369,4,35.850317,0.9579192359453333,0.03200000000000003,True
5.855691,4,35.859735,0.9617776608570217,0.03200000000000003,True
5.483504,3,35.865536,0.9603694716494704,0.02400000000000002,True
5.702301,4,35.8755,0.9601170412609378,0.03200000000000003,True
5.538949,4,35.883878,0.9574266255390239,0.03200000000000003,True
5.571209,3,35.891428,0.9618068532615726,0.02400000000000002,True
5.811779,3,35.898767,0.9609178272252634,0.02400000000000002,True
5.599687,4,35.907857,0.9672442184946085,0.03200000000000003,True
5.794983,5,35.918379,0.9563688147711272,0.040000000000000036,True
5.515213,4,35.926334,0.9612052555864612,0.03200000000000003,True
5.533434,4,35.935159,0.9587133749161367,0.03200000000000003,True
5.514102,4,35.943992,0.9592362068329133,0.03200000000000003,True
5.489789,6,35.961943,0.9635995823530106,0.04800000000000004,True
5.65426,4,35.977409,0.9575330438562955,0.03200000000000003,True
5.780074,4,35.99025,0.9631152871235508,0.03200000000000003,True
5.86782,4,36.005763,0.95742474634514,0.03200000000000003,True
5.545095,5,36.023765,0.9630184471207504,0.040000000000000036,True
5.529016,5,36.041782,0.9646754532059796,0.040000000000000036,True
5.855764,5,36.05881,0.958407729214168,0.040000000000000036,True
5.70195,4,36.072955,0.9623195781152387,0.03200000000000003,True
5.690145,4,36.086203,0.9618679687163578,0.03200000000000003,True
5.711824,4,36.099604,0.9627954624102251,0.03200000000000003,True
5.631318,4,36.11094,0.9589977534013554,0.03200000000000003,True
5.374637,4,36.123524,0.9638458619233712,0.03200000000000003,True
5.533042,4,36.135692,0.9587826563157813,0.03200000000000003,True
5.460628,4,36.151112,0.9633511427719647,0.03200000000000003,True
5.737862,4,36.164479,0.9582688928927892,0.03200000000000003,True
5.654686,4,36.176333,0.9641435517307362,0.03200000000000003,True
5.762217,4,36.187781,0.961022439791066,0.03200000000000003,True
5.512057,4,36.19839,0.9605614697068917,0.03200000000000003,True
5.682325,3,36.207554,0.9627191213746992,0.02400000000000002,True
5.596447,4,36.220968,0.9595986081174911,0.03200000000000003,True
5.6552,3,36.229685,0.9569759329886295,0.02400000000000002,True
5.58889,5,36.244961,0.9627809998012005,0.040000000000000036,True
5.683529,5,36.259219,0.9562224607276313,0.040000000000000036,True
5.46801,3,36.976246,0.9629489321271876,0.02400000000000002,True
5.570022,4,36.995485,0.9626792747257051,0.03200000000000003,True
5.606846,4,37.007631,0.9585862979068038,0.03200000000000003,True
5.857954,3,37.018118,0.9624136743022885,0.02400000000000002,True
5.700385,4,37.030867,0.9607204040443045,0.03200000000000003,True
5.709536,3,37.039866,0.9557915073773673,0.02400000000000002,True
5.762868,3,37.049322,0.9611585659697153,0.02400000000000002,True
5.618514,4,37.06121,0.9577219450528056,0.03200000000000003,True
5.491819,3,37.069669,0.9567446416727212,0.02400000000000002,True
5.839044,4,37.081403,0.9577763824880778,0.03200000000000003,True
5.835767,4,37.09297,0.9664514480629063,0.03200000000000003,True
5.928836,4,37.104895,0.9599736807322192,0.03200000000000003,True
5.924546,3,37.114944,0.9640792063727476,0.02400000000000002,True
5.585535,4,37.127692,0.9615674369530992,0.03200000000000003,True
5.617923,4,37.140904,0.962067329680185,0.03200000000000003,True
5.460015,4,37.153661,0.960921941412521,0.03200000000000003,True
5.605649,6,37.170821,0.9627276326437401,0.04800000000000004,True
5.796884,4,37.182265,0.959482900542961,0.03200000000000003,True
5.489064,4,37.193232,0.9631597805302177,0.03200000000000003,True
5.774125,4,37.204258,0.9597120810690898,0.03200000000000003,True
5.820584,5,37.218502,0.9599373618264828,0.040000000000000036,True
5.59075,4,37.230285,0.9620395228508744,0.03200000000000003,True
5.737617,3,37.238822,0.9628553545416276,0.02400000000000002,True
5.696081,5,37.252169,0.9620977761979814,0.040000000000000036,True
5.499985,4,37.263631,0.9621272748378271,0.03200000000000003,True
5.672447,3,37.272878,0.9618136403472313,0.02400000000000002,True
5.963573,5,37.286689,0.9596150268413457,0.040000000000000036,True
5.815344,4,37.299193,0.961523585039881,0.03200000000000003,True
5.598089,4,37.311951,0.9636734301955465,0.03200000000000003,True
5.767885,4,37.324305,0.9632257821990038,0.03200000000000003,True
5.602653,4,37.336012,0.9593733711878143,0.03200000000000003,True
5.691441,5,37.350648,0.9677545942541562,0.040000000000000036,True
5.612354,2,37.356244,0.9622419888695134,0.016000000000000014,True
5.827074,4,37.367879,0.9582392232903881,0.03200000000000003,True
5.842886,6,37.383929,0.9596796845354296,0.04800000000000004,True
5.613683,4,37.395308,0.9626264483208493,0.03200000000000003,True
6.031572,4,37.409458,0.9622893699224371,0.03200000000000003,True
5.809758,3,37.419831,0.9620697191512324,0.02400000000000002,True
5.674798,5,37.435681,0.9580940710025942,0.040000000000000036,True
5.817431,4,37.446369,0.960093194157914,0.03200000000000003,True
5.5805,4,37.460208,0.9585425996584809,0.03200000000000003,True
5.651918,4,37.474194,0.9567258131897416,0.03200000000000003,True
5.744149,4,37.48956,0.9596275500708642,0.03200000000000003,True
5.667645,5,37.505999,0.9601688611528184,0.040000000000000036,True
5.613454,3,37.515733,0.9570138205861195,0.02400000000000002,True
5.911983,4,37.528246,0.9615856906580067,0.03200000000000003,True
5.530165,4,37.542451,0.9601344290302696,0.03200000000000003,True
5.575533,4,37.552871,0.9611033175824337,0.03200000000000003,True
5.764718,4,37.565186,0.963875802002707,0.03200000000000003,True
5.610674,4,37.577116,0.9588375385960872,0.03200000000000003,True
5.751337,4,37.589424,0.9625359008025853,0.03200000000000003,True
5.497249,3,37.601422,0.9641499294475059,0.02400000000000002,True
5.512976,3,37.613676,0.9644650038149272,0.02400000000000002,True
5.731069,4,37.628761,0.9608833985522691,0.03200000000000003,True
5.527568,3,37.638956,0.9608129570915868,0.02400000000000002,True
5.872332,5,37.655049,0.9661035226396832,0.040000000000000036,True
5.56888,3,37.666915,0.9594375225909793,0.02400000000000002,True
5.585449,4,37.68293,0.958499179884568,0.03200000000000003,True
5.728436,4,37.697921,0.9602435837658125,0.03200000000000003,True
5.754107,3,37.7073,0.9602797907531875,0.02400000000000002,True
5.597984,5,37.721265,0.9589221802283505,0.040000000000000036,True
5.646849,4,37.73297,0.960754583047652,0.03200000000000003,True
5.690204,3,37.741954,0.9644261435402022,0.02400000000000002,True
5.60096,4,37.753044,0.9628479488061439,0.03200000000000003,True
6.066529,4,37.765306,0.9646850531661377,0.03200000000000003,True
5.782825,4,38.463354,0.9589997293318138,0.03200000000000003,True
5.65716,4,38.477108,0.961000085005161,0.03200000000000003,True
5.751904,5,38.491212,0.9664293246719999,0.040000000000000036,True
5.769298,3,38.500654,0.9648235650757074,0.02400000000000002,True
5.462462,4,38.51207,0.9640146068720229,0.03200000000000003,True
5.61373,3,38.520895,0.9579929825088715,0.02400000000000002,True
5.84085,5,38.540653,0.9652959601189888,0.040000000000000036,True
5.611314,3,38.549799,0.9599480177195446,0.02400000000000002,True
5.460478,3,38.557294,0.9613460729329629,0.02400000000000002,True
5.802142,4,38.569217,0.9586955313008919,0.03200000000000003,True
5.824238,5,38.584118,0.9645704835195582,0.040000000000000036,True
5.468864,3,38.59258,0.9595379632667388,0.02400000000000002,True
5.695513,3,38.601815,0.9600909605966461,0.02400000000000002,True
5.776426,5,38.615183,0.962472381350886,0.040000000000000036,True
5.759978,3,38.623013,0.9632236716091309,0.02400000000000002,True
5.802498,4,38.634286,0.960484772777537,0.03200000000000003,True
5.466403,4,38.645551,0.9623855400443591,0.03200000000000003,True
5.877424,4,38.656716,0.9612387403692386,0.03200000000000003,True
5.527883,4,38.669129,0.9604512776737493,0.03200000000000003,True
5.600248,4,38.685298,0.963081725219607,0.03200000000000003,True
5.844917,5,38.704755,0.9620235922698644,0.040000000000000036,True
5.471939,4,38.719347,0.9567576082041952,0.03200000000000003,True
5.430649,3,38.733226,0.9691790719293207,0.02400000000000002,True
5.54544,4,38.748369,0.9566760421974415,0.03200000000000003,True
6.058268,5,38.764825,0.9595623803553662,0.040000000000000036,True
5.534224,4,38.778266,0.9579625590708619,0.03200000000000003,True
5.703283,5,38.79502,0.9641936419307193,0.040000000000000036,True
5.713547,4,38.805839,0.9604051540567702,0.03200000000000003,True
5.663951,5,38.821901,0.9590418985494891,0.040000000000000036,True
5.727206,5,38.835355,0.9581792765430306,0.040000000000000036,True
6.011047,5,38.849893,0.9571724911559423,0.040000000000000036,True
5.454055,4,38.861505,0.9638216047432882,0.03200000000000003,True
5.892413,3,38.87071,0.9679098335113759,0.02400000000000002,True
5.558412,3,38.878507,0.9617168140636595,0.02400000000000002,True
5.847619,4,38.890455,0.9656785193367527,0.03200000000000003,True
5.775713,5,38.904741,0.96083778404375,0.040000000000000036,True
5.399906,5,38.918299,0.9644126602814247,0.040000000000000036,True
5.783385,4,38.928273,0.9670073717616596,0.03200000000000003,True
5.624725,4,38.939682,0.9595186741515545,0.03200000000000003,True
5.583619,4,38.950687,0.9647920898947588,0.03200000000000003,True
6.00218,5,38.965007,0.9631932558178158,0.040000000000000036,True
5.505934,3,38.974221,0.95867401815017,0.02400000000000002,True
5.814777,5,38.987917,0.9633916247046587,0.040000000000000036,True
5.609307,4,38.999352,0.9610845539447894,0.03200000000000003,True
5.819893,5,39.012385,0.962073676753787,0.040000000000000036,True
5.728195,3,39.021011,0.9631381513715904,0.02400000000000002,True
5.698787,3,39.030422,0.9608380906558206,0.02400000000000002,True
5.734918,4,39.041605,0.9633656610850194,0.03200000000000003,True
5.44262,4,39.052689,0.9617409585472125,0.03200000000000003,True
5.425285,4,39.063869,0.9619444241957751,0.03200000000000003,True
5.838526,5,39.07778,0.962230805709369,0.040000000000000036,True
5.617604,3,39.085542,0.9602307507350778,0.02400000000000002,True
5.581258,4,39.096403,0.9589232034516104,0.03200000000000003,True
6.00044,5,39.110437,0.9606523853839295,0.040000000000000036,True
5.502135,3,39.120243,0.9629172561868999,0.02400000000000002,True
5.447983,4,39.132604,0.9624850243821089,0.03200000000000003,True
5.432963,3,39.141299,0.9598118349607212,0.02400000000000002,True
5.792751,4,39.153602,0.964381976083653,0.03200000000000003,True
5.874577,4,39.164635,0.9590462610615897,0.03200000000000003,True
5.791663,4,39.175929,0.9655164677414912,0.03200000000000003,True
5.606231,4,39.189008,0.9596263649725378,0.03200000000000003,True
5.533608,4,39.201158,0.9600592344558765,0.03200000000000003,True
5.907404,5,39.217462,0.9619442668277376,0.040000000000000036,True
5.619673,3,39.226751,0.9585514640218699,0.02400000000000002,True
5.709422,3,40.005622,0.9614808957246486,0.02400000000000002,True
5.667741,3,40.015358,0.9587990182231227,0.02400000000000002,True
5.549845,4,40.029478,0.9574932843389025,0.03200000000000003,True
5.513283,3,40.038553,0.9626800162089865,0.02400000000000002,True
5.584595,4,40.051402,0.9650386896978185,0.03200000000000003,True
5.702043,5,40.066851,0.9595232404097418,0.040000000000000036,True
5.617518,3,40.077534,0.9615660807483769,0.02400000000000002,True
5.550282,3,40.088741,0.9618943701401513,0.02400000000000002,True
5.798731,4,40.103917,0.9589511351428166,0.03200000000000003,True
5.894851,4,40.118644,0.9615414827744125,0.03200000000000003,True
5.489408,4,40.132828,0.9585477560732465,0.03200000000000003,True
5.754137,4,40.146434,0.9601722397517121,0.03200000000000003,True
5.767426,4,40.160744,0.9655273761605918,0.03200000000000003,True
5.67773,3,40.171559,0.9616571942088727,0.02400000000000002,True
5.743307,4,40.184246,0.9620787314084157,0.03200000000000003,True
5.620586,4,40.197024,0.9644256180120951,0.03200000000000003,True
5.697463,5,40.212513,0.9650947963957761,0.040000000000000036,True
5.499798,4,40.225182,0.9641652387686881,0.03200000000000003,True
6.056648,4,40.237633,0.9601010998749512,0.03200000000000003,True
5.641904,3,40.248754,0.960274230772793,0.02400000000000002,True
5.515271,3,40.257748,0.9622880881816009,0.02400000000000002,True
6.016386,5,40.278194,0.9574612874062202,0.040000000000000036,True
5.847782,4,40.294829,0.962677080939731,0.03200000000000003,True
5.789463,4,40.31068,0.9598033983317167,0.03200000000000003,True
5.622384,3,40.317551,0.9614468687011299,0.02400000000000002,True
5.342896,3,40.324821,0.962683493665885,0.02400000000000002,True
5.604839,4,40.333678,0.9616396995117841,0.03200000000000003,True
5.715616,4,40.344714,0.9578081973115462,0.03200000000000003,True
6.037221,5,40.357306,0.9579258353870727,0.040000000000000036,True
5.374074,4,40.365724,0.9612893323904714,0.03200000000000003,True
5.768697,4,40.374686,0.962093417674217,0.03200000000000003,True
5.525843,6,40.387599,0.9654587032243468,0.04800000000000004,True
5.756138,5,40.399531,0.9611905222772964,0.040000000000000036,True
5.692391,4,40.407809,0.9641247769432332,0.03200000000000003,True
5.750985,4,40.41663,0.9619117418362448,0.03200000000000003,True
6.026474,4,40.425566,0.9663229365142989,0.03200000000000003,True
5.67818,5,40.43744,0.967179169740378,0.040000000000000036,True
5.797591,3,40.444452,0.9586117192955109,0.02400000000000002,True
5.548589,4,40.454124,0.9585371612535067,0.03200000000000003,True
5.65731,4,40.464312,0.9635322529686805,0.03200000000000003,True
5.876989,5,40.475459,0.9574111757846866,0.040000000000000036,True
5.776081,3,40.482738,0.9608602372102502,0.02400000000000002,True
5.577009,4,40.49237,0.9643632903854982,0.03200000000000003,True
5.764766,4,40.501832,0.9588698364150181,0.03200000000000003,True
5.581556,4,40.510279,0.9625089865509062,0.03200000000000003,True
5.469377,3,40.517509,0.9631511113953113,0.02400000000000002,True
5.822567,5,40.529583,0.9616593926204403,0.040000000000000036,True
5.66324,4,40.539524,0.9641319171248379,0.03200000000000003,True
5.522989,5,40.550732,0.9623666801692814,0.040000000000000036,True
5.752088,4,40.559728,0.962261656627661,0.03200000000000003,True
5.526409,4,40.568551,0.9589604558033261,0.03200000000000003,True
5.495057,5,40.581764,0.95859640755246,0.040000000000000036,True
5.477926,4,40.590929,0.959408438908895,0.03200000000000003,True
5.356056,2,40.595294,0.957266680682673,0.016000000000000014,True
5.599065,2,40.600574,0.9602998797200023,0.016000000000000014,True
5.970386,4,40.609346,0.9615440116392452,0.03200000000000003,True
5.791625,4,40.618013,0.9594184755487343,0.03200000000000003,True
5.739252,6,40.631624,0.9650081628146716,0.04800000000000004,True
5.577989,5,40.642677,0.9594882026369506,0.040000000000000036,True
5.678984,3,40.649507,0.9615206202951814,0.02400000000000002,True
5.504984,4,40.658869,0.9623688281245465,0.03200000000000003,True
5.5233,3,40.665915,0.9615790245852408,0.02400000000000002,True
5.852717,3,40.674073,0.9587916592019466,0.02400000000000002,True
5.402248,3,40.682396,0.9685331457871844,0.02400000000000002,True
5.928613,3,40.691219,0.9635797836295825,0.02400000000000002,True
5.682291,4,40.700652,0.9627172066396816,0.03200000000000003,True
5.750017,4,41.231217,0.9596794233783236,0.03200000000000003,True
5.54868,4,41.24056,0.9614983121505997,0.03200000000000003,True
5.739628,4,41.249686,0.9589941251279189,0.03200000000000003,True
5.579815,5,41.261966,0.9609697294150461,0.040000000000000036,True
5.613705,4,41.271837,0.9564937209178243,0.03200000000000003,True
5.837324,5,41.282977,0.9617142161420036,0.040000000000000036,True
5.898785,4,41.291294,0.9646547518372857,0.03200000000000003,True
5.754067,5,41.303221,0.9620017045996203,0.040000000000000036,True
5.60143,5,41.313754,0.9673176515497826,0.040000000000000036,True
5.758044,4,41.322966,0.9638558609172172,0.03200000000000003,True
5.678455,3,41.330242,0.9653167354438024,0.02400000000000002,True
5.830708,4,41.341777,0.9579458717099791,0.03200000000000003,True
5.740317,5,41.354298,0.9651193218632284,0.040000000000000036,True
5.349242,5,41.365741,0.9617095505493997,0.040000000000000036,True
5.605061,4,41.374697,0.9612732157798405,0.03200000000000003,True
5.640975,5,41.386809,0.9579852876742938,0.040000000000000036,True
5.90436,4,41.395043,0.9580631977296974,0.03200000000000003,True
5.453618,3,41.402696,0.9636152856746505,0.02400000000000002,True
5.498713,3,41.408824,0.9619351210960648,0.02400000000000002,True
5.878194,3,41.415508,0.9628828192109079,0.02400000000000002,True
5.639011,4,41.424736,0.9615583686733182,0.03200000000000003,True
5.535149,4,41.433819,0.9615766740813232,0.03200000000000003,True
5.569763,5,41.44525,0.9567380019543783,0.040000000000000036,True
5.869551,4,41.454993,0.9600526279701578,0.03200000000000003,True
6.024783,5,41.466155,0.9596605436311492,0.040000000000000036,True
6.01547,4,41.474924,0.9621118865872406,0.03200000000000003,True
5.71088,4,41.48468,0.9648264868100909,0.03200000000000003,True
5.52738,4,41.494786,0.9614195965440202,0.03200000000000003,True
5.534118,5,41.507452,0.965031364195906,0.040000000000000036,True
5.634203,5,41.520366,0.9636326245807351,0.040000000000000036,True
5.748703,3,41.527995,0.9575527032431257,0.02400000000000002,True
5.836323,5,41.540536,0.9631907998314462,0.040000000000000036,True
5.649009,4,41.55261,0.9588773692395758,0.03200000000000003,True
5.819475,4,41.563277,0.961943457985678,0.03200000000000003,True
5.653511,5,41.575977,0.957047351779083,0.040000000000000036,True
5.693643,5,41.587889,0.9641917774571083,0.040000000000000036,True
5.592019,5,41.600286,0.9601348929729401,0.040000000000000036,True
5.484613,3,41.609175,0.9608693659016192,0.02400000000000002,True
5.821966,4,41.619588,0.9627436943912302,0.03200000000000003,True
5.478808,4,41.629181,0.9607576179125255,0.03200000000000003,True
5.688925,3,41.636937,0.9589731623990769,0.02400000000000002,True
5.457056,3,41.644287,0.9640766777799378,0.02400000000000002,True
5.54106,5,41.655517,0.9606949750211387,0.040000000000000036,True
5.548393,3,41.662616,0.9630865901033989,0.02400000000000002,True
5.72103,4,41.672154,0.9591775983380647,0.03200000000000003,True
5.690198,3,41.682,0.9580025603104938,0.02400000000000002,True
5.493023,3,41.69096,0.9587686715397987,0.02400000000000002,True
5.762065,4,41.700589,0.9607430978735692,0.03200000000000003,True
5.503273,4,41.709844,0.958924977111677,0.03200000000000003,True
5.934846,3,41.71784,0.96525089536127,0.02400000000000002,True
5.614939,4,41.72662,0.9591945689438968,0.03200000000000003,True
5.78982,4,41.735412,0.9635652858796449,0.03200000000000003,True
5.521705,4,41.744598,0.9619451677601984,0.03200000000000003,True
6.006891,4,41.753708,0.9577438546934707,0.03200000000000003,True
6.104933,5,41.765781,0.9587784630105527,0.040000000000000036,True
5.796128,4,41.774127,0.9592689053148071,0.03200000000000003,True
5.946534,6,41.787681,0.9611296062437309,0.04800000000000004,True
5.737941,5,41.7996,0.9603049668209318,0.040000000000000036,True
5.805071,4,41.809181,0.9595533574675044,0.03200000000000003,True
5.739908,4,41.818681,0.9609975915328879,0.03200000000000003,True
5.515459,5,41.829934,0.9605735028707658,0.040000000000000036,True
5.79564,5,42.389946,0.9604661197453541,0.040000000000000036,True
5.69323,5,42.402386,0.9601482506725003,0.040000000000000036,True
5.891652,4,42.4122,0.9580119861799667,0.03200000000000003,True
5.565545,4,42.422276,0.9623378507872732,0.03200000000000003,True
5.414544,3,42.430268,0.9640245541818966,0.02400000000000002,True
5.868344,3,42.437645,0.960894039817806,0.02400000000000002,True
5.525402,4,42.449334,0.9582987729027015,0.03200000000000003,True
5.667778,5,42.463206,0.9626040014075126,0.040000000000000036,True
5.50895,3,42.470314,0.9608706723445175,0.02400000000000002,True
5.472959,3,42.477577,0.9607057187473582,0.02400000000000002,True
5.893219,5,42.489321,0.9623348870797286,0.040000000000000036,True
5.580285,3,42.496593,0.9567994553397051,0.02400000000000002,True
5.775599,4,42.505422,0.960403781441635,0.03200000000000003,True
5.758256,5,42.516073,0.9606845821176646,0.040000000000000036,True
5.767064,4,42.524924,0.9588344361215325,0.03200000000000003,True
5.783139,5,42.535863,0.9616864568695103,0.040000000000000036,True
5.747964,4,42.545204,0.9622634378997285,0.03200000000000003,True
5.473788,4,42.554266,0.9634990289844525,0.03200000000000003,True
5.736989,4,42.563757,0.9609519388658813,0.03200000000000003,True
5.816711,3,42.570832,0.9623886095909879,0.02400000000000002,True
5.542435,4,42.651935,0.9576599662075573,0.03200000000000003,True
5.963006,5,42.663323,0.9582104190265912,0.040000000000000036,True
5.920461,6,42.676459,0.9612720673122228,0.04800000000000004,True
5.555054,3,42.683003,0.9574511751370566,0.02400000000000002,True
5.844882,4,42.691986,0.9640073402316205,0.03200000000000003,True
5.85261,5,42.703157,0.9647329729727336,0.040000000000000036,True
5.557122,3,42.709688,0.9608186465356187,0.02400000000000002,True
6.049541,5,42.72111,0.9624411898300335,0.040000000000000036,True
5.56694,4,42.73008,0.9592481191463447,0.03200000000000003,True
5.504372,4,42.73908,0.9600851702827089,0.03200000000000003,True
5.713949,4,42.748112,0.962125444548199,0.03200000000000003,True
5.741111,4,42.756914,0.9635417346820845,0.03200000000000003,True
6.036221,5,42.767375,0.9587477962650326,0.040000000000000036,True
5.624207,5,42.779142,0.9589526973551197,0.040000000000000036,True
5.483388,3,42.784969,0.9615985791476793,0.02400000000000002,True
5.803426,5,42.796742,0.9653119143275061,0.040000000000000036,True
5.720639,4,42.805106,0.9587972103136881,0.03200000000000003,True
5.699457,4,42.814454,0.9615112467983373,0.03200000000000003,True
5.460598,3,42.820946,0.9617523720434428,0.02400000000000002,True
5.451771,3,42.827275,0.9591442696812956,0.02400000000000002,True
5.774895,4,42.836252,0.9629708211621744,0.03200000000000003,True
5.773143,4,42.845262,0.9587174154968026,0.03200000000000003,True
6.017417,4,42.854317,0.9578913404494644,0.03200000000000003,True
5.777007,3,42.862197,0.9598856966313183,0.02400000000000002,True
5.712401,3,42.868381,0.962267229982184,0.02400000000000002,True
5.600722,4,42.878443,0.9660142117158115,0.03200000000000003,True
5.729971,3,42.88462,0.9586956940454958,0.02400000000000002,True
5.640422,5,42.896086,0.9582898664718671,0.040000000000000036,True
5.489112,4,42.904436,0.964290362584507,0.03200000000000003,True
5.574843,4,42.913494,0.9609854181579401,0.03200000000000003,True
5.559459,3,42.921352,0.963660211550793,0.02400000000000002,True
5.904993,3,42.927352,0.9625672929321081,0.02400000000000002,True
5.89346,3,42.935104,0.9631554945932019,0.02400000000000002,True
5.637978,3,42.943154,0.9597426163340786,0.02400000000000002,True
5.779645,4,42.952227,0.9608258716405425,0.03200000000000003,True
5.454427,3,42.960084,0.9602457807301427,0.02400000000000002,True
5.834294,4,42.970104,0.9608366135660615,0.03200000000000003,True
5.925624,4,42.979257,0.962462919290856,0.03200000000000003,True
5.792847,4,42.991894,0.9579591185654799,0.03200000000000003,True
5.752276,4,43.005247,0.9620183269595914,0.03200000000000003,True
5.449324,4,43.023483,0.9611512826522387,0.03200000000000003,True
5.784817,3,43.031744,0.9569147479562189,0.02400000000000002,True
5.454652,4,43.040925,0.9630124654083406,0.03200000000000003,True
5.594097,3,43.048089,0.9597527069841014,0.02400000000000002,True
5.610468,4,43.05811,0.962941321907848,0.03200000000000003,True
5.781428,4,43.067243,0.9598137763237405,0.03200000000000003,True
6.014258,4,43.591828,0.9590476985772551,0.03200000000000003,True
5.770215,4,43.600186,0.9601594307184417,0.03200000000000003,True
5.609757,3,43.607249,0.9614348471097981,0.02400000000000002,True
5.53308,5,43.618074,0.9612548925277224,0.040000000000000036,True
5.575529,4,43.626922,0.9627781790698086,0.03200000000000003,True
5.750318,5,43.639212,0.9592690306577202,0.040000000000000036,True
5.798066,5,43.650797,0.9591955974224348,0.040000000000000036,True
5.436353,5,43.662743,0.9596827687483414,0.040000000000000036,True
5.973394,6,43.680635,0.9569698516909946,0.04800000000000004,True
5.679001,4,43.693399,0.960007269924546,0.03200000000000003,True
5.70351,5,43.706515,0.9585928332255604,0.040000000000000036,True
5.573837,4,43.716781,0.9591344488314895,0.03200000000000003,True
5.509773,4,43.728003,0.9589656273467488,0.03200000000000003,True
5.669286,4,43.738593,0.9613308817162838,0.03200000000000003,True
5.587317,4,43.748692,0.959983793176165,0.03200000000000003,True
5.755601,5,43.760567,0.9650720362345417,0.040000000000000036,True
5.504903,4,43.77052,0.9611020293758605,0.03200000000000003,True
6.030099,3,43.777371,0.9611714055621225,0.02400000000000002,True
5.836214,5,43.789186,0.9645894163604201,0.040000000000000036,True
5.531941,4,43.798019,0.9600437871894019,0.03200000000000003,True
5.718066,3,43.805271,0.9587035491163588,0.02400000000000002,True
5.865754,3,43.811175,0.9661348975229902,0.02400000000000002,True
5.710264,3,43.817632,0.963282995272053,0.02400000000000002,True
5.577025,5,43.829008,0.9579090096578002,0.040000000000000036,True
5.800632,4,43.838084,0.9565856601876933,0.03200000000000003,True
5.535004,4,43.847158,0.9581585220085577,0.03200000000000003,True
5.63817,5,43.859358,0.9565672292206124,0.040000000000000036,True
5.869791,4,43.869169,0.960289158295077,0.03200000000000003,True
5.459188,4,43.878064,0.9602276819575548,0.03200000000000003,True
5.894104,4,43.888005,0.9655405089264532,0.03200000000000003,True
5.529359,4,43.897011,0.9601418477076591,0.03200000000000003,True
5.935021,3,43.902904,0.9590126781781485,0.02400000000000002,True
5.784955,5,43.913847,0.9605016633053943,0.040000000000000036,True
5.829575,4,43.923074,0.961188805513157,0.03200000000000003,True
5.777484,4,43.93119,0.9677301351055319,0.03200000000000003,True
5.61044,3,43.938337,0.9617733012957994,0.02400000000000002,True
5.778355,3,43.945668,0.9573300763107866,0.02400000000000002,True
5.650511,4,43.95487,0.9635177410137601,0.03200000000000003,True
5.66891,3,43.960733,0.9613126161858324,0.02400000000000002,True
5.597426,4,43.970794,0.9599301527350423,0.03200000000000003,True
5.537938,3,43.977931,0.958315540848821,0.02400000000000002,True
5.784438,4,43.987932,0.9676173690310463,0.03200000000000003,True
5.441885,3,43.996234,0.9576022321979039,0.02400000000000002,True
5.747362,4,44.006184,0.9589589168585797,0.03200000000000003,True
5.628571,4,44.015259,0.9635330583671011,0.03200000000000003,True
5.778143,4,44.024192,0.9605613515736534,0.03200000000000003,True
5.685191,4,44.038173,0.9622073128445144,0.03200000000000003,True
5.798574,5,44.053376,0.9622978674962355,0.040000000000000036,True
5.713059,3,44.064485,0.9610325628146293,0.02400000000000002,True
5.829967,4,44.074572,0.9627686083658851,0.03200000000000003,True
5.657527,3,44.081335,0.9626744240913057,0.02400000000000002,True
5.690038,4,44.090367,0.9596819966148635,0.03200000000000003,True
5.661539,6,44.103552,0.9562720155372633,0.04800000000000004,True
5.391563,3,44.110485,0.9621023218182017,0.02400000000000002,True
5.600583,4,44.119504,0.961476990842292,0.03200000000000003,True
5.852113,5,44.130709,0.957292888300807,0.040000000000000036,True
5.755207,5,44.141856,0.9597124723218663,0.040000000000000036,True
5.589387,4,44.151759,0.9586286582200293,0.03200000000000003,True
5.841524,4,44.162229,0.9629764416488198,0.03200000000000003,True
5.713277,4,44.171103,0.9587665385565889,0.03200000000000003,True
5.891781,4,44.180054,0.9604186126667931,0.03200000000000003,True
5.712512,3,44.185661,0.9611981209268006,0.02400000000000002,True
5.843772,5,44.196538,0.9629718434339372,0.040000000000000036,True
5.751684,4,44.720462,0.9585455869097307,0.03200000000000003,True
5.617423,5,44.733204,0.961399813708256,0.040000000000000036,True
5.756219,4,44.74208,0.9628029663158137,0.03200000000000003,True
5.520836,3,44.749435,0.9580662420672084,0.02400000000000002,True
5.710002,5,44.759497,0.9657938184706759,0.040000000000000036,True
6.060064,5,44.770942,0.9613827474300265,0.040000000000000036,True
6.029298,5,44.781254,0.9617345795555083,0.040000000000000036,True
5.452695,3,44.788379,0.9613546261270043,0.02400000000000002,True
5.713182,3,44.795001,0.965708466526055,0.02400000000000002,True
5.649849,4,44.803987,0.9599182957122674,0.03200000000000003,True
5.515068,4,44.812806,0.9603477139589809,0.03200000000000003,True
5.491734,3,44.820492,0.9601176778401198,0.02400000000000002,True
5.806383,4,44.829638,0.967422356197631,0.03200000000000003,True
5.852231,4,44.837581,0.9650140726650326,0.03200000000000003,True
5.543387,5,44.849323,0.9637559857508495,0.040000000000000036,True
5.624982,5,44.860701,0.9627264932984594,0.040000000000000036,True
5.613904,4,44.86951,0.9618099540752454,0.03200000000000003,True
5.711616,4,44.878422,0.9574700199790627,0.03200000000000003,True
5.730114,4,44.887099,0.9619669256277356,0.03200000000000003,True
5.592864,5,44.897287,0.9586697835781748,0.040000000000000036,True
5.51723,5,44.90919,0.9636001590086715,0.040000000000000036,True
5.834519,4,44.917851,0.9638610275831658,0.03200000000000003,True
5.661191,3,44.924584,0.9652130303803681,0.02400000000000002,True
5.502403,3,44.930747,0.9590280653057435,0.02400000000000002,True
5.733886,4,44.941001,0.9578551009589107,0.03200000000000003,True
6.125762,5,44.951111,0.9637458863544507,0.040000000000000036,True
5.710815,5,44.962017,0.960606576195687,0.040000000000000036,True
5.689151,5,44.973364,0.9651462868837509,0.040000000000000036,True
5.733083,3,44.980474,0.957714814416306,0.02400000000000002,True
5.737303,5,44.992253,0.9631241225756451,0.040000000000000036,True
5.792007,4,45.002106,0.9619367957386797,0.03200000000000003,True
5.624274,3,45.008829,0.9664586734593601,0.02400000000000002,True
5.857404,4,45.017661,0.9608324189097763,0.03200000000000003,True
5.625592,2,45.023018,0.9629764643987349,0.016000000000000014,True
5.665294,2,45.027407,0.9629908948307649,0.016000000000000014,True
5.779795,5,45.037893,0.9641739872081347,0.040000000000000036,True
5.573367,5,45.05043,0.9611331684744919,0.040000000000000036,True
5.702245,3,45.056891,0.9582451533695666,0.02400000000000002,True
5.704924,4,45.067266,0.9564986740134457,0.03200000000000003,True
5.821627,4,45.08121,0.9609457588188117,0.03200000000000003,True
5.50311,3,45.090854,0.9568255305504454,0.02400000000000002,True
5.621332,3,45.100623,0.9595092598993976,0.02400000000000002,True
5.838896,4,45.112543,0.9577089987971645,0.03200000000000003,True
5.409041,5,45.12431,0.9594666852429585,0.040000000000000036,True
5.447817,3,45.131811,0.9643355486159483,0.02400000000000002,True
5.715319,4,45.142104,0.9568292377873954,0.03200000000000003,True
5.64763,5,45.153825,0.9636228856165514,0.040000000000000036,True
5.818144,4,45.16266,0.9609937908161356,0.03200000000000003,True
5.442302,4,45.171467,0.9634005347974067,0.03200000000000003,True
5.650959,3,45.178615,0.9596519668759884,0.02400000000000002,True
5.761095,3,45.184993,0.9593716867164823,0.02400000000000002,True
5.88421,4,45.193699,0.9639029951238789,0.03200000000000003,True
5.741801,3,45.200622,0.9613109155488362,0.02400000000000002,True
5.700991,3,45.207091,0.9641971259499464,0.02400000000000002,True
5.491668,4,45.217107,0.9601675414762674,0.03200000000000003,True
5.887845,3,45.224227,0.9582990684968911,0.02400000000000002,True
5.845539,5,45.235002,0.964577942371079,0.040000000000000036,True
6.074469,5,45.247266,0.9616723816385158,0.040000000000000036,True
5.721445,4,45.256605,0.9565885121699367,0.03200000000000003,True
5.543163,4,45.265668,0.9582065523174542,0.03200000000000003,True
5.469514,3,45.27316,0.9616189287148434,0.02400000000000002,True
5.991121,4,45.282351,0.9607389360197075,0.03200000000000003,True
5.751943,4,45.291159,0.9641693619811172,0.03200000000000003,True
5.556154,4,45.301395,0.9631896263463566,0.03200000000000003,True
6.099517,4,45.313598,0.9646787790499776,0.03200000000000003,True
5.648767,4,45.845383,0.9586787974626074,0.03200000000000003,True
6.011235,5,45.857563,0.9633244420261868,0.040000000000000036,True
5.456847,5,45.869077,0.9627523079673423,0.040000000000000036,True
5.579401,4,45.878505,0.9653378929887242,0.03200000000000003,True
5.467624,3,45.885272,0.9602999223780266,0.02400000000000002,True
5.688783,4,45.894884,0.9641931131814006,0.03200000000000003,True
5.571162,3,45.902623,0.9624002739619633,0.02400000000000002,True
5.568983,5,45.912745,0.9661530795967168,0.040000000000000036,True
5.517372,4,45.920899,0.9586299246590362,0.03200000000000003,True
5.956051,4,45.929934,0.9591862885791915,0.03200000000000003,True
5.792214,4,45.938885,0.960008863451808,0.03200000000000003,True
5.636081,5,45.951194,0.96302231557463,0.040000000000000036,True
5.725909,3,45.957771,0.9654384258431593,0.02400000000000002,True
5.782437,5,45.968972,0.9635074096345377,0.040000000000000036,True
5.818699,4,45.978107,0.9651856371518435,0.03200000000000003,True
5.469757,5,45.989442,0.9595893655930464,0.040000000000000036,True
5.82354,5,46.000916,0.9625592452293781,0.040000000000000036,True
5.965515,4,46.01018,0.961544716139791,0.03200000000000003,True
5.753383,4,46.019121,0.9617756111483005,0.03200000000000003,True
5.413726,3,46.025643,0.9594624332453058,0.02400000000000002,True
5.763222,4,46.034781,0.9635439591670019,0.03200000000000003,True
5.506742,4,46.043814,0.9598644495744768,0.03200000000000003,True
5.830259,4,46.053211,0.9609213817033873,0.03200000000000003,True
5.80758,4,46.061639,0.9650736595034208,0.03200000000000003,True
5.581449,5,46.072645,0.960363990756393,0.040000000000000036,True
5.620804,3,46.079783,0.9608189274657006,0.02400000000000002,True
5.425747,3,46.086809,0.9595836854662756,0.02400000000000002,True
5.824651,4,46.102321,0.963720721765117,0.03200000000000003,True
5.646682,4,46.132804,0.9582620941000612,0.03200000000000003,True
5.515135,5,46.191702,0.9610998112288766,0.040000000000000036,True
5.861052,4,46.231725,0.9601080807423462,0.03200000000000003,True
5.535194,4,46.265414,0.9605520104075661,0.03200000000000003,True
5.879807,5,46.290568,0.9602219762786182,0.040000000000000036,True
5.73628,3,46.298208,0.9576706539961064,0.02400000000000002,True
5.542868,4,46.307466,0.9584864477645911,0.03200000000000003,True
5.463458,2,46.312233,0.9607397791897463,0.016000000000000014,True
5.788082,3,46.319021,0.9589429775686761,0.02400000000000002,True
5.741243,4,46.328069,0.9616191693743583,0.03200000000000003,True
5.529383,4,46.337594,0.9589587788845116,0.03200000000000003,True
5.692205,4,46.348073,0.9678227452606949,0.03200000000000003,True
5.832438,3,46.35561,0.9596335697887074,0.02400000000000002,True
6.048417,4,46.365759,0.9619784114425116,0.03200000000000003,True
5.826721,4,46.376455,0.9587912187164075,0.03200000000000003,True
5.74925,4,46.387518,0.9619365831267168,0.03200000000000003,True
5.71672,5,46.398049,0.9565030356431357,0.040000000000000036,True
5.782061,4,46.406885,0.9634756646822823,0.03200000000000003,True
5.449761,4,46.416414,0.9612858162247351,0.03200000000000003,True
6.006138,4,46.425331,0.9574676566382179,0.03200000000000003,True
5.831773,5,46.436639,0.9587893602925934,0.040000000000000036,True
5.505996,4,46.445646,0.9647331121468635,0.03200000000000003,True
5.366862,3,46.452601,0.9696541583676981,0.02400000000000002,True
5.43876,4,46.461887,0.9603425252793313,0.03200000000000003,True
5.625973,5,46.472755,0.9573962300763165,0.040000000000000036,True
5.836926,4,46.482389,0.9586276401097559,0.03200000000000003,True
5.840283,5,46.494687,0.9637879193725855,0.040000000000000036,True
5.779024,4,46.502886,0.9636022642509697,0.03200000000000003,True
5.496653,3,46.510621,0.9607145961225312,0.02400000000000002,True
5.808585,4,46.520014,0.9629538848897286,0.03200000000000003,True
5.42674,4,46.529251,0.9600161112682684,0.03200000000000003,True
5.605599,3,46.536767,0.9600022845241173,0.02400000000000002,True
6.068742,5,46.548858,0.9605780016962373,0.040000000000000036,True
5.743718,5,46.560607,0.9602294815619219,0.040000000000000036,True
5.599156,5,46.572307,0.9611436516380956,0.040000000000000036,True
5.822844,5,47.10641,0.9581285898013948,0.040000000000000036,True
5.820772,4,47.115797,0.9648026245634682,0.03200000000000003,True
5.513646,4,47.12575,0.9631700157883984,0.03200000000000003,True
5.484585,4,47.135533,0.9618669396806414,0.03200000000000003,True
5.657371,5,47.147258,0.960441565204128,0.040000000000000036,True
5.507886,3,47.155355,0.9591378710624607,0.02400000000000002,True
5.592892,4,47.164267,0.9567912500362502,0.03200000000000003,True
5.835299,5,47.175774,0.9654900497601525,0.040000000000000036,True
5.860657,5,47.188107,0.9612535333259267,0.040000000000000036,True
5.710248,3,47.196705,0.9586863899973969,0.02400000000000002,True
5.687123,3,47.207896,0.9579257818666662,0.02400000000000002,True
5.766795,4,47.222165,0.960743731661945,0.03200000000000003,True
5.545696,3,47.233026,0.9635032262336938,0.02400000000000002,True
5.71824,4,47.242512,0.9593481592616253,0.03200000000000003,True
5.872992,5,47.254029,0.9619409826294966,0.040000000000000036,True
5.988896,4,47.263461,0.9569879471765848,0.03200000000000003,True
5.607725,3,47.270956,0.9572411315832751,0.02400000000000002,True
5.720964,4,47.280474,0.9580623126066758,0.03200000000000003,True
5.394635,3,47.288001,0.9614277276749901,0.02400000000000002,True
5.663308,4,47.296609,0.961693892110963,0.03200000000000003,True
5.464556,3,47.304185,0.9589569340628994,0.02400000000000002,True
5.414971,3,47.310097,0.9599360763575093,0.02400000000000002,True
5.674345,3,47.316971,0.9622515892498424,0.02400000000000002,True
5.803451,3,47.323404,0.9623272218321433,0.02400000000000002,True
5.529945,3,47.330099,0.9595489419752745,0.02400000000000002,True
5.778236,4,47.338538,0.9639276500207665,0.03200000000000003,True
5.753389,5,47.348805,0.9586859932805836,0.040000000000000036,True
5.422498,3,47.356147,0.9584716614501874,0.02400000000000002,True
5.78399,4,47.366574,0.9614178904367859,0.03200000000000003,True
5.631228,4,47.376529,0.9591430653339857,0.03200000000000003,True
5.535322,3,47.38337,0.9650653786353685,0.02400000000000002,True
5.554411,5,47.39414,0.9616593817708496,0.040000000000000036,True
5.613129,4,47.403731,0.9630739441202312,0.03200000000000003,True
5.638815,4,47.41274,0.9653303323173679,0.03200000000000003,True
5.706061,3,47.419416,0.9675595293170911,0.02400000000000002,True
5.495219,4,47.427994,0.9639069084209749,0.03200000000000003,True
5.843387,4,47.437502,0.95703711295297,0.03200000000000003,True
5.618235,3,47.444567,0.9610226095687395,0.02400000000000002,True
5.553491,3,47.452922,0.9612307462432511,0.02400000000000002,True
5.832979,4,47.462804,0.9625744539461534,0.03200000000000003,True
5.512546,3,47.469672,0.9587144601640665,0.02400000000000002,True
5.577874,4,47.479504,0.957489735313243,0.03200000000000003,True
5.455012,4,47.488458,0.9627394891053112,0.03200000000000003,True
5.609514,4,47.497573,0.9619224690267352,0.03200000000000003,True
5.445703,3,47.5037,0.9597712908511422,0.02400000000000002,True
5.78833,3,47.511427,0.9633101553239976,0.02400000000000002,True
5.745606,4,47.521231,0.9610624872553868,0.03200000000000003,True
5.784082,4,47.531563,0.962867046713588,0.03200000000000003,True
5.732793,4,47.541746,0.9580710178709992,0.03200000000000003,True
5.572633,4,47.551843,0.9599780867091834,0.03200000000000003,True
5.387104,3,47.559689,0.9640178806981412,0.02400000000000002,True
5.54594,3,47.567245,0.9617206986794935,0.02400000000000002,True
5.858135,5,47.580319,0.9589513436610163,0.040000000000000036,True
5.655546,3,47.586111,0.9591322916685361,0.02400000000000002,True
5.381484,3,47.592792,0.9616523026667874,0.02400000000000002,True
5.604277,3,47.600541,0.9598451131716135,0.02400000000000002,True
5.732493,5,47.613509,0.9598765477271298,0.040000000000000036,True
5.433163,3,47.621966,0.9633522772904293,0.02400000000000002,True
5.698685,3,47.629756,0.9587321486902445,0.02400000000000002,True
5.539278,5,47.642575,0.9589744206486548,0.040000000000000036,True
5.730561,3,47.650394,0.9613739663398932,0.02400000000000002,True
5.525382,4,47.658946,0.9662834043932831,0.03200000000000003,True
5.624821,3,47.665434,0.9568866279976938,0.02400000000000002,True
5.693281,4,47.678712,0.9619561011976298,0.03200000000000003,True
5.648982,4,47.690532,0.9575608214464782,0.03200000000000003,True
5.474321,5,47.701684,0.9637708315955515,0.040000000000000036,True
5.418091,5,47.713177,0.9590861468911467,0.040000000000000036,True
5.530433,4,47.722834,0.9599044737345755,0.03200000000000003,True
5.641702,5,48.292986,0.9630566449284165,0.040000000000000036,True
5.977128,4,48.303993,0.9615731221492848,0.03200000000000003,True
5.598317,3,48.311388,0.9618442358824737,0.02400000000000002,True
5.674316,4,48.321465,0.9637707138628823,0.03200000000000003,True
5.925727,3,48.328861,0.9577230977814886,0.02400000000000002,True
5.582035,4,48.339087,0.9568357414340877,0.03200000000000003,True
5.923627,5,48.350701,0.960910849419666,0.040000000000000036,True
5.672511,5,48.363094,0.9628160435333128,0.040000000000000036,True
5.773244,3,48.371503,0.9611541580708627,0.02400000000000002,True
5.490251,3,48.379663,0.9613629619339994,0.02400000000000002,True
5.950963,4,48.390305,0.962463343589191,0.03200000000000003,True
5.777308,4,48.400702,0.9624779304931625,0.03200000000000003,True
5.63186,3,48.407078,0.9595497912355923,0.02400000000000002,True
5.807106,3,48.510527,0.9640747244527356,0.02400000000000002,True
5.533898,5,48.52215,0.9612818279637098,0.040000000000000036,True
5.719673,5,48.533667,0.9611834494334749,0.040000000000000036,True
5.645061,4,48.542686,0.9650204176795962,0.03200000000000003,True
5.731236,3,48.549957,0.9602448485679325,0.02400000000000002,True
5.401798,4,48.559226,0.9622406464080651,0.03200000000000003,True
5.488348,5,48.570235,0.9641347205107792,0.040000000000000036,True
5.585974,4,48.579401,0.9652222834221326,0.03200000000000003,True
5.5358,4,48.588248,0.9612704795300127,0.03200000000000003,True
5.998455,4,48.597473,0.9613971232197749,0.03200000000000003,True
5.593267,4,48.606641,0.9603260288559236,0.03200000000000003,True
5.417069,3,48.614073,0.9610307437580623,0.02400000000000002,True
5.573781,4,48.623441,0.963702343603736,0.03200000000000003,True
5.465434,4,48.632605,0.9590460377175922,0.03200000000000003,True
5.617493,4,48.64123,0.9600066869677224,0.03200000000000003,True
5.528729,4,48.65052,0.9638935173883596,0.03200000000000003,True
5.859385,4,48.660471,0.958469690745011,0.03200000000000003,True
5.445821,3,48.668184,0.959837200379666,0.02400000000000002,True
5.735567,4,48.677491,0.9662551484913066,0.03200000000000003,True
5.470103,3,48.683131,0.9650826748441967,0.02400000000000002,True
5.712659,5,48.695041,0.9590653929682811,0.040000000000000036,True
5.414948,3,48.70349,0.9627836836881325,0.02400000000000002,True
5.441854,3,48.709619,0.9599910288487665,0.02400000000000002,True
5.714082,4,48.719248,0.9629521189939989,0.03200000000000003,True
5.420917,4,48.728521,0.9604511481194057,0.03200000000000003,True
5.564924,3,48.735252,0.9566605649570996,0.02400000000000002,True
5.558673,4,48.74626,0.9578677778087319,0.03200000000000003,True
5.697406,3,48.752461,0.9648112611285506,0.02400000000000002,True
5.695144,3,48.765322,0.9599250506236572,0.02400000000000002,True
5.879418,4,48.774257,0.9604695965433179,0.03200000000000003,True
5.653953,3,48.781722,0.9605964701039836,0.02400000000000002,True
6.012445,3,48.788077,0.96289920179583,0.02400000000000002,True
5.841411,4,48.797064,0.9641275896903427,0.03200000000000003,True
5.541956,4,48.806638,0.9633960629685181,0.03200000000000003,True
5.807304,5,48.819449,0.9606602105952621,0.040000000000000036,True
5.61517,3,48.826177,0.96619787710212,0.02400000000000002,True
5.54796,3,48.83394,0.9611867392878493,0.02400000000000002,True
5.643695,3,48.840953,0.9568396123744922,0.02400000000000002,True
5.480059,3,48.848727,0.9610195314204024,0.02400000000000002,True
5.848104,4,48.857736,0.9582768732622035,0.03200000000000003,True
5.616643,4,48.866877,0.9603244013564791,0.03200000000000003,True
5.822832,5,48.877531,0.9584745638440672,0.040000000000000036,True
5.761589,4,48.8859,0.9592384496302166,0.03200000000000003,True
5.585463,4,48.895767,0.9625001634254567,0.03200000000000003,True
5.70317,5,48.906598,0.9578466675639478,0.040000000000000036,True
5.688159,3,48.913264,0.9609306059416827,0.02400000000000002,True
5.886266,4,48.923335,0.9601439795109815,0.03200000000000003,True
6.057322,4,48.931926,0.958630004831122,0.03200000000000003,True
5.791502,4,48.9409,0.9644135241232221,0.03200000000000003,True
6.011598,3,48.948492,0.9638716863062853,0.02400000000000002,True
5.690775,4,48.960617,0.9667730492018367,0.03200000000000003,True
5.587948,3,48.970189,0.9619227540391867,0.02400000000000002,True
5.518003,4,48.979629,0.9602241022818669,0.03200000000000003,True
5.748984,3,48.986049,0.9659732342043925,0.02400000000000002,True
5.638941,4,48.995259,0.9573390073448025,0.03200000000000003,True
5.894292,3,49.00306,0.9680702044278803,0.02400000000000002,True
5.74184,4,49.568128,0.960832279237169,0.03200000000000003,True
5.538007,5,49.580562,0.9631027122541835,0.040000000000000036,True
5.85193,5,49.591286,0.9603527659391462,0.040000000000000036,True
5.831276,5,49.602875,0.9684274643632993,0.040000000000000036,True
5.734237,4,49.611477,0.9578682802101394,0.03200000000000003,True
5.579479,5,49.62429,0.9612905415735516,0.040000000000000036,True
5.750108,4,49.632935,0.9601076712633734,0.03200000000000003,True
5.684296,3,49.640352,0.9615573638488198,0.02400000000000002,True
5.502705,4,49.650641,0.9606531169148905,0.03200000000000003,True
5.736798,3,49.656518,0.9592054682382454,0.02400000000000002,True
5.552286,4,49.665781,0.9620076761853983,0.03200000000000003,True
5.433789,3,49.67452,0.9647361226159303,0.02400000000000002,True
5.827348,3,49.682179,0.9630534024628324,0.02400000000000002,True
5.664425,3,49.688063,0.9659452306451632,0.02400000000000002,True
5.750404,3,49.695924,0.9641536747448064,0.02400000000000002,True
5.683506,4,49.705088,0.96122373172977,0.03200000000000003,True
5.527281,3,49.712417,0.9596825355751935,0.02400000000000002,True
5.638127,5,49.724003,0.9621705288007834,0.040000000000000036,True
5.416226,3,49.730577,0.9657578165398861,0.02400000000000002,True
5.546242,4,49.739791,0.9613557994889101,0.03200000000000003,True
5.764986,4,49.749637,0.9627959416502154,0.03200000000000003,True
5.695377,3,49.756543,0.963277115693555,0.02400000000000002,True
5.494823,4,49.766442,0.9650221342298304,0.03200000000000003,True
5.519904,3,49.772415,0.9634778772414616,0.02400000000000002,True
5.436914,3,49.779684,0.9596220093760554,0.02400000000000002,True
5.738302,3,49.78667,0.9649553177818293,0.02400000000000002,True
5.564196,4,49.795657,0.9617477294716142,0.03200000000000003,True
5.65334,4,49.804843,0.960233757074628,0.03200000000000003,True
5.70097,4,49.81292,0.9599832877894297,0.03200000000000003,True
5.692039,5,49.824574,0.9576585512455781,0.040000000000000036,True
5.698419,3,49.831164,0.9634705249992277,0.02400000000000002,True
5.788434,5,49.84233,0.9654809111758293,0.040000000000000036,True
5.819045,3,49.848772,0.9564627664207559,0.02400000000000002,True
5.768646,4,49.857938,0.9621518719617501,0.03200000000000003,True
5.677219,5,49.868306,0.9586621930064461,0.040000000000000036,True
5.958022,4,49.877128,0.959041166368562,0.03200000000000003,True
5.699693,3,49.884413,0.963293698450196,0.02400000000000002,True
5.732038,3,49.891088,0.9613646478919794,0.02400000000000002,True
5.544228,4,49.900618,0.9559300535643454,0.03200000000000003,True
5.560004,5,49.911838,0.9723151071543523,0.040000000000000036,True
5.671667,4,49.920531,0.959758693395158,0.03200000000000003,True
5.581923,4,49.929325,0.9611965851899349,0.03200000000000003,True
5.700293,4,49.938174,0.9592473118363609,0.03200000000000003,True
5.700014,3,49.945745,0.956732659686977,0.02400000000000002,True
5.897441,3,49.952472,0.9591150380547769,0.02400000000000002,True
5.935694,3,49.959855,0.9584157041713969,0.02400000000000002,True
5.600575,5,49.970707,0.9625729759526241,0.040000000000000036,True
5.41695,3,49.977803,0.9619740845398026,0.02400000000000002,True
5.730009,4,49.98656,0.9636063343818104,0.03200000000000003,True
5.817435,4,49.995493,0.9646071194311459,0.03200000000000003,True
5.805387,4,50.004785,0.9663749066541313,0.03200000000000003,True
5.861257,5,50.015725,0.960536338455074,0.040000000000000036,True
5.840854,3,50.022486,0.9594533051842701,0.02400000000000002,True
5.584778,4,50.031526,0.9575093590673501,0.03200000000000003,True
5.943508,5,50.04328,0.9653718879407531,0.040000000000000036,True
5.587624,4,50.052868,0.9590736876946271,0.03200000000000003,True
5.600084,4,50.061929,0.9573740024405293,0.03200000000000003,True
6.119342,4,50.069973,0.9560061546476527,0.03200000000000003,True
6.000922,5,50.081152,0.9620224801891321,0.040000000000000036,True
5.724473,4,50.090452,0.9580973412895069,0.03200000000000003,True
5.763345,3,50.096206,0.9568353357946603,0.02400000000000002,True
5.597067,4,50.104955,0.9631140495289321,0.03200000000000003,True
5.748845,4,50.114451,0.9588264327787275,0.03200000000000003,True
5.975346,4,50.123773,0.9637503985787157,0.03200000000000003,True
5.615809,3,50.13136,0.9597624299695193,0.02400000000000002,True
5.566541,3,50.139338,0.9626283286303826,0.02400000000000002,True
5.78324,4,50.837761,0.9603721074409626,0.03200000000000003,True
5.554395,4,50.851511,0.9647339102027359,0.03200000000000003,True
5.577254,4,50.865403,0.9615819186416694,0.03200000000000003,True
5.545538,4,50.879158,0.96124206968725,0.03200000000000003,True
5.689525,4,50.893363,0.9578360834116537,0.03200000000000003,True
5.721903,4,50.905937,0.9640649888095003,0.03200000000000003,True
5.82174,4,50.918061,0.9614978024767686,0.03200000000000003,True
5.511897,3,50.925943,0.9610155799601241,0.02400000000000002,True
5.79253,5,50.940596,0.9622625662889028,0.040000000000000036,True
5.828813,5,50.955755,0.9594592641521922,0.040000000000000036,True
5.471328,3,50.965806,0.9654851182673072,0.02400000000000002,True
5.754112,4,50.977909,0.9575763306692682,0.03200000000000003,True
5.742689,4,50.988456,0.9641205285420431,0.03200000000000003,True
5.686496,4,51.000089,0.9613221690313128,0.03200000000000003,True
5.702767,4,51.011407,0.9662590541354514,0.03200000000000003,True
5.574817,3,51.021085,0.9660183875032811,0.02400000000000002,True
5.676009,4,51.031931,0.9609851226561146,0.03200000000000003,True
5.70964,3,51.040715,0.9615809629598467,0.02400000000000002,True
5.487387,5,51.05512,0.9583596358900963,0.040000000000000036,True
5.56739,3,51.063297,0.9577700831000675,0.02400000000000002,True
5.659352,4,51.075261,0.9610415776447643,0.03200000000000003,True
5.66375,5,51.089507,0.9635155341199682,0.040000000000000036,True
5.504272,3,51.097938,0.9590002179878475,0.02400000000000002,True
5.762635,4,51.109302,0.96292249593042,0.03200000000000003,True
5.634847,3,51.118404,0.9609990111549578,0.02400000000000002,True
5.895307,5,51.1358,0.959814029730443,0.040000000000000036,True
5.684355,4,51.148674,0.9631747625767276,0.03200000000000003,True
5.857399,5,51.164938,0.9592688232385818,0.040000000000000036,True
6.051751,4,51.176187,0.9635413076010255,0.03200000000000003,True
5.461477,3,51.184958,0.9646390516750697,0.02400000000000002,True
5.456154,4,51.196919,0.9595001962457892,0.03200000000000003,True
5.884338,4,51.208374,0.9602395754228865,0.03200000000000003,True
5.797247,4,51.221067,0.9616208428848996,0.03200000000000003,True
5.729304,4,51.232024,0.959804627939576,0.03200000000000003,True
5.607391,4,51.243001,0.9582245232790925,0.03200000000000003,True
5.828156,4,51.254076,0.961990149755505,0.03200000000000003,True
5.674749,4,51.265902,0.9602980040984022,0.03200000000000003,True
5.288882,3,51.27446,0.9623936564479009,0.02400000000000002,True
5.870272,5,51.28884,0.9614378154724998,0.040000000000000036,True
5.499166,5,51.302655,0.9623736329613313,0.040000000000000036,True
5.547669,2,51.307478,0.9618156463665055,0.016000000000000014,True
5.60258,4,51.320118,0.9603073113084362,0.03200000000000003,True
5.510785,5,51.33453,0.9574408547983,0.040000000000000036,True
5.748679,4,51.345989,0.9634694604680807,0.03200000000000003,True
5.518311,3,51.354524,0.9654750754572126,0.02400000000000002,True
5.770132,4,51.366583,0.9591336047501171,0.03200000000000003,True
5.668352,4,51.37824,0.9609741029566421,0.03200000000000003,True
5.676489,4,51.390867,0.9658438694854197,0.03200000000000003,True
5.741477,4,51.403349,0.9616707953346013,0.03200000000000003,True
5.62433,3,51.413219,0.961380934899482,0.02400000000000002,True
5.636189,5,51.427245,0.9639529823452289,0.040000000000000036,True
5.660523,3,51.436963,0.9614172504822485,0.02400000000000002,True
5.610865,5,51.45562,0.9620096442745498,0.040000000000000036,True
5.537306,4,51.46837,0.9643343905118229,0.03200000000000003,True
5.927163,4,51.479277,0.9640243163113704,0.03200000000000003,True
5.665339,3,51.489643,0.9594383155621402,0.02400000000000002,True
5.535512,3,51.500748,0.9618854349841514,0.02400000000000002,True
5.600769,3,51.511606,0.9636922486878049,0.02400000000000002,True
5.784068,4,51.525675,0.9607589065788394,0.03200000000000003,True
5.466147,4,51.540411,0.9624692391953074,0.03200000000000003,True
5.67531,3,51.550136,0.9606286375375512,0.02400000000000002,True
5.727046,4,51.564954,0.9613831403281161,0.03200000000000003,True
5.555613,5,51.580707,0.9592357693679243,0.040000000000000036,True
5.56667,4,51.594045,0.9609177978698393,0.03200000000000003,True
5.537377,4,51.607312,0.9623318435547097,0.03200000000000003,True
5.514426,4,51.620227,0.9614036865876701,0.03200000000000003,True
5.629131,3,52.33814,0.9594979533385546,0.02400000000000002,True
5.811569,5,52.353733,0.9571272225430709,0.040000000000000036,True
5.754817,4,52.366663,0.9650043633471695,0.03200000000000003,True
5.574418,4,52.377563,0.9600402178635671,0.03200000000000003,True
5.57498,3,52.385332,0.9568667945546169,0.02400000000000002,True
5.682789,4,52.396142,0.9611841062380919,0.03200000000000003,True
5.712098,3,52.406393,0.9570798637879006,0.02400000000000002,True
5.421118,4,52.419283,0.9598571329742007,0.03200000000000003,True
5.348183,3,52.428613,0.9608710897450699,0.02400000000000002,True
5.367741,4,52.440174,0.9629282611974863,0.03200000000000003,True
5.832959,4,52.451576,0.9595360407906082,0.03200000000000003,True
5.667021,5,52.465776,0.9598536826294619,0.040000000000000036,True
5.516953,5,52.47941,0.9645496800798633,0.040000000000000036,True
5.575498,4,52.491641,0.9590820450567554,0.03200000000000003,True
5.652456,5,52.506125,0.9654204992314998,0.040000000000000036,True
5.737907,4,52.517423,0.962933069337379,0.03200000000000003,True
5.498277,3,52.525347,0.9564390773538006,0.02400000000000002,True
5.566373,4,52.537168,0.9599090142597457,0.03200000000000003,True
5.563092,4,52.55053,0.96080883374668,0.03200000000000003,True
5.69891,4,52.567979,0.960526426621541,0.03200000000000003,True
5.628823,5,52.586966,0.9631451471369001,0.040000000000000036,True
5.832984,3,52.59668,0.9596822591169205,0.02400000000000002,True
5.741884,5,52.612354,0.9588945376092567,0.040000000000000036,True
5.585194,3,52.622395,0.9628906745159276,0.02400000000000002,True
5.736336,3,52.631439,0.9596770149764944,0.02400000000000002,True
5.57378,5,52.647468,0.9655999550677994,0.040000000000000036,True
5.778039,4,52.660092,0.9627495966435378,0.03200000000000003,True
5.62149,4,52.672744,0.9623209947574458,0.03200000000000003,True
5.774906,4,52.685846,0.9634762123174108,0.03200000000000003,True
5.745462,3,52.69624,0.959842138940293,0.02400000000000002,True
5.694939,4,52.708566,0.9631414054914018,0.03200000000000003,True
5.785471,4,52.720229,0.9624970328603336,0.03200000000000003,True
5.717441,4,52.732974,0.9605349491864106,0.03200000000000003,True
5.808405,4,52.744761,0.9590101088509357,0.03200000000000003,True
5.624366,4,52.756419,0.9609089801165315,0.03200000000000003,True
5.673556,4,52.768658,0.9626171768438687,0.03200000000000003,True
5.911252,4,52.780709,0.9578034263182578,0.03200000000000003,True
5.577103,3,52.790185,0.9613637574563012,0.02400000000000002,True
5.528763,4,52.801403,0.9593481820975114,0.03200000000000003,True
5.995113,3,52.809892,0.962901920389394,0.02400000000000002,True
5.63724,5,52.826457,0.9636494205838689,0.040000000000000036,True
5.746083,4,52.838352,0.965750601013253,0.03200000000000003,True
5.462441,4,52.851623,0.9634485598054967,0.03200000000000003,True
5.606939,4,52.862957,0.9575992455982625,0.03200000000000003,True
5.535923,4,52.874207,0.9605249225524015,0.03200000000000003,True
5.471455,5,52.887786,0.9627336716030173,0.040000000000000036,True
5.754792,5,52.902789,0.9571640596008089,0.040000000000000036,True
5.709724,3,52.911073,0.9655408382350119,0.02400000000000002,True
5.614389,5,52.924189,0.9615288880873183,0.040000000000000036,True
5.739755,4,52.935577,0.9623747092470598,0.03200000000000003,True
5.552759,4,52.947673,0.9570088218325807,0.03200000000000003,True
5.50901,5,52.962288,0.9587344590538276,0.040000000000000036,True
5.793868,5,52.976809,0.9696281480523522,0.040000000000000036,True
5.770433,3,52.985778,0.9616697948142354,0.02400000000000002,True
5.707656,5,53.000759,0.9609395384237269,0.040000000000000036,True
5.700783,5,53.014067,0.9622795042226251,0.040000000000000036,True
5.517712,4,53.025667,0.9597107152074014,0.03200000000000003,True
5.502991,3,53.035336,0.9623708876025403,0.02400000000000002,True
5.765588,4,53.04758,0.9590314490611723,0.03200000000000003,True
5.667463,3,53.055619,0.9629104949181556,0.02400000000000002,True
5.439656,4,53.067556,0.960532255481197,0.03200000000000003,True
5.751856,3,53.078265,0.9600465244679494,0.02400000000000002,True
5.86115,5,53.092001,0.9662238415911226,0.040000000000000036,True
5.709689,3,53.100564,0.9620362977776871,0.02400000000000002,True
5.579048,5,53.829766,0.9621129623347249,0.040000000000000036,True
5.758634,3,53.838328,0.9595711219443379,0.02400000000000002,True
5.8059,4,53.850672,0.962255209429687,0.03200000000000003,True
5.781436,5,53.864019,0.9609394600281803,0.040000000000000036,True
5.808329,5,53.880976,0.9560009556729241,0.040000000000000036,True
5.663852,5,53.893898,0.9588556018911218,0.040000000000000036,True
5.76873,3,53.903181,0.9596909105285718,0.02400000000000002,True
5.655652,4,53.913476,0.9599588834226654,0.03200000000000003,True
5.443951,3,53.925187,0.9645979348058704,0.02400000000000002,True
5.479399,4,53.935344,0.9636193963786577,0.03200000000000003,True
5.688922,4,53.947814,0.9604413588762047,0.03200000000000003,True
5.59356,5,53.961457,0.9671581394339985,0.040000000000000036,True
5.683212,5,53.97651,0.961064917733119,0.040000000000000036,True
5.609144,3,53.984761,0.9595201907661837,0.02400000000000002,True
5.797805,4,53.995857,0.9601105071249029,0.03200000000000003,True
5.780843,4,54.007321,0.9610199131231544,0.03200000000000003,True
5.479901,4,54.018588,0.9622107828533835,0.03200000000000003,True
5.697012,4,54.030192,0.9632858075756258,0.03200000000000003,True
5.600415,4,54.041696,0.962264191962825,0.03200000000000003,True
5.892205,3,54.051178,0.9589263153532348,0.02400000000000002,True
5.763747,5,54.064488,0.9630214941604458,0.040000000000000036,True
5.592608,4,54.075627,0.960980991360771,0.03200000000000003,True
5.869447,5,54.089894,0.9594061296016415,0.040000000000000036,True
5.648141,4,54.101135,0.9619366449952397,0.03200000000000003,True
5.725961,3,54.110341,0.9588622720619835,0.02400000000000002,True
5.801408,3,54.118677,0.9641629920146941,0.02400000000000002,True
5.634235,4,54.132708,0.9647929349660409,0.03200000000000003,True
5.849092,4,54.146345,0.9604354213509737,0.03200000000000003,True
5.735667,4,54.161122,0.9585795942900686,0.03200000000000003,True
5.423941,4,54.173844,0.9571344170995439,0.03200000000000003,True
5.539802,3,54.185085,0.9622244621180785,0.02400000000000002,True
5.804936,5,54.201745,0.9653164290163738,0.040000000000000036,True
5.82268,4,54.215188,0.9577932479447238,0.03200000000000003,True
5.669147,5,54.230947,0.9660702042896874,0.040000000000000036,True
5.530865,4,54.24257,0.9659982469668158,0.03200000000000003,True
5.478867,4,54.255454,0.9566610359383784,0.03200000000000003,True
5.71467,3,54.266611,0.9627568757260818,0.02400000000000002,True
5.659613,5,54.283357,0.9620734577741102,0.040000000000000036,True
5.542662,5,54.299975,0.9614418118786776,0.040000000000000036,True
5.484866,3,54.311472,0.9620595877774067,0.02400000000000002,True
5.726141,4,54.323222,0.9612734504517761,0.03200000000000003,True
5.668692,4,54.336822,0.9587853749095594,0.03200000000000003,True
5.693956,4,54.351798,0.9607934017729204,0.03200000000000003,True
5.473279,4,54.365313,0.9665678181481375,0.03200000000000003,True
5.613342,5,54.38355,0.9631447184855306,0.040000000000000036,True
5.77673,4,54.39576,0.9588444911919591,0.03200000000000003,True
5.948956,3,54.40578,0.9621123171175054,0.02400000000000002,True
5.672578,5,54.420902,0.9629952909574734,0.040000000000000036,True
5.64109,3,54.432288,0.9609342444098878,0.02400000000000002,True
5.582364,4,54.446473,0.959865560542452,0.03200000000000003,True
5.664725,4,54.458714,0.9613008566571296,0.03200000000000003,True
5.71663,3,54.467697,0.9602411991311912,0.02400000000000002,True
5.922013,4,54.481307,0.9601826415042625,0.03200000000000003,True
5.920555,5,54.495277,0.9621665997056126,0.040000000000000036,True
6.021042,5,54.511141,0.9592557596663249,0.040000000000000036,True
5.642867,4,54.523198,0.9641722351698861,0.03200000000000003,True
5.438837,4,54.535422,0.9592341523760991,0.03200000000000003,True
5.704639,3,54.546414,0.9618820795871743,0.02400000000000002,True
5.58156,5,54.562201,0.9598524877058497,0.040000000000000036,True
5.732154,5,54.577875,0.9608541311602994,0.040000000000000036,True
5.472848,3,54.588539,0.9598608520024852,0.02400000000000002,True
5.611606,4,54.600312,0.9568796054231865,0.03200000000000003,True
5.493321,3,54.611144,0.9601370318812918,0.02400000000000002,True
5.399606,3,54.621839,0.9603081231625006,0.02400000000000002,True
5.44699,3,55.275004,0.9605701846561359,0.02400000000000002,True
5.433265,3,55.281544,0.9592003234076711,0.02400000000000002,True
5.579215,4,55.294416,0.9611543942443874,0.03200000000000003,True
5.483754,4,55.306946,0.9613596074580957,0.03200000000000003,True
5.804109,5,55.395808,0.961464440992492,0.040000000000000036,True
5.767824,5,55.406952,0.9610852469505572,0.040000000000000036,True
5.823072,4,55.415761,0.9669697341204306,0.03200000000000003,True
5.860837,5,55.427248,0.9606474918385839,0.040000000000000036,True
5.773823,5,55.43897,0.9624897642119138,0.040000000000000036,True
5.653081,4,55.447833,0.9620140583382951,0.03200000000000003,True
5.996498,4,55.458416,0.9632286284075596,0.03200000000000003,True
5.531253,4,55.467966,0.9623371763574501,0.03200000000000003,True
5.470203,2,55.472573,0.9616278093707521,0.016000000000000014,True
5.489638,3,55.480607,0.9570362364780001,0.02400000000000002,True
5.737061,5,55.49125,0.9621365018520427,0.040000000000000036,True
5.801835,5,55.502424,0.9616354094446392,0.040000000000000036,True
5.800757,5,55.512857,0.9589563142743136,0.040000000000000036,True
5.769161,4,55.522385,0.9628919396415974,0.03200000000000003,True
5.64945,4,55.531333,0.9664274381250835,0.03200000000000003,True
5.568736,5,55.541843,0.9626450225050431,0.040000000000000036,True
5.645404,4,55.550764,0.9652413216877633,0.03200000000000003,True
5.764251,4,55.559834,0.9582844604660642,0.03200000000000003,True
5.583691,4,55.568403,0.9616643772034885,0.03200000000000003,True
5.721387,3,55.575753,0.9599479454607229,0.02400000000000002,True
5.723695,4,55.58472,0.9629420643387114,0.03200000000000003,True
5.567989,4,55.593503,0.9629270970985054,0.03200000000000003,True
5.573937,3,55.600714,0.9607991955021586,0.02400000000000002,True
5.446956,4,55.609339,0.9631760552245274,0.03200000000000003,True
5.548145,4,55.619008,0.9637348631744123,0.03200000000000003,True
5.891984,4,55.62727,0.9608574603056508,0.03200000000000003,True
5.532099,3,55.634759,0.9562688766454694,0.02400000000000002,True
5.395156,3,55.64179,0.9609118684444785,0.02400000000000002,True
5.467001,3,55.649008,0.9594900292625315,0.02400000000000002,True
5.657918,3,55.65651,0.9582927713157395,0.02400000000000002,True
5.803886,4,55.665644,0.9573654477728568,0.03200000000000003,True
5.675543,3,55.67397,0.9616584275047522,0.02400000000000002,True
5.557046,4,55.687093,0.9605380644290457,0.03200000000000003,True
6.010353,4,55.697146,0.9587833254212412,0.03200000000000003,True
5.525589,3,55.704645,0.9639087880371789,0.02400000000000002,True
6.001841,4,55.713368,0.9635805591573503,0.03200000000000003,True
5.669199,3,55.720846,0.9629646927864786,0.02400000000000002,True
5.449843,2,55.724396,0.9584216770113558,0.016000000000000014,True
5.80279,4,55.733202,0.9629880924483326,0.03200000000000003,True
5.73057,4,55.743371,0.9613069485409893,0.03200000000000003,True
5.827165,4,55.753129,0.9594430848839207,0.03200000000000003,True
5.742747,5,55.76425,0.9615527748039271,0.040000000000000036,True
5.89483,4,55.77463,0.9652448164555552,0.03200000000000003,True
5.589334,3,55.784808,0.958455686398047,0.02400000000000002,True
5.724166,4,55.798201,0.9614140692713302,0.03200000000000003,True
5.785954,4,55.811506,0.9585711045081762,0.03200000000000003,True
5.571274,4,55.823229,0.9607073239954076,0.03200000000000003,True
5.690794,4,55.832515,0.9590164840306075,0.03200000000000003,True
5.789399,4,55.842949,0.958841542756049,0.03200000000000003,True
5.802113,4,55.852384,0.9569647544564979,0.03200000000000003,True
5.778011,4,55.861702,0.9594980141078818,0.03200000000000003,True
5.791444,4,55.869912,0.9614441469405062,0.03200000000000003,True
5.772922,5,55.881919,0.9573207593642614,0.040000000000000036,True
5.628787,3,55.889323,0.9643437040866127,0.02400000000000002,True
5.807721,5,55.900185,0.9603698217290493,0.040000000000000036,True
5.510598,5,55.910812,0.9598985480609906,0.040000000000000036,True
5.39878,3,55.918444,0.9652702077071098,0.02400000000000002,True
5.569079,4,55.927275,0.962937813150792,0.03200000000000003,True
5.762775,4,55.936213,0.9602628063589737,0.03200000000000003,True
5.576557,4,55.946201,0.9580443668297007,0.03200000000000003,True
5.626173,4,55.955195,0.9633823035358637,0.03200000000000003,True
5.386055,3,55.962635,0.967370738874676,0.02400000000000002,True
5.679774,3,56.478937,0.9639585725691193,0.02400000000000002,True
5.639599,4,56.488321,0.960365507781376,0.03200000000000003,True
5.533406,4,56.498524,0.9596589185194011,0.03200000000000003,True
5.829123,5,56.50939,0.9597485421680563,0.040000000000000036,True
5.586616,4,56.518964,0.9629110595626009,0.03200000000000003,True
5.709024,3,56.527576,0.9571182086814386,0.02400000000000002,True
5.465656,4,56.536463,0.9594281089600947,0.03200000000000003,True
5.466858,3,56.544203,0.9636298393703829,0.02400000000000002,True
5.577132,4,56.55387,0.9597828717881948,0.03200000000000003,True
5.582377,4,56.563411,0.9583308170952863,0.03200000000000003,True
5.449494,3,56.569773,0.9635262629133636,0.02400000000000002,True
5.798754,4,56.578859,0.9616954571030175,0.03200000000000003,True
5.861137,4,56.588578,0.9659259895364106,0.03200000000000003,True
5.934526,3,56.596056,0.9685834048106732,0.02400000000000002,True
5.601246,3,56.603543,0.961124679100313,0.02400000000000002,True
5.60791,4,56.61228,0.962569483462404,0.03200000000000003,True
5.383881,3,56.619149,0.9620629493503274,0.02400000000000002,True
5.504822,4,56.628993,0.9653101428078436,0.03200000000000003,True
5.801287,4,56.639407,0.9587960449344555,0.03200000000000003,True
5.676817,3,56.645873,0.969647827893342,0.02400000000000002,True
5.725131,4,56.655941,0.9615865416122263,0.03200000000000003,True
5.674057,5,56.666683,0.9584523442135677,0.040000000000000036,True
5.991162,5,56.678964,0.9622935769731302,0.040000000000000036,True
5.364257,4,56.688327,0.9586436355423839,0.03200000000000003,True
5.736645,3,56.695594,0.9624311654127917,0.02400000000000002,True
5.723387,4,56.705019,0.9601201235479111,0.03200000000000003,True
5.811214,4,56.715179,0.9625179204341309,0.03200000000000003,True
5.715878,5,56.726362,0.957332408338971,0.040000000000000036,True
5.533467,3,56.73306,0.9658656197864518,0.02400000000000002,True
5.948057,4,56.74209,0.9614055499181644,0.03200000000000003,True
5.927859,5,56.753134,0.9599142243434132,0.040000000000000036,True
5.839259,5,56.765346,0.9634318562657003,0.040000000000000036,True
5.627937,3,56.773555,0.9629088799735391,0.02400000000000002,True
5.833277,4,56.782383,0.9639439731120394,0.03200000000000003,True
5.716892,4,56.790532,0.9608143426400836,0.03200000000000003,True
5.569925,3,56.797562,0.9594710798067021,0.02400000000000002,True
5.586117,3,56.804887,0.9628274853670808,0.02400000000000002,True
5.63359,3,56.811766,0.9615228731239742,0.02400000000000002,True
5.797186,4,56.822835,0.9591460490806909,0.03200000000000003,True
5.810931,4,56.835546,0.9636419334069395,0.03200000000000003,True
5.577918,3,56.845905,0.960457392482915,0.02400000000000002,True
5.9019,4,56.859436,0.9578467241300366,0.03200000000000003,True
5.68504,5,56.870681,0.9590087883417271,0.040000000000000036,True
5.714672,4,56.880198,0.9602083044179321,0.03200000000000003,True
5.685853,4,56.888153,0.9629695294468432,0.03200000000000003,True
5.572029,4,56.897776,0.9566272120590562,0.03200000000000003,True
5.725229,5,56.908797,0.9602810053763197,0.040000000000000036,True
5.966233,4,56.917845,0.9627889389584818,0.03200000000000003,True
6.033968,4,56.926764,0.9596821282386301,0.03200000000000003,True
5.806206,4,56.935865,0.963631679032241,0.03200000000000003,True
5.697841,4,56.944019,0.9573952263573146,0.03200000000000003,True
5.581741,5,56.9552,0.9589936057269186,0.040000000000000036,True
5.819604,4,56.964494,0.9617975280738711,0.03200000000000003,True
5.387165,3,56.972133,0.9573746193545518,0.02400000000000002,True
5.465373,4,56.981404,0.9640765716530773,0.03200000000000003,True
5.607749,3,56.987223,0.9617280728339677,0.02400000000000002,True
5.631075,3,56.993899,0.9596677310729265,0.02400000000000002,True
5.833486,3,57.001479,0.9650891969033016,0.02400000000000002,True
5.961668,5,57.011863,0.9623445180134411,0.040000000000000036,True
5.540838,4,57.020958,0.9661473836728646,0.03200000000000003,True
5.839106,5,57.032387,0.9589391381795792,0.040000000000000036,True
5.977821,3,57.038946,0.9605285988586951,0.02400000000000002,True
5.373996,3,57.047692,0.9568015069294117,0.02400000000000002,True
5.866072,5,57.058769,0.9617094174564544,0.040000000000000036,True
5.869954,4,57.068051,0.9577831527748939,0.03200000000000003,True
5.519414,3,57.075555,0.958723485973155,0.02400000000000002,True
5.381313,3,57.082613,0.9645227871039208,0.02400000000000002,True
5.747385,3,57.607943,0.962873358218358,0.02400000000000002,True
5.665559,3,57.616311,0.9593554678273591,0.02400000000000002,True
5.724187,4,57.625962,0.9615229329409929,0.03200000000000003,True
5.622299,4,57.635056,0.9612823044645706,0.03200000000000003,True
5.393909,3,57.643376,0.963099239607861,0.02400000000000002,True
5.370366,3,57.650852,0.95881624944285,0.02400000000000002,True
5.715449,5,57.662903,0.9566054171198628,0.040000000000000036,True
5.782724,4,57.673732,0.9649575782787199,0.03200000000000003,True
5.547861,3,57.683274,0.964371004970881,0.02400000000000002,True
5.513792,4,57.693636,0.9608781962697969,0.03200000000000003,True
5.669034,5,57.705065,0.9633824311204755,0.040000000000000036,True
5.546879,4,57.714853,0.9600561206393736,0.03200000000000003,True
5.935039,3,57.722877,0.9616051650430143,0.02400000000000002,True
5.510532,4,57.733473,0.9659688686507422,0.03200000000000003,True
5.386473,3,57.744062,0.9582854810119867,0.02400000000000002,True
5.508974,4,57.754684,0.9593091280681691,0.03200000000000003,True
5.531908,4,57.764134,0.9594334647473022,0.03200000000000003,True
5.596113,4,57.773471,0.9615544266024997,0.03200000000000003,True
5.631494,4,57.784475,0.9581471116912872,0.03200000000000003,True
5.550311,4,57.79411,0.9634008944582257,0.03200000000000003,True
5.760253,4,57.803712,0.9619896470551983,0.03200000000000003,True
5.589382,5,57.815511,0.9653927230599724,0.040000000000000036,True
5.656473,5,57.827206,0.9578981215998521,0.040000000000000036,True
5.870944,5,57.840207,0.9587050214653914,0.040000000000000036,True
5.754316,4,57.849053,0.9661382497357263,0.03200000000000003,True
5.691024,4,57.858088,0.9630044818596987,0.03200000000000003,True
5.628026,5,57.873349,0.959708173611824,0.040000000000000036,True
5.806457,4,57.886131,0.9675153045416024,0.03200000000000003,True
5.596321,4,57.900349,0.9630104924192289,0.03200000000000003,True
5.900009,4,57.909584,0.9592935128251154,0.03200000000000003,True
5.794752,5,57.921476,0.9618995160357733,0.040000000000000036,True
5.677778,5,57.932506,0.9584225355280165,0.040000000000000036,True
5.539066,5,57.943197,0.9606757982132863,0.040000000000000036,True
5.567313,3,57.950951,0.9621805897267262,0.02400000000000002,True
5.851616,4,57.960594,0.9628517304082214,0.03200000000000003,True
5.556689,4,57.969045,0.9614414671090821,0.03200000000000003,True
5.857681,4,57.978366,0.9594569570221447,0.03200000000000003,True
5.809593,4,57.987726,0.9586407043279386,0.03200000000000003,True
5.647234,4,57.997365,0.9653862219619089,0.03200000000000003,True
5.636753,4,58.005676,0.9649798228568052,0.03200000000000003,True
6.069024,4,58.015641,0.9599342802589854,0.03200000000000003,True
5.835299,4,58.025236,0.9629482747887288,0.03200000000000003,True
5.675448,4,58.034436,0.9576778740570835,0.03200000000000003,True
5.764343,4,58.043893,0.958857245915934,0.03200000000000003,True
5.609925,3,58.051006,0.9626830529257092,0.02400000000000002,True
5.452624,4,58.060719,0.9575674563984915,0.03200000000000003,True
5.618719,4,58.070156,0.9599548401802099,0.03200000000000003,True
5.967354,4,58.079508,0.9612991633945134,0.03200000000000003,True
5.800543,4,58.088468,0.9646201191869661,0.03200000000000003,True
5.892945,3,58.096176,0.961923160948421,0.02400000000000002,True
5.855252,3,58.102239,0.9676545678972597,0.02400000000000002,True
5.5833,5,58.114019,0.9593952520516109,0.040000000000000036,True
5.629444,5,58.125663,0.9658228191865055,0.040000000000000036,True
5.688566,4,58.1353,0.9642936301969309,0.03200000000000003,True
5.673036,4,58.144895,0.9606186572181727,0.03200000000000003,True
5.784741,4,58.154493,0.9647708539895948,0.03200000000000003,True
5.740627,4,58.164232,0.9627190906858802,0.03200000000000003,True
5.387321,3,58.170977,0.9591071848866343,0.02400000000000002,True
5.753458,4,58.180609,0.9603980382388668,0.03200000000000003,True
5.480315,3,58.185591,0.9637259307043948,0.02400000000000002,True
5.906498,5,58.199632,0.9635962595551418,0.040000000000000036,True
5.760975,4,58.208455,0.9598773357752046,0.03200000000000003,True
5.792914,4,58.217111,0.9603450540879094,0.03200000000000003,True
6.062011,4,58.226074,0.9628949871341154,0.03200000000000003,True
5.506732,3,58.73697,0.9636985102186645,0.02400000000000002,True
6.030208,5,58.748641,0.9608080015368483,0.040000000000000036,True
5.642407,4,58.758583,0.9636835166942773,0.03200000000000003,True
5.393337,4,58.768568,0.9648781597498275,0.03200000000000003,True
5.751727,4,58.776783,0.959032545828874,0.03200000000000003,True
5.616094,4,58.786227,0.9637747200873811,0.03200000000000003,True
5.630441,4,58.795233,0.957420283067073,0.03200000000000003,True
5.672165,3,58.802912,0.9611202187559005,0.02400000000000002,True
5.49117,4,58.811773,0.9596582183287536,0.03200000000000003,True
5.71768,4,58.821671,0.9593318243628501,0.03200000000000003,True
5.541343,3,58.828444,0.9598515265305627,0.02400000000000002,True
5.5837,4,58.842927,0.9631607695243916,0.03200000000000003,True
5.792054,4,58.85246,0.9619094558726576,0.03200000000000003,True
5.789644,4,58.862975,0.9649302821805437,0.03200000000000003,True
5.782627,5,58.874009,0.9620011922872768,0.040000000000000036,True
5.619184,4,58.885766,0.9607740204391324,0.03200000000000003,True
5.633301,3,58.895516,0.9627491161625135,0.02400000000000002,True
5.723058,3,58.907506,0.9609787411789465,0.02400000000000002,True
5.569838,3,58.918962,0.9587470024052411,0.02400000000000002,True
5.523634,4,58.93368,0.9610197514709804,0.03200000000000003,True
5.292779,2,58.940462,0.9617203530024022,0.016000000000000014,True
5.463808,3,58.951824,0.961880634662339,0.02400000000000002,True
5.545024,5,58.965874,0.9605030590440088,0.040000000000000036,True
5.621437,3,58.972441,0.9598983875348358,0.02400000000000002,True
5.580334,4,58.983282,0.9589449506432057,0.03200000000000003,True
5.79573,4,58.998005,0.9585768207642194,0.03200000000000003,True
5.601672,3,59.004172,0.9581827844916847,0.02400000000000002,True
5.599742,4,59.015766,0.9594669745429769,0.03200000000000003,True
5.629905,3,59.023168,0.9637608077997315,0.02400000000000002,True
5.608871,3,59.029192,0.9605116090415513,0.02400000000000002,True
5.781022,4,59.038305,0.9604162074770783,0.03200000000000003,True
5.762735,3,59.045656,0.960740651981641,0.02400000000000002,True
5.570309,4,59.05476,0.9651750404695425,0.03200000000000003,True
5.618496,5,59.066864,0.9636631016104588,0.040000000000000036,True
5.718632,4,59.076663,0.9591185691573301,0.03200000000000003,True
5.409176,4,59.084846,0.9622489753962191,0.03200000000000003,True
5.919174,4,59.093897,0.9651048895177214,0.03200000000000003,True
5.681724,4,59.10334,0.9611259260570719,0.03200000000000003,True
5.537857,4,59.117435,0.9624224587240306,0.03200000000000003,True
5.760521,3,59.127987,0.9629514954211438,0.02400000000000002,True
5.461612,4,59.141993,0.9645421206416612,0.03200000000000003,True
5.825783,4,59.151921,0.9601235376819108,0.03200000000000003,True
5.54839,4,59.162454,0.9619986281208194,0.03200000000000003,True
5.8434,4,59.17091,0.9610731121076261,0.03200000000000003,True
5.508397,4,59.179816,0.9618358560403412,0.03200000000000003,True
5.671632,5,59.19106,0.9676181930311248,0.040000000000000036,True
5.526542,5,59.201739,0.9628239134859078,0.040000000000000036,True
5.678696,5,59.21462,0.9646804512026363,0.040000000000000036,True
5.661613,4,59.223561,0.9611930083413032,0.03200000000000003,True
5.737425,4,59.236785,0.96021173037247,0.03200000000000003,True
5.722069,4,59.245642,0.9665750034468255,0.03200000000000003,True
5.650305,3,59.252556,0.9631550669114142,0.02400000000000002,True
5.569602,4,59.262895,0.9605706242657115,0.03200000000000003,True
5.458012,3,59.270413,0.9592704522500325,0.02400000000000002,True
5.855638,4,59.280099,0.9588731718385208,0.03200000000000003,True
5.807013,4,59.288718,0.961791493337465,0.03200000000000003,True
5.607284,4,59.299331,0.9608174578766949,0.03200000000000003,True
5.577757,4,59.308557,0.9611597611814211,0.03200000000000003,True
5.727638,4,59.318109,0.9612491231100775,0.03200000000000003,True
5.775242,3,59.324782,0.9653177380868154,0.02400000000000002,True
5.60384,4,59.336355,0.9618865256579414,0.03200000000000003,True
5.630592,5,59.355162,0.9626546920592268,0.040000000000000036,True
5.782143,4,59.364777,0.9600360119424785,0.03200000000000003,True
5.478969,3,59.372121,0.9587007196868786,0.02400000000000002,True
5.490157,4,59.382081,0.9612687661636479,0.03200000000000003,True
5.661974,4,59.39206,0.9662124452209375,0.03200000000000003,True
5.529883,3,59.398603,0.9610392038117554,0.02400000000000002,True
5.745933,5,59.914577,0.9603936164063118,0.040000000000000036,True
5.53927,3,59.922118,0.9594129049278274,0.02400000000000002,True
5.676056,4,59.93114,0.9592633956052445,0.03200000000000003,True
5.513722,3,59.938089,0.9709791879878856,0.02400000000000002,True
5.579512,3,59.944956,0.9631238380003228,0.02400000000000002,True
5.951699,4,59.955417,0.9652736209314619,0.03200000000000003,True
5.767828,3,59.965059,0.9598637845766307,0.02400000000000002,True
5.698666,4,59.978797,0.9594667992285718,0.03200000000000003,True
5.499721,5,59.997009,0.9608730747998085,0.040000000000000036,True
5.543176,4,60.006361,0.9610738439456564,0.03200000000000003,True
5.525732,3,60.014228,0.9610344982392943,0.02400000000000002,True
5.685583,3,60.022222,0.9635075308280239,0.02400000000000002,True
5.731724,4,60.030997,0.9624245182157285,0.03200000000000003,True
5.780514,3,60.038394,0.9598412204179599,0.02400000000000002,True
5.525486,4,60.047248,0.9610802822185481,0.03200000000000003,True
5.82206,4,60.056098,0.9605952577311287,0.03200000000000003,True
5.775478,4,60.064883,0.9610453823757863,0.03200000000000003,True
5.769424,4,60.073815,0.9693359243752142,0.03200000000000003,True
5.358651,3,60.081557,0.9631383746602252,0.02400000000000002,True
5.723356,4,60.089767,0.9612043991488675,0.03200000000000003,True
5.524445,3,60.096332,0.9632777727849121,0.02400000000000002,True
5.56775,3,60.103797,0.9618350414731908,0.02400000000000002,True
5.798377,4,60.112477,0.9570256600096876,0.03200000000000003,True
5.375812,3,60.12031,0.9595999308951437,0.02400000000000002,True
5.669358,3,60.126019,0.964127672713278,0.02400000000000002,True
5.538257,4,60.136318,0.9603397542325156,0.03200000000000003,True
5.541041,5,60.148212,0.9576050525115591,0.040000000000000036,True
5.423616,3,60.155777,0.9576636867156092,0.02400000000000002,True
5.619517,4,60.165359,0.9605995068796676,0.03200000000000003,True
5.492589,3,60.174144,0.9589785452818863,0.02400000000000002,True
5.482024,3,60.182403,0.9616255822223838,0.02400000000000002,True
5.714818,5,60.199267,0.9609939044577923,0.040000000000000036,True
6.065849,5,60.212593,0.9599048420031042,0.040000000000000036,True
5.586647,4,60.222169,0.9577817178916067,0.03200000000000003,True
5.904442,4,60.231745,0.9612025481983102,0.03200000000000003,True
5.815363,4,60.241238,0.9596785144288356,0.03200000000000003,True
5.68045,4,60.250221,0.9608957005242325,0.03200000000000003,True
5.580627,5,60.261991,0.9568399554520275,0.040000000000000036,True
5.828685,4,60.27115,0.9679524165991875,0.03200000000000003,True
5.865598,3,60.278214,0.9613037141710167,0.02400000000000002,True
5.724454,3,60.285477,0.9587478267866544,0.02400000000000002,True
5.673799,5,60.29669,0.9565702876805674,0.040000000000000036,True
5.433408,2,60.3015,0.9586780911796449,0.016000000000000014,True
5.848393,4,60.312377,0.9638288788790301,0.03200000000000003,True
5.876613,5,60.32368,0.9613225627112305,0.040000000000000036,True
5.802082,4,60.332549,0.9595850403640709,0.03200000000000003,True
5.517335,4,60.341817,0.9674942751272084,0.03200000000000003,True
5.877055,4,60.351545,0.9583548720305357,0.03200000000000003,True
5.960475,3,60.360582,0.9635277501134234,0.02400000000000002,True
5.470533,4,60.368845,0.9600325941711106,0.03200000000000003,True
5.413546,4,60.378339,0.9575595932547563,0.03200000000000003,True
5.821954,4,60.38829,0.96606650800001,0.03200000000000003,True
5.583298,5,60.399628,0.9594695593159139,0.040000000000000036,True
5.467275,3,60.407195,0.9625116689787939,0.02400000000000002,True
5.84874,5,60.417724,0.9605258480562222,0.040000000000000036,True
5.968364,5,60.428562,0.9601551717971379,0.040000000000000036,True
5.5199,3,60.435952,0.9606420266492668,0.02400000000000002,True
5.554743,4,60.445402,0.9596208595474507,0.03200000000000003,True
5.714084,5,60.457592,0.9642515185532552,0.040000000000000036,True
5.495137,4,60.467472,0.9586031902964338,0.03200000000000003,True
5.575109,4,60.476586,0.9611713728120354,0.03200000000000003,True
5.511195,4,60.485574,0.9632968116595553,0.03200000000000003,True
5.560955,5,60.495817,0.9585860531933953,0.040000000000000036,True
5.72011,4,60.574867,0.9571238173556186,0.03200000000000003,True
5.812478,4,60.583827,0.9652795248758335,0.03200000000000003,True
5.792202,4,60.592611,0.9598391090864404,0.03200000000000003,True
5.778672,4,61.118576,0.9669882423930953,0.03200000000000003,True
5.453048,3,61.126172,0.9615190961618894,0.02400000000000002,True
5.716327,3,61.134511,0.9642901210785834,0.02400000000000002,True
5.432531,4,61.144519,0.9613819722490373,0.03200000000000003,True
6.064234,4,61.154336,0.9634661609371461,0.03200000000000003,True
5.625632,3,61.161783,0.9639261957369051,0.02400000000000002,True
5.575391,4,61.171102,0.9622915325269297,0.03200000000000003,True
5.851414,4,61.181094,0.9611928034122194,0.03200000000000003,True
5.622944,5,61.192721,0.9609661361868898,0.040000000000000036,True
5.346938,2,61.198117,0.9621035810813852,0.016000000000000014,True
5.618425,4,61.208064,0.962166034000598,0.03200000000000003,True
5.709319,3,61.215276,0.9613937163110016,0.02400000000000002,True
5.516678,4,61.225003,0.9591233788237612,0.03200000000000003,True
5.872989,4,61.234524,0.9612954410013875,0.03200000000000003,True
5.856095,4,61.243762,0.9623064503609642,0.03200000000000003,True
5.781619,5,61.254425,0.9597019361591932,0.040000000000000036,True
5.775324,4,61.263289,0.9613014798613684,0.03200000000000003,True
5.886656,3,61.269755,0.9633941751775504,0.02400000000000002,True
5.673461,3,61.276215,0.9629351607725694,0.02400000000000002,True
5.589386,3,61.283613,0.9602126797516884,0.02400000000000002,True
5.705371,3,61.291323,0.9619210804903922,0.02400000000000002,True
5.756673,4,61.301061,0.9629056853750071,0.03200000000000003,True
5.655508,5,61.312405,0.9609772983115147,0.040000000000000036,True
5.921212,3,61.319203,0.9573197420705273,0.02400000000000002,True
5.481938,3,61.327217,0.962625755351623,0.02400000000000002,True
5.490305,2,61.331321,0.9571454013832654,0.016000000000000014,True
5.606936,4,61.340623,0.9632957788584593,0.03200000000000003,True
5.773548,3,61.3476,0.9630860455560091,0.02400000000000002,True
6.061918,4,61.357428,0.9624480193704961,0.03200000000000003,True
5.450797,4,61.367297,0.9606772749823149,0.03200000000000003,True
5.655309,3,61.374706,0.9622049687169685,0.02400000000000002,True
5.82611,4,61.383203,0.9611943034294619,0.03200000000000003,True
5.404096,5,61.394808,0.9642364589876482,0.040000000000000036,True
5.58535,3,61.40247,0.9628399814891049,0.02400000000000002,True
5.564484,3,61.409629,0.958320390306368,0.02400000000000002,True
5.491043,3,61.417366,0.9574433075798827,0.02400000000000002,True
5.685157,3,61.424972,0.9635754684298189,0.02400000000000002,True
5.628074,3,61.432051,0.9587029616287717,0.02400000000000002,True
5.511317,3,61.438506,0.9653069631302138,0.02400000000000002,True
5.667591,3,61.446372,0.9594502285788199,0.02400000000000002,True
5.46456,3,61.453179,0.9611865148972043,0.02400000000000002,True
5.610903,3,61.461593,0.9621512300122045,0.02400000000000002,True
5.979961,4,61.471473,0.9618902358825872,0.03200000000000003,True
5.390457,3,61.478349,0.9581567578024263,0.02400000000000002,True
5.492872,5,61.491652,0.9592080001123295,0.040000000000000036,True
5.558878,3,61.498914,0.9614256117951422,0.02400000000000002,True
5.522528,3,61.505777,0.9611395804631843,0.02400000000000002,True
5.736388,4,61.515845,0.9588850416106418,0.03200000000000003,True
5.669189,4,61.5262,0.9614251657744662,0.03200000000000003,True
5.628278,4,61.536715,0.9584436053610098,0.03200000000000003,True
5.662417,4,61.5473,0.9628242032810344,0.03200000000000003,True
5.798959,4,61.558679,0.9602840547066838,0.03200000000000003,True
5.7637,4,61.569382,0.9608739005265687,0.03200000000000003,True
5.743535,4,61.579278,0.9624387137899247,0.03200000000000003,True
5.487318,3,61.588017,0.96269454228137,0.02400000000000002,True
5.711892,4,61.599525,0.9657879267310086,0.03200000000000003,True
5.561468,3,61.607366,0.9614652128194081,0.02400000000000002,True
5.74947,3,61.615873,0.9613530374701037,0.02400000000000002,True
5.828839,4,61.626345,0.9617472512757237,0.03200000000000003,True
5.900798,4,61.635413,0.9620772532464279,0.03200000000000003,True
5.686009,4,61.645135,0.9674288120396718,0.03200000000000003,True
5.50026,3,61.652221,0.9590338517004231,0.02400000000000002,True
5.476865,4,61.661455,0.9612066818247045,0.03200000000000003,True
5.615433,4,61.671645,0.9592118847054103,0.03200000000000003,True
5.704628,4,61.684766,0.9621579885680739,0.03200000000000003,True
5.856929,5,61.696638,0.9593931896659941,0.040000000000000036,True
5.793249,5,61.706898,0.9592679206570822,0.040000000000000036,True
5.545133,4,61.715681,0.9587887716076322,0.03200000000000003,True
5.724562,4,61.724624,0.9591547807528112,0.03200000000000003,True
5.645889,3,61.731719,0.9629551718425999,0.02400000000000002,True
5.51415,4,61.740609,0.9611930501456212,0.03200000000000003,True
5.591277,4,62.26798,0.9576423310118007,0.03200000000000003,True
5.505474,4,62.277093,0.9645306943459776,0.03200000000000003,True
5.690535,3,62.284802,0.9628374778912911,0.02400000000000002,True
5.821729,5,62.295748,0.9585338728540242,0.040000000000000036,True
5.722774,4,62.30532,0.9613302435951558,0.03200000000000003,True
5.658139,4,62.314321,0.9656447414148093,0.03200000000000003,True
5.548848,3,62.321998,0.9571698701771525,0.02400000000000002,True
5.948536,4,62.331275,0.9603935692809931,0.03200000000000003,True
5.752113,4,62.340123,0.9640522036016077,0.03200000000000003,True
5.68348,3,62.348125,0.9650726850122568,0.02400000000000002,True
5.702474,4,62.357534,0.9594724830397232,0.03200000000000003,True
5.613953,4,62.367113,0.9639107980165784,0.03200000000000003,True
5.5128,3,62.372708,0.9608089655619172,0.02400000000000002,True
5.53385,5,62.3852,0.9603426660633887,0.040000000000000036,True
5.633283,4,62.39316,0.9575541263615007,0.03200000000000003,True
5.803526,4,62.401753,0.9606764395308128,0.03200000000000003,True
5.918164,4,62.410541,0.9597320544245079,0.03200000000000003,True
5.788136,4,62.419439,0.9591274278261286,0.03200000000000003,True
5.524214,4,62.428998,0.9611954252512882,0.03200000000000003,True
5.787847,4,62.438122,0.9639573880981063,0.03200000000000003,True
5.509937,4,62.448469,0.9617011471366593,0.03200000000000003,True
5.658174,5,62.462125,0.9590293561490323,0.040000000000000036,True
5.425608,3,62.472014,0.9621193236593781,0.02400000000000002,True
5.759961,4,62.481412,0.9623456753646172,0.03200000000000003,True
5.741139,4,62.490316,0.9613514034840698,0.03200000000000003,True
5.76887,4,62.499186,0.9581550465300877,0.03200000000000003,True
5.458328,4,62.508606,0.9599806613819761,0.03200000000000003,True
5.782958,4,62.51666,0.9602005066989454,0.03200000000000003,True
5.730038,3,62.523283,0.9627135047729645,0.02400000000000002,True
5.805092,5,62.535577,0.9601295769108416,0.040000000000000036,True
6.12116,4,62.544724,0.9570957487855232,0.03200000000000003,True
5.605325,3,62.552643,0.9631248808824436,0.02400000000000002,True
5.521558,3,62.559813,0.9635907313769869,0.02400000000000002,True
5.742597,3,62.56713,0.9641958430915019,0.02400000000000002,True
5.82431,2,62.572592,0.9627996302511802,0.016000000000000014,True
5.448454,3,62.578892,0.9587041809254846,0.02400000000000002,True
5.556095,3,62.586806,0.9613756447917772,0.02400000000000002,True
5.618703,4,62.597089,0.9588753072629118,0.03200000000000003,True
5.783806,4,62.606691,0.9626490570207941,0.03200000000000003,True
6.010824,4,62.615735,0.9597876381465267,0.03200000000000003,True
5.678063,3,62.622636,0.9607974917580324,0.02400000000000002,True
5.631563,4,62.632374,0.9631479962892567,0.03200000000000003,True
5.424575,3,62.638595,0.9632406713239785,0.02400000000000002,True
5.635727,4,62.647732,0.9616774674143329,0.03200000000000003,True
5.761545,4,62.656934,0.956964682186033,0.03200000000000003,True
5.830651,4,62.665538,0.9568850558358416,0.03200000000000003,True
5.94947,5,62.678028,0.95767272465975,0.040000000000000036,True
5.82554,4,62.686634,0.960779576885643,0.03200000000000003,True
5.633629,4,62.695047,0.9587281065491653,0.03200000000000003,True
5.657571,4,62.705338,0.957717514542439,0.03200000000000003,True
5.946089,4,62.714312,0.9572160928847784,0.03200000000000003,True
6.049214,4,62.723633,0.9588463813026065,0.03200000000000003,True
5.574283,5,62.734939,0.9611425591270765,0.040000000000000036,True
5.529216,4,62.743967,0.9586011052187644,0.03200000000000003,True
5.693741,4,62.753235,0.9598106358841545,0.03200000000000003,True
5.706993,5,62.763933,0.9614251903561019,0.040000000000000036,True
5.973895,4,62.772928,0.9633051715274937,0.03200000000000003,True
5.560246,5,62.784268,0.9624666564575404,0.040000000000000036,True
5.613565,4,62.79494,0.963323308801805,0.03200000000000003,True
5.548133,4,62.804327,0.9608956195365255,0.03200000000000003,True
5.466001,4,62.813371,0.9592034480763076,0.03200000000000003,True
5.479839,4,62.822757,0.9605398810391607,0.03200000000000003,True
5.597751,4,62.831671,0.9583180417532217,0.03200000000000003,True
5.915898,3,62.83826,0.9605950931440163,0.02400000000000002,True
5.481866,4,62.847061,0.962129841029109,0.03200000000000003,True
5.613395,5,63.391319,0.9613055267004356,0.040000000000000036,True
5.487375,4,63.403028,0.959447926947192,0.03200000000000003,True
5.753358,4,63.413459,0.9657708848760403,0.03200000000000003,True
5.409047,3,63.420258,0.9577037942385461,0.02400000000000002,True
5.941429,5,63.432819,0.963602353605325,0.040000000000000036,True
5.433798,5,63.446097,0.9614034712473085,0.040000000000000036,True
5.461175,4,63.460439,0.9571307060791445,0.03200000000000003,True
6.031007,4,63.474475,0.9617696989638884,0.03200000000000003,True
5.587278,5,63.487122,0.9570854444537631,0.040000000000000036,True
5.662373,4,63.498043,0.9614891303313646,0.03200000000000003,True
5.814617,4,63.507863,0.9599140146364905,0.03200000000000003,True
5.873226,3,63.517124,0.9569241657137324,0.02400000000000002,True
5.844092,3,63.526645,0.96009685857254,0.02400000000000002,True
5.622987,4,63.537663,0.9634675125862757,0.03200000000000003,True
5.65299,5,63.550447,0.9585043530960773,0.040000000000000036,True
5.572661,3,63.559487,0.9615915516740512,0.02400000000000002,True
5.624187,4,63.571654,0.9568223150420845,0.03200000000000003,True
5.469134,4,63.582579,0.9637345595511142,0.03200000000000003,True
5.739773,4,63.592168,0.958524385643281,0.03200000000000003,True
5.826951,4,63.60205,0.9590576600348075,0.03200000000000003,True
5.448127,3,63.609208,0.959599696372391,0.02400000000000002,True
5.499221,3,63.617511,0.9630614318727475,0.02400000000000002,True
5.779916,4,63.627284,0.9587136621562029,0.03200000000000003,True
5.429522,3,63.634411,0.9626400411615548,0.02400000000000002,True
5.941796,3,63.642483,0.9599219872071127,0.02400000000000002,True
5.526759,4,63.652666,0.9616868223218259,0.03200000000000003,True
5.336926,3,63.660996,0.961267775826217,0.02400000000000002,True
6.069204,4,63.670202,0.9651704739643859,0.03200000000000003,True
5.449799,3,63.678329,0.9630534116266052,0.02400000000000002,True
5.633923,5,63.690257,0.9609898331530544,0.040000000000000036,True
5.468383,3,63.698447,0.9618958449477901,0.02400000000000002,True
5.8954,4,63.708636,0.962463015938847,0.03200000000000003,True
5.415104,2,63.712845,0.961907491729328,0.016000000000000014,True
5.755946,4,63.724005,0.9634594005195511,0.03200000000000003,True
5.754167,5,63.736315,0.9591371334745424,0.040000000000000036,True
5.77223,4,63.746143,0.9616905255616782,0.03200000000000003,True
5.624165,5,63.757569,0.9658321818472724,0.040000000000000036,True
5.812473,4,63.768081,0.9608772337126508,0.03200000000000003,True
5.804318,5,63.779359,0.9590701108365141,0.040000000000000036,True
5.616544,4,63.789346,0.9579328609583655,0.03200000000000003,True
5.854023,5,63.803701,0.9600197068907126,0.040000000000000036,True
6.012295,3,63.811569,0.9579813897893528,0.02400000000000002,True
5.667753,4,63.821286,0.961863239148037,0.03200000000000003,True
5.612677,5,63.832212,0.9616033969409692,0.040000000000000036,True
5.6916,3,63.83971,0.9594946868743193,0.02400000000000002,True
6.020848,4,63.848871,0.9573932329561761,0.03200000000000003,True
5.421711,4,63.859452,0.9613766287426193,0.03200000000000003,True
5.657651,4,63.868502,0.9620593726895418,0.03200000000000003,True
5.611557,3,63.875295,0.9576766983155962,0.02400000000000002,True
5.839597,4,63.884487,0.9626240703247844,0.03200000000000003,True
5.6527,4,63.893862,0.9639379709110918,0.03200000000000003,True
5.605467,5,63.905362,0.9638971149285878,0.040000000000000036,True
5.720007,3,63.912377,0.9612100562193402,0.02400000000000002,True
5.734972,4,63.922891,0.9623842013374705,0.03200000000000003,True
5.58658,4,63.932106,0.9620711340215037,0.03200000000000003,True
5.603921,3,63.938946,0.9632761076007206,0.02400000000000002,True
5.703045,3,63.946041,0.9627641093505165,0.02400000000000002,True
5.713405,4,63.955202,0.9590013199803383,0.03200000000000003,True
5.882224,5,63.96694,0.9633749145919571,0.040000000000000036,True
5.8707,4,63.976438,0.9606171959928805,0.03200000000000003,True
5.687481,4,63.985728,0.9609725952982922,0.03200000000000003,True
5.818438,5,63.996344,0.957006041998095,0.040000000000000036,True
5.823187,4,64.00528,0.9633578591726865,0.03200000000000003,True
5.884752,3,64.012803,0.9618252492638182,0.02400000000000002,True
5.655777,3,64.02019,0.9620217497996443,0.02400000000000002,True
5.915331,5,64.031632,0.9614802582973273,0.040000000000000036,True
5.742244,4,64.559765,0.9643390942559289,0.03200000000000003,True
5.676181,4,64.569321,0.9615077439985609,0.03200000000000003,True
5.773706,5,64.581926,0.9630557550629496,0.040000000000000036,True
5.538763,4,64.590896,0.9601348846931219,0.03200000000000003,True
5.561924,3,64.598242,0.9656961650320713,0.02400000000000002,True
6.050012,4,64.60757,0.9571377932709997,0.03200000000000003,True
5.698234,4,64.616085,0.9619664648649612,0.03200000000000003,True
5.519553,4,64.626638,0.9617280374300378,0.03200000000000003,True
5.788285,4,64.642692,0.9614245865184029,0.03200000000000003,True
5.698002,3,64.652649,0.9625287557217439,0.02400000000000002,True
5.942773,4,64.666975,0.9612609705404425,0.03200000000000003,True
5.609978,4,64.684547,0.960073654889857,0.03200000000000003,True
5.535264,5,64.706813,0.957429175192724,0.040000000000000036,True
5.755379,3,64.716264,0.9624590044039163,0.02400000000000002,True
5.785363,4,64.730251,0.9639178714155807,0.03200000000000003,True
5.669001,4,64.743192,0.9631527675850524,0.03200000000000003,True
5.759224,4,64.756417,0.9655725189668953,0.03200000000000003,True
5.863925,3,64.766878,0.9604805789821301,0.02400000000000002,True
5.588188,4,64.779009,0.9570219025732998,0.03200000000000003,True
5.457642,4,64.790842,0.9614682363766257,0.03200000000000003,True
5.949008,3,64.801864,0.9581350143047557,0.02400000000000002,True
5.871952,4,64.814916,0.9630047026476743,0.03200000000000003,True
5.722599,3,64.824126,0.9566198464567817,0.02400000000000002,True
5.73091,5,64.839211,0.9621299929487226,0.040000000000000036,True
5.482701,3,64.847842,0.9649387480813965,0.02400000000000002,True
5.541259,4,64.859181,0.9596421411227384,0.03200000000000003,True
5.641104,4,64.87106,0.9603595107639282,0.03200000000000003,True
5.623353,4,64.884751,0.9635556333588395,0.03200000000000003,True
5.601209,5,64.901371,0.9610673570131189,0.040000000000000036,True
5.461656,4,64.913005,0.9600394024921967,0.03200000000000003,True
5.928376,4,64.925105,0.9635074663225427,0.03200000000000003,True
5.746929,5,64.939944,0.9633169004327219,0.040000000000000036,True
6.015483,4,64.952992,0.9592863975417838,0.03200000000000003,True
5.7694,4,64.964519,0.9604456212966302,0.03200000000000003,True
5.558719,4,64.976488,0.9649329518106553,0.03200000000000003,True
5.470108,4,64.987487,0.9695567567275123,0.03200000000000003,True
5.598142,5,65.001938,0.9626998084378998,0.040000000000000036,True
5.961416,4,65.014641,0.9609945213044322,0.03200000000000003,True
5.534394,4,65.026855,0.9586186172003174,0.03200000000000003,True
5.466037,3,65.03499,0.9649559398517655,0.02400000000000002,True
5.588808,3,65.04404,0.959022913243726,0.02400000000000002,True
5.511768,4,65.055868,0.9683043840345862,0.03200000000000003,True
5.788563,5,65.069926,0.9622741859558893,0.040000000000000036,True
5.630263,4,65.081492,0.960696810567464,0.03200000000000003,True
5.676595,3,65.090963,0.9627226645316107,0.02400000000000002,True
5.623737,3,65.098653,0.9657049964442148,0.02400000000000002,True
5.625033,3,65.107968,0.9592194641372664,0.02400000000000002,True
5.631777,2,65.114957,0.9599226270623441,0.016000000000000014,True
5.843339,4,65.12668,0.9581217471267814,0.03200000000000003,True
5.702711,3,65.13828,0.9593961841917462,0.02400000000000002,True
5.337995,3,65.14729,0.9559124942181566,0.02400000000000002,True
5.672627,3,65.157934,0.9598971923483408,0.02400000000000002,True
5.702379,3,65.166089,0.9630191661301604,0.02400000000000002,True
5.556487,3,65.175444,0.9650266949275759,0.02400000000000002,True
5.628565,5,65.192178,0.961518634244901,0.040000000000000036,True
5.710262,4,65.204738,0.9615057569007152,0.03200000000000003,True
5.787395,4,65.217098,0.9604294352271427,0.03200000000000003,True
5.829329,4,65.228968,0.9605144774996556,0.03200000000000003,True
5.723038,4,65.243419,0.9641189291754846,0.03200000000000003,True
5.46356,3,65.254851,0.9647528825234498,0.02400000000000002,True
5.736929,4,65.271235,0.9639878143777838,0.03200000000000003,True
5.811313,3,65.282328,0.9603566905420167,0.02400000000000002,True
5.649027,5,65.297499,0.9647298312579041,0.040000000000000036,True
5.726325,3,65.311579,0.9640131799736815,0.02400000000000002,True
5.457341,3,65.320708,0.9594751967270663,0.02400000000000002,True
5.728333,4,65.332576,0.9580443897055484,0.03200000000000003,True
5.416547,3,65.341536,0.9637905917819957,0.02400000000000002,True
5.908074,4,65.353354,0.9643152852339805,0.03200000000000003,True
5.545908,4,66.032537,0.9565669540436016,0.03200000000000003,True
5.548462,3,66.041246,0.955696933692493,0.02400000000000002,True
5.734797,3,66.05043,0.9606119862005513,0.02400000000000002,True
5.409758,4,66.062641,0.9621830237749139,0.03200000000000003,True
5.640093,4,66.075008,0.9576252013548963,0.03200000000000003,True
5.764042,4,66.087328,0.9578679444358084,0.03200000000000003,True
5.84056,5,66.10284,0.9613708401414629,0.040000000000000036,True
5.807092,4,66.115619,0.961882030806002,0.03200000000000003,True
5.956088,3,66.127137,0.9703067779221083,0.02400000000000002,True
5.720313,3,66.138558,0.9575202507539795,0.02400000000000002,True
5.894764,4,66.153014,0.9608263565430526,0.03200000000000003,True
5.832895,4,66.166761,0.9622476280348546,0.03200000000000003,True
5.765089,5,66.180332,0.9621699402643924,0.040000000000000036,True
5.623491,3,66.191615,0.9611678683830089,0.02400000000000002,True
5.985856,4,66.206258,0.9610809380485075,0.03200000000000003,True
5.794821,5,66.221691,0.964100877106125,0.040000000000000036,True
5.587057,3,66.229924,0.9595796579997449,0.02400000000000002,True
5.5448,3,66.238894,0.9645970812213012,0.02400000000000002,True
5.514011,4,66.252843,0.9637290119462145,0.03200000000000003,True
5.682903,5,66.267092,0.9608158250278909,0.040000000000000036,True
5.724653,4,66.28102,0.9619005889114963,0.03200000000000003,True
5.365848,3,66.289387,0.9597601471472406,0.02400000000000002,True
5.991686,4,66.305193,0.967616404687595,0.03200000000000003,True
5.531846,4,66.322165,0.9604960446925364,0.03200000000000003,True
5.681401,3,66.335444,0.9604713564187203,0.02400000000000002,True
5.689627,4,66.353012,0.9597259255125659,0.03200000000000003,True
5.70463,4,66.366766,0.9624695997907939,0.03200000000000003,True
5.350668,3,66.377409,0.962267916691946,0.02400000000000002,True
5.828981,4,66.390526,0.9610223145052967,0.03200000000000003,True
5.630756,5,66.405572,0.9614815370256338,0.040000000000000036,True
5.7044,4,66.418521,0.9608983927944692,0.03200000000000003,True
5.616903,4,66.432931,0.9649101820400493,0.03200000000000003,True
5.406984,4,66.443342,0.9634217747474004,0.03200000000000003,True
5.556753,3,66.453698,0.9559542925708246,0.02400000000000002,True
5.895421,3,66.463054,0.9592186275870989,0.02400000000000002,True
5.810069,4,66.473601,0.9661503992653693,0.03200000000000003,True
5.668183,4,66.485831,0.9592306588399604,0.03200000000000003,True
5.753915,4,66.499451,0.9597138199034733,0.03200000000000003,True
5.707647,4,66.511319,0.9634735337823956,0.03200000000000003,True
5.459709,4,66.522997,0.9572078491630847,0.03200000000000003,True
5.667668,3,66.532469,0.9632105757581312,0.02400000000000002,True
5.825563,4,66.544271,0.9624298170432828,0.03200000000000003,True
5.7391,5,66.558967,0.9595206958753265,0.040000000000000036,True
5.511389,4,66.571904,0.9643745978733861,0.03200000000000003,True
5.660908,3,66.581764,0.9571041276600482,0.02400000000000002,True
5.742584,4,66.592867,0.9605641841728174,0.03200000000000003,True
5.888984,4,66.604122,0.962503251706318,0.03200000000000003,True
5.844962,4,66.615893,0.9571479733753256,0.03200000000000003,True
5.487434,3,66.624953,0.9643330952315106,0.02400000000000002,True
5.863075,3,66.634184,0.9616063176473933,0.02400000000000002,True
5.722881,4,66.646391,0.9591211748537374,0.03200000000000003,True
5.880102,4,66.657688,0.961554487994177,0.03200000000000003,True
5.748618,4,66.669894,0.9623816768800277,0.03200000000000003,True
5.438969,3,66.680884,0.9563697356114385,0.02400000000000002,True
5.572802,2,66.688786,0.9588287322818176,0.016000000000000014,True
5.638709,4,66.705248,0.9589260594442898,0.03200000000000003,True
5.621603,4,66.825291,0.9636649026584454,0.03200000000000003,True
5.747916,4,66.836234,0.9625087405618944,0.03200000000000003,True
5.728746,4,66.848537,0.961880367648347,0.03200000000000003,True
5.460203,3,66.858089,0.9590319971605163,0.02400000000000002,True
5.598039,5,66.873964,0.9618804668300004,0.040000000000000036,True
5.782122,3,66.883175,0.9593770573935945,0.02400000000000002,True
5.373493,3,66.89256,0.9630718742961011,0.02400000000000002,True
5.684514,3,66.90185,0.9608812973406635,0.02400000000000002,True
5.718894,4,66.913172,0.9583390857650613,0.03200000000000003,True
5.571051,5,66.927765,0.966967383736987,0.040000000000000036,True
5.530468,3,66.936279,0.9599268527959008,0.02400000000000002,True
5.654845,3,66.945547,0.9606882669826613,0.02400000000000002,True
5.431677,4,67.647011,0.9679599533683695,0.03200000000000003,True
5.574983,4,67.659269,0.9620604793726836,0.03200000000000003,True
5.627175,4,67.671501,0.9624024775792219,0.03200000000000003,True
5.470457,3,67.681556,0.9592408704543667,0.02400000000000002,True
5.577253,3,67.690216,0.9602117486223274,0.02400000000000002,True
5.555822,3,67.69884,0.9608158887523173,0.02400000000000002,True
5.557281,3,67.707828,0.9609110017452008,0.02400000000000002,True
5.480619,4,67.71943,0.9603533160945695,0.03200000000000003,True
5.939785,4,67.731508,0.961321380588675,0.03200000000000003,True
5.629579,4,67.742994,0.9619197362683417,0.03200000000000003,True
6.022516,4,67.755147,0.9626123697898369,0.03200000000000003,True
5.559122,4,67.768379,0.9618782116050617,0.03200000000000003,True
5.638851,4,67.780005,0.9620269000368672,0.03200000000000003,True
5.739876,5,67.795173,0.9620625562169153,0.040000000000000036,True
5.724095,4,67.809436,0.9605447229052241,0.03200000000000003,True
5.442882,3,67.819202,0.9626162398445776,0.02400000000000002,True
5.655837,5,67.835164,0.9564577434439973,0.040000000000000036,True
5.950804,5,67.849263,0.964005581487867,0.040000000000000036,True
5.679489,4,67.86083,0.9666862018759643,0.03200000000000003,True
5.398907,4,67.873774,0.9631004574941122,0.03200000000000003,True
5.565149,3,67.884478,0.9578264038236193,0.02400000000000002,True
5.818683,4,67.898175,0.9606272698832254,0.03200000000000003,True
5.66432,4,67.910757,0.96158368691517,0.03200000000000003,True
5.517237,4,67.924226,0.9627604432579584,0.03200000000000003,True
5.494342,4,67.938428,0.9583791482347629,0.03200000000000003,True
5.673735,3,67.947686,0.9606492017505475,0.02400000000000002,True
5.367036,3,67.958051,0.9599895114191594,0.02400000000000002,True
5.549013,4,67.972794,0.9602349010256735,0.03200000000000003,True
5.533886,4,67.986672,0.9588602024247883,0.03200000000000003,True
5.50141,4,67.999889,0.9611949957544585,0.03200000000000003,True
5.576216,2,68.007043,0.9608303560100651,0.016000000000000014,True
5.803484,4,68.021084,0.9590295182909434,0.03200000000000003,True
5.721155,4,68.033959,0.9637479884217413,0.03200000000000003,True
5.688926,3,68.043547,0.95983450326217,0.02400000000000002,True
6.071611,4,68.054834,0.961323299357104,0.03200000000000003,True
5.753149,3,68.062962,0.9595966803612497,0.02400000000000002,True
5.775277,4,68.075046,0.9570356785805497,0.03200000000000003,True
5.690564,3,68.085447,0.9585226962043132,0.02400000000000002,True
5.548266,4,68.096766,0.9612857352350328,0.03200000000000003,True
6.040575,4,68.108145,0.9570830052194802,0.03200000000000003,True
6.048722,4,68.119881,0.9654822443179448,0.03200000000000003,True
5.471526,3,68.130347,0.9630386415109332,0.02400000000000002,True
5.818766,4,68.142316,0.9594908222182496,0.03200000000000003,True
5.348048,2,68.148255,0.9610801670762201,0.016000000000000014,True
5.706991,3,68.158316,0.9661491176175468,0.02400000000000002,True
5.307522,3,68.168537,0.9610939686588627,0.02400000000000002,True
5.503783,4,68.179299,0.9606690509378173,0.03200000000000003,True
5.791025,4,68.192476,0.9614981189900258,0.03200000000000003,True
5.542456,5,68.207919,0.9617574805586504,0.040000000000000036,True
5.710923,5,68.222458,0.962384557739695,0.040000000000000036,True
5.840745,4,68.234825,0.963786019096049,0.03200000000000003,True
5.499712,3,68.243766,0.9596143345236123,0.02400000000000002,True
5.446231,4,68.254665,0.9586724702619687,0.03200000000000003,True
5.495729,4,68.265498,0.963480359350258,0.03200000000000003,True
5.900497,3,68.275165,0.9575760533317248,0.02400000000000002,True
5.757675,5,68.288662,0.9604504103105429,0.040000000000000036,True
5.707531,4,68.300507,0.957037453788776,0.03200000000000003,True
5.460542,4,68.311813,0.9575474743339462,0.03200000000000003,True
5.81265,4,68.323991,0.9624348532620093,0.03200000000000003,True
5.528827,5,68.338897,0.9632396063697423,0.040000000000000036,True
5.573863,3,68.348181,0.959298725026691,0.02400000000000002,True
5.640247,2,68.354124,0.9608328012057219,0.016000000000000014,True
5.47452,4,68.366163,0.9637791659106756,0.03200000000000003,True
5.681878,4,68.380015,0.9597254503737985,0.03200000000000003,True
5.44153,4,68.393708,0.9570113964836469,0.03200000000000003,True
5.43617,4,68.406367,0.9664978072420662,0.03200000000000003,True
5.644985,3,68.415721,0.9594568259583245,0.02400000000000002,True
5.671427,4,68.429735,0.9589599199012662,0.03200000000000003,True
5.785371,4,69.175822,0.9610519075597517,0.03200000000000003,True
5.615631,5,69.187591,0.9645428474475954,0.040000000000000036,True
5.749004,4,69.196736,0.9569854074246161,0.03200000000000003,True
5.600533,5,69.207502,0.9616907733127895,0.040000000000000036,True
5.912462,5,69.219666,0.95621127798832,0.040000000000000036,True
5.769816,4,69.229807,0.9632302148000809,0.03200000000000003,True
5.714319,4,69.239156,0.9603759652376023,0.03200000000000003,True
5.869098,5,69.256745,0.9569520997043779,0.040000000000000036,True
5.703586,4,69.271755,0.9624821547121076,0.03200000000000003,True
5.700052,3,69.280551,0.9581489686960653,0.02400000000000002,True
5.677022,4,69.289996,0.9591383897009187,0.03200000000000003,True
5.700903,4,69.300384,0.9568865505652262,0.03200000000000003,True
5.737063,5,69.312627,0.9609264337822818,0.040000000000000036,True
5.767794,4,69.322357,0.9663849456407358,0.03200000000000003,True
6.001831,4,69.332602,0.9599815961093567,0.03200000000000003,True
5.572832,4,69.341359,0.9580801715292744,0.03200000000000003,True
5.61016,2,69.346679,0.9611822586866092,0.016000000000000014,True
5.55372,2,69.352166,0.9629631910414069,0.016000000000000014,True
5.755063,3,69.35811,0.9588492700926088,0.02400000000000002,True
5.665689,4,69.368624,0.9588475402244462,0.03200000000000003,True
5.529115,3,69.376434,0.9631884011080044,0.02400000000000002,True
5.89603,3,69.384651,0.9660991666452203,0.02400000000000002,True
5.70304,3,69.399834,0.960237212567265,0.02400000000000002,True
5.793479,3,69.410463,0.9604551183034018,0.02400000000000002,True
5.672909,4,69.421697,0.9560364678699347,0.03200000000000003,True
5.752359,3,69.429088,0.9589074320616281,0.02400000000000002,True
5.905351,4,69.438298,0.9599666722990654,0.03200000000000003,True
5.511265,4,69.447858,0.9613681236287388,0.03200000000000003,True
5.639811,3,69.455464,0.9651022884128858,0.02400000000000002,True
5.63195,4,69.464233,0.9643789694262901,0.03200000000000003,True
5.997035,4,69.472794,0.9610249842987346,0.03200000000000003,True
5.730733,4,69.48372,0.9587240477033246,0.03200000000000003,True
5.782272,4,69.493308,0.9620660403515987,0.03200000000000003,True
5.479039,3,69.500566,0.959087748862627,0.02400000000000002,True
5.636064,5,69.512601,0.9673885204144731,0.040000000000000036,True
5.460538,3,69.52047,0.9617135804957635,0.02400000000000002,True
5.556038,4,69.532447,0.9603498052785016,0.03200000000000003,True
5.395562,3,69.539761,0.9604110780330221,0.02400000000000002,True
5.524126,3,69.549079,0.959955717464287,0.02400000000000002,True
5.722829,3,69.561724,0.9594417284536703,0.02400000000000002,True
5.515296,4,69.57172,0.9591570473034566,0.03200000000000003,True
5.650199,4,69.58084,0.9659677549922981,0.03200000000000003,True
5.691094,5,69.59233,0.9614273514920634,0.040000000000000036,True
5.965974,3,69.599745,0.9593376146182948,0.02400000000000002,True
5.782729,4,69.608778,0.9647804858365754,0.03200000000000003,True
5.951554,4,69.619007,0.960588870231981,0.03200000000000003,True
5.695538,4,69.631002,0.9628446656759047,0.03200000000000003,True
5.78868,4,69.644884,0.9621193066330704,0.03200000000000003,True
5.835156,4,69.659437,0.9604083249113227,0.03200000000000003,True
5.601314,4,69.671201,0.9630980859899338,0.03200000000000003,True
5.797317,4,69.681729,0.9576595942734384,0.03200000000000003,True
5.623384,4,69.691405,0.9624589180524121,0.03200000000000003,True
5.703244,3,69.697782,0.9589977132426534,0.02400000000000002,True
5.737393,4,69.70661,0.9571846460302319,0.03200000000000003,True
5.64777,3,69.713953,0.9644227464571282,0.02400000000000002,True
5.553796,3,69.721505,0.9633044110070639,0.02400000000000002,True
5.861397,3,69.728622,0.9655790732422658,0.02400000000000002,True
5.623957,3,69.734098,0.9595326808690936,0.02400000000000002,True
5.746062,4,69.744747,0.9603208107143208,0.03200000000000003,True
5.689371,5,69.755929,0.9590436642847554,0.040000000000000036,True
5.724274,4,69.765411,0.9637829804716115,0.03200000000000003,True
5.501253,4,69.775349,0.962060522060082,0.03200000000000003,True
5.817833,4,69.785513,0.9571319637277462,0.03200000000000003,True
5.890499,5,69.797394,0.959295146085079,0.040000000000000036,True
5.575861,3,69.804923,0.9616555868484851,0.02400000000000002,True
6.109343,5,69.817184,0.9590218905617782,0.040000000000000036,True
6.081576,5,69.828779,0.9632584568963247,0.040000000000000036,True
5.765686,3,69.836629,0.9640170481061866,0.02400000000000002,True
5.622424,3,70.368872,0.9628089965031478,0.02400000000000002,True
5.502088,3,70.375275,0.9575013185553445,0.02400000000000002,True
5.662443,3,70.382793,0.9593377532748522,0.02400000000000002,True
5.55833,3,70.390169,0.9602442864411662,0.02400000000000002,True
5.571952,3,70.397599,0.9662338445049854,0.02400000000000002,True
5.615496,3,70.404401,0.959008832870891,0.02400000000000002,True
5.730378,3,70.412946,0.9623202897445953,0.02400000000000002,True
5.537934,4,70.426314,0.9603979509786361,0.03200000000000003,True
5.83994,5,70.4371,0.9612371349541706,0.040000000000000036,True
5.420316,4,70.446641,0.9631402959480015,0.03200000000000003,True
5.394474,3,70.453596,0.9644683481265233,0.02400000000000002,True
5.918187,4,70.462869,0.9557652584387231,0.03200000000000003,True
5.492432,4,70.472515,0.9634617453898496,0.03200000000000003,True
5.812363,4,70.481801,0.9616973000523602,0.03200000000000003,True
5.579645,4,70.490702,0.9641127662563274,0.03200000000000003,True
5.761692,3,70.496593,0.963325876366864,0.02400000000000002,True
5.749487,4,70.506383,0.964637075021157,0.03200000000000003,True
5.643364,5,70.517559,0.9592092185610145,0.040000000000000036,True
5.642411,3,70.524061,0.9655655391754033,0.02400000000000002,True
5.608565,5,70.536551,0.956910460095402,0.040000000000000036,True
5.805258,4,70.54664,0.9638361027673228,0.03200000000000003,True
5.853474,4,70.555713,0.9646378593325111,0.03200000000000003,True
5.825926,4,70.565215,0.9606775316613085,0.03200000000000003,True
5.744252,4,70.574469,0.965613505177457,0.03200000000000003,True
5.651096,4,70.584625,0.9615077179840483,0.03200000000000003,True
5.763538,5,70.595169,0.9596035347805066,0.040000000000000036,True
5.724664,4,70.604097,0.9605948872924865,0.03200000000000003,True
5.699942,4,70.613378,0.9639873247934814,0.03200000000000003,True
5.595101,3,70.621098,0.960269522081289,0.02400000000000002,True
5.486672,5,70.632464,0.9598236480946143,0.040000000000000036,True
5.680287,4,70.641726,0.9656467329039441,0.03200000000000003,True
5.688076,3,70.648622,0.9623345890808276,0.02400000000000002,True
5.999159,3,70.655536,0.9630024247558013,0.02400000000000002,True
5.569043,4,70.666264,0.9622380007488732,0.03200000000000003,True
5.71118,5,70.682715,0.9592838529844442,0.040000000000000036,True
5.708995,4,70.696094,0.9615350748887184,0.03200000000000003,True
5.64136,5,70.712748,0.9592293670468279,0.040000000000000036,True
5.640883,4,70.721594,0.9645875857340309,0.03200000000000003,True
5.580898,4,70.731454,0.9593714499117205,0.03200000000000003,True
5.648257,3,70.738127,0.9639521917735248,0.02400000000000002,True
5.848697,4,70.747893,0.9626019329171706,0.03200000000000003,True
5.602567,5,70.759975,0.9593445554120207,0.040000000000000036,True
5.480072,4,70.769781,0.9644317896492896,0.03200000000000003,True
5.64983,3,70.778219,0.9644244156723063,0.02400000000000002,True
5.777439,4,70.787575,0.9573901400306295,0.03200000000000003,True
5.473885,4,70.796834,0.960739712363197,0.03200000000000003,True
5.803604,5,70.807515,0.9588895418812502,0.040000000000000036,True
5.534011,4,70.817545,0.961414477608565,0.03200000000000003,True
5.691499,4,70.827396,0.9631127982970988,0.03200000000000003,True
6.009558,4,70.836883,0.9637495688372193,0.03200000000000003,True
5.634747,4,70.846608,0.9587002489171269,0.03200000000000003,True
5.856601,5,70.857604,0.9622723043645125,0.040000000000000036,True
5.755527,4,70.866485,0.9639791051899527,0.03200000000000003,True
5.59607,3,70.873979,0.9606619123339479,0.02400000000000002,True
5.821543,4,70.882367,0.9592634334158676,0.03200000000000003,True
5.678946,3,70.889628,0.9592411942820469,0.02400000000000002,True
5.516314,5,70.900932,0.9629007888186868,0.040000000000000036,True
5.736782,3,70.908512,0.9611816756612446,0.02400000000000002,True
5.788268,4,70.917812,0.964385847001436,0.03200000000000003,True
5.686525,5,70.927867,0.9621696826887132,0.040000000000000036,True
5.701571,4,70.936785,0.9606007309534728,0.03200000000000003,True
5.6874,3,70.944125,0.9649778643253758,0.02400000000000002,True
5.622274,5,70.955587,0.959454067003273,0.040000000000000036,True
5.591224,2,70.962097,0.959155323833448,0.016000000000000014,True
5.566916,4,70.97133,0.9611316569825978,0.03200000000000003,True
5.802632,5,70.982898,0.9596663009906765,0.040000000000000036,True
5.457344,4,71.49963,0.9606829724553986,0.03200000000000003,True
5.812595,4,71.510157,0.959223181662161,0.03200000000000003,True
5.870939,4,71.520988,0.9610532147865039,0.03200000000000003,True
5.667046,4,71.532282,0.9626023649336077,0.03200000000000003,True
5.656144,4,71.543704,0.9620207995711487,0.03200000000000003,True
5.677222,4,71.555089,0.9611836418131543,0.03200000000000003,True
5.529891,4,71.565748,0.9589034847735092,0.03200000000000003,True
5.798046,4,71.577114,0.9630860106790516,0.03200000000000003,True
5.838459,4,71.587377,0.9612997787055968,0.03200000000000003,True
5.873845,5,71.599256,0.9581275529653972,0.040000000000000036,True
5.66264,4,71.609543,0.9604364611479823,0.03200000000000003,True
5.850382,4,71.620657,0.968013554982273,0.03200000000000003,True
6.039819,4,71.631908,0.9665810318314505,0.03200000000000003,True
5.648853,5,71.643716,0.9620177444156923,0.040000000000000036,True
5.778958,4,71.65376,0.9596878621035128,0.03200000000000003,True
5.847064,4,71.662922,0.9610301431075902,0.03200000000000003,True
5.600389,4,71.673801,0.9574370422318227,0.03200000000000003,True
5.38454,2,71.67856,0.9644526373912541,0.016000000000000014,True
5.457662,3,71.687832,0.9580401501206878,0.02400000000000002,True
5.487473,4,71.697716,0.9611809761136804,0.03200000000000003,True
5.857841,5,71.70874,0.9582913992711466,0.040000000000000036,True
6.067916,4,71.722195,0.9618189088600426,0.03200000000000003,True
5.429946,5,71.739214,0.9631208482306033,0.040000000000000036,True
5.693009,3,71.748925,0.964754748464244,0.02400000000000002,True
5.710765,5,71.760888,0.9637025102756068,0.040000000000000036,True
5.782866,3,71.767637,0.9589842465845078,0.02400000000000002,True
5.514042,4,71.77782,0.9582826517759554,0.03200000000000003,True
5.560593,3,71.783975,0.9632882564446107,0.02400000000000002,True
5.777257,2,71.788876,0.9608482388734501,0.016000000000000014,True
5.35712,3,71.796669,0.961623249692611,0.02400000000000002,True
5.52695,3,71.803686,0.9625823497846941,0.02400000000000002,True
5.537687,3,71.809896,0.9556078254734355,0.02400000000000002,True
5.501241,4,71.819721,0.9619036854211318,0.03200000000000003,True
5.50883,4,71.829416,0.9608407727595323,0.03200000000000003,True
5.766941,5,71.841462,0.9633644254116839,0.040000000000000036,True
5.615074,4,71.849991,0.9599985576503364,0.03200000000000003,True
5.688908,3,71.857479,0.9616836238796973,0.02400000000000002,True
5.74245,3,71.864326,0.9566485675617842,0.02400000000000002,True
5.62025,4,71.873468,0.963441719393674,0.03200000000000003,True
5.663834,5,71.884971,0.9608056582523217,0.040000000000000036,True
5.841774,5,71.895476,0.9647785881212776,0.040000000000000036,True
5.834745,4,71.904371,0.9613005563917094,0.03200000000000003,True
5.440327,3,71.911951,0.9566033477194725,0.02400000000000002,True
5.787466,4,71.920885,0.9608499366930422,0.03200000000000003,True
5.583731,3,71.927561,0.9606040408061063,0.02400000000000002,True
5.659453,3,71.935123,0.9607339307872949,0.02400000000000002,True
5.779166,4,71.944452,0.9637456888630882,0.03200000000000003,True
5.883244,4,71.95374,0.9640232658295556,0.03200000000000003,True
5.525736,4,71.963307,0.9618719434282998,0.03200000000000003,True
5.650857,3,71.972435,0.9603100534672904,0.02400000000000002,True
5.737726,3,71.980499,0.9641853838726206,0.02400000000000002,True
5.520808,4,71.99113,0.9597314892719759,0.03200000000000003,True
5.666774,4,72.001961,0.9635532354584633,0.03200000000000003,True
5.844461,4,72.012733,0.9618904984546786,0.03200000000000003,True
5.672054,4,72.022557,0.9592113205657583,0.03200000000000003,True
6.011182,4,72.031639,0.9630572795153626,0.03200000000000003,True
5.492521,4,72.040824,0.9601543522982983,0.03200000000000003,True
5.53799,4,72.05016,0.9641167082786073,0.03200000000000003,True
5.707705,5,72.062153,0.9612811906722974,0.040000000000000036,True
5.857852,4,72.071423,0.9653395457340317,0.03200000000000003,True
5.809121,5,72.083698,0.9628359604377787,0.040000000000000036,True
5.595334,4,72.092396,0.9654341820463286,0.03200000000000003,True
5.867285,4,72.101193,0.9612156409620225,0.03200000000000003,True
5.92685,4,72.109986,0.9659451287417357,0.03200000000000003,True
5.759758,4,72.119277,0.961406996148046,0.03200000000000003,True
5.504513,5,72.639887,0.9629523538763285,0.040000000000000036,True
5.645542,5,72.651241,0.9607923524345384,0.040000000000000036,True
6.038464,5,72.662412,0.96716867088362,0.040000000000000036,True
5.793857,5,72.676224,0.963374763589228,0.040000000000000036,True
5.755764,4,72.688223,0.9637760142888201,0.03200000000000003,True
5.367915,3,72.696938,0.9592292516550064,0.02400000000000002,True
5.55743,4,72.707179,0.9626309957967992,0.03200000000000003,True
5.675661,4,72.715278,0.9597608679924117,0.03200000000000003,True
5.587659,4,72.72453,0.9627721427542684,0.03200000000000003,True
5.426627,3,72.731504,0.9629171965074661,0.02400000000000002,True
5.727059,4,72.739635,0.9581033989184691,0.03200000000000003,True
5.538347,4,72.749803,0.9612237072059758,0.03200000000000003,True
5.428506,3,72.759654,0.9598883034230296,0.02400000000000002,True
5.520529,5,72.77796,0.9588628706468181,0.040000000000000036,True
5.757916,5,72.793283,0.9572251240458327,0.040000000000000036,True
5.964721,4,72.8025,0.962335970681875,0.03200000000000003,True
5.715039,4,72.811903,0.9571366703902917,0.03200000000000003,True
5.805501,5,72.822865,0.9626658108344479,0.040000000000000036,True
5.880633,5,72.835341,0.9615022555630682,0.040000000000000036,True
5.707105,4,72.844454,0.9605925152430024,0.03200000000000003,True
5.810429,3,72.852376,0.9573300502734012,0.02400000000000002,True
5.89937,4,72.861517,0.9618185258335443,0.03200000000000003,True
5.728804,5,72.873379,0.9660307551458147,0.040000000000000036,True
5.547482,4,72.883878,0.9575858348642451,0.03200000000000003,True
5.539113,3,72.889861,0.9625418838021572,0.02400000000000002,True
5.49236,5,72.901448,0.9633495023970698,0.040000000000000036,True
5.711079,3,72.908529,0.9664640004366826,0.02400000000000002,True
6.035277,4,72.916975,0.9678525563140845,0.03200000000000003,True
5.543561,6,72.93069,0.9625574832788883,0.04800000000000004,True
5.71246,3,72.937595,0.959622855229997,0.02400000000000002,True
5.602,4,72.946475,0.9612266966328273,0.03200000000000003,True
5.821493,5,72.959333,0.9585770635025913,0.040000000000000036,True
5.54373,3,72.964998,0.9611415739235024,0.02400000000000002,True
5.441851,3,72.972696,0.9592533914993273,0.02400000000000002,True
5.628092,4,72.982201,0.9678856752528617,0.03200000000000003,True
5.986376,4,72.990862,0.9574307335710275,0.03200000000000003,True
5.818265,5,73.002346,0.9634401051738611,0.040000000000000036,True
5.742486,3,73.008743,0.9615130578036016,0.02400000000000002,True
5.604919,5,73.020355,0.9598227618043909,0.040000000000000036,True
5.561774,5,73.032769,0.9599817922248042,0.040000000000000036,True
5.528642,3,73.040286,0.9604897826571519,0.02400000000000002,True
5.638525,4,73.049394,0.9676077799221153,0.03200000000000003,True
5.646872,3,73.056415,0.9617576797137872,0.02400000000000002,True
5.691097,2,73.061174,0.9606541015053693,0.016000000000000014,True
5.709114,3,73.067918,0.9632728317867221,0.02400000000000002,True
5.916337,4,73.078243,0.9594163414201624,0.03200000000000003,True
5.510586,4,73.158408,0.9627310800677478,0.03200000000000003,True
5.405328,3,73.165363,0.9594470432300578,0.02400000000000002,True
5.49354,3,73.173023,0.9592059588132561,0.02400000000000002,True
5.671253,5,73.186689,0.958586137664342,0.040000000000000036,True
5.624538,4,73.195997,0.9596643063654287,0.03200000000000003,True
5.764766,5,73.207946,0.9612589155459808,0.040000000000000036,True
5.579402,4,73.216664,0.9587420043192629,0.03200000000000003,True
5.611797,4,73.227277,0.9617714730636673,0.03200000000000003,True
5.457788,3,73.234164,0.963369474080239,0.02400000000000002,True
5.842546,5,73.245693,0.9619149369434563,0.040000000000000036,True
5.664943,4,73.254887,0.9632857051131092,0.03200000000000003,True
6.061418,5,73.265509,0.9627938630804033,0.040000000000000036,True
5.689718,4,73.27568,0.9602317471234492,0.03200000000000003,True
5.565148,4,73.285923,0.9609035857283854,0.03200000000000003,True
5.801261,5,73.29652,0.9591766222206948,0.040000000000000036,True
5.862789,4,73.305678,0.9623686752485086,0.03200000000000003,True
5.801553,5,73.316321,0.9647322356527028,0.040000000000000036,True
5.805415,4,73.325713,0.9621140156013258,0.03200000000000003,True
5.746433,3,73.862506,0.9632554702653142,0.02400000000000002,True
5.755175,5,73.87427,0.9625751380626781,0.040000000000000036,True
5.936054,4,73.883386,0.9618560205918074,0.03200000000000003,True
5.775266,5,73.894184,0.9563881764857318,0.040000000000000036,True
5.878805,4,73.903074,0.9599015861789417,0.03200000000000003,True
5.560689,3,73.910053,0.959408884087881,0.02400000000000002,True
5.675454,4,73.919291,0.9627213543667891,0.03200000000000003,True
5.846644,4,73.929462,0.9640091723366697,0.03200000000000003,True
5.657199,4,73.936942,0.9566515202720369,0.03200000000000003,True
5.78172,5,73.948955,0.9632189933004549,0.040000000000000036,True
5.642604,4,73.957839,0.9607826130779402,0.03200000000000003,True
5.822599,5,73.968971,0.9576770429775869,0.040000000000000036,True
5.738319,4,73.97775,0.9592663659945794,0.03200000000000003,True
5.642947,4,73.987751,0.9601443701863577,0.03200000000000003,True
5.588516,4,73.996454,0.9622581538315869,0.03200000000000003,True
5.887606,4,74.005324,0.9606744653874286,0.03200000000000003,True
5.996633,5,74.016007,0.9640853669167835,0.040000000000000036,True
5.40595,4,74.024615,0.9574799661844808,0.03200000000000003,True
5.482634,3,74.031233,0.9628106924074487,0.02400000000000002,True
6.043594,5,74.04362,0.9567716732886145,0.040000000000000036,True
5.482031,3,74.049672,0.9591588503737236,0.02400000000000002,True
5.62727,3,74.057633,0.9659467448991139,0.02400000000000002,True
5.882913,5,74.068169,0.960335342006801,0.040000000000000036,True
5.794978,4,74.077409,0.961168959081497,0.03200000000000003,True
5.670078,5,74.089456,0.9708467901927343,0.040000000000000036,True
5.531448,2,74.094288,0.9647326847020599,0.016000000000000014,True
5.530289,3,74.101044,0.9653921864426259,0.02400000000000002,True
5.894449,4,74.109746,0.9578424481567471,0.03200000000000003,True
5.756839,4,74.118798,0.9620694621671125,0.03200000000000003,True
5.861073,3,74.126004,0.960157073773623,0.02400000000000002,True
5.656255,4,74.135536,0.958529897178122,0.03200000000000003,True
5.718646,3,74.143514,0.9638271012341852,0.02400000000000002,True
5.695483,4,74.152679,0.9641578334617584,0.03200000000000003,True
5.624755,4,74.161679,0.9570667085162389,0.03200000000000003,True
5.799646,3,74.168925,0.9613210065749682,0.02400000000000002,True
5.560473,4,74.178128,0.9609981448415239,0.03200000000000003,True
5.781627,4,74.187115,0.9593080012390356,0.03200000000000003,True
5.842639,4,74.195642,0.9601843475873908,0.03200000000000003,True
5.414931,2,74.200146,0.9606364223970003,0.016000000000000014,True
5.853675,2,74.205484,0.9592477668771272,0.016000000000000014,True
5.870136,5,74.216871,0.9614948965633723,0.040000000000000036,True
5.794982,3,74.2232,0.9682024965912884,0.02400000000000002,True
5.748808,3,74.22965,0.9588691132652865,0.02400000000000002,True
5.63799,4,74.239072,0.9603684197209432,0.03200000000000003,True
5.830991,4,74.248831,0.9590029961545271,0.03200000000000003,True
5.608976,4,74.257954,0.9594489884165807,0.03200000000000003,True
5.605856,4,74.266927,0.9594435796710942,0.03200000000000003,True
5.625522,5,74.278877,0.9567216397765922,0.040000000000000036,True
5.926686,4,74.290451,0.9582526529000236,0.03200000000000003,True
5.912418,5,74.302298,0.9589876869918538,0.040000000000000036,True
5.557146,4,74.311438,0.9588307735127725,0.03200000000000003,True
5.922008,3,74.317888,0.9620408642312396,0.02400000000000002,True
5.608678,4,74.326652,0.9585991782949627,0.03200000000000003,True
5.714357,3,74.33282,0.9595697480931429,0.02400000000000002,True
5.495551,3,74.343751,0.9613009470563476,0.02400000000000002,True
5.481451,3,74.354431,0.9633196287230712,0.02400000000000002,True
5.771345,4,74.364224,0.9591393337306806,0.03200000000000003,True
5.344962,3,74.370465,0.9615783878363167,0.02400000000000002,True
5.489839,3,74.378675,0.9610171253237046,0.02400000000000002,True
5.704124,3,74.386991,0.9617616325051683,0.02400000000000002,True
5.907917,4,74.396912,0.9641994365044768,0.03200000000000003,True
5.526169,5,74.408152,0.958956955995814,0.040000000000000036,True
5.539984,3,74.414974,0.9657682009033934,0.02400000000000002,True
5.704954,4,74.424368,0.959246145522729,0.03200000000000003,True
5.778729,5,74.435776,0.9587528380039673,0.040000000000000036,True
5.473428,3,74.444239,0.9624613343840457,0.02400000000000002,True
5.515897,3,74.452231,0.9586754917199412,0.02400000000000002,True
5.916728,4,75.002444,0.9605171045318573,0.03200000000000003,True
5.578707,4,75.011901,0.9630234439487542,0.03200000000000003,True
5.694317,4,75.020759,0.9603941846091406,0.03200000000000003,True
5.705116,3,75.02811,0.9666365404088405,0.02400000000000002,True
5.565746,4,75.037295,0.9656531484476792,0.03200000000000003,True
5.699853,4,75.046238,0.9588416297966695,0.03200000000000003,True
5.508553,3,75.052938,0.9632734778449173,0.02400000000000002,True
5.693646,3,75.058863,0.9593965724360749,0.02400000000000002,True
5.501552,3,75.066415,0.9646339181955054,0.02400000000000002,True
5.650646,5,75.07706,0.9610178655597053,0.040000000000000036,True
5.637164,4,75.08683,0.9578847847192054,0.03200000000000003,True
5.49912,3,75.093425,0.9629961024677909,0.02400000000000002,True
5.678284,3,75.100133,0.9618932921402507,0.02400000000000002,True
5.651678,5,75.111567,0.9605714569354611,0.040000000000000036,True
5.534404,3,75.118911,0.9601504634170959,0.02400000000000002,True
5.775031,4,75.127612,0.9570036502684647,0.03200000000000003,True
5.800134,5,75.138942,0.9596288148845878,0.040000000000000036,True
5.715591,4,75.148167,0.9682475078506758,0.03200000000000003,True
5.696383,5,75.160618,0.960011821652863,0.040000000000000036,True
5.498765,2,75.164576,0.9612463118731311,0.016000000000000014,True
5.620541,4,75.173573,0.9604454791507335,0.03200000000000003,True
5.788756,5,75.185858,0.9588540319446864,0.040000000000000036,True
5.810849,4,75.196872,0.9602806188064106,0.03200000000000003,True
5.614513,5,75.209321,0.9591829170006266,0.040000000000000036,True
5.595119,3,75.215515,0.9586675314154907,0.02400000000000002,True
5.61112,4,75.225308,0.9648089621299917,0.03200000000000003,True
5.675212,5,75.236346,0.9596395868924262,0.040000000000000036,True
5.869995,4,75.24526,0.9598717854632067,0.03200000000000003,True
5.437511,3,75.251858,0.9607986363953638,0.02400000000000002,True
5.671669,3,75.258581,0.9593230931387995,0.02400000000000002,True
5.368933,3,75.265826,0.9631229581314584,0.02400000000000002,True
5.591274,3,75.272507,0.9620701548865473,0.02400000000000002,True
5.714629,3,75.279706,0.962818025252343,0.02400000000000002,True
5.702885,4,75.288873,0.9660476992471692,0.03200000000000003,True
5.729501,4,75.29798,0.9599708655118953,0.03200000000000003,True
5.943424,5,75.310315,0.9610708432081492,0.040000000000000036,True
5.740046,4,75.320079,0.9609743913762583,0.03200000000000003,True
5.697231,3,75.327253,0.9599799866989007,0.02400000000000002,True
5.550832,5,75.339369,0.9590911093709542,0.040000000000000036,True
5.724347,5,75.35057,0.9600976586769736,0.040000000000000036,True
6.046693,4,75.359493,0.9631864799642165,0.03200000000000003,True
5.676683,4,75.369522,0.9605801746959406,0.03200000000000003,True
5.870747,5,75.380577,0.9604372419887799,0.040000000000000036,True
5.468997,3,75.387833,0.9581974071831679,0.02400000000000002,True
5.563676,4,75.39674,0.9599361968779467,0.03200000000000003,True
5.724229,4,75.405758,0.9661576305798321,0.03200000000000003,True
5.65671,4,75.414667,0.9610211816828357,0.03200000000000003,True
5.650509,4,75.423531,0.9571247889898808,0.03200000000000003,True
5.578009,4,75.43309,0.9588408317193788,0.03200000000000003,True
5.783629,3,75.440989,0.9626332725802286,0.02400000000000002,True
5.414314,3,75.44828,0.9601247392438381,0.02400000000000002,True
5.55436,5,75.459805,0.966628043993689,0.040000000000000036,True
5.586897,3,75.46587,0.9613948856179482,0.02400000000000002,True
5.662704,3,75.472629,0.9598149384493777,0.02400000000000002,True
5.918875,4,75.482596,0.9622981223215856,0.03200000000000003,True
5.695333,3,75.489306,0.9601230338164732,0.02400000000000002,True
5.619778,3,75.49699,0.9572884604192233,0.02400000000000002,True
5.845589,4,75.506011,0.9582019168589682,0.03200000000000003,True
5.830353,3,75.513401,0.9609692982215586,0.02400000000000002,True
5.888542,4,75.522344,0.9591576169572695,0.03200000000000003,True
5.523628,5,75.534796,0.9603020829194847,0.040000000000000036,True
5.731998,4,75.543906,0.9584954407472916,0.03200000000000003,True
5.606396,4,75.553096,0.9619249178642425,0.03200000000000003,True
5.506381,3,75.56223,0.9612484770571013,0.02400000000000002,True
5.452858,3,75.568841,0.959462686946573,0.02400000000000002,True
5.807935,5,75.580214,0.9625629693754563,0.040000000000000036,True
5.742356,4,75.588557,0.9627351437733336,0.03200000000000003,True
5.681656,3,76.11086,0.9625640328362831,0.02400000000000002,True
5.625336,5,76.123515,0.9634465197154893,0.040000000000000036,True
5.40062,3,76.13219,0.9612552466179805,0.02400000000000002,True
5.81885,4,76.142568,0.9583057341979063,0.03200000000000003,True
5.884109,5,76.154295,0.9618300448243486,0.040000000000000036,True
5.60367,4,76.1636,0.9634274059000796,0.03200000000000003,True
5.63591,5,76.174747,0.96151521668926,0.040000000000000036,True
5.769834,4,76.183959,0.9670805083513366,0.03200000000000003,True
5.844053,4,76.193657,0.9624690081500691,0.03200000000000003,True
5.501842,3,76.203481,0.9616043355046335,0.02400000000000002,True
5.88798,5,76.213963,0.9605090849408406,0.040000000000000036,True
5.656706,2,76.219259,0.9624980667284604,0.016000000000000014,True
5.462533,4,76.228635,0.9629750873837463,0.03200000000000003,True
5.743376,4,76.23815,0.9601414386669782,0.03200000000000003,True
5.844965,4,76.247536,0.9606377160928063,0.03200000000000003,True
5.750436,4,76.257394,0.9620911128574948,0.03200000000000003,True
5.713588,4,76.265932,0.9616634067631307,0.03200000000000003,True
5.864086,4,76.275152,0.9590034002009244,0.03200000000000003,True
5.502391,4,76.284573,0.9634794451753355,0.03200000000000003,True
5.814973,4,76.293902,0.9600584988677185,0.03200000000000003,True
5.741457,4,76.303212,0.9568392011702163,0.03200000000000003,True
5.91928,3,76.310509,0.961725052470155,0.02400000000000002,True
5.697591,4,76.319165,0.9607843306447728,0.03200000000000003,True
5.438026,4,76.328563,0.9605822533349728,0.03200000000000003,True
5.514469,3,76.33538,0.9563279974959009,0.02400000000000002,True
5.697642,3,76.342121,0.9589434579372768,0.02400000000000002,True
5.425671,4,76.351787,0.9581170489693244,0.03200000000000003,True
5.67362,4,76.361303,0.9637823041068478,0.03200000000000003,True
5.519297,4,76.369805,0.9632344304158704,0.03200000000000003,True
5.764869,3,76.377438,0.9632093512335503,0.02400000000000002,True
5.621918,5,76.389196,0.9630018774315812,0.040000000000000036,True
5.727144,3,76.39572,0.9612361048689727,0.02400000000000002,True
5.704051,5,76.406629,0.9587801732845859,0.040000000000000036,True
5.997145,5,76.417506,0.9650943407234273,0.040000000000000036,True
5.790173,4,76.426161,0.9598964909200115,0.03200000000000003,True
5.889785,4,76.435154,0.9589565538367144,0.03200000000000003,True
5.715646,4,76.444263,0.9598283116619102,0.03200000000000003,True
5.860541,4,76.453369,0.9581195562636367,0.03200000000000003,True
5.621292,4,76.463395,0.9632373733768852,0.03200000000000003,True
5.72717,4,76.472593,0.9607389476833424,0.03200000000000003,True
5.604022,4,76.481678,0.9645788995963713,0.03200000000000003,True
5.655127,4,76.490677,0.9642252847076562,0.03200000000000003,True
5.559509,3,76.498855,0.9647705090215567,0.02400000000000002,True
5.887823,5,76.50973,0.9663226948804575,0.040000000000000036,True
5.782038,4,76.518865,0.9631948357977518,0.03200000000000003,True
5.785021,4,76.526903,0.9614335236298481,0.03200000000000003,True
5.750275,3,76.533503,0.9618943076590475,0.02400000000000002,True
5.825548,4,76.543681,0.9612011361779924,0.03200000000000003,True
5.630206,4,76.552894,0.958975360066444,0.03200000000000003,True
5.563037,4,76.564181,0.958241119228101,0.03200000000000003,True
5.423318,3,76.570678,0.9608504182491948,0.02400000000000002,True
5.63644,5,76.582328,0.9657259611006518,0.040000000000000036,True
5.506356,4,76.592945,0.9562703346522903,0.03200000000000003,True
5.762087,4,76.601139,0.9618901629760727,0.03200000000000003,True
5.440916,3,76.607867,0.9589544749921027,0.02400000000000002,True
6.055088,4,76.617105,0.9603368163553039,0.03200000000000003,True
5.5813,4,76.626329,0.9639125511991091,0.03200000000000003,True
5.783485,5,76.638243,0.9597082152987741,0.040000000000000036,True
5.45437,4,76.647125,0.964914611684252,0.03200000000000003,True
5.555259,2,76.651788,0.9588100517673974,0.016000000000000014,True
5.843403,5,76.664485,0.9571582895929815,0.040000000000000036,True
5.886862,4,76.675563,0.9624678190370954,0.03200000000000003,True
5.839156,4,76.686963,0.9585298680466072,0.03200000000000003,True
5.996305,3,76.69476,0.962475067760089,0.02400000000000002,True
5.456563,3,76.702177,0.9596805993154455,0.02400000000000002,True
5.671525,3,76.70889,0.9607140679973633,0.02400000000000002,True
5.497966,4,77.241013,0.9585938169140169,0.03200000000000003,True
5.567967,4,77.251004,0.9637950066679121,0.03200000000000003,True
5.444196,3,77.258176,0.9629557727389071,0.02400000000000002,True
5.771192,4,77.267183,0.9598876627906396,0.03200000000000003,True
5.497071,3,77.27456,0.9639979210635053,0.02400000000000002,True
5.988577,4,77.283967,0.9617495351410872,0.03200000000000003,True
5.464139,5,77.295501,0.9619601994963871,0.040000000000000036,True
5.83658,5,77.30666,0.9650168227467728,0.040000000000000036,True
5.824986,4,77.315984,0.9634689963868269,0.03200000000000003,True
5.77703,4,77.324907,0.9581816041172775,0.03200000000000003,True
5.648238,4,77.33367,0.9569033603215982,0.03200000000000003,True
5.592407,4,77.343456,0.9625393018492534,0.03200000000000003,True
5.81574,3,77.349581,0.9612471118610993,0.02400000000000002,True
5.5739,5,77.362918,0.9601969543346597,0.040000000000000036,True
5.60559,4,77.371989,0.9620268921387369,0.03200000000000003,True
5.609592,3,77.378006,0.959539055819494,0.02400000000000002,True
6.052077,5,77.390104,0.9590326811019934,0.040000000000000036,True
5.816863,4,77.399447,0.9626738872321237,0.03200000000000003,True
5.84883,4,77.408049,0.9601867734152085,0.03200000000000003,True
5.77565,4,77.41645,0.9614738414793096,0.03200000000000003,True
5.568016,4,77.425895,0.9595698828430713,0.03200000000000003,True
5.498634,4,77.434924,0.9582334042746766,0.03200000000000003,True
5.629398,3,77.442761,0.9661020389357433,0.02400000000000002,True
5.552109,3,77.451776,0.9599244633671911,0.02400000000000002,True
5.552553,4,77.463158,0.9649938364648659,0.03200000000000003,True
5.80229,4,77.473206,0.9605106232678464,0.03200000000000003,True
5.597664,2,77.47885,0.9571780631678948,0.016000000000000014,True
5.727348,4,77.487956,0.9640807351421352,0.03200000000000003,True
5.967364,4,77.496902,0.9606006607402331,0.03200000000000003,True
5.785781,3,77.503364,0.9568920164185948,0.02400000000000002,True
5.583446,4,77.5131,0.9622589574954032,0.03200000000000003,True
5.749932,4,77.522002,0.9667127995945524,0.03200000000000003,True
5.643046,4,77.531188,0.9594284705578829,0.03200000000000003,True
5.816625,4,77.539556,0.9624002550537113,0.03200000000000003,True
5.754655,3,77.545744,0.95781247697281,0.02400000000000002,True
5.69729,4,77.554831,0.9602946327151137,0.03200000000000003,True
5.788343,4,77.566076,0.9620980879462844,0.03200000000000003,True
5.821016,4,77.576645,0.9622139267456808,0.03200000000000003,True
5.768689,5,77.588138,0.9609801999373155,0.040000000000000036,True
5.464088,4,77.598095,0.9613724571754465,0.03200000000000003,True
5.65924,4,77.607011,0.9620169943672785,0.03200000000000003,True
5.475358,2,77.611842,0.9624875112165939,0.016000000000000014,True
5.787754,4,77.621292,0.9607983365963533,0.03200000000000003,True
5.732499,4,77.630732,0.9654855504554766,0.03200000000000003,True
5.753777,4,77.639717,0.9571720783165368,0.03200000000000003,True
5.565565,5,77.651017,0.9711589280917383,0.040000000000000036,True
5.580407,3,77.658378,0.9647466202224788,0.02400000000000002,True
5.610295,4,77.668322,0.9606007069621554,0.03200000000000003,True
5.65203,5,77.679539,0.9618268336484626,0.040000000000000036,True
5.88478,4,77.688972,0.9611193675861733,0.03200000000000003,True
5.66045,4,77.698008,0.9622501162627137,0.03200000000000003,True
5.399719,3,77.705184,0.9623837283999145,0.02400000000000002,True
5.759921,4,77.714053,0.9605106831129103,0.03200000000000003,True
5.880693,5,77.724246,0.9658298758729511,0.040000000000000036,True
6.047145,5,77.73526,0.9605649671260046,0.040000000000000036,True
5.433291,3,77.741992,0.9593418007489294,0.02400000000000002,True
5.850286,4,77.749784,0.9620602930537021,0.03200000000000003,True
5.432091,3,77.757324,0.960982755365961,0.02400000000000002,True
5.763552,4,77.766257,0.9602447103943585,0.03200000000000003,True
5.645199,3,77.773121,0.9633903501689123,0.02400000000000002,True
5.604637,3,77.779589,0.9617140624724289,0.02400000000000002,True
5.477554,4,77.788212,0.9622004300655522,0.03200000000000003,True
5.501422,3,77.795272,0.9619320192898573,0.02400000000000002,True
5.613544,4,77.804271,0.9579191091915722,0.03200000000000003,True
5.516141,3,77.811846,0.9587326823509257,0.02400000000000002,True
5.553591,5,77.822961,0.959686829037759,0.040000000000000036,True
5.539069,5,78.353447,0.9671132999455003,0.040000000000000036,True
5.79077,4,78.363557,0.9608884460430855,0.03200000000000003,True
5.777356,4,78.372694,0.9629250338779404,0.03200000000000003,True
5.482163,5,78.384363,0.9592422475044144,0.040000000000000036,True
5.605994,4,78.393925,0.9572259147304877,0.03200000000000003,True
5.640458,5,78.405813,0.9619248003502527,0.040000000000000036,True
5.836615,5,78.416882,0.9648219739147232,0.040000000000000036,True
5.770507,4,78.425563,0.9670857901572261,0.03200000000000003,True
5.69249,4,78.434319,0.9609675325396423,0.03200000000000003,True
5.632959,3,78.442387,0.9631186148877462,0.02400000000000002,True
5.750313,3,78.451122,0.9640479875773154,0.02400000000000002,True
5.702512,5,78.465189,0.9584298032515042,0.040000000000000036,True
5.646556,4,78.474016,0.9573776982438279,0.03200000000000003,True
5.620139,4,78.483181,0.9596273498653516,0.03200000000000003,True
5.759756,5,78.493562,0.9640949267044987,0.040000000000000036,True
5.843769,4,78.503083,0.9612019287976526,0.03200000000000003,True
5.659715,5,78.51471,0.961013087364432,0.040000000000000036,True
5.60595,5,78.525548,0.9653498014038052,0.040000000000000036,True
5.865901,5,78.53731,0.9640618602017064,0.040000000000000036,True
5.822226,5,78.547371,0.9586831733929908,0.040000000000000036,True
5.472847,2,78.552558,0.9596298239466106,0.016000000000000014,True
6.031718,5,78.563906,0.9591292235664385,0.040000000000000036,True
5.420448,3,78.572868,0.9628964683076942,0.02400000000000002,True
5.433984,4,78.582373,0.9605186606360987,0.03200000000000003,True
5.86931,5,78.592723,0.9606433886798309,0.040000000000000036,True
5.904936,4,78.602378,0.9590716634016236,0.03200000000000003,True
5.746345,4,78.612721,0.9617963237426486,0.03200000000000003,True
5.583423,3,78.619355,0.9583321207364609,0.02400000000000002,True
5.867289,3,78.625873,0.9602192631248752,0.02400000000000002,True
5.50051,4,78.634914,0.9633522661875052,0.03200000000000003,True
5.682252,3,78.642537,0.9569351233036221,0.02400000000000002,True
5.728646,4,78.652758,0.9608122075765901,0.03200000000000003,True
5.646853,4,78.66174,0.9726380155593378,0.03200000000000003,True
5.83166,4,78.670609,0.9623506549060936,0.03200000000000003,True
5.518784,4,78.67961,0.9651017548596731,0.03200000000000003,True
6.028307,4,78.688234,0.9632751358254011,0.03200000000000003,True
5.848143,3,78.695725,0.9631238157785522,0.02400000000000002,True
5.650517,3,78.703114,0.962760284588873,0.02400000000000002,True
5.554508,3,78.783877,0.9593149107015234,0.02400000000000002,True
5.732347,3,78.792024,0.9628728181752428,0.02400000000000002,True
5.620275,3,78.797947,0.9590288004966172,0.02400000000000002,True
5.414979,4,78.808105,0.9615197766352747,0.03200000000000003,True
5.636445,3,78.814207,0.9613679171990285,0.02400000000000002,True
5.651614,4,78.824186,0.9605479853687158,0.03200000000000003,True
5.725691,4,78.833197,0.9656629675215562,0.03200000000000003,True
5.736843,4,78.843448,0.9626470994513996,0.03200000000000003,True
5.867477,3,78.850725,0.9614514545220205,0.02400000000000002,True
5.559708,3,78.857632,0.9590395315494588,0.02400000000000002,True
5.859571,4,78.866998,0.959492868210578,0.03200000000000003,True
5.609853,4,78.876369,0.9586754687610655,0.03200000000000003,True
5.598445,4,78.885449,0.9593162405180163,0.03200000000000003,True
5.757357,4,78.895373,0.9613450375729891,0.03200000000000003,True
5.531215,4,78.904492,0.960189106455831,0.03200000000000003,True
5.617225,4,78.913362,0.9610232785791811,0.03200000000000003,True
6.034042,4,78.9231,0.962092015298477,0.03200000000000003,True
5.805265,4,78.937428,0.9643397631250781,0.03200000000000003,True
6.106985,5,78.953378,0.9597490416014325,0.040000000000000036,True
5.827954,4,78.966309,0.9602052687979694,0.03200000000000003,True
5.553165,3,78.976822,0.9654560805588297,0.02400000000000002,True
5.666405,3,78.98811,0.9592932208113369,0.02400000000000002,True
5.553353,5,79.004351,0.9680620045094307,0.040000000000000036,True
6.002339,5,79.024691,0.9621961339827428,0.040000000000000036,True
5.761868,4,79.040699,0.9569169789288405,0.03200000000000003,True
5.605265,5,79.062259,0.9593782829519739,0.040000000000000036,True
5.641552,3,79.074363,0.9626985091326059,0.02400000000000002,True
5.571793,4,79.805254,0.9631811079814373,0.03200000000000003,True
5.722836,3,79.814253,0.9631152705070598,0.02400000000000002,True
5.809744,4,79.827471,0.9579019242851978,0.03200000000000003,True
5.719944,4,79.838541,0.9598800269570773,0.03200000000000003,True
5.521611,3,79.848987,0.963602590604764,0.02400000000000002,True
5.540123,3,79.858366,0.9634531784155971,0.02400000000000002,True
5.536102,4,79.870297,0.9657128516340705,0.03200000000000003,True
5.539309,4,79.881793,0.9623729980777362,0.03200000000000003,True
5.723827,3,79.89115,0.9648560557326725,0.02400000000000002,True
5.789473,4,79.902735,0.962620933634343,0.03200000000000003,True
5.957302,3,79.910383,0.9589015823933754,0.02400000000000002,True
5.792776,4,79.922314,0.9617176700832738,0.03200000000000003,True
5.488398,3,79.931467,0.9626461451489277,0.02400000000000002,True
5.72878,3,79.941213,0.9569516760394677,0.02400000000000002,True
5.421441,3,79.950706,0.9598638396667964,0.02400000000000002,True
5.700053,4,79.962771,0.9596094830498556,0.03200000000000003,True
5.603407,4,79.974644,0.9619622931822494,0.03200000000000003,True
5.536125,5,79.988235,0.9599115065898047,0.040000000000000036,True
5.503453,5,80.003733,0.9608831703051008,0.040000000000000036,True
5.525679,4,80.015238,0.9651505639384972,0.03200000000000003,True
5.748575,4,80.026706,0.9611732496428711,0.03200000000000003,True
5.845313,4,80.03797,0.9573400701328532,0.03200000000000003,True
5.69341,3,80.047601,0.9588988498939711,0.02400000000000002,True
5.500485,4,80.058957,0.9600438877329512,0.03200000000000003,True
5.669555,3,80.067434,0.9595539401372731,0.02400000000000002,True
5.597421,4,80.077931,0.9617248869373063,0.03200000000000003,True
5.539768,4,80.089826,0.9628667892822053,0.03200000000000003,True
5.482874,3,80.097947,0.9592870505738494,0.02400000000000002,True
5.73572,3,80.106641,0.9608094050690352,0.02400000000000002,True
5.464769,3,80.119992,0.9634236283321757,0.02400000000000002,True
5.807473,4,80.133179,0.9594405862343667,0.03200000000000003,True
5.479748,3,80.145602,0.9591936287636302,0.02400000000000002,True
5.632676,4,80.162881,0.9616007261711705,0.03200000000000003,True
5.554635,3,80.174792,0.9593189799672817,0.02400000000000002,True
5.438239,4,80.187601,0.9617643754128304,0.03200000000000003,True
5.631223,4,80.200619,0.9597646950499332,0.03200000000000003,True
5.626104,5,80.215462,0.9582940966709199,0.040000000000000036,True
6.009014,3,80.224985,0.960128679383117,0.02400000000000002,True
5.675677,4,80.236729,0.9635763771190243,0.03200000000000003,True
5.630924,4,80.248465,0.961859678531731,0.03200000000000003,True
5.628509,5,80.265808,0.9646898312780621,0.040000000000000036,True
5.826104,4,80.280125,0.9598215844827782,0.03200000000000003,True
5.762067,4,80.294016,0.9619194219186449,0.03200000000000003,True
5.543973,5,80.3116,0.9640275013377105,0.040000000000000036,True
5.948695,4,80.324918,0.957918038196285,0.03200000000000003,True
5.710378,3,80.33346,0.964915599006056,0.02400000000000002,True
5.6646,3,80.341989,0.9590211619577667,0.02400000000000002,True
5.602032,3,80.351221,0.9606686125702181,0.02400000000000002,True
5.751875,4,80.363995,0.9599414013358504,0.03200000000000003,True
5.863937,5,80.382377,0.9633359736067095,0.040000000000000036,True
5.684981,2,80.389735,0.9603674321357294,0.016000000000000014,True
5.627081,3,80.399195,0.9598500343755546,0.02400000000000002,True
5.475745,4,80.412512,0.9571454040152341,0.03200000000000003,True
5.526101,4,80.426758,0.9657796952192759,0.03200000000000003,True
6.092226,4,80.439697,0.9638768854853045,0.03200000000000003,True
5.610735,4,80.4542,0.9594223704663911,0.03200000000000003,True
5.543105,4,80.467683,0.9656260591757826,0.03200000000000003,True
5.549094,5,80.483297,0.9644540970727374,0.040000000000000036,True
5.556604,5,80.499279,0.9636860478330018,0.040000000000000036,True
5.683349,3,80.508605,0.9607263075543786,0.02400000000000002,True
5.722038,3,80.518795,0.9585222433582514,0.02400000000000002,True
5.927954,4,80.530938,0.961515644569871,0.03200000000000003,True
5.765487,4,80.543983,0.9597534381652182,0.03200000000000003,True
5.784944,4,80.556741,0.9584712106490764,0.03200000000000003,True
5.906243,4,80.569024,0.9596664987780961,0.03200000000000003,True
5.460476,3,80.580421,0.9601247303947429,0.02400000000000002,True
5.590593,4,80.594225,0.9597177660975831,0.03200000000000003,True
5.971254,3,80.606725,0.9568566454087712,0.02400000000000002,True
5.58666,4,80.619689,0.9628098954677087,0.03200000000000003,True
5.867428,4,81.345249,0.9618771472074394,0.03200000000000003,True
5.416399,4,81.356859,0.959945145315923,0.03200000000000003,True
5.524839,3,81.366215,0.963049199181541,0.02400000000000002,True
5.57364,4,81.377871,0.9607968413776355,0.03200000000000003,True
5.831535,4,81.394547,0.9590964919681415,0.03200000000000003,True
5.673253,3,81.401994,0.9597034033402736,0.02400000000000002,True
5.65032,4,81.41455,0.9624578974750482,0.03200000000000003,True
5.911787,3,81.423722,0.9643875988245899,0.02400000000000002,True
5.795342,4,81.435316,0.9609944422445592,0.03200000000000003,True
5.657189,4,81.446982,0.958631437805396,0.03200000000000003,True
5.524796,4,81.457791,0.9595691993397948,0.03200000000000003,True
5.678591,4,81.470029,0.9592526487034903,0.03200000000000003,True
5.730713,4,81.480972,0.9618176934055551,0.03200000000000003,True
5.682588,3,81.492548,0.9676754776800697,0.02400000000000002,True
5.557371,3,81.503262,0.961663693417022,0.02400000000000002,True
5.898128,3,81.51385,0.9592383992644083,0.02400000000000002,True
5.561011,3,81.524757,0.959567893196492,0.02400000000000002,True
5.548549,3,81.534497,0.9641351865147613,0.02400000000000002,True
5.707212,3,81.546248,0.9621475583868659,0.02400000000000002,True
5.661772,3,81.556296,0.9635666615817635,0.02400000000000002,True
5.775686,4,81.569509,0.961728678674477,0.03200000000000003,True
5.586528,4,81.583271,0.9612678916960595,0.03200000000000003,True
5.639597,5,81.60223,0.9631740371202177,0.040000000000000036,True
5.681558,4,81.61655,0.9625189421825778,0.03200000000000003,True
5.576496,4,81.629199,0.9595845146949402,0.03200000000000003,True
5.489699,3,81.638941,0.9614131255462292,0.02400000000000002,True
5.520754,3,81.647996,0.9576355200038168,0.02400000000000002,True
5.511379,4,81.659647,0.9640287907070261,0.03200000000000003,True
5.731171,5,81.675064,0.9635680712173653,0.040000000000000036,True
5.627742,3,81.686141,0.9576077562778189,0.02400000000000002,True
5.727087,3,81.697983,0.9613076847123502,0.02400000000000002,True
5.856675,4,81.709502,0.9600311056942673,0.03200000000000003,True
5.695153,4,81.720501,0.960515291871117,0.03200000000000003,True
5.633997,3,81.728831,0.964351198708298,0.02400000000000002,True
5.532684,3,81.738382,0.961477900716203,0.02400000000000002,True
5.743553,4,81.749954,0.9624667993150422,0.03200000000000003,True
5.775937,3,81.758713,0.9599136321166862,0.02400000000000002,True
5.833133,5,81.773282,0.9592390590831184,0.040000000000000036,True
5.696293,5,81.788358,0.9572986206831338,0.040000000000000036,True
5.88254,4,81.800038,0.9609652992463236,0.03200000000000003,True
5.871827,5,81.813645,0.9577084537158691,0.040000000000000036,True
5.75725,3,81.823268,0.9586235204179253,0.02400000000000002,True
5.48543,4,81.834495,0.9624325451561098,0.03200000000000003,True
6.097042,4,81.846704,0.9586436214915515,0.03200000000000003,True
5.446988,3,81.856858,0.9638926347920265,0.02400000000000002,True
5.414992,5,81.871007,0.9647569050177489,0.040000000000000036,True
5.679435,3,81.880762,0.9600244565168583,0.02400000000000002,True
5.509058,3,81.890148,0.9605969858881561,0.02400000000000002,True
5.494069,4,81.901951,0.957006850084227,0.03200000000000003,True
5.724616,3,81.911072,0.9611000914433856,0.02400000000000002,True
5.470942,3,81.92036,0.9600407609780996,0.02400000000000002,True
5.830497,4,81.932632,0.9628110954327261,0.03200000000000003,True
5.79854,4,81.944419,0.9607795668366793,0.03200000000000003,True
5.78967,3,81.953486,0.9606878192915362,0.02400000000000002,True
5.52614,3,81.963421,0.9586785528433011,0.02400000000000002,True
5.600612,3,81.973491,0.9633767690229275,0.02400000000000002,True
5.763413,2,81.978845,0.9576186460997849,0.016000000000000014,True
5.556331,4,81.992667,0.9568105251904664,0.03200000000000003,True
5.510604,3,82.00227,0.9631511529696267,0.02400000000000002,True
5.881396,4,82.014458,0.9576953942791441,0.03200000000000003,True
5.976439,4,82.026011,0.9643732545917739,0.03200000000000003,True
5.719321,4,82.037734,0.9595095615823283,0.03200000000000003,True
5.668671,3,82.047512,0.9689356746081088,0.02400000000000002,True
5.804354,4,82.059018,0.9592044697480511,0.03200000000000003,True
5.509245,4,82.071076,0.9597854186065439,0.03200000000000003,True
5.479213,2,82.076755,0.9603758763188734,0.016000000000000014,True
5.742278,3,82.086242,0.9611551623869046,0.02400000000000002,True
5.518401,3,82.095244,0.9582002127632501,0.02400000000000002,True
5.390997,5,82.10957,0.961694552936514,0.040000000000000036,True
5.806019,4,82.121268,0.9642993042093289,0.03200000000000003,True
5.625456,4,82.134456,0.961960827460024,0.03200000000000003,True
5.685977,3,82.887761,0.9586499355591193,0.02400000000000002,True
5.778625,5,82.903687,0.9581025188757372,0.040000000000000036,True
5.898755,4,82.916892,0.9656697911746783,0.03200000000000003,True
5.853817,4,82.92955,0.9561336712321863,0.03200000000000003,True
5.611558,4,82.943063,0.9616423565027155,0.03200000000000003,True
5.641516,4,82.956147,0.9601544009692535,0.03200000000000003,True
5.829908,5,82.973908,0.9600873943981452,0.040000000000000036,True
5.496221,3,82.983587,0.9622484311113366,0.02400000000000002,True
5.640988,4,82.99625,0.9637712634622744,0.03200000000000003,True
5.45882,5,83.012618,0.9632868087969398,0.040000000000000036,True
5.53147,4,83.025285,0.9628482564422688,0.03200000000000003,True
5.735896,5,83.041091,0.9588716188548001,0.040000000000000036,True
5.728983,4,83.053976,0.9612506198741766,0.03200000000000003,True
5.942236,3,83.063331,0.9604975666212685,0.02400000000000002,True
5.789952,4,83.07569,0.9630252272781088,0.03200000000000003,True
5.560941,3,83.08594,0.9629165282702334,0.02400000000000002,True
5.780344,5,83.100454,0.9599395737876834,0.040000000000000036,True
5.662863,3,83.110548,0.9591648163614882,0.02400000000000002,True
5.746533,3,83.120912,0.9624625245522954,0.02400000000000002,True
5.804264,4,83.134206,0.9596541631064645,0.03200000000000003,True
5.995684,5,83.15047,0.9622427030949738,0.040000000000000036,True
5.553485,3,83.160861,0.9632864742567118,0.02400000000000002,True
5.660319,4,83.173431,0.9604433037432378,0.03200000000000003,True
5.825529,5,83.190598,0.9647984303867078,0.040000000000000036,True
5.87481,4,83.203807,0.960086416780363,0.03200000000000003,True
5.776595,4,83.218449,0.9633601358773949,0.03200000000000003,True
5.673939,3,83.227697,0.9624961182317466,0.02400000000000002,True
5.841061,5,83.244357,0.9591097958522355,0.040000000000000036,True
5.495836,4,83.254395,0.9598473400171494,0.03200000000000003,True
5.616397,4,83.263268,0.9610624108968552,0.03200000000000003,True
5.502795,4,83.27411,0.9588981533487458,0.03200000000000003,True
5.849279,3,83.280455,0.957647708720293,0.02400000000000002,True
5.726394,5,83.294472,0.9599091642362026,0.040000000000000036,True
5.691795,4,83.304099,0.9614778421514766,0.03200000000000003,True
5.470873,4,83.314424,0.9615867618839721,0.03200000000000003,True
5.596722,4,83.323989,0.9610012919090117,0.03200000000000003,True
5.779744,4,83.333588,0.9581241886480412,0.03200000000000003,True
5.648457,4,83.343401,0.963048670409759,0.03200000000000003,True
5.34573,2,83.348668,0.9616662383770218,0.016000000000000014,True
5.931978,4,83.358168,0.9652964902584306,0.03200000000000003,True
5.70142,3,83.365181,0.9606063840612272,0.02400000000000002,True
5.696673,4,83.374594,0.9613561579355833,0.03200000000000003,True
5.863063,4,83.384641,0.9598374909416802,0.03200000000000003,True
5.769416,4,83.393892,0.9578786150063361,0.03200000000000003,True
5.446565,3,83.400293,0.9607088285788334,0.02400000000000002,True
5.738749,4,83.409062,0.9643883157813373,0.03200000000000003,True
5.835143,4,83.418634,0.9610381335439845,0.03200000000000003,True
5.799981,4,83.427905,0.9603844275250403,0.03200000000000003,True
5.486948,4,83.440249,0.9672092972691212,0.03200000000000003,True
5.544855,3,83.449295,0.9634700062062445,0.02400000000000002,True
5.884805,4,83.463586,0.9592746403501774,0.03200000000000003,True
5.471911,3,83.474675,0.9650916035921042,0.02400000000000002,True
5.505652,4,83.48406,0.9603786290361818,0.03200000000000003,True
5.570063,4,83.493688,0.9604706755904893,0.03200000000000003,True
5.783197,4,83.503909,0.9662427388979637,0.03200000000000003,True
5.820539,5,83.515018,0.9582640005838117,0.040000000000000036,True
5.796716,4,83.52439,0.9633958459882508,0.03200000000000003,True
5.418743,4,83.533622,0.9630268969887807,0.03200000000000003,True
5.784564,4,83.543153,0.9644305285646251,0.03200000000000003,True
5.762933,4,83.552718,0.9571023886318121,0.03200000000000003,True
5.661621,2,83.559013,0.9593684850958077,0.016000000000000014,True
5.780254,4,83.568408,0.9605393792387361,0.03200000000000003,True
5.725678,3,83.574543,0.9616022310960395,0.02400000000000002,True
5.683724,4,83.583698,0.9604555318343129,0.03200000000000003,True
5.78055,4,83.595367,0.9634264245154229,0.03200000000000003,True
5.962505,3,83.603019,0.956903765378039,0.02400000000000002,True
5.537246,3,84.17847,0.967607616315002,0.02400000000000002,True
5.387638,3,84.189488,0.962074251432756,0.02400000000000002,True
5.825829,4,84.198825,0.9618311822747193,0.03200000000000003,True
5.544438,4,84.208713,0.9608280806126991,0.03200000000000003,True
5.489264,3,84.216398,0.9593524829425822,0.02400000000000002,True
5.959873,4,84.225527,0.9580759106832705,0.03200000000000003,True
5.948308,5,84.237042,0.9572979326649574,0.040000000000000036,True
5.671682,2,84.242213,0.9613384321634679,0.016000000000000014,True
5.708408,4,84.251611,0.959713913870455,0.03200000000000003,True
5.806423,5,84.263631,0.962258980115224,0.040000000000000036,True
5.402304,3,84.271078,0.9590463568373635,0.02400000000000002,True
5.530116,3,84.278152,0.9637026955224891,0.02400000000000002,True
5.466953,3,84.285721,0.9611792298263815,0.02400000000000002,True
5.923916,5,84.298595,0.9592779394511757,0.040000000000000036,True
5.462203,3,84.313048,0.9665468589284134,0.02400000000000002,True
6.011526,3,84.321353,0.9652018905635742,0.02400000000000002,True
5.839388,5,84.332153,0.9654276168001296,0.040000000000000036,True
5.72413,2,84.337172,0.9593744108862547,0.016000000000000014,True
5.79276,4,84.34651,0.9613546002419575,0.03200000000000003,True
5.70877,3,84.353582,0.9587305842021784,0.02400000000000002,True
5.680815,4,84.363,0.9614565866379406,0.03200000000000003,True
5.910439,4,84.372043,0.9649375053241154,0.03200000000000003,True
5.952843,4,84.380847,0.9639011872304694,0.03200000000000003,True
6.054958,4,84.38978,0.9651897625560187,0.03200000000000003,True
5.774925,5,84.40182,0.9646248939217553,0.040000000000000036,True
5.778972,4,84.411078,0.9604316523769476,0.03200000000000003,True
5.748016,3,84.417948,0.9663854572640473,0.02400000000000002,True
5.798191,4,84.426999,0.9608867646832824,0.03200000000000003,True
5.75503,3,84.434673,0.9580899609331641,0.02400000000000002,True
5.636119,5,84.447092,0.9591833688097718,0.040000000000000036,True
5.678593,4,84.459669,0.9611835391392608,0.03200000000000003,True
5.736252,4,84.46949,0.9633432318309378,0.03200000000000003,True
5.830634,4,84.480945,0.9591549293448396,0.03200000000000003,True
5.719047,4,84.494249,0.9627795593462979,0.03200000000000003,True
5.598923,4,84.507348,0.9634875417007122,0.03200000000000003,True
5.587559,4,84.516432,0.9588175380289344,0.03200000000000003,True
5.852034,4,84.525246,0.9571404051055192,0.03200000000000003,True
5.746566,4,84.534293,0.9618244710958593,0.03200000000000003,True
5.777128,4,84.5435,0.9568901640105398,0.03200000000000003,True
5.720384,3,84.549632,0.9623736044255027,0.02400000000000002,True
5.747559,5,84.560816,0.9633604758960557,0.040000000000000036,True
5.468196,3,84.567532,0.9564897983241464,0.02400000000000002,True
5.959258,3,84.574312,0.9621144832210795,0.02400000000000002,True
5.682921,3,84.581585,0.9606018710240416,0.02400000000000002,True
5.712711,5,84.592467,0.9630323905022878,0.040000000000000036,True
5.809663,5,84.603726,0.9608131884008548,0.040000000000000036,True
5.789549,3,84.611814,0.9640509706759219,0.02400000000000002,True
5.614206,4,84.620423,0.9611207679409982,0.03200000000000003,True
5.878874,4,84.631603,0.9612310561889074,0.03200000000000003,True
5.921749,2,84.636599,0.9587716259630601,0.016000000000000014,True
5.921603,3,84.643595,0.9637954302439631,0.02400000000000002,True
5.58383,4,84.653357,0.9598162683264999,0.03200000000000003,True
5.557833,3,84.660301,0.9607764549306603,0.02400000000000002,True
5.596838,5,84.670742,0.9593578307397279,0.040000000000000036,True
5.555971,4,84.679931,0.9652622658326924,0.03200000000000003,True
5.801151,4,84.688713,0.9580166256578004,0.03200000000000003,True
5.542269,5,84.700284,0.96151708116945,0.040000000000000036,True
5.840458,4,84.709832,0.9600658271384266,0.03200000000000003,True
5.528165,4,84.719269,0.9589941227366834,0.03200000000000003,True
5.747314,4,84.728119,0.9607912973889934,0.03200000000000003,True
5.551096,4,84.737081,0.9630987888918402,0.03200000000000003,True
5.569187,4,84.745996,0.9589675107736675,0.03200000000000003,True
5.986323,4,84.753861,0.9656341264863739,0.03200000000000003,True
5.808266,5,84.76539,0.9602268754356988,0.040000000000000036,True
5.581546,4,84.774158,0.9596434873583642,0.03200000000000003,True
5.498831,4,84.78326,0.9604106249617314,0.03200000000000003,True
5.652544,5,84.79357,0.962796040031574,0.040000000000000036,True
5.532467,4,85.315789,0.9617586492464181,0.03200000000000003,True
5.409984,3,85.323051,0.9634470756103037,0.02400000000000002,True
5.457842,4,85.331763,0.9621106109791887,0.03200000000000003,True
5.912232,4,85.340729,0.9631225509581997,0.03200000000000003,True
5.776191,4,85.351176,0.9621325332520563,0.03200000000000003,True
5.618808,4,85.359738,0.9585440066177008,0.03200000000000003,True
5.595863,2,85.364928,0.9631090678775718,0.016000000000000014,True
5.710993,4,85.374005,0.9703131138482023,0.03200000000000003,True
5.836965,5,85.38525,0.9610100148142282,0.040000000000000036,True
5.724227,3,85.39313,0.9661430512053701,0.02400000000000002,True
5.736873,3,85.400194,0.9596153307433124,0.02400000000000002,True
5.72234,4,85.409721,0.9620361623546497,0.03200000000000003,True
5.596891,3,85.417719,0.9606453098267671,0.02400000000000002,True
5.674488,3,85.425067,0.9611912746602114,0.02400000000000002,True
5.699346,3,85.431213,0.9612162312925344,0.02400000000000002,True
5.761689,4,85.441151,0.9593551636711226,0.03200000000000003,True
5.961469,4,85.452913,0.9589142826674445,0.03200000000000003,True
5.910409,4,85.464183,0.9625902642847011,0.03200000000000003,True
5.907495,5,85.475685,0.9611971194515192,0.040000000000000036,True
5.474429,3,85.483089,0.9681604209808929,0.02400000000000002,True
5.772144,4,85.491433,0.9599447723437138,0.03200000000000003,True
5.565544,4,85.5015,0.9595178862751674,0.03200000000000003,True
5.585506,4,85.511127,0.9610566484399476,0.03200000000000003,True
5.748422,5,85.530511,0.960273179394501,0.040000000000000036,True
5.754071,4,85.543465,0.9625843429330165,0.03200000000000003,True
5.583809,4,85.552821,0.96077471654143,0.03200000000000003,True
5.962478,4,85.562757,0.9577504724806457,0.03200000000000003,True
5.572749,4,85.569999,0.9648631851208378,0.03200000000000003,True
5.554737,4,85.579282,0.9591846459736242,0.03200000000000003,True
5.558852,4,85.588337,0.9573636054047127,0.03200000000000003,True
5.840242,4,85.597247,0.963991696085799,0.03200000000000003,True
6.017479,4,85.60607,0.9607897618401768,0.03200000000000003,True
5.782547,3,85.68995,0.9595175329460262,0.02400000000000002,True
5.463888,3,85.69866,0.9603471423633447,0.02400000000000002,True
5.773905,4,85.708092,0.9614751703223035,0.03200000000000003,True
5.538254,3,85.715398,0.9654722765221067,0.02400000000000002,True
5.852292,4,85.723663,0.9567957176537869,0.03200000000000003,True
5.674754,3,85.730186,0.9581601177593021,0.02400000000000002,True
5.741298,3,85.737307,0.9596610826165339,0.02400000000000002,True
5.749071,5,85.749243,0.9643713934130249,0.040000000000000036,True
5.83011,4,85.75856,0.9578304582689732,0.03200000000000003,True
5.749826,4,85.767098,0.9632819694121302,0.03200000000000003,True
6.031417,5,85.779357,0.9597541165252431,0.040000000000000036,True
5.750615,4,85.788679,0.9609147622032841,0.03200000000000003,True
6.03048,5,85.800241,0.9657492476512362,0.040000000000000036,True
5.585406,4,85.809709,0.9616063893983775,0.03200000000000003,True
5.59636,3,85.817354,0.9615262256004047,0.02400000000000002,True
5.805944,4,85.826606,0.9597987017620718,0.03200000000000003,True
5.868927,4,85.835747,0.9665716600691368,0.03200000000000003,True
5.828856,5,85.846497,0.9653971272030074,0.040000000000000036,True
5.78219,4,85.856272,0.9616643713150218,0.03200000000000003,True
5.954411,3,85.863323,0.9620737622684004,0.02400000000000002,True
5.362745,3,85.871033,0.9588607054573616,0.02400000000000002,True
5.643886,4,85.882071,0.9602874825277309,0.03200000000000003,True
5.857051,3,85.889359,0.9616430369124859,0.02400000000000002,True
5.580293,3,85.899491,0.9608609681636511,0.02400000000000002,True
5.741941,5,85.91033,0.9594850225980405,0.040000000000000036,True
5.716482,3,85.917803,0.9596664834188873,0.02400000000000002,True
5.738494,3,85.925115,0.9606839722262797,0.02400000000000002,True
5.491144,3,85.93248,0.968379282700526,0.02400000000000002,True
6.020477,5,85.943564,0.9598150601931947,0.040000000000000036,True
5.824112,4,85.952304,0.9623893144532278,0.03200000000000003,True
5.622915,4,85.961276,0.9599218503670784,0.03200000000000003,True
5.705961,4,85.970192,0.9618334748618467,0.03200000000000003,True
5.839601,4,85.979322,0.9630602924585324,0.03200000000000003,True
5.585702,4,85.988679,0.9657459412470351,0.03200000000000003,True
5.538504,5,86.000259,0.9608932109695025,0.040000000000000036,True
5.613075,4,86.517603,0.9569934767111071,0.03200000000000003,True
5.431191,3,86.524459,0.9624205142579458,0.02400000000000002,True
5.845698,4,86.533255,0.9643385577574466,0.03200000000000003,True
5.64535,3,86.539697,0.9579796262843396,0.02400000000000002,True
5.937661,4,86.55069,0.958855226032515,0.03200000000000003,True
5.620765,4,86.566562,0.9570772604614213,0.03200000000000003,True
5.731563,3,86.575827,0.9658602110170269,0.02400000000000002,True
5.872081,4,86.587417,0.9587176846674836,0.03200000000000003,True
5.517661,3,86.595251,0.9633750386631653,0.02400000000000002,True
5.515259,4,86.604669,0.9629615181861556,0.03200000000000003,True
5.694937,4,86.613275,0.9644815251038712,0.03200000000000003,True
5.793847,3,86.619244,0.9602800797827207,0.02400000000000002,True
5.540668,3,86.626516,0.9618805534700436,0.02400000000000002,True
5.501634,4,86.636961,0.9639350398325397,0.03200000000000003,True
5.74631,4,86.647285,0.9627250734544595,0.03200000000000003,True
5.554603,5,86.657871,0.9616182280909084,0.040000000000000036,True
5.612288,2,86.662386,0.9669396817243872,0.016000000000000014,True
5.681674,3,86.670339,0.9600154515278179,0.02400000000000002,True
5.702447,4,86.681575,0.9583668688815308,0.03200000000000003,True
5.664624,4,86.691684,0.9623145830644861,0.03200000000000003,True
5.742721,3,86.699204,0.958542548013814,0.02400000000000002,True
5.800087,4,86.708462,0.9569204701098426,0.03200000000000003,True
5.760841,3,86.714576,0.9592655320614656,0.02400000000000002,True
5.573267,3,86.721897,0.9617910102985787,0.02400000000000002,True
5.612018,5,86.732088,0.9622479857679611,0.040000000000000036,True
5.623083,3,86.73915,0.962953892110171,0.02400000000000002,True
5.654707,4,86.748335,0.9592143023389854,0.03200000000000003,True
5.727262,5,86.759517,0.9604434393798456,0.040000000000000036,True
5.854802,3,86.767267,0.9639127797900225,0.02400000000000002,True
5.740397,5,86.77749,0.9607978757598885,0.040000000000000036,True
5.892492,4,86.786224,0.9625141070462162,0.03200000000000003,True
5.602292,4,86.795014,0.9619601648450921,0.03200000000000003,True
5.679112,4,86.804432,0.9605141360827817,0.03200000000000003,True
5.663509,4,86.813992,0.9670203365978274,0.03200000000000003,True
5.725777,4,86.82311,0.9620863604454062,0.03200000000000003,True
6.067037,4,86.832201,0.959008700531339,0.03200000000000003,True
6.006185,4,86.841173,0.9562558179188291,0.03200000000000003,True
5.631409,4,86.850177,0.961031092250274,0.03200000000000003,True
5.812185,5,86.861593,0.9590833923731132,0.040000000000000036,True
5.548693,3,86.869198,0.9684482410633968,0.02400000000000002,True
5.70106,4,86.879539,0.9672944079104908,0.03200000000000003,True
5.619405,3,86.885683,0.9587594241236401,0.02400000000000002,True
5.428353,4,86.896131,0.9642378236596147,0.03200000000000003,True
5.407095,2,86.901449,0.957616218511885,0.016000000000000014,True
5.851848,5,86.912147,0.9672879456661319,0.040000000000000036,True
5.586998,3,86.919445,0.9618006530374172,0.02400000000000002,True
5.333236,3,86.92681,0.9652365839998198,0.02400000000000002,True
5.979937,4,86.935448,0.9586799349264594,0.03200000000000003,True
5.816671,3,86.942097,0.9651557343562897,0.02400000000000002,True
5.624949,5,86.953394,0.9636009762678395,0.040000000000000036,True
5.493374,4,86.963593,0.9572683035300902,0.03200000000000003,True
5.919856,3,86.970113,0.9608615441338368,0.02400000000000002,True
5.837903,4,86.979366,0.9590371770974636,0.03200000000000003,True
5.824197,5,86.990433,0.9644932062586262,0.040000000000000036,True
5.55641,4,87.000206,0.9570645163217764,0.03200000000000003,True
5.659695,5,87.011524,0.9617987965707044,0.040000000000000036,True
5.774698,4,87.020957,0.9601851163607102,0.03200000000000003,True
5.602919,3,87.028696,0.9620346363135301,0.02400000000000002,True
5.666836,4,87.037625,0.9638929836544452,0.03200000000000003,True
5.762025,3,87.044782,0.9622082397060794,0.02400000000000002,True
5.575361,4,87.053969,0.9585164120293241,0.03200000000000003,True
5.742247,5,87.065527,0.9596940396591547,0.040000000000000036,True
5.620603,4,87.074405,0.9675114185272877,0.03200000000000003,True
5.512915,4,87.084423,0.9602946762368479,0.03200000000000003,True
5.426862,3,87.091125,0.9655807773725754,0.02400000000000002,True
5.457168,4,87.10019,0.9603304737527726,0.03200000000000003,True
5.731811,4,87.108793,0.9589914541896991,0.03200000000000003,True
5.775894,4,87.691656,0.9632289453429684,0.03200000000000003,True
5.966402,3,87.699131,0.9609052548607413,0.02400000000000002,True
5.501732,5,87.711119,0.9593865804859532,0.040000000000000036,True
5.758642,5,87.722609,0.9603958667564654,0.040000000000000036,True
5.723511,4,87.731427,0.96478460398347,0.03200000000000003,True
5.595906,4,87.740319,0.9592226708085108,0.03200000000000003,True
5.613028,4,87.750353,0.9603947010260305,0.03200000000000003,True
5.49133,3,87.757677,0.9577854134557049,0.02400000000000002,True
5.79364,5,87.770276,0.9621761670909412,0.040000000000000036,True
5.606976,4,87.77932,0.9660308145959461,0.03200000000000003,True
5.769778,4,87.788349,0.9643420198404018,0.03200000000000003,True
5.839127,5,87.800367,0.9612858316439977,0.040000000000000036,True
5.735351,4,87.811139,0.9656205628789819,0.03200000000000003,True
5.561922,4,87.822264,0.9577270059282701,0.03200000000000003,True
5.51433,5,87.836268,0.9567783422312397,0.040000000000000036,True
5.637097,2,87.840577,0.9637512764798835,0.016000000000000014,True
5.536331,3,87.848286,0.957983354845318,0.02400000000000002,True
5.506747,3,87.855525,0.9661875966008707,0.02400000000000002,True
5.337175,3,87.863358,0.9601037769496223,0.02400000000000002,True
5.773972,4,87.871525,0.9617164106612702,0.03200000000000003,True
5.595038,3,87.87936,0.9581394822868001,0.02400000000000002,True
5.845635,4,87.889605,0.9596591230735199,0.03200000000000003,True
5.907986,4,87.898935,0.963699130055889,0.03200000000000003,True
5.583008,3,87.905369,0.9594627182108221,0.02400000000000002,True
5.602293,3,87.91284,0.957533476514712,0.02400000000000002,True
5.937578,5,87.924479,0.9598705262295888,0.040000000000000036,True
5.36519,2,87.929313,0.9575239314255292,0.016000000000000014,True
5.744752,5,87.941199,0.9575023953369137,0.040000000000000036,True
5.719403,3,87.948253,0.9607624895900287,0.02400000000000002,True
5.640455,2,87.95374,0.9659050789503902,0.016000000000000014,True
5.689596,3,87.96063,0.9610735465104681,0.02400000000000002,True
5.647072,3,87.967673,0.962308639510359,0.02400000000000002,True
5.834142,3,87.974609,0.9601866189511484,0.02400000000000002,True
5.735253,4,87.984277,0.965925992121835,0.03200000000000003,True
5.621719,4,87.993416,0.9632983616484156,0.03200000000000003,True
5.809603,4,88.002536,0.9604944044285297,0.03200000000000003,True
5.671164,4,88.011135,0.959452885545229,0.03200000000000003,True
5.78239,4,88.019393,0.9602353715478942,0.03200000000000003,True
5.862052,5,88.030499,0.9666729627056079,0.040000000000000036,True
5.706306,4,88.040252,0.9611635648052932,0.03200000000000003,True
5.586946,5,88.052046,0.9659354332721304,0.040000000000000036,True
5.702824,4,88.061188,0.9617756635049769,0.03200000000000003,True
5.70289,4,88.070752,0.9622327791889596,0.03200000000000003,True
5.649451,4,88.08062,0.9619227839809915,0.03200000000000003,True
5.611996,4,88.090332,0.9586206899991812,0.03200000000000003,True
5.716206,4,88.099212,0.9626804620205364,0.03200000000000003,True
5.963185,3,88.106948,0.9667140178568716,0.02400000000000002,True
5.418002,3,88.114563,0.9609023487378693,0.02400000000000002,True
5.715169,3,88.121272,0.9659980974701774,0.02400000000000002,True
5.863087,3,88.129427,0.9648184596716907,0.02400000000000002,True
5.482428,4,88.139101,0.9577324310688423,0.03200000000000003,True
5.497933,4,88.149513,0.9591441685982546,0.03200000000000003,True
5.939327,3,88.157275,0.9628553531476891,0.02400000000000002,True
5.813956,4,88.166827,0.9593348845023398,0.03200000000000003,True
5.868128,4,88.177441,0.9590415044943441,0.03200000000000003,True
5.799876,4,88.18801,0.9601735667803035,0.03200000000000003,True
5.820179,5,88.198711,0.9592709317797922,0.040000000000000036,True
5.683774,4,88.208167,0.9611839430595657,0.03200000000000003,True
5.747042,4,88.217612,0.9567882379614561,0.03200000000000003,True
5.581433,4,88.228364,0.9617956905809166,0.03200000000000003,True
5.50386,4,88.238384,0.9636116585211273,0.03200000000000003,True
5.609543,3,88.244609,0.9610380035147328,0.02400000000000002,True
5.914036,3,88.251113,0.9621153629237605,0.02400000000000002,True
5.758752,4,88.260321,0.9601014485144455,0.03200000000000003,True
5.529125,3,88.267776,0.9631774108444302,0.02400000000000002,True
5.604262,4,88.277279,0.9609359407143464,0.03200000000000003,True
5.498978,4,88.286195,0.9591801820097201,0.03200000000000003,True
5.813145,3,88.294101,0.9654202009350364,0.02400000000000002,True
5.475505,3,88.301622,0.959807195489286,0.02400000000000002,True
5.402216,3,88.834274,0.9581658320677524,0.02400000000000002,True
5.447404,3,88.841206,0.9631914251099623,0.02400000000000002,True
5.657281,3,88.847929,0.9656219438196592,0.02400000000000002,True
5.734112,3,88.855521,0.9578847905415282,0.02400000000000002,True
5.600209,5,88.867109,0.9583932302867288,0.040000000000000036,True
5.498141,3,88.874704,0.9599978941713518,0.02400000000000002,True
5.61409,5,88.887475,0.9618056017426657,0.040000000000000036,True
5.543371,4,88.896504,0.9620443420543192,0.03200000000000003,True
5.865382,5,88.907949,0.9588065294285356,0.040000000000000036,True
5.652592,5,88.918959,0.9587461471775409,0.040000000000000036,True
5.657871,4,88.929164,0.9622613275792539,0.03200000000000003,True
5.636382,3,88.935881,0.9591705214399058,0.02400000000000002,True
6.006376,5,88.9478,0.9599887929132553,0.040000000000000036,True
5.678326,3,88.955273,0.9624164098853029,0.02400000000000002,True
5.82609,4,88.965688,0.9635415808482175,0.03200000000000003,True
5.552619,3,88.973487,0.9645901551130049,0.02400000000000002,True
5.45942,3,88.980359,0.9654458238469834,0.02400000000000002,True
5.588984,3,88.987051,0.9611163056114371,0.02400000000000002,True
5.771157,4,88.995707,0.9627273680886136,0.03200000000000003,True
5.73907,4,89.004518,0.9574189310233476,0.03200000000000003,True
5.74591,3,89.01124,0.958395989574025,0.02400000000000002,True
5.969405,3,89.018145,0.962843177790127,0.02400000000000002,True
5.554186,5,89.029224,0.9608856422149343,0.040000000000000036,True
5.679379,3,89.035876,0.9640765805350179,0.02400000000000002,True
5.76803,3,89.043554,0.9646953283902608,0.02400000000000002,True
5.574032,4,89.053448,0.9658796999226441,0.03200000000000003,True
5.756802,4,89.062702,0.965309202142727,0.03200000000000003,True
5.693491,4,89.072326,0.9663802475656458,0.03200000000000003,True
5.598743,4,89.08189,0.9601123537504352,0.03200000000000003,True
5.552335,4,89.090901,0.961787669279692,0.03200000000000003,True
5.648196,4,89.09979,0.9636079759885456,0.03200000000000003,True
5.363327,4,89.108821,0.9590593847733045,0.03200000000000003,True
5.430223,3,89.115594,0.9617757367215207,0.02400000000000002,True
5.745913,4,89.125858,0.9619947760411074,0.03200000000000003,True
5.884007,4,89.134078,0.9622627255182881,0.03200000000000003,True
5.572591,4,89.143839,0.9606081758368966,0.03200000000000003,True
5.695498,3,89.150351,0.9584582511265998,0.02400000000000002,True
5.582871,4,89.161462,0.9603293482417115,0.03200000000000003,True
5.671329,4,89.170832,0.9658199458734195,0.03200000000000003,True
5.75388,4,89.18032,0.96049342638359,0.03200000000000003,True
5.792865,3,89.18704,0.9640888435149355,0.02400000000000002,True
5.710244,4,89.196552,0.9670154934909886,0.03200000000000003,True
5.401856,3,89.203768,0.964868947331063,0.02400000000000002,True
5.495124,4,89.213766,0.9653841074693799,0.03200000000000003,True
5.510873,5,89.225231,0.965504401027969,0.040000000000000036,True
5.650943,3,89.232156,0.9607808195056688,0.02400000000000002,True
5.494987,4,89.241234,0.9655337702357893,0.03200000000000003,True
5.717307,3,89.248961,0.9610630950525206,0.02400000000000002,True
5.595799,3,89.255603,0.9604312126219737,0.02400000000000002,True
5.811443,4,89.265407,0.9572635101073717,0.03200000000000003,True
5.593222,5,89.27718,0.9630112379387701,0.040000000000000036,True
5.754892,4,89.287609,0.960298268553833,0.03200000000000003,True
5.974725,4,89.301893,0.9594814587612317,0.03200000000000003,True
5.980177,4,89.311229,0.963736574790704,0.03200000000000003,True
5.581936,4,89.320774,0.960565222129302,0.03200000000000003,True
5.627682,3,89.328155,0.9594525913140548,0.02400000000000002,True
5.812887,4,89.337984,0.9609206563060013,0.03200000000000003,True
5.889095,5,89.350531,0.9598490224035917,0.040000000000000036,True
5.714705,4,89.359627,0.9588114249614902,0.03200000000000003,True
6.063666,5,89.370638,0.9595686230374145,0.040000000000000036,True
5.505314,4,89.379962,0.9573027442908393,0.03200000000000003,True
5.630316,4,89.389204,0.9637966406615404,0.03200000000000003,True
5.757811,3,89.396018,0.9654735116854246,0.02400000000000002,True
6.039618,5,89.406859,0.9613355337819558,0.040000000000000036,True
5.882927,4,89.418406,0.9618045660253234,0.03200000000000003,True
5.89214,4,89.433632,0.960247904535475,0.03200000000000003,True
6.006711,3,89.440989,0.959672227742339,0.02400000000000002,True
5.850119,4,89.968086,0.9561220164362667,0.03200000000000003,True
5.349339,2,89.973717,0.9632713057503401,0.016000000000000014,True
5.488545,4,89.982947,0.9619532584558526,0.03200000000000003,True
5.395752,3,89.990218,0.9574252907073078,0.02400000000000002,True
5.458855,3,89.995778,0.9644318755511405,0.02400000000000002,True
5.818516,4,90.006327,0.9604847230156683,0.03200000000000003,True
5.295153,3,90.01212,0.962641575772588,0.02400000000000002,True
5.527828,3,90.019248,0.9631713140502384,0.02400000000000002,True
5.740157,3,90.02616,0.9599652933547815,0.02400000000000002,True
5.48327,3,90.033135,0.9593792898666862,0.02400000000000002,True
5.72284,5,90.044906,0.9624769001828353,0.040000000000000036,True
5.375908,3,90.052292,0.9610830241752473,0.02400000000000002,True
5.806407,4,90.060143,0.9624326320754772,0.03200000000000003,True
5.801076,3,90.067483,0.9604064645764624,0.02400000000000002,True
5.683011,4,90.076938,0.9635746345161533,0.03200000000000003,True
6.040885,4,90.086244,0.9595127153885852,0.03200000000000003,True
5.442123,4,90.096187,0.9613488059249191,0.03200000000000003,True
5.428655,4,90.10435,0.9616272137961595,0.03200000000000003,True
5.712437,2,90.110075,0.9599339626016016,0.016000000000000014,True
5.604132,4,90.120209,0.9627234520766048,0.03200000000000003,True
5.821347,4,90.130255,0.9566656218339742,0.03200000000000003,True
5.959803,3,90.13755,0.9658352432895337,0.02400000000000002,True
5.541672,3,90.145376,0.9593329626629189,0.02400000000000002,True
5.586316,4,90.155133,0.9587672472652358,0.03200000000000003,True
5.815982,3,90.16327,0.9613328052480259,0.02400000000000002,True
6.064012,4,90.172393,0.9587686268423261,0.03200000000000003,True
5.574003,5,90.183892,0.9590896391066183,0.040000000000000036,True
5.697753,4,90.194144,0.9595693877528182,0.03200000000000003,True
5.593802,4,90.203949,0.9636535976661786,0.03200000000000003,True
5.859249,3,90.211389,0.9618443496998579,0.02400000000000002,True
5.651114,4,90.221219,0.9595278684343268,0.03200000000000003,True
6.078106,4,90.230681,0.9632721143299586,0.03200000000000003,True
5.50155,4,90.239966,0.9579388517552777,0.03200000000000003,True
5.750449,4,90.249118,0.9604253254793806,0.03200000000000003,True
5.634826,5,90.259422,0.9633699546225404,0.040000000000000036,True
5.781069,4,90.268274,0.960579531746586,0.03200000000000003,True
5.89138,4,90.278465,0.9625985745124592,0.03200000000000003,True
5.966744,3,90.285403,0.9570313202221715,0.02400000000000002,True
5.694731,5,90.296798,0.9577237628367108,0.040000000000000036,True
5.951534,3,90.303867,0.9575166046484699,0.02400000000000002,True
5.816396,3,90.313323,0.9615450978595568,0.02400000000000002,True
5.73175,4,90.324966,0.9645906420717433,0.03200000000000003,True
5.883494,4,90.335782,0.9615794236720585,0.03200000000000003,True
5.731816,4,90.346492,0.9677185811289213,0.03200000000000003,True
5.81551,5,90.35882,0.9583361155753936,0.040000000000000036,True
5.888301,4,90.368906,0.9604960271192557,0.03200000000000003,True
5.652153,3,90.375223,0.9652786085453655,0.02400000000000002,True
5.529329,3,90.381701,0.9624107014390282,0.02400000000000002,True
5.721387,4,90.392526,0.9625526149271834,0.03200000000000003,True
5.816544,4,90.402325,0.9573309588334674,0.03200000000000003,True
5.499299,4,90.411124,0.9654938191329405,0.03200000000000003,True
5.874699,4,90.420954,0.9648569926694512,0.03200000000000003,True
5.812894,5,90.432379,0.962964826791632,0.040000000000000036,True
5.863874,4,90.441884,0.9611054090287682,0.03200000000000003,True
5.677063,4,90.450833,0.9617618501157038,0.03200000000000003,True
5.753718,4,90.460136,0.9627519373092508,0.03200000000000003,True
5.745449,3,90.467591,0.9595009261601058,0.02400000000000002,True
5.544755,4,90.476941,0.9617906141543646,0.03200000000000003,True
5.583725,5,90.488661,0.9627168512661974,0.040000000000000036,True
5.648854,4,90.499014,0.9634103944875454,0.03200000000000003,True
5.368172,3,90.506833,0.9615820167777536,0.02400000000000002,True
5.839473,5,90.518485,0.9587261095616916,0.040000000000000036,True
5.499475,3,90.525259,0.9581719375509037,0.02400000000000002,True
5.731068,4,90.53498,0.9602622428054327,0.03200000000000003,True
6.011076,4,90.544153,0.9627776835695135,0.03200000000000003,True
5.679982,4,90.553105,0.9570559971319614,0.03200000000000003,True
5.858992,4,90.562025,0.9612116130650019,0.03200000000000003,True
5.720457,3,90.569299,0.9597476986957734,0.02400000000000002,True
5.865121,5,91.107233,0.9616882167791425,0.040000000000000036,True
5.612247,4,91.116692,0.9626209910937473,0.03200000000000003,True
5.390623,3,91.124814,0.9568780220082367,0.02400000000000002,True
5.911034,3,91.13222,0.9621309289608291,0.02400000000000002,True
6.032493,4,91.1459,0.9596766703883339,0.03200000000000003,True
5.651926,4,91.155288,0.9593039973246416,0.03200000000000003,True
5.892937,3,91.162646,0.965201557245754,0.02400000000000002,True
5.781911,5,91.174669,0.9625749025952237,0.040000000000000036,True
5.416994,4,91.184685,0.9685211003883384,0.03200000000000003,True
5.478179,4,91.194026,0.9592219236469562,0.03200000000000003,True
5.799235,5,91.205706,0.9618594432458972,0.040000000000000036,True
5.77766,5,91.21665,0.9643304274674402,0.040000000000000036,True
5.918081,4,91.225647,0.9633659008222808,0.03200000000000003,True
5.714886,3,91.233354,0.9582652468446575,0.02400000000000002,True
5.47824,2,91.238894,0.9637881257216089,0.016000000000000014,True
5.784744,5,91.250734,0.9574494346501248,0.040000000000000036,True
5.595334,4,91.259904,0.9632216508575776,0.03200000000000003,True
5.569537,4,91.269327,0.9597336472442284,0.03200000000000003,True
5.826361,4,91.279459,0.9600376996533653,0.03200000000000003,True
5.789334,3,91.285879,0.9639531211389714,0.02400000000000002,True
5.990226,3,91.292317,0.9589172754709562,0.02400000000000002,True
5.556556,4,91.303359,0.9596708724933329,0.03200000000000003,True
5.970623,4,91.311711,0.963341864307081,0.03200000000000003,True
5.838112,4,91.320809,0.9639957977983833,0.03200000000000003,True
5.679158,3,91.399221,0.9617340528041941,0.02400000000000002,True
5.60352,3,91.406153,0.9645078777659838,0.02400000000000002,True
5.483755,3,91.414146,0.961186205437908,0.02400000000000002,True
5.646487,4,91.423831,0.9629604226623475,0.03200000000000003,True
5.518503,4,91.433817,0.9614621936894947,0.03200000000000003,True
5.715028,4,91.441924,0.9591767293852591,0.03200000000000003,True
5.542444,4,91.45081,0.9617053819656457,0.03200000000000003,True
5.523404,3,91.458622,0.9591062143243146,0.02400000000000002,True
5.475344,4,91.467706,0.9618262772525838,0.03200000000000003,True
5.430635,3,91.475198,0.957192459575253,0.02400000000000002,True
5.778217,5,91.486305,0.9601353724405404,0.040000000000000036,True
5.454135,3,91.495159,0.9628015962780125,0.02400000000000002,True
5.477992,4,91.505814,0.9607888697681511,0.03200000000000003,True
5.715608,3,91.514017,0.962647552458486,0.02400000000000002,True
5.679573,3,91.523011,0.9626708777505896,0.02400000000000002,True
5.742914,3,91.531861,0.9632089582081225,0.02400000000000002,True
5.701149,4,91.542478,0.9646838655407222,0.03200000000000003,True
5.573761,4,91.552884,0.9616942751783621,0.03200000000000003,True
5.450648,4,91.56355,0.9578571166012176,0.03200000000000003,True
5.672854,4,91.574859,0.9610482480203267,0.03200000000000003,True
5.50222,4,91.585384,0.9579027492909651,0.03200000000000003,True
5.804154,4,91.596719,0.95695944949616,0.03200000000000003,True
5.434838,3,91.604582,0.962288361997075,0.02400000000000002,True
5.641192,4,91.617876,0.9573691270031305,0.03200000000000003,True
5.654837,3,91.625582,0.960233797268828,0.02400000000000002,True
5.948562,4,91.63535,0.9585520926911317,0.03200000000000003,True
5.642485,4,91.644661,0.961081122653067,0.03200000000000003,True
5.680421,3,91.652446,0.9594767678365737,0.02400000000000002,True
5.58941,3,91.659294,0.9599836392830887,0.02400000000000002,True
5.782903,4,91.670399,0.9592302092668561,0.03200000000000003,True
5.804747,4,91.683312,0.961017206114391,0.03200000000000003,True
5.494024,3,91.69089,0.9598308679528017,0.02400000000000002,True
5.934347,4,91.701623,0.9605741393319102,0.03200000000000003,True
5.602223,5,91.712769,0.9596986445632252,0.040000000000000036,True
5.626897,4,91.72124,0.9630568849995943,0.03200000000000003,True
5.54181,4,91.72997,0.9643631071344277,0.03200000000000003,True
5.853988,4,91.738778,0.9575688867175663,0.03200000000000003,True
5.464926,2,91.745004,0.9612454210452743,0.016000000000000014,True
5.561762,4,91.758618,0.9588359100176345,0.03200000000000003,True
5.638554,2,91.766497,0.9608899515620901,0.016000000000000014,True
5.738431,4,91.780923,0.9607949694762976,0.03200000000000003,True
6.01659,4,91.790421,0.96676142656951,0.03200000000000003,True
5.854516,4,91.799267,0.9570936384075499,0.03200000000000003,True
6.005712,4,91.808516,0.9598379957565162,0.03200000000000003,True
5.909695,5,91.81953,0.9638015755684295,0.040000000000000036,True
5.337737,3,92.332722,0.9594256529359452,0.02400000000000002,True
5.730891,4,92.343365,0.958256220979879,0.03200000000000003,True
5.648787,5,92.355571,0.9590499065766418,0.040000000000000036,True
5.854132,4,92.365047,0.9641739734232649,0.03200000000000003,True
5.776941,4,92.374712,0.9655188206817855,0.03200000000000003,True
5.70064,5,92.386459,0.9633688066277458,0.040000000000000036,True
5.837951,5,92.397773,0.9616279087399477,0.040000000000000036,True
5.534124,4,92.407741,0.9597013781396557,0.03200000000000003,True
5.694071,4,92.417095,0.9624263486562084,0.03200000000000003,True
5.611421,3,92.425008,0.9587709351144926,0.02400000000000002,True
5.499356,4,92.434874,0.9575149151710347,0.03200000000000003,True
5.409032,4,92.445706,0.9593547307000106,0.03200000000000003,True
5.83403,5,92.459327,0.9616690027297469,0.040000000000000036,True
5.459326,3,92.468702,0.9632667189096277,0.02400000000000002,True
5.784167,5,92.480933,0.9604844827696634,0.040000000000000036,True
6.035447,4,92.490844,0.9579969795987319,0.03200000000000003,True
5.754234,3,92.497902,0.9591484181432582,0.02400000000000002,True
5.406549,3,92.505228,0.9631686518440954,0.02400000000000002,True
5.68667,4,92.514329,0.9622275781038883,0.03200000000000003,True
5.616138,4,92.523278,0.9589264241090788,0.03200000000000003,True
5.773896,5,92.536283,0.9581090152724764,0.040000000000000036,True
5.938528,4,92.546659,0.958352391990168,0.03200000000000003,True
6.000079,4,92.556117,0.9633355195418107,0.03200000000000003,True
5.574579,4,92.566684,0.9630445618474972,0.03200000000000003,True
5.889244,4,92.576349,0.9600486036668369,0.03200000000000003,True
5.753681,4,92.585255,0.9607864442956299,0.03200000000000003,True
5.552873,4,92.59482,0.9601042781339216,0.03200000000000003,True
5.502281,4,92.604555,0.9634654574027742,0.03200000000000003,True
5.525075,3,92.613035,0.9609852521684558,0.02400000000000002,True
5.538894,4,92.622494,0.9624189767672136,0.03200000000000003,True
6.090942,4,92.63164,0.9606895402407835,0.03200000000000003,True
5.663715,3,92.639979,0.959958151012136,0.02400000000000002,True
5.670204,4,92.649603,0.959552819077534,0.03200000000000003,True
5.591046,4,92.659563,0.9629885582271237,0.03200000000000003,True
5.816038,3,92.666702,0.9591345699151426,0.02400000000000002,True
5.618035,5,92.679571,0.9637666386781601,0.040000000000000036,True
5.740468,4,92.689101,0.9630422539426775,0.03200000000000003,True
5.512272,3,92.696227,0.9600366198112796,0.02400000000000002,True
5.789687,3,92.704294,0.9595823129323411,0.02400000000000002,True
5.810201,4,92.714271,0.9627594164696827,0.03200000000000003,True
5.713339,4,92.723321,0.9613344133552649,0.03200000000000003,True
5.744461,3,92.729671,0.9607258103209906,0.02400000000000002,True
5.715838,3,92.736538,0.9632814705741128,0.02400000000000002,True
5.618872,5,92.747324,0.9691425171277259,0.040000000000000036,True
5.661172,4,92.757087,0.95970182388173,0.03200000000000003,True
5.547468,4,92.76634,0.9623235804582018,0.03200000000000003,True
5.853374,3,92.774113,0.9587126160244366,0.02400000000000002,True
5.617502,5,92.789146,0.9615428297030679,0.040000000000000036,True
5.816271,4,92.80457,0.9627351576734513,0.03200000000000003,True
5.471268,3,92.815811,0.9575637258455245,0.02400000000000002,True
5.588069,4,92.825218,0.962161571018022,0.03200000000000003,True
5.752497,4,92.834401,0.9650249731675057,0.03200000000000003,True
5.632035,4,92.841817,0.9603233830643391,0.03200000000000003,True
5.682107,4,92.852355,0.9579387131339666,0.03200000000000003,True
5.563613,3,92.859414,0.9629237454613098,0.02400000000000002,True
5.883948,4,92.869884,0.9627359621611117,0.03200000000000003,True
5.670398,4,92.879987,0.9603428249950641,0.03200000000000003,True
5.765531,5,92.891888,0.9607835511579945,0.040000000000000036,True
5.571235,4,92.901373,0.9640806389842188,0.03200000000000003,True
5.965321,4,92.911016,0.9592919303855896,0.03200000000000003,True
5.564982,3,92.918413,0.9632964949834405,0.02400000000000002,True
5.614535,4,92.927425,0.9597478027070039,0.03200000000000003,True
5.963,3,92.93499,0.9592939457807146,0.02400000000000002,True
5.704747,3,92.941622,0.9592104672786903,0.02400000000000002,True
5.657457,5,92.953959,0.961402381304356,0.040000000000000036,True
5.688791,3,92.960726,0.9594741980766992,0.02400000000000002,True
5.721323,4,93.611374,0.9568708442251708,0.03200000000000003,True
5.526622,3,93.622236,0.9645497263037673,0.02400000000000002,True
5.929814,5,93.635718,0.9615386370036245,0.040000000000000036,True
6.066274,4,93.647059,0.9608959044657143,0.03200000000000003,True
5.579888,3,93.656194,0.9596125271017946,0.02400000000000002,True
5.684207,4,93.667846,0.9590469573068992,0.03200000000000003,True
5.678227,3,93.678705,0.9602033905412497,0.02400000000000002,True
5.503818,3,93.690053,0.9636372536000857,0.02400000000000002,True
5.775914,3,93.699775,0.9599941425729097,0.02400000000000002,True
5.872392,5,93.714115,0.9594497649885755,0.040000000000000036,True
5.853019,4,93.725834,0.9593586229457705,0.03200000000000003,True
5.603909,4,93.73599,0.9604966092652796,0.03200000000000003,True
5.873373,3,93.744863,0.9599793098876875,0.02400000000000002,True
5.834351,2,93.751004,0.9584761696660327,0.016000000000000014,True
5.645265,5,93.765506,0.9588980195432811,0.040000000000000036,True
5.886233,5,93.779006,0.9620378454127572,0.040000000000000036,True
5.539337,5,93.794065,0.9614391562463159,0.040000000000000036,True
5.501273,3,93.802703,0.9641282157028899,0.02400000000000002,True
5.835952,5,93.816746,0.9575389326733065,0.040000000000000036,True
5.834556,4,93.830544,0.9651051137438871,0.03200000000000003,True
6.050976,5,93.846239,0.959020286853983,0.040000000000000036,True
5.762936,5,93.862201,0.960628659810651,0.040000000000000036,True
5.509831,3,93.872197,0.9619748966222206,0.02400000000000002,True
5.619266,3,93.88171,0.9634561207080207,0.02400000000000002,True
5.652434,4,93.893992,0.9648065379495129,0.03200000000000003,True
5.851877,3,93.90444,0.9581203395837194,0.02400000000000002,True
5.887955,4,93.915869,0.9592928197187336,0.03200000000000003,True
5.741375,4,93.927271,0.9610573492645063,0.03200000000000003,True
5.476356,3,93.936548,0.9616208985716603,0.02400000000000002,True
5.860994,5,93.951507,0.9602719353495602,0.040000000000000036,True
5.42911,3,93.960292,0.9603067718316063,0.02400000000000002,True
5.754827,5,93.974938,0.9637599414139072,0.040000000000000036,True
5.683185,4,93.986997,0.9587659134436293,0.03200000000000003,True
5.87204,3,93.996674,0.9631071380657985,0.02400000000000002,True
5.604801,4,94.008141,0.9580116736469362,0.03200000000000003,True
5.566383,5,94.023317,0.9572262545925134,0.040000000000000036,True
5.964234,5,94.036445,0.9640421415659528,0.040000000000000036,True
5.841271,4,94.048177,0.9614000031912308,0.03200000000000003,True
5.543816,3,94.056678,0.958893237152596,0.02400000000000002,True
5.819913,4,94.071592,0.9614095173076882,0.03200000000000003,True
5.61015,4,94.084731,0.9605059268315983,0.03200000000000003,True
5.725721,3,94.093903,0.9599043992226362,0.02400000000000002,True
5.94521,5,94.107279,0.9597396608230199,0.040000000000000036,True
5.707864,3,94.116526,0.9592768527829841,0.02400000000000002,True
5.656888,4,94.128586,0.958317506305652,0.03200000000000003,True
5.806836,4,94.14091,0.959494311878638,0.03200000000000003,True
5.739789,4,94.154375,0.9670382013868664,0.03200000000000003,True
5.667317,4,94.165266,0.9659487138194207,0.03200000000000003,True
5.638825,5,94.180029,0.9596431892703319,0.040000000000000036,True
5.794609,4,94.191334,0.9618532956487972,0.03200000000000003,True
5.737984,4,94.203298,0.9588199647699823,0.03200000000000003,True
5.494156,4,94.213874,0.9592944760952751,0.03200000000000003,True
5.502861,4,94.225665,0.9630906808863526,0.03200000000000003,True
5.800254,4,94.238555,0.962994030209411,0.03200000000000003,True
5.833211,5,94.25331,0.9644671183570726,0.040000000000000036,True
5.539435,4,94.264829,0.9564219025678414,0.03200000000000003,True
5.924708,4,94.276161,0.9605850360664672,0.03200000000000003,True
5.728548,4,94.29359,0.9606984923817151,0.03200000000000003,True
5.676852,3,94.303432,0.9618916608267754,0.02400000000000002,True
5.870348,4,94.315726,0.9663440519881287,0.03200000000000003,True
5.886067,4,94.328493,0.9592596248133867,0.03200000000000003,True
5.565784,4,94.342119,0.9597607589570155,0.03200000000000003,True
5.757789,4,94.35459,0.9617136752055848,0.03200000000000003,True
5.627127,4,94.37002,0.956969876577461,0.03200000000000003,True
5.593706,5,94.386819,0.9622614580602815,0.040000000000000036,True
5.682237,5,95.121999,0.9627253293629146,0.040000000000000036,True
5.576079,4,95.133672,0.9615800054233039,0.03200000000000003,True
5.482286,5,95.148503,0.9612801051916758,0.040000000000000036,True
5.581655,5,95.162981,0.9608655023149859,0.040000000000000036,True
5.724696,3,95.172347,0.9586793755360528,0.02400000000000002,True
5.666837,3,95.182023,0.9597963820622261,0.02400000000000002,True
5.635809,4,95.195436,0.9588788127982963,0.03200000000000003,True
5.796457,3,95.205833,0.960743903234504,0.02400000000000002,True
5.832689,4,95.218812,0.9600906640726288,0.03200000000000003,True
5.880758,5,95.23514,0.9641948069941972,0.040000000000000036,True
5.804023,4,95.247467,0.9612386768945836,0.03200000000000003,True
5.695053,4,95.259273,0.9651138335147387,0.03200000000000003,True
5.590696,5,95.275339,0.961301657125614,0.040000000000000036,True
5.489356,3,95.284594,0.9588198854501566,0.02400000000000002,True
5.700203,5,95.300062,0.9617760836074594,0.040000000000000036,True
5.67009,4,95.314419,0.961867019000474,0.03200000000000003,True
5.639774,4,95.32608,0.9593734729577901,0.03200000000000003,True
5.650769,4,95.338404,0.960476403423548,0.03200000000000003,True
5.720307,4,95.34968,0.9595020575684635,0.03200000000000003,True
5.684057,5,95.36436,0.9618371347560999,0.040000000000000036,True
5.858121,4,95.376011,0.9560450226506488,0.03200000000000003,True
5.423696,3,95.384652,0.9595433679219437,0.02400000000000002,True
5.597135,4,95.395373,0.957956865425627,0.03200000000000003,True
5.773331,3,95.404366,0.9589370982175583,0.02400000000000002,True
5.49199,3,95.414269,0.9591685329271953,0.02400000000000002,True
5.459746,2,95.419974,0.9604334321091851,0.016000000000000014,True
5.461669,3,95.429228,0.9580910088437457,0.02400000000000002,True
5.61047,4,95.442085,0.9647018692865134,0.03200000000000003,True
6.171277,5,95.456267,0.9646669700098829,0.040000000000000036,True
5.759938,5,95.470694,0.9593461660383557,0.040000000000000036,True
5.82008,3,95.479604,0.9603144877776466,0.02400000000000002,True
5.755957,5,95.494295,0.9662310152696978,0.040000000000000036,True
5.701694,4,95.506262,0.9662599578968369,0.03200000000000003,True
5.780263,4,95.518334,0.9623421762739527,0.03200000000000003,True
5.528162,4,95.529323,0.9621775842954042,0.03200000000000003,True
5.607335,5,95.543553,0.9626773788282146,0.040000000000000036,True
6.036941,4,95.554102,0.9617512701054882,0.03200000000000003,True
5.85935,4,95.565578,0.9607998874968315,0.03200000000000003,True
5.622902,4,95.57824,0.965728887608298,0.03200000000000003,True
5.431509,3,95.587561,0.9566804103189803,0.02400000000000002,True
5.63927,4,95.598809,0.9609296355037058,0.03200000000000003,True
5.900655,4,95.610942,0.9598360016503364,0.03200000000000003,True
5.842678,4,95.622137,0.9622116414481303,0.03200000000000003,True
5.646145,3,95.63071,0.9620453924101414,0.02400000000000002,True
5.671076,4,95.641768,0.9656446795202611,0.03200000000000003,True
5.45091,4,95.652273,0.964446578283606,0.03200000000000003,True
5.529746,5,95.667251,0.9649596080565728,0.040000000000000036,True
5.881387,4,95.680172,0.9633790000633733,0.03200000000000003,True
5.777019,5,95.69593,0.9617754300741114,0.040000000000000036,True
5.554434,4,95.708271,0.9701341211829415,0.03200000000000003,True
5.505687,4,95.719459,0.9630418714478847,0.03200000000000003,True
5.655877,4,95.734133,0.9567647589854597,0.03200000000000003,True
5.946701,4,95.745816,0.9611081715978853,0.03200000000000003,True
5.660627,4,95.758009,0.958277399005127,0.03200000000000003,True
5.69467,4,95.76889,0.9592626442461114,0.03200000000000003,True
5.761472,4,95.78063,0.9565043086421641,0.03200000000000003,True
5.845742,4,95.791973,0.9579314732022726,0.03200000000000003,True
5.49548,3,95.80083,0.9645234244126254,0.02400000000000002,True
5.734818,4,95.812193,0.9634333927291177,0.03200000000000003,True
5.622847,3,95.821586,0.962219807109994,0.02400000000000002,True
5.547455,3,95.831357,0.9567067586320914,0.02400000000000002,True
5.623279,3,95.840522,0.9614027986396334,0.02400000000000002,True
5.954129,4,95.853647,0.9599635206883428,0.03200000000000003,True
5.595677,5,95.867455,0.961582078621154,0.040000000000000036,True
5.700125,4,96.585888,0.9604610907112474,0.03200000000000003,True
5.540011,4,96.599752,0.9638514635888362,0.03200000000000003,True
5.446205,3,96.611902,0.960677692842351,0.02400000000000002,True
5.803824,4,96.624419,0.9656331760074716,0.03200000000000003,True
5.732252,4,96.639054,0.9615585084064251,0.03200000000000003,True
5.894579,3,96.649283,0.9597814096304036,0.02400000000000002,True
5.75301,4,96.663135,0.9613627953163597,0.03200000000000003,True
5.644059,3,96.674585,0.9603118778870339,0.02400000000000002,True
5.459392,3,96.684494,0.9569638719986742,0.02400000000000002,True
5.8721,4,96.698424,0.95860769361018,0.03200000000000003,True
5.698569,4,96.717927,0.9596975836465966,0.03200000000000003,True
5.610898,4,96.732994,0.963065946245863,0.03200000000000003,True
5.524849,4,96.745505,0.9635008633822667,0.03200000000000003,True
5.634221,4,96.757972,0.9581718398311112,0.03200000000000003,True
5.61094,4,96.771302,0.9626904108655022,0.03200000000000003,True
5.471609,3,96.780457,0.9603008551729039,0.02400000000000002,True
6.011578,4,96.792416,0.9596107023981715,0.03200000000000003,True
5.67757,2,96.799374,0.9634466930596784,0.016000000000000014,True
5.867235,4,96.811695,0.9696310162565832,0.03200000000000003,True
6.055656,4,96.824597,0.9660577006571541,0.03200000000000003,True
5.620628,5,96.840528,0.9626420117030652,0.040000000000000036,True
5.615729,5,96.857617,0.9589151756111158,0.040000000000000036,True
5.622552,5,96.875817,0.964868493495818,0.040000000000000036,True
5.860031,4,96.888287,0.9625441266336265,0.03200000000000003,True
5.536948,3,96.898304,0.9601103291536826,0.02400000000000002,True
5.433803,4,96.911325,0.9637936418141284,0.03200000000000003,True
5.483741,3,96.920572,0.9672612595148854,0.02400000000000002,True
5.708487,4,96.9328,0.9618239088134313,0.03200000000000003,True
5.708341,4,96.945657,0.9612974563832608,0.03200000000000003,True
5.767834,5,96.959472,0.9592054810933801,0.040000000000000036,True
5.49031,3,96.969677,0.9597976784629252,0.02400000000000002,True
5.674867,4,96.981661,0.9648309778575493,0.03200000000000003,True
5.431681,3,96.988876,0.9590220614259031,0.02400000000000002,True
5.770885,4,97.000299,0.9656427438470647,0.03200000000000003,True
5.75988,4,97.014009,0.9655163469376786,0.03200000000000003,True
5.598845,4,97.025351,0.9569927803988805,0.03200000000000003,True
5.586764,4,97.036778,0.9596331409997618,0.03200000000000003,True
5.606311,4,97.048949,0.9613842290071987,0.03200000000000003,True
5.923765,3,97.057851,0.9605538315581048,0.02400000000000002,True
5.630568,4,97.072583,0.9608292764816684,0.03200000000000003,True
5.631442,4,97.084675,0.9625071274194876,0.03200000000000003,True
5.735792,4,97.099348,0.9657925613177079,0.03200000000000003,True
5.914446,4,97.118406,0.9596873665324008,0.03200000000000003,True
5.478888,4,97.133081,0.965580545094783,0.03200000000000003,True
5.586839,3,97.145431,0.9593202916676641,0.02400000000000002,True
5.518772,4,97.160634,0.9628271328782111,0.03200000000000003,True
6.07101,4,97.174181,0.9634320413558499,0.03200000000000003,True
5.99954,3,97.185989,0.9583795588851529,0.02400000000000002,True
5.629214,4,97.200637,0.9625932875143897,0.03200000000000003,True
5.518901,3,97.208842,0.9591001816966576,0.02400000000000002,True
5.768736,4,97.222163,0.9621288257273297,0.03200000000000003,True
5.48846,4,97.236396,0.9590998889207214,0.03200000000000003,True
5.705923,2,97.242804,0.9608033694326754,0.016000000000000014,True
6.019251,4,97.255638,0.9577714634182866,0.03200000000000003,True
5.501575,3,97.267991,0.9593108125867962,0.02400000000000002,True
5.616821,4,97.283226,0.9583232025007757,0.03200000000000003,True
5.813233,5,97.300733,0.9602985413526954,0.040000000000000036,True
5.647479,4,97.313526,0.9646593346941175,0.03200000000000003,True
5.750376,3,97.325359,0.9592701508120035,0.02400000000000002,True
5.637061,3,97.336953,0.9579988719492222,0.02400000000000002,True
5.552415,3,97.348712,0.9621773882226698,0.02400000000000002,True
6.054765,5,97.369253,0.9643832571478351,0.040000000000000036,True
5.940752,4,97.38429,0.962205490711431,0.03200000000000003,True
5.719349,3,97.395775,0.9640316872049094,0.02400000000000002,True
5.588312,4,97.409887,0.9595698142588495,0.03200000000000003,True
5.856673,4,97.424914,0.963148928407847,0.03200000000000003,True
5.571178,4,97.439728,0.9609970005295636,0.03200000000000003,True
5.507479,3,97.449076,0.9645211481834451,0.02400000000000002,True
5.648668,4,97.46378,0.971298255028409,0.03200000000000003,True
5.533345,3,98.045651,0.9658435497604823,0.02400000000000002,True
5.682006,3,98.053386,0.9628755317856831,0.02400000000000002,True
5.471263,4,98.06201,0.9600840761419377,0.03200000000000003,True
5.570763,4,98.072361,0.96237465926637,0.03200000000000003,True
5.837449,5,98.084641,0.9589084862367667,0.040000000000000036,True
5.661582,5,98.095074,0.9593371673326854,0.040000000000000036,True
5.893554,5,98.106801,0.9591063391833154,0.040000000000000036,True
5.415034,3,98.11338,0.9607986256987483,0.02400000000000002,True
5.503841,4,98.12271,0.9592867102096895,0.03200000000000003,True
5.806114,3,98.1301,0.9647877758208669,0.02400000000000002,True
5.432614,3,98.138628,0.9609769812704817,0.02400000000000002,True
6.049047,4,98.148568,0.9610827466725249,0.03200000000000003,True
5.797926,4,98.160163,0.9600175682535295,0.03200000000000003,True
5.462622,3,98.169462,0.9633091363499964,0.02400000000000002,True
5.621103,3,98.17989,0.9582591588554882,0.02400000000000002,True
5.840128,4,98.193494,0.9568151268554417,0.03200000000000003,True
5.702349,5,98.277733,0.9633302478546051,0.040000000000000036,True
5.720402,3,98.284783,0.9639636695625895,0.02400000000000002,True
5.758451,5,98.296201,0.9599733908125292,0.040000000000000036,True
5.800682,5,98.308037,0.9574729897528348,0.040000000000000036,True
5.664555,4,98.317242,0.9599621161324916,0.03200000000000003,True
5.761831,5,98.32831,0.962071768576795,0.040000000000000036,True
5.599952,5,98.341622,0.9586874392590155,0.040000000000000036,True
5.83259,4,98.351523,0.9585965628198977,0.03200000000000003,True
5.659426,4,98.36089,0.9642105276455849,0.03200000000000003,True
5.834297,5,98.372827,0.9587496365937429,0.040000000000000036,True
5.469784,4,98.381309,0.9649411136348192,0.03200000000000003,True
5.706009,4,98.390209,0.9609891984417764,0.03200000000000003,True
5.707901,4,98.400117,0.9611739583672259,0.03200000000000003,True
5.777458,4,98.410555,0.9610355662544176,0.03200000000000003,True
5.685011,4,98.420985,0.9580837334961203,0.03200000000000003,True
5.608142,4,98.430578,0.9614951140439514,0.03200000000000003,True
5.451858,3,98.438599,0.9577929542506951,0.02400000000000002,True
5.48758,4,98.447776,0.9629863603207963,0.03200000000000003,True
5.701138,4,98.456843,0.9658007974484534,0.03200000000000003,True
5.775171,4,98.466508,0.9610788983408477,0.03200000000000003,True
5.634803,4,98.475973,0.9582483373427002,0.03200000000000003,True
5.507476,4,98.485726,0.9616530208776402,0.03200000000000003,True
5.443747,3,98.491841,0.9629025217181327,0.02400000000000002,True
5.776308,3,98.49946,0.9584133171531911,0.02400000000000002,True
5.802218,4,98.508315,0.956479854847287,0.03200000000000003,True
5.716582,3,98.515162,0.9609710073350096,0.02400000000000002,True
6.050733,5,98.526465,0.9591910350075963,0.040000000000000036,True
5.821629,5,98.538293,0.9582411179519212,0.040000000000000036,True
5.659659,3,98.545753,0.9589938849684259,0.02400000000000002,True
5.685989,3,98.555532,0.9612842453109456,0.02400000000000002,True
5.386484,3,98.564505,0.9636947902130375,0.02400000000000002,True
5.674401,3,98.571629,0.9646309876020618,0.02400000000000002,True
5.850258,3,98.579599,0.9594188518399708,0.02400000000000002,True
5.880405,4,98.588656,0.963772953040398,0.03200000000000003,True
5.618006,4,98.597688,0.9598190039300367,0.03200000000000003,True
5.511027,4,98.606972,0.9641259838688798,0.03200000000000003,True
5.665584,4,98.6171,0.9632537279820318,0.03200000000000003,True
5.733855,3,98.624584,0.9575772669691083,0.02400000000000002,True
5.619022,4,98.633909,0.9612094569471872,0.03200000000000003,True
6.007112,5,98.645221,0.9617939164140351,0.040000000000000036,True
5.642868,2,98.649619,0.958915854186234,0.016000000000000014,True
6.00496,5,98.660384,0.9578389570356218,0.040000000000000036,True
5.984045,4,98.670423,0.9607773689152247,0.03200000000000003,True
5.857738,5,98.685027,0.9608734481746735,0.040000000000000036,True
5.480364,4,98.6963,0.9631580003750538,0.03200000000000003,True
5.57483,4,98.705585,0.9593404691890346,0.03200000000000003,True
5.447704,4,98.714559,0.9589667708211796,0.03200000000000003,True
5.65592,4,98.725392,0.9612080359485969,0.03200000000000003,True
5.674981,3,98.731777,0.9567054480081677,0.02400000000000002,True
5.599988,4,99.259925,0.9584811681370977,0.03200000000000003,True
5.265065,3,99.268275,0.9590063601266354,0.02400000000000002,True
5.56148,4,99.278493,0.9615569021004847,0.03200000000000003,True
5.792715,3,99.286802,0.9601444680174576,0.02400000000000002,True
5.575504,5,99.299679,0.9661540979567592,0.040000000000000036,True
6.097054,4,99.309143,0.9582833052529826,0.03200000000000003,True
5.989172,4,99.318608,0.9597157984213631,0.03200000000000003,True
5.810969,4,99.327403,0.9631752176128046,0.03200000000000003,True
5.354703,3,99.33406,0.9651245244366289,0.02400000000000002,True
5.746807,3,99.341281,0.9622139508834237,0.02400000000000002,True
5.750854,3,99.349004,0.960004777897475,0.02400000000000002,True
5.383648,3,99.355851,0.9593177810893201,0.02400000000000002,True
5.579487,3,99.363608,0.9633380106886194,0.02400000000000002,True
5.690612,3,99.371052,0.9603643356280461,0.02400000000000002,True
5.728187,3,99.378803,0.9597224283661705,0.02400000000000002,True
5.556528,3,99.385562,0.962608719585416,0.02400000000000002,True
5.604832,3,99.392404,0.9620947304455656,0.02400000000000002,True
5.586165,4,99.402157,0.9614207770373513,0.03200000000000003,True
5.949007,3,99.40969,0.9595322547245515,0.02400000000000002,True
5.774404,3,99.415764,0.9587056811377361,0.02400000000000002,True
5.530333,3,99.422969,0.9650053978079457,0.02400000000000002,True
5.795193,5,99.436064,0.9618206990885307,0.040000000000000036,True
5.672643,4,99.444803,0.9605567168047371,0.03200000000000003,True
5.72905,5,99.460797,0.9672538234861792,0.040000000000000036,True
5.490576,3,99.468162,0.9617705406141159,0.02400000000000002,True
5.623573,3,99.47607,0.9598034627831493,0.02400000000000002,True
5.721391,4,99.48524,0.963819830091149,0.03200000000000003,True
5.806202,4,99.49507,0.9623336061382595,0.03200000000000003,True
5.545142,3,99.502763,0.9629114527613032,0.02400000000000002,True
5.652196,4,99.51099,0.9587940788446528,0.03200000000000003,True
5.828283,4,99.520869,0.9632884155438448,0.03200000000000003,True
5.930928,3,99.528302,0.9587265840688153,0.02400000000000002,True
5.720946,3,99.536123,0.9629692447560496,0.02400000000000002,True
5.42683,4,99.544412,0.9588736127177829,0.03200000000000003,True
5.579546,5,99.55562,0.9573886736313746,0.040000000000000036,True
5.604062,4,99.56591,0.9595047756331012,0.03200000000000003,True
5.765889,4,99.575524,0.9599649547833845,0.03200000000000003,True
5.52205,4,99.583997,0.9600207650412435,0.03200000000000003,True
5.700258,4,99.593489,0.9573309636940806,0.03200000000000003,True
5.70259,4,99.602253,0.9658563011336682,0.03200000000000003,True
5.606051,4,99.615669,0.9583800361346875,0.03200000000000003,True
5.808592,4,99.627873,0.9606324032064559,0.03200000000000003,True
5.612665,4,99.637297,0.9593200764655633,0.03200000000000003,True
5.565621,4,99.645396,0.9631584520183918,0.03200000000000003,True
5.65789,3,99.652838,0.9600868105044892,0.02400000000000002,True
5.424557,3,99.659513,0.9588911641158725,0.02400000000000002,True
5.540048,4,99.668881,0.9597223945340707,0.03200000000000003,True
5.921727,4,99.67932,0.962595694920773,0.03200000000000003,True
5.592921,4,99.688839,0.9595331920644881,0.03200000000000003,True
5.875561,4,99.698472,0.9598545345983904,0.03200000000000003,True
5.647512,4,99.708854,0.9628729823626097,0.03200000000000003,True
5.708697,3,99.715584,0.9637730177300388,0.02400000000000002,True
5.683715,4,99.726429,0.957974006665504,0.03200000000000003,True
5.689205,4,99.736259,0.9653584511819939,0.03200000000000003,True
5.559456,4,99.745011,0.9643282307824016,0.03200000000000003,True
5.745021,4,99.753864,0.964334976166885,0.03200000000000003,True
5.877129,4,99.763023,0.9670089018049971,0.03200000000000003,True
5.77831,4,99.771645,0.9585590973007065,0.03200000000000003,True
5.64575,3,99.780893,0.9629228453771281,0.02400000000000002,True
5.579101,4,99.78908,0.9617869408356359,0.03200000000000003,True
5.659919,3,99.796389,0.9593530482649566,0.02400000000000002,True
5.582605,5,99.808585,0.9610336114784479,0.040000000000000036,True
5.418317,2,99.813092,0.9632041882159821,0.016000000000000014,True
5.813644,4,99.821497,0.9593140058658562,0.03200000000000003,True
5.597924,4,99.830279,0.9641372135067405,0.03200000000000003,True
5.676646,4,99.840768,0.9630714606619805,0.03200000000000003,True
5.734355,4,99.849598,0.9603862582067566,0.03200000000000003,True
5.739043,4,99.858636,0.9614469587153898,0.03200000000000003,True
5.612343,4,99.867917,0.9578074013519025,0.03200000000000003,True
5.551707,3,99.875407,0.9616508949472642,0.02400000000000002,True
5.647947,3,100.414807,0.9665675940516428,0.02400000000000002,True
5.645813,4,100.427872,0.9597135493729687,0.03200000000000003,True
5.981936,4,100.438473,0.9622459773141457,0.03200000000000003,True
5.883902,4,100.448051,0.9648012997795808,0.03200000000000003,True
5.520354,4,100.458085,0.9599376708591392,0.03200000000000003,True
5.619218,3,100.465501,0.9603479264484396,0.02400000000000002,True
5.7026,3,100.473375,0.9624162540277895,0.02400000000000002,True
5.582871,3,100.480951,0.9618295460659065,0.02400000000000002,True
5.820262,5,100.49204,0.9629905622509457,0.040000000000000036,True
5.673512,5,100.503853,0.9586670521350699,0.040000000000000036,True
5.573543,4,100.51384,0.9588013070220992,0.03200000000000003,True
5.831725,5,100.526866,0.9654668873335057,0.040000000000000036,True
5.589195,3,100.533006,0.959797101171248,0.02400000000000002,True
5.954606,3,100.539723,0.9568434149115829,0.02400000000000002,True
5.856496,4,100.548266,0.9588460172638077,0.03200000000000003,True
5.580516,4,100.558095,0.9637060172109803,0.03200000000000003,True
5.749671,3,100.564975,0.9585919630419076,0.02400000000000002,True
5.704391,3,100.571889,0.9651104351018048,0.02400000000000002,True
5.708446,4,100.581029,0.9579138941751794,0.03200000000000003,True
5.654706,4,100.589763,0.9660205272658846,0.03200000000000003,True
5.65954,3,100.596577,0.960043336285494,0.02400000000000002,True
5.748925,4,100.604979,0.9617013966950014,0.03200000000000003,True
5.787717,4,100.614814,0.9638150496882545,0.03200000000000003,True
5.60631,4,100.622851,0.9636044822858034,0.03200000000000003,True
5.685319,3,100.630044,0.9641445913283021,0.02400000000000002,True
5.739596,4,100.639446,0.9632497397513423,0.03200000000000003,True
5.657984,4,100.648419,0.9638104578378552,0.03200000000000003,True
5.758268,4,100.65799,0.962421301480035,0.03200000000000003,True
5.743032,4,100.667591,0.9655132410435965,0.03200000000000003,True
5.82579,3,100.674254,0.9580189910740451,0.02400000000000002,True
5.595903,4,100.682952,0.9620187725691405,0.03200000000000003,True
5.561567,3,100.689924,0.9619084532382007,0.02400000000000002,True
5.423801,2,100.695451,0.9640944698138808,0.016000000000000014,True
5.62559,4,100.703752,0.9623498509258693,0.03200000000000003,True
5.75317,5,100.714643,0.9616549738946307,0.040000000000000036,True
5.591337,4,100.723583,0.9618558218881357,0.03200000000000003,True
5.475416,3,100.730537,0.957025102225079,0.02400000000000002,True
5.712522,5,100.742635,0.9639066424625204,0.040000000000000036,True
5.617428,3,100.749379,0.957222989601936,0.02400000000000002,True
5.763574,4,100.75998,0.9673470753173821,0.03200000000000003,True
5.861188,5,100.770953,0.9605693706660869,0.040000000000000036,True
5.664839,3,100.778777,0.9587263993289683,0.02400000000000002,True
5.829247,5,100.790183,0.9632513076536596,0.040000000000000036,True
5.584303,4,100.799955,0.9653963033940257,0.03200000000000003,True
5.870334,5,100.810711,0.9605744566501812,0.040000000000000036,True
5.721616,4,100.819869,0.9619182366375978,0.03200000000000003,True
5.720851,4,100.830256,0.9622622839395749,0.03200000000000003,True
5.603778,5,100.841021,0.962313067680781,0.040000000000000036,True
5.568091,3,100.848897,0.962466827746829,0.02400000000000002,True
5.715003,5,100.860549,0.9591235094035473,0.040000000000000036,True
5.735728,4,100.869391,0.9611240854877708,0.03200000000000003,True
5.526467,4,100.878848,0.9607764161983359,0.03200000000000003,True
5.684996,4,100.887838,0.9628496710300842,0.03200000000000003,True
5.707436,3,100.895209,0.9572742270209995,0.02400000000000002,True
5.44156,3,100.902308,0.9620149809270269,0.02400000000000002,True
5.836802,4,100.911606,0.9629936338796551,0.03200000000000003,True
5.55773,2,100.916256,0.966953474233912,0.016000000000000014,True
5.569712,4,100.926593,0.9596934656917121,0.03200000000000003,True
5.570656,4,100.93556,0.9630942665070327,0.03200000000000003,True
5.63618,4,100.944727,0.9578351207820122,0.03200000000000003,True
5.991441,4,100.953946,0.9636911723424133,0.03200000000000003,True
5.511527,3,100.962202,0.9620521120145653,0.02400000000000002,True
5.923597,3,100.970263,0.9596538590987358,0.02400000000000002,True
6.017658,4,100.980117,0.9586408265266677,0.03200000000000003,True
5.680269,4,100.989237,0.9631652754835094,0.03200000000000003,True
5.559712,3,100.996992,0.9677412451267758,0.02400000000000002,True
5.803806,5,101.007838,0.9595369637283417,0.040000000000000036,True
5.428626,3,101.015688,0.9643776240380881,0.02400000000000002,True
5.944451,4,101.544602,0.9628799584779495,0.03200000000000003,True
5.662476,4,101.554959,0.965493238787581,0.03200000000000003,True
5.97843,4,101.56533,0.9578693704118477,0.03200000000000003,True
5.516914,3,101.573015,0.9563436708429807,0.02400000000000002,True
5.857385,4,101.584024,0.957544579869804,0.03200000000000003,True
5.591556,4,101.595735,0.9622495571100478,0.03200000000000003,True
5.618301,4,101.605776,0.9617795859633869,0.03200000000000003,True
5.681316,4,101.615833,0.9621686866276692,0.03200000000000003,True
5.562644,3,101.623049,0.9615492610214085,0.02400000000000002,True
5.794265,3,101.630661,0.9621137282238309,0.02400000000000002,True
5.468808,3,101.637687,0.9593647956335136,0.02400000000000002,True
5.692307,3,101.64513,0.9651888501706251,0.02400000000000002,True
5.652052,4,101.654847,0.9695395054247278,0.03200000000000003,True
5.644949,5,101.66612,0.9588160439735305,0.040000000000000036,True
5.958453,4,101.678813,0.9654979948499923,0.03200000000000003,True
5.897071,5,101.691627,0.9633393378410718,0.040000000000000036,True
5.56841,3,101.699379,0.9604713670984475,0.02400000000000002,True
5.608592,4,101.708342,0.9624771532073562,0.03200000000000003,True
5.64894,4,101.717906,0.9577907394976307,0.03200000000000003,True
5.876782,4,101.726038,0.9626000501826271,0.03200000000000003,True
5.911752,3,101.733876,0.9597676106378096,0.02400000000000002,True
5.578563,4,101.743676,0.9614692689654021,0.03200000000000003,True
5.739033,3,101.749982,0.9654534518218897,0.02400000000000002,True
5.734587,4,101.759434,0.9623967705809126,0.03200000000000003,True
5.570037,3,101.766436,0.9619054090625344,0.02400000000000002,True
5.825153,5,101.778113,0.9612115799802984,0.040000000000000036,True
5.737447,4,101.786437,0.9658363012676142,0.03200000000000003,True
5.511955,4,101.796436,0.9630744671203966,0.03200000000000003,True
5.574397,3,101.802615,0.9623638621344147,0.02400000000000002,True
5.38458,3,101.810611,0.9681522468379292,0.02400000000000002,True
5.670951,4,101.821008,0.9583741436755197,0.03200000000000003,True
5.775473,5,101.832593,0.961217552960447,0.040000000000000036,True
5.536621,3,101.84091,0.963166331485091,0.02400000000000002,True
5.778903,3,101.847298,0.9591569969460422,0.02400000000000002,True
5.681287,3,101.855111,0.9593480359898814,0.02400000000000002,True
5.77382,2,101.860304,0.9600227040803977,0.016000000000000014,True
5.752959,3,101.866998,0.9611931530475815,0.02400000000000002,True
5.822691,3,101.874408,0.9611962489338359,0.02400000000000002,True
5.525575,5,101.886087,0.9591591138595745,0.040000000000000036,True
5.476558,3,101.892511,0.9583367618578418,0.02400000000000002,True
5.573718,4,101.901522,0.9606720056536595,0.03200000000000003,True
5.436262,3,101.909024,0.9630655871535847,0.02400000000000002,True
5.716347,3,101.916287,0.9612421971645011,0.02400000000000002,True
5.516733,4,101.926652,0.9607146995776674,0.03200000000000003,True
5.386848,2,101.930253,0.9690923140199434,0.016000000000000014,True
5.830952,3,101.937656,0.9622467467348684,0.02400000000000002,True
5.789288,4,101.946523,0.9626085152445434,0.03200000000000003,True
6.010142,3,101.953857,0.9573194819667117,0.02400000000000002,True
5.645936,4,101.965072,0.9637757852192305,0.03200000000000003,True
5.662865,5,101.978688,0.9621040190932775,0.040000000000000036,True
5.64355,4,101.989622,0.9626446357807898,0.03200000000000003,True
5.754738,3,101.998745,0.958373799779832,0.02400000000000002,True
5.655524,4,102.008965,0.9645955471205557,0.03200000000000003,True
5.747747,3,102.016353,0.9654544272461418,0.02400000000000002,True
5.613304,4,102.02614,0.9587259077988688,0.03200000000000003,True
5.442818,3,102.033557,0.9615852735712516,0.02400000000000002,True
5.592314,4,102.04229,0.9607899097384144,0.03200000000000003,True
5.754304,4,102.051113,0.9613630718000231,0.03200000000000003,True
5.833675,4,102.061002,0.9637131685979217,0.03200000000000003,True
5.582586,4,102.069721,0.9678888949624478,0.03200000000000003,True
5.702391,3,102.077426,0.9596631510212914,0.02400000000000002,True
5.869971,4,102.086349,0.9635255950319745,0.03200000000000003,True
5.72168,4,102.094863,0.9610315401863442,0.03200000000000003,True
5.798474,5,102.104993,0.960181966856017,0.040000000000000036,True
5.529621,4,102.113391,0.9628536510877204,0.03200000000000003,True
5.650271,4,102.12255,0.9592423625688367,0.03200000000000003,True
5.599757,4,102.133067,0.9608142263421132,0.03200000000000003,True
5.884518,4,102.142917,0.9619143499737807,0.03200000000000003,True
5.826052,4,102.152374,0.961941711412176,0.03200000000000003,True
5.757278,3,102.677474,0.9641384066514023,0.02400000000000002,True
5.548817,4,102.689477,0.9645070328976347,0.03200000000000003,True
5.412678,2,102.693532,0.9636975033453195,0.016000000000000014,True
5.648467,4,102.703473,0.9605444838825742,0.03200000000000003,True
5.667586,5,102.713645,0.9616122754850455,0.040000000000000036,True
5.672587,3,102.720618,0.9633312180331524,0.02400000000000002,True
5.875711,5,102.731649,0.96346019259109,0.040000000000000036,True
5.740626,4,102.741448,0.9595139042825855,0.03200000000000003,True
5.57553,2,102.747342,0.9604763296188985,0.016000000000000014,True
5.573702,3,102.753,0.9606830285754155,0.02400000000000002,True
5.632475,3,102.759816,0.9622129438097471,0.02400000000000002,True
5.501015,4,102.769108,0.9617796491727952,0.03200000000000003,True
5.431688,4,102.777688,0.9596044093082979,0.03200000000000003,True
5.79964,4,102.786705,0.9599982229911903,0.03200000000000003,True
5.614855,4,102.797717,0.9610854100803863,0.03200000000000003,True
5.514214,4,102.806446,0.9604906163676301,0.03200000000000003,True
5.999957,4,102.816072,0.9588386038156749,0.03200000000000003,True
5.608634,4,102.825754,0.9602407972036179,0.03200000000000003,True
5.721395,5,102.838134,0.9614342198110963,0.040000000000000036,True
5.901763,3,102.84569,0.9622733143717386,0.02400000000000002,True
5.960542,4,102.854903,0.9591659199998164,0.03200000000000003,True
5.600399,4,102.864156,0.9614530062547156,0.03200000000000003,True
5.627516,3,102.871691,0.9639115018116502,0.02400000000000002,True
5.571432,3,102.879679,0.9621445551388971,0.02400000000000002,True
5.659145,3,102.88655,0.9645994494052366,0.02400000000000002,True
5.505187,3,102.892599,0.9567687905327857,0.02400000000000002,True
5.443359,4,102.90271,0.9604904966101707,0.03200000000000003,True
5.706278,4,102.912381,0.9614426974539652,0.03200000000000003,True
5.579607,4,102.921311,0.9617404286717488,0.03200000000000003,True
5.525452,3,102.928567,0.9672988631066893,0.02400000000000002,True
5.590622,4,102.937499,0.9609350821437561,0.03200000000000003,True
5.631381,5,102.948749,0.9626102975675105,0.040000000000000036,True
5.701696,4,102.95851,0.9589054707401385,0.03200000000000003,True
6.063516,4,102.967782,0.9608127020036628,0.03200000000000003,True
5.603038,4,102.977025,0.9601731595471126,0.03200000000000003,True
5.774732,4,102.987282,0.957877874670054,0.03200000000000003,True
5.682675,3,102.992245,0.9610915210261926,0.02400000000000002,True
5.670867,4,103.001055,0.9586833863470989,0.03200000000000003,True
5.85961,4,103.009866,0.9647169542262608,0.03200000000000003,True
5.590863,2,103.015823,0.9599237745158515,0.016000000000000014,True
5.662455,3,103.023182,0.9640396288349331,0.02400000000000002,True
5.368514,3,103.029907,0.9570037889061402,0.02400000000000002,True
5.709368,4,103.039824,0.9616301231869241,0.03200000000000003,True
5.784029,4,103.049655,0.9656363138194218,0.03200000000000003,True
5.744431,4,103.058846,0.96308748532834,0.03200000000000003,True
5.710617,4,103.067725,0.9629311371347888,0.03200000000000003,True
5.781779,4,103.076809,0.9594217082102725,0.03200000000000003,True
5.778079,5,103.088195,0.9666349176639819,0.040000000000000036,True
5.713521,3,103.095586,0.9625589273240691,0.02400000000000002,True
5.548098,5,103.106605,0.9656526238163059,0.040000000000000036,True
5.505065,3,103.112365,0.9632730375146625,0.02400000000000002,True
5.921624,4,103.123367,0.96284320716731,0.03200000000000003,True
5.537792,3,103.130516,0.9609456367414746,0.02400000000000002,True
5.805345,3,103.13798,0.9632707103839842,0.02400000000000002,True
5.625055,4,103.147727,0.9612698079290816,0.03200000000000003,True
5.892834,4,103.158418,0.9646396560877987,0.03200000000000003,True
5.740234,4,103.168126,0.9634533092645853,0.03200000000000003,True
5.68947,3,103.175907,0.9621203833955093,0.02400000000000002,True
5.869708,5,103.187737,0.9600754757950627,0.040000000000000036,True
5.653559,4,103.197539,0.9611637419205837,0.03200000000000003,True
5.63488,4,103.207757,0.9591554831949028,0.03200000000000003,True
5.674675,3,103.215613,0.9589610947363325,0.02400000000000002,True
5.672149,3,103.221651,0.9568063689805246,0.02400000000000002,True
5.569327,5,103.233768,0.9578598851377326,0.040000000000000036,True
5.736122,4,103.242986,0.9609467834872317,0.03200000000000003,True
5.747154,4,103.251883,0.9593409116168046,0.03200000000000003,True
5.875669,5,103.26506,0.9621789835368841,0.040000000000000036,True
5.498515,3,103.270904,0.9593532982176567,0.02400000000000002,True
5.639347,4,103.280123,0.9622625009580219,0.03200000000000003,True
5.656993,3,103.831572,0.9634866923249342,0.02400000000000002,True
5.579432,3,103.840663,0.9619746173843787,0.02400000000000002,True
5.698435,3,103.849377,0.9665509342896896,0.02400000000000002,True
6.000161,4,103.859813,0.9623300300901212,0.03200000000000003,True
5.742217,4,103.868793,0.9604956964839783,0.03200000000000003,True
5.439019,3,103.876609,0.9667989631902059,0.02400000000000002,True
5.873442,3,103.88411,0.9574349152116017,0.02400000000000002,True
5.711415,4,103.891928,0.9593900819421906,0.03200000000000003,True
5.756303,4,103.90184,0.9622308630677603,0.03200000000000003,True
5.500812,4,103.985731,0.9620289273216864,0.03200000000000003,True
6.034954,4,103.99478,0.9595207964046093,0.03200000000000003,True
5.78433,5,104.007069,0.9587695749019812,0.040000000000000036,True
5.477937,4,104.016236,0.9559107675891958,0.03200000000000003,True
5.632448,5,104.027433,0.9625811451502014,0.040000000000000036,True
5.520669,3,104.034838,0.9632349389728159,0.02400000000000002,True
5.508857,4,104.04405,0.9629607729075524,0.03200000000000003,True
5.771832,4,104.052956,0.9597155618110003,0.03200000000000003,True
5.508518,4,104.062121,0.9598581134548703,0.03200000000000003,True
5.968149,4,104.071827,0.9608521762950115,0.03200000000000003,True
5.686098,4,104.081547,0.9627164553294091,0.03200000000000003,True
5.633951,4,104.089802,0.9610232513651242,0.03200000000000003,True
5.987564,4,104.098925,0.9617381393546323,0.03200000000000003,True
5.870085,4,104.10789,0.9582856211716368,0.03200000000000003,True
5.897625,3,104.115638,0.9631758934533131,0.02400000000000002,True
5.954188,4,104.125999,0.9620710308356019,0.03200000000000003,True
5.711482,4,104.135487,0.9620815143027621,0.03200000000000003,True
5.481827,3,104.143695,0.9644054095038739,0.02400000000000002,True
5.706843,3,104.150149,0.9639785944097337,0.02400000000000002,True
5.656836,3,104.158358,0.9606024430471625,0.02400000000000002,True
5.611346,3,104.166496,0.9626574012559896,0.02400000000000002,True
5.761737,4,104.175942,0.9648720252149582,0.03200000000000003,True
5.77405,3,104.182591,0.956841146054665,0.02400000000000002,True
5.796772,5,104.194017,0.9592746924311846,0.040000000000000036,True
5.816581,4,104.203093,0.9603066181780106,0.03200000000000003,True
5.457255,4,104.212074,0.9649808394102388,0.03200000000000003,True
5.963839,3,104.219155,0.9613597105897256,0.02400000000000002,True
5.842823,5,104.230723,0.9639330258481091,0.040000000000000036,True
5.630243,4,104.241944,0.9647133164500347,0.03200000000000003,True
5.526762,5,104.253752,0.9603281811972578,0.040000000000000036,True
5.45434,3,104.261326,0.9592939274160852,0.02400000000000002,True
5.593429,5,104.275858,0.964609168167632,0.040000000000000036,True
5.72254,4,104.285659,0.9650007410132129,0.03200000000000003,True
5.53174,4,104.295053,0.961327226483635,0.03200000000000003,True
5.822587,5,104.307676,0.9644108210139023,0.040000000000000036,True
5.70104,3,104.314719,0.959022854035036,0.02400000000000002,True
5.86514,4,104.323986,0.9602836316744072,0.03200000000000003,True
5.933048,4,104.332837,0.9634721698430835,0.03200000000000003,True
5.53861,3,104.341088,0.9637917940340646,0.02400000000000002,True
5.743896,4,104.35147,0.961412271312116,0.03200000000000003,True
5.488643,3,104.358752,0.9648587390679401,0.02400000000000002,True
5.599002,4,104.369384,0.9636452889485305,0.03200000000000003,True
5.867023,4,104.379252,0.961846991556184,0.03200000000000003,True
5.482403,3,104.386121,0.9596655853903346,0.02400000000000002,True
5.349502,2,104.393165,0.9657390417970266,0.016000000000000014,True
5.705898,4,104.406528,0.9614913199749581,0.03200000000000003,True
5.692705,4,104.420762,0.9593310143313745,0.03200000000000003,True
5.585151,5,104.434422,0.9588935092832496,0.040000000000000036,True
5.802184,4,104.444222,0.9638562199891919,0.03200000000000003,True
5.430402,4,104.453927,0.9620559099531396,0.03200000000000003,True
5.63447,5,104.466465,0.9596675344952437,0.040000000000000036,True
5.456539,3,104.473463,0.9630910741326812,0.02400000000000002,True
5.78083,4,104.482425,0.9601784896679835,0.03200000000000003,True
5.654989,3,104.490195,0.9582322490592775,0.02400000000000002,True
5.732958,4,104.500355,0.9630831020512778,0.03200000000000003,True
5.585408,5,104.510856,0.9646882385313009,0.040000000000000036,True
5.611723,4,104.519988,0.9608946907126759,0.03200000000000003,True
5.794305,4,104.529147,0.9620861458023702,0.03200000000000003,True
5.593277,4,105.063756,0.9586788236439303,0.03200000000000003,True
5.83185,3,105.070675,0.9662126046997326,0.02400000000000002,True
5.7036,4,105.080296,0.9604569471472058,0.03200000000000003,True
5.933567,4,105.090267,0.9716665475319778,0.03200000000000003,True
5.798228,5,105.102294,0.9630958678114389,0.040000000000000036,True
5.909831,3,105.108951,0.963643704990788,0.02400000000000002,True
5.542153,3,105.116182,0.960001650631166,0.02400000000000002,True
5.637264,4,105.125985,0.9626226213630289,0.03200000000000003,True
5.586949,5,105.138962,0.9608111336741917,0.040000000000000036,True
5.598553,4,105.149168,0.9642345574503385,0.03200000000000003,True
5.674203,3,105.1567,0.9606592786070358,0.02400000000000002,True
6.051137,5,105.168501,0.9639802904532737,0.040000000000000036,True
5.705835,5,105.180416,0.9571191465855785,0.040000000000000036,True
5.49781,4,105.18953,0.9586753996011312,0.03200000000000003,True
5.823323,4,105.199158,0.9629951812853269,0.03200000000000003,True
5.749403,3,105.206858,0.9609265988303358,0.02400000000000002,True
5.387631,3,105.21397,0.9592052499325308,0.02400000000000002,True
5.845333,4,105.223165,0.9598469890800727,0.03200000000000003,True
5.895135,4,105.232604,0.9594248339999762,0.03200000000000003,True
5.668888,3,105.240508,0.9587458183141606,0.02400000000000002,True
5.487703,5,105.251875,0.962391917528523,0.040000000000000036,True
5.565521,5,105.263413,0.9651043279353217,0.040000000000000036,True
5.632945,4,105.273196,0.9606885369287648,0.03200000000000003,True
5.780304,4,105.282092,0.9638982791626112,0.03200000000000003,True
5.737769,4,105.291204,0.9608388567447735,0.03200000000000003,True
5.446944,3,105.299298,0.9628769321116902,0.02400000000000002,True
5.581076,4,105.308384,0.9616503395009812,0.03200000000000003,True
6.016472,4,105.318253,0.9562564161710476,0.03200000000000003,True
5.573146,3,105.325357,0.9581370892768761,0.02400000000000002,True
5.786705,4,105.334263,0.9638991926537084,0.03200000000000003,True
5.448072,4,105.34375,0.9608866918459579,0.03200000000000003,True
5.736153,5,105.354172,0.9599485455392307,0.040000000000000036,True
5.655536,3,105.361544,0.9618625419864755,0.02400000000000002,True
5.502478,4,105.370415,0.9628365578128713,0.03200000000000003,True
5.797582,5,105.38138,0.9634037558361086,0.040000000000000036,True
5.626406,4,105.390635,0.9607565263986247,0.03200000000000003,True
6.003828,4,105.399723,0.9638843968695335,0.03200000000000003,True
5.862225,5,105.413023,0.9566981688654868,0.040000000000000036,True
5.575947,3,105.419501,0.9690341776180171,0.02400000000000002,True
5.593907,4,105.431323,0.970834412991378,0.03200000000000003,True
5.339513,3,105.441452,0.9595604475979383,0.02400000000000002,True
5.641496,5,105.458671,0.9602089448867408,0.040000000000000036,True
5.982608,5,105.471203,0.9634447397750737,0.040000000000000036,True
5.958001,4,105.480531,0.9622705676112935,0.03200000000000003,True
5.837693,5,105.492297,0.9622814840781725,0.040000000000000036,True
5.391063,3,105.499132,0.9636192861816236,0.02400000000000002,True
5.648326,4,105.5079,0.9660268219464327,0.03200000000000003,True
5.575664,4,105.516746,0.9583199617654875,0.03200000000000003,True
5.773232,5,105.527049,0.9650580630510306,0.040000000000000036,True
5.72698,3,105.533836,0.9620747616274602,0.02400000000000002,True
5.871464,4,105.542613,0.9572398505945725,0.03200000000000003,True
5.773716,5,105.554674,0.9614020392705412,0.040000000000000036,True
5.632942,4,105.56367,0.9619681880024551,0.03200000000000003,True
5.634504,4,105.572816,0.9565166141078975,0.03200000000000003,True
5.642461,4,105.582554,0.9636744247165746,0.03200000000000003,True
5.562826,2,105.587852,0.9622216435406681,0.016000000000000014,True
5.74911,3,105.594876,0.9601555740914497,0.02400000000000002,True
5.563665,3,105.601482,0.9586278808211012,0.02400000000000002,True
5.430383,4,105.609508,0.9591172365714682,0.03200000000000003,True
5.493352,3,105.616917,0.9571485051209299,0.02400000000000002,True
5.578825,4,105.626365,0.9586264620708275,0.03200000000000003,True
5.832841,4,105.635351,0.960248645173057,0.03200000000000003,True
5.65652,2,105.640591,0.95923973673845,0.016000000000000014,True
5.724268,4,105.650284,0.9620183414862238,0.03200000000000003,True
5.74219,4,105.659732,0.9636287585705792,0.03200000000000003,True
5.50879,3,105.667562,0.9588039458519412,0.02400000000000002,True
5.591714,4,106.198309,0.9649233500211388,0.03200000000000003,True
5.749704,3,106.205843,0.9664874423418046,0.02400000000000002,True
5.841379,4,106.214727,0.9583582026251269,0.03200000000000003,True
5.640651,3,106.221476,0.961434084447133,0.02400000000000002,True
5.817158,4,106.231272,0.9573384041029344,0.03200000000000003,True
5.807978,4,106.240569,0.9628914332259811,0.03200000000000003,True
5.862671,2,106.246111,0.9636324275953172,0.016000000000000014,True
5.629251,4,106.255857,0.9617422371415719,0.03200000000000003,True
5.997871,4,106.264763,0.9572746891105695,0.03200000000000003,True
5.726616,3,106.272992,0.9620730490868519,0.02400000000000002,True
6.085214,5,106.285001,0.9608142072527139,0.040000000000000036,True
5.394966,3,106.290924,0.9577122629774748,0.02400000000000002,True
5.623061,4,106.301116,0.9591390162482363,0.03200000000000003,True
5.471806,3,106.309053,0.9602613869560052,0.02400000000000002,True
5.753995,4,106.3183,0.9630772807807367,0.03200000000000003,True
5.464812,3,106.325836,0.9649766653128935,0.02400000000000002,True
5.875121,4,106.334079,0.959854686776332,0.03200000000000003,True
5.552805,4,106.343297,0.963199460252347,0.03200000000000003,True
5.677739,4,106.352664,0.9643788305779704,0.03200000000000003,True
5.69406,4,106.362563,0.9594869764029689,0.03200000000000003,True
5.558428,4,106.372346,0.9668801381327486,0.03200000000000003,True
5.487154,3,106.37905,0.9572317807135484,0.02400000000000002,True
5.865317,5,106.390554,0.9656910255376643,0.040000000000000036,True
6.066142,3,106.398182,0.9587249664177999,0.02400000000000002,True
5.801467,4,106.40766,0.9602653500657855,0.03200000000000003,True
5.858418,3,106.414733,0.9648664466803474,0.02400000000000002,True
5.560678,4,106.424884,0.963782692341909,0.03200000000000003,True
5.836739,5,106.435909,0.9676234630750661,0.040000000000000036,True
5.6717,4,106.446206,0.9670879812455864,0.03200000000000003,True
5.873427,4,106.458022,0.9648948832641171,0.03200000000000003,True
5.54931,4,106.473356,0.9610329612359335,0.03200000000000003,True
5.682916,3,106.484678,0.9572627664753153,0.02400000000000002,True
6.021247,3,106.495556,0.9640525815645524,0.02400000000000002,True
5.723852,3,106.50187,0.961376583511196,0.02400000000000002,True
5.654891,4,106.510912,0.9574068364797734,0.03200000000000003,True
5.620321,3,106.518581,0.9620219797825637,0.02400000000000002,True
5.914472,4,106.528499,0.9637388772576794,0.03200000000000003,True
5.792878,4,106.538248,0.9629767849792032,0.03200000000000003,True
5.499359,4,106.547869,0.9661350611396179,0.03200000000000003,True
5.745999,4,106.557159,0.9621323954072066,0.03200000000000003,True
5.651625,4,106.566739,0.9606262850817417,0.03200000000000003,True
5.525679,3,106.574538,0.9641946825445413,0.02400000000000002,True
5.516288,4,106.584579,0.9588316091816133,0.03200000000000003,True
5.529003,4,106.595426,0.9618280073581696,0.03200000000000003,True
5.666381,4,106.604197,0.9639425890228378,0.03200000000000003,True
5.879416,3,106.61185,0.9605659941336373,0.02400000000000002,True
5.632293,3,106.620062,0.9627041555238782,0.02400000000000002,True
5.465592,3,106.626945,0.9594288230905041,0.02400000000000002,True
5.55761,5,106.638972,0.9572323446566435,0.040000000000000036,True
5.495001,4,106.648825,0.9683559144563483,0.03200000000000003,True
5.719253,4,106.658112,0.9612837992013256,0.03200000000000003,True
5.45832,3,106.665132,0.9610145628609514,0.02400000000000002,True
5.704609,3,106.673326,0.9610282706962143,0.02400000000000002,True
5.664339,3,106.681266,0.9585451986199438,0.02400000000000002,True
5.79059,3,106.688523,0.9610098230601756,0.02400000000000002,True
5.748928,4,106.69882,0.960984479527411,0.03200000000000003,True
6.047369,5,106.710485,0.9649899314873922,0.040000000000000036,True
5.890454,5,106.721804,0.9577326813679357,0.040000000000000036,True
5.533211,4,106.73116,0.9620695486199584,0.03200000000000003,True
5.760234,4,106.74013,0.9636850086291033,0.03200000000000003,True
5.609205,4,106.749452,0.9629066579628699,0.03200000000000003,True
5.676706,3,106.758282,0.9591057206151414,0.02400000000000002,True
5.72343,3,106.765577,0.9617482852818813,0.02400000000000002,True
5.857983,4,106.77486,0.9572519005716079,0.03200000000000003,True
5.654526,3,106.782564,0.9607287291233253,0.02400000000000002,True
5.694319,3,106.790803,0.9612416932983919,0.02400000000000002,True
5.761068,4,106.80002,0.9567165798295358,0.03200000000000003,True
5.796559,4,106.809608,0.9610205546062758,0.03200000000000003,True
5.394207,3,106.817573,0.9602165487486272,0.02400000000000002,True
5.763492,4,107.346475,0.9589775309005861,0.03200000000000003,True
5.754451,3,107.354663,0.95961243439959,0.02400000000000002,True
5.653778,5,107.366829,0.9612640121231641,0.040000000000000036,True
6.017673,4,107.376187,0.9632244134913659,0.03200000000000003,True
5.63867,5,107.38831,0.9648403451153298,0.040000000000000036,True
5.798612,4,107.397569,0.9599720707986625,0.03200000000000003,True
5.462611,3,107.404764,0.9573527332921304,0.02400000000000002,True
5.48868,3,107.412328,0.9593814930515303,0.02400000000000002,True
6.058312,3,107.419878,0.9590539485751574,0.02400000000000002,True
5.785175,4,107.429395,0.9638098179463308,0.03200000000000003,True
5.738105,4,107.438803,0.9615105585604299,0.03200000000000003,True
5.68268,3,107.446484,0.9590642425449935,0.02400000000000002,True
5.741493,3,107.456846,0.957119881247613,0.02400000000000002,True
5.883,3,107.466294,0.9612128002419073,0.02400000000000002,True
5.493362,4,107.475683,0.9615878143446712,0.03200000000000003,True
5.571029,5,107.488112,0.9661001456234333,0.040000000000000036,True
5.890974,4,107.498372,0.9599712689012682,0.03200000000000003,True
5.514396,3,107.508271,0.9599051119175668,0.02400000000000002,True
5.584725,4,107.524179,0.9606426385684381,0.03200000000000003,True
5.557076,3,107.533967,0.9601604464875259,0.02400000000000002,True
5.565702,3,107.541582,0.9609117601792964,0.02400000000000002,True
5.795064,4,107.551998,0.9613990640739429,0.03200000000000003,True
5.563029,4,107.562766,0.9596932689033073,0.03200000000000003,True
6.00675,3,107.569962,0.9646759339597006,0.02400000000000002,True
5.662177,3,107.576619,0.9621303570444628,0.02400000000000002,True
5.414045,3,107.584623,0.9591898581875904,0.02400000000000002,True
5.417489,4,107.594111,0.9644408774799367,0.03200000000000003,True
5.663803,3,107.601352,0.9599832571522007,0.02400000000000002,True
5.550418,4,107.611523,0.9677653910875234,0.03200000000000003,True
5.814745,4,107.619915,0.9593325448279035,0.03200000000000003,True
5.588515,4,107.629385,0.9660208033455107,0.03200000000000003,True
5.512495,4,107.639465,0.9649850470703549,0.03200000000000003,True
5.717974,3,107.647051,0.9596554931975816,0.02400000000000002,True
5.847787,4,107.656089,0.9587311835467891,0.03200000000000003,True
5.686857,3,107.662647,0.9589167091810562,0.02400000000000002,True
5.852257,5,107.680765,0.9592857695390549,0.040000000000000036,True
5.639113,4,107.695471,0.9595352244541832,0.03200000000000003,True
5.673636,5,107.714497,0.9604122662365966,0.040000000000000036,True
5.600565,4,107.728015,0.9618288268863093,0.03200000000000003,True
5.438149,4,107.743243,0.9605191588079047,0.03200000000000003,True
5.634548,4,107.756984,0.9603549745829092,0.03200000000000003,True
5.611361,4,107.771464,0.9593480130929537,0.03200000000000003,True
5.743223,3,107.783652,0.9588870635105007,0.02400000000000002,True
5.636692,4,107.797237,0.9595558228701179,0.03200000000000003,True
5.467736,3,107.807544,0.9613162957564652,0.02400000000000002,True
5.746518,4,107.819431,0.9577599586369523,0.03200000000000003,True
6.072766,5,107.832835,0.9601445272176559,0.040000000000000036,True
5.944017,3,107.844146,0.9603602228917941,0.02400000000000002,True
5.794382,4,107.855851,0.9604449042960636,0.03200000000000003,True
6.005263,4,107.868499,0.9595364679036609,0.03200000000000003,True
5.561147,3,107.877369,0.9612205853898597,0.02400000000000002,True
5.728878,3,107.886588,0.9571772220842677,0.02400000000000002,True
5.707321,4,107.898249,0.9612964795067429,0.03200000000000003,True
5.709353,3,107.907873,0.9606380323799679,0.02400000000000002,True
5.566382,4,107.919659,0.9627171879934852,0.03200000000000003,True
5.795531,5,107.935283,0.9598386474064571,0.040000000000000036,True
5.703681,4,107.950472,0.959420850490068,0.03200000000000003,True
5.740752,3,107.961378,0.9602077404337208,0.02400000000000002,True
6.124532,5,107.976457,0.956889028826153,0.040000000000000036,True
5.527925,3,107.98781,0.9576774374063147,0.02400000000000002,True
5.50566,4,108.001046,0.9589382913820046,0.03200000000000003,True
5.521543,3,108.009669,0.9570681183162598,0.02400000000000002,True
5.749841,3,108.0191,0.9663610389334737,0.02400000000000002,True
5.691096,3,108.028458,0.9598297720188517,0.02400000000000002,True
5.777324,4,108.039621,0.9650425905316999,0.03200000000000003,True
5.583624,4,108.050148,0.9654060230624748,0.03200000000000003,True
5.83051,3,108.059592,0.9604898641595833,0.02400000000000002,True
5.946924,3,108.069211,0.9593764958034398,0.02400000000000002,True
5.555859,4,108.080778,0.9651471531674952,0.03200000000000003,True
5.771299,2,108.086564,0.9658171249787417,0.016000000000000014,True
5.861785,4,108.797863,0.9655306104011815,0.03200000000000003,True
5.828596,4,108.81026,0.9576066079371535,0.03200000000000003,True
5.578755,4,108.822507,0.9637017895848157,0.03200000000000003,True
5.738822,3,108.831996,0.9605389514533804,0.02400000000000002,True
5.515966,4,108.844354,0.9625525916639042,0.03200000000000003,True
5.464945,3,108.85263,0.9609299875794581,0.02400000000000002,True
5.745452,4,108.865724,0.9584957049218704,0.03200000000000003,True
5.398063,3,108.875565,0.9583494774057536,0.02400000000000002,True
5.965426,3,108.886476,0.9593055862328792,0.02400000000000002,True
5.869009,4,108.899205,0.966862458971141,0.03200000000000003,True
5.450391,4,108.91252,0.959370599866211,0.03200000000000003,True
5.853443,4,108.924286,0.963842393022949,0.03200000000000003,True
5.545794,4,108.936081,0.9638669781681082,0.03200000000000003,True
5.49932,3,108.945235,0.9637668695195967,0.02400000000000002,True
5.806492,4,108.958103,0.9628008701003086,0.03200000000000003,True
5.675723,4,108.969915,0.9586263473897082,0.03200000000000003,True
5.869402,4,108.981929,0.9589072838239194,0.03200000000000003,True
5.764879,3,108.990851,0.9640805486000559,0.02400000000000002,True
5.895232,4,109.003476,0.9678261647312958,0.03200000000000003,True
5.453935,3,109.012121,0.9615220047886486,0.02400000000000002,True
5.685686,4,109.024519,0.9595696022798464,0.03200000000000003,True
5.531109,3,109.032741,0.9618486928512737,0.02400000000000002,True
5.349296,4,109.045115,0.9641075821417164,0.03200000000000003,True
5.618504,5,109.058635,0.9707372204428961,0.040000000000000036,True
5.877031,4,109.069735,0.9585206158191568,0.03200000000000003,True
5.736364,3,109.079855,0.9635156136956802,0.02400000000000002,True
5.702707,4,109.091281,0.9580425630258889,0.03200000000000003,True
5.829003,5,109.108528,0.9629860927973423,0.040000000000000036,True
5.704514,3,109.11764,0.9605771639688795,0.02400000000000002,True
5.514924,3,109.129478,0.9584725571445376,0.02400000000000002,True
5.663249,4,109.144777,0.9594611544687546,0.03200000000000003,True
5.860842,4,109.158353,0.95938591989312,0.03200000000000003,True
5.714741,4,109.171075,0.9593267455120699,0.03200000000000003,True
5.601933,4,109.18621,0.962824873066006,0.03200000000000003,True
5.727892,4,109.20176,0.9611766608382831,0.03200000000000003,True
5.769457,4,109.214812,0.9591316774403793,0.03200000000000003,True
5.77828,4,109.22819,0.9608919873601174,0.03200000000000003,True
5.693696,4,109.240147,0.9618203529429795,0.03200000000000003,True
5.638325,4,109.252864,0.9566753165178341,0.03200000000000003,True
5.826045,4,109.265271,0.9600108892992056,0.03200000000000003,True
5.759832,3,109.27569,0.9629602455396725,0.02400000000000002,True
5.799434,4,109.290252,0.9602254404037107,0.03200000000000003,True
5.71463,3,109.301658,0.9598881156352825,0.02400000000000002,True
5.442713,3,109.311495,0.9622393340905413,0.02400000000000002,True
5.709542,3,109.320443,0.9612340949681557,0.02400000000000002,True
5.607245,4,109.333538,0.9591523548746062,0.03200000000000003,True
5.803976,4,109.348208,0.9627381884709629,0.03200000000000003,True
5.674724,2,109.355825,0.963526111314641,0.016000000000000014,True
5.725289,4,109.369372,0.9595987507815246,0.03200000000000003,True
5.783088,3,109.378894,0.9627663507330182,0.02400000000000002,True
5.792206,4,109.390814,0.962868311573349,0.03200000000000003,True
5.770648,4,109.402755,0.9591593030503931,0.03200000000000003,True
5.795799,4,109.414639,0.9636725052995044,0.03200000000000003,True
6.03781,4,109.426492,0.9644440071856354,0.03200000000000003,True
5.817853,5,109.442458,0.9586836968810506,0.040000000000000036,True
5.69893,3,109.455195,0.9656459394336285,0.02400000000000002,True
5.519884,3,109.463248,0.9615084010073457,0.02400000000000002,True
5.782656,4,109.47615,0.9637285926952674,0.03200000000000003,True
5.521445,3,109.484944,0.9648826942733065,0.02400000000000002,True
5.923653,4,109.496551,0.9622593167087812,0.03200000000000003,True
5.758255,3,109.506198,0.9616455624845268,0.02400000000000002,True
5.72318,3,109.51542,0.9588743144054829,0.02400000000000002,True
5.701796,4,109.526904,0.9577768440239584,0.03200000000000003,True
5.58558,5,109.540988,0.9571765850118233,0.040000000000000036,True
5.557291,4,109.552313,0.9582154033394578,0.03200000000000003,True
5.789015,4,109.563344,0.9646477795442749,0.03200000000000003,True
5.574515,4,109.575256,0.9590138190185706,0.03200000000000003,True
5.732772,4,109.589117,0.9613825063494313,0.03200000000000003,True
5.74986,4,109.600662,0.9593840672863271,0.03200000000000003,True
5.873818,4,110.431348,0.9618694347845165,0.03200000000000003,True
5.570164,4,110.446171,0.9562598399818865,0.03200000000000003,True
5.797077,4,110.457144,0.9607669977233266,0.03200000000000003,True
5.75823,4,110.469498,0.960845970151716,0.03200000000000003,True
5.88292,3,110.479297,0.9616494266689057,0.02400000000000002,True
5.309265,2,110.487419,0.9599324427404159,0.016000000000000014,True
5.77045,3,110.496422,0.961373921768446,0.02400000000000002,True
5.76171,3,110.504414,0.9636625603672357,0.02400000000000002,True
5.611121,4,110.518205,0.9593294588180425,0.03200000000000003,True
5.719919,3,110.526387,0.959521051453599,0.02400000000000002,True
5.646054,3,110.535501,0.9621775423374539,0.02400000000000002,True
5.639464,4,110.547791,0.9593398328256493,0.03200000000000003,True
5.469269,4,110.559347,0.964317390169214,0.03200000000000003,True
5.459283,4,110.571445,0.9594513837805216,0.03200000000000003,True
5.615638,5,110.587447,0.9571912075146467,0.040000000000000036,True
5.845153,4,110.598778,0.9620123681693646,0.03200000000000003,True
5.592709,4,110.610247,0.9622207996669534,0.03200000000000003,True
5.689731,4,110.621584,0.9628376362726943,0.03200000000000003,True
5.878766,5,110.637145,0.9656745133995241,0.040000000000000036,True
5.855905,5,110.651399,0.9615734720018728,0.040000000000000036,True
5.66385,3,110.660239,0.9636467321226907,0.02400000000000002,True
5.836113,5,110.676716,0.9644670285946031,0.040000000000000036,True
5.834947,4,110.692304,0.9590865867278286,0.03200000000000003,True
5.678024,5,110.708746,0.9625663066707647,0.040000000000000036,True
5.63951,4,110.720663,0.96415496677916,0.03200000000000003,True
5.692631,4,110.731884,0.9604486302583732,0.03200000000000003,True
5.719238,4,110.743138,0.9617988258158295,0.03200000000000003,True
5.640549,5,110.75818,0.9620643259707788,0.040000000000000036,True
5.670563,5,110.777293,0.9591823031771336,0.040000000000000036,True
5.770062,4,110.789354,0.9630464047993821,0.03200000000000003,True
5.455953,3,110.801442,0.9625302355775448,0.02400000000000002,True
5.780148,5,110.82233,0.9616613036259102,0.040000000000000036,True
5.819811,4,110.842524,0.9631562094501385,0.03200000000000003,True
5.696541,3,110.851772,0.9629273009949271,0.02400000000000002,True
6.012785,5,110.869899,0.9637195571482098,0.040000000000000036,True
6.001114,4,110.883959,0.9617096738779586,0.03200000000000003,True
5.448206,3,110.894214,0.9679233013108175,0.02400000000000002,True
5.693036,3,110.903454,0.9622112640972463,0.02400000000000002,True
5.818625,4,110.916235,0.9589940303787283,0.03200000000000003,True
5.574708,5,110.936261,0.9619299720076474,0.040000000000000036,True
5.496245,4,110.950707,0.9626698716360538,0.03200000000000003,True
5.889736,4,110.966765,0.9597716203800786,0.03200000000000003,True
5.485265,4,110.97848,0.9668401302691312,0.03200000000000003,True
5.743088,4,110.991892,0.9607578944317849,0.03200000000000003,True
5.574484,4,111.007219,0.9634659723434493,0.03200000000000003,True
6.052782,4,111.020332,0.9623999649738686,0.03200000000000003,True
5.952525,3,111.03107,0.9650570888828168,0.02400000000000002,True
5.690724,4,111.046838,0.9585058662269504,0.03200000000000003,True
5.901052,4,111.059845,0.9566589072600291,0.03200000000000003,True
5.562235,4,111.072343,0.9604964992447188,0.03200000000000003,True
5.794276,3,111.081099,0.9649310429840787,0.02400000000000002,True
5.423376,3,111.090161,0.9633166867237077,0.02400000000000002,True
5.971242,3,111.099113,0.9637990496840227,0.02400000000000002,True
5.617029,3,111.107579,0.9609746694098271,0.02400000000000002,True
5.353799,2,111.114199,0.959874151136606,0.016000000000000014,True
5.575261,4,111.127093,0.9602484214129652,0.03200000000000003,True
5.6718,5,111.142132,0.9581511549285164,0.040000000000000036,True
5.640145,4,111.15459,0.9590061476153453,0.03200000000000003,True
5.93248,4,111.166639,0.9601772398097451,0.03200000000000003,True
5.941079,4,111.178324,0.9565172417566414,0.03200000000000003,True
5.594423,5,111.193552,0.962249700967992,0.040000000000000036,True
5.751716,4,111.207848,0.964683878836649,0.03200000000000003,True
5.432997,3,111.217515,0.9645453426980107,0.02400000000000002,True
5.818876,4,111.229297,0.9613690314566625,0.03200000000000003,True
5.937538,4,111.241452,0.9653443567877177,0.03200000000000003,True
5.62275,3,111.249907,0.9587898935643036,0.02400000000000002,True
5.810431,3,112.038528,0.9583589946187779,0.02400000000000002,True
5.806743,5,112.051665,0.9636541816129391,0.040000000000000036,True
5.670148,5,112.062687,0.9608392591682682,0.040000000000000036,True
5.747002,4,112.072144,0.9613517623776016,0.03200000000000003,True
5.931475,4,112.081626,0.9640666505116358,0.03200000000000003,True
5.762869,3,112.088504,0.9630551561815031,0.02400000000000002,True
5.936141,3,112.095821,0.959431926412875,0.02400000000000002,True
5.5843,4,112.105131,0.9573492924168044,0.03200000000000003,True
5.574713,4,112.114167,0.962998059204826,0.03200000000000003,True
5.515132,3,112.12185,0.9614691399131822,0.02400000000000002,True
5.775092,4,112.131121,0.9612643348840566,0.03200000000000003,True
5.531814,4,112.141339,0.9567355040176866,0.03200000000000003,True
5.408737,4,112.15176,0.9644188354724362,0.03200000000000003,True
5.723184,4,112.162296,0.9692371461764201,0.03200000000000003,True
5.461399,3,112.168591,0.9594147237586252,0.02400000000000002,True
5.656124,4,112.177566,0.9587132366946551,0.03200000000000003,True
5.657479,5,112.187998,0.9581664320221357,0.040000000000000036,True
5.851694,5,112.199838,0.9591161102821515,0.040000000000000036,True
5.599716,5,112.211264,0.9594998948235971,0.040000000000000036,True
5.557123,4,112.221406,0.9591902669997507,0.03200000000000003,True
5.439729,3,112.23142,0.9610793567354918,0.02400000000000002,True
5.653433,4,112.241452,0.961588779281858,0.03200000000000003,True
5.599375,3,112.250343,0.9647856186519572,0.02400000000000002,True
5.723323,5,112.263127,0.9588235827158893,0.040000000000000036,True
5.573121,4,112.272009,0.9595014976684322,0.03200000000000003,True
5.564097,4,112.282593,0.9594497010985241,0.03200000000000003,True
5.804991,4,112.292217,0.9647196693181459,0.03200000000000003,True
5.759665,4,112.30222,0.9621049260083829,0.03200000000000003,True
5.844599,4,112.312445,0.9661363388929451,0.03200000000000003,True
6.005199,4,112.322417,0.9642834312717954,0.03200000000000003,True
5.43754,4,112.332164,0.9631219491479441,0.03200000000000003,True
5.618316,4,112.342782,0.9629833391740805,0.03200000000000003,True
5.801746,3,112.350416,0.956679159614881,0.02400000000000002,True
5.434738,3,112.358615,0.957567053334871,0.02400000000000002,True
5.642389,4,112.368881,0.9572732856876329,0.03200000000000003,True
5.816102,3,112.376727,0.9592125634364839,0.02400000000000002,True
5.982423,4,112.387067,0.9598475196457419,0.03200000000000003,True
5.774826,5,112.398068,0.9629952434457926,0.040000000000000036,True
5.774942,5,112.409249,0.9644679610415909,0.040000000000000036,True
5.737079,5,112.420207,0.9613732535854891,0.040000000000000036,True
5.583159,3,112.427854,0.9682423837100209,0.02400000000000002,True
5.573466,4,112.437844,0.9602020666390969,0.03200000000000003,True
5.817318,5,112.449453,0.9632123347128905,0.040000000000000036,True
5.936846,4,112.458547,0.9609512802404601,0.03200000000000003,True
5.90324,5,112.470202,0.9578915906785197,0.040000000000000036,True
5.578686,4,112.480063,0.9608103987440361,0.03200000000000003,True
5.571272,4,112.489956,0.9655817393680792,0.03200000000000003,True
5.395725,4,112.499136,0.9574184479583923,0.03200000000000003,True
5.637607,3,112.507008,0.9630827607477941,0.02400000000000002,True
5.573859,3,112.512978,0.9607975041292556,0.02400000000000002,True
5.529703,3,112.520639,0.9639356677133324,0.02400000000000002,True
5.493557,4,112.530056,0.9607256892080918,0.03200000000000003,True
5.792251,4,112.53939,0.9605189006175863,0.03200000000000003,True
5.50869,4,112.549291,0.9635946570170559,0.03200000000000003,True
5.894542,5,112.560321,0.961519452602849,0.040000000000000036,True
5.800508,4,112.569798,0.9625325272104992,0.03200000000000003,True
5.584263,2,112.57458,0.9596631602672725,0.016000000000000014,True
5.605573,5,112.587105,0.9619222101584458,0.040000000000000036,True
5.732948,4,112.595835,0.9593508494547784,0.03200000000000003,True
5.62433,4,112.60435,0.9609191613872705,0.03200000000000003,True
5.986291,4,112.615241,0.9605495605642446,0.03200000000000003,True
5.691558,4,112.624537,0.9611173386276006,0.03200000000000003,True
5.815904,4,112.634396,0.9632135565190596,0.03200000000000003,True
5.721371,3,112.642346,0.9641870843053091,0.02400000000000002,True
5.805016,4,112.651421,0.9582481840484611,0.03200000000000003,True
5.665593,4,113.187555,0.9618608177576518,0.03200000000000003,True
5.561931,3,113.195189,0.9623416416428481,0.02400000000000002,True
5.488173,3,113.202631,0.9594094683966912,0.02400000000000002,True
5.518855,3,113.209618,0.9654924304344996,0.02400000000000002,True
5.758433,4,113.21873,0.9612312134639374,0.03200000000000003,True
5.587434,3,113.226247,0.9568708377582291,0.02400000000000002,True
5.76598,4,113.236456,0.9650825796408108,0.03200000000000003,True
5.791878,3,113.243332,0.9596979256470386,0.02400000000000002,True
6.014364,4,113.252636,0.9607513843438973,0.03200000000000003,True
5.930571,5,113.263978,0.9613522095061747,0.040000000000000036,True
5.745847,4,113.274811,0.962928131178594,0.03200000000000003,True
5.785526,4,113.2837,0.9588299121722121,0.03200000000000003,True
5.575478,4,113.294135,0.9618047097465166,0.03200000000000003,True
5.578121,4,113.303227,0.958597474762187,0.03200000000000003,True
5.583445,3,113.3103,0.9645415118013339,0.02400000000000002,True
5.804859,3,113.318017,0.9582442670159266,0.02400000000000002,True
5.579716,4,113.327717,0.9680452919777615,0.03200000000000003,True
5.705527,3,113.335465,0.9587813158322342,0.02400000000000002,True
5.790373,3,113.343314,0.9605479972646995,0.02400000000000002,True
5.763029,4,113.352387,0.9583420724774734,0.03200000000000003,True
5.943304,4,113.36156,0.9576230159111042,0.03200000000000003,True
5.829698,4,113.37134,0.9591127309143812,0.03200000000000003,True
5.715313,4,113.380449,0.9625723261635797,0.03200000000000003,True
5.856964,4,113.389459,0.9610695636078732,0.03200000000000003,True
5.812728,4,113.399039,0.9583238522717403,0.03200000000000003,True
5.991982,3,113.407473,0.9641677763693037,0.02400000000000002,True
5.55945,5,113.418708,0.9643341164967774,0.040000000000000036,True
5.865036,4,113.427659,0.9607073611769634,0.03200000000000003,True
5.561097,4,113.437206,0.9598502869371254,0.03200000000000003,True
5.854762,4,113.446589,0.9607653651767984,0.03200000000000003,True
5.516126,3,113.453519,0.9608758409376902,0.02400000000000002,True
5.73476,4,113.463133,0.9622825494293443,0.03200000000000003,True
5.518162,3,113.470496,0.9569290990122787,0.02400000000000002,True
5.423454,3,113.477588,0.9580392252401713,0.02400000000000002,True
5.88323,5,113.489782,0.9633360943228058,0.040000000000000036,True
5.862747,5,113.501847,0.9614378395004146,0.040000000000000036,True
5.856146,5,113.514226,0.9593171952043501,0.040000000000000036,True
5.621955,4,113.523925,0.9632311514336979,0.03200000000000003,True
5.998711,4,113.532257,0.9607021762136315,0.03200000000000003,True
5.525686,4,113.54275,0.9563458730056317,0.03200000000000003,True
6.022371,5,113.555253,0.9599678054799905,0.040000000000000036,True
5.654437,5,113.566179,0.9600906526127044,0.040000000000000036,True
5.970603,4,113.574795,0.9571592425111617,0.03200000000000003,True
5.563036,3,113.581268,0.9615193263587849,0.02400000000000002,True
5.615049,4,113.591109,0.9613322623011801,0.03200000000000003,True
5.652999,4,113.600844,0.9646454686305979,0.03200000000000003,True
5.832215,5,113.611556,0.956415003445225,0.040000000000000036,True
5.4985,4,113.6203,0.960204855881311,0.03200000000000003,True
5.530416,4,113.629232,0.9574512189646751,0.03200000000000003,True
5.578514,3,113.636881,0.9619320614941094,0.02400000000000002,True
5.595702,5,113.647521,0.9640674566561196,0.040000000000000036,True
5.399212,3,113.655133,0.9651690220822262,0.02400000000000002,True
5.897485,4,113.664406,0.9575611059143319,0.03200000000000003,True
5.470273,4,113.675304,0.9651002715958715,0.03200000000000003,True
5.77975,3,113.684484,0.9586357023775358,0.02400000000000002,True
5.530009,4,113.694215,0.9629535141350513,0.03200000000000003,True
5.81207,4,113.702697,0.9595247047974791,0.03200000000000003,True
5.43898,3,113.710027,0.962972829235897,0.02400000000000002,True
5.559072,4,113.718656,0.957529707100514,0.03200000000000003,True
5.618941,4,113.727455,0.9642937003440748,0.03200000000000003,True
5.635617,4,113.736387,0.966363991063727,0.03200000000000003,True
5.646306,3,113.743624,0.9617690411011484,0.02400000000000002,True
6.037129,3,113.750631,0.9592241097743995,0.02400000000000002,True
5.954657,3,113.759129,0.9598476805338315,0.02400000000000002,True
5.508536,4,113.768516,0.9608443326523878,0.03200000000000003,True
5.653882,4,113.777748,0.961129121855054,0.03200000000000003,True
5.769734,4,113.786749,0.960048314480496,0.03200000000000003,True
5.788497,4,114.309518,0.9628797224968146,0.03200000000000003,True
5.649575,4,114.318738,0.9600910114299214,0.03200000000000003,True
5.69666,4,114.328218,0.9590967944290939,0.03200000000000003,True
5.735319,4,114.337292,0.9602763272736874,0.03200000000000003,True
5.740292,4,114.346174,0.9601270664874978,0.03200000000000003,True
5.781094,4,114.357571,0.9614938254209924,0.03200000000000003,True
6.009452,4,114.367266,0.960449025645865,0.03200000000000003,True
5.763077,3,114.375073,0.9626690026814959,0.02400000000000002,True
5.430468,3,114.381817,0.9617456497126005,0.02400000000000002,True
5.619427,4,114.389968,0.9611763941329876,0.03200000000000003,True
5.498729,3,114.397201,0.9640620290126246,0.02400000000000002,True
5.698563,4,114.406127,0.9619149403391273,0.03200000000000003,True
5.626515,4,114.415426,0.9585223470065923,0.03200000000000003,True
5.651852,3,114.422585,0.9592833503188232,0.02400000000000002,True
5.664487,3,114.429303,0.9573696160240888,0.02400000000000002,True
5.881301,4,114.438726,0.9608927278644429,0.03200000000000003,True
5.700524,4,114.449968,0.9594674844121671,0.03200000000000003,True
5.515115,3,114.459347,0.9655962518007613,0.02400000000000002,True
5.651033,4,114.469993,0.9588142912114328,0.03200000000000003,True
5.669992,3,114.477936,0.9587492309497656,0.02400000000000002,True
5.632131,3,114.48536,0.9597345433030788,0.02400000000000002,True
5.788631,4,114.494173,0.9614541244667449,0.03200000000000003,True
5.672886,3,114.500932,0.9597803982505341,0.02400000000000002,True
5.607624,3,114.507998,0.9605655864588722,0.02400000000000002,True
5.884909,4,114.518326,0.9614466986389101,0.03200000000000003,True
5.723431,3,114.526372,0.9615631368286921,0.02400000000000002,True
5.550663,4,114.536294,0.9563010807624189,0.03200000000000003,True
5.762281,4,114.545781,0.9574074024543467,0.03200000000000003,True
5.834293,4,114.554964,0.9644964043815597,0.03200000000000003,True
5.578775,4,114.565548,0.9615087562596492,0.03200000000000003,True
5.531796,3,114.5723,0.9591002330115814,0.02400000000000002,True
5.677878,4,114.582604,0.959624792861503,0.03200000000000003,True
5.663479,4,114.591992,0.9594242368084553,0.03200000000000003,True
5.76454,4,114.602319,0.9603605602634315,0.03200000000000003,True
5.633192,4,114.611113,0.9647217071910714,0.03200000000000003,True
5.680018,4,114.621526,0.9595978856563514,0.03200000000000003,True
5.810493,4,114.631113,0.9602864939441402,0.03200000000000003,True
5.716251,4,114.640612,0.9627193199412512,0.03200000000000003,True
5.497071,3,114.647982,0.960963966677829,0.02400000000000002,True
5.600976,4,114.65757,0.9626491667206647,0.03200000000000003,True
5.532149,3,114.666763,0.9607597340254537,0.02400000000000002,True
6.083538,4,114.677732,0.9609670538996147,0.03200000000000003,True
5.754263,4,114.687382,0.9612284817747123,0.03200000000000003,True
5.466117,3,114.694512,0.9615433639682793,0.02400000000000002,True
5.652419,3,114.702919,0.9639372522039835,0.02400000000000002,True
5.603415,5,114.725221,0.9631795615338186,0.040000000000000036,True
5.521804,3,114.73549,0.9575908049068425,0.02400000000000002,True
5.893869,3,114.74576,0.9588345398640513,0.02400000000000002,True
5.804098,4,114.755402,0.9612111804920372,0.03200000000000003,True
5.35894,3,114.762771,0.9608235867735407,0.02400000000000002,True
5.602782,4,114.772443,0.962588685944223,0.03200000000000003,True
5.776541,4,114.782971,0.9600989415581617,0.03200000000000003,True
5.642697,3,114.790972,0.9614295193600703,0.02400000000000002,True
5.473887,3,114.798387,0.9589493239876792,0.02400000000000002,True
5.492285,3,114.806347,0.9611979351558605,0.02400000000000002,True
5.786256,5,114.818896,0.960844530230816,0.040000000000000036,True
5.609384,4,114.828962,0.9569519165386072,0.03200000000000003,True
5.544377,3,114.835872,0.9615666430979783,0.02400000000000002,True
5.515491,4,114.845543,0.9592461788954796,0.03200000000000003,True
5.863253,4,114.855731,0.9576649085898704,0.03200000000000003,True
5.550409,3,114.864568,0.9604794038463776,0.02400000000000002,True
5.608604,3,114.871167,0.9617698336530096,0.02400000000000002,True
5.583561,3,114.87931,0.9635740605856964,0.02400000000000002,True
5.839849,4,114.888794,0.9601211771746619,0.03200000000000003,True
5.788636,5,114.90063,0.962464070393081,0.040000000000000036,True
5.760732,4,114.909733,0.957433337476169,0.03200000000000003,True
5.96838,4,114.91909,0.9623524152933322,0.03200000000000003,True
5.71891,4,114.928636,0.9583904049696622,0.03200000000000003,True
5.789469,4,114.938179,0.9590835066005675,0.03200000000000003,True
5.786908,4,114.94841,0.9617933505524782,0.03200000000000003,True
5.819253,4,115.530803,0.9653324047510974,0.03200000000000003,True
5.795259,4,115.539529,0.9618433619888007,0.03200000000000003,True
5.685915,3,115.546638,0.9600482440382505,0.02400000000000002,True
5.490043,4,115.555771,0.9569312439007258,0.03200000000000003,True
5.841153,5,115.56815,0.9605595783038884,0.040000000000000036,True
5.789575,5,115.579842,0.9669294705460422,0.040000000000000036,True
5.572489,3,115.588397,0.9606997004750851,0.02400000000000002,True
5.913089,4,115.596715,0.9574016822170733,0.03200000000000003,True
5.753351,4,115.607157,0.9617833044579156,0.03200000000000003,True
5.82649,5,115.618442,0.9616713757236175,0.040000000000000036,True
5.482557,3,115.624897,0.9573940744037226,0.02400000000000002,True
5.49454,5,115.637109,0.9607027832948906,0.040000000000000036,True
5.606389,4,115.646083,0.9616186764569503,0.03200000000000003,True
6.076032,4,115.655302,0.9620552118838872,0.03200000000000003,True
5.740921,3,115.661781,0.9593586458880217,0.02400000000000002,True
5.44898,5,115.672254,0.9610344710020462,0.040000000000000036,True
5.734986,4,115.682151,0.958986159033738,0.03200000000000003,True
5.620656,5,115.692391,0.9570598298122199,0.040000000000000036,True
5.879642,4,115.701326,0.9644308904284303,0.03200000000000003,True
5.535872,3,115.707981,0.9585522210017399,0.02400000000000002,True
5.628008,4,115.717985,0.9614501406416965,0.03200000000000003,True
5.847085,4,115.72733,0.9599257331143225,0.03200000000000003,True
5.658327,4,115.736443,0.9610301472919276,0.03200000000000003,True
5.962943,4,115.746517,0.9578284273316222,0.03200000000000003,True
5.816622,4,115.755446,0.963923709597011,0.03200000000000003,True
5.730746,4,115.764648,0.9606408466273375,0.03200000000000003,True
5.55471,4,115.773553,0.9667011025629412,0.03200000000000003,True
5.400411,2,115.779023,0.9590901088134667,0.016000000000000014,True
5.541914,4,115.789126,0.963324569848125,0.03200000000000003,True
5.715493,3,115.796721,0.9605418950545968,0.02400000000000002,True
5.801144,5,115.80797,0.9653975788782159,0.040000000000000036,True
5.841022,4,115.816999,0.9602758693725988,0.03200000000000003,True
5.78165,5,115.829352,0.9576166178983558,0.040000000000000036,True
5.611486,4,115.838455,0.9607787579042509,0.03200000000000003,True
5.438594,3,115.846091,0.9605457823221444,0.02400000000000002,True
5.984899,4,115.856722,0.9583762005873335,0.03200000000000003,True
5.536682,4,115.865763,0.963202417782054,0.03200000000000003,True
5.569935,4,115.874999,0.9574514979105617,0.03200000000000003,True
5.803916,4,115.883459,0.9612139794433725,0.03200000000000003,True
5.765774,4,115.891123,0.9615641075902266,0.03200000000000003,True
5.751287,4,115.901355,0.9583155024532006,0.03200000000000003,True
5.900172,4,115.910475,0.9558343151726683,0.03200000000000003,True
5.911625,4,115.919955,0.9600287363217426,0.03200000000000003,True
5.509924,3,115.927444,0.9655415514564193,0.02400000000000002,True
5.787051,4,115.937465,0.9627964190734866,0.03200000000000003,True
5.930891,4,115.946035,0.9612119742547047,0.03200000000000003,True
5.931451,5,115.958745,0.9610523060220484,0.040000000000000036,True
5.937376,4,115.96858,0.956869469794368,0.03200000000000003,True
5.597888,5,115.979922,0.9631508052309516,0.040000000000000036,True
5.504284,5,115.995247,0.961542614473073,0.040000000000000036,True
5.683175,5,116.007518,0.957973596530795,0.040000000000000036,True
5.418418,3,116.013592,0.9623810818605085,0.02400000000000002,True
5.689597,4,116.024041,0.9646968860479568,0.03200000000000003,True
5.896797,3,116.037502,0.9575381436485078,0.02400000000000002,True
5.831232,5,116.052819,0.9615028300731824,0.040000000000000036,True
5.450828,4,116.067152,0.9619781886911949,0.03200000000000003,True
5.708107,5,116.160499,0.9648775571224502,0.040000000000000036,True
5.499678,4,116.171181,0.9622397645666616,0.03200000000000003,True
5.558198,4,116.180278,0.9614840998318059,0.03200000000000003,True
5.488959,4,116.191607,0.961568660163489,0.03200000000000003,True
5.806392,4,116.200661,0.9605389355098306,0.03200000000000003,True
5.846274,4,116.210574,0.9598501395792858,0.03200000000000003,True
5.786045,4,116.220677,0.9629056475246645,0.03200000000000003,True
5.704257,5,116.739785,0.9601285468732013,0.040000000000000036,True
5.520558,5,116.758158,0.9615904887228416,0.040000000000000036,True
5.762414,4,116.768265,0.9674067431354878,0.03200000000000003,True
5.59394,4,116.77792,0.9628075296427209,0.03200000000000003,True
5.359493,3,116.785227,0.9608347462173694,0.02400000000000002,True
5.637003,3,116.792102,0.9590208065157221,0.02400000000000002,True
5.554256,4,116.801731,0.9615698817128617,0.03200000000000003,True
5.63321,3,116.809774,0.9591449236990321,0.02400000000000002,True
5.544469,4,116.819178,0.9600749966975488,0.03200000000000003,True
5.735095,3,116.82792,0.9588855582247802,0.02400000000000002,True
5.78444,3,116.836099,0.9604140873349695,0.02400000000000002,True
5.624726,4,116.846568,0.9614617723396232,0.03200000000000003,True
5.804791,4,116.856374,0.9597654052168555,0.03200000000000003,True
5.823977,5,116.867641,0.9633031921359737,0.040000000000000036,True
5.6287,3,116.875785,0.9612607561480014,0.02400000000000002,True
5.366676,2,116.880583,0.9586546038437342,0.016000000000000014,True
5.557224,3,116.887867,0.9574016349958897,0.02400000000000002,True
5.889862,5,116.899813,0.9594109527345805,0.040000000000000036,True
5.538109,4,116.9089,0.9635911022463112,0.03200000000000003,True
5.690256,5,116.92062,0.9614352209142014,0.040000000000000036,True
5.56878,3,116.928003,0.9629175815273227,0.02400000000000002,True
5.745618,4,116.937089,0.9612303390729561,0.03200000000000003,True
5.663092,3,116.943773,0.961046338628605,0.02400000000000002,True
5.624645,4,116.952699,0.9637293755310683,0.03200000000000003,True
5.969831,3,116.959645,0.9670493563855818,0.02400000000000002,True
5.638371,4,116.969353,0.9609371050548161,0.03200000000000003,True
5.474951,3,116.977185,0.9584516546520948,0.02400000000000002,True
5.486765,4,116.986903,0.9626000417624555,0.03200000000000003,True
5.726712,3,116.99291,0.9637291205138914,0.02400000000000002,True
5.866729,5,117.004324,0.9617689449445941,0.040000000000000036,True
5.665404,4,117.013324,0.9593035041511244,0.03200000000000003,True
5.469119,3,117.020207,0.9616366223160286,0.02400000000000002,True
5.783455,4,117.029197,0.9622461217328098,0.03200000000000003,True
5.602174,5,117.043317,0.9605583942603355,0.040000000000000036,True
5.415887,4,117.052382,0.9624070995880734,0.03200000000000003,True
5.431403,3,117.058612,0.9626694068451898,0.02400000000000002,True
5.915972,5,117.070453,0.9627851287430756,0.040000000000000036,True
5.796141,5,117.087101,0.9600914070220948,0.040000000000000036,True
5.467869,4,117.099988,0.9597029081469407,0.03200000000000003,True
5.540653,3,117.109944,0.9628023744823719,0.02400000000000002,True
5.758849,5,117.122302,0.9611969614073004,0.040000000000000036,True
5.916988,4,117.132159,0.9600046390511493,0.03200000000000003,True
5.357859,3,117.139631,0.9636245274082882,0.02400000000000002,True
5.401437,3,117.14883,0.9630484716882738,0.02400000000000002,True
5.74031,3,117.156115,0.9586806096958169,0.02400000000000002,True
5.850222,5,117.167804,0.9622775181718979,0.040000000000000036,True
5.496607,4,117.177174,0.958956697856725,0.03200000000000003,True
5.875547,4,117.185898,0.9600131895005699,0.03200000000000003,True
5.570966,3,117.192948,0.9613557093740059,0.02400000000000002,True
5.50448,4,117.20217,0.9571108114394542,0.03200000000000003,True
5.765758,4,117.211292,0.9636108608641412,0.03200000000000003,True
5.715147,3,117.219461,0.9618732573411285,0.02400000000000002,True
5.825238,5,117.23115,0.9611225791902313,0.040000000000000036,True
5.641828,4,117.241508,0.9590712649998652,0.03200000000000003,True
5.615397,4,117.251218,0.9616409337428639,0.03200000000000003,True
5.578434,4,117.260645,0.9602029350168411,0.03200000000000003,True
5.514897,3,117.268581,0.9624997911168807,0.02400000000000002,True
5.743301,4,117.278063,0.9617268289430019,0.03200000000000003,True
5.748085,3,117.284331,0.9630463380125698,0.02400000000000002,True
5.569706,3,117.292353,0.9640939604533322,0.02400000000000002,True
5.609588,4,117.302162,0.9571229070488876,0.03200000000000003,True
5.697867,5,117.314753,0.959149820269793,0.040000000000000036,True
5.403824,3,117.322148,0.9585675836355924,0.02400000000000002,True
5.521951,3,117.329546,0.955825839043725,0.02400000000000002,True
5.671082,4,117.338566,0.96067082575012,0.03200000000000003,True
5.735831,4,117.347833,0.9586956014536985,0.03200000000000003,True
5.953081,4,117.358003,0.9636591977259406,0.03200000000000003,True
5.607501,4,117.367726,0.962351664190092,0.03200000000000003,True
5.658303,4,117.893674,0.9600592380147998,0.03200000000000003,True
5.880594,5,117.905015,0.9602087026281562,0.040000000000000036,True
5.62602,4,117.913455,0.9597890993793383,0.03200000000000003,True
5.60426,3,117.920164,0.9656792522985949,0.02400000000000002,True
5.802824,4,117.929091,0.9628628531667571,0.03200000000000003,True
5.606473,5,117.940837,0.9608810757762936,0.040000000000000036,True
5.877511,4,117.951758,0.9637790485612197,0.03200000000000003,True
5.485283,3,117.95875,0.9582806732597849,0.02400000000000002,True
5.809522,4,117.967703,0.9603852452417733,0.03200000000000003,True
5.853638,4,117.97844,0.9626407142133255,0.03200000000000003,True
5.784876,4,117.986726,0.9637069861938603,0.03200000000000003,True
5.653973,3,117.993695,0.9631182096813019,0.02400000000000002,True
5.730631,4,118.004028,0.9658317051470575,0.03200000000000003,True
5.775618,4,118.013422,0.9627957156732354,0.03200000000000003,True
5.427952,3,118.020662,0.9653877469042643,0.02400000000000002,True
5.629564,3,118.028016,0.9571794979013629,0.02400000000000002,True
5.701793,3,118.035688,0.9608784919771913,0.02400000000000002,True
5.804614,4,118.044954,0.9583272335111022,0.03200000000000003,True
5.753318,4,118.053759,0.9628948156938426,0.03200000000000003,True
5.614208,4,118.063726,0.9607844938340915,0.03200000000000003,True
5.55755,4,118.072743,0.9607247657865617,0.03200000000000003,True
5.422231,4,118.083461,0.960620527412129,0.03200000000000003,True
5.647169,4,118.093495,0.9590656737609597,0.03200000000000003,True
5.689966,3,118.100307,0.960301881210733,0.02400000000000002,True
5.696966,4,118.11138,0.9596043240892814,0.03200000000000003,True
5.87257,5,118.127933,0.9618784888699725,0.040000000000000036,True
5.593784,4,118.142326,0.9634380168788967,0.03200000000000003,True
5.685758,4,118.153956,0.9566788199824603,0.03200000000000003,True
5.537905,2,118.159622,0.9630728032627116,0.016000000000000014,True
5.739447,3,118.167355,0.9632452312796733,0.02400000000000002,True
5.76958,4,118.176653,0.9623246227073218,0.03200000000000003,True
5.628286,5,118.187522,0.9616015219504978,0.040000000000000036,True
5.594873,4,118.196765,0.961083727694132,0.03200000000000003,True
5.74887,3,118.203317,0.9618794169250446,0.02400000000000002,True
5.716805,4,118.213351,0.9641927694719538,0.03200000000000003,True
5.786565,4,118.222683,0.9633139910580547,0.03200000000000003,True
5.688826,4,118.231683,0.9591439953901911,0.03200000000000003,True
5.464909,3,118.239491,0.96323701681168,0.02400000000000002,True
5.668283,3,118.246609,0.961399790771033,0.02400000000000002,True
5.891074,4,118.255497,0.9578305509969678,0.03200000000000003,True
5.521941,4,118.265424,0.959730976921169,0.03200000000000003,True
5.762013,3,118.272469,0.9614801046086161,0.02400000000000002,True
5.847749,4,118.28251,0.9616247645943408,0.03200000000000003,True
5.773458,3,118.289649,0.9598156525852131,0.02400000000000002,True
5.432208,2,118.295299,0.961154014173943,0.016000000000000014,True
5.751288,4,118.304527,0.9593287441129575,0.03200000000000003,True
5.682137,4,118.313686,0.9594990166153045,0.03200000000000003,True
5.851116,5,118.325617,0.9616395779341074,0.040000000000000036,True
5.612752,4,118.334688,0.9633394809589066,0.03200000000000003,True
5.662627,4,118.344128,0.9624697201333876,0.03200000000000003,True
5.794285,4,118.35392,0.9600249207309133,0.03200000000000003,True
5.511987,5,118.3659,0.9698408725559406,0.040000000000000036,True
5.578199,4,118.37581,0.9627035348243891,0.03200000000000003,True
5.65076,3,118.38361,0.9620352510174133,0.02400000000000002,True
5.836036,5,118.395661,0.9615910107830585,0.040000000000000036,True
5.957224,5,118.406333,0.9633220732706216,0.040000000000000036,True
5.669212,4,118.416449,0.963748188021445,0.03200000000000003,True
5.743668,4,118.425945,0.9636009563023243,0.03200000000000003,True
5.583246,4,118.435531,0.9609626492969494,0.03200000000000003,True
5.649834,5,118.446448,0.9612166565420057,0.040000000000000036,True
5.725988,4,118.455389,0.9597859179693955,0.03200000000000003,True
5.832813,5,118.467612,0.9614731954093357,0.040000000000000036,True
5.507477,4,118.476707,0.9605294247092421,0.03200000000000003,True
5.555922,2,118.481649,0.9639907161927082,0.016000000000000014,True
5.567714,4,118.490461,0.9658196933323999,0.03200000000000003,True
5.528834,3,118.498008,0.9605578684815912,0.02400000000000002,True
5.528329,3,118.504524,0.9624568416610668,0.02400000000000002,True
5.757782,4,119.036029,0.9605490635296398,0.03200000000000003,True
5.861176,5,119.048678,0.961337493188079,0.040000000000000036,True
5.562737,4,119.058005,0.9670520398124011,0.03200000000000003,True
5.533251,3,119.06488,0.9620730189087379,0.02400000000000002,True
5.82705,5,119.07671,0.9633290074510503,0.040000000000000036,True
5.591623,4,119.085796,0.9602994622299545,0.03200000000000003,True
5.737812,4,119.095337,0.9636515242904877,0.03200000000000003,True
5.656842,4,119.104632,0.9611738526961838,0.03200000000000003,True
5.573984,3,119.11233,0.9621610442055382,0.02400000000000002,True
5.809042,4,119.122628,0.9622938752289134,0.03200000000000003,True
5.503383,4,119.13265,0.9649562312410446,0.03200000000000003,True
5.859973,4,119.143735,0.9591457290554215,0.03200000000000003,True
5.875112,4,119.158123,0.9613855866661718,0.03200000000000003,True
5.717337,4,119.172529,0.9610675881609263,0.03200000000000003,True
5.696164,4,119.186789,0.961810034050915,0.03200000000000003,True
5.570628,3,119.193775,0.9593850368938224,0.02400000000000002,True
6.022907,4,119.204936,0.9606250002670349,0.03200000000000003,True
5.51313,4,119.215027,0.9622309860067713,0.03200000000000003,True
5.587307,5,119.226076,0.9632534351038564,0.040000000000000036,True
5.921993,3,119.234188,0.9655790770775823,0.02400000000000002,True
5.69079,4,119.246327,0.9590286382595431,0.03200000000000003,True
5.750187,4,119.25601,0.9590266702325354,0.03200000000000003,True
5.745517,4,119.265497,0.9608127754278062,0.03200000000000003,True
5.779155,4,119.275005,0.9581992686738408,0.03200000000000003,True
5.619202,4,119.28521,0.9592357821461243,0.03200000000000003,True
5.640415,2,119.290802,0.9602867653563305,0.016000000000000014,True
5.673444,5,119.30315,0.9601378297286766,0.040000000000000036,True
5.755002,4,119.312711,0.9638233126986728,0.03200000000000003,True
5.641786,4,119.321859,0.9568299238357436,0.03200000000000003,True
5.849419,4,119.33162,0.9660311946018222,0.03200000000000003,True
5.82442,4,119.34183,0.9622296046229144,0.03200000000000003,True
5.746713,3,119.347994,0.9608296263444767,0.02400000000000002,True
5.395767,3,119.356011,0.9617472726346932,0.02400000000000002,True
5.612533,4,119.367537,0.9619348500009053,0.03200000000000003,True
5.880072,4,119.379227,0.9621124957247471,0.03200000000000003,True
5.424324,3,119.38758,0.9638559429220956,0.02400000000000002,True
5.475531,4,119.399551,0.964020966865582,0.03200000000000003,True
5.879294,4,119.409655,0.958955491623839,0.03200000000000003,True
5.544566,3,119.418571,0.9624795353525695,0.02400000000000002,True
5.900407,4,119.427938,0.9703837131788192,0.03200000000000003,True
5.79707,4,119.437261,0.9619426303529826,0.03200000000000003,True
5.766027,4,119.446697,0.9651226341390002,0.03200000000000003,True
5.765656,3,119.454494,0.9626292060820012,0.02400000000000002,True
5.631498,4,119.463954,0.9660335928744936,0.03200000000000003,True
5.481238,3,119.470303,0.9624414373172101,0.02400000000000002,True
5.495934,3,119.47769,0.9592932176398803,0.02400000000000002,True
5.656072,3,119.485844,0.9612677665469611,0.02400000000000002,True
5.593388,3,119.492382,0.9586720064732188,0.02400000000000002,True
5.32293,3,119.500273,0.9622715411030451,0.02400000000000002,True
5.606756,5,119.511801,0.9632017784677932,0.040000000000000036,True
5.858412,4,119.520668,0.9601145623900289,0.03200000000000003,True
5.711392,3,119.528306,0.9618339290502664,0.02400000000000002,True
5.648017,4,119.536621,0.9598687958937233,0.03200000000000003,True
5.603303,4,119.54564,0.9612119045745505,0.03200000000000003,True
5.463276,4,119.555813,0.9623073754564524,0.03200000000000003,True
5.484648,4,119.565178,0.9673207809005826,0.03200000000000003,True
5.654985,4,119.573783,0.9603469010058081,0.03200000000000003,True
5.865846,5,119.58749,0.960059023224831,0.040000000000000036,True
5.672232,4,119.597511,0.9613572900309321,0.03200000000000003,True
5.914971,3,119.604047,0.9632530769485768,0.02400000000000002,True
5.434932,3,119.610202,0.9595392131597184,0.02400000000000002,True
5.51055,3,119.618322,0.9593919429204074,0.02400000000000002,True
5.589683,5,119.629687,0.9607147659476245,0.040000000000000036,True
5.560845,4,119.638821,0.9601279304401953,0.03200000000000003,True
5.53909,3,119.646654,0.9593121835525642,0.02400000000000002,True
5.425395,3,119.653924,0.9655657562104049,0.02400000000000002,True
5.507789,4,119.662497,0.9648589969256494,0.03200000000000003,True
5.789971,4,120.213926,0.9607668671144408,0.03200000000000003,True
5.664581,4,120.22856,0.9619263121434798,0.03200000000000003,True
5.471173,3,120.237432,0.9657505104110236,0.02400000000000002,True
5.61461,4,120.246825,0.95711104030596,0.03200000000000003,True
5.567724,3,120.253687,0.9569321596508966,0.02400000000000002,True
5.672602,4,120.263597,0.9581910484200679,0.03200000000000003,True
5.875692,4,120.273348,0.9598203073821029,0.03200000000000003,True
5.794621,4,120.283484,0.9593587147762345,0.03200000000000003,True
5.912148,4,120.292874,0.9657229387764027,0.03200000000000003,True
5.699485,4,120.301723,0.9645526215932829,0.03200000000000003,True
5.670445,4,120.312243,0.9599492966529571,0.03200000000000003,True
5.748019,4,120.322119,0.960174957745868,0.03200000000000003,True
5.571607,4,120.331413,0.9611275900105005,0.03200000000000003,True
5.767738,5,120.344126,0.9622047540513926,0.040000000000000036,True
5.786868,4,120.353755,0.9611631364681745,0.03200000000000003,True
5.749454,4,120.362661,0.95953561428001,0.03200000000000003,True
5.491205,4,120.373051,0.9574652553476979,0.03200000000000003,True
5.923743,4,120.38307,0.9609506394267867,0.03200000000000003,True
5.734025,3,120.390767,0.9617061075530327,0.02400000000000002,True
5.731855,4,120.39992,0.9607539611676301,0.03200000000000003,True
6.004986,4,120.409541,0.9574831638444999,0.03200000000000003,True
5.827149,5,120.42316,0.9617643025449196,0.040000000000000036,True
5.857437,4,120.435023,0.9608392279567372,0.03200000000000003,True
5.84476,4,120.445316,0.9653031305598074,0.03200000000000003,True
5.820953,4,120.459384,0.9584818808303482,0.03200000000000003,True
5.456729,3,120.467584,0.9616744701281345,0.02400000000000002,True
5.551732,4,120.47824,0.9604875554607986,0.03200000000000003,True
5.701601,3,120.486033,0.9614113851784096,0.02400000000000002,True
5.579397,4,120.496394,0.959876385083088,0.03200000000000003,True
5.89018,4,120.505822,0.9584167996042674,0.03200000000000003,True
5.547407,5,120.517421,0.9611393786412529,0.040000000000000036,True
5.904703,4,120.527344,0.9629869921620882,0.03200000000000003,True
5.533552,4,120.534863,0.9614520299449743,0.03200000000000003,True
5.966479,4,120.545001,0.9641876938654221,0.03200000000000003,True
5.776191,4,120.554204,0.9599447676636405,0.03200000000000003,True
6.058897,4,120.563578,0.9650841329711475,0.03200000000000003,True
5.553761,3,120.571158,0.963064432716302,0.02400000000000002,True
5.454761,3,120.578336,0.9615888258616541,0.02400000000000002,True
5.737818,4,120.587997,0.9636074765908865,0.03200000000000003,True
5.848832,3,120.595914,0.9612530370607197,0.02400000000000002,True
5.812007,3,120.60352,0.9600333007277737,0.02400000000000002,True
5.809993,4,120.61297,0.9608247303911291,0.03200000000000003,True
5.476117,2,120.618726,0.9597430013992887,0.016000000000000014,True
5.52873,4,120.628676,0.9643844437094118,0.03200000000000003,True
5.709444,4,120.63859,0.9599270290277235,0.03200000000000003,True
5.752371,3,120.646671,0.9602175933794084,0.02400000000000002,True
5.803898,3,120.653032,0.9577650494742254,0.02400000000000002,True
5.527317,4,120.663313,0.9612785282315812,0.03200000000000003,True
5.747523,3,120.670936,0.9631453047772454,0.02400000000000002,True
5.800539,5,120.685158,0.9651591940429511,0.040000000000000036,True
5.462596,3,120.694585,0.9626793062995187,0.02400000000000002,True
5.701212,3,120.701664,0.9634908825656591,0.02400000000000002,True
5.48862,3,120.70909,0.9594411156010056,0.02400000000000002,True
5.590044,4,120.718694,0.9601095588342972,0.03200000000000003,True
5.587692,4,120.727887,0.9608711538452004,0.03200000000000003,True
5.678156,5,120.739321,0.9632203006013791,0.040000000000000036,True
5.871838,4,120.750318,0.9619004518853453,0.03200000000000003,True
6.041101,4,120.759636,0.9624133149359936,0.03200000000000003,True
5.785226,4,120.768984,0.95734681444982,0.03200000000000003,True
5.846289,4,120.778496,0.9587780907830517,0.03200000000000003,True
5.45132,3,120.785919,0.9580218674661478,0.02400000000000002,True
5.809539,4,120.795398,0.9602920072434125,0.03200000000000003,True
5.474698,4,120.805064,0.9655988135105508,0.03200000000000003,True
5.700269,5,120.81683,0.9587737095139345,0.040000000000000036,True
5.68276,4,120.826285,0.9605320476107528,0.03200000000000003,True
5.493796,3,120.832891,0.9656326233789709,0.02400000000000002,True
6.009556,4,120.843073,0.9634493486876777,0.03200000000000003,True
5.418268,3,120.851753,0.9589341959092808,0.02400000000000002,True
5.414421,3,121.395163,0.9568314682897325,0.02400000000000002,True
5.833302,4,121.404619,0.9635103737689508,0.03200000000000003,True
5.78569,4,121.414595,0.9586739436205356,0.03200000000000003,True
5.749148,4,121.424018,0.9601317499782063,0.03200000000000003,True
5.804255,4,121.433183,0.9616282582711673,0.03200000000000003,True
5.35443,2,121.437962,0.9618830280928512,0.016000000000000014,True
5.793352,2,121.444013,0.9575476757416681,0.016000000000000014,True
5.729582,4,121.458604,0.96293895640781,0.03200000000000003,True
5.639126,4,121.469546,0.9615394749803027,0.03200000000000003,True
5.651587,3,121.47685,0.9642949063124828,0.02400000000000002,True
5.467657,4,121.486525,0.966500395111379,0.03200000000000003,True
5.819561,4,121.497773,0.9590604269729747,0.03200000000000003,True
5.719902,5,121.509882,0.9648126496254564,0.040000000000000036,True
5.99509,3,121.518747,0.9628780449493978,0.02400000000000002,True
5.517713,4,121.529012,0.9579996810880425,0.03200000000000003,True
5.565935,4,121.539428,0.9618571208823374,0.03200000000000003,True
5.56856,4,121.55037,0.9660106884441485,0.03200000000000003,True
5.784714,4,121.56215,0.9596613455379375,0.03200000000000003,True
5.794776,5,121.574764,0.9614373221392882,0.040000000000000036,True
5.502435,3,121.583534,0.9604124044956779,0.02400000000000002,True
5.448595,3,121.591487,0.9570899262468846,0.02400000000000002,True
5.357318,3,121.599662,0.9575391299029858,0.02400000000000002,True
5.829151,3,121.607556,0.9632324872529986,0.02400000000000002,True
5.555998,2,121.61416,0.9573593245137437,0.016000000000000014,True
5.84828,5,121.626529,0.9598359812153727,0.040000000000000036,True
5.59383,4,121.63683,0.964941187148951,0.03200000000000003,True
5.746381,4,121.646827,0.9569225211013371,0.03200000000000003,True
5.682774,3,121.65552,0.9561207008053003,0.02400000000000002,True
5.562667,4,121.665174,0.9606884195120644,0.03200000000000003,True
5.609975,4,121.675827,0.9661159769936096,0.03200000000000003,True
5.651194,3,121.682956,0.9631169574754902,0.02400000000000002,True
5.884897,4,121.692355,0.9613147895121041,0.03200000000000003,True
5.834694,4,121.701631,0.9664490210887718,0.03200000000000003,True
5.8457,4,121.711551,0.9596834976724893,0.03200000000000003,True
5.497925,4,121.722358,0.9583156712334544,0.03200000000000003,True
5.842892,3,121.729605,0.9596951584577761,0.02400000000000002,True
5.572385,4,121.739599,0.9591895651906508,0.03200000000000003,True
5.864599,4,121.749156,0.9602048289602113,0.03200000000000003,True
5.651273,5,121.760172,0.9610196730152849,0.040000000000000036,True
5.742952,3,121.7684,0.9615810091339326,0.02400000000000002,True
5.661795,4,121.778024,0.9657831695478453,0.03200000000000003,True
5.934421,4,121.786531,0.9631550106544944,0.03200000000000003,True
5.654451,4,121.796257,0.9592528038459325,0.03200000000000003,True
5.509757,3,121.802936,0.9643283679981188,0.02400000000000002,True
5.443829,3,121.809909,0.963651724127963,0.02400000000000002,True
5.493341,4,121.820499,0.9636752130136436,0.03200000000000003,True
5.568623,4,121.831328,0.9616634289632284,0.03200000000000003,True
5.695339,5,121.842885,0.958229084178164,0.040000000000000036,True
5.808152,4,121.853827,0.9605508663029809,0.03200000000000003,True
5.630146,5,121.867151,0.9630241525853509,0.040000000000000036,True
5.89919,3,121.875031,0.9645780472638563,0.02400000000000002,True
5.451453,3,121.881194,0.9651780145629216,0.02400000000000002,True
5.627145,4,121.891224,0.9606173665824631,0.03200000000000003,True
5.538699,3,121.974289,0.9634286313972431,0.02400000000000002,True
5.848739,4,121.984475,0.9609242694764647,0.03200000000000003,True
5.776989,3,121.992546,0.9604732638162787,0.02400000000000002,True
5.821765,3,122.001989,0.958753067836394,0.02400000000000002,True
5.636697,4,122.01255,0.9597383952920222,0.03200000000000003,True
5.751857,4,122.022659,0.9633777644439768,0.03200000000000003,True
5.510171,4,122.037658,0.9600998550046727,0.03200000000000003,True
5.601624,4,122.056458,0.9590920971507286,0.03200000000000003,True
5.786461,4,122.072576,0.9611380972885736,0.03200000000000003,True
5.679646,2,122.078606,0.9605207827015654,0.016000000000000014,True
5.66028,3,122.09012,0.9595432411295234,0.02400000000000002,True
5.547679,4,122.105358,0.9604849421118888,0.03200000000000003,True
5.548905,3,122.116061,0.9614753146023951,0.02400000000000002,True
5.849292,4,122.131273,0.9583445255472842,0.03200000000000003,True
5.562459,4,122.148069,0.9680197900132138,0.03200000000000003,True
5.805672,5,122.166922,0.9617663990668611,0.040000000000000036,True
5.886481,4,122.918103,0.9578407523413095,0.03200000000000003,True
5.716284,3,122.927918,0.9611213781689621,0.02400000000000002,True
5.359851,2,122.933796,0.960240526584389,0.016000000000000014,True
5.713438,3,122.94287,0.9659387997485053,0.02400000000000002,True
5.927738,4,122.956159,0.9626009117264052,0.03200000000000003,True
5.656981,3,122.965756,0.9578480946382686,0.02400000000000002,True
5.580516,4,122.978979,0.9618526285243649,0.03200000000000003,True
5.490793,4,122.991157,0.9587384900480027,0.03200000000000003,True
5.506965,3,123.000888,0.9650228150704443,0.02400000000000002,True
5.685373,4,123.014437,0.9630824450099653,0.03200000000000003,True
5.636678,4,123.027174,0.9651850409172948,0.03200000000000003,True
5.423412,4,123.040307,0.9631402692045732,0.03200000000000003,True
5.694161,5,123.055792,0.9640326360477516,0.040000000000000036,True
6.087278,5,123.071392,0.9613729208899315,0.040000000000000036,True
5.644063,3,123.079979,0.9655953887933406,0.02400000000000002,True
5.517009,3,123.089592,0.9670522994522768,0.02400000000000002,True
5.621331,3,123.098847,0.9631491784303523,0.02400000000000002,True
5.980348,4,123.110748,0.9578852431473961,0.03200000000000003,True
5.460371,4,123.124103,0.9586668650463734,0.03200000000000003,True
5.414255,3,123.134202,0.9568600240172103,0.02400000000000002,True
5.811468,4,123.147687,0.9567601510898895,0.03200000000000003,True
5.591371,4,123.161645,0.9590736061868039,0.03200000000000003,True
5.854285,5,123.178737,0.9621037043383784,0.040000000000000036,True
5.527188,4,123.191697,0.9567955534692797,0.03200000000000003,True
5.729837,5,123.208277,0.9620282001795467,0.040000000000000036,True
5.81557,4,123.220675,0.958029568938445,0.03200000000000003,True
5.668616,4,123.232125,0.9638994430931406,0.03200000000000003,True
5.790756,3,123.241078,0.9615911710790377,0.02400000000000002,True
5.469591,3,123.250858,0.9630997522740135,0.02400000000000002,True
5.443653,3,123.260295,0.9580373958287709,0.02400000000000002,True
5.785834,3,123.269903,0.964633131802425,0.02400000000000002,True
5.779659,5,123.284019,0.9610739381146298,0.040000000000000036,True
5.426033,3,123.293213,0.9637247888861205,0.02400000000000002,True
5.459395,3,123.302813,0.9633744293330777,0.02400000000000002,True
5.834934,4,123.314301,0.9604875110930011,0.03200000000000003,True
5.778936,4,123.326869,0.961383026158034,0.03200000000000003,True
5.752493,3,123.337552,0.9590973441791728,0.02400000000000002,True
5.819254,3,123.350034,0.9567274356158377,0.02400000000000002,True
6.045803,4,123.362537,0.9656450256487452,0.03200000000000003,True
5.81849,5,123.377295,0.9607377239577641,0.040000000000000036,True
5.42055,3,123.387036,0.9605342115129536,0.02400000000000002,True
5.613558,4,123.399652,0.9621906896589152,0.03200000000000003,True
5.809123,5,123.417236,0.9610736566991729,0.040000000000000036,True
5.587531,4,123.431474,0.9566143258307941,0.03200000000000003,True
6.057138,4,123.445392,0.9622475973361176,0.03200000000000003,True
5.65125,3,123.454282,0.9615358033099861,0.02400000000000002,True
5.652848,3,123.464324,0.9616904151851671,0.02400000000000002,True
5.433044,2,123.471123,0.962575636126534,0.016000000000000014,True
5.482729,4,123.483238,0.9586358575413902,0.03200000000000003,True
5.66812,3,123.492118,0.9619282586539206,0.02400000000000002,True
5.518759,4,123.505146,0.9594000803011014,0.03200000000000003,True
5.515705,3,123.515267,0.9616758434449081,0.02400000000000002,True
5.49477,4,123.52785,0.9597486981065584,0.03200000000000003,True
5.781597,5,123.542358,0.9618189773930081,0.040000000000000036,True
5.745387,4,123.555182,0.9615048057599946,0.03200000000000003,True
5.792896,4,123.568933,0.9618057562625641,0.03200000000000003,True
5.728262,5,123.584331,0.9646704888894664,0.040000000000000036,True
5.618234,5,123.600503,0.9577452490014975,0.040000000000000036,True
5.745837,4,123.613378,0.9582445406151845,0.03200000000000003,True
5.772481,4,123.627223,0.9628325509336622,0.03200000000000003,True
5.831856,4,123.64111,0.9645934045615205,0.03200000000000003,True
5.441921,3,123.65135,0.9608013855518633,0.02400000000000002,True
5.762269,5,123.666795,0.9611530498300449,0.040000000000000036,True
5.55003,4,123.680493,0.9612372703014607,0.03200000000000003,True
5.799061,4,123.694008,0.9597604023538318,0.03200000000000003,True
5.585039,4,123.707852,0.95974607880178,0.03200000000000003,True
5.708888,4,123.719548,0.9598201717837275,0.03200000000000003,True
5.580938,3,123.728671,0.9597037999191336,0.02400000000000002,True
5.595569,4,124.462259,0.9618661976824336,0.03200000000000003,True
5.862701,5,124.481524,0.9570430021229548,0.040000000000000036,True
5.613305,4,124.499528,0.9618659660211674,0.03200000000000003,True
5.696266,4,124.516821,0.9593814731909116,0.03200000000000003,True
5.97384,3,124.53002,0.9589711867232602,0.02400000000000002,True
5.695195,3,124.54255,0.9636483377864188,0.02400000000000002,True
5.708479,3,124.552005,0.9618166237214677,0.02400000000000002,True
5.46954,5,124.566192,0.9655117287923843,0.040000000000000036,True
5.534621,3,124.575526,0.9588953870524692,0.02400000000000002,True
5.756538,4,124.589633,0.9578882060118123,0.03200000000000003,True
5.784183,4,124.603592,0.9598167021895534,0.03200000000000003,True
5.798936,4,124.615334,0.9612781912859614,0.03200000000000003,True
5.768485,4,124.627077,0.965965314698801,0.03200000000000003,True
5.556282,4,124.638976,0.9627996020351353,0.03200000000000003,True
5.549979,4,124.649929,0.9616222504881944,0.03200000000000003,True
5.859428,5,124.66584,0.9601524563119864,0.040000000000000036,True
5.776253,4,124.679307,0.9624533458512565,0.03200000000000003,True
5.799591,4,124.691338,0.9621073355127152,0.03200000000000003,True
5.498977,3,124.700999,0.9632253258941432,0.02400000000000002,True
5.561531,4,124.71327,0.9669161419283906,0.03200000000000003,True
5.626409,5,124.729395,0.9628939999690418,0.040000000000000036,True
5.618975,4,124.742214,0.959873080601185,0.03200000000000003,True
6.020658,4,124.755059,0.9608537479872873,0.03200000000000003,True
5.995624,4,124.767846,0.9612236105191674,0.03200000000000003,True
5.613246,4,124.780281,0.9625137368677413,0.03200000000000003,True
5.643574,3,124.790141,0.9589259929166549,0.02400000000000002,True
5.870388,4,124.802227,0.9625314828121082,0.03200000000000003,True
5.777411,4,124.814076,0.9580368339122989,0.03200000000000003,True
5.679257,4,124.827662,0.9621728866741887,0.03200000000000003,True
5.761532,4,124.839493,0.9598758970828529,0.03200000000000003,True
5.510604,4,124.85154,0.9602757748653634,0.03200000000000003,True
5.597656,5,124.866127,0.9570612844362015,0.040000000000000036,True
5.707835,3,124.8781,0.9598649229085794,0.02400000000000002,True
6.119009,4,124.894909,0.9591342703637356,0.03200000000000003,True
5.789462,4,124.908029,0.9609168612394079,0.03200000000000003,True
5.798106,4,124.921907,0.9599947918951514,0.03200000000000003,True
5.818232,4,124.93399,0.9579980907917187,0.03200000000000003,True
5.647722,3,124.944201,0.9601993051802293,0.02400000000000002,True
5.630732,3,124.954565,0.9620579111493248,0.02400000000000002,True
5.790093,4,124.968334,0.9614224227705176,0.03200000000000003,True
5.829692,4,124.981926,0.959346170827778,0.03200000000000003,True
5.794189,4,124.993667,0.9659997667743462,0.03200000000000003,True
5.779556,4,125.005567,0.9636856981236402,0.03200000000000003,True
5.950613,3,125.014958,0.9647683730175292,0.02400000000000002,True
5.630152,4,125.029768,0.9590987783153013,0.03200000000000003,True
5.572971,4,125.043048,0.9616633906433049,0.03200000000000003,True
5.794363,4,125.055393,0.9606494608101477,0.03200000000000003,True
5.751602,4,125.066425,0.9646642875896103,0.03200000000000003,True
5.792316,4,125.079073,0.9606735437477251,0.03200000000000003,True
5.560537,4,125.091101,0.9591717968181477,0.03200000000000003,True
5.622752,5,125.105997,0.9603529915861337,0.040000000000000036,True
5.490451,4,125.118032,0.964145501688779,0.03200000000000003,True
5.722582,3,125.127484,0.9656686471295675,0.02400000000000002,True
5.729028,3,125.138361,0.9629819804841697,0.02400000000000002,True
5.877201,4,125.150863,0.9590417331695765,0.03200000000000003,True
5.691874,4,125.164484,0.9669267846946197,0.03200000000000003,True
5.621241,3,125.173339,0.9620873935282035,0.02400000000000002,True
5.422709,4,125.185569,0.959529804250316,0.03200000000000003,True
5.811325,3,125.195752,0.9593980095175129,0.02400000000000002,True
5.653403,3,125.204632,0.9578865535778579,0.02400000000000002,True
5.960186,4,125.216848,0.9617909330791636,0.03200000000000003,True
5.61429,5,125.232051,0.9616121756038881,0.040000000000000036,True
5.801246,3,125.241065,0.9597705514883859,0.02400000000000002,True
5.558707,4,125.252861,0.9631067534529155,0.03200000000000003,True
5.739002,4,125.264609,0.9595235338952521,0.03200000000000003,True
5.54693,2,125.273221,0.9602358909497162,0.016000000000000014,True
5.489572,4,125.295081,0.9632290087290658,0.03200000000000003,True
5.806945,4,126.134067,0.9595512228365284,0.03200000000000003,True
6.008972,4,126.147054,0.9612656835653679,0.03200000000000003,True
5.794817,4,126.16043,0.9669510352976889,0.03200000000000003,True
5.645039,3,126.171363,0.9637867461560959,0.02400000000000002,True
5.716996,4,126.183835,0.9560004359327654,0.03200000000000003,True
5.737677,3,126.194801,0.9641084728213419,0.02400000000000002,True
5.649981,3,126.205135,0.9668816701381127,0.02400000000000002,True
5.706901,3,126.214553,0.9590684652613861,0.02400000000000002,True
5.720669,4,126.231769,0.9602114649119147,0.03200000000000003,True
5.765442,5,126.24934,0.9631682299130389,0.040000000000000036,True
5.616402,5,126.265534,0.9657026069643737,0.040000000000000036,True
5.642263,5,126.284614,0.9642859921979977,0.040000000000000036,True
5.585934,4,126.29952,0.9602638659295313,0.03200000000000003,True
5.734765,4,126.312301,0.9643105148532651,0.03200000000000003,True
5.731242,4,126.325387,0.9633922164850074,0.03200000000000003,True
5.777475,3,126.336335,0.9638627632264,0.02400000000000002,True
5.740448,4,126.35023,0.962239419010403,0.03200000000000003,True
5.665572,3,126.360334,0.9633370977615753,0.02400000000000002,True
5.482155,3,126.371818,0.9625078400327641,0.02400000000000002,True
5.558059,4,126.385375,0.9637817883897875,0.03200000000000003,True
5.909198,3,126.396714,0.9648482251129081,0.02400000000000002,True
5.496207,4,126.410329,0.9619272292503701,0.03200000000000003,True
5.7454,5,126.427934,0.9620268151735105,0.040000000000000036,True
5.839106,4,126.440823,0.9586935058762465,0.03200000000000003,True
5.525827,4,126.454291,0.9618348717907865,0.03200000000000003,True
5.519715,4,126.468138,0.9608037295022165,0.03200000000000003,True
6.027503,5,126.484801,0.9593093552236904,0.040000000000000036,True
5.686501,4,126.498425,0.9563370845214607,0.03200000000000003,True
5.643096,5,126.515671,0.9635600055043338,0.040000000000000036,True
5.788879,4,126.529383,0.9642855466048103,0.03200000000000003,True
5.786256,4,126.543176,0.9592243317599217,0.03200000000000003,True
5.755809,3,126.555425,0.9587086373061187,0.02400000000000002,True
5.670252,3,126.566763,0.9636058997244694,0.02400000000000002,True
5.777065,4,126.582049,0.9575364519834526,0.03200000000000003,True
5.714665,4,126.596699,0.9597059826496115,0.03200000000000003,True
5.634747,4,126.608958,0.9626578079329742,0.03200000000000003,True
5.894775,4,126.618175,0.9664425574134605,0.03200000000000003,True
5.597678,4,126.630742,0.9635811920029771,0.03200000000000003,True
5.695701,3,126.642688,0.9658693296944942,0.02400000000000002,True
5.4354,3,126.653743,0.9616212263539459,0.02400000000000002,True
5.617055,4,126.664173,0.9585759354591432,0.03200000000000003,True
5.689051,4,126.675156,0.9610857467720901,0.03200000000000003,True
5.497322,5,126.690219,0.9596648372542276,0.040000000000000036,True
5.505799,5,126.701776,0.9599955638616323,0.040000000000000036,True
5.769776,3,126.708981,0.9624368550311933,0.02400000000000002,True
5.494496,3,126.716786,0.9626950983765055,0.02400000000000002,True
5.729417,5,126.728364,0.9669078922883998,0.040000000000000036,True
5.829231,4,126.738581,0.9623775104427134,0.03200000000000003,True
5.6853,3,126.744754,0.9588783910849064,0.02400000000000002,True
5.693755,3,126.752473,0.9614922332075553,0.02400000000000002,True
5.904179,5,126.764647,0.9625401024372092,0.040000000000000036,True
5.65602,4,126.774001,0.9616605629418244,0.03200000000000003,True
5.758798,4,126.784337,0.9612463874727963,0.03200000000000003,True
5.760183,4,126.793791,0.9624814759481752,0.03200000000000003,True
5.709774,4,126.80361,0.9606036778578273,0.03200000000000003,True
5.919668,3,126.810711,0.9613217931190974,0.02400000000000002,True
5.664073,3,126.818422,0.9583787764337278,0.02400000000000002,True
5.466062,3,126.826085,0.9626076970241015,0.02400000000000002,True
5.638182,4,126.836506,0.9593362457090338,0.03200000000000003,True
5.937447,4,126.846103,0.9610947523004499,0.03200000000000003,True
5.590278,3,126.852363,0.9644916985976599,0.02400000000000002,True
5.773396,4,126.862527,0.9621650999956328,0.03200000000000003,True
5.913394,3,126.869607,0.9610439771469692,0.02400000000000002,True
5.582136,3,126.876692,0.9634631973773753,0.02400000000000002,True
5.8023,4,126.88667,0.9609176901433278,0.03200000000000003,True
5.710838,4,126.896113,0.9619172600688984,0.03200000000000003,True
5.643576,5,126.91066,0.9600536450233613,0.040000000000000036,True
5.648946,3,127.452064,0.9635645021842548,0.02400000000000002,True
5.959344,3,127.462114,0.9619537275813205,0.02400000000000002,True
5.820717,5,127.473454,0.9590653524548968,0.040000000000000036,True
5.673248,3,127.481398,0.9591202597543593,0.02400000000000002,True
5.731897,3,127.488497,0.9565138873284857,0.02400000000000002,True
5.600236,3,127.495604,0.9641634141492945,0.02400000000000002,True
5.488254,3,127.503608,0.9595969373053326,0.02400000000000002,True
5.854964,5,127.515499,0.9643377466113325,0.040000000000000036,True
5.394135,2,127.520294,0.9641256099092216,0.016000000000000014,True
5.787026,4,127.531044,0.9602751489347366,0.03200000000000003,True
5.671867,3,127.538174,0.9628738302227192,0.02400000000000002,True
5.725805,4,127.547861,0.9631677453292644,0.03200000000000003,True
5.696348,3,127.55541,0.961183670964644,0.02400000000000002,True
5.748186,4,127.566628,0.9595383973468203,0.03200000000000003,True
5.404713,3,127.573936,0.9596370889191617,0.02400000000000002,True
5.742505,4,127.583756,0.962532537969847,0.03200000000000003,True
5.836628,5,127.594827,0.957670281847939,0.040000000000000036,True
5.556112,4,127.605394,0.9626074221943351,0.03200000000000003,True
5.819876,4,127.614966,0.9585673524426566,0.03200000000000003,True
5.577065,4,127.625599,0.9604931690009335,0.03200000000000003,True
5.699585,4,127.635455,0.9580502035983589,0.03200000000000003,True
5.703153,3,127.642823,0.9622835476160391,0.02400000000000002,True
5.830746,4,127.653389,0.9581237305805885,0.03200000000000003,True
5.598794,4,127.666608,0.960949217416193,0.03200000000000003,True
5.802328,4,127.679901,0.9607252084900731,0.03200000000000003,True
5.918302,4,127.694689,0.9618853032680162,0.03200000000000003,True
5.802165,5,127.706961,0.9599491261502228,0.040000000000000036,True
5.887196,4,127.716414,0.9587540387805804,0.03200000000000003,True
5.809548,4,127.726291,0.9587290187177107,0.03200000000000003,True
5.877077,4,127.736988,0.9627277672896744,0.03200000000000003,True
5.632855,3,127.744782,0.9617441212236975,0.02400000000000002,True
5.773865,3,127.752395,0.9622347893290885,0.02400000000000002,True
5.831276,5,127.766103,0.9675695108984366,0.040000000000000036,True
5.98577,4,127.775986,0.9597302676501418,0.03200000000000003,True
5.6893,2,127.780997,0.9619675674910937,0.016000000000000014,True
5.603602,4,127.790674,0.9622132056963737,0.03200000000000003,True
5.885273,5,127.804125,0.9599739816267348,0.040000000000000036,True
5.769118,3,127.811662,0.9586160849496076,0.02400000000000002,True
5.714879,4,127.822536,0.9573578547412404,0.03200000000000003,True
5.561089,3,127.829734,0.9591606689499605,0.02400000000000002,True
5.603452,3,127.837908,0.9608959166070197,0.02400000000000002,True
5.560912,2,127.841922,0.963126909822057,0.016000000000000014,True
5.7447,4,127.852604,0.9613720472222068,0.03200000000000003,True
5.668052,4,127.862375,0.9610988731610495,0.03200000000000003,True
5.965369,3,127.868666,0.9638185252255183,0.02400000000000002,True
5.560264,4,127.879072,0.9637844686863453,0.03200000000000003,True
5.75401,5,127.891822,0.9622804866516681,0.040000000000000036,True
5.642325,3,127.897552,0.9660721883190527,0.02400000000000002,True
5.503222,3,127.905118,0.9591076239264476,0.02400000000000002,True
5.897837,4,127.915659,0.9620705889677704,0.03200000000000003,True
5.98202,3,127.923298,0.9620607314093736,0.02400000000000002,True
5.939969,3,127.931124,0.9621832363418813,0.02400000000000002,True
5.720958,4,127.940989,0.9612492607150225,0.03200000000000003,True
5.47354,3,127.947553,0.9596583102655272,0.02400000000000002,True
5.899648,3,127.955658,0.9613247554420917,0.02400000000000002,True
5.472277,4,127.965312,0.9662601647411414,0.03200000000000003,True
5.971976,4,127.974555,0.9614043248253551,0.03200000000000003,True
5.627463,3,127.983249,0.9629092772920722,0.02400000000000002,True
5.836077,4,127.992456,0.9610123254531163,0.03200000000000003,True
5.611203,4,128.001854,0.9613285652524555,0.03200000000000003,True
5.713835,4,128.011544,0.9615860778695895,0.03200000000000003,True
5.667886,4,128.020735,0.957906049176116,0.03200000000000003,True
5.770195,3,128.027966,0.9628935186586175,0.02400000000000002,True
5.695123,3,128.03627,0.9635584570220918,0.02400000000000002,True
5.651641,4,128.045527,0.9618957501767649,0.03200000000000003,True
5.702829,3,128.05353,0.9615290675237957,0.02400000000000002,True
5.624746,5,128.064392,0.9595227126676252,0.040000000000000036,True
5.572776,4,128.073631,0.9614104508386416,0.03200000000000003,True
5.612415,4,128.082975,0.9579072076499167,0.03200000000000003,True
6.013368,4,128.093075,0.959702236139892,0.03200000000000003,True
5.340047,2,128.626392,0.962224453705701,0.016000000000000014,True
5.603545,4,128.636242,0.9581364387915268,0.03200000000000003,True
5.582079,4,128.646118,0.9609108283017712,0.03200000000000003,True
5.898212,4,128.655907,0.9654623703644745,0.03200000000000003,True
5.648914,3,128.663746,0.9642124041422646,0.02400000000000002,True
5.345191,3,128.671857,0.9598268368330718,0.02400000000000002,True
5.749882,3,128.682959,0.9632225091829969,0.02400000000000002,True
5.76897,4,128.69451,0.9615315696188037,0.03200000000000003,True
5.872205,4,128.709565,0.9616811914019827,0.03200000000000003,True
5.827588,4,128.722761,0.9636696273711076,0.03200000000000003,True
5.488052,3,128.732795,0.9570996287575253,0.02400000000000002,True
5.609517,4,128.742399,0.9631453321077706,0.03200000000000003,True
5.529258,4,128.751757,0.961940862929497,0.03200000000000003,True
5.621796,4,128.761105,0.9632847951899821,0.03200000000000003,True
5.702935,3,128.767425,0.9604068263086447,0.02400000000000002,True
5.554623,5,128.778716,0.961798781699367,0.040000000000000036,True
5.633272,5,128.79012,0.9591118590264025,0.040000000000000036,True
5.588588,4,128.799603,0.9614458173283422,0.03200000000000003,True
5.771073,4,128.808928,0.9636947507397668,0.03200000000000003,True
5.616462,4,128.818357,0.9636820222345704,0.03200000000000003,True
5.416934,3,128.826421,0.9593092721572437,0.02400000000000002,True
5.795617,3,128.833176,0.9615800048071237,0.02400000000000002,True
5.770948,4,128.84269,0.960721471177373,0.03200000000000003,True
5.436755,3,128.850864,0.9634570529417901,0.02400000000000002,True
5.464763,3,128.859122,0.9587606629461136,0.02400000000000002,True
5.758874,4,128.868771,0.9629819292129784,0.03200000000000003,True
5.789945,4,128.878637,0.9636675614582121,0.03200000000000003,True
6.019541,4,128.888299,0.9583328257868944,0.03200000000000003,True
5.835317,4,128.897627,0.96252858899052,0.03200000000000003,True
5.833464,4,128.906864,0.959898396508378,0.03200000000000003,True
5.767206,3,128.915842,0.9571647174626992,0.02400000000000002,True
5.680975,4,128.924574,0.9636977869186305,0.03200000000000003,True
5.835326,3,128.931293,0.9577900447708196,0.02400000000000002,True
5.613694,3,128.939152,0.9609206742350335,0.02400000000000002,True
5.782802,4,128.948613,0.9594152597544011,0.03200000000000003,True
5.444832,5,128.96027,0.9595125027859054,0.040000000000000036,True
5.685221,3,128.968318,0.9605131012336117,0.02400000000000002,True
5.627723,4,128.978115,0.9635428671601032,0.03200000000000003,True
5.699832,3,128.98499,0.9618754523000603,0.02400000000000002,True
5.812763,5,128.996762,0.9612015430615817,0.040000000000000036,True
5.588614,4,129.00685,0.9625116904574986,0.03200000000000003,True
5.594055,4,129.016024,0.9598190312181991,0.03200000000000003,True
5.634533,4,129.024458,0.9615255536865803,0.03200000000000003,True
5.78613,4,129.034816,0.9594730198870209,0.03200000000000003,True
5.525892,3,129.042712,0.9599988821539266,0.02400000000000002,True
5.973528,4,129.12513,0.9618779813179882,0.03200000000000003,True
5.513663,4,129.135207,0.9604128115186177,0.03200000000000003,True
5.701327,4,129.145025,0.9616116148229156,0.03200000000000003,True
5.604105,3,129.153872,0.9590257979528407,0.02400000000000002,True
5.6246,3,129.160854,0.9601878648268432,0.02400000000000002,True
5.626799,3,129.168591,0.9591639966162834,0.02400000000000002,True
5.70587,4,129.177909,0.9671254947132978,0.03200000000000003,True
5.817067,4,129.188422,0.9611007373121061,0.03200000000000003,True
5.729568,4,129.196817,0.9632570200379463,0.03200000000000003,True
5.535016,3,129.202807,0.959197067992652,0.02400000000000002,True
5.841987,4,129.211901,0.9591818098524622,0.03200000000000003,True
5.540114,4,129.222558,0.9626020298951924,0.03200000000000003,True
5.748347,3,129.229685,0.9636073548949519,0.02400000000000002,True
5.618208,3,129.237577,0.9635773824095883,0.02400000000000002,True
5.766852,4,129.247415,0.9593509804424836,0.03200000000000003,True
5.797361,4,129.257644,0.9617289711544733,0.03200000000000003,True
5.679436,3,129.265278,0.9649910590088275,0.02400000000000002,True
5.610527,4,129.274434,0.9630231868921536,0.03200000000000003,True
5.344412,2,129.279645,0.9616370340985654,0.016000000000000014,True
5.746855,5,129.2923,0.9606839515580765,0.040000000000000036,True
5.874255,3,129.300902,0.9673527407320663,0.02400000000000002,True
5.762608,4,129.309697,0.9607482241914111,0.03200000000000003,True
5.723957,3,129.31681,0.9599818976584231,0.02400000000000002,True
5.621735,3,129.324619,0.9568851117406592,0.02400000000000002,True
5.729178,4,129.334101,0.9577807607343937,0.03200000000000003,True
