#{"t_start": 1790445685.7521493, "env_id": "None"}
r,l,t,mean_uncertainty,energy_used,success
-2.317972,30,5.383592,0.959385787760811,0.2400000000000002,False
-2.115514,30,5.435846,0.9610118157840728,0.2400000000000002,False
-2.373461,30,5.48869,0.9639814388556838,0.2400000000000002,False
-1.904428,30,5.538138,0.9654745122337641,0.2400000000000002,False
-2.290589,30,5.590864,0.9670389287067996,0.2400000000000002,False
-2.179127,30,5.640243,0.9655515520982925,0.2400000000000002,False
-2.355752,30,5.695227,0.9665876654791886,0.2400000000000002,False
-2.336648,30,5.745337,0.9596799372230642,0.2400000000000002,False
-2.033565,30,6.479111,0.962719528447539,0.2400000000000002,False
-2.158948,30,6.528903,0.9593823657466934,0.2400000000000002,False
-2.129283,30,6.586915,0.9653439887260233,0.2400000000000002,False
-1.981807,30,6.648033,0.9627118465957936,0.2400000000000002,False
-2.315195,30,6.703481,0.9706623965688879,0.2400000000000002,False
5.026468,27,6.749087,0.9584251375018931,0.2160000000000002,True
5.366982,23,6.788619,0.959341863167747,0.18400000000000016,True
-2.178489,30,6.84163,0.9598392222180826,0.2400000000000002,False
5.781299,17,6.876251,0.957213219138094,0.13600000000000012,True
-2.356326,30,7.656917,0.9603933768109802,0.2400000000000002,False
-2.008223,30,7.730369,0.9617958302766045,0.2400000000000002,False
-1.659924,30,7.798956,0.9602192818115727,0.2400000000000002,False
-2.048139,30,7.865916,0.965663736603394,0.2400000000000002,False
5.27334,13,7.896811,0.9617854235920144,0.10400000000000009,True
-2.071077,30,7.989256,0.9614164752610633,0.2400000000000002,False
5.253372,28,8.069254,0.9622803807644595,0.2240000000000002,True
-2.102046,30,8.155967,0.9636823042078665,0.2400000000000002,False
-1.773117,30,8.230261,0.96200918844854,0.2400000000000002,False
-1.840523,30,8.302891,0.9620276453168743,0.2400000000000002,False
-2.34853,30,9.116098,0.9700215190792194,0.2400000000000002,False
5.333313,27,9.179419,0.958011308370231,0.2160000000000002,True
5.616637,14,9.211122,0.9622562860609474,0.1120000000000001,True
5.746594,20,9.259573,0.9596635389494622,0.16000000000000014,True
-2.097828,30,9.333087,0.9640814294562976,0.2400000000000002,False
5.686511,15,9.369687,0.9625775463287587,0.1200000000000001,True
-2.010397,30,9.438076,0.9611777950101791,0.2400000000000002,False
-1.644851,30,9.509962,0.9619430529420556,0.2400000000000002,False
-1.566357,30,9.576702,0.9622847091926572,0.2400000000000002,False
-1.68824,30,9.64615,0.9621450900136013,0.2400000000000002,False
5.696528,19,10.414913,0.9604165605877133,0.15200000000000014,True
5.454013,12,10.450758,0.9640156286382355,0.09600000000000009,True
5.393927,24,10.510493,0.9636869905435748,0.19200000000000017,True
-1.808552,30,10.587157,0.9617516350526025,0.2400000000000002,False
-1.617415,30,10.657375,0.9596613939744894,0.2400000000000002,False
5.620544,9,10.680197,0.9628939416127236,0.07200000000000006,True
-2.157299,30,10.752925,0.9622875866789578,0.2400000000000002,False
5.590185,12,10.784134,0.9587966840625599,0.09600000000000009,True
5.886123,9,10.805578,0.9614393478290775,0.07200000000000006,True
5.632707,23,10.860589,0.9649567135298505,0.18400000000000016,True
5.594666,13,10.89076,0.96151881775509,0.10400000000000009,True
5.167727,20,11.258132,0.9598828863812247,0.16000000000000014,True
5.378632,14,11.294118,0.9655340948903248,0.1120000000000001,True
-2.073279,30,12.458734,0.9662589276739404,0.2400000000000002,False
5.285563,21,12.538324,0.9628395692144794,0.16800000000000015,True
5.776767,10,12.57703,0.9606511419891786,0.08000000000000007,True
5.665483,19,12.63247,0.9630525076560652,0.15200000000000014,True
-1.875183,30,12.727881,0.9602731212752742,0.2400000000000002,False
5.451123,18,12.793902,0.961776226557953,0.14400000000000013,True
-1.841163,30,12.920183,0.9599465741694391,0.2400000000000002,False
5.395448,9,12.965578,0.9638970145832605,0.07200000000000006,True
-1.843771,30,13.082704,0.9700441184979554,0.2400000000000002,False
-1.987317,30,13.178044,0.9602994513439884,0.2400000000000002,False
5.266254,16,13.218211,0.9595605153863367,0.1280000000000001,True
-1.661707,30,13.873775,0.9599676687394433,0.2400000000000002,False
5.854116,11,13.893077,0.9578258662689041,0.08800000000000008,True
5.35129,10,13.911101,0.9621775941069359,0.08000000000000007,True
5.673744,12,13.932318,0.964757071610415,0.09600000000000009,True
5.440405,12,13.954888,0.9595654962658458,0.09600000000000009,True
5.666584,14,13.978738,0.9621298158189917,0.1120000000000001,True
5.154033,23,14.017488,0.9634441010240532,0.18400000000000016,True
5.199929,26,14.062352,0.9586890418543449,0.20800000000000018,True
5.550162,22,14.09953,0.9588903978011322,0.17600000000000016,True
5.665835,12,14.120211,0.9617189651058666,0.09600000000000009,True
5.487968,11,14.140628,0.9586560596951782,0.08800000000000008,True
5.702713,9,14.160721,0.9581092720081443,0.07200000000000006,True
5.59983,4,14.168777,0.9603611390271654,0.03200000000000003,True
5.376805,16,14.197476,0.9593749907330975,0.1280000000000001,True
5.732298,6,14.209314,0.9673267327524016,0.04800000000000004,True
5.724818,20,14.245927,0.9625489620077798,0.16000000000000014,True
5.458969,7,14.260769,0.9591123463715716,0.05600000000000005,True
5.775554,15,14.289871,0.9622546705684968,0.1200000000000001,True
5.66927,10,14.309128,0.9622350829917449,0.08000000000000007,True
5.560765,8,14.323902,0.9617551110493844,0.06400000000000006,True
5.422449,11,14.896857,0.9584436405473717,0.08800000000000008,True
5.453398,27,14.945781,0.9608362443765971,0.2160000000000002,True
5.42593,13,14.968949,0.9611851038618848,0.10400000000000009,True
5.54855,7,14.983546,0.9627991638843822,0.05600000000000005,True
6.071058,5,14.993435,0.9638027408998473,0.040000000000000036,True
5.971255,9,15.012273,0.9609010756779695,0.07200000000000006,True
5.751312,10,15.03377,0.9586620713210829,0.08000000000000007,True
5.498167,7,15.04725,0.9598989485030591,0.05600000000000005,True
5.464115,5,15.056179,0.965512710923415,0.040000000000000036,True
5.242713,16,15.086854,0.9595996794648348,0.1280000000000001,True
-2.058484,30,15.14476,0.9645270632009143,0.2400000000000002,False
5.566083,6,15.157163,0.9604237867460945,0.04800000000000004,True
5.449335,22,15.193451,0.9623840387253058,0.17600000000000016,True
5.581079,17,15.22422,0.9591659163176097,0.13600000000000012,True
5.710244,6,15.23471,0.9650722685374685,0.04800000000000004,True
-1.798355,30,15.286187,0.9621517844859268,0.2400000000000002,False
5.472383,9,15.303377,0.9609821468981595,0.07200000000000006,True
5.574857,11,15.322804,0.9587814405999959,0.08800000000000008,True
5.490457,12,15.345114,0.9582443196737291,0.09600000000000009,True
5.383822,22,15.912188,0.9609500233169144,0.17600000000000016,True
5.530519,16,15.9411,0.9619063207252974,0.1280000000000001,True
5.598006,12,15.962341,0.9610074402275333,0.09600000000000009,True
5.392045,16,15.994332,0.9596015728569895,0.1280000000000001,True
5.678981,4,16.005321,0.960976120201146,0.03200000000000003,True
5.599054,7,16.018945,0.9593580486774507,0.05600000000000005,True
5.816927,8,16.032139,0.9667148768848186,0.06400000000000006,True
5.468892,9,16.049572,0.9610835977027132,0.07200000000000006,True
5.775678,6,16.06018,0.9579091456191977,0.04800000000000004,True
5.442965,8,16.074687,0.9586943435571039,0.06400000000000006,True
5.63854,7,16.087914,0.960337087914088,0.05600000000000005,True
5.890297,6,16.099566,0.9589918995245836,0.04800000000000004,True
5.482261,10,16.118367,0.958970837565576,0.08000000000000007,True
5.393436,9,16.138716,0.96137639596612,0.07200000000000006,True
5.785722,11,16.162308,0.9655159936951914,0.08800000000000008,True
5.795274,8,16.177448,0.9584027116393572,0.06400000000000006,True
5.583995,17,16.20882,0.9611102194253359,0.13600000000000012,True
5.743028,13,16.232691,0.9568772837796298,0.10400000000000009,True
5.872023,10,16.250628,0.9637306331630063,0.08000000000000007,True
5.484672,11,16.271298,0.9615309175329003,0.08800000000000008,True
5.531148,17,16.303185,0.9628015600594799,0.13600000000000012,True
5.704523,10,16.321995,0.95759745314084,0.08000000000000007,True
5.52374,8,16.335981,0.9630882062430426,0.06400000000000006,True
5.643578,10,16.355668,0.9585312381132195,0.08000000000000007,True
5.871506,7,16.890411,0.9637502456452853,0.05600000000000005,True
5.795868,17,16.91992,0.9640140686912084,0.13600000000000012,True
5.932253,12,16.943882,0.9634435091113843,0.09600000000000009,True
5.653831,4,16.952074,0.9649534712744846,0.03200000000000003,True
5.408876,9,16.968911,0.9653128092280686,0.07200000000000006,True
5.964188,6,16.981234,0.963683250389219,0.04800000000000004,True
5.427513,10,16.999033,0.961620983352753,0.08000000000000007,True
5.700971,5,17.008382,0.9608386048595525,0.040000000000000036,True
5.343021,7,17.021602,0.9594977876508648,0.05600000000000005,True
5.504312,8,17.035694,0.9606678176735362,0.06400000000000006,True
5.469302,10,17.054082,0.9619064412087271,0.08000000000000007,True
5.817406,16,17.082982,0.9578538657086073,0.1280000000000001,True
5.485665,10,17.100695,0.9589605136253856,0.08000000000000007,True
5.757859,7,17.114056,0.9677097411790392,0.05600000000000005,True
5.474397,10,17.135266,0.9614756309527095,0.08000000000000007,True
5.939593,3,17.142764,0.9602600745229222,0.02400000000000002,True
5.429459,10,17.164942,0.9616945277002285,0.08000000000000007,True
5.707279,6,17.179916,0.9636306186163259,0.04800000000000004,True
5.522109,5,17.18795,0.9623940230588083,0.040000000000000036,True
5.465792,9,17.204779,0.9601004287705113,0.07200000000000006,True
5.923336,11,17.225364,0.9671431718924098,0.08800000000000008,True
5.595768,5,17.235395,0.9633017762458965,0.040000000000000036,True
5.535976,8,17.250781,0.9614951338730413,0.06400000000000006,True
5.915368,6,17.261316,0.9570548150781476,0.04800000000000004,True
5.505178,9,17.371208,0.961066824818888,0.07200000000000006,True
5.609402,17,17.4028,0.9602749624082134,0.13600000000000012,True
5.783617,7,17.414411,0.9603318480498976,0.05600000000000005,True
5.824097,7,17.427113,0.9663102526536276,0.05600000000000005,True
5.206815,26,17.997186,0.9587610873531001,0.20800000000000018,True
5.712764,11,18.018458,0.9575681839774532,0.08800000000000008,True
5.509737,8,18.034995,0.966803057162823,0.06400000000000006,True
5.637591,5,18.045609,0.9591780281461999,0.040000000000000036,True
5.782024,9,18.064142,0.9595648540609573,0.07200000000000006,True
5.572838,5,18.073564,0.9620295545098183,0.040000000000000036,True
5.668094,6,18.085273,0.9605516538999587,0.04800000000000004,True
5.669765,7,18.099896,0.9631907897617292,0.05600000000000005,True
5.551684,7,18.113314,0.9605393706245822,0.05600000000000005,True
5.306775,9,18.132074,0.9601434528891586,0.07200000000000006,True
5.417245,9,18.151779,0.9594155206880063,0.07200000000000006,True
5.704573,7,18.167147,0.9620582522653569,0.05600000000000005,True
5.583342,13,18.191745,0.9593536626995246,0.10400000000000009,True
5.437085,6,18.204142,0.9612569890285373,0.04800000000000004,True
5.535493,7,18.2185,0.9609657638425612,0.05600000000000005,True
5.528186,5,18.228608,0.961112927216732,0.040000000000000036,True
5.784675,4,18.238812,0.9614529491535383,0.03200000000000003,True
5.777564,8,18.254261,0.9628079946729229,0.06400000000000006,True
5.718661,6,18.26642,0.96300038625347,0.04800000000000004,True
5.715016,10,18.288012,0.9576669988000541,0.08000000000000007,True
5.724174,8,18.304677,0.9625387132957338,0.06400000000000006,True
5.477513,9,18.328254,0.959598060002486,0.07200000000000006,True
5.724509,10,18.356372,0.9592984877908844,0.08000000000000007,True
5.733926,6,18.368849,0.9652731396233512,0.04800000000000004,True
5.713018,8,18.383349,0.9574379429084745,0.06400000000000006,True
5.709364,7,18.395971,0.9617215355425566,0.05600000000000005,True
5.73106,5,18.404915,0.9628504525576909,0.040000000000000036,True
5.805337,6,18.416106,0.9620738243813565,0.04800000000000004,True
5.74576,5,18.426549,0.9574621700377708,0.040000000000000036,True
5.772849,6,18.436421,0.9607162258555739,0.04800000000000004,True
5.725156,10,18.456882,0.9635193453164048,0.08000000000000007,True
5.449839,7,18.47065,0.9582404245515109,0.05600000000000005,True
5.657071,4,18.479276,0.9611918701588008,0.03200000000000003,True
5.532791,12,18.50095,0.9610932480422807,0.09600000000000009,True
5.553655,7,19.036605,0.9598627508524267,0.05600000000000005,True
5.557064,5,19.048239,0.9580856780895293,0.040000000000000036,True
5.641914,11,19.070196,0.9596626198728238,0.08800000000000008,True
5.585963,9,19.087711,0.9653843746069756,0.07200000000000006,True
5.339041,5,19.096933,0.9589046618896889,0.040000000000000036,True
5.588154,3,19.103862,0.958641772767287,0.02400000000000002,True
5.735957,6,19.116954,0.9575961927076737,0.04800000000000004,True
5.719655,5,19.128099,0.9604316621309464,0.040000000000000036,True
5.862353,5,19.139202,0.9590183991958998,0.040000000000000036,True
5.679013,4,19.148931,0.9577534289386376,0.03200000000000003,True
5.645229,5,19.159873,0.9596005791026172,0.040000000000000036,True
5.472367,13,19.185807,0.9588379815467296,0.10400000000000009,True
5.526146,5,19.19696,0.9617267510980803,0.040000000000000036,True
5.788343,6,19.209886,0.968352813927007,0.04800000000000004,True
5.505332,18,19.244555,0.9634796109989903,0.14400000000000013,True
5.663323,6,19.257041,0.9616923293966728,0.04800000000000004,True
5.742375,5,19.268442,0.959150059496165,0.040000000000000036,True
5.469228,9,19.286871,0.964978036459515,0.07200000000000006,True
5.931107,9,19.305195,0.9615374894512132,0.07200000000000006,True
5.732852,5,19.31499,0.9638503611961405,0.040000000000000036,True
5.39768,4,19.324058,0.9588297248348205,0.03200000000000003,True
5.722887,8,19.340046,0.9693166294705269,0.06400000000000006,True
5.587047,5,19.34957,0.959557211344916,0.040000000000000036,True
5.462403,4,19.357897,0.9559447409837133,0.03200000000000003,True
5.699952,6,19.371928,0.9632894279979877,0.04800000000000004,True
5.836591,4,19.379371,0.963188162992386,0.03200000000000003,True
5.435371,4,19.387286,0.9604199938584458,0.03200000000000003,True
5.342635,3,19.393318,0.961640218953604,0.02400000000000002,True
5.711638,4,19.401693,0.9669709619986727,0.03200000000000003,True
5.478523,3,19.407414,0.961073665553254,0.02400000000000002,True
5.492515,12,19.431889,0.9611605460240489,0.09600000000000009,True
5.654357,7,19.444439,0.9591186470584516,0.05600000000000005,True
5.374594,6,19.455436,0.9612484745594521,0.04800000000000004,True
5.604407,9,19.473517,0.9587093862838372,0.07200000000000006,True
5.480289,12,19.497952,0.9610170077125109,0.09600000000000009,True
5.708119,7,19.512143,0.967195038751921,0.05600000000000005,True
5.446306,5,19.521461,0.9644449577214246,0.040000000000000036,True
5.77261,8,19.538392,0.9606606227866312,0.06400000000000006,True
6.005258,5,19.549593,0.9590965954045987,0.040000000000000036,True
5.569324,7,20.092106,0.9629238284852635,0.05600000000000005,True
5.908122,5,20.102153,0.9626847314867354,0.040000000000000036,True
5.674435,6,20.114596,0.9613603457146708,0.04800000000000004,True
5.596705,7,20.129581,0.9651535819526891,0.05600000000000005,True
5.774811,5,20.140696,0.9597386361915833,0.040000000000000036,True
5.630109,6,20.154124,0.9602079427480641,0.04800000000000004,True
5.747583,10,20.17415,0.966734266546659,0.08000000000000007,True
5.812726,7,20.189144,0.9641350358366148,0.05600000000000005,True
5.713125,4,20.197889,0.9632502606259405,0.03200000000000003,True
5.784031,5,20.208064,0.9620984072302812,0.040000000000000036,True
5.832168,5,20.218332,0.9591132125191362,0.040000000000000036,True
5.541925,6,20.229805,0.9604847055583559,0.04800000000000004,True
5.505149,6,20.241846,0.9628253222693939,0.04800000000000004,True
5.765698,8,20.257438,0.9648700978171014,0.06400000000000006,True
5.546691,3,20.265011,0.9626804306297337,0.02400000000000002,True
5.675293,4,20.274175,0.9589716582286796,0.03200000000000003,True
5.94861,6,20.28692,0.9570179672003435,0.04800000000000004,True
5.621573,6,20.298563,0.9635396558861131,0.04800000000000004,True
5.857792,5,20.309265,0.9611059150271686,0.040000000000000036,True
5.541864,7,20.323256,0.96286413809896,0.05600000000000005,True
5.540027,8,20.341185,0.964777189280063,0.06400000000000006,True
5.944382,4,20.350235,0.9585277668125223,0.03200000000000003,True
5.654293,6,20.363511,0.9619333407941686,0.04800000000000004,True
5.880137,6,20.376057,0.9620609440619543,0.04800000000000004,True
5.960014,7,20.390053,0.9653625272977058,0.05600000000000005,True
5.758807,5,20.400727,0.9647317649797209,0.040000000000000036,True
5.451199,5,20.411442,0.9577628452812854,0.040000000000000036,True
5.817588,6,20.424272,0.9633676664564299,0.04800000000000004,True
5.791165,4,20.433152,0.9579470922234781,0.03200000000000003,True
5.669185,6,20.444449,0.9654921900896787,0.04800000000000004,True
5.464866,6,20.45768,0.9634191743304927,0.04800000000000004,True
5.607118,8,20.475357,0.9602427373436128,0.06400000000000006,True
5.507987,7,20.490225,0.9593240806125535,0.05600000000000005,True
5.487496,5,20.500112,0.961279834717148,0.040000000000000036,True
5.655699,6,20.513067,0.9611270594699554,0.04800000000000004,True
5.619265,8,20.530317,0.9676454323321353,0.06400000000000006,True
5.683812,4,20.537835,0.9623498608877915,0.03200000000000003,True
5.538486,4,20.546321,0.9639385120847181,0.03200000000000003,True
5.651024,7,20.560862,0.9605538356545007,0.05600000000000005,True
5.523452,4,20.570371,0.9585061140989687,0.03200000000000003,True
5.598869,8,20.587339,0.9628807871559311,0.06400000000000006,True
5.553136,6,20.599668,0.9610467509273224,0.04800000000000004,True
5.473439,4,20.607817,0.9650117777341509,0.03200000000000003,True
5.576333,3,20.614259,0.9607130033693022,0.02400000000000002,True
5.72032,5,20.632638,0.9585239093976353,0.040000000000000036,True
5.483719,9,21.183408,0.9624832335733131,0.07200000000000006,True
6.084452,4,21.192053,0.9588338770507796,0.03200000000000003,True
5.566153,4,21.200937,0.9591111408559505,0.03200000000000003,True
5.624972,5,21.211861,0.9629887283026434,0.040000000000000036,True
5.576581,7,21.227047,0.9584659859663064,0.05600000000000005,True
5.754491,4,21.236106,0.9589099410847504,0.03200000000000003,True
5.448344,8,21.252882,0.9622122161161244,0.06400000000000006,True
5.441019,8,21.269609,0.9664172256621184,0.06400000000000006,True
5.81395,6,21.282211,0.9603957157860341,0.04800000000000004,True
5.986319,4,21.290931,0.9573258841613486,0.03200000000000003,True
5.853679,7,21.305693,0.9604974142414116,0.05600000000000005,True
5.500863,6,21.318829,0.9572983548623636,0.04800000000000004,True
5.602066,7,21.333067,0.9576826003225991,0.05600000000000005,True
5.651105,5,21.344163,0.9617098337919683,0.040000000000000036,True
5.580087,6,21.356409,0.9583989728491545,0.04800000000000004,True
5.620772,10,21.375523,0.9609492663040169,0.08000000000000007,True
5.505539,5,21.388172,0.9623635976904548,0.040000000000000036,True
5.511954,6,21.400848,0.9639224862815753,0.04800000000000004,True
5.626595,8,21.417385,0.9619442688539738,0.06400000000000006,True
5.667756,8,21.434208,0.962899807461246,0.06400000000000006,True
5.750355,5,21.446535,0.9622673168852016,0.040000000000000036,True
5.812745,5,21.458792,0.9605702132607469,0.040000000000000036,True
5.557223,5,21.469105,0.9611838729643988,0.040000000000000036,True
5.495629,10,21.49052,0.9640306236272553,0.08000000000000007,True
5.620491,6,21.505736,0.9612434770100307,0.04800000000000004,True
5.521466,4,21.515107,0.9620998109908832,0.03200000000000003,True
5.867466,6,21.528876,0.9592997335935602,0.04800000000000004,True
5.777428,6,21.550867,0.9573741196668325,0.04800000000000004,True
5.557173,5,21.568826,0.9638535291992476,0.040000000000000036,True
5.324141,10,21.602263,0.9596532673787792,0.08000000000000007,True
5.962083,5,21.618497,0.9596152317368072,0.040000000000000036,True
5.443062,5,21.635082,0.962746220809906,0.040000000000000036,True
5.782554,6,21.65327,0.9614681132492382,0.04800000000000004,True
5.479396,6,21.673448,0.9637378221495917,0.04800000000000004,True
5.645668,5,21.695745,0.9602744009512403,0.040000000000000036,True
5.551393,5,21.714507,0.9649193254701818,0.040000000000000036,True
5.40232,5,21.72809,0.9572561473133099,0.040000000000000036,True
5.465319,4,21.73931,0.9626751131710528,0.03200000000000003,True
5.545564,6,21.75635,0.9602555239056216,0.04800000000000004,True
5.744766,6,21.77415,0.9605139668242105,0.04800000000000004,True
5.638892,5,21.787752,0.963345502299074,0.040000000000000036,True
5.572989,5,21.801105,0.9558907215987459,0.040000000000000036,True
5.718673,6,22.508283,0.958757784922349,0.04800000000000004,True
5.555254,7,22.526376,0.9613779097203476,0.05600000000000005,True
5.574322,6,22.542788,0.9640972702050301,0.04800000000000004,True
5.433683,4,22.553967,0.9590328099081673,0.03200000000000003,True
5.784667,8,22.574311,0.9626159270305269,0.06400000000000006,True
5.538406,5,22.587628,0.9603268519588148,0.040000000000000036,True
5.676212,4,22.599177,0.9630174435553965,0.03200000000000003,True
5.521582,8,22.620419,0.9615431014493716,0.06400000000000006,True
5.847328,6,22.637959,0.9679246899000975,0.04800000000000004,True
5.491184,5,22.652015,0.9615226849387846,0.040000000000000036,True
5.599634,4,22.66378,0.9610567041201139,0.03200000000000003,True
5.993336,3,22.673006,0.96382319440749,0.02400000000000002,True
5.712551,4,22.684409,0.957410333692123,0.03200000000000003,True
5.787537,5,22.698772,0.9641478677133666,0.040000000000000036,True
5.451923,5,22.71146,0.9602754749541851,0.040000000000000036,True
5.527054,6,22.728338,0.9675448172621588,0.04800000000000004,True
5.767934,5,22.742792,0.956937832216554,0.040000000000000036,True
5.663316,5,22.759748,0.9566305305525306,0.040000000000000036,True
5.609597,3,22.769774,0.9589685736853302,0.02400000000000002,True
6.018673,4,22.782122,0.9651456363078346,0.03200000000000003,True
5.827635,6,22.801242,0.9623138235499349,0.04800000000000004,True
5.467569,4,22.813139,0.9588958240380927,0.03200000000000003,True
5.687217,4,22.824604,0.9639925161757351,0.03200000000000003,True
5.749622,5,22.840952,0.9620016172507417,0.040000000000000036,True
5.584626,5,22.852895,0.959335805177322,0.040000000000000036,True
5.512594,4,22.864237,0.9633026925529846,0.03200000000000003,True
5.622896,8,22.887125,0.9642904648400754,0.06400000000000006,True
5.715562,7,22.906021,0.9598941302710166,0.05600000000000005,True
5.518315,7,22.925478,0.9603886070582193,0.05600000000000005,True
5.651702,5,22.939454,0.9651093704467818,0.040000000000000036,True
5.677629,5,22.953429,0.9608869804433238,0.040000000000000036,True
5.586106,9,23.064864,0.9623460900464416,0.07200000000000006,True
5.829524,5,23.080258,0.9633635890684757,0.040000000000000036,True
5.751523,4,23.093176,0.9576099535678015,0.03200000000000003,True
5.786755,6,23.112547,0.9571372147900632,0.04800000000000004,True
5.650019,6,23.131894,0.957585433743364,0.04800000000000004,True
5.499989,6,23.151743,0.9596742203655818,0.04800000000000004,True
5.685348,4,23.162131,0.9669857231887111,0.03200000000000003,True
5.554413,6,23.178009,0.9570905242717964,0.04800000000000004,True
5.487243,4,23.188975,0.9588130935918227,0.03200000000000003,True
5.72686,5,23.207085,0.960219802152666,0.040000000000000036,True
5.492322,6,23.224017,0.9623899909399114,0.04800000000000004,True
5.636468,6,23.242628,0.9650865103576886,0.04800000000000004,True
5.489028,3,23.253923,0.9608146473155732,0.02400000000000002,True
5.764227,6,23.272935,0.9597089103825468,0.04800000000000004,True
5.685307,6,23.291005,0.9603217460533053,0.04800000000000004,True
5.537395,5,23.30395,0.9637643353373819,0.040000000000000036,True
5.333679,2,23.309875,0.9574866912051356,0.016000000000000014,True
5.620304,8,23.331253,0.958915546254716,0.06400000000000006,True
5.540754,5,24.04718,0.961846305953747,0.040000000000000036,True
5.562314,5,24.063097,0.9587402614752081,0.040000000000000036,True
5.593071,5,24.077541,0.9624649322713601,0.040000000000000036,True
5.745957,5,24.091138,0.9619219498595549,0.040000000000000036,True
5.795126,7,24.110985,0.9623351878448071,0.05600000000000005,True
5.51557,4,24.122913,0.9621203012125632,0.03200000000000003,True
5.757828,3,24.132802,0.9599622503250582,0.02400000000000002,True
5.686873,6,24.149886,0.9606557282186816,0.04800000000000004,True
5.867576,5,24.16397,0.9568383480614298,0.040000000000000036,True
5.537366,5,24.177256,0.9623610691816123,0.040000000000000036,True
5.588848,4,24.188318,0.9604470369540034,0.03200000000000003,True
5.537836,5,24.202345,0.9618410292647072,0.040000000000000036,True
5.612298,4,24.215242,0.9576326523625356,0.03200000000000003,True
5.499653,6,24.232379,0.9587946372023499,0.04800000000000004,True
5.513275,3,24.241713,0.9640252649633847,0.02400000000000002,True
5.419097,5,24.254576,0.9589009377397948,0.040000000000000036,True
5.769068,4,24.265753,0.9644696971939233,0.03200000000000003,True
5.869777,3,24.274901,0.9623648310495955,0.02400000000000002,True
5.659601,5,24.28781,0.960936898402978,0.040000000000000036,True
5.665235,6,24.305832,0.9614777291583654,0.04800000000000004,True
5.785945,4,24.31638,0.964744830558121,0.03200000000000003,True
5.630577,3,24.324023,0.9631342331481851,0.02400000000000002,True
5.559209,4,24.33558,0.9623886241211035,0.03200000000000003,True
5.771305,7,24.35529,0.9580514017994516,0.05600000000000005,True
5.782202,6,24.371081,0.9566455603340509,0.04800000000000004,True
5.722205,5,24.384455,0.9568253821061211,0.040000000000000036,True
5.552561,6,24.401832,0.9601234026764852,0.04800000000000004,True
5.503411,4,24.413182,0.9577931334500438,0.03200000000000003,True
5.750412,5,24.426838,0.9629006222660003,0.040000000000000036,True
5.665168,5,24.441951,0.96330015424009,0.040000000000000036,True
5.58079,4,24.452753,0.9576157407673271,0.03200000000000003,True
5.408525,5,24.465858,0.9618861117502384,0.040000000000000036,True
5.755166,4,24.477318,0.9574430620132888,0.03200000000000003,True
5.513709,4,24.48887,0.9644766736982703,0.03200000000000003,True
5.385665,3,24.497783,0.9622444824597712,0.02400000000000002,True
5.45764,4,24.506937,0.959562369940512,0.03200000000000003,True
5.896234,4,24.518509,0.9599426846767272,0.03200000000000003,True
5.584769,7,24.536607,0.9590582164901572,0.05600000000000005,True
5.48275,5,24.550157,0.960579724279739,0.040000000000000036,True
5.730342,3,24.558683,0.9657359841897638,0.02400000000000002,True
6.06642,5,24.571955,0.9599624573036081,0.040000000000000036,True
5.863876,6,24.587185,0.9567542265809007,0.04800000000000004,True
5.846928,5,24.600731,0.9601360809130445,0.040000000000000036,True
5.635613,7,24.619124,0.9630835428108117,0.05600000000000005,True
5.811874,5,24.63383,0.9611087949606308,0.040000000000000036,True
5.703334,4,24.646209,0.9622654092550975,0.03200000000000003,True
5.747533,3,24.654462,0.9632627310442763,0.02400000000000002,True
5.608931,5,24.669212,0.961565555345179,0.040000000000000036,True
5.683891,4,24.680858,0.9641924256137421,0.03200000000000003,True
5.463534,5,24.696554,0.9642579567689874,0.040000000000000036,True
5.973129,5,24.710537,0.9642385722271012,0.040000000000000036,True
5.65336,4,24.721637,0.963935517671715,0.03200000000000003,True
6.038077,6,24.738127,0.9611264517270695,0.04800000000000004,True
5.819408,4,24.74897,0.9605545701006448,0.03200000000000003,True
5.952793,4,25.513187,0.9604052375316258,0.03200000000000003,True
5.769905,3,25.525638,0.963103040821134,0.02400000000000002,True
5.519302,6,25.545176,0.9620565532409506,0.04800000000000004,True
5.527936,5,25.561934,0.9585215709459654,0.040000000000000036,True
5.67035,5,25.576421,0.9608904227602626,0.040000000000000036,True
5.499307,4,25.588435,0.959389440516504,0.03200000000000003,True
5.485723,4,25.602551,0.960776475001748,0.03200000000000003,True
5.813891,5,25.617809,0.9615226905616965,0.040000000000000036,True
5.773844,4,25.631711,0.960661454795898,0.03200000000000003,True
5.599643,4,25.64407,0.9576806720528838,0.03200000000000003,True
5.613227,5,25.661217,0.9579921411803135,0.040000000000000036,True
5.646039,3,25.671478,0.9668885615760658,0.02400000000000002,True
5.76893,4,25.685683,0.9591248399245371,0.03200000000000003,True
5.63777,5,25.699673,0.9623190065956733,0.040000000000000036,True
5.893213,4,25.712767,0.9601883368945137,0.03200000000000003,True
6.064182,5,25.728535,0.9628415343369909,0.040000000000000036,True
5.533635,4,25.741315,0.9655849239940577,0.03200000000000003,True
5.956634,5,25.757505,0.9613467992848055,0.040000000000000036,True
5.46311,5,25.773744,0.9607895750535613,0.040000000000000036,True
5.76528,5,25.788217,0.9616315037060861,0.040000000000000036,True
5.724703,4,25.801561,0.9609987549487843,0.03200000000000003,True
5.561442,6,25.81935,0.9635523371999657,0.04800000000000004,True
5.571359,4,25.832853,0.9598421442557636,0.03200000000000003,True
5.674644,4,25.845059,0.9691659623060672,0.03200000000000003,True
5.590472,5,25.861154,0.9629850183139452,0.040000000000000036,True
5.580147,4,25.874121,0.9667331536750867,0.03200000000000003,True
5.852929,6,25.894132,0.9636148064672154,0.04800000000000004,True
5.50655,4,25.907532,0.9610555929247993,0.03200000000000003,True
5.507621,5,25.923349,0.9595219096561394,0.040000000000000036,True
5.478976,3,25.934714,0.9623599894235023,0.02400000000000002,True
5.533927,3,25.943759,0.9613729179451218,0.02400000000000002,True
5.59761,5,25.955502,0.9610555747717604,0.040000000000000036,True
5.690305,3,25.962137,0.96004866391299,0.02400000000000002,True
5.54569,4,25.971394,0.9616568782403077,0.03200000000000003,True
5.878899,5,25.982793,0.9626340839895942,0.040000000000000036,True
5.781802,5,25.993273,0.9605225151098046,0.040000000000000036,True
5.619329,4,26.002071,0.9658855370940439,0.03200000000000003,True
5.560178,4,26.017557,0.9598803410333984,0.03200000000000003,True
5.724758,5,26.034926,0.9612895818388836,0.040000000000000036,True
5.537892,4,26.045723,0.9599716542324779,0.03200000000000003,True
5.838771,6,26.058168,0.9624225140820789,0.04800000000000004,True
5.462539,4,26.067115,0.9594409762395528,0.03200000000000003,True
5.370518,2,26.071829,0.9627080315768903,0.016000000000000014,True
5.401166,3,26.078862,0.9629161778072484,0.02400000000000002,True
5.838034,3,26.084924,0.9605854544507373,0.02400000000000002,True
6.008267,4,26.093951,0.9657720947725242,0.03200000000000003,True
5.769202,4,26.102165,0.9634962522616757,0.03200000000000003,True
5.917546,5,26.11377,0.9590261124582579,0.040000000000000036,True
5.740221,5,26.12618,0.9597820998207056,0.040000000000000036,True
5.805305,4,26.13591,0.9627700768437388,0.03200000000000003,True
5.381103,3,26.143251,0.9623944170140063,0.02400000000000002,True
5.599587,5,26.15455,0.9621374900370019,0.040000000000000036,True
5.382936,3,26.16136,0.9617123786564483,0.02400000000000002,True
5.633032,5,26.172346,0.9607264811994459,0.040000000000000036,True
5.741238,4,26.180427,0.964067208523617,0.03200000000000003,True
5.535925,3,26.18743,0.9557095857936146,0.02400000000000002,True
5.829075,5,26.197921,0.96113646779589,0.040000000000000036,True
5.698712,4,26.206796,0.9569899334353505,0.03200000000000003,True
5.558302,3,26.213907,0.969367896561663,0.02400000000000002,True
6.121564,5,26.224066,0.9603113505521711,0.040000000000000036,True
5.50789,4,26.73624,0.9592392718294588,0.03200000000000003,True
5.792707,6,26.74882,0.9636935291062853,0.04800000000000004,True
5.430614,3,26.755247,0.9626662991737661,0.02400000000000002,True
5.831708,3,26.762502,0.9576930791578143,0.02400000000000002,True
5.950019,4,26.771395,0.9623359762752687,0.03200000000000003,True
5.51384,3,26.77873,0.9605778446151696,0.02400000000000002,True
5.693343,4,26.787302,0.961307802234824,0.03200000000000003,True
5.747701,4,26.79645,0.9613832427595445,0.03200000000000003,True
6.087673,4,26.804785,0.9614673438568055,0.03200000000000003,True
5.951969,4,26.813876,0.9625654127186694,0.03200000000000003,True
5.666141,5,26.8253,0.957977369829724,0.040000000000000036,True
5.538067,4,26.834332,0.9593912892826946,0.03200000000000003,True
5.762204,4,26.842681,0.9690575613281711,0.03200000000000003,True
5.553164,7,26.858478,0.9628578196162194,0.05600000000000005,True
6.011472,7,26.872711,0.9599289451630884,0.05600000000000005,True
5.824653,5,26.883567,0.9586193426843093,0.040000000000000036,True
5.912766,5,26.895711,0.965037452330471,0.040000000000000036,True
5.572493,4,26.904005,0.9589093039963377,0.03200000000000003,True
5.886452,3,26.910856,0.9597379134530251,0.02400000000000002,True
5.995304,6,26.922969,0.9611380829523465,0.04800000000000004,True
5.685613,3,26.930521,0.9640125832066164,0.02400000000000002,True
5.556993,5,26.941126,0.9559487711720198,0.040000000000000036,True
5.705047,4,26.949278,0.9595588216378739,0.03200000000000003,True
5.547286,6,26.962881,0.9591775386883161,0.04800000000000004,True
5.761622,3,26.969328,0.9585313717350694,0.02400000000000002,True
5.567731,4,26.978262,0.9595542007302131,0.03200000000000003,True
5.584373,4,26.986744,0.9603343936733919,0.03200000000000003,True
5.732799,4,26.9953,0.9639488866756474,0.03200000000000003,True
5.527508,5,27.004938,0.9637436020148855,0.040000000000000036,True
5.457223,4,27.014251,0.9616929843669233,0.03200000000000003,True
5.438912,3,27.020234,0.9597019697910443,0.02400000000000002,True
5.464851,4,27.029145,0.9561790480584873,0.03200000000000003,True
5.704864,4,27.037942,0.965137209827051,0.03200000000000003,True
5.548662,5,27.053728,0.9612286276154933,0.040000000000000036,True
5.6974,6,27.071743,0.9606013747591894,0.04800000000000004,True
5.649185,4,27.087853,0.9651829900163635,0.03200000000000003,True
5.563089,5,27.09942,0.9576693032524063,0.040000000000000036,True
5.841503,5,27.110445,0.9614262833292495,0.040000000000000036,True
5.882058,6,27.124851,0.9577237370246136,0.04800000000000004,True
5.764383,5,27.136008,0.964034229677064,0.040000000000000036,True
5.7016,5,27.146713,0.9611800921858055,0.040000000000000036,True
5.583912,5,27.157802,0.961408882469257,0.040000000000000036,True
5.965668,4,27.166959,0.9595503864466587,0.03200000000000003,True
5.797105,6,27.180472,0.9637763513266703,0.04800000000000004,True
5.622419,7,27.195564,0.9654809723498343,0.05600000000000005,True
5.47074,4,27.204312,0.9657207626167528,0.03200000000000003,True
5.448898,3,27.210752,0.9645783046643173,0.02400000000000002,True
5.40927,4,27.220431,0.9603653378380552,0.03200000000000003,True
5.844932,3,27.22714,0.9615492982321087,0.02400000000000002,True
5.724082,4,27.237368,0.961971149060705,0.03200000000000003,True
5.763468,5,27.247851,0.9602380750208948,0.040000000000000036,True
5.438855,4,27.256973,0.9611458119185553,0.03200000000000003,True
5.557291,4,27.265743,0.9653581457237983,0.03200000000000003,True
5.723049,5,27.27619,0.9652042102955921,0.040000000000000036,True
5.738941,5,27.288845,0.9673972505704634,0.040000000000000036,True
5.81843,4,27.297982,0.9663348445453964,0.03200000000000003,True
5.679726,4,27.306833,0.9647705361090382,0.03200000000000003,True
5.423276,4,27.314724,0.9615599719257751,0.03200000000000003,True
5.308968,3,27.830166,0.9599021492114641,0.02400000000000002,True
5.821461,4,27.839877,0.9572417568516389,0.03200000000000003,True
5.519065,3,27.847346,0.9595599203945326,0.02400000000000002,True
5.741475,4,27.856297,0.9568121655937711,0.03200000000000003,True
5.761125,6,27.867663,0.9617359717199365,0.04800000000000004,True
5.605066,3,27.873495,0.9619685803271261,0.02400000000000002,True
5.663436,4,27.883041,0.9598821757691438,0.03200000000000003,True
5.611746,6,27.895436,0.9584249407205896,0.04800000000000004,True
5.567456,5,27.906246,0.9573377382363335,0.040000000000000036,True
5.818551,5,27.917264,0.9608493469567309,0.040000000000000036,True
5.620277,5,27.926749,0.9652589917876838,0.040000000000000036,True
5.693499,4,27.935368,0.9584229926932383,0.03200000000000003,True
5.696453,3,27.942348,0.9589133115029465,0.02400000000000002,True
5.806314,5,27.953287,0.9593677218254346,0.040000000000000036,True
5.88595,5,27.964429,0.9606671526262632,0.040000000000000036,True
5.63288,3,27.971159,0.9609657242478784,0.02400000000000002,True
5.816929,5,27.981915,0.9607486216487662,0.040000000000000036,True
5.543682,5,27.992562,0.960773908151026,0.040000000000000036,True
5.69274,5,28.003046,0.9590693721688249,0.040000000000000036,True
5.660235,4,28.012132,0.9635954168006917,0.03200000000000003,True
5.519447,5,28.0223,0.9653918182858178,0.040000000000000036,True
5.542243,4,28.03122,0.961340689469617,0.03200000000000003,True
5.79183,4,28.040226,0.9621817311835478,0.03200000000000003,True
5.861524,4,28.049376,0.9627678477946932,0.03200000000000003,True
5.812427,5,28.059837,0.9602325155562639,0.040000000000000036,True
5.883024,4,28.07003,0.9612267775167155,0.03200000000000003,True
5.520158,3,28.076066,0.9651222049555628,0.02400000000000002,True
5.530882,7,28.094387,0.9595844773890134,0.05600000000000005,True
5.811286,5,28.109858,0.9608225548657292,0.040000000000000036,True
5.559211,5,28.127918,0.9643025620037415,0.040000000000000036,True
5.466893,4,28.139176,0.9589991119711594,0.03200000000000003,True
5.437982,4,28.148512,0.962780146634588,0.03200000000000003,True
5.469258,3,28.155574,0.9606434226360414,0.02400000000000002,True
5.927149,4,28.16439,0.9614537157939644,0.03200000000000003,True
5.549817,3,28.17156,0.9630234379878607,0.02400000000000002,True
5.597447,4,28.180768,0.9630514823491425,0.03200000000000003,True
5.96267,3,28.187146,0.9626705817032172,0.02400000000000002,True
5.555375,5,28.20017,0.9667120426640594,0.040000000000000036,True
5.454522,4,28.208303,0.9611007310267543,0.03200000000000003,True
5.781975,3,28.215249,0.9609478601013373,0.02400000000000002,True
5.816086,4,28.224234,0.9594342007257952,0.03200000000000003,True
5.539345,5,28.235455,0.9634548065618074,0.040000000000000036,True
5.560641,4,28.245588,0.9671074373209121,0.03200000000000003,True
5.484167,4,28.253793,0.9593584546995754,0.03200000000000003,True
5.93694,4,28.262886,0.9633109944950007,0.03200000000000003,True
5.591801,5,28.27351,0.9584543244120389,0.040000000000000036,True
5.738757,4,28.283011,0.9614765474127511,0.03200000000000003,True
5.411066,4,28.292688,0.9613341770392649,0.03200000000000003,True
5.94937,4,28.301749,0.9596527149994049,0.03200000000000003,True
5.581688,4,28.311221,0.9628353031956287,0.03200000000000003,True
5.815701,5,28.321734,0.9613710874276347,0.040000000000000036,True
5.903182,5,28.333315,0.9655661217416124,0.040000000000000036,True
5.542908,4,28.343176,0.9570846991623894,0.03200000000000003,True
5.608119,4,28.35295,0.958703419472134,0.03200000000000003,True
5.801847,4,28.362562,0.9597512069018134,0.03200000000000003,True
5.4754,3,28.369812,0.9587214344799253,0.02400000000000002,True
5.543461,5,28.381033,0.9609977972214003,0.040000000000000036,True
5.74075,4,28.391232,0.9602647730729048,0.03200000000000003,True
6.059408,5,28.40219,0.9605163383874973,0.040000000000000036,True
5.817619,4,28.411663,0.9620083584100937,0.03200000000000003,True
5.800836,5,28.934233,0.9626441418725483,0.040000000000000036,True
5.677276,4,28.943602,0.956980366641077,0.03200000000000003,True
5.844711,5,28.955687,0.9591873159398743,0.040000000000000036,True
5.495016,7,28.971541,0.961201072689621,0.05600000000000005,True
5.638003,4,28.979796,0.9617155941238246,0.03200000000000003,True
5.603477,5,28.991381,0.959596006535353,0.040000000000000036,True
5.853771,5,29.002444,0.9622328011330868,0.040000000000000036,True
5.69164,3,29.008972,0.9572166903004778,0.02400000000000002,True
5.339819,4,29.018401,0.9642911785333826,0.03200000000000003,True
5.644159,3,29.024748,0.9593982488612813,0.02400000000000002,True
5.478852,5,29.036382,0.9582745635186802,0.040000000000000036,True
5.528845,5,29.048103,0.9582587285440134,0.040000000000000036,True
6.015262,4,29.056745,0.9614506075585121,0.03200000000000003,True
6.065285,6,29.070269,0.9576469003396954,0.04800000000000004,True
5.823341,6,29.084579,0.9622672751181158,0.04800000000000004,True
5.459488,4,29.093215,0.968629526113452,0.03200000000000003,True
5.813539,4,29.101869,0.9602766569045098,0.03200000000000003,True
5.8851,4,29.111843,0.9591273466265038,0.03200000000000003,True
5.817609,5,29.124181,0.961333671676481,0.040000000000000036,True
5.588731,5,29.139651,0.9630365117945484,0.040000000000000036,True
5.584456,3,29.14923,0.9575167192730752,0.02400000000000002,True
5.710133,4,29.162901,0.9590784977188629,0.03200000000000003,True
5.605955,4,29.175363,0.963211846859735,0.03200000000000003,True
5.431153,3,29.182065,0.9636822947073551,0.02400000000000002,True
5.836233,4,29.190357,0.9595128307356442,0.03200000000000003,True
5.885775,4,29.198993,0.9586544696767781,0.03200000000000003,True
6.098037,5,29.210424,0.9633890749587777,0.040000000000000036,True
5.616528,5,29.221637,0.9607579663401389,0.040000000000000036,True
5.803008,4,29.231002,0.9646655132771753,0.03200000000000003,True
5.581058,6,29.245135,0.9643404062863665,0.04800000000000004,True
5.799552,5,29.334764,0.960567926163859,0.040000000000000036,True
5.883154,4,29.343504,0.9596666436237038,0.03200000000000003,True
5.579767,4,29.352901,0.9644518777964373,0.03200000000000003,True
5.818657,5,29.364229,0.9586106936916188,0.040000000000000036,True
5.615856,5,29.375144,0.9680760753997963,0.040000000000000036,True
5.600009,5,29.386793,0.9593618730838571,0.040000000000000036,True
5.625134,5,29.398548,0.959139721863593,0.040000000000000036,True
6.0289,5,29.40916,0.9592666946376986,0.040000000000000036,True
5.856844,4,29.417972,0.9577813018992122,0.03200000000000003,True
5.842314,5,29.428509,0.960640885675138,0.040000000000000036,True
5.493596,3,29.436058,0.9635960670181327,0.02400000000000002,True
5.517477,5,29.446434,0.963510556097743,0.040000000000000036,True
5.751219,5,29.458236,0.9621761432614019,0.040000000000000036,True
5.803747,6,29.471769,0.9584596836427189,0.04800000000000004,True
5.569386,4,29.482154,0.9624265391931118,0.03200000000000003,True
5.821886,5,29.492812,0.961538284107887,0.040000000000000036,True
5.775528,5,29.503677,0.9598004105465084,0.040000000000000036,True
5.848352,5,29.514293,0.9595517431480818,0.040000000000000036,True
5.968655,6,29.529192,0.9641792443698379,0.04800000000000004,True
5.474251,5,29.540378,0.9676727248721821,0.040000000000000036,True
5.839938,5,29.551281,0.960937889692361,0.040000000000000036,True
5.543826,4,29.56078,0.9618522441298948,0.03200000000000003,True
5.786075,4,29.570917,0.9564050761714034,0.03200000000000003,True
5.859487,5,29.58133,0.9646069377565714,0.040000000000000036,True
5.555047,6,29.593906,0.9618534986796328,0.04800000000000004,True
5.464411,3,30.12009,0.9620427791836096,0.02400000000000002,True
5.73508,4,30.183797,0.9650413576808361,0.03200000000000003,True
5.766295,4,30.232527,0.9621863169155966,0.03200000000000003,True
5.742221,4,30.268973,0.9620935041263032,0.03200000000000003,True
5.751433,5,30.338715,0.9576423620194959,0.040000000000000036,True
5.633487,6,30.397741,0.9614638530106562,0.04800000000000004,True
5.816704,4,30.42537,0.9607989456737218,0.03200000000000003,True
5.631316,4,30.456487,0.962611458039264,0.03200000000000003,True
5.612873,4,30.494246,0.9630020767249776,0.03200000000000003,True
6.010865,5,30.505518,0.9680092207947851,0.040000000000000036,True
5.733768,4,30.515105,0.9585719362607348,0.03200000000000003,True
5.684995,3,30.522986,0.9624150959317853,0.02400000000000002,True
6.032064,5,30.533846,0.9583419733596819,0.040000000000000036,True
5.732302,5,30.545895,0.9587556411435771,0.040000000000000036,True
6.014679,5,30.556991,0.9605163965665053,0.040000000000000036,True
5.568808,3,30.565168,0.961072875620703,0.02400000000000002,True
5.581958,4,30.575701,0.9637725242458673,0.03200000000000003,True
5.728534,3,30.583557,0.9652643803865579,0.02400000000000002,True
5.535356,4,30.591809,0.9589120323165355,0.03200000000000003,True
5.697287,4,30.600676,0.9673460501199918,0.03200000000000003,True
5.565506,4,30.610872,0.9609282411771841,0.03200000000000003,True
5.745975,5,30.624238,0.9590744129855318,0.040000000000000036,True
5.778697,4,30.63457,0.9593338866486782,0.03200000000000003,True
5.716869,4,30.643788,0.959564109831528,0.03200000000000003,True
5.634907,3,30.650852,0.9608306417480786,0.02400000000000002,True
5.616634,6,30.666211,0.9592062662828309,0.04800000000000004,True
5.918724,4,30.678136,0.9611581492726151,0.03200000000000003,True
5.548313,5,30.690173,0.9613914537570512,0.040000000000000036,True
5.572152,2,30.695005,0.957846323298981,0.016000000000000014,True
5.915165,6,30.708944,0.959850961728056,0.04800000000000004,True
5.699308,4,30.718694,0.9590971944379638,0.03200000000000003,True
5.477964,4,30.727449,0.9629323231840612,0.03200000000000003,True
5.56553,4,30.737112,0.9654948448823959,0.03200000000000003,True
5.786465,4,30.747041,0.9584504117336099,0.03200000000000003,True
5.614073,5,30.758879,0.9609059998309855,0.040000000000000036,True
5.453851,4,30.768143,0.968299005018223,0.03200000000000003,True
5.616763,5,30.779929,0.9592302617075228,0.040000000000000036,True
6.010799,5,30.792884,0.9616328038264621,0.040000000000000036,True
5.731057,3,30.799811,0.9688917667684067,0.02400000000000002,True
5.389146,2,30.806649,0.9611271121161395,0.016000000000000014,True
5.645967,5,30.818631,0.9599310006288073,0.040000000000000036,True
5.688256,5,30.832231,0.9591167112440109,0.040000000000000036,True
5.676814,3,30.83908,0.9596891347647758,0.02400000000000002,True
5.991062,6,30.854105,0.9603578198768213,0.04800000000000004,True
5.845034,5,30.866038,0.9604960672779999,0.040000000000000036,True
5.569205,3,30.874307,0.9611384312384998,0.02400000000000002,True
5.553066,4,30.883064,0.9668751752992079,0.03200000000000003,True
5.582736,5,30.894104,0.9617662742014864,0.040000000000000036,True
5.701052,4,30.903585,0.9655988594451216,0.03200000000000003,True
5.483962,4,30.914039,0.9588669785031877,0.03200000000000003,True
5.801676,4,30.922756,0.9607991634098549,0.03200000000000003,True
5.773835,5,30.935323,0.9592239305744867,0.040000000000000036,True
5.720325,5,30.94681,0.9611568810399723,0.040000000000000036,True
5.636193,4,30.956273,0.9620812659665052,0.03200000000000003,True
5.709199,4,30.965982,0.9633625910247707,0.03200000000000003,True
5.557233,3,30.97376,0.9609288730939718,0.02400000000000002,True
5.633386,4,30.982036,0.9614486210554237,0.03200000000000003,True
5.431166,3,31.008167,0.9610379765534085,0.02400000000000002,True
5.81046,3,31.022969,0.9584575004899627,0.02400000000000002,True
5.626153,4,31.048791,0.9585401904125881,0.03200000000000003,True
5.564747,5,31.095962,0.9605041562368567,0.040000000000000036,True
5.470563,3,31.112392,0.9596434496251104,0.02400000000000002,True
5.86946,5,31.843564,0.9637846538572008,0.040000000000000036,True
5.518195,4,31.853296,0.9630967012786706,0.03200000000000003,True
5.838203,5,31.864492,0.9590953853667432,0.040000000000000036,True
5.828733,5,31.87533,0.9605481774615628,0.040000000000000036,True
5.801845,4,31.884958,0.9613223067730756,0.03200000000000003,True
5.579671,4,31.893785,0.962770451789747,0.03200000000000003,True
5.752677,5,31.904756,0.9628017461880685,0.040000000000000036,True
5.540974,4,31.92403,0.9587412981408495,0.03200000000000003,True
5.677735,5,31.998232,0.963061122853462,0.040000000000000036,True
5.617793,4,32.063496,0.9612092464836102,0.03200000000000003,True
5.778439,3,32.100254,0.9609595622736565,0.02400000000000002,True
5.504301,4,32.138337,0.9623051894821051,0.03200000000000003,True
5.567166,5,32.178599,0.9582192299332201,0.040000000000000036,True
5.733708,4,32.218768,0.960733613335257,0.03200000000000003,True
5.803811,4,32.234482,0.9667885778632713,0.03200000000000003,True
5.873408,4,32.243456,0.9614232033516301,0.03200000000000003,True
5.514559,4,32.251868,0.9613405688295024,0.03200000000000003,True
5.851112,5,32.265494,0.9628532988218881,0.040000000000000036,True
5.536033,5,32.276563,0.9611645222147394,0.040000000000000036,True
5.691577,4,32.28589,0.9638452297822171,0.03200000000000003,True
5.870794,4,32.29637,0.9618021779641343,0.03200000000000003,True
5.810166,4,32.310739,0.9587715278336923,0.03200000000000003,True
6.008721,5,32.326677,0.959729703618062,0.040000000000000036,True
6.050883,5,32.341954,0.9600797439997576,0.040000000000000036,True
6.06096,5,32.35456,0.9621440699936721,0.040000000000000036,True
5.542964,3,32.360753,0.9597573676817923,0.02400000000000002,True
5.840454,4,32.37001,0.9618853224239847,0.03200000000000003,True
5.64453,5,32.381549,0.960624025165975,0.040000000000000036,True
5.544672,3,32.389155,0.9602534934614296,0.02400000000000002,True
5.748559,4,32.39832,0.9654371214534625,0.03200000000000003,True
5.851924,5,32.409834,0.9591110662499334,0.040000000000000036,True
5.680879,4,32.418849,0.965551171389856,0.03200000000000003,True
5.583918,4,32.432637,0.9595227130084332,0.03200000000000003,True
5.744696,4,32.442316,0.9645358805457127,0.03200000000000003,True
5.466914,3,32.44895,0.9618935013625354,0.02400000000000002,True
6.002051,4,32.457556,0.959304519397491,0.03200000000000003,True
5.796143,4,32.466998,0.9606207467701384,0.03200000000000003,True
6.043009,5,32.477762,0.9598350594635757,0.040000000000000036,True
5.565551,5,32.490165,0.9571323022764222,0.040000000000000036,True
5.492398,4,32.498776,0.9602874562831566,0.03200000000000003,True
5.713815,4,32.507866,0.9590513329393504,0.03200000000000003,True
5.676042,3,32.514584,0.9628613788793534,0.02400000000000002,True
6.007784,4,32.524242,0.957579470657431,0.03200000000000003,True
5.650045,4,32.533855,0.9676138639329557,0.03200000000000003,True
5.444376,4,32.543308,0.9621733568438193,0.03200000000000003,True
5.763278,3,32.551236,0.9593333853981281,0.02400000000000002,True
5.500965,5,32.562666,0.9591884337102441,0.040000000000000036,True
5.765878,4,32.572333,0.9589463585317697,0.03200000000000003,True
5.768836,4,32.581744,0.9607805680361733,0.03200000000000003,True
5.744026,3,32.588315,0.9642761600338807,0.02400000000000002,True
5.719395,6,32.601982,0.9625901987750047,0.04800000000000004,True
5.564131,4,32.611055,0.9575169739414356,0.03200000000000003,True
5.831192,5,32.622985,0.9600463614137714,0.040000000000000036,True
5.771052,5,32.633886,0.9577594031476228,0.040000000000000036,True
5.587136,3,32.641748,0.9632698770438001,0.02400000000000002,True
5.657073,3,32.648934,0.9640377331733873,0.02400000000000002,True
5.891604,3,32.655572,0.9673797675733526,0.02400000000000002,True
5.634456,5,32.668491,0.9567543509297276,0.040000000000000036,True
5.84626,5,32.682218,0.9641812309075128,0.040000000000000036,True
5.719645,3,32.689336,0.9651685757624365,0.02400000000000002,True
5.984127,4,32.698441,0.9594111374570822,0.03200000000000003,True
5.542695,4,33.210406,0.9591067498998023,0.03200000000000003,True
5.716553,3,33.21819,0.9616693364452826,0.02400000000000002,True
5.500031,5,33.228889,0.9630486683534234,0.040000000000000036,True
5.711446,3,33.235992,0.962177240507043,0.02400000000000002,True
5.423891,4,33.245962,0.9597769269419985,0.03200000000000003,True
5.854199,4,33.254414,0.9574717793547352,0.03200000000000003,True
5.622714,5,33.265898,0.9652698040776108,0.040000000000000036,True
5.762824,3,33.275254,0.9589853281394644,0.02400000000000002,True
5.817436,5,33.286125,0.9588824671168026,0.040000000000000036,True
5.72188,5,33.298367,0.9627226020515368,0.040000000000000036,True
5.764962,3,33.304735,0.9595392276806312,0.02400000000000002,True
5.5789,4,33.313921,0.9615796731516246,0.03200000000000003,True
5.698902,4,33.322545,0.9567542777678006,0.03200000000000003,True
5.539621,4,33.33216,0.956571723775451,0.03200000000000003,True
5.811188,4,33.343913,0.965338740855396,0.03200000000000003,True
5.615971,4,33.358487,0.9605738899387155,0.03200000000000003,True
5.574868,5,33.375528,0.963434824991454,0.040000000000000036,True
5.641139,5,33.389503,0.9622386970557136,0.040000000000000036,True
5.728841,4,33.39756,0.9629515955032321,0.03200000000000003,True
5.786421,4,33.406941,0.961135441649233,0.03200000000000003,True
5.730351,5,33.418942,0.9649013236924883,0.040000000000000036,True
5.783276,5,33.431091,0.9580591149214632,0.040000000000000036,True
5.746536,4,33.44179,0.9630444356695462,0.03200000000000003,True
5.757681,4,33.453912,0.9617373323167965,0.03200000000000003,True
5.485895,4,33.465197,0.9635701134431808,0.03200000000000003,True
5.981519,4,33.474619,0.9661280014540223,0.03200000000000003,True
5.491065,4,33.483942,0.9634140860461788,0.03200000000000003,True
5.91308,4,33.494326,0.9595731458456086,0.03200000000000003,True
5.609475,4,33.503669,0.9623497790163033,0.03200000000000003,True
5.739098,4,33.514015,0.9610876330180091,0.03200000000000003,True
5.801494,5,33.52565,0.9641574652308166,0.040000000000000036,True
5.644586,3,33.533577,0.9629332036695324,0.02400000000000002,True
5.695012,4,33.542432,0.960385525523306,0.03200000000000003,True
5.539112,5,33.55457,0.9618476343974656,0.040000000000000036,True
5.684256,3,33.561735,0.9570151255911941,0.02400000000000002,True
5.743696,5,33.57339,0.9603946240015869,0.040000000000000036,True
5.728043,4,33.58099,0.960340124711434,0.03200000000000003,True
5.660817,5,33.592245,0.9619647636947455,0.040000000000000036,True
6.072545,4,33.600695,0.9652259004155939,0.03200000000000003,True
5.803391,5,33.611394,0.9579964068689575,0.040000000000000036,True
5.540035,4,33.620569,0.9598695085454677,0.03200000000000003,True
5.761734,5,33.631782,0.9615854122099612,0.040000000000000036,True
5.956669,4,33.641065,0.9580181280421266,0.03200000000000003,True
5.486686,3,33.64791,0.9584391805724353,0.02400000000000002,True
5.678443,4,33.657195,0.9659302862271083,0.03200000000000003,True
5.444466,3,33.66376,0.9630424009142406,0.02400000000000002,True
5.722999,3,33.671351,0.9601992745772525,0.02400000000000002,True
5.636133,3,33.678492,0.9616382422353315,0.02400000000000002,True
6.019079,5,33.688962,0.9598050110710901,0.040000000000000036,True
5.746906,5,33.701084,0.9669026551480531,0.040000000000000036,True
5.330569,3,33.706806,0.9619369905929045,0.02400000000000002,True
5.550787,4,33.716319,0.9596864139885283,0.03200000000000003,True
5.532245,5,33.726784,0.9601244892520431,0.040000000000000036,True
5.744208,5,33.737444,0.9596163876363384,0.040000000000000036,True
5.793214,4,33.747506,0.9622138684285101,0.03200000000000003,True
5.72467,4,33.755383,0.9601485845954257,0.03200000000000003,True
5.402976,4,33.765059,0.9638344876990662,0.03200000000000003,True
5.655805,4,33.773359,0.9625081750947249,0.03200000000000003,True
5.707359,3,33.779215,0.9606601838374546,0.02400000000000002,True
5.772079,5,33.791221,0.9599746267991565,0.040000000000000036,True
5.821356,4,33.801028,0.9571318227413413,0.03200000000000003,True
5.450828,4,33.810015,0.9617330158621744,0.03200000000000003,True
5.739978,4,34.32775,0.9599499322112582,0.03200000000000003,True
5.602344,4,34.337954,0.9683807655528032,0.03200000000000003,True
5.800104,6,34.352891,0.9659733684205685,0.04800000000000004,True
5.499787,5,34.36539,0.9612198404956982,0.040000000000000036,True
5.762093,4,34.37409,0.9629022605052127,0.03200000000000003,True
5.397254,4,34.3869,0.9639597715723323,0.03200000000000003,True
5.491543,5,34.404435,0.9595329368186075,0.040000000000000036,True
5.732432,5,34.419728,0.9669759085596615,0.040000000000000036,True
5.708824,4,34.42943,0.9592528154701869,0.03200000000000003,True
5.671832,3,34.436925,0.9624645987205432,0.02400000000000002,True
5.948306,4,34.449345,0.9602216907157839,0.03200000000000003,True
5.723753,6,34.463749,0.9624342546589636,0.04800000000000004,True
5.666367,4,34.472785,0.9660992400908777,0.03200000000000003,True
5.654124,4,34.482035,0.9641729578150511,0.03200000000000003,True
5.826687,5,34.493005,0.961891796194184,0.040000000000000036,True
5.743527,4,34.502511,0.960840168128166,0.03200000000000003,True
5.44443,4,34.511032,0.9576741689996895,0.03200000000000003,True
5.764137,5,34.523536,0.9618900925827868,0.040000000000000036,True
5.580702,4,34.532811,0.9664687932202103,0.03200000000000003,True
5.862586,4,34.542109,0.9630520882447643,0.03200000000000003,True
5.918131,4,34.551279,0.9599267053125452,0.03200000000000003,True
5.828021,5,34.562323,0.9569514057369916,0.040000000000000036,True
6.062211,4,34.571891,0.959444839573291,0.03200000000000003,True
5.608045,4,34.580771,0.9616199354994613,0.03200000000000003,True
5.897499,5,34.592167,0.9639438729659342,0.040000000000000036,True
5.630855,5,34.603588,0.9608423097821142,0.040000000000000036,True
5.710566,3,34.61054,0.9599016134205508,0.02400000000000002,True
6.05196,4,34.619623,0.9593133188861113,0.03200000000000003,True
5.457438,5,34.632229,0.9623654998677872,0.040000000000000036,True
5.805873,5,34.643486,0.9657572547654898,0.040000000000000036,True
5.815431,5,34.654281,0.9664717086246936,0.040000000000000036,True
5.70265,3,34.661595,0.961451099944552,0.02400000000000002,True
5.442462,3,34.669147,0.9590042103723685,0.02400000000000002,True
5.500258,4,34.680851,0.9611565949985273,0.03200000000000003,True
5.63596,5,34.691134,0.9612539616445868,0.040000000000000036,True
5.987542,4,34.700206,0.962066858176765,0.03200000000000003,True
6.008156,5,34.711164,0.9605129499465128,0.040000000000000036,True
5.717491,4,34.720435,0.9634219176378918,0.03200000000000003,True
5.676022,4,34.730481,0.9637543046552195,0.03200000000000003,True
5.74433,5,34.741082,0.9567068926700044,0.040000000000000036,True
5.543184,6,34.755405,0.9612594065897211,0.04800000000000004,True
5.772717,5,34.766417,0.9591698908333295,0.040000000000000036,True
5.921695,4,34.775977,0.9627690129366943,0.03200000000000003,True
5.790805,4,34.784851,0.9656440198406286,0.03200000000000003,True
5.536279,4,34.795179,0.9630485556600976,0.03200000000000003,True
5.454179,3,34.802145,0.9597195784182897,0.02400000000000002,True
5.881772,5,34.813954,0.9618935434089384,0.040000000000000036,True
5.771618,3,34.8211,0.9575034490854983,0.02400000000000002,True
5.823052,5,34.832511,0.9622941661085613,0.040000000000000036,True
5.687939,4,34.841629,0.9609927788627808,0.03200000000000003,True
5.593972,4,34.85053,0.9607162990724691,0.03200000000000003,True
5.584979,4,34.861504,0.9625246233864466,0.03200000000000003,True
5.594958,3,34.869335,0.9692451663165982,0.02400000000000002,True
5.820926,4,34.878675,0.9621435739694407,0.03200000000000003,True
5.496975,4,34.888046,0.9612712208073009,0.03200000000000003,True
5.428173,4,34.89801,0.9618495126263116,0.03200000000000003,True
5.49519,3,34.905006,0.9568277833003583,0.02400000000000002,True
5.749588,3,34.912836,0.9615352750244874,0.02400000000000002,True
5.642409,5,34.924908,0.9611757660580493,0.040000000000000036,True
5.722717,3,34.931676,0.9582458928377147,0.02400000000000002,True
5.62009,4,34.941823,0.9570406680704537,0.03200000000000003,True
5.803519,4,35.51723,0.9610629216276176,0.03200000000000003,True
5.415451,4,35.526504,0.9629389142256535,0.03200000000000003,True
5.41624,4,35.536218,0.9633858580808992,0.03200000000000003,True
5.425303,3,35.543732,0.9574868067053255,0.02400000000000002,True
5.558223,5,35.554488,0.9647651665651138,0.040000000000000036,True
5.56947,4,35.564223,0.960659975300754,0.03200000000000003,True
5.64759,3,35.570343,0.9604175413619183,0.02400000000000002,True
5.425157,4,35.579191,0.9605408267953394,0.03200000000000003,True
5.672656,5,35.590364,0.9574226197326681,0.040000000000000036,True
5.522367,5,35.602211,0.957763257732846,0.040000000000000036,True
5.74673,4,35.611397,0.965797716894582,0.03200000000000003,True
5.602856,5,35.621901,0.9575250446627437,0.040000000000000036,True
5.861931,4,35.630962,0.9632786680900475,0.03200000000000003,True
5.751937,4,35.639778,0.9611553675363218,0.03200000000000003,True
5.644652,3,35.647054,0.9612524769924743,0.02400000000000002,True
5.557544,4,35.656268,0.9591730476209146,0.03200000000000003,True
5.361265,3,35.664119,0.9620783573204224,0.02400000000000002,True
5.686747,5,35.67555,0.9620156214805268,0.040000000000000036,True
6.01777,4,35.685076,0.9576188291098322,0.03200000000000003,True
5.949584,3,35.691328,0.9583781459903871,0.02400000000000002,True
5.749884,5,35.701976,0.9631314176857534,0.040000000000000036,True
5.530952,4,35.712253,0.9618580862008526,0.03200000000000003,True
5.566942,4,35.720298,0.9627684831439012,0.03200000000000003,True
5.71914,5,35.73111,0.9569016068954355,0.040000000000000036,True
5.472965,4,35.739279,0.9662986658246955,0.03200000000000003,True
5.841925,4,35.748004,0.9581487253976406,0.03200000000000003,True
5.839533,4,35.826301,0.9606559955391506,0.03200000000000003,True
5.96403,4,35.835285,0.9608434197827296,0.03200000000000003,True
6.012443,4,35.844829,0.9613809077597539,0.03200000000000003,True
5.732537,4,35.853573,0.9601586238353527,0.03200000000000003,True
5.515648,4,35.862717,0.9635776052918694,0.03200000000000003,True
5.768541,6,35.876246,0.958676346702196,0.04800000000000004,True
5.696513,4,35.885978,0.9591634261008761,0.03200000000000003,True
5.612484,5,35.897413,0.9594005726574025,0.040000000000000036,True
5.503751,3,35.903494,0.9640035767827526,0.02400000000000002,True
5.950171,4,35.913034,0.9634154928225958,0.03200000000000003,True
6.044647,4,35.921903,0.9622920244597766,0.03200000000000003,True
5.971775,5,35.932129,0.9613779058452405,0.040000000000000036,True
5.763157,3,35.93864,0.9623266458374338,0.02400000000000002,True
5.810666,5,35.954632,0.9614141966089111,0.040000000000000036,True
5.538742,4,35.970331,0.963622715270678,0.03200000000000003,True
5.798913,5,35.987455,0.9603390931988743,0.040000000000000036,True
5.604119,3,35.998466,0.962423261716111,0.02400000000000002,True
5.935824,5,36.016321,0.9618649307987637,0.040000000000000036,True
5.506263,4,36.02936,0.9588192560142177,0.03200000000000003,True
5.476215,3,36.040756,0.9568214119301741,0.02400000000000002,True
5.567282,4,36.054025,0.9636684052646523,0.03200000000000003,True
5.95151,4,36.068434,0.9591273458987458,0.03200000000000003,True
5.714807,3,36.078855,0.9602531991793075,0.02400000000000002,True
5.657127,3,36.087008,0.9589570402450828,0.02400000000000002,True
5.842578,5,36.103624,0.9645775778933483,0.040000000000000036,True
6.003296,4,36.116212,0.9619220492230208,0.03200000000000003,True
5.586522,5,36.131902,0.9621824241329748,0.040000000000000036,True
5.66649,3,36.143982,0.9610077001211462,0.02400000000000002,True
5.510413,3,36.153162,0.9644959814920855,0.02400000000000002,True
5.599994,4,36.1653,0.9607994689222312,0.03200000000000003,True
6.028263,4,36.176852,0.9609268750832073,0.03200000000000003,True
5.47311,6,36.193708,0.9633207874244996,0.04800000000000004,True
5.677938,5,36.208096,0.9655775455633784,0.040000000000000036,True
5.949915,5,36.224435,0.9633537823866045,0.040000000000000036,True
6.062133,4,36.237309,0.9576541421166438,0.03200000000000003,True
5.691092,5,36.254671,0.9635764196828747,0.040000000000000036,True
5.414964,3,36.968993,0.9609078009790842,0.02400000000000002,True
5.655096,5,36.990844,0.96166937058962,0.040000000000000036,True
5.595419,4,37.002792,0.9622091365648476,0.03200000000000003,True
5.486702,4,37.016883,0.9622191603814707,0.03200000000000003,True
5.938505,4,37.02856,0.9620187402475026,0.03200000000000003,True
5.535463,3,37.038079,0.9583733300161711,0.02400000000000002,True
5.965848,4,37.050144,0.9580233512007472,0.03200000000000003,True
5.645647,4,37.062174,0.9566836394398397,0.03200000000000003,True
5.468461,5,37.076136,0.9617406611657924,0.040000000000000036,True
5.400033,4,37.087837,0.9620873492361974,0.03200000000000003,True
5.61831,4,37.099997,0.9568538143936103,0.03200000000000003,True
5.567393,4,37.113285,0.9659413980410344,0.03200000000000003,True
5.915957,4,37.125423,0.9612060873797063,0.03200000000000003,True
5.69908,5,37.142321,0.9630342211614504,0.040000000000000036,True
5.739969,4,37.15403,0.9584003519863552,0.03200000000000003,True
5.4391,4,37.166136,0.9604890499726817,0.03200000000000003,True
5.745198,4,37.177468,0.9608856720134504,0.03200000000000003,True
5.530541,4,37.187677,0.9664660093483963,0.03200000000000003,True
5.512109,5,37.201904,0.9594433849699704,0.040000000000000036,True
5.451869,3,37.211082,0.9587708448112547,0.02400000000000002,True
5.64763,5,37.224854,0.9618166758206825,0.040000000000000036,True
5.705398,5,37.238093,0.9635180383436273,0.040000000000000036,True
5.713178,3,37.247606,0.9617390668388217,0.02400000000000002,True
5.942908,4,37.259072,0.9632386907039792,0.03200000000000003,True
5.837663,4,37.270889,0.9600751011071965,0.03200000000000003,True
5.537265,3,37.279277,0.9629107884016355,0.02400000000000002,True
5.59286,4,37.291675,0.9626400413245175,0.03200000000000003,True
5.55244,5,37.307444,0.9618500158248038,0.040000000000000036,True
5.489108,4,37.31904,0.9605959170527429,0.03200000000000003,True
5.306048,2,37.32491,0.959927354861746,0.016000000000000014,True
5.759888,4,37.336552,0.9666368306919284,0.03200000000000003,True
5.576771,5,37.351133,0.9613229113005941,0.040000000000000036,True
5.558539,4,37.362785,0.963937439965243,0.03200000000000003,True
6.060834,5,37.376482,0.9651267973457649,0.040000000000000036,True
5.859687,5,37.391563,0.9586050992081689,0.040000000000000036,True
5.642222,4,37.404749,0.9585687687718492,0.03200000000000003,True
5.603915,4,37.418906,0.958984853235879,0.03200000000000003,True
5.363982,3,37.42823,0.9584554257810936,0.02400000000000002,True
5.695294,4,37.438954,0.9574362707040078,0.03200000000000003,True
5.5549,3,37.448447,0.9612756664535766,0.02400000000000002,True
5.535383,3,37.458663,0.9594611665264007,0.02400000000000002,True
5.43764,5,37.477241,0.9592441593556418,0.040000000000000036,True
5.664757,4,37.490449,0.9612592229281661,0.03200000000000003,True
5.621647,5,37.508556,0.9614820019698882,0.040000000000000036,True
5.549292,4,37.520955,0.963123557478524,0.03200000000000003,True
5.469384,3,37.530773,0.9570238736987571,0.02400000000000002,True
5.847688,4,37.541739,0.9594793613996959,0.03200000000000003,True
5.953133,4,37.554105,0.9618724804521961,0.03200000000000003,True
5.603829,4,37.56594,0.9620419094537466,0.03200000000000003,True
5.913083,6,37.584275,0.9626840166650206,0.04800000000000004,True
5.960365,4,37.601037,0.9603450871071533,0.03200000000000003,True
5.658793,4,37.617152,0.9623064750097516,0.03200000000000003,True
5.586898,3,37.627389,0.9653385116298996,0.02400000000000002,True
5.440924,3,37.637993,0.9574005194432069,0.02400000000000002,True
5.643592,4,37.651858,0.9591623543321344,0.03200000000000003,True
5.55677,4,37.668824,0.9569649211094842,0.03200000000000003,True
5.808948,5,37.684711,0.9577222060606525,0.040000000000000036,True
5.550627,5,37.702157,0.96008584423243,0.040000000000000036,True
5.559739,4,37.713761,0.9660674288854505,0.03200000000000003,True
5.57228,4,37.725522,0.9595876730397291,0.03200000000000003,True
5.559664,3,37.734503,0.960117455363086,0.02400000000000002,True
5.587619,5,37.748968,0.9583645109526182,0.040000000000000036,True
5.660745,4,37.76096,0.9628098008220487,0.03200000000000003,True
6.019486,5,38.461858,0.9589394236772881,0.040000000000000036,True
5.52751,4,38.474954,0.9646831896582047,0.03200000000000003,True
5.764382,4,38.485759,0.9610493405263518,0.03200000000000003,True
5.871003,4,38.497821,0.9623338592012209,0.03200000000000003,True
5.676357,5,38.51339,0.9654883578888634,0.040000000000000036,True
5.812243,5,38.533175,0.9619698487123478,0.040000000000000036,True
5.667059,3,38.542297,0.9598939241218489,0.02400000000000002,True
5.542683,4,38.553881,0.9603164088403419,0.03200000000000003,True
5.755706,3,38.561718,0.9603655316891185,0.02400000000000002,True
5.758492,4,38.573264,0.957061165731071,0.03200000000000003,True
5.804971,4,38.585095,0.9617268389593039,0.03200000000000003,True
5.544012,4,38.596395,0.9621541330948862,0.03200000000000003,True
5.643538,4,38.607728,0.9592658930536191,0.03200000000000003,True
5.603008,4,38.618181,0.9633959013468185,0.03200000000000003,True
5.766628,4,38.62895,0.9603319616401318,0.03200000000000003,True
5.724141,3,38.638071,0.9631596868901603,0.02400000000000002,True
5.748314,4,38.649251,0.9608268595202466,0.03200000000000003,True
5.596032,4,38.662064,0.9581350331002889,0.03200000000000003,True
5.87071,5,38.680129,0.966105059384248,0.040000000000000036,True
5.640273,3,38.69324,0.9632645279833196,0.02400000000000002,True
5.778761,3,38.70462,0.961762364815999,0.02400000000000002,True
5.688878,4,38.721249,0.9633227364150647,0.03200000000000003,True
5.67761,3,38.732297,0.9680629799540363,0.02400000000000002,True
5.800202,5,38.750551,0.9626348591859509,0.040000000000000036,True
5.482641,5,38.76653,0.9610443081893552,0.040000000000000036,True
5.762482,5,38.783782,0.95821527276428,0.040000000000000036,True
5.73717,5,38.798489,0.9572639548415488,0.040000000000000036,True
5.838987,4,38.809839,0.9570547435855341,0.03200000000000003,True
5.491953,4,38.821701,0.9621460167886582,0.03200000000000003,True
5.507082,5,38.835817,0.9668322506393209,0.040000000000000036,True
5.519278,4,38.847356,0.9598603742856711,0.03200000000000003,True
5.589333,4,38.859419,0.9585149964444143,0.03200000000000003,True
5.826524,4,38.87112,0.9576676948721017,0.03200000000000003,True
5.904545,4,38.882967,0.9594046275265602,0.03200000000000003,True
5.659059,3,38.891216,0.9649416466008643,0.02400000000000002,True
5.502577,5,38.903959,0.9638228467616226,0.040000000000000036,True
5.6599,6,38.92096,0.9609871622815718,0.04800000000000004,True
5.884172,5,38.934155,0.9616165204343942,0.040000000000000036,True
5.432922,4,38.945356,0.9589398498094244,0.03200000000000003,True
5.422134,5,38.959769,0.9580092515288396,0.040000000000000036,True
5.805333,5,38.973481,0.9601507144715027,0.040000000000000036,True
5.631332,4,38.98533,0.960412988575841,0.03200000000000003,True
5.483821,4,38.99594,0.9592340774507949,0.03200000000000003,True
5.884352,3,39.004904,0.9619680848695201,0.02400000000000002,True
5.87536,4,39.016686,0.9607254432920367,0.03200000000000003,True
5.790651,5,39.030794,0.9596890878574015,0.040000000000000036,True
5.684679,4,39.041126,0.961695271055585,0.03200000000000003,True
5.743472,4,39.05229,0.9686470561370234,0.03200000000000003,True
5.792572,5,39.065335,0.9619303450941614,0.040000000000000036,True
5.54253,4,39.078198,0.959628046140409,0.03200000000000003,True
5.69125,5,39.092092,0.9596059804103994,0.040000000000000036,True
5.569669,4,39.102934,0.960699730367799,0.03200000000000003,True
5.574323,4,39.115117,0.9605110425872501,0.03200000000000003,True
5.897227,5,39.130095,0.9611446292871102,0.040000000000000036,True
5.819426,4,39.142457,0.9603473095418131,0.03200000000000003,True
5.880196,6,39.16,0.9581122145211538,0.04800000000000004,True
5.497881,3,39.168574,0.9617838282501814,0.02400000000000002,True
5.957128,5,39.184931,0.9610634769586134,0.040000000000000036,True
5.925977,5,39.200762,0.9586223699172516,0.040000000000000036,True
5.387649,3,39.210495,0.9591965457591317,0.02400000000000002,True
5.914117,4,39.222572,0.9624801907807922,0.03200000000000003,True
5.80409,5,40.008176,0.9631155386592638,0.040000000000000036,True
5.81055,4,40.022178,0.9633202078609717,0.03200000000000003,True
5.685959,3,40.031274,0.9597042790377814,0.02400000000000002,True
5.627882,4,40.043992,0.9615073309220787,0.03200000000000003,True
5.54714,4,40.055624,0.9567442120895667,0.03200000000000003,True
5.659024,3,40.066173,0.9667915987529269,0.02400000000000002,True
5.788466,5,40.084506,0.9591480263333917,0.040000000000000036,True
5.835223,5,40.103382,0.962599159035334,0.040000000000000036,True
5.683171,4,40.118461,0.9589258221865504,0.03200000000000003,True
5.751996,3,40.130061,0.9669520981135966,0.02400000000000002,True
5.849874,3,40.139152,0.9626697645000808,0.02400000000000002,True
5.603938,3,40.149145,0.9634067389854639,0.02400000000000002,True
5.697946,5,40.166772,0.9589135167625397,0.040000000000000036,True
5.657565,3,40.176853,0.9625747622118452,0.02400000000000002,True
5.608881,4,40.189656,0.9610649207599204,0.03200000000000003,True
5.885519,4,40.201361,0.9644040080053452,0.03200000000000003,True
5.743451,3,40.211893,0.9624400347148064,0.02400000000000002,True
5.763208,3,40.220992,0.9619340711896093,0.02400000000000002,True
5.639884,5,40.236293,0.963623536119568,0.040000000000000036,True
6.012672,4,40.250781,0.9646472564165165,0.03200000000000003,True
5.517973,4,40.264308,0.9619685815120376,0.03200000000000003,True
5.741589,4,40.280453,0.9593838252433856,0.03200000000000003,True
5.674655,5,40.303195,0.9612631404334084,0.040000000000000036,True
5.554545,4,40.31304,0.9594079714338982,0.03200000000000003,True
5.951012,4,40.321095,0.9572482601548404,0.03200000000000003,True
5.474232,5,40.334031,0.9639310891274051,0.040000000000000036,True
5.689884,4,40.343668,0.958079593576397,0.03200000000000003,True
5.693963,4,40.354082,0.9630094971139718,0.03200000000000003,True
5.491316,4,40.362875,0.9619069977041543,0.03200000000000003,True
5.994732,4,40.371934,0.9602334872537714,0.03200000000000003,True
5.830018,5,40.382575,0.9591405970216347,0.040000000000000036,True
5.755762,3,40.388534,0.9651250208567552,0.02400000000000002,True
5.708148,3,40.396034,0.9631181891038922,0.02400000000000002,True
5.711109,5,40.406158,0.9629460346775296,0.040000000000000036,True
5.838025,4,40.415167,0.9620391756292529,0.03200000000000003,True
5.942505,4,40.424127,0.9621859420669505,0.03200000000000003,True
5.39073,2,40.430035,0.9612946001580885,0.016000000000000014,True
5.490303,3,40.436898,0.9639856852379018,0.02400000000000002,True
5.755729,4,40.446545,0.9604478245829726,0.03200000000000003,True
5.622759,3,40.453728,0.9597452181134772,0.02400000000000002,True
5.82053,5,40.465072,0.9644547357828688,0.040000000000000036,True
5.713748,4,40.475215,0.9587431658004164,0.03200000000000003,True
5.455866,4,40.484889,0.9643125472740375,0.03200000000000003,True
5.689763,5,40.49582,0.9573550464203753,0.040000000000000036,True
5.654158,3,40.502772,0.9561477081089118,0.02400000000000002,True
5.603862,4,40.513389,0.9618167190600436,0.03200000000000003,True
5.720468,4,40.522007,0.9624208879203995,0.03200000000000003,True
5.636156,3,40.528776,0.9599989872423458,0.02400000000000002,True
5.709715,5,40.539402,0.9585837289788183,0.040000000000000036,True
5.617931,4,40.548409,0.9621550657751399,0.03200000000000003,True
5.678147,4,40.557945,0.9624607401848075,0.03200000000000003,True
5.83668,4,40.567274,0.962206587081182,0.03200000000000003,True
5.867819,5,40.579572,0.9640266622326509,0.040000000000000036,True
5.569143,4,40.590098,0.958207711712802,0.03200000000000003,True
5.334912,2,40.594424,0.9583943816337307,0.016000000000000014,True
5.450962,3,40.601702,0.9580899268161828,0.02400000000000002,True
6.032841,4,40.610546,0.9580392478137629,0.03200000000000003,True
5.568473,4,40.619395,0.9603424226481923,0.03200000000000003,True
6.013704,4,40.627259,0.9654550972064608,0.03200000000000003,True
5.561402,3,40.635116,0.9597767390843843,0.02400000000000002,True
5.872264,4,40.644165,0.9599761817524333,0.03200000000000003,True
5.874139,5,40.655575,0.9576808385725035,0.040000000000000036,True
5.83538,4,40.666396,0.9631439946988593,0.03200000000000003,True
5.727222,3,40.675085,0.9556184786301645,0.02400000000000002,True
5.678169,3,40.683539,0.9620820170046978,0.02400000000000002,True
5.710143,4,40.693087,0.9630080710162434,0.03200000000000003,True
5.801838,4,41.22371,0.9587997174353373,0.03200000000000003,True
5.357272,5,41.234596,0.9617881063653158,0.040000000000000036,True
5.385824,3,41.242141,0.9652008565801975,0.02400000000000002,True
5.862003,2,41.247427,0.9602058807729246,0.016000000000000014,True
5.474433,3,41.254371,0.9637889462923883,0.02400000000000002,True
5.810059,4,41.264223,0.9637262551109128,0.03200000000000003,True
5.968163,4,41.271195,0.9585012796479315,0.03200000000000003,True
5.532375,4,41.280766,0.9656077051196379,0.03200000000000003,True
5.89318,4,41.290613,0.9597772421502266,0.03200000000000003,True
5.800422,4,41.299405,0.9618072778513455,0.03200000000000003,True
5.832194,4,41.308507,0.9570789247188785,0.03200000000000003,True
5.581789,3,41.315347,0.9626217050983239,0.02400000000000002,True
5.786186,5,41.326439,0.9643379580150101,0.040000000000000036,True
5.679805,5,41.341703,0.9605977538098184,0.040000000000000036,True
5.485754,4,41.351161,0.9603209046616192,0.03200000000000003,True
5.549799,4,41.360568,0.9590188917745981,0.03200000000000003,True
5.739296,5,41.371369,0.9615078739037639,0.040000000000000036,True
5.687857,2,41.375727,0.9637807774305791,0.016000000000000014,True
5.787227,4,41.383982,0.9580746390525491,0.03200000000000003,True
5.499643,3,41.391665,0.9695883857141533,0.02400000000000002,True
5.811025,4,41.401288,0.9570696100048527,0.03200000000000003,True
5.645933,4,41.409706,0.9629934388195751,0.03200000000000003,True
5.479311,4,41.419285,0.956503813098061,0.03200000000000003,True
5.551675,5,41.431167,0.9630145210979675,0.040000000000000036,True
5.704751,4,41.439904,0.9603217114745264,0.03200000000000003,True
5.741831,4,41.449283,0.9575379633812509,0.03200000000000003,True
5.752283,3,41.455709,0.9602440464006264,0.02400000000000002,True
5.735284,6,41.469135,0.9593084260888165,0.04800000000000004,True
5.847413,5,41.481431,0.9604001740822039,0.040000000000000036,True
5.447473,3,41.48911,0.9624665795447969,0.02400000000000002,True
5.816163,3,41.495884,0.9588446419134772,0.02400000000000002,True
5.532089,4,41.506054,0.9615406959986963,0.03200000000000003,True
5.43224,3,41.514663,0.9624819053818561,0.02400000000000002,True
5.72277,4,41.525933,0.9669205684669482,0.03200000000000003,True
5.491069,3,41.533086,0.9609507071705286,0.02400000000000002,True
5.644102,3,41.541073,0.9662723046380428,0.02400000000000002,True
5.591528,5,41.555865,0.9617222525306899,0.040000000000000036,True
5.671301,4,41.564447,0.9604379946226231,0.03200000000000003,True
5.708992,4,41.574732,0.9627913102228058,0.03200000000000003,True
5.620633,4,41.584998,0.9628427060387862,0.03200000000000003,True
5.488665,4,41.595804,0.9623175527071637,0.03200000000000003,True
5.76037,4,41.606929,0.9583423565759117,0.03200000000000003,True
5.551627,2,41.612084,0.9614372617389905,0.016000000000000014,True
5.715514,5,41.624069,0.9647734732833013,0.040000000000000036,True
5.731773,3,41.631115,0.960317337266795,0.02400000000000002,True
5.685487,3,41.638271,0.9611445700941896,0.02400000000000002,True
5.426022,3,41.645204,0.9604063533305657,0.02400000000000002,True
5.783133,4,41.655003,0.9602918704370483,0.03200000000000003,True
5.722532,4,41.664717,0.9634983550674399,0.03200000000000003,True
5.753239,4,41.676579,0.9668206063994901,0.03200000000000003,True
5.648173,4,41.687759,0.9639865799494052,0.03200000000000003,True
5.729215,4,41.69677,0.9605445331471205,0.03200000000000003,True
5.778696,4,41.706651,0.9641561921584612,0.03200000000000003,True
5.833675,5,41.719096,0.9631647991983576,0.040000000000000036,True
5.823543,5,41.73046,0.9648228249151355,0.040000000000000036,True
5.781834,6,41.743205,0.966812206699591,0.04800000000000004,True
5.854794,4,41.752762,0.96126090882451,0.03200000000000003,True
5.894262,4,41.762231,0.9613755151838052,0.03200000000000003,True
5.595728,4,41.771476,0.9595485611473318,0.03200000000000003,True
5.700304,4,41.780246,0.964731461400783,0.03200000000000003,True
5.467079,3,41.785791,0.9634292585642604,0.02400000000000002,True
5.667077,5,41.798453,0.9596167174453418,0.040000000000000036,True
5.724101,3,41.804833,0.9617203334158562,0.02400000000000002,True
5.67605,4,41.814824,0.9575700690602275,0.03200000000000003,True
5.559659,5,41.826412,0.9600226420651549,0.040000000000000036,True
5.515084,3,42.382534,0.9573787770353803,0.02400000000000002,True
5.556699,5,42.394867,0.9593567416927907,0.040000000000000036,True
5.575949,4,42.404571,0.9623269408305626,0.03200000000000003,True
5.835485,5,42.416402,0.9604200618746448,0.040000000000000036,True
5.733596,4,42.426254,0.9602164176631887,0.03200000000000003,True
5.526889,4,42.438039,0.9579132208215904,0.03200000000000003,True
5.768857,4,42.449747,0.9630069491425394,0.03200000000000003,True
5.654113,5,42.462803,0.9610472288039533,0.040000000000000036,True
5.683777,4,42.472532,0.9637423358655515,0.03200000000000003,True
5.664268,4,42.481758,0.9567381366691989,0.03200000000000003,True
5.640454,4,42.490615,0.9579740794507317,0.03200000000000003,True
5.770435,4,42.499689,0.9630982629838636,0.03200000000000003,True
5.789513,5,42.511021,0.9639848329716836,0.040000000000000036,True
5.815664,5,42.521022,0.9635856763471299,0.040000000000000036,True
5.517762,4,42.52993,0.9575074302285795,0.03200000000000003,True
5.852153,3,42.537661,0.9673196196887408,0.02400000000000002,True
5.593051,4,42.546696,0.9569814826687926,0.03200000000000003,True
5.768267,4,42.556174,0.9631381129018305,0.03200000000000003,True
5.569259,5,42.639844,0.9616316445476375,0.040000000000000036,True
5.878335,3,42.646972,0.959606662039695,0.02400000000000002,True
6.01101,4,42.655697,0.9612536461834469,0.03200000000000003,True
5.437074,4,42.663384,0.9588555899768205,0.03200000000000003,True
5.639115,4,42.672127,0.9592030651050414,0.03200000000000003,True
5.558694,4,42.680993,0.958906199360632,0.03200000000000003,True
5.872317,5,42.692801,0.9603671588784013,0.040000000000000036,True
5.890629,4,42.702071,0.9611563201028608,0.03200000000000003,True
5.691996,4,42.709796,0.9622961017736483,0.03200000000000003,True
5.755927,4,42.719498,0.9647573164992684,0.03200000000000003,True
5.735245,3,42.726951,0.9668310437326695,0.02400000000000002,True
5.635361,4,42.736153,0.9561689871549086,0.03200000000000003,True
5.556765,3,42.742269,0.9624776472447859,0.02400000000000002,True
5.613619,4,42.751131,0.9591133648055395,0.03200000000000003,True
5.646974,4,42.759797,0.9596833615769257,0.03200000000000003,True
5.79609,4,42.767872,0.9638935682662388,0.03200000000000003,True
5.768948,4,42.777292,0.9588854747933735,0.03200000000000003,True
5.437608,4,42.785484,0.965571407626688,0.03200000000000003,True
5.628797,3,42.792598,0.9591974729363433,0.02400000000000002,True
5.518005,3,42.799605,0.9592127573632505,0.02400000000000002,True
5.823327,5,42.810144,0.9569451372526211,0.040000000000000036,True
5.687443,4,42.819694,0.9605569571285897,0.03200000000000003,True
5.793995,5,42.831288,0.9597890612935287,0.040000000000000036,True
5.510277,4,42.83938,0.9601082721283971,0.03200000000000003,True
5.985907,3,42.846705,0.9564177294707978,0.02400000000000002,True
5.393925,2,42.850549,0.9622054872156592,0.016000000000000014,True
5.683851,4,42.861034,0.9620398832815219,0.03200000000000003,True
5.510459,3,42.867102,0.9613392642944356,0.02400000000000002,True
5.687098,4,42.87707,0.9650254779327956,0.03200000000000003,True
5.847346,5,42.888519,0.9596255642138154,0.040000000000000036,True
5.549814,4,42.896878,0.9645256545274553,0.03200000000000003,True
5.683203,5,42.907717,0.9623492815485251,0.040000000000000036,True
5.589799,5,42.919824,0.9584156770759544,0.040000000000000036,True
5.702796,3,42.927785,0.9635571427805782,0.02400000000000002,True
5.856502,4,42.937115,0.9596530278659058,0.03200000000000003,True
5.801682,5,42.949303,0.9651773368625697,0.040000000000000036,True
5.677843,4,42.958648,0.9591834549029015,0.03200000000000003,True
5.479113,4,42.967779,0.9605466970340742,0.03200000000000003,True
5.479485,3,42.976946,0.9609797742972371,0.02400000000000002,True
5.791758,5,42.993961,0.9621589043411152,0.040000000000000036,True
5.50592,4,43.011514,0.959937882886507,0.03200000000000003,True
5.387974,2,43.018555,0.9592142950667473,0.016000000000000014,True
5.869408,4,43.02817,0.9604709279316528,0.03200000000000003,True
5.674198,3,43.035263,0.9577887955372761,0.02400000000000002,True
5.442805,4,43.044448,0.9626893820009499,0.03200000000000003,True
5.630698,4,43.053843,0.9583575157588224,0.03200000000000003,True
5.905275,3,43.061402,0.9613960602152324,0.02400000000000002,True
5.993537,4,43.585905,0.9605405365327793,0.03200000000000003,True
5.513888,3,43.592676,0.9590546172541479,0.02400000000000002,True
5.466606,4,43.601476,0.9629297042156371,0.03200000000000003,True
5.923545,5,43.612335,0.959732737229025,0.040000000000000036,True
5.660003,5,43.623812,0.9611180842080489,0.040000000000000036,True
5.625931,5,43.634996,0.9609070647116363,0.040000000000000036,True
5.616543,5,43.646832,0.9627529063358042,0.040000000000000036,True
5.820793,5,43.660464,0.9621610281445198,0.040000000000000036,True
5.712636,4,43.673717,0.9630013769693149,0.03200000000000003,True
5.752624,5,43.687855,0.9584227795150693,0.040000000000000036,True
5.555777,3,43.695819,0.9580472031891255,0.02400000000000002,True
5.637994,3,43.70421,0.9588949006727812,0.02400000000000002,True
5.501875,4,43.713826,0.9611405933520045,0.03200000000000003,True
5.537008,4,43.72588,0.9597239063108767,0.03200000000000003,True
5.758551,4,43.736248,0.9609067639427318,0.03200000000000003,True
5.723561,6,43.749639,0.9615283534741029,0.04800000000000004,True
5.534107,4,43.759801,0.9576983754131675,0.03200000000000003,True
5.546966,5,43.773004,0.9619027694570288,0.040000000000000036,True
5.638659,4,43.781705,0.9591237327263569,0.03200000000000003,True
5.625325,5,43.7922,0.9638248236479323,0.040000000000000036,True
5.540587,5,43.803497,0.9644201271135524,0.040000000000000036,True
5.673672,4,43.811926,0.9632791469912527,0.03200000000000003,True
5.729053,5,43.82296,0.959728643213043,0.040000000000000036,True
5.55437,4,43.832365,0.9618156762130274,0.03200000000000003,True
5.962728,4,43.841308,0.9608869783396128,0.03200000000000003,True
5.520307,3,43.848403,0.9620508625139124,0.02400000000000002,True
5.886571,3,43.856393,0.9571920279802538,0.02400000000000002,True
5.821403,3,43.863025,0.9627301136689315,0.02400000000000002,True
5.753761,4,43.872282,0.9710318814110002,0.03200000000000003,True
5.440983,2,43.876868,0.9613682334748397,0.016000000000000014,True
5.60917,3,43.884362,0.9688580174247213,0.02400000000000002,True
5.816816,5,43.895298,0.9572208919262164,0.040000000000000036,True
5.672127,4,43.90349,0.9617528899092408,0.03200000000000003,True
5.72733,4,43.912713,0.9567024483515766,0.03200000000000003,True
5.543997,5,43.923527,0.9592283285904193,0.040000000000000036,True
5.723251,5,43.935172,0.9645021201784879,0.040000000000000036,True
5.598018,4,43.943073,0.9614574959467928,0.03200000000000003,True
5.710623,4,43.953326,0.9591188315031455,0.03200000000000003,True
5.583588,3,43.960089,0.9633908619150544,0.02400000000000002,True
5.988727,5,43.972056,0.9603222423910828,0.040000000000000036,True
5.337032,3,43.980443,0.9620430010284932,0.02400000000000002,True
5.758757,4,43.99041,0.9599819500885477,0.03200000000000003,True
5.808985,4,44.001131,0.9648634137081248,0.03200000000000003,True
5.501166,5,44.011731,0.9611925806683277,0.040000000000000036,True
5.66789,4,44.023169,0.9599660939335837,0.03200000000000003,True
5.50665,4,44.036513,0.9580334871795491,0.03200000000000003,True
5.788002,4,44.050355,0.9606119930016052,0.03200000000000003,True
5.498174,5,44.064139,0.9653039279965601,0.040000000000000036,True
5.561219,4,44.073866,0.9599215257596696,0.03200000000000003,True
5.741989,5,44.084254,0.9668666296770883,0.040000000000000036,True
5.692351,3,44.090248,0.9610460450755807,0.02400000000000002,True
5.699842,4,44.09867,0.9598895235078528,0.03200000000000003,True
5.795896,3,44.105814,0.9588756961974365,0.02400000000000002,True
5.723135,5,44.118289,0.9615812966855084,0.040000000000000036,True
5.723701,3,44.124753,0.9617399339940809,0.02400000000000002,True
5.717274,4,44.13427,0.964095194381499,0.03200000000000003,True
5.681182,4,44.144209,0.9624395263945393,0.03200000000000003,True
5.372264,2,44.148969,0.9577503357727264,0.016000000000000014,True
5.828897,5,44.160571,0.9590350436437614,0.040000000000000036,True
5.526388,3,44.166986,0.9646789760003595,0.02400000000000002,True
5.413453,5,44.178124,0.9585483962588084,0.040000000000000036,True
5.601894,5,44.189003,0.9580143774601659,0.040000000000000036,True
5.722266,3,44.195732,0.9653872906944165,0.02400000000000002,True
5.955399,4,44.720492,0.9674126933284716,0.03200000000000003,True
5.490731,3,44.727811,0.961736298643235,0.02400000000000002,True
5.83655,3,44.734433,0.9597534503298282,0.02400000000000002,True
5.982121,4,44.743267,0.9592174322624369,0.03200000000000003,True
5.433154,4,44.751931,0.9616116936106301,0.03200000000000003,True
5.726777,5,44.763355,0.9590666851745488,0.040000000000000036,True
5.687125,5,44.773691,0.9623637722249647,0.040000000000000036,True
5.625295,4,44.782529,0.9634847449893944,0.03200000000000003,True
5.637855,4,44.791476,0.9621306002448843,0.03200000000000003,True
5.702554,3,44.797893,0.9571342678245219,0.02400000000000002,True
5.664888,5,44.809045,0.9588898134190587,0.040000000000000036,True
5.818284,4,44.818302,0.958765376443991,0.03200000000000003,True
5.699601,4,44.827163,0.9565811701479895,0.03200000000000003,True
5.752998,5,44.838055,0.9627082887143874,0.040000000000000036,True
5.770509,4,44.846777,0.9624304280703292,0.03200000000000003,True
5.670842,4,44.856049,0.9600382203192033,0.03200000000000003,True
5.524663,4,44.866408,0.9613765145539928,0.03200000000000003,True
5.685759,5,44.876743,0.964893635872418,0.040000000000000036,True
5.57356,3,44.8833,0.9600942607527501,0.02400000000000002,True
5.996261,4,44.892187,0.9610651489360553,0.03200000000000003,True
5.715254,4,44.901684,0.9599034320445283,0.03200000000000003,True
5.67026,5,44.91212,0.9637395186939696,0.040000000000000036,True
6.085021,5,44.923146,0.9657387067085572,0.040000000000000036,True
5.768511,3,44.929719,0.9628424990565264,0.02400000000000002,True
5.722635,4,44.938279,0.9597148914454066,0.03200000000000003,True
5.79641,6,44.951219,0.9602596907379137,0.04800000000000004,True
5.743697,4,44.960488,0.9627011687372854,0.03200000000000003,True
5.672217,3,44.968133,0.9617487199233763,0.02400000000000002,True
5.610674,4,44.977299,0.9591386320596509,0.03200000000000003,True
5.610644,5,44.988127,0.9612835653892171,0.040000000000000036,True
5.702815,3,44.99616,0.9607561769443254,0.02400000000000002,True
5.579793,3,45.003575,0.9632151295665536,0.02400000000000002,True
5.523307,4,45.012542,0.958012232488817,0.03200000000000003,True
5.548137,4,45.022283,0.9612094090161402,0.03200000000000003,True
5.749723,4,45.030442,0.9618074628314095,0.03200000000000003,True
5.602209,4,45.038654,0.9623024041147612,0.03200000000000003,True
5.668368,4,45.049253,0.967735377769601,0.03200000000000003,True
5.716278,3,45.055445,0.9628192437722223,0.02400000000000002,True
5.739559,3,45.065433,0.9572709057014733,0.02400000000000002,True
5.730283,5,45.083462,0.9586890953665044,0.040000000000000036,True
5.797512,5,45.09925,0.9615420467272534,0.040000000000000036,True
5.736753,5,45.110609,0.9624210087926186,0.040000000000000036,True
5.71361,3,45.118479,0.9623568020411593,0.02400000000000002,True
5.734215,3,45.126592,0.961352701718299,0.02400000000000002,True
5.693784,3,45.134493,0.9615224325823876,0.02400000000000002,True
5.508537,3,45.140105,0.9588009808507719,0.02400000000000002,True
5.725192,4,45.149469,0.9631933945907166,0.03200000000000003,True
5.784994,4,45.158776,0.9607093924260932,0.03200000000000003,True
5.832852,5,45.171128,0.9594971450497368,0.040000000000000036,True
5.610007,4,45.178868,0.9565179323362091,0.03200000000000003,True
5.855571,5,45.189821,0.9576780330477286,0.040000000000000036,True
5.740663,4,45.199452,0.9610538575930896,0.03200000000000003,True
5.658551,3,45.206659,0.9569410017268729,0.02400000000000002,True
5.438935,4,45.216658,0.9619959983621641,0.03200000000000003,True
5.770175,5,45.227382,0.96402589944262,0.040000000000000036,True
5.732678,4,45.23668,0.9628063303958487,0.03200000000000003,True
5.642224,3,45.244553,0.9564221239208744,0.02400000000000002,True
5.656086,4,45.253665,0.9671353392410312,0.03200000000000003,True
5.683739,4,45.262745,0.9597220804254964,0.03200000000000003,True
5.686138,3,45.269498,0.9566754332374183,0.02400000000000002,True
5.782824,4,45.278412,0.9617427087823687,0.03200000000000003,True
5.660283,3,45.285826,0.9645215058338507,0.02400000000000002,True
5.759701,3,45.293753,0.9607832423574427,0.02400000000000002,True
5.731224,2,45.298353,0.9612919670358415,0.016000000000000014,True
5.680064,4,45.3101,0.9585725998333747,0.03200000000000003,True
5.744537,4,45.842408,0.9601085140135098,0.03200000000000003,True
5.553993,3,45.850021,0.9637548382179468,0.02400000000000002,True
5.702113,4,45.858425,0.9677479262359051,0.03200000000000003,True
5.520686,3,45.866386,0.9597482564252539,0.02400000000000002,True
6.000926,4,45.874897,0.9626630246275637,0.03200000000000003,True
5.452999,2,45.879851,0.9626170250001725,0.016000000000000014,True
5.552474,3,45.887273,0.9608588506854283,0.02400000000000002,True
5.605779,4,45.896465,0.9650891997906981,0.03200000000000003,True
5.671915,4,45.905127,0.9597237630474497,0.03200000000000003,True
5.782099,4,45.913281,0.9600966454765877,0.03200000000000003,True
5.419502,4,45.922257,0.9605679035115978,0.03200000000000003,True
5.665537,4,45.931348,0.9576523607217016,0.03200000000000003,True
5.835796,4,45.939734,0.9664503340413031,0.03200000000000003,True
5.606807,6,45.953915,0.9593414907197828,0.04800000000000004,True
5.802088,3,45.961486,0.959452172214679,0.02400000000000002,True
5.950588,3,45.967409,0.9637339219325245,0.02400000000000002,True
5.768701,4,45.976641,0.9614218309241602,0.03200000000000003,True
5.699111,3,45.984117,0.9596392074361377,0.02400000000000002,True
5.55924,4,45.993348,0.9622211202516489,0.03200000000000003,True
5.57815,5,46.00466,0.9571328172418438,0.040000000000000036,True
5.670782,4,46.013752,0.963044624948135,0.03200000000000003,True
5.838173,5,46.024347,0.9623592753186174,0.040000000000000036,True
5.640225,2,46.030174,0.9586710463767478,0.016000000000000014,True
5.617148,4,46.038327,0.9616563438913988,0.03200000000000003,True
6.007137,4,46.047122,0.9580292586648269,0.03200000000000003,True
5.504868,4,46.056354,0.9624528177937505,0.03200000000000003,True
5.501324,4,46.06502,0.960828909401416,0.03200000000000003,True
5.492847,3,46.072165,0.9624668009917066,0.02400000000000002,True
5.402723,4,46.081752,0.9600086598016524,0.03200000000000003,True
5.793629,4,46.098884,0.9575321090734097,0.03200000000000003,True
6.078721,5,46.14823,0.959582382934637,0.040000000000000036,True
5.766135,3,46.190716,0.9576708938762393,0.02400000000000002,True
5.818228,5,46.240942,0.9603073508601188,0.040000000000000036,True
5.694769,5,46.275974,0.9632881036794136,0.040000000000000036,True
5.627645,5,46.287004,0.9591468659739273,0.040000000000000036,True
5.78619,4,46.296758,0.9607693229847807,0.03200000000000003,True
5.668596,4,46.306132,0.9631883921677971,0.03200000000000003,True
5.536041,4,46.315043,0.9634330935291258,0.03200000000000003,True
5.6559,3,46.323138,0.967102333894942,0.02400000000000002,True
5.886529,4,46.33247,0.9617065181500617,0.03200000000000003,True
5.446811,3,46.340585,0.9596351800427839,0.02400000000000002,True
5.781346,3,46.348132,0.968281090346341,0.02400000000000002,True
5.780175,4,46.358605,0.9595498102108964,0.03200000000000003,True
5.815935,4,46.368946,0.9693048461795953,0.03200000000000003,True
5.524664,3,46.376258,0.9616963652448844,0.02400000000000002,True
5.67412,3,46.38327,0.959711086756232,0.02400000000000002,True
5.505729,4,46.392998,0.9624995742342582,0.03200000000000003,True
5.663943,4,46.401609,0.96494383344549,0.03200000000000003,True
5.571432,4,46.410456,0.9614107596469684,0.03200000000000003,True
5.737878,4,46.419352,0.9608269330891805,0.03200000000000003,True
5.768775,3,46.426209,0.9664705944198735,0.02400000000000002,True
5.64184,4,46.434515,0.9563749067586251,0.03200000000000003,True
5.568239,4,46.445011,0.9589396822042141,0.03200000000000003,True
5.69513,5,46.455877,0.9599701742667377,0.040000000000000036,True
5.713319,4,46.465226,0.956904939487984,0.03200000000000003,True
5.555781,4,46.474868,0.9598186975356862,0.03200000000000003,True
5.407994,2,46.4802,0.9617838145182395,0.016000000000000014,True
6.054247,5,46.491035,0.9621653882264274,0.040000000000000036,True
5.775413,4,46.499829,0.9570154793729051,0.03200000000000003,True
5.65036,3,46.507706,0.9625537042990039,0.02400000000000002,True
5.857276,4,46.516931,0.9627780958775727,0.03200000000000003,True
5.929102,5,46.529271,0.9563573338187094,0.040000000000000036,True
5.790217,5,46.541428,0.9664853692597726,0.040000000000000036,True
5.55885,4,46.549767,0.961072346920818,0.03200000000000003,True
5.553977,4,46.558683,0.9619328960075557,0.03200000000000003,True
5.44936,4,46.567908,0.9614890823309692,0.03200000000000003,True
5.683828,3,47.099067,0.9625810931595435,0.02400000000000002,True
5.854608,5,47.109895,0.9596186286245751,0.040000000000000036,True
5.808985,5,47.123169,0.9613712792699908,0.040000000000000036,True
5.616263,3,47.130531,0.9600016601031365,0.02400000000000002,True
5.580951,4,47.139762,0.9595479214999144,0.03200000000000003,True
5.63151,4,47.149531,0.9611414732824202,0.03200000000000003,True
5.6026,4,47.159019,0.9635431309379994,0.03200000000000003,True
5.633208,5,47.169867,0.9580885421383963,0.040000000000000036,True
5.709991,3,47.176909,0.9631354959221662,0.02400000000000002,True
5.758538,4,47.190191,0.9569969442081603,0.03200000000000003,True
5.684654,4,47.204958,0.9620788729090144,0.03200000000000003,True
5.519001,5,47.221768,0.964505307904509,0.040000000000000036,True
5.694178,4,47.232023,0.9641740200943404,0.03200000000000003,True
5.661284,3,47.239442,0.9598311876500482,0.02400000000000002,True
5.465939,4,47.248087,0.9603794670116033,0.03200000000000003,True
5.687677,3,47.2559,0.9600315971901083,0.02400000000000002,True
5.774449,5,47.267203,0.9566847914483732,0.040000000000000036,True
5.598897,4,47.276876,0.9585386837056276,0.03200000000000003,True
5.535566,3,47.283809,0.9632068314930493,0.02400000000000002,True
5.881863,4,47.293121,0.9605775144695345,0.03200000000000003,True
5.89018,4,47.3025,0.9595771021119129,0.03200000000000003,True
5.604221,4,47.311049,0.9580657702007948,0.03200000000000003,True
5.439754,3,47.317217,0.9599959154275619,0.02400000000000002,True
5.708006,6,47.331217,0.9606206165242698,0.04800000000000004,True
5.774446,5,47.341423,0.9608089001889747,0.040000000000000036,True
5.646825,4,47.351035,0.9670226674277844,0.03200000000000003,True
6.070024,5,47.364158,0.9565143503897455,0.040000000000000036,True
5.482931,5,47.375821,0.9600068588556037,0.040000000000000036,True
5.791925,5,47.386521,0.9602835996662566,0.040000000000000036,True
5.545361,5,47.397712,0.9658644748787951,0.040000000000000036,True
5.8698,5,47.408053,0.9578156223257142,0.040000000000000036,True
5.930757,4,47.416997,0.9619792567623395,0.03200000000000003,True
5.826521,5,47.430139,0.9648734152921916,0.040000000000000036,True
5.920362,5,47.442163,0.9630184032398305,0.040000000000000036,True
5.528156,4,47.452314,0.9597516124199538,0.03200000000000003,True
5.718763,4,47.462181,0.9669239947550489,0.03200000000000003,True
5.887441,3,47.468879,0.9613457691067249,0.02400000000000002,True
5.833458,4,47.478007,0.9612015329929502,0.03200000000000003,True
5.587755,4,47.487045,0.959705492885519,0.03200000000000003,True
5.879547,4,47.49617,0.9589842418360262,0.03200000000000003,True
5.490995,4,47.505561,0.9644587187114729,0.03200000000000003,True
5.378362,4,47.515495,0.957476857557359,0.03200000000000003,True
5.480495,4,47.526779,0.9593033902198635,0.03200000000000003,True
5.6707,4,47.537748,0.9587053517232289,0.03200000000000003,True
5.806739,4,47.545959,0.9660364314309183,0.03200000000000003,True
5.701126,4,47.555699,0.958469022881848,0.03200000000000003,True
5.504242,4,47.56618,0.9611794408071275,0.03200000000000003,True
5.893261,5,47.578437,0.9570491983689542,0.040000000000000036,True
5.512473,4,47.588085,0.9593504385320221,0.03200000000000003,True
5.821441,5,47.599837,0.9620582009581753,0.040000000000000036,True
5.549514,4,47.610725,0.9560300374005734,0.03200000000000003,True
5.329561,2,47.616075,0.9591318186571492,0.016000000000000014,True
5.606698,3,47.625078,0.9618831737799314,0.02400000000000002,True
5.868939,4,47.63501,0.9618366661972104,0.03200000000000003,True
5.701705,3,47.642903,0.9602194423890533,0.02400000000000002,True
5.53972,4,47.651456,0.9592153056283778,0.03200000000000003,True
5.872199,5,47.663384,0.9616576442359146,0.040000000000000036,True
5.814214,4,47.676536,0.9618651979482336,0.03200000000000003,True
5.794666,5,47.689221,0.964464816944909,0.040000000000000036,True
5.826095,5,47.700445,0.9579153975377216,0.040000000000000036,True
5.735974,4,47.709887,0.9592656253942313,0.03200000000000003,True
5.690179,3,47.717716,0.9594049677712692,0.02400000000000002,True
5.740989,4,48.285875,0.9590221794475713,0.03200000000000003,True
5.584614,2,48.290667,0.9578481489036308,0.016000000000000014,True
5.810656,4,48.300683,0.9604959003713958,0.03200000000000003,True
5.780318,4,48.310609,0.96836092631732,0.03200000000000003,True
5.761767,5,48.323168,0.9622843712123182,0.040000000000000036,True
5.670117,5,48.335768,0.9624951084698283,0.040000000000000036,True
5.627789,5,48.347418,0.9579206783732539,0.040000000000000036,True
5.41063,3,48.355505,0.9712260971484438,0.02400000000000002,True
5.764554,4,48.3661,0.9649806622299962,0.03200000000000003,True
5.828789,4,48.377047,0.9579576008236063,0.03200000000000003,True
5.764607,5,48.388412,0.9587641426284038,0.040000000000000036,True
5.658468,3,48.396536,0.959305493983098,0.02400000000000002,True
5.720748,4,48.502916,0.9607518391272933,0.03200000000000003,True
5.576401,3,48.509377,0.9577383195222917,0.02400000000000002,True
5.587056,4,48.518502,0.9669967110488078,0.03200000000000003,True
5.619437,4,48.527704,0.9629293639314651,0.03200000000000003,True
5.822087,5,48.538719,0.963473907464768,0.040000000000000036,True
5.79357,4,48.547622,0.9621007659416512,0.03200000000000003,True
5.676983,3,48.555787,0.9592779731323543,0.02400000000000002,True
5.720632,3,48.562704,0.9604989197787805,0.02400000000000002,True
5.738322,4,48.571917,0.9611868929953453,0.03200000000000003,True
5.742246,5,48.583145,0.9636445794757643,0.040000000000000036,True
5.619049,5,48.594712,0.9621799777196879,0.040000000000000036,True
5.430923,3,48.601555,0.9606151681315568,0.02400000000000002,True
5.497574,4,48.609589,0.9610502500305556,0.03200000000000003,True
5.490643,4,48.618859,0.9664100971765766,0.03200000000000003,True
5.803199,5,48.630534,0.9644570038849156,0.040000000000000036,True
5.747539,4,48.639733,0.9570804905052237,0.03200000000000003,True
5.712035,4,48.649659,0.9585982707914071,0.03200000000000003,True
5.68496,3,48.656937,0.9611065215909191,0.02400000000000002,True
5.528533,4,48.666178,0.962886583892985,0.03200000000000003,True
5.742731,4,48.675498,0.9611679171145289,0.03200000000000003,True
5.425687,4,48.684682,0.9603491742804942,0.03200000000000003,True
5.901767,3,48.692392,0.965494241103938,0.02400000000000002,True
5.514593,4,48.702094,0.9643061339610572,0.03200000000000003,True
5.830998,4,48.712171,0.959103556376421,0.03200000000000003,True
5.716668,5,48.723346,0.9615945666732308,0.040000000000000036,True
5.654756,4,48.732736,0.9612697014634706,0.03200000000000003,True
5.632787,5,48.744949,0.9585681960699237,0.040000000000000036,True
5.527021,4,48.759242,0.9625087634843381,0.03200000000000003,True
5.549036,4,48.768248,0.9606519080801648,0.03200000000000003,True
5.438834,3,48.775608,0.9680892869074481,0.02400000000000002,True
5.693155,3,48.783023,0.9629269617631444,0.02400000000000002,True
5.754905,4,48.792236,0.9595690855266934,0.03200000000000003,True
5.65357,3,48.799076,0.9663490691112804,0.02400000000000002,True
5.347851,3,48.806145,0.956790087971527,0.02400000000000002,True
5.587327,5,48.818551,0.9644429681766883,0.040000000000000036,True
5.571767,4,48.827987,0.9584334041074531,0.03200000000000003,True
5.977324,4,48.838039,0.9592327248114801,0.03200000000000003,True
5.633166,3,48.845117,0.9615165939952282,0.02400000000000002,True
5.636389,5,48.856427,0.9657629258670235,0.040000000000000036,True
5.746553,5,48.867096,0.9649847840255021,0.040000000000000036,True
5.840888,5,48.878299,0.9602584221056942,0.040000000000000036,True
5.62853,3,48.884711,0.964188899281498,0.02400000000000002,True
5.798326,4,48.89393,0.9605179469565823,0.03200000000000003,True
5.860098,4,48.902931,0.9595281865443663,0.03200000000000003,True
5.965648,4,48.911891,0.9592938434403437,0.03200000000000003,True
5.691852,4,48.921526,0.9643377330144655,0.03200000000000003,True
5.783722,4,48.930433,0.9580654127251919,0.03200000000000003,True
5.576968,3,48.938008,0.9612067138388453,0.02400000000000002,True
5.649025,5,48.953299,0.9611995909678263,0.040000000000000036,True
5.58961,4,48.964143,0.9600123613685051,0.03200000000000003,True
5.48662,3,48.972089,0.9641185730074882,0.02400000000000002,True
5.770188,4,48.980893,0.9623311441150637,0.03200000000000003,True
5.675588,5,48.992643,0.9598919332002123,0.040000000000000036,True
5.678918,5,49.560804,0.961586315910544,0.040000000000000036,True
5.745571,4,49.569196,0.9600212456657029,0.03200000000000003,True
5.518141,5,49.580613,0.9600566689124684,0.040000000000000036,True
5.5698,5,49.591889,0.9661131755651818,0.040000000000000036,True
5.889095,4,49.600698,0.957171993860614,0.03200000000000003,True
5.490995,3,49.608857,0.9599255958986961,0.02400000000000002,True
6.006137,4,49.618232,0.960333279979205,0.03200000000000003,True
5.655552,3,49.625325,0.9573818749491938,0.02400000000000002,True
5.653306,4,49.635712,0.958475909723441,0.03200000000000003,True
5.61523,3,49.64303,0.9594987517591402,0.02400000000000002,True
5.616231,4,49.651483,0.9623434183898687,0.03200000000000003,True
5.901611,4,49.66118,0.9578087942417068,0.03200000000000003,True
5.763074,4,49.670263,0.9610380436560193,0.03200000000000003,True
5.489855,4,49.680517,0.9595064355049308,0.03200000000000003,True
5.439686,3,49.688418,0.9597304981007329,0.02400000000000002,True
5.989788,3,49.694672,0.9577465766477513,0.02400000000000002,True
5.49915,3,49.701975,0.9707496801717084,0.02400000000000002,True
5.784375,4,49.711097,0.9619222013874131,0.03200000000000003,True
5.715844,5,49.723001,0.9588177192048049,0.040000000000000036,True
5.783837,5,49.734734,0.9600157164085394,0.040000000000000036,True
5.800382,3,49.742118,0.9599517182452724,0.02400000000000002,True
5.718265,5,49.753936,0.9620787298232871,0.040000000000000036,True
5.834104,5,49.764847,0.9596925202802525,0.040000000000000036,True
5.42376,3,49.77214,0.9658978830606468,0.02400000000000002,True
5.591688,5,49.782315,0.9614474494803268,0.040000000000000036,True
5.668058,4,49.791492,0.9618558599662645,0.03200000000000003,True
5.464039,4,49.80014,0.9641138876976216,0.03200000000000003,True
6.026844,4,49.809237,0.9582638466374005,0.03200000000000003,True
5.691288,3,49.816929,0.958962294534357,0.02400000000000002,True
5.838507,4,49.825891,0.9620639991681003,0.03200000000000003,True
5.612101,5,49.836717,0.9651050494094573,0.040000000000000036,True
5.50233,4,49.845987,0.9585306033902845,0.03200000000000003,True
5.769971,4,49.855105,0.9638051120118094,0.03200000000000003,True
6.010967,3,49.860919,0.9631002302784718,0.02400000000000002,True
5.496274,4,49.869495,0.9611718339568969,0.03200000000000003,True
5.559876,4,49.878297,0.9589608159242625,0.03200000000000003,True
5.523159,3,49.885454,0.9655121156344965,0.02400000000000002,True
5.807814,5,49.896758,0.9599910572634847,0.040000000000000036,True
5.758823,4,49.906026,0.9598575327009764,0.03200000000000003,True
5.770431,4,49.915082,0.9614256185645706,0.03200000000000003,True
5.90131,4,49.92398,0.9621707669473006,0.03200000000000003,True
5.440203,3,49.930716,0.959809070262771,0.02400000000000002,True
5.440657,3,49.938158,0.9588988761705683,0.02400000000000002,True
5.631358,3,49.944901,0.9645517936067003,0.02400000000000002,True
6.038656,5,49.956282,0.9631854994529893,0.040000000000000036,True
5.76612,4,49.965278,0.964875630979594,0.03200000000000003,True
5.406514,3,49.972003,0.9606621212671376,0.02400000000000002,True
5.959108,4,49.980494,0.9606274222573382,0.03200000000000003,True
5.690301,3,49.988028,0.9621632621225931,0.02400000000000002,True
5.798519,4,49.997184,0.9618090186115402,0.03200000000000003,True
5.706041,5,50.008258,0.9590948064398688,0.040000000000000036,True
5.809169,3,50.014898,0.9633971236265586,0.02400000000000002,True
5.819613,4,50.024055,0.9601069684658303,0.03200000000000003,True
5.66211,4,50.032204,0.965558370788536,0.03200000000000003,True
5.514551,3,50.039222,0.9609651085628227,0.02400000000000002,True
5.733401,5,50.049954,0.959011837295594,0.040000000000000036,True
5.785822,4,50.058677,0.9616563737226244,0.03200000000000003,True
5.506158,4,50.068,0.9577449219952742,0.03200000000000003,True
5.867647,5,50.079708,0.9608234029130024,0.040000000000000036,True
5.711323,4,50.088721,0.960147833179186,0.03200000000000003,True
5.992691,4,50.097339,0.9644152503560145,0.03200000000000003,True
5.776901,5,50.108444,0.9571368898644883,0.040000000000000036,True
5.500969,3,50.116313,0.9631600952954169,0.02400000000000002,True
5.66018,3,50.123974,0.9623918884094144,0.02400000000000002,True
5.929589,5,50.137434,0.9604308752626001,0.040000000000000036,True
5.682479,3,50.835066,0.960281425504727,0.02400000000000002,True
5.773317,5,50.850051,0.9630390466417535,0.040000000000000036,True
5.787858,4,50.86413,0.9610859798133127,0.03200000000000003,True
6.013473,4,50.877785,0.9635961136202961,0.03200000000000003,True
5.73158,3,50.888553,0.9587526823823238,0.02400000000000002,True
5.485004,3,50.898419,0.9619489644551562,0.02400000000000002,True
5.834664,3,50.90694,0.9598468009264327,0.02400000000000002,True
5.470957,4,50.918555,0.9669573858605146,0.03200000000000003,True
5.681822,4,50.929367,0.9581494553558638,0.03200000000000003,True
5.485967,4,50.940892,0.9667903893293917,0.03200000000000003,True
5.328281,3,50.950566,0.958482567525956,0.02400000000000002,True
5.77075,5,50.965251,0.9625178362435363,0.040000000000000036,True
5.718899,4,50.977518,0.966013506287182,0.03200000000000003,True
5.446081,4,50.988972,0.9639506547935064,0.03200000000000003,True
5.577918,3,50.99791,0.9614366471551938,0.02400000000000002,True
5.554012,4,51.009829,0.9633399739650712,0.03200000000000003,True
5.774346,5,51.024521,0.9658251687371966,0.040000000000000036,True
5.634309,4,51.036127,0.9606517296687516,0.03200000000000003,True
6.038244,5,51.049792,0.9645225900103631,0.040000000000000036,True
5.863377,4,51.061506,0.9619761317235036,0.03200000000000003,True
5.700851,3,51.06999,0.9633479998350158,0.02400000000000002,True
5.570018,4,51.082137,0.9616571748020544,0.03200000000000003,True
5.682509,3,51.090473,0.9616337005311091,0.02400000000000002,True
5.884881,4,51.10202,0.9645595173372682,0.03200000000000003,True
6.069709,5,51.116816,0.9594038395361011,0.040000000000000036,True
5.686541,5,51.134986,0.9646440387448847,0.040000000000000036,True
5.789786,4,51.14677,0.967503519878006,0.03200000000000003,True
5.899361,4,51.159446,0.9607533040317786,0.03200000000000003,True
5.500152,4,51.170981,0.9615687652126625,0.03200000000000003,True
5.773647,4,51.182416,0.9609816092470091,0.03200000000000003,True
5.736747,4,51.194602,0.9585011745600657,0.03200000000000003,True
5.787249,4,51.206295,0.9559603308958599,0.03200000000000003,True
5.714958,5,51.221057,0.9632979144416218,0.040000000000000036,True
5.489665,4,51.23219,0.9608600318776283,0.03200000000000003,True
5.662383,4,51.243238,0.9570134140578774,0.03200000000000003,True
5.743343,5,51.258392,0.9620578972012064,0.040000000000000036,True
5.697634,4,51.269867,0.9591530502393134,0.03200000000000003,True
5.357422,2,51.275387,0.9625429455116635,0.016000000000000014,True
5.848185,4,51.285598,0.9636275482971609,0.03200000000000003,True
5.982947,5,51.300005,0.9653367941746189,0.040000000000000036,True
5.535967,4,51.312613,0.9613189809569065,0.03200000000000003,True
5.680707,3,51.320793,0.9618194513438731,0.02400000000000002,True
5.510024,3,51.330011,0.9615672270884746,0.02400000000000002,True
5.56932,5,51.343635,0.9563064156600536,0.040000000000000036,True
5.767237,4,51.35545,0.958347294086338,0.03200000000000003,True
5.454001,3,51.364949,0.9624839664587483,0.02400000000000002,True
5.857262,4,51.376449,0.961232289726684,0.03200000000000003,True
5.915718,3,51.386956,0.959527382489373,0.02400000000000002,True
5.548813,4,51.398976,0.9615744631212806,0.03200000000000003,True
5.528329,3,51.407975,0.9568563956686011,0.02400000000000002,True
5.611036,4,51.419749,0.9621184064542327,0.03200000000000003,True
5.61853,3,51.429574,0.9578088528951882,0.02400000000000002,True
5.789561,4,51.443717,0.9576828118390543,0.03200000000000003,True
5.611481,4,51.456573,0.959851461232568,0.03200000000000003,True
5.613187,5,51.472033,0.9622954227177067,0.040000000000000036,True
5.68792,3,51.482422,0.9625498365229838,0.02400000000000002,True
5.783122,4,51.496546,0.9621322845120633,0.03200000000000003,True
5.587164,4,51.510448,0.9624596051716527,0.03200000000000003,True
5.533255,4,51.524737,0.9610958442192887,0.03200000000000003,True
5.767465,4,51.538717,0.9624146231098439,0.03200000000000003,True
5.641582,4,51.551457,0.9616311925531028,0.03200000000000003,True
5.583501,4,51.565944,0.9624412105433161,0.03200000000000003,True
5.523153,4,51.580155,0.9640567061949371,0.03200000000000003,True
5.430934,3,51.590759,0.9623202831930588,0.02400000000000002,True
5.832709,4,51.6032,0.9614485963372542,0.03200000000000003,True
5.670615,4,51.614982,0.9616872712408444,0.03200000000000003,True
5.676893,4,52.336521,0.9573599802937567,0.03200000000000003,True
5.705593,4,52.349202,0.9660204431898424,0.03200000000000003,True
5.614324,5,52.363683,0.969353115868572,0.040000000000000036,True
6.044773,5,52.377825,0.9668961247295643,0.040000000000000036,True
5.69765,4,52.388637,0.9616274579637648,0.03200000000000003,True
5.861229,4,52.40208,0.9587862230682677,0.03200000000000003,True
5.590428,5,52.416289,0.962786368976714,0.040000000000000036,True
5.773275,4,52.428253,0.9621917087018836,0.03200000000000003,True
5.748753,3,52.436925,0.962292454577096,0.02400000000000002,True
5.586241,3,52.446133,0.9626767710471006,0.02400000000000002,True
5.850305,3,52.454902,0.962241553059513,0.02400000000000002,True
5.627978,4,52.465526,0.9630115218030109,0.03200000000000003,True
5.562233,2,52.47213,0.9605766423289976,0.016000000000000014,True
5.752941,3,52.479805,0.9638014963752228,0.02400000000000002,True
5.639875,3,52.489503,0.9643375876608762,0.02400000000000002,True
6.021196,5,52.502983,0.9644242002760397,0.040000000000000036,True
5.677608,5,52.517847,0.9619999639418285,0.040000000000000036,True
5.59334,5,52.532731,0.9574749820314198,0.040000000000000036,True
5.556388,5,52.55249,0.9624265299703382,0.040000000000000036,True
5.802206,5,52.570145,0.9600485124424891,0.040000000000000036,True
5.6133,3,52.582868,0.9651953800269721,0.02400000000000002,True
5.595933,4,52.595704,0.9610045758982293,0.03200000000000003,True
5.793825,4,52.608098,0.9628102850944124,0.03200000000000003,True
5.711736,5,52.624111,0.9655508088809321,0.040000000000000036,True
5.727973,3,52.633786,0.9646249684881758,0.02400000000000002,True
5.661498,4,52.645397,0.9631349661912378,0.03200000000000003,True
5.768513,4,52.657252,0.9604204385603551,0.03200000000000003,True
5.809779,4,52.670873,0.9605021043581516,0.03200000000000003,True
5.734906,4,52.684629,0.9595327233670743,0.03200000000000003,True
5.476017,3,52.695812,0.960336628608564,0.02400000000000002,True
5.695386,4,52.706788,0.9573036367184217,0.03200000000000003,True
5.610307,3,52.715501,0.9595660196381259,0.02400000000000002,True
5.773835,4,52.727757,0.9614064187290179,0.03200000000000003,True
5.490613,4,52.739293,0.9609237418352425,0.03200000000000003,True
5.783386,4,52.751239,0.9596488909435634,0.03200000000000003,True
5.842032,4,52.763916,0.9620581754232588,0.03200000000000003,True
5.641414,5,52.778995,0.9614934873289516,0.040000000000000036,True
5.522547,5,52.7939,0.9616219947987943,0.040000000000000036,True
5.650128,3,52.802581,0.9607649040417376,0.02400000000000002,True
5.854772,3,52.810255,0.9614332737016629,0.02400000000000002,True
5.47585,3,52.822517,0.9669860669350641,0.02400000000000002,True
5.83913,4,52.834138,0.9597622703734194,0.03200000000000003,True
5.870059,3,52.844138,0.9594392501422102,0.02400000000000002,True
5.810575,5,52.858201,0.961988600968007,0.040000000000000036,True
5.564682,5,52.871972,0.9594308687865913,0.040000000000000036,True
5.788889,3,52.880297,0.9572473759683854,0.02400000000000002,True
5.436895,3,52.889034,0.9630193073706321,0.02400000000000002,True
5.486047,4,52.899854,0.96117759768354,0.03200000000000003,True
5.830728,5,52.913346,0.9578109662137648,0.040000000000000036,True
5.754908,4,52.924664,0.9648240604428133,0.03200000000000003,True
5.770433,3,52.934041,0.9626464940875331,0.02400000000000002,True
5.555853,3,52.943245,0.9580967250332431,0.02400000000000002,True
5.777475,4,52.954803,0.9671867735074393,0.03200000000000003,True
5.726349,4,52.965665,0.9601295234331455,0.03200000000000003,True
5.989409,4,52.978344,0.9604753284014897,0.03200000000000003,True
5.53311,4,52.989535,0.9620942533987478,0.03200000000000003,True
5.397691,3,52.998713,0.9650794939919335,0.02400000000000002,True
5.616974,5,53.012557,0.9624961404422187,0.040000000000000036,True
5.707244,4,53.024267,0.9616149064173012,0.03200000000000003,True
5.792293,3,53.032586,0.9584324624307421,0.02400000000000002,True
5.879964,5,53.04822,0.9617117494041024,0.040000000000000036,True
5.882955,4,53.060136,0.9619531122543661,0.03200000000000003,True
5.623082,2,53.066343,0.9634246657045813,0.016000000000000014,True
5.519304,3,53.075847,0.9617832793417739,0.02400000000000002,True
5.669042,3,53.084564,0.9597413700205129,0.02400000000000002,True
5.723989,3,53.093105,0.9616973692176748,0.02400000000000002,True
5.751027,4,53.818464,0.9650803182034136,0.03200000000000003,True
5.534338,4,53.830933,0.9574112933339327,0.03200000000000003,True
5.592909,5,53.845194,0.964742516728381,0.040000000000000036,True
5.809162,4,53.856803,0.9579024602691597,0.03200000000000003,True
5.728964,4,53.868054,0.9600131998304048,0.03200000000000003,True
5.536677,4,53.880043,0.9630555595422037,0.03200000000000003,True
5.434208,4,53.891529,0.958757206211369,0.03200000000000003,True
5.67902,3,53.899496,0.9597338044356266,0.02400000000000002,True
6.058864,4,53.913965,0.9609857685489629,0.03200000000000003,True
5.622322,5,53.927923,0.9575524755386051,0.040000000000000036,True
5.545063,3,53.936038,0.9592799903536655,0.02400000000000002,True
5.629515,4,53.947303,0.964030233269838,0.03200000000000003,True
5.750828,3,53.956758,0.9580598086702456,0.02400000000000002,True
5.559913,4,53.969079,0.9583317094851949,0.03200000000000003,True
5.810298,4,53.979316,0.9638225044933464,0.03200000000000003,True
5.854777,4,53.991888,0.9572876770494188,0.03200000000000003,True
5.666245,4,54.002892,0.9619110401387649,0.03200000000000003,True
5.883926,4,54.014139,0.9560740593530449,0.03200000000000003,True
5.509219,5,54.028486,0.9633006564762872,0.040000000000000036,True
5.702297,4,54.039959,0.9643093873405684,0.03200000000000003,True
5.719704,3,54.047832,0.9618132012525916,0.02400000000000002,True
5.460157,3,54.057005,0.9622793439250743,0.02400000000000002,True
5.797202,4,54.068208,0.9605748853800359,0.03200000000000003,True
5.564515,4,54.078856,0.9618186828945219,0.03200000000000003,True
5.503617,4,54.090033,0.9631493631870403,0.03200000000000003,True
5.704085,3,54.099229,0.9605341918957625,0.02400000000000002,True
5.623864,5,54.114046,0.9581444106956888,0.040000000000000036,True
5.628311,5,54.130531,0.9606000089783823,0.040000000000000036,True
5.985757,4,54.144333,0.9624186998898937,0.03200000000000003,True
5.610226,4,54.159264,0.9594144082183109,0.03200000000000003,True
5.618736,4,54.173119,0.9606703837007127,0.03200000000000003,True
5.638145,4,54.185704,0.9570206062657891,0.03200000000000003,True
5.832354,4,54.199394,0.9671088855301498,0.03200000000000003,True
5.383366,3,54.210106,0.9589881120622386,0.02400000000000002,True
5.657429,3,54.219092,0.9604844408942785,0.02400000000000002,True
5.674491,5,54.23539,0.9577217775397999,0.040000000000000036,True
5.557562,4,54.248252,0.9614281606857561,0.03200000000000003,True
5.651736,3,54.259213,0.9569119755624645,0.02400000000000002,True
5.586253,4,54.271212,0.9630083505657235,0.03200000000000003,True
5.825629,5,54.287555,0.9637697277600966,0.040000000000000036,True
5.940225,3,54.297345,0.9623186892527315,0.02400000000000002,True
5.787095,5,54.315854,0.9608125614004475,0.040000000000000036,True
5.505466,4,54.329515,0.9633824087868598,0.03200000000000003,True
5.607069,2,54.336571,0.9630798288424215,0.016000000000000014,True
5.681718,3,54.347674,0.9599641601400701,0.02400000000000002,True
5.666022,3,54.357981,0.9595107872657346,0.02400000000000002,True
5.477776,3,54.368013,0.9622290981826396,0.02400000000000002,True
5.608675,3,54.37853,0.9638522637494524,0.02400000000000002,True
5.607834,4,54.390943,0.9627302079397343,0.03200000000000003,True
5.601584,5,54.407079,0.9588195405669753,0.040000000000000036,True
5.414179,4,54.420927,0.9616851077421285,0.03200000000000003,True
5.988829,4,54.434164,0.9650367904882295,0.03200000000000003,True
6.001706,4,54.44586,0.9583173560804932,0.03200000000000003,True
5.477891,5,54.463774,0.9677921004599299,0.040000000000000036,True
5.550959,5,54.479144,0.9671572049364715,0.040000000000000036,True
5.606102,4,54.491328,0.9604696320426797,0.03200000000000003,True
5.514669,3,54.499811,0.9640357810853004,0.02400000000000002,True
5.552858,4,54.512117,0.9586758547122544,0.03200000000000003,True
5.448829,3,54.521152,0.9646924404071247,0.02400000000000002,True
5.871644,4,54.534139,0.9597330857343933,0.03200000000000003,True
5.579825,4,54.546509,0.9607871273215948,0.03200000000000003,True
5.639381,4,54.559332,0.9618769334333688,0.03200000000000003,True
5.588563,5,54.576401,0.9599370733009085,0.040000000000000036,True
5.690237,5,54.592917,0.9634025413949869,0.040000000000000036,True
5.586592,3,54.603934,0.9617897632021727,0.02400000000000002,True
6.047584,4,54.61648,0.9611238950851367,0.03200000000000003,True
5.691442,5,55.274199,0.9608140591820618,0.040000000000000036,True
5.474069,3,55.282463,0.9580754760056445,0.02400000000000002,True
5.728995,3,55.291985,0.958470152489671,0.02400000000000002,True
5.53597,4,55.305114,0.9618937044570407,0.03200000000000003,True
5.764994,3,55.388249,0.9614296968167692,0.02400000000000002,True
5.49101,3,55.394374,0.9628935574732915,0.02400000000000002,True
5.92844,4,55.403183,0.9587995364365031,0.03200000000000003,True
5.736633,4,55.412345,0.9626387220992167,0.03200000000000003,True
5.739085,4,55.421174,0.9590218068085168,0.03200000000000003,True
5.705957,4,55.43151,0.9641123659630193,0.03200000000000003,True
5.730848,4,55.440197,0.9623345664681786,0.03200000000000003,True
5.692297,3,55.447737,0.9614687618205394,0.02400000000000002,True
5.492128,3,55.455459,0.9596705529533547,0.02400000000000002,True
5.578627,4,55.465001,0.9637173273351637,0.03200000000000003,True
5.559376,3,55.473012,0.965225645647626,0.02400000000000002,True
5.843811,5,55.483774,0.9619567973381206,0.040000000000000036,True
5.726123,4,55.491365,0.9623133097059621,0.03200000000000003,True
5.812865,4,55.500774,0.9591525472212772,0.03200000000000003,True
5.722184,3,55.508038,0.9609785621271862,0.02400000000000002,True
5.753152,4,55.516394,0.9621187544184642,0.03200000000000003,True
5.779126,4,55.525239,0.9674561055348612,0.03200000000000003,True
5.666414,4,55.534211,0.9603260995921977,0.03200000000000003,True
5.603393,5,55.544842,0.9589533504950705,0.040000000000000036,True
5.98901,4,55.554195,0.961699910813343,0.03200000000000003,True
5.589321,4,55.563334,0.9627826561989501,0.03200000000000003,True
5.534866,4,55.572178,0.9594803136178123,0.03200000000000003,True
5.837074,5,55.583076,0.966029492656411,0.040000000000000036,True
5.783629,4,55.593091,0.9637039798735813,0.03200000000000003,True
5.52571,5,55.603773,0.9627673776307525,0.040000000000000036,True
5.79956,5,55.61535,0.9609544960537185,0.040000000000000036,True
5.979843,4,55.623796,0.9589788368016898,0.03200000000000003,True
5.658842,2,55.628909,0.9585527906043203,0.016000000000000014,True
5.745451,4,55.638631,0.9632753463349922,0.03200000000000003,True
5.487565,3,55.646085,0.9663577425987351,0.02400000000000002,True
5.450009,4,55.655146,0.9606341175147324,0.03200000000000003,True
6.016188,4,55.666574,0.9599682442522546,0.03200000000000003,True
5.489698,4,55.680242,0.9578770337483881,0.03200000000000003,True
5.58526,4,55.689732,0.9593471824126178,0.03200000000000003,True
5.559411,4,55.698533,0.9594613177720113,0.03200000000000003,True
5.637886,4,55.707249,0.9651771111591267,0.03200000000000003,True
5.481953,4,55.716837,0.9594686635503697,0.03200000000000003,True
5.74032,4,55.725675,0.9630754092382543,0.03200000000000003,True
5.610246,3,55.73235,0.9651000901255636,0.02400000000000002,True
5.481392,4,55.742702,0.9658012152831055,0.03200000000000003,True
5.572894,5,55.75363,0.9591869104027841,0.040000000000000036,True
5.721068,2,55.758249,0.9617858035328862,0.016000000000000014,True
5.505655,4,55.769018,0.9590325060942492,0.03200000000000003,True
5.516016,5,55.785734,0.960961763030275,0.040000000000000036,True
5.774571,4,55.799733,0.9599134424726357,0.03200000000000003,True
5.445871,3,55.809979,0.962912659773252,0.02400000000000002,True
5.671841,5,55.822114,0.9594606674577634,0.040000000000000036,True
6.097992,4,55.832459,0.9577471281099348,0.03200000000000003,True
5.830039,4,55.841003,0.9611329199729935,0.03200000000000003,True
5.714733,4,55.850362,0.9610880570868852,0.03200000000000003,True
5.841418,4,55.859327,0.962755967059566,0.03200000000000003,True
5.47261,3,55.866379,0.9577073074308456,0.02400000000000002,True
5.863016,4,55.87583,0.9601150281204834,0.03200000000000003,True
5.599114,4,55.884949,0.9601450163604867,0.03200000000000003,True
5.832838,5,55.896559,0.9602604663215667,0.040000000000000036,True
5.706604,5,55.90766,0.9634240245569891,0.040000000000000036,True
5.710382,4,55.916917,0.9583760566679913,0.03200000000000003,True
5.470049,4,55.925785,0.9627946283031479,0.03200000000000003,True
5.472687,3,55.932567,0.9635658060044641,0.02400000000000002,True
5.683402,3,55.940385,0.9587039491430097,0.02400000000000002,True
5.710658,3,55.947612,0.961009572742076,0.02400000000000002,True
5.787323,4,55.957158,0.9644281955940521,0.03200000000000003,True
5.384055,3,56.474047,0.9585353442952357,0.02400000000000002,True
5.721833,3,56.480813,0.9574537891869025,0.02400000000000002,True
5.823304,5,56.493457,0.9634176500817484,0.040000000000000036,True
5.789012,4,56.502032,0.9668265727387113,0.03200000000000003,True
5.731753,4,56.511564,0.9589899929881976,0.03200000000000003,True
5.587592,4,56.521727,0.9686983794268115,0.03200000000000003,True
5.807344,4,56.531232,0.9656883614483034,0.03200000000000003,True
5.827259,3,56.538261,0.9641916639953803,0.02400000000000002,True
5.585794,4,56.547904,0.9577370444521099,0.03200000000000003,True
6.075716,4,56.557683,0.9592610896368853,0.03200000000000003,True
5.481508,3,56.564436,0.9582081831930787,0.02400000000000002,True
5.754398,3,56.571384,0.961828638216621,0.02400000000000002,True
5.98312,5,56.583484,0.9618432005089596,0.040000000000000036,True
5.573394,4,56.592546,0.960338363038135,0.03200000000000003,True
5.64595,4,56.601624,0.9616113091976649,0.03200000000000003,True
5.766403,4,56.611803,0.9616432456465702,0.03200000000000003,True
5.852143,3,56.61834,0.9587853111448236,0.02400000000000002,True
5.964781,4,56.627877,0.9588710812672707,0.03200000000000003,True
5.685837,4,56.638283,0.9577378682188549,0.03200000000000003,True
5.791058,4,56.64853,0.9623897680885374,0.03200000000000003,True
5.693593,5,56.659266,0.9599575979747508,0.040000000000000036,True
5.846498,4,56.668574,0.9632011973554544,0.03200000000000003,True
5.632552,4,56.677581,0.961098930810292,0.03200000000000003,True
5.765909,5,56.689681,0.9632744949052191,0.040000000000000036,True
5.523546,4,56.699873,0.9630648287775947,0.03200000000000003,True
5.622984,3,56.707661,0.9606808450192753,0.02400000000000002,True
5.679628,3,56.713804,0.9634602319517134,0.02400000000000002,True
5.679031,4,56.721991,0.9598958157935564,0.03200000000000003,True
5.804375,4,56.730698,0.9574798419941541,0.03200000000000003,True
5.737603,4,56.740331,0.9594305882835402,0.03200000000000003,True
5.804466,5,56.751507,0.9592227967003963,0.040000000000000036,True
5.545931,4,56.760928,0.9609799917250377,0.03200000000000003,True
5.627747,5,56.774775,0.9694609490026951,0.040000000000000036,True
5.789662,4,56.782963,0.9616021618129186,0.03200000000000003,True
5.692396,4,56.791758,0.962275280386364,0.03200000000000003,True
5.718543,4,56.800366,0.9569787422109959,0.03200000000000003,True
5.714926,4,56.810389,0.9633670525348836,0.03200000000000003,True
5.534723,3,56.82007,0.9627522086223026,0.02400000000000002,True
5.842481,4,56.834743,0.9613066491517448,0.03200000000000003,True
5.675253,4,56.847957,0.9607604687104465,0.03200000000000003,True
6.006221,4,56.857206,0.9595444885446573,0.03200000000000003,True
5.761171,4,56.866143,0.9591056577796697,0.03200000000000003,True
5.702143,3,56.874105,0.9628031968430695,0.02400000000000002,True
5.523296,4,56.882911,0.9599262643136747,0.03200000000000003,True
5.770269,3,56.890191,0.9621021089942575,0.02400000000000002,True
5.46909,3,56.895572,0.9589493717331166,0.02400000000000002,True
5.836432,4,56.905186,0.9595583702394344,0.03200000000000003,True
5.582222,5,56.91651,0.9594079122633503,0.040000000000000036,True
5.613452,4,56.925372,0.9582238892651453,0.03200000000000003,True
5.456775,5,56.936491,0.964035660785325,0.040000000000000036,True
5.814491,4,56.944801,0.9646224051120565,0.03200000000000003,True
5.5427,3,56.951567,0.9562202379428474,0.02400000000000002,True
5.705948,3,56.95847,0.9610901098567137,0.02400000000000002,True
6.028994,5,56.969982,0.9609756698875205,0.040000000000000036,True
5.442316,4,56.979556,0.964465532434443,0.03200000000000003,True
5.868384,5,56.990683,0.9605723161443253,0.040000000000000036,True
5.555534,3,56.9983,0.960785521035634,0.02400000000000002,True
5.979461,4,57.006477,0.9622581685513061,0.03200000000000003,True
5.59372,3,57.013382,0.9636730699251619,0.02400000000000002,True
5.559225,4,57.021667,0.9645855389415963,0.03200000000000003,True
5.850916,4,57.031513,0.9602556193424893,0.03200000000000003,True
5.604447,5,57.044643,0.9608197694129779,0.040000000000000036,True
5.44459,3,57.051332,0.9630548966740189,0.02400000000000002,True
5.565819,5,57.063006,0.9564820323395261,0.040000000000000036,True
5.457383,4,57.071995,0.9599861028846306,0.03200000000000003,True
5.873298,4,57.600529,0.9592608146477806,0.03200000000000003,True
5.774139,4,57.610395,0.9633346909777192,0.03200000000000003,True
5.639812,3,57.618362,0.9605240134296988,0.02400000000000002,True
5.699457,4,57.627441,0.958847849496917,0.03200000000000003,True
5.614569,3,57.635855,0.961751780951159,0.02400000000000002,True
5.7555,4,57.645745,0.9573586918750657,0.03200000000000003,True
5.511478,4,57.655308,0.9588620546098451,0.03200000000000003,True
5.661265,4,57.66636,0.9569623127325289,0.03200000000000003,True
5.490878,4,57.678066,0.9619788825029485,0.03200000000000003,True
5.822823,4,57.687809,0.9669270227247672,0.03200000000000003,True
5.705556,3,57.694656,0.9647905287350804,0.02400000000000002,True
5.709917,4,57.704394,0.9600014374198447,0.03200000000000003,True
5.999356,3,57.712358,0.9612183525831148,0.02400000000000002,True
5.582967,4,57.72215,0.9640852899695116,0.03200000000000003,True
5.562263,3,57.730763,0.9572846628339611,0.02400000000000002,True
5.428352,3,57.740764,0.9612927842522677,0.02400000000000002,True
5.588772,5,57.752491,0.966155316012834,0.040000000000000036,True
5.75795,5,57.766222,0.9665334750683426,0.040000000000000036,True
5.675829,3,57.773135,0.9672212930546891,0.02400000000000002,True
5.659446,3,57.781023,0.9655221890056009,0.02400000000000002,True
5.636215,3,57.788125,0.9603806998735015,0.02400000000000002,True
5.709885,3,57.79619,0.9629848234330007,0.02400000000000002,True
5.725612,4,57.804995,0.9613348508090892,0.03200000000000003,True
5.564186,3,57.812222,0.9611698843076589,0.02400000000000002,True
5.758847,4,57.822018,0.9630466100928556,0.03200000000000003,True
5.536284,3,57.829475,0.9655784144228955,0.02400000000000002,True
5.75233,4,57.838624,0.9641681357725036,0.03200000000000003,True
5.974213,4,57.847636,0.9585817449213857,0.03200000000000003,True
5.425463,3,57.856262,0.9585742422485213,0.02400000000000002,True
5.729207,3,57.865955,0.967006427216335,0.02400000000000002,True
5.799632,4,57.878807,0.9581835422228416,0.03200000000000003,True
5.58921,4,57.892871,0.9607858431184206,0.03200000000000003,True
5.799178,4,57.902161,0.9584638938033008,0.03200000000000003,True
5.541871,4,57.910775,0.9594571279223567,0.03200000000000003,True
5.584526,3,57.917505,0.959291629733388,0.02400000000000002,True
5.826949,4,57.926657,0.9614357147464938,0.03200000000000003,True
5.833539,5,57.93724,0.960004165678895,0.040000000000000036,True
6.031072,4,57.94668,0.9636826601417349,0.03200000000000003,True
5.463358,4,57.956295,0.9591320890000716,0.03200000000000003,True
5.667098,3,57.964013,0.9610514225310938,0.02400000000000002,True
5.546244,3,57.970808,0.960610799119981,0.02400000000000002,True
5.491584,4,57.980141,0.9588942608640421,0.03200000000000003,True
5.504996,3,57.986947,0.9603079355470504,0.02400000000000002,True
5.649476,5,57.998124,0.963176583896133,0.040000000000000036,True
5.701951,3,58.005275,0.958048968703042,0.02400000000000002,True
5.51332,4,58.014829,0.9617351489169518,0.03200000000000003,True
5.487502,3,58.022325,0.9676426098847584,0.02400000000000002,True
5.729594,4,58.031663,0.9594210336657272,0.03200000000000003,True
5.567819,6,58.045078,0.9610182290500446,0.04800000000000004,True
5.754865,4,58.054833,0.9591433963239878,0.03200000000000003,True
5.629847,4,58.064389,0.9594234044440253,0.03200000000000003,True
5.588101,4,58.073682,0.9610476532304434,0.03200000000000003,True
5.963899,5,58.084969,0.9620424189719186,0.040000000000000036,True
5.853896,4,58.094672,0.9599101626748189,0.03200000000000003,True
5.599301,4,58.103533,0.9598666020878944,0.03200000000000003,True
5.975916,5,58.114228,0.9639692151719088,0.040000000000000036,True
5.709029,4,58.124511,0.9634352941867941,0.03200000000000003,True
5.720779,4,58.1337,0.9655847325645383,0.03200000000000003,True
5.940883,4,58.14311,0.9632733126996478,0.03200000000000003,True
5.737934,3,58.150161,0.9629004469708682,0.02400000000000002,True
5.487545,4,58.159681,0.9640721698359495,0.03200000000000003,True
5.81267,4,58.168575,0.9649449206743979,0.03200000000000003,True
5.738406,4,58.178027,0.9602574860575301,0.03200000000000003,True
5.783686,4,58.187305,0.959271498843021,0.03200000000000003,True
5.613209,3,58.195256,0.9597349917965752,0.02400000000000002,True
5.7501,4,58.204123,0.9605812587945386,0.03200000000000003,True
5.732506,4,58.213578,0.9609412054353327,0.03200000000000003,True
5.482617,3,58.220508,0.9594316371961613,0.02400000000000002,True
5.786291,4,58.73441,0.9662564425868692,0.03200000000000003,True
5.683277,3,58.741162,0.9560069245167978,0.02400000000000002,True
5.738995,5,58.753041,0.9604093597994144,0.040000000000000036,True
5.625585,2,58.757568,0.9580615586169338,0.016000000000000014,True
5.810103,5,58.769506,0.9625382282001881,0.040000000000000036,True
5.528891,4,58.778664,0.9605449481555217,0.03200000000000003,True
5.497591,4,58.787737,0.959303947845515,0.03200000000000003,True
5.801017,3,58.795295,0.9586450231502459,0.02400000000000002,True
5.556477,4,58.804186,0.9593606083581899,0.03200000000000003,True
5.520364,3,58.810135,0.9613846628409146,0.02400000000000002,True
5.417359,4,58.820922,0.9597788491438523,0.03200000000000003,True
5.59118,5,58.837982,0.9609748271350268,0.040000000000000036,True
5.682778,5,58.849434,0.9594864890122312,0.040000000000000036,True
5.566632,3,58.857413,0.9616627537149747,0.02400000000000002,True
5.562091,4,58.866494,0.9588095804119325,0.03200000000000003,True
5.652351,5,58.880832,0.9595147930187389,0.040000000000000036,True
5.585257,4,58.894994,0.9609778149746869,0.03200000000000003,True
5.752292,3,58.907316,0.9625706451352253,0.02400000000000002,True
5.707209,3,58.918061,0.9615117072297438,0.02400000000000002,True
5.742855,4,58.933191,0.9669170535455831,0.03200000000000003,True
5.763663,3,58.944556,0.9563014330070805,0.02400000000000002,True
5.390079,3,58.952057,0.9604799280665506,0.02400000000000002,True
5.855054,4,58.961686,0.961340979565176,0.03200000000000003,True
5.610647,4,58.971845,0.963917973327033,0.03200000000000003,True
5.912969,3,58.980957,0.9623244727565583,0.02400000000000002,True
5.738516,5,58.996574,0.9581551362873371,0.040000000000000036,True
5.422348,2,59.001842,0.9666128739789797,0.016000000000000014,True
5.905251,4,59.012078,0.9604338308307808,0.03200000000000003,True
5.620323,4,59.021846,0.960789062519111,0.03200000000000003,True
5.821071,5,59.033171,0.9641534712276494,0.040000000000000036,True
5.524509,5,59.044238,0.9571349450612808,0.040000000000000036,True
5.553511,3,59.052094,0.9594566761046828,0.02400000000000002,True
5.800298,3,59.059235,0.9604472989932866,0.02400000000000002,True
5.503406,3,59.064813,0.9611371252957209,0.02400000000000002,True
5.65104,5,59.077258,0.9636838154833618,0.040000000000000036,True
5.635014,4,59.086277,0.9630840092472743,0.03200000000000003,True
5.617636,4,59.095771,0.9635664923066004,0.03200000000000003,True
5.511718,4,59.110323,0.9589427660209195,0.03200000000000003,True
5.929474,3,59.120903,0.9593142351550372,0.02400000000000002,True
5.670493,3,59.131123,0.9581787713944965,0.02400000000000002,True
5.660313,3,59.138548,0.9596143344158499,0.02400000000000002,True
5.537174,4,59.148398,0.9635154250142738,0.03200000000000003,True
5.809015,4,59.158022,0.9644501863745554,0.03200000000000003,True
5.705075,4,59.166857,0.9619300463153796,0.03200000000000003,True
5.535213,3,59.17475,0.9626694476682445,0.02400000000000002,True
5.723059,3,59.180461,0.9604055356231425,0.02400000000000002,True
5.706002,3,59.188112,0.9587724613427235,0.02400000000000002,True
5.700175,3,59.194148,0.9617745215761976,0.02400000000000002,True
5.866304,4,59.202983,0.9610561511661162,0.03200000000000003,True
5.718871,4,59.212615,0.9586076748099102,0.03200000000000003,True
5.869236,5,59.229292,0.9569551430618821,0.040000000000000036,True
5.6003,4,59.238077,0.9618063952629777,0.03200000000000003,True
5.519144,4,59.247163,0.9631929143033422,0.03200000000000003,True
5.5274,2,59.251772,0.9609963669968724,0.016000000000000014,True
5.541675,4,59.263122,0.9637264005576551,0.03200000000000003,True
5.796331,4,59.272588,0.9615693026112082,0.03200000000000003,True
5.601508,4,59.281242,0.9619698167374261,0.03200000000000003,True
5.478341,5,59.293665,0.9607063175354746,0.040000000000000036,True
5.900165,3,59.301061,0.9626010046043103,0.02400000000000002,True
5.508992,4,59.310441,0.960203070563462,0.03200000000000003,True
5.75329,3,59.317203,0.958642878897028,0.02400000000000002,True
5.831511,3,59.324922,0.9575090895460437,0.02400000000000002,True
5.489928,3,59.336204,0.9593123532413306,0.02400000000000002,True
5.741467,4,59.349344,0.963332002787577,0.03200000000000003,True
5.55769,3,59.357243,0.9611863462670855,0.02400000000000002,True
5.949956,4,59.366349,0.959458544229086,0.03200000000000003,True
5.782756,3,59.374657,0.9613482790816527,0.02400000000000002,True
5.761865,3,59.381357,0.9616622597576603,0.02400000000000002,True
5.758749,3,59.38809,0.9615342470587076,0.02400000000000002,True
5.84046,4,59.90174,0.9609387054419363,0.03200000000000003,True
5.738499,4,59.911173,0.9596202492101293,0.03200000000000003,True
5.854878,5,59.92352,0.9635855722315587,0.040000000000000036,True
5.6972,3,59.930461,0.9587887831094302,0.02400000000000002,True
5.796928,3,59.937331,0.9621743712140424,0.02400000000000002,True
5.518811,5,59.950798,0.9600262975623,0.040000000000000036,True
5.553368,4,59.964678,0.9591022922570864,0.03200000000000003,True
5.776578,4,59.978276,0.9638444777232216,0.03200000000000003,True
5.853185,2,59.985385,0.9580893273081938,0.016000000000000014,True
5.868518,3,59.993861,0.9573095746792035,0.02400000000000002,True
5.448966,3,60.001042,0.9615143709850544,0.02400000000000002,True
5.751057,4,60.010796,0.9635667057995907,0.03200000000000003,True
5.568771,3,60.017703,0.9576152429181491,0.02400000000000002,True
5.617596,3,60.025092,0.9576941114828095,0.02400000000000002,True
5.475913,3,60.032563,0.9570713547275025,0.02400000000000002,True
5.465951,4,60.04121,0.964483103232292,0.03200000000000003,True
5.62032,5,60.052342,0.9641259000219131,0.040000000000000036,True
5.455973,4,60.061005,0.9622236381118187,0.03200000000000003,True
5.596665,4,60.07019,0.9605874722428529,0.03200000000000003,True
5.552523,5,60.082325,0.9579764863779656,0.040000000000000036,True
5.72396,3,60.088873,0.9643075383199231,0.02400000000000002,True
5.777371,4,60.098251,0.9605898661637094,0.03200000000000003,True
5.99238,5,60.108779,0.9664313032893808,0.040000000000000036,True
5.517789,4,60.118399,0.959004764834053,0.03200000000000003,True
5.712615,3,60.125547,0.962387399620013,0.02400000000000002,True
5.76689,4,60.135421,0.9614781339966054,0.03200000000000003,True
5.467451,4,60.14523,0.962938879022149,0.03200000000000003,True
5.640517,4,60.154735,0.9572365122324933,0.03200000000000003,True
5.629464,3,60.163226,0.963502947607086,0.02400000000000002,True
5.55876,4,60.175074,0.9602517093535161,0.03200000000000003,True
5.668576,4,60.186781,0.9587128892954175,0.03200000000000003,True
5.681134,5,60.200872,0.9640408009988535,0.040000000000000036,True
5.516219,3,60.209217,0.9638095267223455,0.02400000000000002,True
5.629326,3,60.21616,0.962959015822598,0.02400000000000002,True
5.832926,4,60.225873,0.9601044193267588,0.03200000000000003,True
5.792691,4,60.2351,0.9643946799099392,0.03200000000000003,True
5.61087,5,60.247573,0.9611438194110067,0.040000000000000036,True
5.735168,4,60.256454,0.959416010806825,0.03200000000000003,True
5.576675,3,60.263456,0.9602112206179104,0.02400000000000002,True
5.789359,4,60.272382,0.9579821416176921,0.03200000000000003,True
5.759702,4,60.282109,0.9620895522175501,0.03200000000000003,True
5.946951,3,60.28917,0.9598312712354267,0.02400000000000002,True
5.726393,3,60.297761,0.9613361526606408,0.02400000000000002,True
5.599719,4,60.307054,0.9633881161391511,0.03200000000000003,True
6.048915,4,60.316122,0.9631221153006562,0.03200000000000003,True
5.542761,4,60.325144,0.9625192835509118,0.03200000000000003,True
5.664109,5,60.336084,0.9573251180173625,0.040000000000000036,True
5.64832,5,60.349824,0.9647152888255719,0.040000000000000036,True
5.776628,5,60.361522,0.9586297691701398,0.040000000000000036,True
5.623743,4,60.370785,0.9624718492014979,0.03200000000000003,True
5.517519,4,60.38072,0.9629560308485503,0.03200000000000003,True
5.855615,4,60.389114,0.9642448634461358,0.03200000000000003,True
5.645951,3,60.395349,0.9590577640085229,0.02400000000000002,True
5.493475,4,60.405587,0.9638277954434619,0.03200000000000003,True
5.868441,4,60.414598,0.9605868162062291,0.03200000000000003,True
5.75247,4,60.422793,0.9593067749256732,0.03200000000000003,True
5.647573,3,60.430019,0.9578794728690254,0.02400000000000002,True
5.823314,5,60.442443,0.9605059519123387,0.040000000000000036,True
5.617924,5,60.454291,0.9593392407434282,0.040000000000000036,True
5.797822,4,60.463184,0.9579055921680637,0.03200000000000003,True
5.882486,4,60.47222,0.9617125861186265,0.03200000000000003,True
6.091905,4,60.481682,0.9566480980607901,0.03200000000000003,True
5.672567,4,60.55956,0.9605349560885497,0.03200000000000003,True
5.517879,4,60.569003,0.9580767584446711,0.03200000000000003,True
6.046438,4,60.57774,0.9628525928935534,0.03200000000000003,True
5.725202,3,60.585147,0.9634786791778747,0.02400000000000002,True
5.420237,3,61.107808,0.9610545011181078,0.02400000000000002,True
5.744429,4,61.11879,0.9592918284775172,0.03200000000000003,True
5.663448,4,61.12892,0.9584785352935035,0.03200000000000003,True
5.90103,5,61.140335,0.9578988231996615,0.040000000000000036,True
5.648298,3,61.148578,0.9585288404680931,0.02400000000000002,True
5.614067,3,61.156499,0.9616204956565773,0.02400000000000002,True
5.834881,4,61.165742,0.9609834561503328,0.03200000000000003,True
5.54736,3,61.173428,0.9604761332667009,0.02400000000000002,True
5.602156,4,61.181267,0.9575482038843717,0.03200000000000003,True
5.537221,3,61.190504,0.9617147287705026,0.02400000000000002,True
5.941516,4,61.200503,0.9612680410633745,0.03200000000000003,True
5.824218,6,61.213886,0.9588408375520856,0.04800000000000004,True
5.480588,3,61.221529,0.9666854479256951,0.02400000000000002,True
5.42193,5,61.232524,0.9596066964613247,0.040000000000000036,True
5.66336,5,61.243932,0.9643881776067922,0.040000000000000036,True
5.631166,3,61.25055,0.9602730845352034,0.02400000000000002,True
5.655843,4,61.259359,0.9595358872404801,0.03200000000000003,True
6.020919,4,61.268588,0.9640184402370302,0.03200000000000003,True
5.67692,3,61.276006,0.9639731663137927,0.02400000000000002,True
5.415927,3,61.283835,0.9576554189987512,0.02400000000000002,True
5.556936,4,61.29348,0.9595982229719783,0.03200000000000003,True
5.809622,4,61.301777,0.9615986850534224,0.03200000000000003,True
6.026772,5,61.313447,0.9633485391072727,0.040000000000000036,True
5.870662,4,61.32376,0.9641002667605374,0.03200000000000003,True
5.446245,4,61.333093,0.960006828723844,0.03200000000000003,True
5.499381,4,61.34251,0.9613557223510273,0.03200000000000003,True
5.505896,4,61.35256,0.9613319017422636,0.03200000000000003,True
5.85164,5,61.36359,0.9592189876371751,0.040000000000000036,True
5.782859,4,61.372789,0.9618900195141837,0.03200000000000003,True
5.755524,2,61.378253,0.9613424277464108,0.016000000000000014,True
5.738823,4,61.38731,0.958358787450392,0.03200000000000003,True
5.569796,3,61.394966,0.9616121620652942,0.02400000000000002,True
5.482053,4,61.404572,0.963371279551821,0.03200000000000003,True
5.68678,2,61.409798,0.9600141073645718,0.016000000000000014,True
5.457033,5,61.42068,0.9582028649112996,0.040000000000000036,True
5.521564,4,61.430943,0.963425610762409,0.03200000000000003,True
5.847181,4,61.440364,0.9616687284883638,0.03200000000000003,True
5.652722,2,61.445825,0.9632045326793098,0.016000000000000014,True
5.7151,4,61.456835,0.9574386887586429,0.03200000000000003,True
5.834674,4,61.466224,0.9579784830542409,0.03200000000000003,True
5.731325,4,61.475618,0.9605893212961218,0.03200000000000003,True
5.519777,4,61.485839,0.961816227192746,0.03200000000000003,True
5.71283,5,61.498285,0.9611374255201692,0.040000000000000036,True
5.949333,5,61.510173,0.961991217076817,0.040000000000000036,True
5.744848,4,61.520571,0.9624028544043892,0.03200000000000003,True
5.455165,4,61.531153,0.9656892944969193,0.03200000000000003,True
5.634111,3,61.539921,0.9613059399527808,0.02400000000000002,True
5.390844,3,61.54783,0.9590315081725072,0.02400000000000002,True
5.624748,4,61.55837,0.9649586365008868,0.03200000000000003,True
5.753727,5,61.571867,0.9582367625781762,0.040000000000000036,True
5.470789,3,61.580499,0.9610417476489646,0.02400000000000002,True
5.732138,3,61.588715,0.9626773298930085,0.02400000000000002,True
5.476858,5,61.60163,0.9669814029979362,0.040000000000000036,True
5.598013,4,61.612113,0.9606559391543961,0.03200000000000003,True
5.528446,4,61.622427,0.9588455539482548,0.03200000000000003,True
6.014364,5,61.63392,0.9607208813658029,0.040000000000000036,True
5.58297,3,61.641691,0.9669548140240997,0.02400000000000002,True
5.593336,4,61.650784,0.9620899092275379,0.03200000000000003,True
5.611409,4,61.660279,0.9617295205525794,0.03200000000000003,True
5.799687,4,61.672819,0.9619761870019818,0.03200000000000003,True
5.602065,4,61.683985,0.9594092886075803,0.03200000000000003,True
5.540978,4,61.693016,0.9606646391022495,0.03200000000000003,True
5.576792,4,61.70167,0.9630472934070324,0.03200000000000003,True
5.417739,4,61.710151,0.9633808237655375,0.03200000000000003,True
5.481322,5,61.721119,0.9654284301707283,0.040000000000000036,True
6.048717,4,61.729302,0.9615457757151518,0.03200000000000003,True
5.469284,3,62.255818,0.9590886657168739,0.02400000000000002,True
5.47846,2,62.26037,0.9621089330769792,0.016000000000000014,True
5.584502,5,62.271014,0.960683717245001,0.040000000000000036,True
5.838024,4,62.280257,0.9564810035029045,0.03200000000000003,True
5.551034,3,62.288283,0.9623736050908149,0.02400000000000002,True
5.464738,4,62.297674,0.9601481117671231,0.03200000000000003,True
5.843682,4,62.306781,0.9612888631187484,0.03200000000000003,True
5.775735,4,62.315961,0.9620451109785149,0.03200000000000003,True
5.841989,5,62.326715,0.9600057935966283,0.040000000000000036,True
5.734755,4,62.336045,0.9648268178582842,0.03200000000000003,True
5.739788,4,62.345683,0.957560109583595,0.03200000000000003,True
5.979863,4,62.355975,0.9573801273213904,0.03200000000000003,True
5.818818,4,62.365122,0.9589491687603919,0.03200000000000003,True
5.539487,4,62.373531,0.9634269973257585,0.03200000000000003,True
5.712022,3,62.380484,0.9611189660824502,0.02400000000000002,True
5.802138,3,62.387687,0.9623822463841132,0.02400000000000002,True
5.448271,4,62.396393,0.9573963317719909,0.03200000000000003,True
5.590867,3,62.403011,0.9631010072959696,0.02400000000000002,True
5.585591,5,62.414191,0.960153141048301,0.040000000000000036,True
5.829752,5,62.424674,0.9593353934081277,0.040000000000000036,True
5.78735,4,62.434098,0.9629788994020996,0.03200000000000003,True
5.798954,4,62.446142,0.9570988052555183,0.03200000000000003,True
5.696859,3,62.454545,0.9599129197922242,0.02400000000000002,True
5.713179,4,62.466835,0.9565867699266704,0.03200000000000003,True
5.705673,5,62.477691,0.9654865552274887,0.040000000000000036,True
6.045245,4,62.486383,0.9599175694258288,0.03200000000000003,True
5.655536,5,62.497721,0.959972296871269,0.040000000000000036,True
5.691141,4,62.506238,0.9620886680754706,0.03200000000000003,True
5.610728,4,62.515723,0.9591127493893863,0.03200000000000003,True
5.7597,4,62.524176,0.9629118816230409,0.03200000000000003,True
5.821356,3,62.532386,0.9588401628548906,0.02400000000000002,True
5.838796,4,62.541089,0.9596736185841921,0.03200000000000003,True
5.39637,3,62.549217,0.9638090882310992,0.02400000000000002,True
5.762799,4,62.55949,0.9600000103696117,0.03200000000000003,True
5.583442,5,62.571302,0.961115692935975,0.040000000000000036,True
5.489081,3,62.579216,0.9642110999804547,0.02400000000000002,True
5.530264,3,62.586336,0.9631023076610209,0.02400000000000002,True
5.800159,4,62.596102,0.9600125173698194,0.03200000000000003,True
5.508888,3,62.602989,0.9593596745172004,0.02400000000000002,True
5.493041,5,62.615031,0.9571592061730105,0.040000000000000036,True
5.655585,3,62.620944,0.9585646509950994,0.02400000000000002,True
5.542007,4,62.631042,0.9631522979014135,0.03200000000000003,True
5.598444,5,62.642715,0.9643752441165374,0.040000000000000036,True
5.71223,4,62.652282,0.964689559998454,0.03200000000000003,True
5.666571,3,62.657923,0.9606096676796387,0.02400000000000002,True
5.803624,4,62.666821,0.9638506914686122,0.03200000000000003,True
5.628308,5,62.679103,0.9583534226409836,0.040000000000000036,True
5.705307,4,62.687415,0.9605436904193039,0.03200000000000003,True
5.896731,3,62.694308,0.9576895359494154,0.02400000000000002,True
5.420709,3,62.70147,0.9610257099260986,0.02400000000000002,True
5.479525,4,62.710864,0.963048960793101,0.03200000000000003,True
5.850557,4,62.719662,0.9612714895837223,0.03200000000000003,True
5.993408,5,62.731972,0.9589020935161515,0.040000000000000036,True
5.752555,4,62.740496,0.9605685086725559,0.03200000000000003,True
5.765595,4,62.74946,0.9634347513176904,0.03200000000000003,True
6.039234,4,62.758514,0.9593323049440625,0.03200000000000003,True
5.815575,5,62.769261,0.9576248917603145,0.040000000000000036,True
5.749254,5,62.781355,0.9608084834776378,0.040000000000000036,True
5.855479,4,62.790663,0.9606315779738139,0.03200000000000003,True
5.75417,4,62.799815,0.9618090238348569,0.03200000000000003,True
5.547533,4,62.808953,0.964009566440474,0.03200000000000003,True
5.629654,4,62.818795,0.9672676450463464,0.03200000000000003,True
5.98555,5,62.830581,0.9588344878168397,0.040000000000000036,True
5.698233,4,62.839502,0.9576158046146762,0.03200000000000003,True
6.048934,5,63.384214,0.9594639988948606,0.040000000000000036,True
6.010213,4,63.395653,0.9644952988519943,0.03200000000000003,True
5.558783,4,63.405926,0.9598673662001926,0.03200000000000003,True
5.805499,4,63.415515,0.9646003563877992,0.03200000000000003,True
5.574789,5,63.427347,0.9611944786534505,0.040000000000000036,True
5.871267,5,63.440941,0.9666597454862822,0.040000000000000036,True
5.736976,3,63.453219,0.9599916539301365,0.02400000000000002,True
5.53115,4,63.467069,0.9593010945283122,0.03200000000000003,True
5.587179,4,63.476202,0.9592385834890587,0.03200000000000003,True
5.757842,4,63.487029,0.960195229057615,0.03200000000000003,True
5.491294,5,63.500438,0.9624869711713762,0.040000000000000036,True
5.970061,5,63.514778,0.9609952227150712,0.040000000000000036,True
5.799263,4,63.526706,0.9638781971453161,0.03200000000000003,True
5.677022,3,63.534836,0.9654153866934693,0.02400000000000002,True
5.949038,4,63.54565,0.9613915572692895,0.03200000000000003,True
5.303411,3,63.555012,0.9618224592382643,0.02400000000000002,True
5.510721,4,63.56624,0.96124314516618,0.03200000000000003,True
5.465464,5,63.579012,0.9584319864670162,0.040000000000000036,True
5.601966,4,63.589466,0.9634110612432518,0.03200000000000003,True
5.636057,5,63.601785,0.9617273534319998,0.040000000000000036,True
5.453084,4,63.611876,0.9565915869816105,0.03200000000000003,True
5.551697,4,63.621416,0.9649633354817124,0.03200000000000003,True
5.752025,4,63.630993,0.9615379567034674,0.03200000000000003,True
5.790662,3,63.639214,0.9621778930633118,0.02400000000000002,True
5.767235,4,63.649349,0.9584112171144752,0.03200000000000003,True
5.607108,5,63.662843,0.9641104957212743,0.040000000000000036,True
5.57232,4,63.672819,0.9562372258617028,0.03200000000000003,True
5.792306,4,63.682888,0.9623254280425763,0.03200000000000003,True
5.769784,4,63.692798,0.9632892815127911,0.03200000000000003,True
5.812616,5,63.705265,0.9650568841447739,0.040000000000000036,True
5.942055,4,63.716395,0.9620937315717402,0.03200000000000003,True
5.542896,3,63.723287,0.9607875531661434,0.02400000000000002,True
5.70241,4,63.733182,0.9601913961864708,0.03200000000000003,True
5.788074,3,63.740367,0.9621507302219408,0.02400000000000002,True
5.56375,4,63.750016,0.9645580172637502,0.03200000000000003,True
5.561679,3,63.757494,0.9629191287755812,0.02400000000000002,True
5.4598,3,63.765446,0.9577087110998002,0.02400000000000002,True
5.442395,3,63.771961,0.9592787625942851,0.02400000000000002,True
5.657011,4,63.782866,0.9590563585985241,0.03200000000000003,True
5.595092,4,63.79333,0.9605198110328834,0.03200000000000003,True
5.675851,3,63.800804,0.9588051831284555,0.02400000000000002,True
5.885538,4,63.810371,0.9684090231115541,0.03200000000000003,True
5.674247,4,63.819811,0.9580091191989717,0.03200000000000003,True
5.892407,4,63.82914,0.9573473548219453,0.03200000000000003,True
5.632428,4,63.838413,0.9594530626672657,0.03200000000000003,True
5.58505,3,63.845787,0.9653399147060506,0.02400000000000002,True
5.564504,3,63.853685,0.9624685809443048,0.02400000000000002,True
5.75817,4,63.862718,0.961928749327534,0.03200000000000003,True
5.893295,5,63.873514,0.9600862502322212,0.040000000000000036,True
5.63621,4,63.883283,0.9609156915679173,0.03200000000000003,True
5.859206,5,63.89419,0.9618979801175332,0.040000000000000036,True
5.724759,3,63.900934,0.962127044674032,0.02400000000000002,True
5.720789,4,63.910557,0.9594376663539019,0.03200000000000003,True
5.579557,3,63.918454,0.9628752029351075,0.02400000000000002,True
5.499224,4,63.928505,0.9587033231401485,0.03200000000000003,True
5.514976,5,63.940064,0.960745134576686,0.040000000000000036,True
5.554052,4,63.949399,0.957114738210228,0.03200000000000003,True
6.003983,5,63.960969,0.9559059520634443,0.040000000000000036,True
5.654008,4,63.970417,0.9634510266111995,0.03200000000000003,True
5.646152,5,63.982092,0.9590644617887045,0.040000000000000036,True
5.677712,4,63.990318,0.9604772659544079,0.03200000000000003,True
5.369565,3,63.997732,0.9632987951353559,0.02400000000000002,True
5.64258,4,64.006686,0.9676908887879319,0.03200000000000003,True
5.353725,3,64.01427,0.9616890570278137,0.02400000000000002,True
5.749747,3,64.020789,0.9607609991352928,0.02400000000000002,True
5.878162,3,64.028031,0.9621805818810754,0.02400000000000002,True
5.708627,4,64.557297,0.9603118542246615,0.03200000000000003,True
5.693519,4,64.56668,0.9631385915583518,0.03200000000000003,True
5.525264,4,64.5759,0.9666095454322857,0.03200000000000003,True
5.520752,3,64.583301,0.9579279237011278,0.02400000000000002,True
5.542017,3,64.590631,0.9637029651397915,0.02400000000000002,True
5.490923,3,64.596711,0.9604436355613546,0.02400000000000002,True
5.694816,3,64.604107,0.9678124970963324,0.02400000000000002,True
5.687414,3,64.610786,0.9561175622465535,0.02400000000000002,True
5.789603,4,64.624068,0.9590002948601817,0.03200000000000003,True
6.108749,5,64.640946,0.9609523407673543,0.040000000000000036,True
5.831581,4,64.655755,0.9609472498306334,0.03200000000000003,True
5.934747,3,64.66887,0.9592089163978714,0.02400000000000002,True
5.841442,3,64.680417,0.9610768456574259,0.02400000000000002,True
5.439103,3,64.693095,0.9646264038419009,0.02400000000000002,True
5.853219,4,64.709048,0.9609713716948766,0.03200000000000003,True
5.689361,3,64.718902,0.9644072061026364,0.02400000000000002,True
5.520419,3,64.72855,0.9618628122193732,0.02400000000000002,True
5.463252,5,64.745078,0.9641686729855585,0.040000000000000036,True
5.864744,4,64.759505,0.9560909369403282,0.03200000000000003,True
5.502674,4,64.771624,0.9631321129044014,0.03200000000000003,True
5.639964,5,64.788206,0.9611223687694513,0.040000000000000036,True
5.783252,5,64.804501,0.957663470350542,0.040000000000000036,True
5.589553,4,64.816777,0.9633602187218251,0.03200000000000003,True
5.479325,4,64.828061,0.9615473493129293,0.03200000000000003,True
5.786183,4,64.840397,0.9582064158373527,0.03200000000000003,True
5.822834,5,64.854172,0.9621801497797521,0.040000000000000036,True
5.519795,4,64.86603,0.9611360543186938,0.03200000000000003,True
5.641338,5,64.882401,0.9629957366848105,0.040000000000000036,True
5.706669,4,64.895763,0.9602734354507922,0.03200000000000003,True
5.964134,5,64.910511,0.9646055439305931,0.040000000000000036,True
5.638284,4,64.923072,0.9620290970446232,0.03200000000000003,True
5.736053,3,64.932889,0.959176534922423,0.02400000000000002,True
5.84293,5,64.947493,0.9591861644342423,0.040000000000000036,True
5.615441,3,64.957043,0.9587226701451783,0.02400000000000002,True
5.829352,4,64.969092,0.9613590024809588,0.03200000000000003,True
6.011045,4,64.980002,0.9615980040748765,0.03200000000000003,True
5.425099,3,64.988372,0.9662583473887492,0.02400000000000002,True
5.715287,5,65.002075,0.9611359095305685,0.040000000000000036,True
5.634926,3,65.011538,0.9628413930720034,0.02400000000000002,True
5.823643,5,65.027499,0.9582485359250112,0.040000000000000036,True
5.464769,3,65.036551,0.9600028423583162,0.02400000000000002,True
5.512414,3,65.045058,0.9586973032147179,0.02400000000000002,True
5.67343,4,65.056317,0.9610208470955499,0.03200000000000003,True
5.899864,3,65.064786,0.9636663163790555,0.02400000000000002,True
5.457482,3,65.073995,0.9567414210196628,0.02400000000000002,True
5.590791,4,65.085657,0.9610831686033341,0.03200000000000003,True
5.943812,4,65.097038,0.964603929964819,0.03200000000000003,True
5.651312,4,65.109867,0.9622444650577153,0.03200000000000003,True
5.880493,3,65.119402,0.9601840224285527,0.02400000000000002,True
5.635814,5,65.136257,0.9597848939664928,0.040000000000000036,True
5.485716,3,65.145305,0.9612781480182221,0.02400000000000002,True
6.067202,4,65.15857,0.9596536669166373,0.03200000000000003,True
5.417515,3,65.168111,0.9615555627755992,0.02400000000000002,True
5.648809,4,65.181074,0.9587640129004155,0.03200000000000003,True
5.45291,3,65.190578,0.9629742504759342,0.02400000000000002,True
5.651758,4,65.202751,0.9593065406953846,0.03200000000000003,True
5.51111,3,65.212003,0.9681790632414117,0.02400000000000002,True
5.808437,3,65.221481,0.9596645752910267,0.02400000000000002,True
5.493532,4,65.235909,0.9657944177669635,0.03200000000000003,True
5.492355,4,65.251696,0.9609241681859049,0.03200000000000003,True
5.76774,4,65.266872,0.9611360079643209,0.03200000000000003,True
5.655392,4,65.280226,0.9611446724741275,0.03200000000000003,True
5.534849,4,65.292962,0.9580525750799768,0.03200000000000003,True
5.485519,4,65.308846,0.9615168393565938,0.03200000000000003,True
5.67675,3,65.318259,0.9643096789273687,0.02400000000000002,True
5.688534,3,65.328179,0.9609760066893596,0.02400000000000002,True
5.81419,4,65.339925,0.9594735566490035,0.03200000000000003,True
6.064774,4,66.017357,0.9589420336772734,0.03200000000000003,True
5.406953,3,66.027121,0.9664422684218608,0.02400000000000002,True
5.938323,3,66.035925,0.9660283479169831,0.02400000000000002,True
6.025925,5,66.05036,0.9636623898696717,0.040000000000000036,True
5.707843,4,66.063051,0.9614895296398906,0.03200000000000003,True
5.824133,4,66.076042,0.9596011694706257,0.03200000000000003,True
5.487882,3,66.085132,0.9590493824540316,0.02400000000000002,True
5.701303,3,66.095453,0.961648561971987,0.02400000000000002,True
5.733043,4,66.108312,0.9618835692550077,0.03200000000000003,True
5.637086,4,66.122689,0.9579897565794553,0.03200000000000003,True
5.885473,4,66.13723,0.9604210791641665,0.03200000000000003,True
5.682333,4,66.152053,0.9621344394791747,0.03200000000000003,True
5.872433,3,66.161432,0.9618604382216931,0.02400000000000002,True
5.785655,4,66.173043,0.9624255773457893,0.03200000000000003,True
5.696322,3,66.18422,0.9633724024335222,0.02400000000000002,True
5.563803,3,66.191917,0.9637849744756455,0.02400000000000002,True
5.594808,3,66.204144,0.9628625847213983,0.02400000000000002,True
5.597233,5,66.218467,0.955751068491103,0.040000000000000036,True
5.873102,4,66.231504,0.960425588373446,0.03200000000000003,True
5.599751,5,66.248677,0.9638854735040792,0.040000000000000036,True
5.977305,4,66.259554,0.9645746948490705,0.03200000000000003,True
5.678081,3,66.268797,0.962469276582592,0.02400000000000002,True
5.797064,4,66.282243,0.9593600051523689,0.03200000000000003,True
5.688185,3,66.293872,0.9612418058338883,0.02400000000000002,True
5.540893,3,66.306179,0.9629561273935252,0.02400000000000002,True
5.741594,3,66.319602,0.9624469135539466,0.02400000000000002,True
5.527075,3,66.332921,0.9594816423199649,0.02400000000000002,True
5.770991,3,66.346497,0.961159528486732,0.02400000000000002,True
5.717867,4,66.359347,0.9576176107159862,0.03200000000000003,True
5.743141,4,66.373511,0.9597069105113576,0.03200000000000003,True
5.719754,4,66.386235,0.9580127837999344,0.03200000000000003,True
5.521203,4,66.39823,0.9596591547371214,0.03200000000000003,True
5.793992,4,66.411065,0.9595456761394012,0.03200000000000003,True
5.778118,5,66.428237,0.9631159728856358,0.040000000000000036,True
5.958417,3,66.435861,0.9616014112142597,0.02400000000000002,True
5.736531,5,66.450468,0.9626288064609453,0.040000000000000036,True
5.828026,5,66.466093,0.957143627315407,0.040000000000000036,True
5.859345,3,66.474108,0.9564703298737558,0.02400000000000002,True
5.679121,4,66.485084,0.9618323162292448,0.03200000000000003,True
5.479042,2,66.49457,0.9603309846930104,0.016000000000000014,True
5.532136,4,66.505952,0.9624658956435858,0.03200000000000003,True
5.756786,4,66.517867,0.9623562122116552,0.03200000000000003,True
5.555019,4,66.530212,0.9581679324914449,0.03200000000000003,True
5.621724,4,66.542798,0.964709274551534,0.03200000000000003,True
5.985318,3,66.551668,0.9632614757688724,0.02400000000000002,True
5.556419,4,66.564417,0.9621521540902209,0.03200000000000003,True
5.782603,5,66.579687,0.9605465781208643,0.040000000000000036,True
5.582602,4,66.59094,0.9664482617368533,0.03200000000000003,True
6.018709,4,66.602656,0.96639887262342,0.03200000000000003,True
5.629985,5,66.617456,0.9606675325213638,0.040000000000000036,True
5.786386,4,66.629615,0.9631629979107013,0.03200000000000003,True
5.400138,3,66.638919,0.9580599066588554,0.02400000000000002,True
5.620742,5,66.652313,0.9643125981171523,0.040000000000000036,True
5.958367,4,66.664948,0.9575190423801696,0.03200000000000003,True
5.756424,4,66.682107,0.9635396924434931,0.03200000000000003,True
5.587077,4,66.698029,0.9616645943461728,0.03200000000000003,True
5.809445,4,66.817899,0.9647406192119816,0.03200000000000003,True
5.722482,4,66.828818,0.9561380641555561,0.03200000000000003,True
5.817669,4,66.841032,0.9595400547104822,0.03200000000000003,True
5.812424,3,66.85083,0.9606878658817944,0.02400000000000002,True
5.535434,3,66.859069,0.9637310205640223,0.02400000000000002,True
5.536733,3,66.868829,0.9681743146321258,0.02400000000000002,True
5.620071,4,66.881319,0.9629387236427966,0.03200000000000003,True
5.560329,3,66.889959,0.9615143004872018,0.02400000000000002,True
6.090196,4,66.901252,0.9652115337373044,0.03200000000000003,True
5.745866,4,66.912792,0.9614864172195745,0.03200000000000003,True
5.788105,4,66.924515,0.9598514001106303,0.03200000000000003,True
5.529406,4,66.938037,0.9640210677090995,0.03200000000000003,True
5.667783,2,66.943182,0.9660826592591638,0.016000000000000014,True
5.482332,4,67.6451,0.9581905527323931,0.03200000000000003,True
5.691339,3,67.65489,0.9579176177158508,0.02400000000000002,True
5.407759,3,67.664307,0.9646652774782465,0.02400000000000002,True
5.631794,5,67.678362,0.9613573753652503,0.040000000000000036,True
5.997963,3,67.687873,0.9653689597506504,0.02400000000000002,True
5.784263,4,67.700443,0.9608992829413209,0.03200000000000003,True
5.490264,4,67.712167,0.961558876967643,0.03200000000000003,True
5.761345,4,67.724057,0.9613686037739193,0.03200000000000003,True
5.655171,4,67.735547,0.9605290837613791,0.03200000000000003,True
5.631229,3,67.744237,0.9662050975949206,0.02400000000000002,True
5.729958,3,67.754038,0.9582148520977296,0.02400000000000002,True
5.627739,4,67.765672,0.9645399969963049,0.03200000000000003,True
5.708723,3,67.775689,0.963926599451247,0.02400000000000002,True
5.925863,3,67.784255,0.9622310510363703,0.02400000000000002,True
5.385761,2,67.790854,0.9593030121850175,0.016000000000000014,True
5.697195,3,67.802142,0.9640126746073308,0.02400000000000002,True
5.811098,3,67.81191,0.9643893602768534,0.02400000000000002,True
5.64513,4,67.82324,0.9568557491789154,0.03200000000000003,True
5.424203,4,67.83617,0.9614826415717304,0.03200000000000003,True
5.738223,4,67.846849,0.9645058073031998,0.03200000000000003,True
5.83435,4,67.859083,0.9606244535924301,0.03200000000000003,True
5.495887,4,67.873677,0.9604164019047943,0.03200000000000003,True
5.557926,4,67.886573,0.9609327671858242,0.03200000000000003,True
5.763562,4,67.899307,0.9631630860490283,0.03200000000000003,True
5.519862,4,67.9121,0.959893910698396,0.03200000000000003,True
5.588014,4,67.924527,0.9606104133208118,0.03200000000000003,True
5.667233,3,67.93633,0.9620994661515639,0.02400000000000002,True
5.751771,5,67.955679,0.9574322756893286,0.040000000000000036,True
5.628928,5,67.973035,0.9616135279906519,0.040000000000000036,True
5.563916,4,67.986113,0.9573505708410641,0.03200000000000003,True
5.491465,4,67.999694,0.9616898916714772,0.03200000000000003,True
5.494218,3,68.009687,0.960539477585453,0.02400000000000002,True
5.536335,4,68.020938,0.958791222044466,0.03200000000000003,True
5.661148,3,68.030774,0.96107621306541,0.02400000000000002,True
5.610708,4,68.043167,0.958484516070014,0.03200000000000003,True
5.635306,4,68.055472,0.9616262463378893,0.03200000000000003,True
5.572892,4,68.067577,0.9570698563909261,0.03200000000000003,True
5.439904,2,68.073669,0.9587843837792485,0.016000000000000014,True
5.742654,3,68.083208,0.9599016101240153,0.02400000000000002,True
5.570082,4,68.09455,0.9632792337128238,0.03200000000000003,True
5.806961,4,68.105873,0.9633115252607135,0.03200000000000003,True
5.58576,4,68.118327,0.9577734488324368,0.03200000000000003,True
5.985829,4,68.131043,0.9567207211505117,0.03200000000000003,True
5.654949,3,68.140834,0.9600069495290644,0.02400000000000002,True
5.577386,5,68.157414,0.9617302922896847,0.040000000000000036,True
5.533592,5,68.172826,0.9632480934835566,0.040000000000000036,True
5.527549,4,68.185018,0.9595701091622981,0.03200000000000003,True
5.62635,4,68.196191,0.9580474656311917,0.03200000000000003,True
5.79676,5,68.211026,0.966425695564482,0.040000000000000036,True
5.640201,4,68.223813,0.9570359269347415,0.03200000000000003,True
5.860556,4,68.236356,0.9664943991350516,0.03200000000000003,True
5.712805,5,68.250079,0.9596413001987524,0.040000000000000036,True
5.665056,4,68.261027,0.9644330532361505,0.03200000000000003,True
5.952565,3,68.270749,0.9632570676115554,0.02400000000000002,True
5.720557,4,68.281188,0.9608363764715713,0.03200000000000003,True
5.837612,5,68.295851,0.9597729569808149,0.040000000000000036,True
5.730846,3,68.30432,0.9581453687124151,0.02400000000000002,True
5.482148,4,68.316712,0.9620036430920796,0.03200000000000003,True
5.67138,4,68.328028,0.9627163327587431,0.03200000000000003,True
5.735185,4,68.340756,0.9660092498235586,0.03200000000000003,True
5.578018,4,68.352823,0.9630878110534286,0.03200000000000003,True
5.601819,4,68.365191,0.9598687903879581,0.03200000000000003,True
5.524829,4,68.379938,0.9645499454693929,0.03200000000000003,True
6.035098,5,68.395129,0.959785189341342,0.040000000000000036,True
5.861763,5,68.41155,0.9592536899121604,0.040000000000000036,True
5.720713,4,68.426596,0.9617266967328789,0.03200000000000003,True
5.663435,3,69.168639,0.9603343107817016,0.02400000000000002,True
5.549417,3,69.17502,0.9568117225894759,0.02400000000000002,True
5.664298,4,69.183923,0.9606129229433387,0.03200000000000003,True
5.514768,3,69.191439,0.9633398773956834,0.02400000000000002,True
6.08711,4,69.199959,0.9638654930315733,0.03200000000000003,True
5.539816,4,69.208643,0.959056946798434,0.03200000000000003,True
5.579944,4,69.217762,0.9574436172974184,0.03200000000000003,True
5.568858,5,69.231539,0.9591501410719241,0.040000000000000036,True
5.828698,5,69.249618,0.9571103807294126,0.040000000000000036,True
5.621962,3,69.259916,0.9572323357620736,0.02400000000000002,True
5.889137,3,69.26814,0.9606016655949203,0.02400000000000002,True
5.473938,3,69.276459,0.9640215238731518,0.02400000000000002,True
5.912891,4,69.286451,0.9627323377489471,0.03200000000000003,True
5.415289,2,69.293016,0.9619843468087035,0.016000000000000014,True
5.791599,4,69.301819,0.9573444515953713,0.03200000000000003,True
5.561793,4,69.311468,0.9587308223187199,0.03200000000000003,True
5.777017,4,69.321191,0.9616609431062729,0.03200000000000003,True
5.544609,5,69.333887,0.9575871758378047,0.040000000000000036,True
5.515111,3,69.340762,0.9609873018772257,0.02400000000000002,True
5.860867,5,69.353827,0.963735793029121,0.040000000000000036,True
5.617821,4,69.362823,0.9613464963477815,0.03200000000000003,True
5.595029,3,69.370726,0.9670594541956506,0.02400000000000002,True
5.687771,3,69.381305,0.9630351761177013,0.02400000000000002,True
5.773884,4,69.398317,0.9572342860369274,0.03200000000000003,True
5.529767,4,69.410633,0.9598754675154297,0.03200000000000003,True
5.461151,3,69.418705,0.9579494553838181,0.02400000000000002,True
5.85375,4,69.427859,0.9590737186742294,0.03200000000000003,True
5.914944,4,69.437304,0.9624432012122703,0.03200000000000003,True
5.762056,3,69.444356,0.9610629177980359,0.02400000000000002,True
5.5768,5,69.456567,0.9635995757282914,0.040000000000000036,True
5.672718,4,69.465186,0.9604399472411342,0.03200000000000003,True
5.499355,2,69.471078,0.9639517025728069,0.016000000000000014,True
5.684819,5,69.482589,0.9572292952576725,0.040000000000000036,True
5.866513,5,69.494812,0.9643002028632995,0.040000000000000036,True
5.713055,4,69.505088,0.9579991026489609,0.03200000000000003,True
5.572169,4,69.515492,0.9579741191256765,0.03200000000000003,True
5.573712,4,69.526694,0.9603269333209048,0.03200000000000003,True
5.452696,5,69.542136,0.9645010589887878,0.040000000000000036,True
5.77966,4,69.557037,0.9598737653082975,0.03200000000000003,True
5.549455,4,69.566316,0.9618940876319293,0.03200000000000003,True
5.419034,3,69.573327,0.9633036567491168,0.02400000000000002,True
5.514418,3,69.580153,0.9620151734083237,0.02400000000000002,True
5.975788,3,69.587029,0.9613160530026092,0.02400000000000002,True
5.719912,3,69.594053,0.9586148926827549,0.02400000000000002,True
5.828481,5,69.605334,0.9636601426642464,0.040000000000000036,True
5.457678,3,69.613341,0.9686725040171646,0.02400000000000002,True
5.809445,4,69.6267,0.9647535805474015,0.03200000000000003,True
5.4803,3,69.637499,0.9640679839542554,0.02400000000000002,True
5.622164,3,69.64784,0.9625937405533812,0.02400000000000002,True
5.747067,5,69.663862,0.96072832231885,0.040000000000000036,True
5.530998,5,69.676502,0.9599399460599927,0.040000000000000036,True
5.713057,4,69.685654,0.9627117646367973,0.03200000000000003,True
5.79587,4,69.694717,0.958806535867083,0.03200000000000003,True
5.753965,3,69.701838,0.9604607093460367,0.02400000000000002,True
5.951215,3,69.707933,0.9636207013163839,0.02400000000000002,True
5.700933,4,69.716953,0.962818200653384,0.03200000000000003,True
5.769286,4,69.72647,0.9591264620443003,0.03200000000000003,True
5.58349,3,69.733514,0.9649049887170978,0.02400000000000002,True
5.676895,5,69.74555,0.9587260592546529,0.040000000000000036,True
5.641267,4,69.754843,0.961099744399387,0.03200000000000003,True
5.422539,3,69.762548,0.9608570759528056,0.02400000000000002,True
6.041582,4,69.772603,0.9566891174390075,0.03200000000000003,True
5.566687,4,69.781977,0.9601941288128821,0.03200000000000003,True
5.497946,3,69.789997,0.9634156971286911,0.02400000000000002,True
5.844974,4,69.79965,0.9580462746259064,0.03200000000000003,True
5.571382,4,69.809711,0.9661816230805678,0.03200000000000003,True
5.729751,4,69.818451,0.9600516664880561,0.03200000000000003,True
5.729465,3,69.826062,0.9623756035198247,0.02400000000000002,True
5.645992,3,70.356705,0.9584113891430864,0.02400000000000002,True
5.734568,4,70.367988,0.9637320811749853,0.03200000000000003,True
5.535855,3,70.375238,0.9698750175207393,0.02400000000000002,True
5.693274,4,70.384405,0.9598558418172735,0.03200000000000003,True
5.67532,4,70.393369,0.9605051279201793,0.03200000000000003,True
5.785365,4,70.40551,0.9596180325465006,0.03200000000000003,True
5.398994,3,70.414384,0.960587871685836,0.02400000000000002,True
5.510305,3,70.422159,0.9639643717953912,0.02400000000000002,True
5.964969,5,70.43358,0.9604848289671292,0.040000000000000036,True
5.700361,4,70.443051,0.9617143248040965,0.03200000000000003,True
5.716305,4,70.451571,0.9632685542871686,0.03200000000000003,True
5.753892,4,70.461128,0.9598430411765239,0.03200000000000003,True
5.760525,3,70.468111,0.9641033157091212,0.02400000000000002,True
5.7655,5,70.4788,0.9589749907120275,0.040000000000000036,True
5.647129,4,70.489051,0.9625263636721915,0.03200000000000003,True
5.509773,4,70.498836,0.9635603515938534,0.03200000000000003,True
5.735411,4,70.506999,0.9597171558647638,0.03200000000000003,True
5.619502,5,70.517854,0.9612719010979467,0.040000000000000036,True
5.808687,4,70.529094,0.9630825285267436,0.03200000000000003,True
5.489511,3,70.536237,0.9651458312350927,0.02400000000000002,True
5.428614,4,70.545402,0.9559689514966114,0.03200000000000003,True
5.640205,3,70.552165,0.9596844755546952,0.02400000000000002,True
5.733779,3,70.559923,0.9605000831425696,0.02400000000000002,True
5.434919,3,70.566923,0.9632053899189514,0.02400000000000002,True
5.743621,4,70.577039,0.9629710544165553,0.03200000000000003,True
5.637814,5,70.587543,0.9595674978031795,0.040000000000000036,True
5.726121,5,70.598099,0.9619612724547192,0.040000000000000036,True
5.670677,3,70.605849,0.9608583691357186,0.02400000000000002,True
5.989371,4,70.61578,0.9632891396831753,0.03200000000000003,True
5.947165,4,70.624899,0.963204448392989,0.03200000000000003,True
5.789538,4,70.634275,0.9601584611096677,0.03200000000000003,True
5.596354,4,70.643542,0.9621411909806875,0.03200000000000003,True
5.550167,4,70.653475,0.9602642497427507,0.03200000000000003,True
5.807301,3,70.662106,0.9577301079037441,0.02400000000000002,True
5.476469,3,70.670195,0.9636689386157812,0.02400000000000002,True
5.829908,4,70.683674,0.9610402374164485,0.03200000000000003,True
5.747108,4,70.698167,0.9649254247461719,0.03200000000000003,True
5.518556,3,70.706842,0.9599157657488713,0.02400000000000002,True
5.474221,3,70.713991,0.9620960836252661,0.02400000000000002,True
5.774789,3,70.720772,0.9571848181672129,0.02400000000000002,True
5.910421,4,70.730528,0.9666860168183489,0.03200000000000003,True
5.805442,3,70.73755,0.9590387332839119,0.02400000000000002,True
5.586615,4,70.747107,0.9625977470474953,0.03200000000000003,True
5.43836,3,70.755104,0.9600010412266027,0.02400000000000002,True
5.60685,4,70.76477,0.9622986696306081,0.03200000000000003,True
5.616884,4,70.774875,0.9618975664455467,0.03200000000000003,True
5.630997,4,70.784226,0.96346895450444,0.03200000000000003,True
5.690595,3,70.790915,0.9617454567288809,0.02400000000000002,True
6.00388,4,70.799986,0.9567146328514393,0.03200000000000003,True
5.838568,4,70.81028,0.9631642395374224,0.03200000000000003,True
5.664617,4,70.820029,0.9620795980030772,0.03200000000000003,True
5.575184,4,70.829245,0.95957916862968,0.03200000000000003,True
5.558903,3,70.835642,0.9667686125275872,0.02400000000000002,True
5.694562,3,70.843065,0.9595124912435053,0.02400000000000002,True
5.734264,4,70.852264,0.9564691882740026,0.03200000000000003,True
5.76233,5,70.862729,0.9644266932543687,0.040000000000000036,True
5.593547,4,70.871625,0.9569690267053338,0.03200000000000003,True
5.616793,3,70.879186,0.9590117484272553,0.02400000000000002,True
5.83683,4,70.888269,0.9602849031253603,0.03200000000000003,True
5.623044,4,70.898109,0.9596216979739796,0.03200000000000003,True
5.506978,3,70.904986,0.959301664774567,0.02400000000000002,True
5.726229,4,70.914127,0.9613597437678963,0.03200000000000003,True
5.754242,4,70.922592,0.9596161862241486,0.03200000000000003,True
5.757776,3,70.929183,0.9596914126089542,0.02400000000000002,True
5.480197,4,70.93882,0.9609887159678868,0.03200000000000003,True
5.660086,4,70.948117,0.9626023577386682,0.03200000000000003,True
5.51165,3,70.956137,0.9606865340575066,0.02400000000000002,True
5.832645,4,70.966142,0.9577083263112579,0.03200000000000003,True
5.598701,4,70.975316,0.9641781616002238,0.03200000000000003,True
5.751774,3,71.488002,0.9616227509502767,0.02400000000000002,True
5.691582,3,71.495941,0.962598467601023,0.02400000000000002,True
5.692279,4,71.507267,0.9588186099381606,0.03200000000000003,True
5.63551,3,71.516167,0.9637860594174914,0.02400000000000002,True
5.940501,4,71.527517,0.9609751052972545,0.03200000000000003,True
5.566579,3,71.536328,0.9569463334622387,0.02400000000000002,True
5.660831,3,71.544295,0.9578504454790836,0.02400000000000002,True
5.678813,3,71.552253,0.9616788046917082,0.02400000000000002,True
5.563388,4,71.562789,0.959466200282239,0.03200000000000003,True
5.831372,4,71.573263,0.9602068030012175,0.03200000000000003,True
5.72828,3,71.581675,0.9624073506873738,0.02400000000000002,True
5.754786,4,71.591848,0.9593032850625927,0.03200000000000003,True
5.903872,5,71.603978,0.9605918804931262,0.040000000000000036,True
5.761058,3,71.613267,0.9620061521113421,0.02400000000000002,True
5.513206,3,71.621027,0.9631689043155031,0.02400000000000002,True
5.74445,3,71.629469,0.9607031731774931,0.02400000000000002,True
5.687233,3,71.636277,0.9612894328431066,0.02400000000000002,True
5.602434,4,71.646191,0.961397626671505,0.03200000000000003,True
5.785508,4,71.655277,0.9611026836281014,0.03200000000000003,True
5.753319,3,71.661772,0.9629914108639693,0.02400000000000002,True
5.65735,4,71.674411,0.9570088621671707,0.03200000000000003,True
5.478883,4,71.684476,0.9659966752615521,0.03200000000000003,True
5.821144,4,71.694089,0.9623296103622937,0.03200000000000003,True
5.686418,4,71.703557,0.9582490278188405,0.03200000000000003,True
5.489013,4,71.717256,0.9574318866648468,0.03200000000000003,True
5.699585,3,71.727803,0.9599616518742794,0.02400000000000002,True
5.738109,5,71.74388,0.9567595003785371,0.040000000000000036,True
5.821441,4,71.753429,0.9596370121307767,0.03200000000000003,True
5.695935,4,71.762526,0.963283736286618,0.03200000000000003,True
5.720059,4,71.771796,0.9590880735280866,0.03200000000000003,True
5.867178,5,71.782975,0.9594827249726663,0.040000000000000036,True
5.57463,4,71.792353,0.9621175267570187,0.03200000000000003,True
5.597365,4,71.802523,0.958989398544688,0.03200000000000003,True
5.65389,5,71.816165,0.9594092785560854,0.040000000000000036,True
5.779803,4,71.824981,0.9639809988131951,0.03200000000000003,True
5.607931,4,71.833925,0.9610474932628771,0.03200000000000003,True
5.752691,4,71.84252,0.962212365023612,0.03200000000000003,True
5.659359,4,71.851351,0.9617236083430883,0.03200000000000003,True
5.525778,4,71.860481,0.961791837799276,0.03200000000000003,True
5.806939,4,71.869721,0.9620214018608924,0.03200000000000003,True
5.784508,4,71.878902,0.961308151354445,0.03200000000000003,True
5.618914,4,71.887987,0.9639268354516705,0.03200000000000003,True
5.878225,4,71.89683,0.9635211498370813,0.03200000000000003,True
5.751438,4,71.905869,0.9633497147565628,0.03200000000000003,True
5.679503,3,71.913404,0.9630815516760051,0.02400000000000002,True
5.948704,4,71.922228,0.9623004205580201,0.03200000000000003,True
5.610428,4,71.931331,0.9594676153398447,0.03200000000000003,True
5.575436,3,71.939284,0.9613076241906209,0.02400000000000002,True
6.138108,5,71.950438,0.9588990881684286,0.040000000000000036,True
6.038624,4,71.961425,0.9624371656876545,0.03200000000000003,True
5.648333,5,71.974953,0.9616242685970154,0.040000000000000036,True
5.451452,4,71.985569,0.9605557259064934,0.03200000000000003,True
5.291189,3,71.994658,0.9612378055372066,0.02400000000000002,True
5.747849,5,72.006984,0.9598848372778339,0.040000000000000036,True
5.783589,5,72.018832,0.962476263477359,0.040000000000000036,True
5.504181,4,72.027045,0.9658936765918162,0.03200000000000003,True
5.50284,3,72.034938,0.9625145852298722,0.02400000000000002,True
5.808816,5,72.046651,0.9642173177992892,0.040000000000000036,True
5.558157,3,72.054607,0.9613248322768824,0.02400000000000002,True
5.45466,4,72.063917,0.9627500179253022,0.03200000000000003,True
5.743107,4,72.072528,0.9591735121170267,0.03200000000000003,True
5.425349,4,72.081035,0.9567153053105893,0.03200000000000003,True
5.780386,4,72.089876,0.9615151274097695,0.03200000000000003,True
6.025497,4,72.098895,0.9614170514071176,0.03200000000000003,True
5.609556,4,72.108737,0.9617468384523188,0.03200000000000003,True
6.011551,4,72.118062,0.9626455334670354,0.03200000000000003,True
5.690162,4,72.636815,0.9592863301513165,0.03200000000000003,True
5.853884,5,72.647784,0.9620732860902633,0.040000000000000036,True
5.801215,5,72.659462,0.9577460568980048,0.040000000000000036,True
5.472508,5,72.674916,0.9627496045035588,0.040000000000000036,True
5.39706,2,72.68095,0.9610094068276376,0.016000000000000014,True
5.936212,4,72.691597,0.9621457907219033,0.03200000000000003,True
5.497879,3,72.699545,0.9563397150500561,0.02400000000000002,True
5.809335,5,72.71013,0.9626257284640355,0.040000000000000036,True
5.479021,5,72.720753,0.9609355417523276,0.040000000000000036,True
6.034476,5,72.732094,0.9617425428774291,0.040000000000000036,True
5.613981,3,72.739232,0.9585414138661181,0.02400000000000002,True
5.624116,4,72.752607,0.9611155559834921,0.03200000000000003,True
5.784063,4,72.765904,0.9606096274135638,0.03200000000000003,True
5.656343,4,72.779108,0.9679883399603152,0.03200000000000003,True
5.67906,4,72.789503,0.9660509907866701,0.03200000000000003,True
5.845099,4,72.798536,0.9606107948540528,0.03200000000000003,True
5.586281,4,72.807404,0.9649302857018498,0.03200000000000003,True
5.699794,4,72.817459,0.9633874425151681,0.03200000000000003,True
5.487725,3,72.824644,0.9626399419243988,0.02400000000000002,True
5.556766,5,72.836977,0.9642629674954124,0.040000000000000036,True
5.79984,4,72.846287,0.9581973294711654,0.03200000000000003,True
5.409157,3,72.853984,0.9566989788283344,0.02400000000000002,True
5.713121,4,72.862709,0.9610880644788257,0.03200000000000003,True
5.554844,4,72.873338,0.9602670663484673,0.03200000000000003,True
5.979119,5,72.884694,0.9622458833344254,0.040000000000000036,True
5.79073,4,72.893942,0.9590940618209485,0.03200000000000003,True
5.883237,4,72.903378,0.9589150070932374,0.03200000000000003,True
5.578701,4,72.912142,0.9589922592915237,0.03200000000000003,True
5.673915,4,72.920265,0.9606490288724169,0.03200000000000003,True
5.655884,4,72.930006,0.9660335648983016,0.03200000000000003,True
5.787977,4,72.938931,0.9608689594075983,0.03200000000000003,True
5.804327,4,72.947098,0.9634660831850266,0.03200000000000003,True
5.503723,4,72.957373,0.9600851638173504,0.03200000000000003,True
5.706247,5,72.968519,0.9597488026856817,0.040000000000000036,True
5.671982,3,72.9761,0.9604959840350877,0.02400000000000002,True
5.871146,4,72.985039,0.965513506617137,0.03200000000000003,True
5.704507,4,72.994784,0.9605494216895848,0.03200000000000003,True
5.634092,5,73.005827,0.9569249323313163,0.040000000000000036,True
5.833711,4,73.015336,0.9574601524998423,0.03200000000000003,True
5.555374,3,73.021185,0.9619838004273533,0.02400000000000002,True
5.42787,3,73.029038,0.965508235390664,0.02400000000000002,True
5.605673,4,73.038209,0.9609870439789747,0.03200000000000003,True
5.494328,3,73.045905,0.9603142072460654,0.02400000000000002,True
5.697191,3,73.05372,0.9614115198637809,0.02400000000000002,True
5.325692,3,73.060368,0.9600781213845679,0.02400000000000002,True
5.728708,3,73.067426,0.96010790645939,0.02400000000000002,True
5.554976,4,73.147957,0.9631637222812857,0.03200000000000003,True
5.751887,4,73.157826,0.965001437476035,0.03200000000000003,True
5.772334,5,73.171222,0.9598946991072901,0.040000000000000036,True
5.753883,4,73.180745,0.9587367786234524,0.03200000000000003,True
5.582702,4,73.19013,0.9597308460329538,0.03200000000000003,True
5.981874,3,73.197415,0.9584119793737376,0.02400000000000002,True
5.479619,5,73.209139,0.9624724366431638,0.040000000000000036,True
5.527409,3,73.21619,0.964400328551466,0.02400000000000002,True
5.512528,3,73.223694,0.9588023437741566,0.02400000000000002,True
6.024785,4,73.233024,0.9586073602823011,0.03200000000000003,True
5.58451,4,73.241272,0.961196527597856,0.03200000000000003,True
5.769419,4,73.250454,0.9619318971965415,0.03200000000000003,True
5.472404,3,73.257997,0.9593757372240088,0.02400000000000002,True
5.454408,3,73.265277,0.9636583025344905,0.02400000000000002,True
5.792107,4,73.274768,0.9599413040553908,0.03200000000000003,True
5.777238,4,73.283777,0.9669533543760527,0.03200000000000003,True
5.654115,3,73.290705,0.9632782339570964,0.02400000000000002,True
5.519378,5,73.301097,0.9611752692612123,0.040000000000000036,True
5.462014,3,73.308857,0.9636112014373686,0.02400000000000002,True
5.946512,4,73.318197,0.9635469828769598,0.03200000000000003,True
5.817822,5,73.858957,0.9593082231121624,0.040000000000000036,True
5.6476,5,73.86997,0.9623780520558821,0.040000000000000036,True
5.530191,4,73.879397,0.9581289532857725,0.03200000000000003,True
5.395888,2,73.883897,0.960151903083714,0.016000000000000014,True
5.957084,5,73.895434,0.9577182324041758,0.040000000000000036,True
5.602659,4,73.904266,0.9617037352740023,0.03200000000000003,True
5.758994,3,73.911726,0.9614616544688634,0.02400000000000002,True
5.423755,3,73.918529,0.958884349122666,0.02400000000000002,True
5.65495,5,73.929315,0.9599991438404631,0.040000000000000036,True
5.911241,4,73.938579,0.9587882465266798,0.03200000000000003,True
6.013139,4,73.947289,0.9664079058981417,0.03200000000000003,True
5.654877,4,73.955662,0.9593038907190129,0.03200000000000003,True
5.617292,2,73.961333,0.9578395754411682,0.016000000000000014,True
5.85339,4,73.970167,0.9613240616125296,0.03200000000000003,True
5.525738,3,73.976758,0.9616735384153847,0.02400000000000002,True
5.671816,3,73.98392,0.9622208825538792,0.02400000000000002,True
5.893948,4,73.992705,0.9582407342765007,0.03200000000000003,True
5.554466,3,73.999245,0.9633808143356378,0.02400000000000002,True
5.5369,3,74.005727,0.961034432884151,0.02400000000000002,True
5.713251,4,74.014271,0.9624182557343324,0.03200000000000003,True
5.490311,4,74.023782,0.9595748025515927,0.03200000000000003,True
5.645136,3,74.029876,0.9590069815604276,0.02400000000000002,True
5.413023,3,74.03758,0.9619682221730939,0.02400000000000002,True
5.475724,4,74.04692,0.9622020443737525,0.03200000000000003,True
5.621797,4,74.056235,0.9620444280835648,0.03200000000000003,True
5.805759,4,74.064534,0.9655506551354156,0.03200000000000003,True
5.974461,4,74.074773,0.9589137866914639,0.03200000000000003,True
5.609757,4,74.083604,0.9597244636943207,0.03200000000000003,True
5.486053,4,74.093534,0.9600920327363907,0.03200000000000003,True
5.820466,4,74.102181,0.9607826398581654,0.03200000000000003,True
5.594209,5,74.113815,0.9644993610879337,0.040000000000000036,True
5.672049,4,74.123155,0.9677748229428657,0.03200000000000003,True
5.628257,3,74.130408,0.9612475668712717,0.02400000000000002,True
5.832719,4,74.140373,0.9639107215039527,0.03200000000000003,True
5.932117,3,74.147216,0.9602130101006365,0.02400000000000002,True
5.804239,4,74.156315,0.9649104087517073,0.03200000000000003,True
5.710729,5,74.167411,0.9598312486193428,0.040000000000000036,True
5.560393,5,74.179505,0.9593789734946365,0.040000000000000036,True
5.532277,4,74.18814,0.9627482341629277,0.03200000000000003,True
5.718365,3,74.194464,0.9608690593671736,0.02400000000000002,True
5.833184,5,74.205854,0.9625465815190888,0.040000000000000036,True
5.686337,4,74.215577,0.9616152692373595,0.03200000000000003,True
5.839406,5,74.227083,0.9593334900782645,0.040000000000000036,True
5.438307,3,74.23421,0.9601655091225803,0.02400000000000002,True
5.798051,4,74.243676,0.9582608720755806,0.03200000000000003,True
5.741462,4,74.252621,0.9578623961825047,0.03200000000000003,True
6.074877,4,74.262081,0.9607383784492941,0.03200000000000003,True
5.783882,4,74.271503,0.9631621490439644,0.03200000000000003,True
5.495752,3,74.28004,0.9570244100519144,0.02400000000000002,True
5.409396,3,74.287555,0.9634355863245265,0.02400000000000002,True
5.74201,4,74.296204,0.9581411829261763,0.03200000000000003,True
5.808773,4,74.305283,0.9583123816498779,0.03200000000000003,True
5.826617,4,74.314115,0.960662014657363,0.03200000000000003,True
5.649626,5,74.325211,0.9597283424299341,0.040000000000000036,True
5.765803,5,74.342284,0.9565597282666309,0.040000000000000036,True
5.55967,3,74.351219,0.9598303736062528,0.02400000000000002,True
5.64632,5,74.363073,0.9592344053532365,0.040000000000000036,True
5.742297,3,74.371213,0.9638072302730532,0.02400000000000002,True
5.40258,3,74.379445,0.961803664253331,0.02400000000000002,True
5.48384,3,74.386401,0.9622419081262396,0.02400000000000002,True
5.543259,4,74.3955,0.9602373433314283,0.03200000000000003,True
5.532395,3,74.402231,0.9642122969192699,0.02400000000000002,True
5.709749,4,74.411941,0.9610876579621896,0.03200000000000003,True
5.748612,5,74.423266,0.9657717752185753,0.040000000000000036,True
5.629752,2,74.428375,0.9634046329567754,0.016000000000000014,True
5.590988,4,74.438389,0.9605880150966837,0.03200000000000003,True
5.878759,4,74.448778,0.956560318241551,0.03200000000000003,True
5.710774,3,74.996586,0.9582959397127422,0.02400000000000002,True
5.761009,4,75.005807,0.9596695761076237,0.03200000000000003,True
5.656803,4,75.016143,0.9564874219533627,0.03200000000000003,True
5.892444,4,75.025221,0.9567640170975187,0.03200000000000003,True
5.453861,5,75.035826,0.9641916811962017,0.040000000000000036,True
5.874986,5,75.046987,0.9592014491057157,0.040000000000000036,True
5.607293,2,75.051286,0.9604197638424139,0.016000000000000014,True
5.821815,5,75.062763,0.9588115311097747,0.040000000000000036,True
5.536216,3,75.069448,0.9573175980883842,0.02400000000000002,True
5.730784,3,75.076398,0.9656464888282268,0.02400000000000002,True
5.659908,4,75.085859,0.9610178443954023,0.03200000000000003,True
5.522772,4,75.095011,0.9562606104238293,0.03200000000000003,True
5.469212,5,75.10559,0.9614635721097198,0.040000000000000036,True
5.487955,4,75.114801,0.9572200854888876,0.03200000000000003,True
5.718699,4,75.124454,0.9629460159749792,0.03200000000000003,True
5.817877,4,75.133734,0.9637164947368062,0.03200000000000003,True
5.677597,3,75.140549,0.9587471127618903,0.02400000000000002,True
5.809412,4,75.149438,0.961357993628591,0.03200000000000003,True
5.969549,4,75.159299,0.9628006311695814,0.03200000000000003,True
5.403593,4,75.168036,0.9609439204261744,0.03200000000000003,True
5.735855,3,75.175333,0.96288620291626,0.02400000000000002,True
5.610255,4,75.184957,0.95994609884482,0.03200000000000003,True
5.493365,3,75.194724,0.9588267497423175,0.02400000000000002,True
5.930457,4,75.203539,0.9609923734733171,0.03200000000000003,True
5.862765,4,75.212156,0.9584431036810666,0.03200000000000003,True
5.738596,5,75.223105,0.9576898214536513,0.040000000000000036,True
5.799917,5,75.234906,0.9572862170143818,0.040000000000000036,True
5.825541,4,75.244207,0.9576627150390393,0.03200000000000003,True
5.622708,3,75.250996,0.961881114686667,0.02400000000000002,True
6.009908,4,75.259727,0.9609762189782804,0.03200000000000003,True
5.645231,3,75.26724,0.961669063683128,0.02400000000000002,True
5.553196,4,75.277068,0.9599619054044295,0.03200000000000003,True
5.481446,3,75.283619,0.9615710233299064,0.02400000000000002,True
5.682195,3,75.290412,0.9629027463077009,0.02400000000000002,True
5.93168,4,75.299236,0.9621363557244011,0.03200000000000003,True
5.647762,2,75.305712,0.9577420320693784,0.016000000000000014,True
5.414654,3,75.312969,0.9636779926166044,0.02400000000000002,True
5.493826,4,75.321174,0.9620419764960011,0.03200000000000003,True
5.7411,4,75.331813,0.9632776011719584,0.03200000000000003,True
5.349186,2,75.336593,0.9642219930776887,0.016000000000000014,True
5.54026,3,75.343161,0.9615382855134361,0.02400000000000002,True
5.800142,4,75.351946,0.9614829261377043,0.03200000000000003,True
5.541144,3,75.358506,0.9609021199349361,0.02400000000000002,True
5.540144,5,75.369987,0.9595533906813406,0.040000000000000036,True
5.72542,5,75.381755,0.9599654871581916,0.040000000000000036,True
6.005817,4,75.390676,0.9575225580191511,0.03200000000000003,True
5.813539,4,75.39988,0.9613704425940961,0.03200000000000003,True
5.482918,5,75.410133,0.9599595760658977,0.040000000000000036,True
5.554258,4,75.418918,0.9626086185107094,0.03200000000000003,True
5.541526,2,75.42553,0.960287065382051,0.016000000000000014,True
5.549829,5,75.437072,0.9621571350601162,0.040000000000000036,True
5.797414,5,75.449434,0.9621931449432718,0.040000000000000036,True
5.544141,4,75.458269,0.9590298102410189,0.03200000000000003,True
5.658131,4,75.468035,0.9611574101796565,0.03200000000000003,True
5.39618,2,75.471797,0.9589844003271729,0.016000000000000014,True
5.561755,4,75.481761,0.9643999649446579,0.03200000000000003,True
5.590275,4,75.490907,0.9613610198541553,0.03200000000000003,True
5.631687,4,75.500643,0.9572699525036446,0.03200000000000003,True
5.606081,3,75.507996,0.9630070958741812,0.02400000000000002,True
5.729379,3,75.514791,0.9646866336962812,0.02400000000000002,True
5.41974,3,75.521539,0.9567464453124321,0.02400000000000002,True
5.378748,3,75.529358,0.9608201004842265,0.02400000000000002,True
5.833758,5,75.539999,0.9622801440212378,0.040000000000000036,True
5.738774,3,75.549053,0.9649691331010256,0.02400000000000002,True
5.890614,4,75.558451,0.9573353153182542,0.03200000000000003,True
5.654602,5,75.569122,0.9622476668177995,0.040000000000000036,True
5.637286,4,75.578148,0.9603726392610468,0.03200000000000003,True
5.623743,3,75.585602,0.9599072663539938,0.02400000000000002,True
5.540609,5,76.11181,0.9657493652648559,0.040000000000000036,True
5.709729,3,76.120457,0.9603432387185948,0.02400000000000002,True
5.876653,3,76.129038,0.9595685513908048,0.02400000000000002,True
5.842908,4,76.138899,0.9654715121150343,0.03200000000000003,True
5.802519,4,76.148489,0.9637544957413613,0.03200000000000003,True
5.757234,5,76.159789,0.96254184431234,0.040000000000000036,True
5.830832,4,76.168771,0.9596406126112064,0.03200000000000003,True
5.532494,3,76.176319,0.961308926361214,0.02400000000000002,True
5.756882,4,76.186673,0.9658626663390506,0.03200000000000003,True
5.792594,3,76.195903,0.9557968295560495,0.02400000000000002,True
5.740736,5,76.20651,0.9618959283778828,0.040000000000000036,True
5.86623,5,76.218208,0.9613609232126988,0.040000000000000036,True
5.621183,4,76.227515,0.9565364149067652,0.03200000000000003,True
5.965692,4,76.237036,0.9601303941315256,0.03200000000000003,True
5.811135,4,76.246078,0.9596903099250977,0.03200000000000003,True
5.644114,3,76.25398,0.9601982082181966,0.02400000000000002,True
5.560723,4,76.263013,0.962237265411268,0.03200000000000003,True
5.527821,4,76.272322,0.9604846558006874,0.03200000000000003,True
5.86638,4,76.280871,0.9629397601457074,0.03200000000000003,True
5.670948,4,76.289582,0.9589549886324367,0.03200000000000003,True
6.003751,4,76.299387,0.9589272467736714,0.03200000000000003,True
5.791253,4,76.30871,0.9595538976442374,0.03200000000000003,True
5.94111,4,76.317603,0.9615494802799162,0.03200000000000003,True
5.529817,3,76.32432,0.9602352473112871,0.02400000000000002,True
5.507454,3,76.331494,0.9600616439527583,0.02400000000000002,True
5.877193,5,76.344213,0.9602465995208949,0.040000000000000036,True
5.78595,4,76.353838,0.9639608487232314,0.03200000000000003,True
5.853893,4,76.362249,0.9641818740032082,0.03200000000000003,True
5.716467,5,76.374935,0.9613576013699738,0.040000000000000036,True
5.879667,4,76.384057,0.9598127725203183,0.03200000000000003,True
5.871474,5,76.39422,0.9592445806639076,0.040000000000000036,True
5.950272,4,76.403515,0.9601644197552782,0.03200000000000003,True
5.803837,5,76.413947,0.958939482891127,0.040000000000000036,True
5.45297,3,76.420203,0.9576859970966942,0.02400000000000002,True
5.763805,4,76.429815,0.9604105191517359,0.03200000000000003,True
5.611415,4,76.438889,0.9588460136311044,0.03200000000000003,True
5.976803,5,76.449612,0.96001714626984,0.040000000000000036,True
5.763873,4,76.45906,0.9607221695784063,0.03200000000000003,True
5.7855,5,76.470305,0.958584715595884,0.040000000000000036,True
5.508338,4,76.479468,0.9591362393304566,0.03200000000000003,True
5.692794,3,76.487656,0.9603300862304773,0.02400000000000002,True
5.587322,5,76.498762,0.9628938863663754,0.040000000000000036,True
5.714902,4,76.507725,0.9653860768278202,0.03200000000000003,True
5.646445,5,76.519314,0.9627983972140695,0.040000000000000036,True
5.577806,4,76.528313,0.9632962134749445,0.03200000000000003,True
5.630724,5,76.539855,0.9587025994353862,0.040000000000000036,True
5.448227,5,76.552918,0.9576732643125532,0.040000000000000036,True
5.862479,5,76.564925,0.9608047208404564,0.040000000000000036,True
5.455302,3,76.571602,0.961368935191781,0.02400000000000002,True
5.606569,4,76.580864,0.9596670404382059,0.03200000000000003,True
5.784904,4,76.590606,0.9613860312832408,0.03200000000000003,True
5.546836,5,76.602508,0.961394515290305,0.040000000000000036,True
5.656846,4,76.611838,0.968469231645001,0.03200000000000003,True
5.812677,5,76.622704,0.9596695734584199,0.040000000000000036,True
5.733555,3,76.630713,0.9602379274420971,0.02400000000000002,True
5.592434,4,76.639514,0.9637057934832751,0.03200000000000003,True
6.035716,4,76.649283,0.9606861094785871,0.03200000000000003,True
6.077006,4,76.658449,0.9586770996251573,0.03200000000000003,True
5.585289,4,76.670547,0.9616651642003531,0.03200000000000003,True
5.739343,4,76.681108,0.9603419299082421,0.03200000000000003,True
5.715581,4,76.690861,0.9583574674777745,0.03200000000000003,True
5.530497,3,76.697256,0.962185636787041,0.02400000000000002,True
5.884186,4,77.229726,0.9616738731579619,0.03200000000000003,True
6.041397,4,77.239376,0.9614581253936824,0.03200000000000003,True
5.354957,3,77.246831,0.9618377664639144,0.02400000000000002,True
5.736554,3,77.254684,0.9591384306388065,0.02400000000000002,True
5.971439,4,77.263402,0.9595320068484151,0.03200000000000003,True
5.720441,4,77.273424,0.9656871941166423,0.03200000000000003,True
5.616866,4,77.282254,0.9678895502706677,0.03200000000000003,True
5.845587,3,77.289827,0.9590875390145917,0.02400000000000002,True
5.465677,5,77.300724,0.9617764495971898,0.040000000000000036,True
5.363576,3,77.308426,0.9607399335580505,0.02400000000000002,True
5.658076,4,77.317288,0.9653683348603312,0.03200000000000003,True
5.862871,4,77.326093,0.9621040361301286,0.03200000000000003,True
5.612753,3,77.331941,0.9614335918203532,0.02400000000000002,True
5.418077,4,77.342021,0.9586395441423092,0.03200000000000003,True
5.53852,3,77.349145,0.9590137121943664,0.02400000000000002,True
5.591144,4,77.358556,0.9588482985308261,0.03200000000000003,True
5.433728,5,77.370366,0.9631364762912088,0.040000000000000036,True
5.756427,3,77.376827,0.9634588133224531,0.02400000000000002,True
5.798964,4,77.385904,0.9611657832111757,0.03200000000000003,True
5.949574,4,77.394911,0.9570707436809625,0.03200000000000003,True
5.691872,3,77.40207,0.958983581395608,0.02400000000000002,True
5.495423,4,77.410979,0.9614508970301874,0.03200000000000003,True
5.792165,4,77.419705,0.9591482787593486,0.03200000000000003,True
5.785704,4,77.428906,0.9633023524082864,0.03200000000000003,True
5.576234,3,77.437037,0.9613402485503575,0.02400000000000002,True
5.479652,3,77.446501,0.9627273850182938,0.02400000000000002,True
5.809545,5,77.460796,0.9596886683123236,0.040000000000000036,True
5.566013,3,77.468479,0.9656565828844369,0.02400000000000002,True
5.502125,3,77.47523,0.9633219217745226,0.02400000000000002,True
5.508538,3,77.481997,0.9617249728332211,0.02400000000000002,True
5.465421,3,77.489264,0.9587789041887541,0.02400000000000002,True
5.787196,5,77.499348,0.9613920565904015,0.040000000000000036,True
5.951631,3,77.506996,0.9642980957964864,0.02400000000000002,True
5.398411,3,77.514326,0.9562901624720089,0.02400000000000002,True
5.794371,3,77.519524,0.959117446019317,0.02400000000000002,True
5.675881,5,77.531954,0.9609325246152456,0.040000000000000036,True
5.77708,4,77.541168,0.9579758548985584,0.03200000000000003,True
5.596693,5,77.552029,0.9593740769563551,0.040000000000000036,True
5.886296,4,77.563553,0.95914821930616,0.03200000000000003,True
5.481363,4,77.572928,0.9596011978804997,0.03200000000000003,True
5.649967,3,77.580529,0.9600077943172765,0.02400000000000002,True
5.955621,3,77.58682,0.9618863018265431,0.02400000000000002,True
5.604536,3,77.593907,0.9600580369812416,0.02400000000000002,True
5.875402,4,77.604462,0.9638984815863045,0.03200000000000003,True
5.879472,5,77.616041,0.9602596146496083,0.040000000000000036,True
5.724364,3,77.62334,0.9614730165982561,0.02400000000000002,True
5.772173,4,77.632135,0.958874904354283,0.03200000000000003,True
5.484702,4,77.640395,0.9603893230963931,0.03200000000000003,True
5.446401,3,77.647299,0.958664463377512,0.02400000000000002,True
5.600495,3,77.654804,0.9594618823250477,0.02400000000000002,True
5.465453,3,77.662315,0.9562582624386367,0.02400000000000002,True
5.528557,4,77.671977,0.9593966813751109,0.03200000000000003,True
5.470373,5,77.68312,0.9614006593372866,0.040000000000000036,True
5.551777,3,77.690377,0.9673339877639506,0.02400000000000002,True
5.999093,4,77.699252,0.9598506565940667,0.03200000000000003,True
5.70241,5,77.709473,0.9603623700517179,0.040000000000000036,True
5.55135,4,77.718123,0.9586774841847672,0.03200000000000003,True
5.568973,3,77.724874,0.9596394602716336,0.02400000000000002,True
5.721444,5,77.735905,0.9617920727327439,0.040000000000000036,True
5.819045,5,77.746776,0.9665567773859687,0.040000000000000036,True
5.744271,4,77.755208,0.9620666134520829,0.03200000000000003,True
5.747707,3,77.762327,0.9610273796885883,0.02400000000000002,True
5.834121,4,77.772015,0.9618768649873948,0.03200000000000003,True
5.588121,4,77.780566,0.9646953787297986,0.03200000000000003,True
5.476079,3,77.787784,0.9563680672161066,0.02400000000000002,True
5.635208,4,77.796685,0.9599745747956496,0.03200000000000003,True
5.419413,3,77.80424,0.9640362991645258,0.02400000000000002,True
5.730396,4,77.812349,0.9620937676953292,0.03200000000000003,True
5.65004,2,77.817448,0.9592229587236123,0.016000000000000014,True
5.620401,4,78.346109,0.9616928826573634,0.03200000000000003,True
5.597181,4,78.356009,0.9634118488115294,0.03200000000000003,True
5.673255,4,78.365277,0.9634034204023274,0.03200000000000003,True
5.54923,4,78.373987,0.9588400404614293,0.03200000000000003,True
5.568538,4,78.383196,0.9657222711434184,0.03200000000000003,True
5.583376,3,78.390823,0.9596327000654326,0.02400000000000002,True
5.766249,4,78.399738,0.9640345955368642,0.03200000000000003,True
5.375228,2,78.404218,0.9632352908027006,0.016000000000000014,True
5.769703,4,78.412903,0.9604050000006263,0.03200000000000003,True
5.645076,3,78.419448,0.9595814906452259,0.02400000000000002,True
5.599975,5,78.430882,0.9616260208058872,0.040000000000000036,True
5.535296,3,78.43913,0.960357725335359,0.02400000000000002,True
5.738509,4,78.451298,0.961853861120869,0.03200000000000003,True
5.480784,4,78.460683,0.9609272296411728,0.03200000000000003,True
5.619537,4,78.470334,0.9675103220826063,0.03200000000000003,True
5.72428,3,78.477234,0.9648663278326779,0.02400000000000002,True
5.779908,4,78.485996,0.9589681578476426,0.03200000000000003,True
5.452002,3,78.492469,0.9647930067017,0.02400000000000002,True
5.704653,3,78.500281,0.9619205776244474,0.02400000000000002,True
5.894138,5,78.510827,0.9587639588338954,0.040000000000000036,True
5.721432,4,78.519361,0.9611851950480496,0.03200000000000003,True
5.524539,5,78.531085,0.9618227834049704,0.040000000000000036,True
5.808308,4,78.539802,0.9613474459338401,0.03200000000000003,True
5.492253,3,78.547024,0.9590279341770762,0.02400000000000002,True
5.472546,4,78.556336,0.9619468698982956,0.03200000000000003,True
5.673179,4,78.56704,0.9578108370936469,0.03200000000000003,True
5.997088,4,78.57638,0.9584826216027399,0.03200000000000003,True
5.540463,4,78.585164,0.9591353421365714,0.03200000000000003,True
5.600964,5,78.596917,0.9620289430113108,0.040000000000000036,True
5.499282,2,78.601328,0.957286013796981,0.016000000000000014,True
5.44098,4,78.61175,0.9598828444647993,0.03200000000000003,True
5.800906,4,78.620658,0.9614564215535759,0.03200000000000003,True
5.537963,4,78.630326,0.958179072051431,0.03200000000000003,True
5.62307,2,78.635022,0.9618916191918825,0.016000000000000014,True
5.547258,5,78.646753,0.9588035220953255,0.040000000000000036,True
5.51155,4,78.65579,0.9641498800527406,0.03200000000000003,True
5.901982,3,78.663185,0.9618318742440659,0.02400000000000002,True
5.597046,5,78.673712,0.9612974331618374,0.040000000000000036,True
5.611738,4,78.682375,0.9587278790799909,0.03200000000000003,True
5.497836,3,78.68966,0.968194717989724,0.02400000000000002,True
5.523626,3,78.696959,0.9589613652240077,0.02400000000000002,True
5.811508,4,78.780638,0.9615958066067102,0.03200000000000003,True
5.550165,4,78.79035,0.9585434556277874,0.03200000000000003,True
5.893903,3,78.796422,0.957191760137617,0.02400000000000002,True
5.821387,4,78.806553,0.9593965419174265,0.03200000000000003,True
5.942453,5,78.818095,0.9596678877099888,0.040000000000000036,True
5.75976,3,78.82558,0.9558516684106955,0.02400000000000002,True
5.762713,5,78.8382,0.9614493767180217,0.040000000000000036,True
5.735738,4,78.847191,0.9619579641697321,0.03200000000000003,True
5.615732,5,78.859565,0.9596043786760656,0.040000000000000036,True
5.713027,4,78.868865,0.9631795680735096,0.03200000000000003,True
5.685951,4,78.877924,0.9621299109094852,0.03200000000000003,True
5.627143,3,78.88393,0.9632337610570629,0.02400000000000002,True
5.925888,4,78.893456,0.9584134331060348,0.03200000000000003,True
5.801905,3,78.900474,0.9626530701652536,0.02400000000000002,True
5.665772,4,78.909608,0.9661675498051856,0.03200000000000003,True
5.857693,5,78.923611,0.9611176606749574,0.040000000000000036,True
5.725486,4,78.93761,0.957657791338313,0.03200000000000003,True
5.749882,3,78.948678,0.9604912695257071,0.02400000000000002,True
5.622503,3,78.958926,0.9605353882124519,0.02400000000000002,True
5.596281,5,78.975504,0.9619566133245501,0.040000000000000036,True
5.624821,4,78.989531,0.9637332715355327,0.03200000000000003,True
5.648085,3,78.999523,0.9636474283016377,0.02400000000000002,True
5.448064,4,79.017703,0.9577673429998766,0.03200000000000003,True
5.963047,3,79.029086,0.9596290502837346,0.02400000000000002,True
5.784183,5,79.049377,0.9607815994821013,0.040000000000000036,True
5.739332,3,79.060893,0.9643247912958014,0.02400000000000002,True
5.410207,3,79.078356,0.9621817842425068,0.02400000000000002,True
5.755181,4,79.803118,0.9640020577581985,0.03200000000000003,True
5.850753,4,79.815326,0.9645996954384105,0.03200000000000003,True
5.642151,4,79.82743,0.961255236868546,0.03200000000000003,True
5.82476,3,79.837419,0.9625305200518411,0.02400000000000002,True
5.465917,5,79.853559,0.965312737231535,0.040000000000000036,True
5.616703,5,79.867261,0.9603729048758624,0.040000000000000036,True
5.680992,3,79.876761,0.9628999664021193,0.02400000000000002,True
5.589882,3,79.885995,0.9604944458869363,0.02400000000000002,True
5.530229,3,79.895258,0.96118463714642,0.02400000000000002,True
6.002717,4,79.906977,0.9621980683710979,0.03200000000000003,True
5.502946,3,79.914832,0.9597274195576154,0.02400000000000002,True
5.617393,4,79.927146,0.9613471361054338,0.03200000000000003,True
5.80818,4,79.938312,0.9637951895497099,0.03200000000000003,True
5.953814,3,79.947517,0.95936702463988,0.02400000000000002,True
5.912257,4,79.959502,0.9601672042676299,0.03200000000000003,True
5.56895,4,79.971445,0.9621647633307552,0.03200000000000003,True
5.580578,3,79.980812,0.9630052268254427,0.02400000000000002,True
5.98675,4,79.991733,0.9607674252652653,0.03200000000000003,True
5.412821,2,79.999093,0.9607194114370853,0.016000000000000014,True
5.79953,4,80.0107,0.9575334899566659,0.03200000000000003,True
5.654974,3,80.019226,0.9606148298032333,0.02400000000000002,True
5.845192,4,80.03055,0.9616194169292619,0.03200000000000003,True
5.885631,4,80.042139,0.9593247763301774,0.03200000000000003,True
5.666416,5,80.05594,0.9579360523052116,0.040000000000000036,True
5.682873,4,80.067104,0.9615948401760724,0.03200000000000003,True
5.348494,3,80.076235,0.9605818752310546,0.02400000000000002,True
5.543747,4,80.087182,0.9612085719514551,0.03200000000000003,True
5.582632,4,80.09999,0.9594065792679187,0.03200000000000003,True
5.501435,3,80.112698,0.9615825312848826,0.02400000000000002,True
5.483966,4,80.125818,0.9612013313552314,0.03200000000000003,True
5.536691,4,80.141248,0.9622193486172916,0.03200000000000003,True
5.790621,4,80.160939,0.9617211126120107,0.03200000000000003,True
5.567698,4,80.174426,0.9621360664900781,0.03200000000000003,True
5.614942,4,80.186357,0.9675768013166205,0.03200000000000003,True
5.773677,5,80.201885,0.961166689037327,0.040000000000000036,True
5.774917,4,80.214011,0.9612119941388132,0.03200000000000003,True
5.485763,3,80.223284,0.9649869909230078,0.02400000000000002,True
5.476224,4,80.234643,0.9603700224107725,0.03200000000000003,True
6.047163,4,80.246709,0.9590314611545152,0.03200000000000003,True
5.575349,3,80.258597,0.9609608716278902,0.02400000000000002,True
5.825328,4,80.272928,0.9583826677682207,0.03200000000000003,True
5.669647,3,80.282343,0.960686552786228,0.02400000000000002,True
5.412588,4,80.29581,0.9618439659018416,0.03200000000000003,True
5.944284,3,80.308035,0.959543781736285,0.02400000000000002,True
5.729356,3,80.317421,0.9619232394827861,0.02400000000000002,True
5.814329,5,80.33087,0.9624458027704438,0.040000000000000036,True
5.543293,4,80.344007,0.9606530240353082,0.03200000000000003,True
5.483317,4,80.356653,0.9616305642349922,0.03200000000000003,True
5.43959,3,80.366586,0.9580922194347081,0.02400000000000002,True
5.293673,3,80.37831,0.960707168445469,0.02400000000000002,True
5.70013,4,80.391798,0.9612319267855207,0.03200000000000003,True
5.406144,3,80.40014,0.9650658834221146,0.02400000000000002,True
6.006726,4,80.413992,0.962789587884634,0.03200000000000003,True
5.956924,4,80.428412,0.9622978373909702,0.03200000000000003,True
5.935274,4,80.442572,0.9577524127439367,0.03200000000000003,True
5.674642,2,80.450223,0.9657122714848894,0.016000000000000014,True
5.462111,3,80.460337,0.9609320512365264,0.02400000000000002,True
5.818272,4,80.471264,0.9621747501711877,0.03200000000000003,True
5.842219,5,80.488185,0.9585093849395182,0.040000000000000036,True
5.555188,4,80.501312,0.9672801042015716,0.03200000000000003,True
5.526011,5,80.516573,0.9600751951631942,0.040000000000000036,True
5.635367,3,80.525971,0.9636105168206768,0.02400000000000002,True
5.643752,4,80.538906,0.9601312048719506,0.03200000000000003,True
5.528708,4,80.551846,0.9598783704550096,0.03200000000000003,True
5.776415,4,80.565937,0.9592987078703088,0.03200000000000003,True
5.596296,4,80.58022,0.9615659202874941,0.03200000000000003,True
5.782001,3,80.591775,0.9626032011811323,0.02400000000000002,True
5.836659,5,80.6083,0.9637264470535281,0.040000000000000036,True
5.780212,4,81.334198,0.966139267043471,0.03200000000000003,True
5.493429,4,81.345861,0.9619316809536249,0.03200000000000003,True
5.650048,3,81.355283,0.959061755503875,0.02400000000000002,True
5.537305,4,81.36651,0.9621786674050489,0.03200000000000003,True
5.618491,4,81.379554,0.9562670547203083,0.03200000000000003,True
5.656809,5,81.398099,0.9595501852871829,0.040000000000000036,True
5.614577,5,81.412438,0.9632120653155103,0.040000000000000036,True
5.506313,4,81.424237,0.9624452372099692,0.03200000000000003,True
5.666449,4,81.435962,0.9598674391158714,0.03200000000000003,True
5.753686,5,81.450346,0.9613224707410165,0.040000000000000036,True
5.580156,3,81.459009,0.9614421578431498,0.02400000000000002,True
5.615321,5,81.473753,0.9620227052087016,0.040000000000000036,True
5.790656,4,81.489163,0.9673697047559651,0.03200000000000003,True
5.54771,4,81.502333,0.960637057216229,0.03200000000000003,True
5.574897,3,81.513208,0.9603499251610642,0.02400000000000002,True
5.695175,4,81.527217,0.9642121093409436,0.03200000000000003,True
5.788339,5,81.543998,0.9622140518872536,0.040000000000000036,True
5.57891,4,81.557257,0.9611838111268889,0.03200000000000003,True
5.62807,3,81.568268,0.9595226145464879,0.02400000000000002,True
5.714571,3,81.579323,0.9594803909403826,0.02400000000000002,True
5.790514,4,81.594962,0.9588338967838913,0.03200000000000003,True
5.617394,3,81.605193,0.9568251587030245,0.02400000000000002,True
5.685434,4,81.618031,0.9639398943577615,0.03200000000000003,True
5.634444,4,81.631444,0.9587141563043337,0.03200000000000003,True
5.833615,5,81.646384,0.9582314047942122,0.040000000000000036,True
5.431387,3,81.655206,0.9602949723693804,0.02400000000000002,True
5.486097,4,81.668216,0.9576141026300409,0.03200000000000003,True
5.491949,4,81.682703,0.9639955856020925,0.03200000000000003,True
5.569034,4,81.695834,0.9582456141062703,0.03200000000000003,True
5.745812,5,81.70904,0.9578659955846831,0.040000000000000036,True
5.771348,4,81.721396,0.9607861302969526,0.03200000000000003,True
5.786798,3,81.730887,0.9607734243460655,0.02400000000000002,True
5.940761,3,81.73896,0.9589955203483954,0.02400000000000002,True
5.377134,4,81.751216,0.9576975434947502,0.03200000000000003,True
5.734457,3,81.759962,0.9586747301864522,0.02400000000000002,True
5.443954,3,81.769662,0.9622236025292474,0.02400000000000002,True
5.601596,4,81.780867,0.9638566310426662,0.03200000000000003,True
5.791385,4,81.79264,0.9601355740793251,0.03200000000000003,True
5.52686,5,81.806208,0.9607109188412595,0.040000000000000036,True
5.717474,3,81.815797,0.9594098181821885,0.02400000000000002,True
5.450941,4,81.827008,0.9581766766318285,0.03200000000000003,True
5.53417,4,81.839284,0.960911977353391,0.03200000000000003,True
5.863164,4,81.851631,0.9634070645789954,0.03200000000000003,True
5.620714,4,81.863821,0.9594485238411656,0.03200000000000003,True
5.581826,4,81.876492,0.9643472601678953,0.03200000000000003,True
5.562604,4,81.887952,0.9567866376026648,0.03200000000000003,True
5.773974,4,81.900137,0.9603098893934552,0.03200000000000003,True
5.852548,4,81.912924,0.9619909678806366,0.03200000000000003,True
5.643093,4,81.925297,0.9625768280577142,0.03200000000000003,True
5.778245,4,81.937012,0.9634814275104215,0.03200000000000003,True
5.69645,4,81.948995,0.9580437364600851,0.03200000000000003,True
5.812717,4,81.962084,0.9631470363509959,0.03200000000000003,True
5.75536,4,81.975425,0.9666481332888802,0.03200000000000003,True
6.095318,4,81.98774,0.9596429672711003,0.03200000000000003,True
5.830099,4,81.999862,0.9633773584834192,0.03200000000000003,True
5.552916,3,82.009147,0.9628065525964196,0.02400000000000002,True
5.697158,4,82.020582,0.9648591904069186,0.03200000000000003,True
5.343298,3,82.030233,0.9632273397706267,0.02400000000000002,True
5.457911,4,82.042041,0.9586838837738945,0.03200000000000003,True
5.809491,4,82.054703,0.9615069306910518,0.03200000000000003,True
5.563655,5,82.06935,0.9628099809117414,0.040000000000000036,True
5.646086,3,82.078739,0.957544127704782,0.02400000000000002,True
5.731585,4,82.090753,0.9632100227162497,0.03200000000000003,True
5.669982,4,82.102072,0.9574867888253579,0.03200000000000003,True
5.689468,4,82.114059,0.9595582484941895,0.03200000000000003,True
5.786959,5,82.871762,0.9580505911389136,0.040000000000000036,True
5.63705,4,82.886349,0.9612173940331754,0.03200000000000003,True
5.552728,4,82.899827,0.9579016572716781,0.03200000000000003,True
5.797479,5,82.916016,0.9633835835620504,0.040000000000000036,True
5.634887,4,82.929065,0.9635614876110544,0.03200000000000003,True
5.880865,4,82.942158,0.9669658628538331,0.03200000000000003,True
5.794318,5,82.958178,0.9598608241520021,0.040000000000000036,True
5.755417,4,82.971796,0.9610226214481601,0.03200000000000003,True
5.556804,3,82.98239,0.9632862554392667,0.02400000000000002,True
5.38744,3,82.992727,0.9626149932388842,0.02400000000000002,True
5.715709,3,83.000374,0.9629001736055776,0.02400000000000002,True
5.676141,2,83.008225,0.9565745417963076,0.016000000000000014,True
5.649379,4,83.020951,0.9611250381089551,0.03200000000000003,True
5.594726,5,83.036329,0.9647400818126268,0.040000000000000036,True
5.297483,3,83.04658,0.9589518266959679,0.02400000000000002,True
5.47373,4,83.059072,0.9635350142159541,0.03200000000000003,True
5.53122,5,83.074692,0.9637211305312491,0.040000000000000036,True
5.955597,3,83.084889,0.9666973902872683,0.02400000000000002,True
5.507232,3,83.093145,0.958400244593915,0.02400000000000002,True
5.797776,3,83.103215,0.9590281826155601,0.02400000000000002,True
5.713019,3,83.113742,0.9601459446025864,0.02400000000000002,True
5.476687,4,83.126877,0.9595551579849781,0.03200000000000003,True
5.642401,4,83.139162,0.9595306096685401,0.03200000000000003,True
5.575047,3,83.149571,0.960124135273664,0.02400000000000002,True
5.828127,4,83.161944,0.9590934568667493,0.03200000000000003,True
5.829188,5,83.177551,0.9584352773441661,0.040000000000000036,True
5.595327,3,83.188473,0.9576213971560463,0.02400000000000002,True
5.854785,5,83.205144,0.9634369246796112,0.040000000000000036,True
5.813604,5,83.224703,0.9594420767015495,0.040000000000000036,True
5.513283,4,83.236809,0.9568718681137347,0.03200000000000003,True
5.771683,3,83.242879,0.9596823006653122,0.02400000000000002,True
5.69007,3,83.250825,0.9629530714065815,0.02400000000000002,True
5.444825,3,83.258775,0.9624280773855672,0.02400000000000002,True
5.63267,4,83.268179,0.9638709730247503,0.03200000000000003,True
5.717875,3,83.276564,0.9586029789188966,0.02400000000000002,True
5.624255,4,83.286955,0.9608974788995738,0.03200000000000003,True
5.694769,4,83.296504,0.9668739284553185,0.03200000000000003,True
5.357107,3,83.30289,0.9614782235816561,0.02400000000000002,True
5.623659,4,83.312508,0.9566831959284168,0.03200000000000003,True
5.684721,4,83.321966,0.9618485546793415,0.03200000000000003,True
5.492346,4,83.331886,0.9596729635243619,0.03200000000000003,True
5.449225,2,83.338121,0.9599242420601288,0.016000000000000014,True
5.578149,4,83.34758,0.9631653235460834,0.03200000000000003,True
5.433689,5,83.359171,0.9633843977921357,0.040000000000000036,True
5.637807,3,83.367006,0.965981362460049,0.02400000000000002,True
5.687456,3,83.373286,0.9639929755434674,0.02400000000000002,True
6.044823,3,83.380856,0.9650957873291166,0.02400000000000002,True
5.8698,5,83.392683,0.9626088187026682,0.040000000000000036,True
5.761253,4,83.401492,0.965376383464342,0.03200000000000003,True
5.782198,4,83.411033,0.9640222771603839,0.03200000000000003,True
5.382271,2,83.415561,0.9596759110824467,0.016000000000000014,True
5.765123,4,83.424414,0.964615050052494,0.03200000000000003,True
5.840738,4,83.43805,0.9620490087920945,0.03200000000000003,True
5.560941,3,83.44894,0.9615135245788061,0.02400000000000002,True
6.044572,4,83.46355,0.9598061976002874,0.03200000000000003,True
5.447376,4,83.473324,0.9612900262538633,0.03200000000000003,True
5.694523,4,83.482954,0.9602090507245775,0.03200000000000003,True
5.582739,4,83.49249,0.9635930674626176,0.03200000000000003,True
5.445266,3,83.499551,0.9656584626996392,0.02400000000000002,True
5.595979,4,83.509316,0.9604917888489002,0.03200000000000003,True
5.816109,4,83.518344,0.9598207854015217,0.03200000000000003,True
5.471429,4,83.527795,0.9638257101070951,0.03200000000000003,True
5.795933,4,83.538044,0.9612318594220637,0.03200000000000003,True
5.842237,4,83.548307,0.9619430984531171,0.03200000000000003,True
5.806411,4,83.557315,0.9635526194348847,0.03200000000000003,True
5.71334,3,83.564122,0.9633046633862501,0.02400000000000002,True
5.461579,3,83.571448,0.968114187371375,0.02400000000000002,True
5.830438,3,83.579999,0.9609508000863822,0.02400000000000002,True
5.579805,5,83.590894,0.9591797650431076,0.040000000000000036,True
5.510619,3,84.165865,0.9627377341098944,0.02400000000000002,True
5.546837,4,84.182057,0.958385708237567,0.03200000000000003,True
5.632495,5,84.192895,0.9621112164238224,0.040000000000000036,True
5.773316,3,84.201239,0.9607230767562294,0.02400000000000002,True
5.341385,4,84.210352,0.9585452069370656,0.03200000000000003,True
5.705983,3,84.217917,0.9569082849661623,0.02400000000000002,True
6.059539,4,84.225718,0.9619006288814452,0.03200000000000003,True
5.845694,4,84.236664,0.956842704075411,0.03200000000000003,True
5.786776,4,84.24592,0.9634727537500913,0.03200000000000003,True
5.853943,3,84.252832,0.9613519705499978,0.02400000000000002,True
5.933561,3,84.25994,0.9633535769909556,0.02400000000000002,True
5.864689,5,84.272084,0.9665674338284098,0.040000000000000036,True
5.547201,4,84.281201,0.9608095655008493,0.03200000000000003,True
5.927698,4,84.294931,0.9577256194678704,0.03200000000000003,True
5.705562,4,84.310329,0.9576302097306939,0.03200000000000003,True
5.721025,4,84.319324,0.9638893212636357,0.03200000000000003,True
5.782386,4,84.329528,0.9624483141438698,0.03200000000000003,True
5.784559,4,84.33899,0.9572758133075335,0.03200000000000003,True
5.856289,4,84.348477,0.9595370684665051,0.03200000000000003,True
5.632995,4,84.356921,0.9666645907647244,0.03200000000000003,True
5.87082,4,84.366039,0.9596416572475315,0.03200000000000003,True
5.392522,3,84.373338,0.960888957640968,0.02400000000000002,True
5.519204,4,84.382317,0.9617681598204156,0.03200000000000003,True
5.526611,3,84.389686,0.9603920529825474,0.02400000000000002,True
5.587821,5,84.400657,0.9619992980966756,0.040000000000000036,True
5.52235,5,84.412105,0.95970067547566,0.040000000000000036,True
5.835826,4,84.420927,0.9666886669149761,0.03200000000000003,True
5.655027,4,84.430406,0.963009798519842,0.03200000000000003,True
5.78212,5,84.445394,0.9616058974042294,0.040000000000000036,True
5.849428,4,84.457501,0.9625402656835185,0.03200000000000003,True
5.531493,3,84.463498,0.9628078466190475,0.02400000000000002,True
5.775065,4,84.476186,0.960600838766259,0.03200000000000003,True
5.52499,3,84.486851,0.9629782492828081,0.02400000000000002,True
5.706209,4,84.499962,0.9621064464374807,0.03200000000000003,True
5.833733,5,84.510979,0.960422000427364,0.040000000000000036,True
5.854534,5,84.521286,0.9613254110413552,0.040000000000000036,True
5.863804,5,84.532038,0.9673507836008546,0.040000000000000036,True
5.824587,5,84.544361,0.9632600881426051,0.040000000000000036,True
5.465632,3,84.550298,0.9610643920264703,0.02400000000000002,True
5.622899,4,84.559932,0.9601522392747337,0.03200000000000003,True
5.792727,5,84.570509,0.9620452641192022,0.040000000000000036,True
5.991125,4,84.58007,0.9657282149206302,0.03200000000000003,True
5.827319,4,84.589248,0.9631326558243736,0.03200000000000003,True
5.890222,4,84.598592,0.959391127235917,0.03200000000000003,True
5.757035,4,84.607641,0.9644626343769316,0.03200000000000003,True
5.706618,3,84.615227,0.9598641549131256,0.02400000000000002,True
5.742056,5,84.629073,0.9605280782891088,0.040000000000000036,True
5.505138,4,84.638167,0.959520313547229,0.03200000000000003,True
5.412774,3,84.645833,0.9604627613177269,0.02400000000000002,True
6.040239,5,84.65661,0.9607521959731358,0.040000000000000036,True
5.764507,5,84.667974,0.9602105251722532,0.040000000000000036,True
5.678397,3,84.674811,0.960942799332598,0.02400000000000002,True
5.833111,4,84.683532,0.9618377705873014,0.03200000000000003,True
5.639986,3,84.689569,0.9612123289955249,0.02400000000000002,True
5.685823,3,84.697231,0.9634643168924986,0.02400000000000002,True
5.858349,4,84.70619,0.96183326146357,0.03200000000000003,True
5.737532,3,84.71323,0.9613132011082737,0.02400000000000002,True
5.604266,4,84.722049,0.9633792149730486,0.03200000000000003,True
5.693745,4,84.731005,0.9572372078191431,0.03200000000000003,True
5.669968,3,84.738394,0.9591914537744322,0.02400000000000002,True
5.799131,4,84.746236,0.9632128211757631,0.03200000000000003,True
5.551242,3,84.752686,0.96330765174017,0.02400000000000002,True
5.893917,4,84.761365,0.9624077905250968,0.03200000000000003,True
5.675757,4,84.770452,0.9617133630268246,0.03200000000000003,True
5.506701,3,84.777021,0.9642253692358761,0.02400000000000002,True
5.426497,4,84.786001,0.960181473560388,0.03200000000000003,True
5.74197,4,85.308399,0.9590901169828852,0.03200000000000003,True
5.519273,3,85.315428,0.9633395500371493,0.02400000000000002,True
5.817677,4,85.324344,0.9613403597595016,0.03200000000000003,True
5.454115,4,85.33329,0.9647345347898022,0.03200000000000003,True
5.358468,3,85.340175,0.961574862881768,0.02400000000000002,True
5.620366,4,85.34938,0.9604740078144876,0.03200000000000003,True
6.079139,4,85.358958,0.959561030904349,0.03200000000000003,True
5.776892,4,85.367941,0.9578548468480077,0.03200000000000003,True
5.439085,3,85.374696,0.9625608508489464,0.02400000000000002,True
5.978862,4,85.385628,0.9573221628286988,0.03200000000000003,True
5.766803,4,85.395037,0.9616564054389145,0.03200000000000003,True
5.926015,3,85.402203,0.9641714290069094,0.02400000000000002,True
5.528335,3,85.410131,0.9617608133749437,0.02400000000000002,True
5.776111,3,85.417434,0.9596660001780748,0.02400000000000002,True
5.811438,3,85.423828,0.9555802889569062,0.02400000000000002,True
5.581338,4,85.433805,0.9596044054798587,0.03200000000000003,True
5.5187,4,85.445337,0.9673526031930804,0.03200000000000003,True
5.931061,4,85.456513,0.9588474320144594,0.03200000000000003,True
5.655606,4,85.465382,0.9626703243446276,0.03200000000000003,True
5.759556,3,85.472396,0.9604168274043969,0.02400000000000002,True
6.054299,5,85.484064,0.9633542226216287,0.040000000000000036,True
5.607286,2,85.489431,0.965012725202665,0.016000000000000014,True
5.744187,4,85.498384,0.9628632218207398,0.03200000000000003,True
5.578703,3,85.508315,0.9609319205044285,0.02400000000000002,True
5.779364,3,85.517501,0.9582017553335673,0.02400000000000002,True
5.550419,5,85.536325,0.9614416972391711,0.040000000000000036,True
5.61382,4,85.545224,0.9570935934321096,0.03200000000000003,True
5.629574,3,85.551152,0.9640226594367053,0.02400000000000002,True
5.828806,5,85.562342,0.959898980928392,0.040000000000000036,True
5.756465,5,85.573211,0.9615849904612339,0.040000000000000036,True
5.739916,3,85.580755,0.9609481960539712,0.02400000000000002,True
5.812877,5,85.591106,0.9616315111580415,0.040000000000000036,True
5.527196,3,85.598447,0.964835204517035,0.02400000000000002,True
5.618412,3,85.682324,0.9646765600272993,0.02400000000000002,True
5.46021,2,85.688073,0.9586935409940368,0.016000000000000014,True
5.435819,3,85.695178,0.9608352946841261,0.02400000000000002,True
5.571205,4,85.70439,0.9618152337062141,0.03200000000000003,True
5.674678,5,85.716104,0.9616200084642703,0.040000000000000036,True
5.764658,4,85.725029,0.9603173823452267,0.03200000000000003,True
5.730526,4,85.7344,0.9637637097160348,0.03200000000000003,True
5.865125,5,85.744925,0.9611677611088081,0.040000000000000036,True
5.729541,4,85.754503,0.9606018756641825,0.03200000000000003,True
5.872581,4,85.764134,0.9617822356187201,0.03200000000000003,True
5.790152,4,85.773491,0.9615483337198201,0.03200000000000003,True
5.457897,2,85.777466,0.9630546197114542,0.016000000000000014,True
5.91025,4,85.786816,0.9652285562447587,0.03200000000000003,True
5.732728,3,85.79455,0.9611206634082864,0.02400000000000002,True
5.568399,4,85.8039,0.9621828040546367,0.03200000000000003,True
5.627456,5,85.815408,0.9608090390368791,0.040000000000000036,True
5.62377,3,85.822164,0.9604593405351987,0.02400000000000002,True
5.542344,4,85.831415,0.9661285894987628,0.03200000000000003,True
5.742435,4,85.840597,0.9644776492425664,0.03200000000000003,True
5.54553,3,85.848809,0.9597240691972511,0.02400000000000002,True
5.898238,3,85.855743,0.9598142954225249,0.02400000000000002,True
5.840995,4,85.86621,0.9606779301911912,0.03200000000000003,True
5.763818,4,85.876291,0.9658677701414722,0.03200000000000003,True
5.45861,3,85.884502,0.9627169308288925,0.02400000000000002,True
5.814744,3,85.893669,0.964597630935809,0.02400000000000002,True
5.470792,4,85.90277,0.9617463183093906,0.03200000000000003,True
5.758249,3,85.910182,0.9599111977190585,0.02400000000000002,True
5.441474,4,85.919069,0.9599108192547098,0.03200000000000003,True
5.347941,3,85.926564,0.9569168025583218,0.02400000000000002,True
5.646595,5,85.937476,0.9622004346528906,0.040000000000000036,True
5.704574,5,85.948479,0.9594316404079695,0.040000000000000036,True
5.717388,4,85.957495,0.9629095003758609,0.03200000000000003,True
5.642008,4,85.966561,0.9555804134086576,0.03200000000000003,True
5.527656,4,85.97578,0.9580080402006311,0.03200000000000003,True
5.692978,4,85.985137,0.958745931427823,0.03200000000000003,True
5.699188,3,85.992708,0.9609284297690103,0.02400000000000002,True
5.626174,2,86.504786,0.9584607296200502,0.016000000000000014,True
5.522885,4,86.513857,0.9643525258962753,0.03200000000000003,True
5.7729,4,86.522532,0.960671897455575,0.03200000000000003,True
5.830133,4,86.532121,0.9632609306762006,0.03200000000000003,True
5.667502,4,86.543823,0.9596407006559261,0.03200000000000003,True
5.58392,2,86.550585,0.9602025114672849,0.016000000000000014,True
5.828713,5,86.568795,0.9607673093592749,0.040000000000000036,True
5.797113,4,86.579818,0.9604648019262958,0.03200000000000003,True
5.843529,5,86.590768,0.9646897502999501,0.040000000000000036,True
5.664752,5,86.601404,0.9595167652039711,0.040000000000000036,True
5.62427,2,86.607215,0.9631475599350203,0.016000000000000014,True
5.742569,3,86.613982,0.9596369424508167,0.02400000000000002,True
5.560038,4,86.622615,0.9658484671818461,0.03200000000000003,True
5.772815,4,86.63344,0.9601192742719086,0.03200000000000003,True
5.836415,5,86.645068,0.9595272808348068,0.040000000000000036,True
5.677868,4,86.654852,0.9603349048564438,0.03200000000000003,True
6.00937,4,86.665034,0.9597755808507188,0.03200000000000003,True
5.756676,4,86.676409,0.9620675992010642,0.03200000000000003,True
5.508046,3,86.684461,0.9621088741070282,0.02400000000000002,True
5.44885,3,86.691552,0.957420558112467,0.02400000000000002,True
5.639763,3,86.698069,0.9555148312771504,0.02400000000000002,True
5.648805,4,86.707015,0.9616915123927472,0.03200000000000003,True
5.732103,4,86.715876,0.9616839427101046,0.03200000000000003,True
6.033025,4,86.724584,0.9567840493455492,0.03200000000000003,True
5.603575,4,86.733451,0.9642490501976415,0.03200000000000003,True
5.704582,3,86.740741,0.958484817707363,0.02400000000000002,True
5.573134,3,86.746952,0.9597375750528468,0.02400000000000002,True
5.502037,3,86.753881,0.9594530652797539,0.02400000000000002,True
5.479731,4,86.762383,0.9602709519457143,0.03200000000000003,True
5.779717,5,86.774364,0.9604558844390991,0.040000000000000036,True
5.4917,4,86.782901,0.9623788226307107,0.03200000000000003,True
5.535626,4,86.79198,0.9620189434153814,0.03200000000000003,True
5.550169,2,86.7969,0.9618739981893711,0.016000000000000014,True
5.784292,3,86.803408,0.9629902547428233,0.02400000000000002,True
5.63273,4,86.812367,0.9599626801899721,0.03200000000000003,True
5.753706,4,86.820693,0.9582862241948193,0.03200000000000003,True
5.688807,4,86.83079,0.9603965682043721,0.03200000000000003,True
5.338889,3,86.837536,0.9631293514529669,0.02400000000000002,True
5.656986,3,86.845121,0.9671456447835027,0.02400000000000002,True
5.565232,5,86.855736,0.9600269130678875,0.040000000000000036,True
5.538308,3,86.863231,0.9580023883513791,0.02400000000000002,True
5.519028,3,86.872005,0.9612992783091666,0.02400000000000002,True
5.957765,3,86.878125,0.9616250548079253,0.02400000000000002,True
5.736286,3,86.885348,0.9666340825677712,0.02400000000000002,True
5.67649,5,86.897167,0.9693099104767096,0.040000000000000036,True
5.431046,3,86.904593,0.9612500724386954,0.02400000000000002,True
5.803961,4,86.913369,0.9589236510061584,0.03200000000000003,True
5.875927,3,86.920686,0.9651271407931132,0.02400000000000002,True
5.823676,4,86.929328,0.9598624183910749,0.03200000000000003,True
5.862624,3,86.936743,0.9599028444534121,0.02400000000000002,True
5.57321,4,86.94587,0.9605640432276445,0.03200000000000003,True
5.512092,3,86.952052,0.9598018425446979,0.02400000000000002,True
5.667993,3,86.959609,0.9610014135028626,0.02400000000000002,True
5.547626,3,86.967088,0.9568749345443429,0.02400000000000002,True
5.863673,4,86.976363,0.9639164804233178,0.03200000000000003,True
5.471473,3,86.982819,0.9573560221537097,0.02400000000000002,True
5.77149,4,86.992532,0.961684642700716,0.03200000000000003,True
5.540386,4,87.001102,0.9608092939175032,0.03200000000000003,True
5.60637,3,87.007889,0.9629341158852487,0.02400000000000002,True
5.423744,3,87.015795,0.9585522823140815,0.02400000000000002,True
5.888259,5,87.027117,0.9593478118734122,0.040000000000000036,True
5.594785,3,87.033511,0.9598200495190955,0.02400000000000002,True
5.764739,4,87.042615,0.9628951865795199,0.03200000000000003,True
5.66776,4,87.052016,0.9617325270893391,0.03200000000000003,True
5.731024,3,87.059478,0.9665982077953867,0.02400000000000002,True
5.614619,3,87.066856,0.9607563945043354,0.02400000000000002,True
5.451616,3,87.073859,0.9582115483032,0.02400000000000002,True
5.645606,5,87.085272,0.9664225026457768,0.040000000000000036,True
5.84474,4,87.094286,0.9620602214585272,0.03200000000000003,True
5.738564,4,87.103516,0.9621100356341219,0.03200000000000003,True
5.635609,4,87.687197,0.96693423581232,0.03200000000000003,True
5.679156,3,87.69399,0.9603943387554408,0.02400000000000002,True
5.524906,4,87.703692,0.9611183859008526,0.03200000000000003,True
5.863779,4,87.7118,0.9627280333928372,0.03200000000000003,True
5.667459,2,87.71655,0.9627376562789163,0.016000000000000014,True
5.717397,3,87.724111,0.9579088918262804,0.02400000000000002,True
5.696957,5,87.735947,0.9629273083505738,0.040000000000000036,True
5.55335,3,87.74308,0.9615763622539727,0.02400000000000002,True
5.709432,3,87.750138,0.9633259075070351,0.02400000000000002,True
5.326209,3,87.757117,0.9575789442905966,0.02400000000000002,True
5.59152,3,87.764485,0.9604279173884843,0.02400000000000002,True
5.723162,3,87.771764,0.9590894674733259,0.02400000000000002,True
5.730969,4,87.780884,0.9579056834580155,0.03200000000000003,True
5.763716,4,87.789545,0.957855923986437,0.03200000000000003,True
5.781887,4,87.800181,0.9608723818372551,0.03200000000000003,True
5.568308,3,87.808475,0.9595563752908909,0.02400000000000002,True
5.774068,3,87.816709,0.9672691211284368,0.02400000000000002,True
5.689542,3,87.825418,0.9630924230268514,0.02400000000000002,True
5.669401,4,87.836243,0.9585246025224968,0.03200000000000003,True
5.860636,5,87.84813,0.9611423655412807,0.040000000000000036,True
5.620134,4,87.857298,0.9634500055681462,0.03200000000000003,True
5.553041,4,87.866356,0.9608290656091862,0.03200000000000003,True
5.563229,2,87.871855,0.9598951121299557,0.016000000000000014,True
5.687529,3,87.879199,0.9662609860364326,0.02400000000000002,True
6.03714,4,87.887606,0.9591510754501245,0.03200000000000003,True
6.039151,4,87.897828,0.96067442203032,0.03200000000000003,True
5.847267,4,87.906661,0.958840398590534,0.03200000000000003,True
5.560461,3,87.913935,0.9616497681933939,0.02400000000000002,True
5.62351,4,87.923285,0.9616378948376214,0.03200000000000003,True
5.66028,3,87.929955,0.9607490244118606,0.02400000000000002,True
5.445995,3,87.937757,0.9618682594402066,0.02400000000000002,True
5.664849,3,87.946222,0.9591586112510341,0.02400000000000002,True
5.679755,5,87.957176,0.9644910746592787,0.040000000000000036,True
5.625367,4,87.967053,0.9633394768815875,0.03200000000000003,True
6.01553,4,87.97674,0.9615372673648406,0.03200000000000003,True
5.493666,3,87.982694,0.9590594707536002,0.02400000000000002,True
5.557217,4,87.991912,0.9582249368982977,0.03200000000000003,True
5.632966,4,88.000713,0.9598607102488762,0.03200000000000003,True
5.46873,5,88.011827,0.9595898088444721,0.040000000000000036,True
5.7197,3,88.018682,0.9618305223880025,0.02400000000000002,True
5.953287,5,88.029136,0.9640425458641736,0.040000000000000036,True
5.834274,4,88.038238,0.9569916018903815,0.03200000000000003,True
5.748821,3,88.046018,0.9590863159116394,0.02400000000000002,True
5.724272,3,88.053806,0.9609122403833081,0.02400000000000002,True
5.751753,4,88.063191,0.9629907935500599,0.03200000000000003,True
5.502914,4,88.073006,0.9590543654040153,0.03200000000000003,True
5.607958,5,88.084538,0.9637368983631797,0.040000000000000036,True
5.988678,4,88.095063,0.9610928060574865,0.03200000000000003,True
5.657551,4,88.104079,0.9595224437674297,0.03200000000000003,True
5.730178,4,88.113882,0.9620020344218183,0.03200000000000003,True
5.998618,3,88.12197,0.9615412865866647,0.02400000000000002,True
5.713523,4,88.131492,0.9585842577847001,0.03200000000000003,True
5.819512,4,88.142062,0.9592215807701925,0.03200000000000003,True
5.761163,4,88.152185,0.9570448910886475,0.03200000000000003,True
5.595062,4,88.162387,0.9638631626208609,0.03200000000000003,True
5.767468,3,88.169971,0.9570561990902169,0.02400000000000002,True
5.458814,3,88.177447,0.9620989971288942,0.02400000000000002,True
5.597583,4,88.186699,0.9616070950311774,0.03200000000000003,True
5.762015,4,88.19617,0.9588226679555858,0.03200000000000003,True
5.487581,3,88.202824,0.958868757797624,0.02400000000000002,True
5.843564,3,88.210052,0.9666159052822847,0.02400000000000002,True
5.463635,3,88.217936,0.9653157205605698,0.02400000000000002,True
5.536157,4,88.227105,0.9610789166628355,0.03200000000000003,True
5.509791,4,88.237047,0.9583365235509781,0.03200000000000003,True
5.505995,3,88.243685,0.959809519687341,0.02400000000000002,True
5.580115,4,88.252744,0.9605271514172238,0.03200000000000003,True
5.600978,4,88.261688,0.9619310684633968,0.03200000000000003,True
5.666211,3,88.269761,0.9590977024113496,0.02400000000000002,True
5.738335,4,88.278711,0.962227894076278,0.03200000000000003,True
5.419283,3,88.286447,0.9599663928570992,0.02400000000000002,True
5.604176,4,88.295874,0.9624211439833009,0.03200000000000003,True
5.871401,5,88.833791,0.9582269208958755,0.040000000000000036,True
5.741747,3,88.840386,0.9585912644389343,0.02400000000000002,True
6.083181,5,88.851895,0.9614951960893712,0.040000000000000036,True
5.71814,3,88.859467,0.959048428837554,0.02400000000000002,True
5.682163,4,88.869154,0.9631220190409809,0.03200000000000003,True
5.696935,5,88.881488,0.9615150142799238,0.040000000000000036,True
5.846464,4,88.890373,0.9589742116445288,0.03200000000000003,True
5.445853,3,88.897354,0.9610103904939284,0.02400000000000002,True
5.572573,4,88.906927,0.9591401570253049,0.03200000000000003,True
5.800658,4,88.916072,0.9657441126534567,0.03200000000000003,True
5.840106,4,88.925539,0.958599684363404,0.03200000000000003,True
6.056142,4,88.935227,0.9621549591245184,0.03200000000000003,True
5.534245,4,88.944634,0.961735799798241,0.03200000000000003,True
5.822964,4,88.95511,0.9595875841594592,0.03200000000000003,True
5.530403,3,88.96273,0.9618994047812699,0.02400000000000002,True
5.730806,3,88.969968,0.9604427403325979,0.02400000000000002,True
6.032657,5,88.981018,0.9604702225914177,0.040000000000000036,True
5.739974,3,88.988114,0.9590833664840169,0.02400000000000002,True
5.481029,4,88.99699,0.957858983332246,0.03200000000000003,True
5.636159,4,89.00609,0.9622022321101329,0.03200000000000003,True
5.56327,3,89.013406,0.9600575138597801,0.02400000000000002,True
5.608628,4,89.021635,0.9588087785832092,0.03200000000000003,True
5.554864,3,89.028278,0.9638800415146886,0.02400000000000002,True
5.702459,3,89.035963,0.9606121105444466,0.02400000000000002,True
5.423541,3,89.042725,0.9626494719530948,0.02400000000000002,True
5.577322,3,89.049248,0.965614210063038,0.02400000000000002,True
5.763574,4,89.058412,0.966019625832831,0.03200000000000003,True
5.700498,3,89.066492,0.9657849375685994,0.02400000000000002,True
5.648522,5,89.077677,0.9630437468852198,0.040000000000000036,True
5.491209,4,89.086635,0.9627874879126112,0.03200000000000003,True
5.761562,4,89.095524,0.9637011949673222,0.03200000000000003,True
5.761079,4,89.104472,0.9617462386370496,0.03200000000000003,True
5.497412,4,89.114429,0.9651366334524019,0.03200000000000003,True
5.859912,5,89.12651,0.9609675881564692,0.040000000000000036,True
5.70962,4,89.136237,0.9568610775165753,0.03200000000000003,True
5.712155,3,89.142959,0.9562589922833344,0.02400000000000002,True
5.466796,3,89.150007,0.9628829005760227,0.02400000000000002,True
5.661777,4,89.15968,0.9569176049120238,0.03200000000000003,True
5.712719,4,89.169246,0.9645472089954663,0.03200000000000003,True
5.653026,3,89.176663,0.9623948598678042,0.02400000000000002,True
5.844908,4,89.185908,0.9655876879003915,0.03200000000000003,True
5.685426,5,89.197882,0.963615891443293,0.040000000000000036,True
5.830032,4,89.207719,0.9627675646446009,0.03200000000000003,True
5.78711,3,89.214743,0.9610281571664633,0.02400000000000002,True
5.772219,4,89.224736,0.9572994825508915,0.03200000000000003,True
5.519511,4,89.233875,0.9605021221841152,0.03200000000000003,True
5.904889,3,89.241358,0.9616989741113122,0.02400000000000002,True
5.647804,5,89.251887,0.9594088391891074,0.040000000000000036,True
5.851837,3,89.259534,0.9616319354863143,0.02400000000000002,True
5.914751,4,89.269711,0.9598063559978964,0.03200000000000003,True
5.53661,4,89.280454,0.9629059886997884,0.03200000000000003,True
5.599515,3,89.291255,0.961792840096698,0.02400000000000002,True
5.720464,4,89.300835,0.9619786110617776,0.03200000000000003,True
5.66475,4,89.310191,0.9617961355789308,0.03200000000000003,True
5.594183,4,89.320968,0.9598616399773473,0.03200000000000003,True
5.551155,4,89.330359,0.9601886920032416,0.03200000000000003,True
6.024769,4,89.339326,0.9605755458224338,0.03200000000000003,True
5.806493,4,89.348554,0.9569678077145851,0.03200000000000003,True
5.987972,4,89.358681,0.9642780806162317,0.03200000000000003,True
5.640012,4,89.367795,0.9599963705971429,0.03200000000000003,True
5.788479,5,89.378764,0.9626528798828373,0.040000000000000036,True
5.579006,5,89.390848,0.9643246397159112,0.040000000000000036,True
5.70973,4,89.39931,0.963540518435222,0.03200000000000003,True
5.418442,3,89.406368,0.9613629873822186,0.02400000000000002,True
5.780273,4,89.422736,0.9603667560611371,0.03200000000000003,True
5.840629,5,89.435368,0.9608547381654824,0.040000000000000036,True
5.530234,3,89.960676,0.9620608443833794,0.02400000000000002,True
5.597429,4,89.970141,0.958755794140549,0.03200000000000003,True
5.634357,4,89.979077,0.962398452129815,0.03200000000000003,True
5.52929,4,89.988225,0.9590100099729091,0.03200000000000003,True
5.606735,4,89.998795,0.963642402085106,0.03200000000000003,True
5.629318,4,90.006819,0.9596774423717729,0.03200000000000003,True
5.877213,4,90.015532,0.9624421563703807,0.03200000000000003,True
5.56667,4,90.02551,0.9571167675755146,0.03200000000000003,True
5.522875,3,90.031281,0.9618649602502283,0.02400000000000002,True
5.889023,4,90.041085,0.9585477200544347,0.03200000000000003,True
5.684885,5,90.052492,0.9604239018366989,0.040000000000000036,True
5.586309,4,90.061707,0.9613074487088029,0.03200000000000003,True
5.769173,4,90.070969,0.959450945603576,0.03200000000000003,True
5.459641,4,90.081652,0.9638115070923837,0.03200000000000003,True
5.678777,4,90.090827,0.9606793094296854,0.03200000000000003,True
5.715718,3,90.096828,0.961000650428472,0.02400000000000002,True
5.3802,2,90.102446,0.9615435538627779,0.016000000000000014,True
5.712058,3,90.10951,0.961330022161882,0.02400000000000002,True
5.598656,4,90.119492,0.960025394549358,0.03200000000000003,True
5.731716,4,90.129991,0.9640387106340471,0.03200000000000003,True
5.483875,4,90.139467,0.963140729644149,0.03200000000000003,True
5.512544,3,90.147563,0.9559746909060394,0.02400000000000002,True
5.448789,4,90.15722,0.9615243679122862,0.03200000000000003,True
5.832187,4,90.16662,0.9582151848562263,0.03200000000000003,True
5.813783,5,90.178591,0.9673562991130772,0.040000000000000036,True
5.447076,3,90.186644,0.9602302059398484,0.02400000000000002,True
5.749632,4,90.196356,0.9599152938277425,0.03200000000000003,True
5.423087,3,90.204093,0.9610358416150346,0.02400000000000002,True
5.594113,5,90.215544,0.9663277315456369,0.040000000000000036,True
5.978522,4,90.225026,0.9639155932355581,0.03200000000000003,True
5.864351,5,90.235922,0.959004228850517,0.040000000000000036,True
5.478356,4,90.244711,0.9600605792583861,0.03200000000000003,True
5.728121,5,90.25589,0.9603890907540233,0.040000000000000036,True
5.773715,5,90.267108,0.9611252727250026,0.040000000000000036,True
5.875631,4,90.277898,0.9562832610139762,0.03200000000000003,True
5.92699,4,90.286318,0.9577473126320858,0.03200000000000003,True
5.894123,4,90.296311,0.9592284944739613,0.03200000000000003,True
5.826669,5,90.310557,0.9585763146634008,0.040000000000000036,True
5.764397,4,90.321293,0.9578780914427489,0.03200000000000003,True
5.537548,5,90.33479,0.9594822093277151,0.040000000000000036,True
5.817816,3,90.344057,0.9576187024177649,0.02400000000000002,True
5.580276,5,90.355511,0.9593476603383413,0.040000000000000036,True
5.654396,4,90.364674,0.9603004520788678,0.03200000000000003,True
5.848873,4,90.374284,0.9603383069486573,0.03200000000000003,True
5.701463,3,90.381094,0.9613077019548808,0.02400000000000002,True
5.725058,4,90.391164,0.9578590646139701,0.03200000000000003,True
5.692004,4,90.400072,0.9629069292862579,0.03200000000000003,True
5.686997,3,90.407105,0.963962562796397,0.02400000000000002,True
5.804909,4,90.417019,0.9615423000640888,0.03200000000000003,True
5.414628,3,90.425095,0.9645667121744781,0.02400000000000002,True
5.463178,3,90.430539,0.9589020362624999,0.02400000000000002,True
5.836578,3,90.438101,0.9621260956826382,0.02400000000000002,True
5.670629,3,90.445762,0.9636742342585659,0.02400000000000002,True
5.481006,3,90.452657,0.9642624824810746,0.02400000000000002,True
5.809645,5,90.464697,0.9668614572571118,0.040000000000000036,True
5.452038,3,90.471859,0.965063504539945,0.02400000000000002,True
5.86754,4,90.481146,0.9619752621170159,0.03200000000000003,True
5.724756,3,90.488435,0.96190468045694,0.02400000000000002,True
5.68455,3,90.495591,0.965543222192687,0.02400000000000002,True
5.354866,2,90.501691,0.9609219885805891,0.016000000000000014,True
5.580937,4,90.510929,0.9646153030314214,0.03200000000000003,True
5.776505,4,90.519885,0.9585397478219864,0.03200000000000003,True
5.64668,4,90.529719,0.9633365941686809,0.03200000000000003,True
5.804646,4,90.538743,0.9605926512443651,0.03200000000000003,True
5.835568,5,90.549108,0.9599582506524053,0.040000000000000036,True
5.831796,4,90.558283,0.9603310666765399,0.03200000000000003,True
5.529397,3,90.564947,0.9604579118489387,0.02400000000000002,True
5.651331,4,91.101485,0.9604205539867148,0.03200000000000003,True
5.575105,4,91.110775,0.9611741396601755,0.03200000000000003,True
5.920762,4,91.120683,0.9642298196470356,0.03200000000000003,True
5.572632,3,91.12951,0.9622382434152676,0.02400000000000002,True
5.701805,4,91.142317,0.9578755203911986,0.03200000000000003,True
5.623737,3,91.150254,0.9620965574747374,0.02400000000000002,True
5.755554,3,91.157241,0.9638689607205309,0.02400000000000002,True
5.45397,2,91.161712,0.9618733524197862,0.016000000000000014,True
5.845661,4,91.171022,0.9642472848704466,0.03200000000000003,True
5.551691,4,91.179902,0.9617866874312879,0.03200000000000003,True
5.536259,4,91.19057,0.9648651153839282,0.03200000000000003,True
5.800715,5,91.202171,0.9578048010137605,0.040000000000000036,True
5.403018,4,91.210675,0.9633909709981042,0.03200000000000003,True
5.688427,4,91.219771,0.9653619569092053,0.03200000000000003,True
5.367868,3,91.228319,0.9606375193210515,0.02400000000000002,True
5.729432,3,91.235841,0.9659267887011613,0.02400000000000002,True
6.021649,5,91.246457,0.9594684424685267,0.040000000000000036,True
5.868011,4,91.256043,0.9632869024341832,0.03200000000000003,True
5.691037,4,91.265912,0.9599331152284841,0.03200000000000003,True
5.718255,4,91.275406,0.9616054396016298,0.03200000000000003,True
5.483596,4,91.284953,0.9623110450203585,0.03200000000000003,True
5.800411,3,91.291832,0.961456189398496,0.02400000000000002,True
5.598986,4,91.300529,0.960328017367052,0.03200000000000003,True
5.542033,3,91.308203,0.9590358491401627,0.02400000000000002,True
5.857015,4,91.318132,0.9623565811790935,0.03200000000000003,True
5.821559,4,91.398543,0.9614885926845631,0.03200000000000003,True
5.797867,4,91.408129,0.9610901842543298,0.03200000000000003,True
5.606772,4,91.41784,0.9612216596780803,0.03200000000000003,True
5.978531,5,91.429976,0.9581691701059771,0.040000000000000036,True
5.727813,4,91.438969,0.9602164695287152,0.03200000000000003,True
5.710124,3,91.445732,0.9661339115725384,0.02400000000000002,True
5.782917,4,91.455141,0.9601953410676543,0.03200000000000003,True
5.462962,4,91.463897,0.9585273261231746,0.03200000000000003,True
5.434547,4,91.473007,0.9585741073960189,0.03200000000000003,True
5.544216,4,91.483125,0.9596237363682096,0.03200000000000003,True
5.566799,3,91.492294,0.9603504697568719,0.02400000000000002,True
6.047516,5,91.506999,0.9594392463434792,0.040000000000000036,True
5.62109,4,91.517536,0.9635785944772262,0.03200000000000003,True
5.741013,4,91.528981,0.9593345865517214,0.03200000000000003,True
5.568359,3,91.536884,0.9607242181360104,0.02400000000000002,True
5.658952,4,91.547293,0.9587882879533172,0.03200000000000003,True
5.520679,3,91.556158,0.9606283764888355,0.02400000000000002,True
5.826,4,91.567421,0.9642027017881282,0.03200000000000003,True
5.563497,4,91.577964,0.9595964929169349,0.03200000000000003,True
5.527947,3,91.58587,0.9646996382561024,0.02400000000000002,True
5.457816,4,91.59708,0.9653831271807894,0.03200000000000003,True
5.586137,4,91.61035,0.9574868657150695,0.03200000000000003,True
5.788236,5,91.622107,0.9659158368574787,0.040000000000000036,True
5.729423,4,91.6326,0.9633823884135192,0.03200000000000003,True
5.424894,3,91.638655,0.9613957944948675,0.02400000000000002,True
5.736253,4,91.648767,0.961143825303141,0.03200000000000003,True
5.535596,4,91.65922,0.9628698756228538,0.03200000000000003,True
5.46462,4,91.671192,0.9591128011465804,0.03200000000000003,True
5.806421,5,91.686374,0.9606017233538214,0.040000000000000036,True
5.628704,4,91.696442,0.9619341892876998,0.03200000000000003,True
5.635071,4,91.7052,0.9593156974252574,0.03200000000000003,True
5.71777,5,91.715412,0.9605867263951925,0.040000000000000036,True
5.45023,3,91.722358,0.9577985225471859,0.02400000000000002,True
5.73674,4,91.731191,0.9577564023530931,0.03200000000000003,True
5.957626,4,91.744417,0.9597735518290836,0.03200000000000003,True
5.71103,4,91.759338,0.9598235666834913,0.03200000000000003,True
5.537114,3,91.768341,0.9621648887040504,0.02400000000000002,True
5.635416,3,91.777021,0.9595481048792261,0.02400000000000002,True
5.829109,4,91.786232,0.96525162594042,0.03200000000000003,True
5.751476,5,91.797357,0.9585098037578343,0.040000000000000036,True
5.789371,5,91.809011,0.9587243070025553,0.040000000000000036,True
5.795329,4,92.325459,0.9599421032697372,0.03200000000000003,True
5.491995,3,92.332533,0.9615130497124177,0.02400000000000002,True
5.580933,3,92.34008,0.959028740569086,0.02400000000000002,True
6.09265,4,92.349787,0.9631973976816914,0.03200000000000003,True
5.585418,3,92.35743,0.9599034223326286,0.02400000000000002,True
5.667319,3,92.364058,0.9578057592811344,0.02400000000000002,True
5.634959,5,92.375137,0.9576508327100552,0.040000000000000036,True
5.558422,3,92.382804,0.9588497969189613,0.02400000000000002,True
5.555771,4,92.392605,0.9611482238324227,0.03200000000000003,True
5.762691,4,92.401762,0.9572048536291651,0.03200000000000003,True
5.783277,4,92.411089,0.9603636015397852,0.03200000000000003,True
5.624516,3,92.419137,0.9597674548300696,0.02400000000000002,True
5.560447,4,92.42913,0.9610314203119344,0.03200000000000003,True
5.537626,2,92.434914,0.962837645973241,0.016000000000000014,True
5.96222,4,92.446047,0.9614289890950314,0.03200000000000003,True
5.913588,3,92.454198,0.9652667545564363,0.02400000000000002,True
6.037797,3,92.463904,0.9586100796755852,0.02400000000000002,True
5.572394,4,92.47334,0.9628153472401205,0.03200000000000003,True
5.765531,3,92.480398,0.9585491666238699,0.02400000000000002,True
5.865152,4,92.490283,0.961441952253623,0.03200000000000003,True
5.92366,4,92.499907,0.9579431495835161,0.03200000000000003,True
5.550885,4,92.508283,0.9646384154155251,0.03200000000000003,True
5.675347,3,92.515715,0.9634545382525861,0.02400000000000002,True
5.77192,3,92.523024,0.9624155774675615,0.02400000000000002,True
5.732325,4,92.532847,0.9622212629222304,0.03200000000000003,True
6.010762,4,92.542994,0.9601894311004493,0.03200000000000003,True
5.770967,4,92.552751,0.9602480047009077,0.03200000000000003,True
5.647658,4,92.562359,0.9572832201657971,0.03200000000000003,True
5.533425,4,92.572022,0.9597754947470855,0.03200000000000003,True
5.744339,4,92.58251,0.9641615406484533,0.03200000000000003,True
5.611583,4,92.592015,0.9588940336655749,0.03200000000000003,True
5.967671,4,92.601957,0.9616278004948497,0.03200000000000003,True
5.774893,4,92.611797,0.9611507659372396,0.03200000000000003,True
5.650671,3,92.618876,0.9608155552962672,0.02400000000000002,True
5.601371,4,92.629551,0.9578680497810116,0.03200000000000003,True
5.590123,3,92.636685,0.957642651299501,0.02400000000000002,True
5.623948,4,92.646411,0.9590165756571865,0.03200000000000003,True
5.466771,4,92.655757,0.9599875360056424,0.03200000000000003,True
5.985393,3,92.665089,0.9591650530243926,0.02400000000000002,True
5.739915,4,92.673549,0.9600613904175017,0.03200000000000003,True
5.560429,4,92.683179,0.9633897218674159,0.03200000000000003,True
5.646857,3,92.691154,0.9580589904515251,0.02400000000000002,True
5.72475,4,92.700041,0.9596991814928159,0.03200000000000003,True
5.858182,5,92.712683,0.96169413904587,0.040000000000000036,True
5.663728,5,92.723554,0.9583116079985884,0.040000000000000036,True
5.480805,4,92.733549,0.9577960637661058,0.03200000000000003,True
5.804214,5,92.744265,0.9631221893236988,0.040000000000000036,True
5.489298,3,92.750997,0.9630092488934032,0.02400000000000002,True
5.838926,4,92.760995,0.9579202752623088,0.03200000000000003,True
5.77428,5,92.773363,0.9643855190827058,0.040000000000000036,True
5.878897,5,92.792854,0.959801205564084,0.040000000000000036,True
5.394291,3,92.803381,0.9610497396971048,0.02400000000000002,True
5.765425,4,92.813984,0.9614325874693095,0.03200000000000003,True
5.539901,4,92.822265,0.9623060205627562,0.03200000000000003,True
5.727376,5,92.834361,0.9617831054446588,0.040000000000000036,True
5.912107,4,92.844962,0.9601859168046107,0.03200000000000003,True
5.469787,3,92.851921,0.9597846087152637,0.02400000000000002,True
5.972922,3,92.858994,0.9602222875787771,0.02400000000000002,True
5.588729,4,92.868872,0.965030191080181,0.03200000000000003,True
5.57453,5,92.880717,0.9611581334733329,0.040000000000000036,True
5.874577,4,92.890991,0.9607961170614762,0.03200000000000003,True
5.478178,3,92.897727,0.9606675202898789,0.02400000000000002,True
5.643574,3,92.905344,0.9591027445388558,0.02400000000000002,True
5.731978,4,92.914735,0.9633589249997482,0.03200000000000003,True
5.639261,4,92.923579,0.9604700699442192,0.03200000000000003,True
5.75303,4,92.934261,0.9614192294490276,0.03200000000000003,True
5.760359,3,92.941052,0.9651019100454854,0.02400000000000002,True
5.711847,3,92.948655,0.9653102950746357,0.02400000000000002,True
5.531869,4,93.597723,0.959070551945085,0.03200000000000003,True
5.780905,4,93.609309,0.9636188662139565,0.03200000000000003,True
5.740747,3,93.619001,0.9567620085097788,0.02400000000000002,True
5.44868,3,93.628379,0.9636688771358548,0.02400000000000002,True
5.46093,5,93.64163,0.9582439852359478,0.040000000000000036,True
5.505321,4,93.652903,0.9634951263678181,0.03200000000000003,True
5.97484,3,93.662866,0.9627628319081228,0.02400000000000002,True
5.840665,4,93.677999,0.9600242194279421,0.03200000000000003,True
5.948964,3,93.687819,0.9596247802286373,0.02400000000000002,True
5.640361,5,93.702754,0.957810769960169,0.040000000000000036,True
5.630634,4,93.714943,0.9594781506452962,0.03200000000000003,True
5.561479,5,93.728521,0.9582722493410595,0.040000000000000036,True
5.964459,4,93.740127,0.962513552592748,0.03200000000000003,True
5.62214,4,93.751217,0.9603199159403744,0.03200000000000003,True
5.854017,5,93.765877,0.9591931797101524,0.040000000000000036,True
5.917998,3,93.774381,0.9670732450556312,0.02400000000000002,True
5.734829,4,93.786584,0.9611382601842353,0.03200000000000003,True
5.910185,5,93.799985,0.9629986481886144,0.040000000000000036,True
5.553111,3,93.80972,0.9615245208755964,0.02400000000000002,True
5.664029,3,93.818799,0.9607956481302359,0.02400000000000002,True
5.718166,4,93.831883,0.9576048193344053,0.03200000000000003,True
5.468033,3,93.842032,0.9634132792869443,0.02400000000000002,True
5.763667,3,93.851185,0.9592820023141926,0.02400000000000002,True
5.411446,3,93.859823,0.958716786221205,0.02400000000000002,True
5.591649,4,93.874436,0.9595672127970373,0.03200000000000003,True
5.863628,4,93.887571,0.9601913976090907,0.03200000000000003,True
5.798849,4,93.899534,0.9631017960865713,0.03200000000000003,True
5.708919,4,93.91142,0.9596130459054746,0.03200000000000003,True
5.421735,3,93.919821,0.9625708866328053,0.02400000000000002,True
5.799362,4,93.931259,0.956854821546921,0.03200000000000003,True
5.81172,5,93.946372,0.9595821590279839,0.040000000000000036,True
5.438038,3,93.956219,0.9666263014556127,0.02400000000000002,True
5.483499,4,93.967427,0.9610663180711546,0.03200000000000003,True
5.75694,5,93.983165,0.9611753039178736,0.040000000000000036,True
5.482293,4,93.995243,0.9649076903285833,0.03200000000000003,True
5.553749,4,94.006285,0.9620118880695521,0.03200000000000003,True
5.541084,4,94.017767,0.9630011992976057,0.03200000000000003,True
5.747878,4,94.02906,0.959793342868037,0.03200000000000003,True
5.772514,4,94.040684,0.963718190512999,0.03200000000000003,True
5.449403,3,94.049861,0.9585006003313586,0.02400000000000002,True
5.679275,5,94.067313,0.9662989219047082,0.040000000000000036,True
5.498961,4,94.080067,0.9576949526066668,0.03200000000000003,True
5.403152,3,94.088636,0.9655995887083852,0.02400000000000002,True
5.608921,4,94.099806,0.962878977941934,0.03200000000000003,True
5.655934,4,94.111225,0.9614927669495443,0.03200000000000003,True
5.750939,5,94.127449,0.9637256979206338,0.040000000000000036,True
5.849681,4,94.139398,0.9615287858953734,0.03200000000000003,True
5.751386,4,94.150997,0.9585205476680233,0.03200000000000003,True
5.921052,3,94.160599,0.9622867022743915,0.02400000000000002,True
5.974912,3,94.168453,0.9588663899687433,0.02400000000000002,True
5.55832,4,94.179603,0.9596406936008801,0.03200000000000003,True
5.649532,3,94.188484,0.9607419006968186,0.02400000000000002,True
5.612762,4,94.199878,0.9614384398085278,0.03200000000000003,True
5.505208,3,94.209435,0.9637741244984831,0.02400000000000002,True
5.71835,3,94.218195,0.9633317292391943,0.02400000000000002,True
5.683294,4,94.231051,0.9585624504668531,0.03200000000000003,True
5.731412,3,94.238659,0.9601104165888763,0.02400000000000002,True
5.750889,4,94.250156,0.9670525793045486,0.03200000000000003,True
5.568284,4,94.261483,0.9624343509771273,0.03200000000000003,True
5.711057,3,94.271972,0.9645441177690318,0.02400000000000002,True
5.758711,4,94.288776,0.9578342924329286,0.03200000000000003,True
5.694818,4,94.301508,0.9590794502076259,0.03200000000000003,True
5.829569,4,94.314022,0.9631903496501995,0.03200000000000003,True
5.947131,3,94.324414,0.9592919641668636,0.02400000000000002,True
5.785696,4,94.337498,0.9642826837762088,0.03200000000000003,True
5.532919,5,94.354805,0.9583677517072113,0.040000000000000036,True
5.996562,3,94.367726,0.9668224711979976,0.02400000000000002,True
5.663855,4,94.37936,0.9586841405542039,0.03200000000000003,True
5.810331,3,95.106898,0.961006024127442,0.02400000000000002,True
5.684069,3,95.116926,0.9610865116855567,0.02400000000000002,True
5.859264,3,95.1262,0.9616006566778937,0.02400000000000002,True
6.029944,4,95.136849,0.9589567351432082,0.03200000000000003,True
5.545727,4,95.149406,0.9610474408044031,0.03200000000000003,True
5.981319,4,95.161187,0.9618992831590534,0.03200000000000003,True
5.595475,3,95.170135,0.9610373093540345,0.02400000000000002,True
5.858645,3,95.179742,0.9585414827335783,0.02400000000000002,True
5.604435,4,95.193762,0.9625763955553103,0.03200000000000003,True
5.637497,4,95.206407,0.9625891942482507,0.03200000000000003,True
5.828362,4,95.2202,0.9649213650529063,0.03200000000000003,True
5.434011,3,95.231035,0.960785690939076,0.02400000000000002,True
5.698956,4,95.242005,0.9586772643398154,0.03200000000000003,True
5.588234,4,95.255078,0.9600335182174824,0.03200000000000003,True
5.813792,5,95.270323,0.9611047039518839,0.040000000000000036,True
5.658989,3,95.280216,0.9626824562416483,0.02400000000000002,True
5.605144,5,95.295857,0.9582987831502421,0.040000000000000036,True
5.499453,3,95.306929,0.9591217085085548,0.02400000000000002,True
5.845084,4,95.318686,0.963934373657948,0.03200000000000003,True
5.913581,3,95.32641,0.9628487295848052,0.02400000000000002,True
5.668877,3,95.335986,0.9592138553696281,0.02400000000000002,True
5.676571,4,95.347225,0.9570189109645642,0.03200000000000003,True
5.768709,5,95.361976,0.962124392394434,0.040000000000000036,True
5.585997,4,95.372741,0.9620679523306157,0.03200000000000003,True
5.929,5,95.387974,0.9605578707302235,0.040000000000000036,True
5.573315,4,95.400088,0.9609856678156983,0.03200000000000003,True
5.814576,5,95.415797,0.9638758885520782,0.040000000000000036,True
5.796892,2,95.421824,0.9644451221924368,0.016000000000000014,True
5.691966,3,95.430935,0.958748529293519,0.02400000000000002,True
5.588727,4,95.442853,0.9619267289317259,0.03200000000000003,True
6.065704,5,95.456678,0.957443149117358,0.040000000000000036,True
5.801971,5,95.472157,0.9617769692215352,0.040000000000000036,True
5.650058,4,95.482268,0.9596285911634976,0.03200000000000003,True
5.624925,2,95.488973,0.9645837362276004,0.016000000000000014,True
5.833474,4,95.501084,0.9653514247874901,0.03200000000000003,True
5.628812,4,95.51288,0.9605666932179999,0.03200000000000003,True
5.821099,4,95.523896,0.9602312549293914,0.03200000000000003,True
5.614177,3,95.532369,0.9618466518584379,0.02400000000000002,True
5.803516,5,95.546587,0.962219752520542,0.040000000000000036,True
5.71409,4,95.558087,0.9594133481795357,0.03200000000000003,True
5.500599,4,95.57088,0.9573306446533688,0.03200000000000003,True
5.579516,2,95.576674,0.959528925801447,0.016000000000000014,True
5.746508,4,95.587814,0.9632056020306397,0.03200000000000003,True
5.474165,4,95.599316,0.9630491740641717,0.03200000000000003,True
5.799265,4,95.61122,0.9653081544532276,0.03200000000000003,True
5.655571,4,95.623213,0.9648435326690213,0.03200000000000003,True
5.82559,5,95.636673,0.965369490850646,0.040000000000000036,True
5.548266,4,95.647823,0.9598793701572941,0.03200000000000003,True
5.576721,2,95.653301,0.9617086696264353,0.016000000000000014,True
5.553375,3,95.662201,0.9610819296735558,0.02400000000000002,True
5.615936,4,95.675229,0.9604502775808076,0.03200000000000003,True
5.742964,4,95.688559,0.9600956850877302,0.03200000000000003,True
5.802893,4,95.700781,0.9632248939294135,0.03200000000000003,True
5.855668,4,95.711981,0.9601251504272333,0.03200000000000003,True
5.671567,3,95.720323,0.9657632424529237,0.02400000000000002,True
5.808884,4,95.734668,0.9567469137180803,0.03200000000000003,True
5.614988,4,95.745925,0.9565397523459624,0.03200000000000003,True
5.590096,4,95.757333,0.9630961787906611,0.03200000000000003,True
5.541662,2,95.764301,0.9604254610108364,0.016000000000000014,True
5.479521,4,95.776182,0.9587194253811321,0.03200000000000003,True
5.60155,4,95.787733,0.9622046614221638,0.03200000000000003,True
5.671161,4,95.799258,0.9634134929780575,0.03200000000000003,True
5.622339,3,95.807872,0.9616315611527757,0.02400000000000002,True
5.729903,3,95.81739,0.9584517477493352,0.02400000000000002,True
5.7181,4,95.82935,0.9618264093156531,0.03200000000000003,True
5.605417,4,95.841472,0.9627938053233278,0.03200000000000003,True
5.674685,5,95.856546,0.9618245892882951,0.040000000000000036,True
5.529946,4,95.86864,0.9627102546546805,0.03200000000000003,True
5.558999,3,96.586164,0.9607447386257295,0.02400000000000002,True
5.7441,3,96.594916,0.963223601544098,0.02400000000000002,True
5.541106,3,96.607377,0.9611925956698856,0.02400000000000002,True
5.735317,3,96.616935,0.9571811128880326,0.02400000000000002,True
5.689432,3,96.626515,0.9640792183061913,0.02400000000000002,True
5.57166,5,96.644574,0.9600557117070994,0.040000000000000036,True
5.551027,4,96.659276,0.9611179641422016,0.03200000000000003,True
5.907729,5,96.677401,0.9632704844056829,0.040000000000000036,True
6.01461,4,96.692193,0.9614363999044939,0.03200000000000003,True
5.499704,3,96.704753,0.9644345520897826,0.02400000000000002,True
5.606397,4,96.720051,0.9641227058882655,0.03200000000000003,True
5.511751,3,96.730267,0.965140327769674,0.02400000000000002,True
5.568728,3,96.740567,0.959089478719361,0.02400000000000002,True
5.757973,4,96.754005,0.9609074479918487,0.03200000000000003,True
5.450334,4,96.767147,0.960089631312773,0.03200000000000003,True
5.627275,4,96.778939,0.9607654263734162,0.03200000000000003,True
5.580182,4,96.791885,0.9581172065327739,0.03200000000000003,True
5.742456,4,96.804377,0.9585694710309961,0.03200000000000003,True
5.569341,4,96.817176,0.9639208072279124,0.03200000000000003,True
5.490797,3,96.826801,0.9594169328862134,0.02400000000000002,True
5.542664,3,96.837461,0.9589591790179368,0.02400000000000002,True
5.578496,4,96.850428,0.9564215660977541,0.03200000000000003,True
5.677711,4,96.862221,0.9603755161878301,0.03200000000000003,True
5.525898,4,96.876109,0.9642179964006384,0.03200000000000003,True
5.671955,3,96.886069,0.9591760159435756,0.02400000000000002,True
5.860985,4,96.898318,0.959873377368607,0.03200000000000003,True
5.46764,3,96.908789,0.962633805128645,0.02400000000000002,True
5.848158,4,96.920665,0.9660214331316425,0.03200000000000003,True
5.705928,4,96.933588,0.9582016852676292,0.03200000000000003,True
5.912129,4,96.945307,0.9645921755669304,0.03200000000000003,True
5.682483,4,96.957833,0.9584948078377923,0.03200000000000003,True
5.521185,4,96.969364,0.9669675390711971,0.03200000000000003,True
5.685674,4,96.981391,0.960532369832045,0.03200000000000003,True
5.713587,4,96.99288,0.9614175241754847,0.03200000000000003,True
5.507065,3,97.001931,0.9602861057255125,0.02400000000000002,True
5.708199,4,97.014081,0.9655617320021582,0.03200000000000003,True
5.544039,4,97.025737,0.9590693692637873,0.03200000000000003,True
5.744185,4,97.037249,0.9654881477760564,0.03200000000000003,True
5.761371,3,97.046677,0.9598146698535359,0.02400000000000002,True
5.726964,4,97.0615,0.9609574154045563,0.03200000000000003,True
5.585869,3,97.070484,0.9631432487157106,0.02400000000000002,True
5.774278,3,97.080038,0.959886498924089,0.02400000000000002,True
5.762833,3,97.094133,0.9601075697088035,0.02400000000000002,True
5.608873,5,97.114191,0.9646159197538493,0.040000000000000036,True
5.767581,3,97.125999,0.9567449610553442,0.02400000000000002,True
5.633831,3,97.138145,0.9619405953038491,0.02400000000000002,True
5.858396,4,97.153575,0.9610220002765499,0.03200000000000003,True
5.818814,4,97.167928,0.96198086705481,0.03200000000000003,True
5.573286,3,97.179938,0.9613056720105387,0.02400000000000002,True
5.526001,3,97.189079,0.9647130963381129,0.02400000000000002,True
5.457611,4,97.201702,0.9593049829168048,0.03200000000000003,True
5.782966,4,97.214932,0.9586969197004095,0.03200000000000003,True
5.541161,3,97.223912,0.9628953004339303,0.02400000000000002,True
5.921412,3,97.235666,0.9578900261907942,0.02400000000000002,True
5.602001,4,97.250254,0.9601255406898399,0.03200000000000003,True
5.516599,3,97.262624,0.9672242844103368,0.02400000000000002,True
5.841049,4,97.276068,0.9614178160326413,0.03200000000000003,True
5.804882,4,97.289751,0.9592431444993352,0.03200000000000003,True
5.756959,5,97.306523,0.9565429171637718,0.040000000000000036,True
5.673566,3,97.318035,0.9634442408634717,0.02400000000000002,True
6.02904,4,97.333438,0.9587315464562751,0.03200000000000003,True
5.619824,5,97.353018,0.9597106813127159,0.040000000000000036,True
5.743479,4,97.368696,0.9600425013671408,0.03200000000000003,True
5.785241,5,97.388693,0.9602899933060083,0.040000000000000036,True
5.795816,4,97.402802,0.9615554604401733,0.03200000000000003,True
5.776382,4,97.417845,0.9567819715539385,0.03200000000000003,True
5.513152,4,97.432388,0.9617422573033125,0.03200000000000003,True
5.430278,3,97.441627,0.9646578379925455,0.02400000000000002,True
5.549893,3,97.451517,0.964378277071161,0.02400000000000002,True
5.456366,3,98.03486,0.957703034342032,0.02400000000000002,True
5.660651,3,98.042657,0.9619201385347453,0.02400000000000002,True
5.619394,5,98.054575,0.9608478556225544,0.040000000000000036,True
5.485504,3,98.061059,0.9630425446891154,0.02400000000000002,True
5.859616,4,98.070728,0.9689455486531354,0.03200000000000003,True
5.535214,4,98.080067,0.9668752518845916,0.03200000000000003,True
5.60926,3,98.087471,0.9630498901929551,0.02400000000000002,True
5.77662,4,98.096444,0.9582788678200262,0.03200000000000003,True
6.06233,5,98.107342,0.9600820719624438,0.040000000000000036,True
5.509304,3,98.115319,0.9625849591416957,0.02400000000000002,True
5.535662,3,98.122523,0.9617505552444796,0.02400000000000002,True
5.512788,5,98.135542,0.9615810276473626,0.040000000000000036,True
5.586809,3,98.143512,0.9612428128301196,0.02400000000000002,True
5.408752,3,98.15313,0.9590667599650546,0.02400000000000002,True
5.585638,4,98.165449,0.9602672758364212,0.03200000000000003,True
5.591383,3,98.175282,0.9620891719735063,0.02400000000000002,True
5.470335,3,98.186067,0.9609267601909524,0.02400000000000002,True
5.593605,4,98.267147,0.9669149011300473,0.03200000000000003,True
5.700168,4,98.277188,0.9614022071217359,0.03200000000000003,True
5.890938,4,98.285696,0.961622301716204,0.03200000000000003,True
5.482428,3,98.293304,0.9622085585626469,0.02400000000000002,True
5.796387,4,98.302038,0.9617051367370593,0.03200000000000003,True
5.575682,4,98.311268,0.959150982933786,0.03200000000000003,True
5.796233,4,98.320851,0.9618904356916528,0.03200000000000003,True
5.502445,3,98.328012,0.9611001567789236,0.02400000000000002,True
5.866445,4,98.337767,0.9599626110847139,0.03200000000000003,True
5.40522,3,98.345742,0.9617255886731726,0.02400000000000002,True
5.659172,4,98.355217,0.965250005996183,0.03200000000000003,True
5.497847,3,98.36224,0.9642190931893467,0.02400000000000002,True
5.477851,5,98.373751,0.9578450550105214,0.040000000000000036,True
5.678908,4,98.382702,0.9574632435018253,0.03200000000000003,True
5.568584,4,98.39272,0.9590745339353504,0.03200000000000003,True
5.784532,3,98.399947,0.9603302068181667,0.02400000000000002,True
5.73702,4,98.409683,0.9583299076559678,0.03200000000000003,True
5.93344,3,98.418173,0.9649960621054108,0.02400000000000002,True
5.498779,4,98.426612,0.9603195304611774,0.03200000000000003,True
5.609163,3,98.434238,0.9592534775361954,0.02400000000000002,True
5.844169,4,98.4432,0.9597525490793942,0.03200000000000003,True
5.95488,3,98.451141,0.9599801450146696,0.02400000000000002,True
5.678767,3,98.458943,0.9591469566393294,0.02400000000000002,True
5.60043,3,98.46484,0.9635512238577637,0.02400000000000002,True
5.73151,4,98.475085,0.964185764315941,0.03200000000000003,True
5.842209,4,98.484286,0.9605168967704778,0.03200000000000003,True
5.855175,4,98.493449,0.9605212930306153,0.03200000000000003,True
5.545268,4,98.50288,0.9599845516539774,0.03200000000000003,True
5.800669,5,98.513526,0.9563249288357809,0.040000000000000036,True
5.599633,3,98.521538,0.9648239618824492,0.02400000000000002,True
5.707952,4,98.530694,0.9622466601680617,0.03200000000000003,True
5.347038,3,98.538399,0.9585129415229103,0.02400000000000002,True
5.496598,3,98.548389,0.9603268024334853,0.02400000000000002,True
5.510722,3,98.556945,0.9609000865422693,0.02400000000000002,True
5.757971,3,98.564113,0.9611639382032806,0.02400000000000002,True
6.080492,4,98.573482,0.9620700836328349,0.03200000000000003,True
5.82531,4,98.582526,0.9599481156473941,0.03200000000000003,True
5.377132,3,98.590112,0.957373169394014,0.02400000000000002,True
5.472132,4,98.599376,0.9620135942566059,0.03200000000000003,True
5.732817,3,98.606434,0.9619785493792944,0.02400000000000002,True
5.866912,3,98.61391,0.9593641253264821,0.02400000000000002,True
5.82702,4,98.623137,0.9610274582144602,0.03200000000000003,True
5.74775,3,98.630128,0.9630550912346971,0.02400000000000002,True
5.632987,5,98.642097,0.9632710059596357,0.040000000000000036,True
5.794715,5,98.652873,0.958273909880033,0.040000000000000036,True
5.701841,4,98.662951,0.962782902297904,0.03200000000000003,True
5.560383,4,98.673851,0.959521516707279,0.03200000000000003,True
5.711038,4,98.68511,0.9601498967801531,0.03200000000000003,True
5.771867,3,98.692689,0.9587556281920632,0.02400000000000002,True
5.767991,5,98.703877,0.9605106872240144,0.040000000000000036,True
5.492142,3,98.712029,0.9588397814094689,0.02400000000000002,True
5.535182,4,98.72086,0.9606294590229589,0.03200000000000003,True
5.518246,3,98.728348,0.9649537438750905,0.02400000000000002,True
5.682945,4,99.256915,0.9645132482487069,0.03200000000000003,True
5.751994,3,99.264103,0.9619710809246825,0.02400000000000002,True
5.828784,2,99.271131,0.9626818148696288,0.016000000000000014,True
5.464529,3,99.279231,0.9596342878355058,0.02400000000000002,True
5.474865,4,99.288106,0.9592250699661694,0.03200000000000003,True
5.59425,4,99.297813,0.9637296849983821,0.03200000000000003,True
5.553738,4,99.307175,0.9642171092533071,0.03200000000000003,True
5.605537,4,99.316598,0.958416252880809,0.03200000000000003,True
5.82166,5,99.328816,0.9618916363269889,0.040000000000000036,True
5.759482,3,99.33563,0.962327007577883,0.02400000000000002,True
5.941478,4,99.344521,0.9643547182403336,0.03200000000000003,True
5.924265,3,99.352293,0.957563080199254,0.02400000000000002,True
5.507562,3,99.360568,0.9563136537495106,0.02400000000000002,True
5.947882,3,99.367532,0.9656924380581798,0.02400000000000002,True
5.694342,3,99.374351,0.9652731837074751,0.02400000000000002,True
5.312404,2,99.380269,0.9621540830362747,0.016000000000000014,True
5.687517,3,99.386682,0.9610693718326133,0.02400000000000002,True
5.782618,5,99.398563,0.9654147170420906,0.040000000000000036,True
5.639751,4,99.408231,0.9570953917484232,0.03200000000000003,True
5.657798,3,99.41545,0.9569907827738635,0.02400000000000002,True
5.640588,4,99.423292,0.9609210235050663,0.03200000000000003,True
5.896115,5,99.437543,0.9637816313912314,0.040000000000000036,True
5.722121,4,99.449549,0.9659637486001743,0.03200000000000003,True
5.825579,4,99.460591,0.9585294727056501,0.03200000000000003,True
5.631928,4,99.470209,0.9587410831492691,0.03200000000000003,True
5.570669,4,99.479701,0.965113363485,0.03200000000000003,True
5.625771,4,99.489833,0.9630781801584771,0.03200000000000003,True
5.497673,4,99.499119,0.9578437494074956,0.03200000000000003,True
5.519109,3,99.50579,0.9610287796160394,0.02400000000000002,True
5.651836,4,99.515802,0.9632860105873603,0.03200000000000003,True
5.588473,4,99.524757,0.9578382622374956,0.03200000000000003,True
5.595163,5,99.536866,0.9607053975347366,0.040000000000000036,True
5.644991,4,99.54519,0.959751769559205,0.03200000000000003,True
5.50515,4,99.555297,0.9618115813411502,0.03200000000000003,True
5.743997,4,99.564228,0.9622474599063376,0.03200000000000003,True
5.444044,2,99.569593,0.9636518218277821,0.016000000000000014,True
5.68593,4,99.578615,0.9606810783689687,0.03200000000000003,True
5.531521,4,99.587443,0.9637643534756658,0.03200000000000003,True
5.649666,4,99.596456,0.9647426976707636,0.03200000000000003,True
5.604362,4,99.613547,0.962217280412076,0.03200000000000003,True
5.812388,4,99.622583,0.9571938487346121,0.03200000000000003,True
5.792022,4,99.631212,0.9580355486540963,0.03200000000000003,True
5.611761,5,99.642437,0.9636339219500054,0.040000000000000036,True
5.843526,5,99.653508,0.9608457186352338,0.040000000000000036,True
5.703794,4,99.664945,0.9635915041529123,0.03200000000000003,True
5.789401,3,99.671741,0.961666147338637,0.02400000000000002,True
5.917752,4,99.681223,0.9586679825598874,0.03200000000000003,True
5.748835,4,99.690958,0.9574948691385078,0.03200000000000003,True
5.731759,5,99.7028,0.9595131021544373,0.040000000000000036,True
5.594066,4,99.711764,0.961877875182866,0.03200000000000003,True
5.74964,3,99.721193,0.9612723057577166,0.02400000000000002,True
5.772159,4,99.730155,0.9606125961966729,0.03200000000000003,True
5.701211,3,99.737391,0.9641167335086691,0.02400000000000002,True
5.749221,4,99.746372,0.9621090042118966,0.03200000000000003,True
5.751543,4,99.755513,0.9604879738467309,0.03200000000000003,True
5.825332,5,99.768314,0.9590006081062064,0.040000000000000036,True
5.349894,4,99.777186,0.9630781719423702,0.03200000000000003,True
5.821982,4,99.786003,0.9612452733682925,0.03200000000000003,True
5.637791,3,99.793656,0.9581540593146511,0.02400000000000002,True
5.548487,4,99.802501,0.9641654945325498,0.03200000000000003,True
5.814462,5,99.813918,0.9647484761817953,0.040000000000000036,True
5.737461,4,99.822737,0.9617775405412242,0.03200000000000003,True
5.56329,2,99.827281,0.9609932613413993,0.016000000000000014,True
5.712996,4,99.836379,0.9633735463471581,0.03200000000000003,True
5.677768,4,99.845304,0.9643991439709414,0.03200000000000003,True
5.673805,4,99.855449,0.9634529363594159,0.03200000000000003,True
5.422123,3,99.862444,0.9634238090639312,0.02400000000000002,True
5.383836,2,99.867877,0.9640457545398438,0.016000000000000014,True
5.673542,4,100.409953,0.9632308808659763,0.03200000000000003,True
5.80206,3,100.420515,0.9694530481666548,0.02400000000000002,True
5.855566,4,100.430975,0.9624346403765184,0.03200000000000003,True
5.79507,4,100.440781,0.9584317291809947,0.03200000000000003,True
5.452168,4,100.450566,0.9568858563950529,0.03200000000000003,True
5.642511,3,100.458027,0.9642415866379015,0.02400000000000002,True
5.996173,4,100.46827,0.9638415563273919,0.03200000000000003,True
5.630924,5,100.480026,0.9586015520119409,0.040000000000000036,True
5.440331,3,100.487001,0.9612322621951368,0.02400000000000002,True
5.831005,3,100.493189,0.9569874088731195,0.02400000000000002,True
6.005545,4,100.50317,0.9579148047802537,0.03200000000000003,True
5.533941,3,100.511129,0.9634656579099434,0.02400000000000002,True
5.820266,5,100.522352,0.9629015836656807,0.040000000000000036,True
5.65886,5,100.534313,0.9567189797848091,0.040000000000000036,True
5.611008,4,100.542887,0.9582357334390754,0.03200000000000003,True
5.77766,4,100.551942,0.9605084754970867,0.03200000000000003,True
5.878269,3,100.559383,0.9582377598916476,0.02400000000000002,True
5.515899,4,100.568525,0.957983734441886,0.03200000000000003,True
5.6637,4,100.577341,0.9602754491979663,0.03200000000000003,True
5.737133,4,100.585391,0.9645590000460436,0.03200000000000003,True
5.542516,5,100.597418,0.9613347028061892,0.040000000000000036,True
5.903522,3,100.604151,0.9619898831247589,0.02400000000000002,True
5.601875,5,100.615407,0.9634823763538531,0.040000000000000036,True
5.579969,4,100.623993,0.9586479548591075,0.03200000000000003,True
5.729758,4,100.633624,0.9616825684495844,0.03200000000000003,True
5.822514,4,100.642325,0.9607418202903593,0.03200000000000003,True
5.817375,4,100.652562,0.9567021055265567,0.03200000000000003,True
5.70161,4,100.661479,0.9593880478147099,0.03200000000000003,True
5.536234,4,100.670369,0.9634350039273065,0.03200000000000003,True
5.458063,4,100.679119,0.9632728479863166,0.03200000000000003,True
5.832286,3,100.687906,0.9616977691439574,0.02400000000000002,True
5.710375,5,100.698289,0.9654537470829951,0.040000000000000036,True
5.561604,4,100.707076,0.9621280297373247,0.03200000000000003,True
5.756454,4,100.716041,0.9582221189197073,0.03200000000000003,True
5.759433,4,100.726276,0.9638923020479102,0.03200000000000003,True
5.593797,4,100.735294,0.9614636528058049,0.03200000000000003,True
5.852573,4,100.744089,0.9568996283019843,0.03200000000000003,True
5.875215,2,100.747973,0.9616571112347473,0.016000000000000014,True
5.500651,4,100.758327,0.9595924564714872,0.03200000000000003,True
5.766383,4,100.767513,0.961039343896571,0.03200000000000003,True
5.480274,4,100.777485,0.9596894315471562,0.03200000000000003,True
5.363121,3,100.78426,0.9613104281228765,0.02400000000000002,True
5.812879,2,100.788966,0.9632574477929396,0.016000000000000014,True
5.51326,4,100.798008,0.9626246746722915,0.03200000000000003,True
5.508411,3,100.804708,0.9611656862926794,0.02400000000000002,True
5.447537,3,100.812339,0.9613890794357343,0.02400000000000002,True
5.486024,3,100.819142,0.9640250793639168,0.02400000000000002,True
5.469876,3,100.826752,0.9616344126913697,0.02400000000000002,True
5.398656,3,100.833433,0.9574948042957706,0.02400000000000002,True
5.821027,3,100.841309,0.9620696510591747,0.02400000000000002,True
5.769195,3,100.848686,0.960351887677177,0.02400000000000002,True
5.557009,3,100.855454,0.9632689146317643,0.02400000000000002,True
6.060026,4,100.86331,0.9622932566538855,0.03200000000000003,True
5.599625,3,100.871233,0.9605419269373685,0.02400000000000002,True
5.65801,4,100.880237,0.9617004520706749,0.03200000000000003,True
6.012232,4,100.889332,0.9596820526159118,0.03200000000000003,True
5.614394,4,100.898747,0.9595689183993139,0.03200000000000003,True
5.611783,4,100.908808,0.9589725177059073,0.03200000000000003,True
5.565738,4,100.919012,0.9633889307378958,0.03200000000000003,True
5.762748,4,100.928203,0.9613820688415544,0.03200000000000003,True
5.867102,4,100.937184,0.9584732777585524,0.03200000000000003,True
6.03705,4,100.946338,0.9618185938480908,0.03200000000000003,True
5.679515,5,100.958811,0.9587717831840754,0.040000000000000036,True
5.742793,3,100.966965,0.9631406406955514,0.02400000000000002,True
5.541754,4,100.976689,0.9662286094266708,0.03200000000000003,True
5.778078,4,100.985806,0.9609688669388374,0.03200000000000003,True
5.767573,4,100.994886,0.9641764216378256,0.03200000000000003,True
5.546305,3,101.002036,0.9603684145277593,0.02400000000000002,True
5.739477,3,101.528313,0.9654258320954665,0.02400000000000002,True
5.667142,4,101.538919,0.9620317757443176,0.03200000000000003,True
5.965696,4,101.549359,0.9578953464618756,0.03200000000000003,True
5.56418,4,101.55958,0.9595147202737864,0.03200000000000003,True
5.564079,3,101.568296,0.9583228178679836,0.02400000000000002,True
5.572592,4,101.578389,0.9623398510216599,0.03200000000000003,True
5.697849,4,101.590008,0.9616206643174893,0.03200000000000003,True
5.634466,5,101.602447,0.9618203436162998,0.040000000000000036,True
5.596603,3,101.610081,0.9591350314127636,0.02400000000000002,True
5.746304,3,101.617913,0.9613885372892979,0.02400000000000002,True
5.866079,3,101.62468,0.963987018675212,0.02400000000000002,True
6.075196,4,101.634508,0.9616700018953965,0.03200000000000003,True
5.498676,3,101.641734,0.9621347784830274,0.02400000000000002,True
5.645906,4,101.651036,0.9625188729676064,0.03200000000000003,True
5.615527,4,101.660433,0.9598938527266693,0.03200000000000003,True
5.691975,4,101.673363,0.959052366231633,0.03200000000000003,True
5.960376,4,101.684266,0.9639836596735871,0.03200000000000003,True
5.55855,4,101.694048,0.9595215814408404,0.03200000000000003,True
5.414104,3,101.700769,0.9633806337150397,0.02400000000000002,True
5.763679,3,101.706772,0.9600468767750605,0.02400000000000002,True
5.594271,4,101.715673,0.9651743018308503,0.03200000000000003,True
5.77825,4,101.726371,0.9601460150830448,0.03200000000000003,True
5.683452,3,101.733017,0.9610748794444184,0.02400000000000002,True
5.58119,4,101.742377,0.9577206703191768,0.03200000000000003,True
5.408483,3,101.749066,0.9659488985554425,0.02400000000000002,True
5.45796,4,101.758872,0.9597368264796831,0.03200000000000003,True
5.513796,5,101.770515,0.9639882765915302,0.040000000000000036,True
5.664432,4,101.778894,0.9569079032609968,0.03200000000000003,True
5.489827,3,101.785964,0.9621409684075124,0.02400000000000002,True
5.8875,5,101.798298,0.9593392043496525,0.040000000000000036,True
5.854342,5,101.80968,0.9597772118005232,0.040000000000000036,True
5.694231,3,101.81753,0.9619075031534723,0.02400000000000002,True
5.953783,4,101.826887,0.9572492263706891,0.03200000000000003,True
5.536978,3,101.835154,0.9653720870607125,0.02400000000000002,True
5.485209,4,101.844402,0.9663901270094051,0.03200000000000003,True
5.328313,3,101.852771,0.9644274092328078,0.02400000000000002,True
5.558721,3,101.859392,0.9633354563529062,0.02400000000000002,True
5.446643,4,101.869046,0.9645180756651248,0.03200000000000003,True
5.496338,3,101.87579,0.9604559025461659,0.02400000000000002,True
5.772519,5,101.886783,0.9642418580854031,0.040000000000000036,True
5.441111,3,101.89399,0.9666399826515375,0.02400000000000002,True
5.866149,4,101.902847,0.9583019143488898,0.03200000000000003,True
5.730756,4,101.911477,0.958269289722679,0.03200000000000003,True
5.785749,4,101.922656,0.9607202606224623,0.03200000000000003,True
5.670754,3,101.930067,0.95748271229597,0.02400000000000002,True
5.578746,4,101.938965,0.9615464373465876,0.03200000000000003,True
5.736842,4,101.948115,0.9578715916816442,0.03200000000000003,True
5.620749,5,101.962265,0.9603405205597162,0.040000000000000036,True
5.950596,3,101.97132,0.9626695550743248,0.02400000000000002,True
5.603545,4,101.982259,0.9609539059280403,0.03200000000000003,True
5.563655,3,101.991325,0.9633309467216347,0.02400000000000002,True
5.642407,4,102.001505,0.9603752213213727,0.03200000000000003,True
5.799021,4,102.011705,0.9626453192831357,0.03200000000000003,True
5.67229,5,102.022917,0.9619925601805449,0.040000000000000036,True
5.857689,5,102.034906,0.9623962213297135,0.040000000000000036,True
5.812692,5,102.046172,0.9586945401090985,0.040000000000000036,True
5.837034,5,102.056662,0.9636663472453784,0.040000000000000036,True
5.651986,3,102.063731,0.9602183495777501,0.02400000000000002,True
5.596855,4,102.072916,0.9577787078021686,0.03200000000000003,True
5.592421,4,102.081531,0.961182900990587,0.03200000000000003,True
5.480516,4,102.090245,0.9576075819649241,0.03200000000000003,True
5.802631,4,102.09941,0.962213142232661,0.03200000000000003,True
5.567941,4,102.1081,0.9564596045974427,0.03200000000000003,True
5.829297,4,102.117606,0.9645493783567054,0.03200000000000003,True
5.69913,3,102.125677,0.96073666755864,0.02400000000000002,True
5.732596,3,102.131766,0.9606216973200382,0.02400000000000002,True
5.494683,3,102.13855,0.9613202433456899,0.02400000000000002,True
5.672379,2,102.144999,0.9566303615598029,0.016000000000000014,True
5.789336,5,102.674165,0.9645664717390298,0.040000000000000036,True
5.745192,4,102.686073,0.9586336170665009,0.03200000000000003,True
5.776462,5,102.697444,0.9594326151450278,0.040000000000000036,True
5.529678,4,102.706117,0.9591261757905716,0.03200000000000003,True
5.590523,4,102.714608,0.964994717208125,0.03200000000000003,True
5.839288,2,102.71989,0.9612618995270366,0.016000000000000014,True
5.552353,3,102.728159,0.9619605496136308,0.02400000000000002,True
5.569825,4,102.736364,0.9633752430470308,0.03200000000000003,True
5.778556,5,102.747958,0.9622037125259632,0.040000000000000036,True
5.766066,5,102.758721,0.9585066972379043,0.040000000000000036,True
5.772527,5,102.770128,0.9568776686447276,0.040000000000000036,True
5.68643,4,102.779182,0.9642727111080285,0.03200000000000003,True
5.398363,3,102.78633,0.9575481223818827,0.02400000000000002,True
5.671858,4,102.795939,0.9644151912540498,0.03200000000000003,True
5.372591,3,102.803694,0.9592251258722265,0.02400000000000002,True
5.550246,3,102.811002,0.9656766055709686,0.02400000000000002,True
5.627327,3,102.818157,0.9635097883156986,0.02400000000000002,True
5.674721,3,102.825323,0.9623889187743335,0.02400000000000002,True
5.51034,4,102.835312,0.9674474804915087,0.03200000000000003,True
5.407848,3,102.841158,0.9660764650653815,0.02400000000000002,True
5.578126,4,102.850574,0.9606744222366321,0.03200000000000003,True
5.634446,2,102.856521,0.9590455213509954,0.016000000000000014,True
5.672975,4,102.866024,0.9570057612617535,0.03200000000000003,True
5.515058,4,102.875267,0.9630204476480307,0.03200000000000003,True
6.019906,4,102.885242,0.963989580890086,0.03200000000000003,True
5.382791,3,102.89237,0.9626066928685507,0.02400000000000002,True
5.794429,4,102.901135,0.957103300955051,0.03200000000000003,True
5.515335,4,102.910239,0.966768178643391,0.03200000000000003,True
5.796644,5,102.923085,0.9602445692792988,0.040000000000000036,True
5.962405,4,102.932091,0.9594961080019464,0.03200000000000003,True
5.677204,4,102.941178,0.9631885135320762,0.03200000000000003,True
5.688998,3,102.947756,0.9597176904442271,0.02400000000000002,True
5.529766,3,102.954101,0.9596126845685787,0.02400000000000002,True
5.492134,3,102.961606,0.9586706097249549,0.02400000000000002,True
5.539199,3,102.969433,0.9586249425734734,0.02400000000000002,True
5.516402,3,102.975356,0.9628957983359445,0.02400000000000002,True
5.622551,4,102.984775,0.9584024613412379,0.03200000000000003,True
5.730916,4,102.993426,0.9629567350261908,0.03200000000000003,True
5.797596,4,103.002282,0.9589207875995054,0.03200000000000003,True
5.626569,4,103.011851,0.9629781796396562,0.03200000000000003,True
5.764364,4,103.022308,0.9606197157867207,0.03200000000000003,True
5.800303,3,103.029409,0.9573566497538993,0.02400000000000002,True
5.655632,4,103.039219,0.9646912170062891,0.03200000000000003,True
5.681358,4,103.048139,0.9611644060857164,0.03200000000000003,True
5.793409,4,103.057358,0.9636456054529985,0.03200000000000003,True
5.747474,4,103.066233,0.9614559735426691,0.03200000000000003,True
5.399923,3,103.073778,0.9593182295560798,0.02400000000000002,True
5.508575,4,103.082794,0.9659240236569416,0.03200000000000003,True
5.440125,4,103.09174,0.959423349905953,0.03200000000000003,True
5.967136,4,103.100532,0.9609152779021527,0.03200000000000003,True
5.453558,3,103.108147,0.9668928147632213,0.02400000000000002,True
5.590371,4,103.117571,0.9644713017413863,0.03200000000000003,True
5.781445,3,103.125527,0.962217417082849,0.02400000000000002,True
5.551638,5,103.137085,0.9653205573349655,0.040000000000000036,True
5.83887,4,103.146889,0.9636249419598757,0.03200000000000003,True
5.468864,3,103.155371,0.9592110089915469,0.02400000000000002,True
6.028228,5,103.168458,0.9567952424437234,0.040000000000000036,True
5.472728,4,103.177344,0.9601439238707685,0.03200000000000003,True
5.516493,3,103.184653,0.9639881062227573,0.02400000000000002,True
5.678422,3,103.192265,0.9640833765306747,0.02400000000000002,True
5.744111,3,103.200202,0.9603543275397602,0.02400000000000002,True
5.817929,5,103.211185,0.9619867314053446,0.040000000000000036,True
5.76349,3,103.218707,0.9606499885431172,0.02400000000000002,True
5.528557,3,103.226217,0.961668287438108,0.02400000000000002,True
5.859527,5,103.237891,0.9620697752888845,0.040000000000000036,True
5.539216,4,103.246705,0.9650489362530392,0.03200000000000003,True
5.429884,3,103.253052,0.9587354847155858,0.02400000000000002,True
5.689051,3,103.260564,0.9617376655937202,0.02400000000000002,True
5.741285,4,103.269643,0.9599607498386342,0.03200000000000003,True
5.487864,4,103.82422,0.9625950977412425,0.03200000000000003,True
5.514432,4,103.835083,0.9583682482132261,0.03200000000000003,True
5.701545,3,103.843699,0.963530060052183,0.02400000000000002,True
5.659976,3,103.852341,0.9660829322313323,0.02400000000000002,True
5.66917,4,103.861199,0.9590165372073132,0.03200000000000003,True
5.832189,4,103.870884,0.9609282190178778,0.03200000000000003,True
5.561137,4,103.880182,0.9647324834741893,0.03200000000000003,True
5.745067,5,103.890716,0.9571986405299813,0.040000000000000036,True
5.83882,4,103.97518,0.9617351864049306,0.03200000000000003,True
5.607458,3,103.982427,0.9578789803733196,0.02400000000000002,True
5.780367,4,103.991748,0.9592018315411471,0.03200000000000003,True
5.678506,3,103.999427,0.9590986641084529,0.02400000000000002,True
5.573316,4,104.00873,0.9644999418803755,0.03200000000000003,True
5.624389,4,104.016963,0.9620850816914004,0.03200000000000003,True
5.909483,4,104.027379,0.9613857746063114,0.03200000000000003,True
5.446129,4,104.036417,0.9610167804807865,0.03200000000000003,True
5.724317,4,104.045546,0.9652520977061563,0.03200000000000003,True
5.587824,4,104.054485,0.9612322106871353,0.03200000000000003,True
5.420465,3,104.061456,0.960042560543475,0.02400000000000002,True
5.630971,4,104.070404,0.9620344592383385,0.03200000000000003,True
5.963995,3,104.077943,0.9584232171154503,0.02400000000000002,True
5.764157,4,104.086932,0.9606033123645763,0.03200000000000003,True
5.650492,3,104.094244,0.9604800709981552,0.02400000000000002,True
5.727474,4,104.103415,0.9588881879337516,0.03200000000000003,True
5.733457,3,104.110774,0.9616089958741216,0.02400000000000002,True
5.752351,5,104.123103,0.9588692828425727,0.040000000000000036,True
5.539208,4,104.132125,0.9592207423020669,0.03200000000000003,True
5.910634,4,104.142721,0.9581969580099569,0.03200000000000003,True
5.79761,4,104.152633,0.9630503790884237,0.03200000000000003,True
5.727675,4,104.162751,0.9614608137678778,0.03200000000000003,True
5.596309,4,104.171989,0.9603573819881501,0.03200000000000003,True
5.528662,4,104.181033,0.9600954036594941,0.03200000000000003,True
5.486421,3,104.188697,0.9584159621954782,0.02400000000000002,True
5.596458,4,104.197209,0.9587203162658406,0.03200000000000003,True
5.600492,4,104.207039,0.960017334213925,0.03200000000000003,True
5.608821,3,104.213863,0.9608842094490071,0.02400000000000002,True
5.852669,4,104.223185,0.9681363035342772,0.03200000000000003,True
5.434786,3,104.229726,0.9673177583896538,0.02400000000000002,True
5.607022,3,104.238656,0.959679914459038,0.02400000000000002,True
5.573893,3,104.246268,0.9622783054145645,0.02400000000000002,True
5.568633,3,104.254023,0.9616791879420926,0.02400000000000002,True
5.55354,3,104.263426,0.9636566210414778,0.02400000000000002,True
5.471495,3,104.270773,0.9612583370164618,0.02400000000000002,True
5.839876,4,104.280535,0.9621414269723167,0.03200000000000003,True
5.794706,4,104.289963,0.9590040324095656,0.03200000000000003,True
5.642812,4,104.300168,0.9628723301784825,0.03200000000000003,True
5.490031,4,104.309714,0.9588304932774999,0.03200000000000003,True
5.820584,4,104.31813,0.9604132806642758,0.03200000000000003,True
5.825552,4,104.327912,0.9645165189576845,0.03200000000000003,True
5.871376,5,104.340186,0.9612998491799299,0.040000000000000036,True
5.578743,4,104.351187,0.9572511523104648,0.03200000000000003,True
5.784342,3,104.358757,0.9635259209340545,0.02400000000000002,True
5.571694,4,104.367805,0.9628532868757721,0.03200000000000003,True
5.576258,4,104.379424,0.9608121048059459,0.03200000000000003,True
5.819925,3,104.388325,0.9608636378387412,0.02400000000000002,True
5.743459,3,104.399243,0.9600581408751407,0.02400000000000002,True
5.742994,4,104.413388,0.9607319750447942,0.03200000000000003,True
5.773188,4,104.423589,0.9576737097417103,0.03200000000000003,True
5.337816,2,104.429255,0.9636917123274344,0.016000000000000014,True
5.516413,4,104.43831,0.9588932593986037,0.03200000000000003,True
5.651133,4,104.448077,0.9596814335507245,0.03200000000000003,True
5.987101,3,104.455315,0.9618045024776647,0.02400000000000002,True
5.273101,2,104.460523,0.9613993376827896,0.016000000000000014,True
5.620864,4,104.4699,0.9592480004740374,0.03200000000000003,True
5.458489,3,104.47738,0.9641748564495423,0.02400000000000002,True
5.646989,3,104.484239,0.9591406740213491,0.02400000000000002,True
5.612871,2,104.489274,0.9636032865685706,0.016000000000000014,True
5.638169,2,104.494297,0.9588923220191152,0.016000000000000014,True
5.474754,4,104.503299,0.9624654875422871,0.03200000000000003,True
5.916603,5,104.514593,0.9618916119864144,0.040000000000000036,True
5.580844,4,105.048274,0.9604573393013919,0.03200000000000003,True
5.653025,4,105.057958,0.9620451627056709,0.03200000000000003,True
5.99043,3,105.064821,0.9620829604548723,0.02400000000000002,True
5.660068,3,105.072801,0.9637357702509293,0.02400000000000002,True
5.614745,3,105.079145,0.9566867526031873,0.02400000000000002,True
5.707601,5,105.090962,0.9648084702654716,0.040000000000000036,True
5.837851,5,105.103727,0.9594278551484537,0.040000000000000036,True
5.524561,4,105.113549,0.9572686942390605,0.03200000000000003,True
5.583026,3,105.120789,0.9610285283008717,0.02400000000000002,True
5.657551,5,105.133175,0.9589080293004384,0.040000000000000036,True
5.450289,2,105.13801,0.9578402473129818,0.016000000000000014,True
5.76034,3,105.145965,0.9603317131320099,0.02400000000000002,True
5.346723,3,105.153416,0.9582581444268535,0.02400000000000002,True
5.804906,4,105.162562,0.9632083486903844,0.03200000000000003,True
5.874219,3,105.170049,0.9612878723676413,0.02400000000000002,True
5.488661,4,105.179068,0.9596118509266742,0.03200000000000003,True
5.496269,3,105.186765,0.9592480789679727,0.02400000000000002,True
5.628905,3,105.194505,0.9614935866342982,0.02400000000000002,True
5.761235,5,105.206434,0.9597100343868503,0.040000000000000036,True
5.532655,4,105.21583,0.9609155528383208,0.03200000000000003,True
5.62724,4,105.225236,0.960281075507209,0.03200000000000003,True
5.464859,4,105.2356,0.9618160745500641,0.03200000000000003,True
5.760375,4,105.244327,0.9629631692929523,0.03200000000000003,True
5.7272,3,105.25136,0.958232651554047,0.02400000000000002,True
5.708929,4,105.260508,0.9633146304262485,0.03200000000000003,True
5.552217,4,105.26961,0.9634695882276959,0.03200000000000003,True
5.509541,3,105.27628,0.9607208387673519,0.02400000000000002,True
5.806276,3,105.283582,0.9642238528905075,0.02400000000000002,True
5.833721,5,105.294777,0.9625150649462082,0.040000000000000036,True
5.89798,5,105.307684,0.9625998269348619,0.040000000000000036,True
5.646918,4,105.317844,0.9618867136897971,0.03200000000000003,True
5.629699,4,105.326663,0.9613218375718052,0.03200000000000003,True
5.733077,3,105.333181,0.9617301551304072,0.02400000000000002,True
5.519591,3,105.339114,0.9619809868337847,0.02400000000000002,True
5.859078,4,105.348145,0.9608509869675664,0.03200000000000003,True
5.866826,4,105.357861,0.962010095347567,0.03200000000000003,True
5.53218,3,105.36446,0.9605946651513929,0.02400000000000002,True
5.555965,4,105.373832,0.9655242291759227,0.03200000000000003,True
5.725726,5,105.385517,0.9585046968686747,0.040000000000000036,True
5.857798,4,105.395246,0.9634123033529609,0.03200000000000003,True
5.650199,4,105.405676,0.9635925479059985,0.03200000000000003,True
5.856175,4,105.414717,0.9592117190396139,0.03200000000000003,True
5.4709,3,105.424344,0.9605602917214142,0.02400000000000002,True
5.457147,4,105.4375,0.9589174957804254,0.03200000000000003,True
5.632533,4,105.451433,0.9614863893633185,0.03200000000000003,True
5.848558,4,105.460104,0.9585613211140755,0.03200000000000003,True
6.016069,3,105.467851,0.9574973122196057,0.02400000000000002,True
5.619262,3,105.474474,0.9629764161520018,0.02400000000000002,True
5.735731,3,105.480518,0.9645266321918887,0.02400000000000002,True
5.781663,5,105.492979,0.9607814215598657,0.040000000000000036,True
5.569276,5,105.503253,0.9577383812652132,0.040000000000000036,True
5.523264,4,105.512086,0.9596399031735832,0.03200000000000003,True
5.570854,3,105.519446,0.964474083083759,0.02400000000000002,True
5.547225,3,105.526331,0.9617266947518817,0.02400000000000002,True
5.865493,4,105.535209,0.9588312543890252,0.03200000000000003,True
5.944195,2,105.5405,0.95662572778427,0.016000000000000014,True
5.80499,4,105.54868,0.9622096256528601,0.03200000000000003,True
5.967422,5,105.560216,0.9630712001301318,0.040000000000000036,True
5.489766,3,105.567845,0.9621912620564561,0.02400000000000002,True
5.396709,3,105.575106,0.9598591568705057,0.02400000000000002,True
5.624043,3,105.581961,0.9640880170938441,0.02400000000000002,True
5.706785,4,105.591118,0.9623568030510901,0.03200000000000003,True
5.843731,5,105.601939,0.9595554562682826,0.040000000000000036,True
5.809599,3,105.60937,0.9602622438955719,0.02400000000000002,True
5.836418,3,105.615376,0.9634800900404696,0.02400000000000002,True
5.807682,5,105.627903,0.9640034927504936,0.040000000000000036,True
5.632894,5,105.639762,0.9613111090902218,0.040000000000000036,True
5.373181,3,105.647631,0.9633813402769296,0.02400000000000002,True
5.42527,3,105.654419,0.9600865785467168,0.02400000000000002,True
5.45524,3,106.18269,0.9656293570226089,0.02400000000000002,True
5.703705,4,106.192271,0.9591691924858496,0.03200000000000003,True
6.023111,4,106.201888,0.9611424427276424,0.03200000000000003,True
5.671443,3,106.208785,0.9602078208386376,0.02400000000000002,True
5.663973,4,106.218326,0.9597486441840751,0.03200000000000003,True
5.702381,4,106.227892,0.9594271921817403,0.03200000000000003,True
5.503061,5,106.240134,0.9585397293423468,0.040000000000000036,True
5.534413,4,106.250466,0.9634598369526457,0.03200000000000003,True
5.643438,4,106.259851,0.9621690373036689,0.03200000000000003,True
5.960497,3,106.267229,0.9596283339134509,0.02400000000000002,True
5.678132,3,106.273476,0.9561714105020803,0.02400000000000002,True
5.40887,4,106.28328,0.9632827572957163,0.03200000000000003,True
5.657698,5,106.296172,0.9598050525681572,0.040000000000000036,True
5.660523,3,106.303757,0.9579666169518553,0.02400000000000002,True
5.670241,4,106.312991,0.9603420645062768,0.03200000000000003,True
5.766605,4,106.321912,0.9589540584591674,0.03200000000000003,True
5.989367,4,106.331086,0.956586399083038,0.03200000000000003,True
5.683446,3,106.338362,0.9619012340470486,0.02400000000000002,True
5.609006,4,106.347766,0.9624141722107825,0.03200000000000003,True
5.829193,3,106.355127,0.9646189893729264,0.02400000000000002,True
5.59084,4,106.364878,0.9639613831203262,0.03200000000000003,True
5.886174,5,106.376414,0.9625255062231941,0.040000000000000036,True
5.664786,4,106.384529,0.9655848454089402,0.03200000000000003,True
5.619472,4,106.394052,0.9566727416092053,0.03200000000000003,True
5.782778,4,106.403979,0.9606253314065809,0.03200000000000003,True
5.782343,4,106.412682,0.9589994187347666,0.03200000000000003,True
5.613064,3,106.420312,0.95997960036966,0.02400000000000002,True
5.883951,5,106.432222,0.9609197275270653,0.040000000000000036,True
5.780945,4,106.443895,0.957996834150501,0.03200000000000003,True
5.809091,4,106.458686,0.9621936484388504,0.03200000000000003,True
5.704407,4,106.473143,0.9567122721043608,0.03200000000000003,True
5.688319,3,106.483975,0.9580952390605497,0.02400000000000002,True
5.598544,4,106.494286,0.95864648688595,0.03200000000000003,True
5.781533,4,106.503286,0.965785044569933,0.03200000000000003,True
5.95261,3,106.511138,0.9619941065530733,0.02400000000000002,True
5.59532,3,106.51805,0.9569111208389588,0.02400000000000002,True
5.554031,3,106.525513,0.9647496517972183,0.02400000000000002,True
5.614084,4,106.534813,0.9602341830173291,0.03200000000000003,True
5.794365,3,106.542478,0.9599430216000973,0.02400000000000002,True
5.803415,4,106.551876,0.9608725148963533,0.03200000000000003,True
5.656699,3,106.559193,0.9582404923442968,0.02400000000000002,True
5.721946,3,106.567053,0.9643175550027222,0.02400000000000002,True
5.662499,3,106.573771,0.9595667376755385,0.02400000000000002,True
5.686411,4,106.584163,0.9694027125482749,0.03200000000000003,True
5.601058,5,106.596746,0.9631912991996678,0.040000000000000036,True
5.678766,4,106.606126,0.9669191977558247,0.03200000000000003,True
5.370808,3,106.613973,0.9603528587051456,0.02400000000000002,True
5.646603,3,106.621579,0.9634609562667222,0.02400000000000002,True
5.645018,2,106.625287,0.9625632201236104,0.016000000000000014,True
5.575016,3,106.633471,0.9594970527888377,0.02400000000000002,True
5.740669,3,106.64128,0.9643823385937882,0.02400000000000002,True
5.695151,4,106.650508,0.9598430178912363,0.03200000000000003,True
5.871364,4,106.660054,0.9604562305470827,0.03200000000000003,True
5.517007,4,106.67071,0.9651906903587458,0.03200000000000003,True
6.001606,4,106.68104,0.9595917142875576,0.03200000000000003,True
5.768005,3,106.688348,0.9630725388117316,0.02400000000000002,True
5.758847,5,106.699452,0.9610941206969763,0.040000000000000036,True
5.540738,4,106.708413,0.961065785184529,0.03200000000000003,True
5.633426,4,106.717708,0.9581583193834795,0.03200000000000003,True
5.650317,4,106.727685,0.961843015577324,0.03200000000000003,True
5.714677,4,106.736646,0.9588780243274795,0.03200000000000003,True
5.899815,5,106.75071,0.960179309201976,0.040000000000000036,True
5.748406,4,106.761107,0.9612237540844536,0.03200000000000003,True
6.027753,4,106.770512,0.9560612552434006,0.03200000000000003,True
5.789735,3,106.777676,0.9633414173435735,0.02400000000000002,True
5.629039,3,106.785731,0.9601626931024612,0.02400000000000002,True
5.633916,5,106.797472,0.9583032474622073,0.040000000000000036,True
5.428622,3,106.80376,0.9609730835289159,0.02400000000000002,True
5.441248,4,106.813865,0.9608831121892006,0.03200000000000003,True
5.528481,3,107.341625,0.9593670207166742,0.02400000000000002,True
5.86861,5,107.353765,0.9666642362063081,0.040000000000000036,True
5.445029,4,107.363098,0.9589206332928654,0.03200000000000003,True
5.575785,5,107.375208,0.961757876409961,0.040000000000000036,True
5.791167,4,107.384478,0.9667779571596302,0.03200000000000003,True
5.773062,4,107.394016,0.9656356290481086,0.03200000000000003,True
5.434324,3,107.401499,0.9575428158846483,0.02400000000000002,True
5.711092,4,107.412301,0.9638894886971909,0.03200000000000003,True
5.676354,3,107.418446,0.9591904374434466,0.02400000000000002,True
5.775637,4,107.427568,0.9637662390971723,0.03200000000000003,True
6.041089,4,107.439131,0.9630736344220407,0.03200000000000003,True
5.677427,4,107.451799,0.9606448335896973,0.03200000000000003,True
5.438836,3,107.461194,0.9626931382068266,0.02400000000000002,True
5.629468,3,107.468172,0.9663698897828027,0.02400000000000002,True
5.847627,4,107.476763,0.9611833222953194,0.03200000000000003,True
5.598399,4,107.486285,0.9648476506004519,0.03200000000000003,True
5.629827,5,107.503966,0.9604613689355592,0.040000000000000036,True
5.615136,3,107.51698,0.9566944779134107,0.02400000000000002,True
5.522854,3,107.526458,0.960592423760283,0.02400000000000002,True
5.84365,4,107.536608,0.9634969746205192,0.03200000000000003,True
5.649689,2,107.540518,0.9600319519113587,0.016000000000000014,True
5.510792,4,107.550318,0.9607693868988413,0.03200000000000003,True
5.690384,4,107.562464,0.9640029079049888,0.03200000000000003,True
5.636244,4,107.571577,0.9630358568519959,0.03200000000000003,True
5.758326,4,107.581766,0.9617043540738255,0.03200000000000003,True
5.747117,5,107.59394,0.965002690253612,0.040000000000000036,True
5.740973,3,107.600911,0.9583908342780634,0.02400000000000002,True
5.581307,5,107.612325,0.9648492228909851,0.040000000000000036,True
5.738813,4,107.621874,0.9652266404116412,0.03200000000000003,True
5.554533,4,107.631917,0.9608184761729008,0.03200000000000003,True
5.936253,4,107.641079,0.9612962137092596,0.03200000000000003,True
5.718409,3,107.648556,0.9626370048703153,0.02400000000000002,True
6.019282,3,107.655206,0.9616066940843448,0.02400000000000002,True
5.71465,4,107.668219,0.9626051658924983,0.03200000000000003,True
6.122226,4,107.68244,0.9588249211808617,0.03200000000000003,True
5.898063,3,107.694388,0.9641231330062753,0.02400000000000002,True
5.804717,4,107.709931,0.9594283083030721,0.03200000000000003,True
5.949819,4,107.723449,0.9653282706577511,0.03200000000000003,True
5.627451,4,107.739165,0.959526575737149,0.03200000000000003,True
5.831844,5,107.757011,0.9567658979189944,0.040000000000000036,True
5.682024,4,107.771454,0.9580276233133664,0.03200000000000003,True
5.729447,4,107.785476,0.9582989392728347,0.03200000000000003,True
5.557774,4,107.800147,0.9600610528214938,0.03200000000000003,True
5.800548,5,107.81418,0.9634821060153385,0.040000000000000036,True
5.632146,5,107.828393,0.9627905010629874,0.040000000000000036,True
5.884551,4,107.841439,0.9613537157025821,0.03200000000000003,True
5.66089,5,107.857529,0.9595823850692387,0.040000000000000036,True
5.785744,4,107.87015,0.9567237792261185,0.03200000000000003,True
5.616417,4,107.881904,0.9630941381821574,0.03200000000000003,True
5.960517,5,107.896845,0.9620696695764,0.040000000000000036,True
5.659932,5,107.912343,0.9596345963557704,0.040000000000000036,True
5.710516,4,107.923922,0.962464304057406,0.03200000000000003,True
5.512672,4,107.938343,0.9624861876298477,0.03200000000000003,True
5.603898,3,107.949108,0.962333157869605,0.02400000000000002,True
5.720981,4,107.961919,0.9640336586801196,0.03200000000000003,True
5.59165,4,107.974903,0.960764579066622,0.03200000000000003,True
5.686457,4,107.989927,0.9657727404396919,0.03200000000000003,True
5.856307,4,108.002188,0.9583873518842819,0.03200000000000003,True
5.785953,4,108.013682,0.9623852310216146,0.03200000000000003,True
6.05533,4,108.025038,0.9587536993235666,0.03200000000000003,True
5.430441,3,108.034199,0.9594311959844493,0.02400000000000002,True
5.541433,4,108.045612,0.9596412718004677,0.03200000000000003,True
5.67908,4,108.057223,0.9563970494246706,0.03200000000000003,True
5.669619,4,108.069214,0.9599139472978961,0.03200000000000003,True
5.446769,4,108.081225,0.9587426179294396,0.03200000000000003,True
5.775713,4,108.79286,0.9584763179328689,0.03200000000000003,True
5.815552,4,108.806097,0.9658744519678333,0.03200000000000003,True
5.61537,5,108.821123,0.9637553477929408,0.040000000000000036,True
5.620458,2,108.827582,0.9648333449570153,0.016000000000000014,True
5.499747,3,108.837168,0.9556421660684438,0.02400000000000002,True
5.622162,5,108.851138,0.9612245340676544,0.040000000000000036,True
5.580535,4,108.863248,0.9644408822861825,0.03200000000000003,True
5.472595,4,108.879295,0.960439163263952,0.03200000000000003,True
5.528454,4,108.891717,0.9573819333574799,0.03200000000000003,True
5.891098,3,108.900138,0.9658045379102658,0.02400000000000002,True
5.752218,4,108.91168,0.9604141445972902,0.03200000000000003,True
5.524037,3,108.921237,0.9588425563307627,0.02400000000000002,True
5.491617,4,108.933342,0.9599776888234375,0.03200000000000003,True
5.591385,4,108.947033,0.9612828348589473,0.03200000000000003,True
5.881521,3,108.955288,0.9614306506497905,0.02400000000000002,True
5.575677,3,108.964921,0.9586164143459001,0.02400000000000002,True
5.726504,3,108.974527,0.9596460716974131,0.02400000000000002,True
5.505777,4,108.987384,0.9564061652719147,0.03200000000000003,True
5.516323,3,108.996331,0.9624901668247197,0.02400000000000002,True
5.804597,4,109.007764,0.9590305821476856,0.03200000000000003,True
5.477112,3,109.017034,0.9601002672701131,0.02400000000000002,True
5.820732,4,109.028353,0.9590666572391044,0.03200000000000003,True
5.822361,4,109.0399,0.9598525528338893,0.03200000000000003,True
5.800288,4,109.051151,0.9632467333418263,0.03200000000000003,True
5.627708,4,109.062256,0.9592101693429766,0.03200000000000003,True
5.838319,4,109.075227,0.9602282085479685,0.03200000000000003,True
5.650141,4,109.087231,0.9616935198248993,0.03200000000000003,True
5.477009,3,109.096319,0.9592623201119995,0.02400000000000002,True
5.534919,4,109.111685,0.9626757647593429,0.03200000000000003,True
5.687022,3,109.122661,0.9621137924860612,0.02400000000000002,True
5.538996,3,109.133128,0.9616790862847981,0.02400000000000002,True
5.680886,4,109.146209,0.9655206904349336,0.03200000000000003,True
5.58874,5,109.163727,0.9612632203860523,0.040000000000000036,True
5.719982,3,109.175649,0.9645959499084208,0.02400000000000002,True
5.47908,3,109.185777,0.9638936198345883,0.02400000000000002,True
5.582375,4,109.201456,0.959656170714082,0.03200000000000003,True
5.732582,3,109.210415,0.9624698886859508,0.02400000000000002,True
5.468111,3,109.220929,0.9598277223629159,0.02400000000000002,True
5.847436,5,109.236195,0.9632415509795342,0.040000000000000036,True
5.693844,4,109.24877,0.9612973619212636,0.03200000000000003,True
5.877565,5,109.263969,0.9617974162708751,0.040000000000000036,True
5.673582,3,109.275204,0.959201378586116,0.02400000000000002,True
5.824149,4,109.289912,0.9578516656451244,0.03200000000000003,True
5.749941,3,109.300317,0.9633963387381287,0.02400000000000002,True
5.885426,4,109.313072,0.9628029835502581,0.03200000000000003,True
5.861598,5,109.328886,0.96082430527023,0.040000000000000036,True
5.814167,4,109.343358,0.9639513828614593,0.03200000000000003,True
5.518932,4,109.358049,0.9594637077135797,0.03200000000000003,True
5.488138,5,109.373877,0.9610935053675782,0.040000000000000036,True
5.715072,4,109.385767,0.9592554675349156,0.03200000000000003,True
5.801049,4,109.397788,0.961033238786978,0.03200000000000003,True
5.554127,3,109.40723,0.9631431406792638,0.02400000000000002,True
5.652534,4,109.419133,0.9624027989716102,0.03200000000000003,True
5.814636,3,109.428297,0.9609044935868944,0.02400000000000002,True
5.743733,3,109.438043,0.9593932641861268,0.02400000000000002,True
5.66694,5,109.456034,0.9626232554932828,0.040000000000000036,True
5.877332,5,109.471649,0.9625454556935545,0.040000000000000036,True
5.665792,3,109.480359,0.9586263375523835,0.02400000000000002,True
5.549681,4,109.492006,0.9600554351330935,0.03200000000000003,True
5.546646,4,109.503519,0.9574236791209056,0.03200000000000003,True
5.331667,2,109.510084,0.958777292206467,0.016000000000000014,True
5.537475,4,109.521678,0.9661874298102575,0.03200000000000003,True
5.568927,4,109.533489,0.9617944550805617,0.03200000000000003,True
5.714418,4,109.544818,0.9592753862479058,0.03200000000000003,True
5.856989,4,109.556094,0.9604705166145816,0.03200000000000003,True
5.602527,4,109.567961,0.9638990552715321,0.03200000000000003,True
5.902858,2,109.574568,0.956583870202234,0.016000000000000014,True
5.761586,4,109.586777,0.9634528029970426,0.03200000000000003,True
5.497154,4,110.311716,0.9608127508756639,0.03200000000000003,True
5.661092,3,110.427598,0.9590303199735105,0.02400000000000002,True
5.369562,2,110.433091,0.9605768441776027,0.016000000000000014,True
5.626301,4,110.445979,0.9641860517924353,0.03200000000000003,True
5.717383,3,110.456115,0.9603583574917791,0.02400000000000002,True
5.540387,3,110.465247,0.9617518933095769,0.02400000000000002,True
5.793041,3,110.474923,0.963428834599207,0.02400000000000002,True
5.490039,3,110.484368,0.9569532907150072,0.02400000000000002,True
6.067088,4,110.497083,0.9588275746973716,0.03200000000000003,True
5.534306,3,110.506238,0.9573634146397154,0.02400000000000002,True
5.616445,4,110.518969,0.9621339548994656,0.03200000000000003,True
5.78939,4,110.531939,0.9605646142722843,0.03200000000000003,True
5.923339,4,110.543907,0.9608095977248314,0.03200000000000003,True
5.589088,4,110.555297,0.9594759855108892,0.03200000000000003,True
5.686479,3,110.564068,0.9609623310827355,0.02400000000000002,True
5.644245,5,110.579965,0.965348301955527,0.040000000000000036,True
5.506467,4,110.591432,0.9630736872214798,0.03200000000000003,True
5.728365,4,110.602757,0.9587829481785011,0.03200000000000003,True
5.99904,4,110.61413,0.9609294486621447,0.03200000000000003,True
6.005471,3,110.622847,0.9592750741304621,0.02400000000000002,True
5.529845,4,110.634623,0.9630510862149624,0.03200000000000003,True
5.744592,3,110.644002,0.9626979487671401,0.02400000000000002,True
5.779892,4,110.654912,0.9639642569266238,0.03200000000000003,True
5.62855,4,110.669332,0.9666695964140637,0.03200000000000003,True
5.707299,4,110.685028,0.9627274412184921,0.03200000000000003,True
5.573259,4,110.697752,0.9599978432131382,0.03200000000000003,True
5.468094,4,110.70946,0.9633745278743384,0.03200000000000003,True
6.114412,4,110.721016,0.960812633233832,0.03200000000000003,True
5.620616,3,110.730201,0.9641584756964858,0.02400000000000002,True
5.75911,4,110.742044,0.9601314410316553,0.03200000000000003,True
5.484572,4,110.753966,0.9644295427502515,0.03200000000000003,True
5.854219,4,110.770046,0.9590514376384718,0.03200000000000003,True
5.750494,4,110.782413,0.9579487868325156,0.03200000000000003,True
5.617632,4,110.796689,0.959144613292165,0.03200000000000003,True
5.637376,3,110.807163,0.9622045231747351,0.02400000000000002,True
5.4297,3,110.825444,0.9655691083843364,0.02400000000000002,True
5.568058,3,110.838223,0.9572264815493523,0.02400000000000002,True
5.720963,5,110.853885,0.9637779272714176,0.040000000000000036,True
5.737535,3,110.86534,0.9634876699156615,0.02400000000000002,True
5.454682,4,110.87929,0.9644390833418561,0.03200000000000003,True
5.524904,3,110.889322,0.9561417866156227,0.02400000000000002,True
5.737695,3,110.898933,0.9628522568030241,0.02400000000000002,True
5.959691,4,110.912911,0.9587348324224778,0.03200000000000003,True
5.669475,3,110.924742,0.9592963399877795,0.02400000000000002,True
5.772102,4,110.938663,0.9582116566319769,0.03200000000000003,True
5.598792,4,110.952692,0.9626293648045503,0.03200000000000003,True
5.76626,3,110.963187,0.9607959706177445,0.02400000000000002,True
5.52785,3,110.974519,0.9559371407676457,0.02400000000000002,True
5.584101,3,110.984616,0.9622018297660353,0.02400000000000002,True
5.531523,3,110.994695,0.9608040774285402,0.02400000000000002,True
6.059069,4,111.009009,0.9614487987013247,0.03200000000000003,True
5.597752,4,111.023687,0.962208845044869,0.03200000000000003,True
5.719286,3,111.033711,0.966050287178909,0.02400000000000002,True
5.481673,4,111.048465,0.9639340090908266,0.03200000000000003,True
5.728294,4,111.061418,0.9606623356060757,0.03200000000000003,True
5.804511,4,111.073572,0.9622303551002642,0.03200000000000003,True
6.002148,3,111.082657,0.95877829635228,0.02400000000000002,True
5.98683,5,111.096711,0.9591156842988994,0.040000000000000036,True
5.965682,4,111.109184,0.959873867745592,0.03200000000000003,True
5.601502,5,111.124393,0.9621220155606973,0.040000000000000036,True
5.775481,5,111.140919,0.9630333004250307,0.040000000000000036,True
5.748483,4,111.153444,0.9633780519596524,0.03200000000000003,True
5.892456,4,111.16478,0.9612290941770167,0.03200000000000003,True
5.827089,4,111.176422,0.9614070162204782,0.03200000000000003,True
6.046803,5,111.191097,0.9597841374777595,0.040000000000000036,True
5.582855,4,111.206739,0.9599812291203141,0.03200000000000003,True
5.762781,5,111.22181,0.9592678402138495,0.040000000000000036,True
5.606565,3,111.230454,0.9635698591164146,0.02400000000000002,True
5.810421,4,111.242427,0.9659981333265439,0.03200000000000003,True
5.595749,4,112.032694,0.962731891011065,0.03200000000000003,True
5.702437,3,112.039822,0.9593365456447772,0.02400000000000002,True
5.793372,4,112.049091,0.9578829573947747,0.03200000000000003,True
5.785695,5,112.060977,0.9646003336248685,0.040000000000000036,True
5.389849,3,112.068691,0.9627727606883869,0.02400000000000002,True
5.469861,4,112.078066,0.9637794606971987,0.03200000000000003,True
5.464891,4,112.088457,0.9598540850795028,0.03200000000000003,True
6.054119,5,112.099155,0.9611294685021654,0.040000000000000036,True
5.744286,4,112.108254,0.9566611075202378,0.03200000000000003,True
5.59131,4,112.117843,0.9622109369261542,0.03200000000000003,True
5.692317,4,112.128723,0.9578272259919431,0.03200000000000003,True
5.435321,2,112.13385,0.9618050454968561,0.016000000000000014,True
5.386813,3,112.140277,0.9579400514734059,0.02400000000000002,True
5.556081,3,112.148565,0.959456596537463,0.02400000000000002,True
5.703664,3,112.156461,0.9569118576620794,0.02400000000000002,True
5.858161,5,112.1671,0.963590498720692,0.040000000000000036,True
5.848612,5,112.177685,0.9601394045342615,0.040000000000000036,True
5.797636,4,112.186556,0.9631457326889954,0.03200000000000003,True
5.554359,4,112.196203,0.9599914911264731,0.03200000000000003,True
5.488066,3,112.203724,0.9570507527711949,0.02400000000000002,True
5.924189,3,112.21083,0.9602936010756984,0.02400000000000002,True
5.625067,3,112.220938,0.9591682296085761,0.02400000000000002,True
5.499192,3,112.228394,0.9614145705845492,0.02400000000000002,True
5.60564,4,112.239547,0.9642179982770728,0.03200000000000003,True
6.036433,3,112.247049,0.9641044075744701,0.02400000000000002,True
5.429128,4,112.25737,0.96419911797478,0.03200000000000003,True
5.468833,4,112.267138,0.9602204523814326,0.03200000000000003,True
5.819835,4,112.276848,0.9584914161710212,0.03200000000000003,True
5.65248,4,112.28665,0.9653619818348553,0.03200000000000003,True
5.711214,4,112.297516,0.958878420602683,0.03200000000000003,True
5.565953,5,112.310202,0.9586195099405147,0.040000000000000036,True
6.146368,5,112.321629,0.9591173408460386,0.040000000000000036,True
5.598994,4,112.331256,0.9593812551258478,0.03200000000000003,True
5.868365,3,112.339719,0.9618606085135055,0.02400000000000002,True
5.662491,3,112.347163,0.9637617274016211,0.02400000000000002,True
5.839438,4,112.357385,0.9593847354054668,0.03200000000000003,True
5.670256,3,112.365235,0.9599066792442021,0.02400000000000002,True
5.65304,4,112.375805,0.9643730890443197,0.03200000000000003,True
5.752095,4,112.386073,0.9588421578252548,0.03200000000000003,True
5.646704,3,112.392671,0.9654584312842642,0.02400000000000002,True
5.911648,4,112.401682,0.9641552419250345,0.03200000000000003,True
5.688016,3,112.408261,0.9600015365090373,0.02400000000000002,True
5.746285,4,112.417481,0.9605258267557358,0.03200000000000003,True
5.416685,3,112.425521,0.9595832365247583,0.02400000000000002,True
5.762258,5,112.436484,0.961581905267124,0.040000000000000036,True
5.755497,4,112.44558,0.9603062349454908,0.03200000000000003,True
5.756686,3,112.452483,0.9635695151523436,0.02400000000000002,True
5.677676,3,112.459758,0.9628271188626562,0.02400000000000002,True
5.638333,3,112.467806,0.9555256840448261,0.02400000000000002,True
6.047236,4,112.477406,0.9635348348782826,0.03200000000000003,True
5.572231,5,112.48795,0.9598829141096072,0.040000000000000036,True
5.785629,3,112.495512,0.9638896793161658,0.02400000000000002,True
5.820636,5,112.508018,0.9617948180911016,0.040000000000000036,True
5.677647,2,112.513106,0.9662459494848941,0.016000000000000014,True
5.732095,4,112.522451,0.9593157319566163,0.03200000000000003,True
5.79824,4,112.531865,0.9579033423887415,0.03200000000000003,True
5.419844,3,112.538844,0.9655375946789868,0.02400000000000002,True
5.408296,3,112.546316,0.9622236355888084,0.02400000000000002,True
5.582812,4,112.555339,0.961476459112268,0.03200000000000003,True
5.671843,5,112.567064,0.9670758356658042,0.040000000000000036,True
5.563418,4,112.575691,0.9567830569123279,0.03200000000000003,True
6.030869,4,112.585153,0.9588936669311492,0.03200000000000003,True
5.960285,5,112.596924,0.9656697955800908,0.040000000000000036,True
5.678044,3,112.604351,0.9598654033562405,0.02400000000000002,True
5.603321,4,112.613705,0.9591240010176558,0.03200000000000003,True
5.764053,3,112.62216,0.9634876086970976,0.02400000000000002,True
5.73614,4,112.631779,0.9597486319725815,0.03200000000000003,True
5.609414,2,112.636653,0.9623413598770845,0.016000000000000014,True
5.756343,4,112.646409,0.9574719036312191,0.03200000000000003,True
6.048323,4,113.181619,0.9613533886993277,0.03200000000000003,True
5.775543,4,113.192067,0.9614874002939301,0.03200000000000003,True
5.80005,5,113.203658,0.9613279359927345,0.040000000000000036,True
5.652772,3,113.211153,0.9641356020069369,0.02400000000000002,True
5.661971,3,113.218727,0.9570188198795755,0.02400000000000002,True
5.74261,3,113.224844,0.9606765237649464,0.02400000000000002,True
5.679613,3,113.232792,0.9600305846174645,0.02400000000000002,True
5.611457,5,113.245035,0.9579264968798193,0.040000000000000036,True
5.424398,2,113.249863,0.9565989446875813,0.016000000000000014,True
5.74041,4,113.25979,0.961688480294284,0.03200000000000003,True
5.323683,2,113.264075,0.9589478368310702,0.016000000000000014,True
5.725495,3,113.271606,0.9573778603779244,0.02400000000000002,True
5.705107,3,113.279148,0.9596513156410224,0.02400000000000002,True
5.661234,4,113.289054,0.9595062734989253,0.03200000000000003,True
5.654647,3,113.295819,0.9591859324683336,0.02400000000000002,True
5.712692,4,113.30568,0.9636371059424709,0.03200000000000003,True
5.373749,2,113.310524,0.96173982667781,0.016000000000000014,True
5.521041,4,113.320211,0.9606880884245041,0.03200000000000003,True
5.558939,4,113.329657,0.9611703580645865,0.03200000000000003,True
5.599185,4,113.339234,0.9625390656245539,0.03200000000000003,True
5.71304,3,113.346551,0.958794504412836,0.02400000000000002,True
5.624066,5,113.357861,0.9596570615281688,0.040000000000000036,True
5.838789,4,113.367162,0.9613037955170969,0.03200000000000003,True
5.960033,4,113.375989,0.9609781958245835,0.03200000000000003,True
5.375773,2,113.381904,0.9627891158660672,0.016000000000000014,True
5.573902,2,113.385751,0.9604397227537488,0.016000000000000014,True
5.647169,4,113.394689,0.9626348398651629,0.03200000000000003,True
5.911509,4,113.404976,0.959480380747711,0.03200000000000003,True
5.556703,4,113.414142,0.9641855198547457,0.03200000000000003,True
5.595811,5,113.426551,0.9616318940511666,0.040000000000000036,True
5.905688,4,113.435275,0.9627920129272596,0.03200000000000003,True
5.663622,3,113.442124,0.9619889978683456,0.02400000000000002,True
5.818068,5,113.455725,0.9595627957271022,0.040000000000000036,True
5.687794,3,113.462971,0.9615988777348509,0.02400000000000002,True
5.766599,4,113.472853,0.9588897549425871,0.03200000000000003,True
5.563697,4,113.482247,0.9630632094277853,0.03200000000000003,True
5.548924,3,113.488086,0.9606537295924548,0.02400000000000002,True
5.556089,3,113.496141,0.9615015090678991,0.02400000000000002,True
5.622044,4,113.506897,0.9658305303054748,0.03200000000000003,True
5.782429,4,113.516526,0.9602443649294159,0.03200000000000003,True
5.621146,4,113.524807,0.9574129529365726,0.03200000000000003,True
5.817192,4,113.5352,0.9609835516185113,0.03200000000000003,True
5.60312,4,113.543151,0.960439992504066,0.03200000000000003,True
5.507376,3,113.551011,0.9614553536861175,0.02400000000000002,True
5.726802,3,113.55855,0.9587879455610684,0.02400000000000002,True
5.71074,4,113.56718,0.961248681594201,0.03200000000000003,True
5.583174,4,113.576032,0.9604518571638414,0.03200000000000003,True
5.559721,5,113.587474,0.9598524489680078,0.040000000000000036,True
5.641758,3,113.594657,0.9637107205682326,0.02400000000000002,True
5.481642,3,113.600618,0.9573295522864476,0.02400000000000002,True
5.756864,4,113.609327,0.9590111332318637,0.03200000000000003,True
5.672221,3,113.615911,0.9659507884023787,0.02400000000000002,True
5.672682,3,113.623325,0.9616984538400899,0.02400000000000002,True
5.587679,4,113.63246,0.9599565570129517,0.03200000000000003,True
5.580661,4,113.641512,0.9620293568684284,0.03200000000000003,True
5.584014,4,113.650769,0.9605825206004706,0.03200000000000003,True
5.714001,4,113.661198,0.9652067736535741,0.03200000000000003,True
5.79076,3,113.670097,0.9607694416745107,0.02400000000000002,True
5.387932,2,113.67718,0.963379379598005,0.016000000000000014,True
5.478316,4,113.686763,0.960740111288423,0.03200000000000003,True
5.749917,5,113.69685,0.9618558518699974,0.040000000000000036,True
5.797236,4,113.705515,0.9581006314510844,0.03200000000000003,True
5.933155,5,113.717065,0.960031639228224,0.040000000000000036,True
5.580659,4,113.72569,0.9630258744456728,0.03200000000000003,True
5.502239,3,113.733235,0.9646298634540212,0.02400000000000002,True
5.760333,4,113.743056,0.9596496029627155,0.03200000000000003,True
5.80844,4,113.753547,0.957072141125186,0.03200000000000003,True
5.842941,4,113.762597,0.9590599382444494,0.03200000000000003,True
5.705029,4,113.771655,0.9589565349069689,0.03200000000000003,True
5.89464,5,114.295317,0.9646388539020858,0.040000000000000036,True
5.824906,4,114.304914,0.9599615012960964,0.03200000000000003,True
5.830504,5,114.317715,0.959284332333132,0.040000000000000036,True
5.46421,4,114.325908,0.9614727883428771,0.03200000000000003,True
5.681428,5,114.33869,0.9619088333786048,0.040000000000000036,True
5.518979,3,114.346047,0.9634722805966511,0.02400000000000002,True
5.679537,4,114.356035,0.9636734002031102,0.03200000000000003,True
5.576205,3,114.363679,0.9632367593020837,0.02400000000000002,True
5.659725,5,114.375963,0.9595887151718493,0.040000000000000036,True
5.563757,4,114.384827,0.9678640813674162,0.03200000000000003,True
5.554602,4,114.3939,0.9589550328413455,0.03200000000000003,True
5.74688,4,114.403328,0.9607371342587856,0.03200000000000003,True
5.84468,4,114.412228,0.9645748558175459,0.03200000000000003,True
5.514963,4,114.421822,0.9586828463902265,0.03200000000000003,True
5.740107,4,114.431183,0.9605446188112658,0.03200000000000003,True
5.81362,5,114.444414,0.963631235890192,0.040000000000000036,True
5.609478,3,114.45416,0.9591861259325245,0.02400000000000002,True
5.691661,3,114.462383,0.9636514058876127,0.02400000000000002,True
5.572772,4,114.471855,0.9593397197939095,0.03200000000000003,True
5.707089,3,114.479446,0.9597018499147679,0.02400000000000002,True
5.385428,3,114.486697,0.9592777981125432,0.02400000000000002,True
6.050011,4,114.49552,0.9594552087791762,0.03200000000000003,True
5.481739,3,114.502954,0.9607066432231814,0.02400000000000002,True
5.661834,4,114.51226,0.9605832163991364,0.03200000000000003,True
5.809918,4,114.522214,0.9623451493745722,0.03200000000000003,True
5.641865,3,114.530405,0.9610999059414148,0.02400000000000002,True
5.699895,3,114.538268,0.9636728961357293,0.02400000000000002,True
5.635406,5,114.549824,0.9662516739751548,0.040000000000000036,True
5.750796,5,114.561648,0.9610624264700628,0.040000000000000036,True
6.125469,4,114.571228,0.9615230181037486,0.03200000000000003,True
5.650176,4,114.580702,0.9611728707106448,0.03200000000000003,True
5.539547,4,114.59039,0.9638139250937913,0.03200000000000003,True
5.559535,4,114.599786,0.9605333097898938,0.03200000000000003,True
5.737616,3,114.607786,0.9612432734238937,0.02400000000000002,True
5.590751,5,114.619049,0.9678385732013775,0.040000000000000036,True
5.696645,4,114.629304,0.9604608105883465,0.03200000000000003,True
5.96368,3,114.636568,0.9589797344081726,0.02400000000000002,True
5.633273,4,114.646902,0.9595019743116235,0.03200000000000003,True
5.399172,3,114.654015,0.9602695365597551,0.02400000000000002,True
5.474509,3,114.664201,0.9622552650504659,0.02400000000000002,True
5.585822,4,114.674983,0.9578363028344525,0.03200000000000003,True
5.582728,5,114.687067,0.9617261229467556,0.040000000000000036,True
5.831828,4,114.700749,0.9613911879404986,0.03200000000000003,True
5.648145,3,114.71374,0.9592177165263314,0.02400000000000002,True
5.748301,4,114.728718,0.9598433151065773,0.03200000000000003,True
5.670372,3,114.738261,0.9599349882842758,0.02400000000000002,True
5.66859,5,114.749578,0.9604896432077705,0.040000000000000036,True
5.551894,2,114.755215,0.958383500891353,0.016000000000000014,True
5.894634,4,114.764926,0.961307305114143,0.03200000000000003,True
5.902632,3,114.772417,0.9615245885463951,0.02400000000000002,True
5.424877,3,114.779667,0.9586710566600539,0.02400000000000002,True
5.830764,5,114.792457,0.9573488370507279,0.040000000000000036,True
5.564015,4,114.802067,0.960678244671394,0.03200000000000003,True
5.63025,4,114.813832,0.966487376572829,0.03200000000000003,True
5.621539,4,114.822956,0.9625030314702336,0.03200000000000003,True
5.703356,3,114.83097,0.9583961658834377,0.02400000000000002,True
5.902022,4,114.840498,0.962024096819159,0.03200000000000003,True
5.773229,3,114.848268,0.9616343417353614,0.02400000000000002,True
5.63294,4,114.858522,0.960735582407534,0.03200000000000003,True
5.594869,4,114.867857,0.9602580945506491,0.03200000000000003,True
5.909645,4,114.878286,0.9621031812100789,0.03200000000000003,True
5.900873,4,114.887663,0.959177342196205,0.03200000000000003,True
5.819946,4,114.897115,0.9621860966965088,0.03200000000000003,True
5.740252,5,114.908695,0.9616195225366314,0.040000000000000036,True
5.797727,3,114.915584,0.9598937860723116,0.02400000000000002,True
5.326815,3,114.923318,0.9628488384826253,0.02400000000000002,True
5.656336,3,114.930817,0.9616094729200296,0.02400000000000002,True
5.737796,4,114.940905,0.9635187970271804,0.03200000000000003,True
5.56704,3,115.519684,0.965927239056528,0.02400000000000002,True
5.450336,3,115.526444,0.9610402336323673,0.02400000000000002,True
5.635543,3,115.533465,0.9593184258697205,0.02400000000000002,True
5.518451,3,115.54144,0.961045850580825,0.02400000000000002,True
5.706768,4,115.550449,0.9580036611244294,0.03200000000000003,True
5.559068,3,115.556932,0.961907661481783,0.02400000000000002,True
5.880266,4,115.566126,0.9659181470225411,0.03200000000000003,True
6.045105,4,115.576454,0.9626972715676511,0.03200000000000003,True
5.886003,5,115.589151,0.9644301532747521,0.040000000000000036,True
5.515706,3,115.59592,0.9596555145045944,0.02400000000000002,True
5.719008,3,115.603328,0.9639154391577874,0.02400000000000002,True
5.523795,4,115.612396,0.9590385629892544,0.03200000000000003,True
5.512053,3,115.618667,0.9590811459216521,0.02400000000000002,True
5.449505,2,115.623389,0.9619041669517603,0.016000000000000014,True
6.048355,5,115.635416,0.9596719565766656,0.040000000000000036,True
5.545821,3,115.641702,0.9611778536745711,0.02400000000000002,True
5.752469,4,115.650831,0.9577609473202535,0.03200000000000003,True
5.74945,5,115.661844,0.9675145068981592,0.040000000000000036,True
5.472669,4,115.67115,0.9602689083004698,0.03200000000000003,True
5.799007,4,115.679945,0.9624260618567166,0.03200000000000003,True
5.431452,4,115.689413,0.9635088004796075,0.03200000000000003,True
5.848995,5,115.70034,0.9637111300870627,0.040000000000000036,True
5.738283,3,115.707391,0.9597754421989497,0.02400000000000002,True
5.679662,2,115.712027,0.9572718702018319,0.016000000000000014,True
5.893387,3,115.719796,0.961107031554936,0.02400000000000002,True
5.966654,4,115.728893,0.9591580984968163,0.03200000000000003,True
5.678388,3,115.73592,0.9608968791668554,0.02400000000000002,True
5.700179,3,115.742693,0.9658778696183675,0.02400000000000002,True
5.74239,4,115.751612,0.9629368769488202,0.03200000000000003,True
5.631145,2,115.757128,0.9602961111609223,0.016000000000000014,True
5.573755,4,115.766121,0.9675443421083751,0.03200000000000003,True
5.475862,4,115.776498,0.9579508754812973,0.03200000000000003,True
6.002456,4,115.785258,0.9591870044857775,0.03200000000000003,True
5.639626,4,115.794207,0.9573362162456496,0.03200000000000003,True
5.816818,5,115.806349,0.9621322328600399,0.040000000000000036,True
5.990855,4,115.817411,0.9583227291373704,0.03200000000000003,True
5.773096,4,115.826479,0.9606653809623544,0.03200000000000003,True
5.599899,4,115.835299,0.9624847253782474,0.03200000000000003,True
5.442156,3,115.843713,0.9590202350535266,0.02400000000000002,True
5.70408,4,115.852247,0.9604711445200327,0.03200000000000003,True
5.639227,4,115.861224,0.9613007504132479,0.03200000000000003,True
5.522882,5,115.87229,0.9624414182484886,0.040000000000000036,True
5.480178,5,115.883511,0.9568480131820514,0.040000000000000036,True
5.783512,3,115.890332,0.9600078075015045,0.02400000000000002,True
5.791298,4,115.899333,0.9586404142256215,0.03200000000000003,True
5.750436,3,115.907,0.9591984951664478,0.02400000000000002,True
5.663171,4,115.916223,0.9600544739404853,0.03200000000000003,True
5.624315,3,115.923561,0.9623190522088174,0.02400000000000002,True
5.731664,4,115.93367,0.9624703547872602,0.03200000000000003,True
5.541719,3,115.940929,0.962439581009584,0.02400000000000002,True
5.502827,4,115.951189,0.958388906546932,0.03200000000000003,True
5.881371,4,115.961122,0.9626892427040813,0.03200000000000003,True
5.729352,5,115.972364,0.9653827900202323,0.040000000000000036,True
5.516397,4,115.984324,0.9628260886007356,0.03200000000000003,True
5.649231,5,115.996173,0.9619517976925194,0.040000000000000036,True
6.011108,4,116.00619,0.9571104116915083,0.03200000000000003,True
5.56239,4,116.018674,0.9666844561940924,0.03200000000000003,True
5.634166,4,116.032978,0.9606938673967499,0.03200000000000003,True
5.700529,4,116.045861,0.9578419119120319,0.03200000000000003,True
5.569368,3,116.055488,0.9618929757134637,0.02400000000000002,True
5.793506,4,116.068253,0.960412993212985,0.03200000000000003,True
5.636153,4,116.157918,0.9670301835403926,0.03200000000000003,True
5.702835,3,116.165084,0.9583480636325148,0.02400000000000002,True
5.695113,3,116.172729,0.9596170926637921,0.02400000000000002,True
5.545833,4,116.184009,0.9609470145478489,0.03200000000000003,True
5.623356,3,116.189466,0.9610049200747581,0.02400000000000002,True
5.764057,3,116.197482,0.9652889370956664,0.02400000000000002,True
5.433843,3,116.205308,0.9606304975265461,0.02400000000000002,True
5.467802,3,116.213114,0.9628014129540019,0.02400000000000002,True
5.504277,3,116.727395,0.9602943784438931,0.02400000000000002,True
5.808287,2,116.732403,0.9655458151001404,0.016000000000000014,True
5.396436,4,116.743481,0.9615935889697249,0.03200000000000003,True
5.774808,4,116.756823,0.9634118899256974,0.03200000000000003,True
5.494971,3,116.76476,0.9684692235051201,0.02400000000000002,True
5.641854,4,116.77444,0.9601030008087903,0.03200000000000003,True
5.543207,4,116.784535,0.9637354906458341,0.03200000000000003,True
5.535519,5,116.796694,0.9602806889058751,0.040000000000000036,True
5.565361,4,116.807137,0.9600605167996946,0.03200000000000003,True
5.85827,5,116.820339,0.9611309649208907,0.040000000000000036,True
5.682755,5,116.832622,0.9633219966780191,0.040000000000000036,True
5.595029,4,116.842295,0.958570248821429,0.03200000000000003,True
5.81107,4,116.851967,0.9611597191441501,0.03200000000000003,True
5.528657,4,116.861822,0.9637358571654109,0.03200000000000003,True
5.79269,3,116.870008,0.9619734288023944,0.02400000000000002,True
5.619648,5,116.882011,0.9646765312946096,0.040000000000000036,True
5.843135,5,116.893806,0.9598456686651804,0.040000000000000036,True
5.440034,3,116.901318,0.9593980500420851,0.02400000000000002,True
5.400411,3,116.907389,0.9623715444028729,0.02400000000000002,True
5.77876,4,116.916972,0.9569010319641483,0.03200000000000003,True
5.551529,3,116.924101,0.9569233772599566,0.02400000000000002,True
5.809099,5,116.936486,0.9675962216006053,0.040000000000000036,True
5.587154,4,116.945109,0.9635722107960243,0.03200000000000003,True
5.764268,4,116.954695,0.9634550842112756,0.03200000000000003,True
5.769889,4,116.963253,0.9631409793855078,0.03200000000000003,True
5.538208,5,116.974901,0.9633905565650963,0.040000000000000036,True
5.897817,4,116.985286,0.9635684503581016,0.03200000000000003,True
5.586091,4,116.993827,0.9653928163059271,0.03200000000000003,True
5.73788,3,117.001324,0.9622471491372436,0.02400000000000002,True
5.862323,5,117.012575,0.9585240101213999,0.040000000000000036,True
5.754891,4,117.021731,0.9609069078290362,0.03200000000000003,True
5.691033,4,117.031403,0.9612797891519693,0.03200000000000003,True
5.625272,4,117.041205,0.9620591702826602,0.03200000000000003,True
5.574992,4,117.051045,0.9563758828727327,0.03200000000000003,True
5.630507,4,117.059409,0.9654728421095832,0.03200000000000003,True
5.513304,4,117.072431,0.957006358291784,0.03200000000000003,True
5.44033,4,117.086169,0.9602293830651938,0.03200000000000003,True
5.740176,4,117.099451,0.9602960278900056,0.03200000000000003,True
5.512257,4,117.109294,0.9578682474475704,0.03200000000000003,True
5.46062,3,117.117372,0.9588719082281063,0.02400000000000002,True
6.01172,4,117.12737,0.9602356091966968,0.03200000000000003,True
5.647761,3,117.1353,0.9609853604494498,0.02400000000000002,True
5.676374,4,117.144541,0.9594625527107805,0.03200000000000003,True
5.698795,3,117.15247,0.9609548274284803,0.02400000000000002,True
5.468103,4,117.161738,0.9621214532489765,0.03200000000000003,True
5.61185,4,117.171792,0.9583922664486909,0.03200000000000003,True
5.991408,4,117.180561,0.960355722790038,0.03200000000000003,True
5.624076,4,117.190238,0.9590985154948558,0.03200000000000003,True
5.616144,3,117.197928,0.9593898187128174,0.02400000000000002,True
5.808391,5,117.209101,0.9612722984180163,0.040000000000000036,True
5.729814,4,117.218538,0.9584041065720441,0.03200000000000003,True
5.964234,3,117.226043,0.9594277329803319,0.02400000000000002,True
5.646042,4,117.235597,0.9673013330661755,0.03200000000000003,True
5.736433,3,117.243676,0.9691274703033113,0.02400000000000002,True
5.839569,5,117.254717,0.961477622907401,0.040000000000000036,True
5.779258,4,117.264165,0.9573819382123339,0.03200000000000003,True
5.488262,5,117.276971,0.9588121085018304,0.040000000000000036,True
5.598723,3,117.284983,0.9672959530265494,0.02400000000000002,True
5.851142,4,117.294644,0.9588579646603421,0.03200000000000003,True
5.657092,3,117.30196,0.9567918845658774,0.02400000000000002,True
5.556223,4,117.311743,0.9586078451751621,0.03200000000000003,True
5.710568,3,117.319168,0.9631129061870666,0.02400000000000002,True
5.636191,4,117.328138,0.9620270080390757,0.03200000000000003,True
5.517638,3,117.334739,0.961866696257621,0.02400000000000002,True
5.620432,2,117.340237,0.9616998231269475,0.016000000000000014,True
5.745853,3,117.347448,0.9591576719183714,0.02400000000000002,True
5.821393,4,117.357227,0.9642483045493824,0.03200000000000003,True
5.519612,4,117.883238,0.9574845858957665,0.03200000000000003,True
6.04566,4,117.89225,0.9607582558882679,0.03200000000000003,True
5.766439,3,117.899714,0.9626709553704832,0.02400000000000002,True
5.632767,4,117.908446,0.9648799924110134,0.03200000000000003,True
5.761494,4,117.916361,0.9625736506212985,0.03200000000000003,True
5.738576,3,117.923673,0.9693598572379427,0.02400000000000002,True
5.465497,3,117.930482,0.9656641966506159,0.02400000000000002,True
5.562696,4,117.940365,0.9593540067815951,0.03200000000000003,True
5.718985,4,117.951223,0.9681596067282603,0.03200000000000003,True
5.612029,4,117.960193,0.956783411764256,0.03200000000000003,True
5.674447,3,117.966199,0.9617230792379236,0.02400000000000002,True
5.443798,5,117.979636,0.9620237512744587,0.040000000000000036,True
5.710467,5,117.991285,0.9589087915989485,0.040000000000000036,True
6.053188,4,118.000595,0.9586079032589522,0.03200000000000003,True
5.640516,3,118.008584,0.9605791026314109,0.02400000000000002,True
5.657958,4,118.017738,0.9585428371211169,0.03200000000000003,True
5.702004,3,118.02434,0.9595467571206744,0.02400000000000002,True
5.732694,4,118.034288,0.9584054164429732,0.03200000000000003,True
5.426805,3,118.041035,0.9638928319304343,0.02400000000000002,True
5.675842,3,118.048114,0.9601000948326504,0.02400000000000002,True
5.72739,4,118.058593,0.9613655010635889,0.03200000000000003,True
5.540417,3,118.065211,0.9596573105990298,0.02400000000000002,True
5.795291,4,118.076055,0.9598255003187682,0.03200000000000003,True
5.426374,3,118.083141,0.960477550989464,0.02400000000000002,True
5.990177,4,118.092744,0.9605229187505373,0.03200000000000003,True
5.715536,3,118.099089,0.961521084841571,0.02400000000000002,True
5.502582,3,118.109197,0.9585559234674961,0.02400000000000002,True
6.040028,4,118.123331,0.962250314591033,0.03200000000000003,True
5.773975,4,118.137906,0.960823905659977,0.03200000000000003,True
5.479444,3,118.146483,0.963162029044832,0.02400000000000002,True
5.917545,3,118.153898,0.9616221729245809,0.02400000000000002,True
5.486593,4,118.162916,0.9625512776504537,0.03200000000000003,True
5.503252,4,118.172298,0.9646689013859342,0.03200000000000003,True
5.831029,4,118.181632,0.9630831892864088,0.03200000000000003,True
5.702006,4,118.190728,0.9617425161821831,0.03200000000000003,True
5.731725,4,118.200616,0.9602801330949227,0.03200000000000003,True
5.535726,4,118.209907,0.9589970309214527,0.03200000000000003,True
6.028721,4,118.219605,0.9598538397735092,0.03200000000000003,True
5.439151,3,118.225815,0.9630066315376105,0.02400000000000002,True
5.727691,3,118.233466,0.9643204087882732,0.02400000000000002,True
5.682055,3,118.241268,0.9629566701407739,0.02400000000000002,True
5.713889,4,118.250064,0.9689500861590241,0.03200000000000003,True
5.808212,4,118.260204,0.9597844269870969,0.03200000000000003,True
5.552159,3,118.267452,0.9580894687894428,0.02400000000000002,True
5.817399,4,118.27748,0.957485743121645,0.03200000000000003,True
5.757179,4,118.287762,0.9596143706156807,0.03200000000000003,True
5.712236,4,118.297081,0.9623037451639909,0.03200000000000003,True
5.833255,4,118.30628,0.9637074642342525,0.03200000000000003,True
5.675688,3,118.312523,0.962596757870401,0.02400000000000002,True
5.69944,4,118.322441,0.9615703988601392,0.03200000000000003,True
5.538675,4,118.331814,0.9609707909288623,0.03200000000000003,True
5.674326,3,118.339405,0.962610640921014,0.02400000000000002,True
5.820376,4,118.349103,0.9596460577326171,0.03200000000000003,True
5.600043,4,118.358279,0.9616512729166353,0.03200000000000003,True
5.653614,4,118.368359,0.960420276791142,0.03200000000000003,True
5.773777,4,118.378558,0.9676915459682718,0.03200000000000003,True
5.627916,3,118.384977,0.95921582356296,0.02400000000000002,True
5.817143,4,118.394159,0.9593426244552609,0.03200000000000003,True
5.735982,3,118.401214,0.9579153808245255,0.02400000000000002,True
5.705787,3,118.408887,0.9597385387390566,0.02400000000000002,True
5.577965,4,118.418334,0.9574806646563614,0.03200000000000003,True
5.619484,3,118.424146,0.9593435115875553,0.02400000000000002,True
5.779,4,118.434155,0.9593917641853479,0.03200000000000003,True
5.676343,3,118.441771,0.9633336452745822,0.02400000000000002,True
5.799887,4,118.45018,0.9568042183935991,0.03200000000000003,True
5.997983,3,118.456216,0.9591511748361224,0.02400000000000002,True
5.779501,3,118.463617,0.9598126772303774,0.02400000000000002,True
5.789746,4,118.474107,0.9651786706416127,0.03200000000000003,True
5.77842,4,118.482894,0.9591288938253844,0.03200000000000003,True
5.741162,4,118.491915,0.9620165398931858,0.03200000000000003,True
5.776912,4,119.02328,0.9598252203865716,0.03200000000000003,True
5.806988,4,119.033266,0.9604813419518751,0.03200000000000003,True
5.583504,5,119.044137,0.9604475572281106,0.040000000000000036,True
5.835839,4,119.053451,0.9617205867334175,0.03200000000000003,True
5.757682,4,119.062876,0.9608865385859209,0.03200000000000003,True
5.756842,3,119.070708,0.9617147491662252,0.02400000000000002,True
5.844909,4,119.080007,0.9586421281063868,0.03200000000000003,True
5.676747,4,119.089627,0.9686001172266692,0.03200000000000003,True
5.965986,4,119.099405,0.9610250812342986,0.03200000000000003,True
5.716228,3,119.107289,0.9593628844986994,0.02400000000000002,True
5.771053,4,119.117001,0.9607410754765202,0.03200000000000003,True
5.730901,3,119.125235,0.9638744247300236,0.02400000000000002,True
5.841258,5,119.13824,0.960517269500207,0.040000000000000036,True
5.868075,5,119.156583,0.9649523414318,0.040000000000000036,True
5.564006,4,119.171764,0.9637326080833476,0.03200000000000003,True
5.60012,4,119.18342,0.961984131995018,0.03200000000000003,True
5.779238,4,119.193669,0.9601307555543723,0.03200000000000003,True
5.709453,3,119.201125,0.9651348928882868,0.02400000000000002,True
5.444358,3,119.209206,0.959530077806765,0.02400000000000002,True
5.797162,4,119.218533,0.9630600598395038,0.03200000000000003,True
5.701918,3,119.226866,0.9565900483719691,0.02400000000000002,True
5.669434,3,119.235486,0.9590067190075043,0.02400000000000002,True
5.734023,4,119.244487,0.9613133971218332,0.03200000000000003,True
5.61538,4,119.254705,0.9619741837248362,0.03200000000000003,True
5.736256,4,119.264244,0.9609206037055579,0.03200000000000003,True
5.510944,4,119.274333,0.9661728003303351,0.03200000000000003,True
5.741023,3,119.283237,0.9629608410114383,0.02400000000000002,True
5.495256,3,119.289706,0.9614705306904632,0.02400000000000002,True
6.052671,4,119.299928,0.9573182293285339,0.03200000000000003,True
5.901052,5,119.310783,0.9625445255324204,0.040000000000000036,True
5.52999,3,119.318176,0.9619970685853577,0.02400000000000002,True
5.504056,3,119.326485,0.9582691580012102,0.02400000000000002,True
5.792052,3,119.334348,0.9571173624420614,0.02400000000000002,True
5.962328,4,119.343682,0.9601373030937774,0.03200000000000003,True
5.904286,4,119.353776,0.9621654426617949,0.03200000000000003,True
5.929535,4,119.364635,0.9590051041925436,0.03200000000000003,True
6.045372,5,119.380258,0.9569678462965374,0.040000000000000036,True
5.592226,2,119.385773,0.9658076898322334,0.016000000000000014,True
6.046655,4,119.39731,0.9600766145621041,0.03200000000000003,True
5.550802,4,119.406985,0.9603051687328839,0.03200000000000003,True
5.616272,4,119.416528,0.9626603600484696,0.03200000000000003,True
5.698938,3,119.424204,0.965154592378815,0.02400000000000002,True
5.708065,3,119.431271,0.9628701123527882,0.02400000000000002,True
5.426969,3,119.439289,0.9640114755609814,0.02400000000000002,True
5.8275,5,119.450201,0.9597038860698455,0.040000000000000036,True
5.653625,3,119.458301,0.9605731149125615,0.02400000000000002,True
5.811892,5,119.47016,0.9591932908968432,0.040000000000000036,True
5.756636,3,119.47822,0.9652051724444406,0.02400000000000002,True
5.789303,3,119.484839,0.962990628677912,0.02400000000000002,True
5.642418,3,119.492718,0.9595828208730228,0.02400000000000002,True
6.000402,4,119.501295,0.9676923473220246,0.03200000000000003,True
5.921757,4,119.510232,0.9634165131853305,0.03200000000000003,True
5.673812,3,119.517887,0.9621263799886688,0.02400000000000002,True
5.892174,5,119.529049,0.9624853073675238,0.040000000000000036,True
5.619871,4,119.538111,0.9607986683181157,0.03200000000000003,True
5.743986,4,119.548227,0.9603635449264301,0.03200000000000003,True
5.775551,4,119.557663,0.9607728860836724,0.03200000000000003,True
5.724659,4,119.566357,0.9600796640398759,0.03200000000000003,True
5.863375,4,119.576995,0.9601266779323705,0.03200000000000003,True
5.505271,4,119.585937,0.9654899069463639,0.03200000000000003,True
5.599108,3,119.592943,0.9641373407041476,0.02400000000000002,True
6.021792,4,119.602804,0.9620325743205573,0.03200000000000003,True
5.685979,5,119.614579,0.9614523360422669,0.040000000000000036,True
5.651341,4,119.623713,0.9610363580789203,0.03200000000000003,True
6.053793,5,119.636061,0.9601236191328447,0.040000000000000036,True
5.743317,3,119.643533,0.9623658819201251,0.02400000000000002,True
5.950961,5,119.654986,0.9645181675236539,0.040000000000000036,True
5.862609,2,119.660218,0.961081173651883,0.016000000000000014,True
5.622554,4,120.214453,0.9593208091695132,0.03200000000000003,True
5.528135,3,120.224304,0.9615856276832945,0.02400000000000002,True
5.790924,5,120.23526,0.9651093995691798,0.040000000000000036,True
5.855951,3,120.243105,0.9636691734951552,0.02400000000000002,True
5.612808,3,120.250495,0.9612668939842625,0.02400000000000002,True
5.774046,4,120.260265,0.9650534703092961,0.03200000000000003,True
5.624783,2,120.265909,0.9596917061665342,0.016000000000000014,True
5.700416,4,120.276039,0.9616471883045997,0.03200000000000003,True
5.828456,4,120.285273,0.9592203274961456,0.03200000000000003,True
5.555049,4,120.294157,0.9638946079366777,0.03200000000000003,True
5.483582,3,120.301042,0.9615651205846124,0.02400000000000002,True
5.545159,4,120.310988,0.9609955364056064,0.03200000000000003,True
5.70748,3,120.318636,0.962809112325266,0.02400000000000002,True
5.463386,3,120.325435,0.9633404010870924,0.02400000000000002,True
5.558376,3,120.332695,0.9598002368585806,0.02400000000000002,True
5.544267,4,120.342577,0.9636631861474316,0.03200000000000003,True
5.841099,5,120.355119,0.9596286746750227,0.040000000000000036,True
5.591056,3,120.362289,0.9619090659012042,0.02400000000000002,True
5.883138,3,120.369794,0.9601386101970187,0.02400000000000002,True
5.585224,4,120.379685,0.9599441604116501,0.03200000000000003,True
5.885672,5,120.392405,0.9594010792726556,0.040000000000000036,True
5.699984,4,120.402074,0.958848911241458,0.03200000000000003,True
5.640033,4,120.411525,0.9639323400187257,0.03200000000000003,True
5.631772,4,120.423103,0.9623536861236496,0.03200000000000003,True
5.559349,5,120.43799,0.9602649473641387,0.040000000000000036,True
5.672486,3,120.446875,0.9616286975682949,0.02400000000000002,True
5.500895,3,120.456655,0.9575354966076666,0.02400000000000002,True
5.693277,4,120.467409,0.9639639918666101,0.03200000000000003,True
5.77322,5,120.48081,0.9560708996773103,0.040000000000000036,True
5.545311,3,120.488984,0.9558020422713498,0.02400000000000002,True
5.854999,4,120.498307,0.9657059630901048,0.03200000000000003,True
5.588337,5,120.509896,0.9610725333704438,0.040000000000000036,True
5.658288,3,120.51589,0.9608441745800175,0.02400000000000002,True
5.796222,5,120.527409,0.9626879030049477,0.040000000000000036,True
5.744034,5,120.539024,0.961426389483722,0.040000000000000036,True
6.118513,5,120.550636,0.9594113656813584,0.040000000000000036,True
5.697643,3,120.557858,0.9613261208037663,0.02400000000000002,True
5.676566,3,120.565177,0.9651543669952312,0.02400000000000002,True
5.751228,4,120.57568,0.959708629195189,0.03200000000000003,True
5.489898,3,120.582153,0.9588898298746491,0.02400000000000002,True
5.593216,4,120.592257,0.958166221441755,0.03200000000000003,True
5.448478,2,120.597775,0.9618712341401577,0.016000000000000014,True
5.518213,3,120.605358,0.9607513540437689,0.02400000000000002,True
5.636806,3,120.61282,0.9596487580251432,0.02400000000000002,True
5.555523,5,120.625177,0.964570042786236,0.040000000000000036,True
5.450028,4,120.635825,0.962753310377016,0.03200000000000003,True
5.693939,4,120.645428,0.9573730783764896,0.03200000000000003,True
5.605058,4,120.655773,0.9576269331760208,0.03200000000000003,True
5.849144,4,120.665817,0.9650421746911322,0.03200000000000003,True
5.703994,5,120.681347,0.9627005012413703,0.040000000000000036,True
5.883923,5,120.694132,0.9569244084545437,0.040000000000000036,True
5.827307,5,120.705669,0.9641485469333877,0.040000000000000036,True
5.584822,3,120.71343,0.9610181168596197,0.02400000000000002,True
5.781572,4,120.722547,0.9556273630659999,0.03200000000000003,True
5.662211,4,120.731804,0.9620643235313993,0.03200000000000003,True
5.585954,3,120.739766,0.9637828029328307,0.02400000000000002,True
5.987279,3,120.746992,0.9669472256730901,0.02400000000000002,True
5.467907,4,120.756194,0.9622672614235521,0.03200000000000003,True
5.954768,3,120.763039,0.9573230014750822,0.02400000000000002,True
5.837573,5,120.775046,0.9623974075757108,0.040000000000000036,True
6.135947,4,120.78472,0.9627936903673175,0.03200000000000003,True
5.749927,3,120.792754,0.9601627633875383,0.02400000000000002,True
5.756892,4,120.801245,0.9595188575911571,0.03200000000000003,True
5.537469,3,120.809253,0.9623258317585563,0.02400000000000002,True
5.808573,4,120.818732,0.9639587739143823,0.03200000000000003,True
5.809355,5,120.830303,0.9631864027522661,0.040000000000000036,True
5.627498,3,120.83835,0.9608988299473438,0.02400000000000002,True
5.852283,4,121.383231,0.9563214205739552,0.03200000000000003,True
5.560599,4,121.39327,0.9614943713015968,0.03200000000000003,True
5.72638,4,121.40331,0.9650769154099192,0.03200000000000003,True
5.758177,3,121.411175,0.9574687146068697,0.02400000000000002,True
5.85256,4,121.420389,0.962698952468823,0.03200000000000003,True
5.784787,4,121.430409,0.9625179685080827,0.03200000000000003,True
5.702699,4,121.442935,0.9657134719968232,0.03200000000000003,True
5.706025,5,121.459004,0.956212205986582,0.040000000000000036,True
5.813968,5,121.470878,0.9599166520520184,0.040000000000000036,True
5.760916,5,121.483443,0.9608258219954007,0.040000000000000036,True
5.648266,3,121.492085,0.9596878908450471,0.02400000000000002,True
5.735186,4,121.502401,0.9665716519780574,0.03200000000000003,True
5.543703,4,121.513031,0.9623704134756961,0.03200000000000003,True
5.826851,4,121.523257,0.9622908639340113,0.03200000000000003,True
5.703232,4,121.533911,0.9632806267999762,0.03200000000000003,True
5.676148,3,121.542979,0.9621949740974896,0.02400000000000002,True
5.605513,3,121.55028,0.9625406678529523,0.02400000000000002,True
5.70471,4,121.561951,0.9583726439681821,0.03200000000000003,True
5.708759,4,121.572607,0.9591997342964977,0.03200000000000003,True
5.894836,4,121.584101,0.9602460213110456,0.03200000000000003,True
5.765882,3,121.592259,0.9626319845434135,0.02400000000000002,True
5.627932,4,121.602708,0.9606391316745322,0.03200000000000003,True
5.545427,4,121.613168,0.9585754990773993,0.03200000000000003,True
5.588003,4,121.623472,0.9656925732509989,0.03200000000000003,True
5.607906,4,121.634317,0.9581807198655092,0.03200000000000003,True
5.805286,4,121.643957,0.9603692019495349,0.03200000000000003,True
5.737453,3,121.65205,0.9676876539367139,0.02400000000000002,True
5.48956,3,121.660236,0.9604685589220808,0.02400000000000002,True
5.62309,4,121.67001,0.9579792269759192,0.03200000000000003,True
5.655273,5,121.681005,0.9613744995214681,0.040000000000000036,True
5.657775,5,121.694158,0.9638542124414099,0.040000000000000036,True
5.770589,4,121.704067,0.9620265297286843,0.03200000000000003,True
5.82781,3,121.7117,0.9592387928678245,0.02400000000000002,True
5.590062,4,121.722046,0.9613135535601106,0.03200000000000003,True
5.695753,3,121.72854,0.9567100596135396,0.02400000000000002,True
5.670034,3,121.736236,0.9594918062212378,0.02400000000000002,True
6.010444,4,121.744709,0.9576445207375494,0.03200000000000003,True
5.824968,5,121.756999,0.9585154386716818,0.040000000000000036,True
5.766632,4,121.767453,0.9602953548924362,0.03200000000000003,True
5.86657,5,121.779001,0.9606316818294816,0.040000000000000036,True
5.935751,4,121.788716,0.961603498284659,0.03200000000000003,True
5.545924,3,121.795368,0.9612740173924396,0.02400000000000002,True
5.734201,4,121.803992,0.9639578694297302,0.03200000000000003,True
5.696031,3,121.812954,0.9621316271862296,0.02400000000000002,True
5.589881,3,121.820042,0.9634063271789572,0.02400000000000002,True
5.609916,4,121.82986,0.9613619359101891,0.03200000000000003,True
6.010386,3,121.837158,0.9594268282478107,0.02400000000000002,True
5.849287,4,121.848387,0.9586431850036833,0.03200000000000003,True
5.66309,4,121.859608,0.9590021363041625,0.03200000000000003,True
5.786471,3,121.867553,0.9594296669038724,0.02400000000000002,True
5.518076,3,121.873668,0.9622035279634238,0.02400000000000002,True
5.718941,4,121.8838,0.9664729319606962,0.03200000000000003,True
5.614776,4,121.968838,0.9584384039902327,0.03200000000000003,True
5.767365,3,121.97712,0.9615977548980319,0.02400000000000002,True
5.845347,4,121.9878,0.960317475824629,0.03200000000000003,True
5.550448,3,121.996216,0.963297485843605,0.02400000000000002,True
5.329261,2,122.001329,0.9634654853944145,0.016000000000000014,True
5.601557,3,122.009658,0.9634640758185631,0.02400000000000002,True
5.678782,3,122.01763,0.9647856368986675,0.02400000000000002,True
5.856949,5,122.036589,0.9622495511881505,0.040000000000000036,True
5.683661,4,122.056028,0.9609282486674852,0.03200000000000003,True
5.843378,4,122.071358,0.964327857605275,0.03200000000000003,True
5.537669,4,122.086061,0.9606179608885657,0.03200000000000003,True
5.716964,5,122.104334,0.9606176000404406,0.040000000000000036,True
5.558304,4,122.117582,0.9595388177246431,0.03200000000000003,True
5.499414,4,122.133037,0.9626064819757194,0.03200000000000003,True
5.65025,4,122.152737,0.9592273746008246,0.03200000000000003,True
5.573323,4,122.16586,0.9569182607684987,0.03200000000000003,True
5.667443,3,122.913148,0.9635020909482653,0.02400000000000002,True
5.776387,4,122.92654,0.9554437410694181,0.03200000000000003,True
5.833234,5,122.941808,0.9676148056716759,0.040000000000000036,True
5.51518,4,122.954365,0.9612157522672897,0.03200000000000003,True
5.627508,2,122.961476,0.964927233682483,0.016000000000000014,True
5.893114,4,122.973842,0.9618761006816701,0.03200000000000003,True
5.792341,3,122.983881,0.9601949623217201,0.02400000000000002,True
5.509347,3,122.994332,0.9581272980067723,0.02400000000000002,True
5.8633,4,123.007249,0.9579659516502634,0.03200000000000003,True
5.566776,4,123.019792,0.9611184312698772,0.03200000000000003,True
5.83819,3,123.028375,0.9630989049593789,0.02400000000000002,True
5.530788,3,123.038349,0.9653478569232815,0.02400000000000002,True
5.578333,4,123.050897,0.9600531535044933,0.03200000000000003,True
5.749593,3,123.060258,0.9617396417054166,0.02400000000000002,True
5.397448,4,123.072584,0.9643988632185134,0.03200000000000003,True
5.69245,3,123.082273,0.959120508964761,0.02400000000000002,True
5.57794,4,123.093734,0.959226725618622,0.03200000000000003,True
5.686857,3,123.103317,0.9588034087211327,0.02400000000000002,True
5.500063,3,123.112693,0.9595275111446953,0.02400000000000002,True
5.335928,2,123.119268,0.9619235410910039,0.016000000000000014,True
5.656587,4,123.132921,0.9618297003124332,0.03200000000000003,True
5.668138,3,123.143726,0.9640293019639302,0.02400000000000002,True
5.542838,4,123.156856,0.9592597722749554,0.03200000000000003,True
5.468253,3,123.166497,0.9593105546741569,0.02400000000000002,True
5.466255,3,123.177108,0.9590362610799584,0.02400000000000002,True
5.849203,4,123.190411,0.9607799571197815,0.03200000000000003,True
5.793926,5,123.2063,0.9611552876713921,0.040000000000000036,True
5.520756,5,123.220978,0.9611668771715542,0.040000000000000036,True
5.854074,4,123.23362,0.9634153339714563,0.03200000000000003,True
5.560889,4,123.246288,0.960715676396291,0.03200000000000003,True
5.407784,3,123.254843,0.9627319713612454,0.02400000000000002,True
5.576529,5,123.270072,0.9584648477920334,0.040000000000000036,True
6.064537,4,123.282039,0.9595378173930623,0.03200000000000003,True
5.828195,4,123.295468,0.9631568673486319,0.03200000000000003,True
5.679176,4,123.307124,0.961934754968528,0.03200000000000003,True
5.883833,4,123.319487,0.9657664488137694,0.03200000000000003,True
5.600195,3,123.331656,0.960570639817929,0.02400000000000002,True
5.950999,4,123.344902,0.9606665053919212,0.03200000000000003,True
5.620399,4,123.357513,0.9609637584095703,0.03200000000000003,True
5.760835,4,123.369837,0.9583480294754545,0.03200000000000003,True
5.581442,3,123.379558,0.9690615426411932,0.02400000000000002,True
5.801438,4,123.392308,0.9603943025968809,0.03200000000000003,True
6.107177,4,123.404812,0.9631197342405069,0.03200000000000003,True
5.889381,3,123.416566,0.9586913867274798,0.02400000000000002,True
5.333121,3,123.428045,0.9609980090632233,0.02400000000000002,True
5.45294,2,123.433533,0.9625082487289359,0.016000000000000014,True
5.613849,3,123.443055,0.9647243107667235,0.02400000000000002,True
5.704909,3,123.45328,0.9645608908398439,0.02400000000000002,True
5.540083,4,123.465886,0.9643158037968944,0.03200000000000003,True
5.679142,5,123.480806,0.9595287881435941,0.040000000000000036,True
5.558181,3,123.491379,0.9626265562270063,0.02400000000000002,True
5.806735,4,123.503994,0.963397603308221,0.03200000000000003,True
5.985234,4,123.516638,0.960123476320094,0.03200000000000003,True
6.039197,4,123.528835,0.9603324513012745,0.03200000000000003,True
5.630173,4,123.541118,0.9606333320837498,0.03200000000000003,True
5.639319,4,123.555122,0.963078433994961,0.03200000000000003,True
5.752528,3,123.564939,0.9647000792097213,0.02400000000000002,True
5.786599,4,123.577266,0.960188131724283,0.03200000000000003,True
5.401356,2,123.584044,0.9618315012707377,0.016000000000000014,True
5.584584,3,123.593132,0.9616908695386401,0.02400000000000002,True
5.829698,5,123.609063,0.9610479878603744,0.040000000000000036,True
5.980596,4,123.623038,0.958647537938087,0.03200000000000003,True
5.584064,4,123.637141,0.9655654061486216,0.03200000000000003,True
5.72714,4,123.649897,0.9613782481910741,0.03200000000000003,True
5.791403,4,123.661819,0.9624981927198268,0.03200000000000003,True
5.766296,5,123.679535,0.9673638562925714,0.040000000000000036,True
5.935199,5,123.696727,0.9612545322661984,0.040000000000000036,True
6.031755,4,123.708297,0.9654928454358296,0.03200000000000003,True
6.09773,5,123.723385,0.9623486882074193,0.040000000000000036,True
5.554129,5,124.461938,0.9642706149008393,0.040000000000000036,True
5.695158,4,124.4784,0.9627644678475593,0.03200000000000003,True
5.75637,3,124.492081,0.958484224487242,0.02400000000000002,True
5.693601,5,124.511348,0.9567877599045658,0.040000000000000036,True
5.820555,3,124.527349,0.9574315663779867,0.02400000000000002,True
5.708901,4,124.54107,0.9606955604879526,0.03200000000000003,True
5.867119,3,124.550524,0.9610339686102672,0.02400000000000002,True
5.544606,4,124.562196,0.9594708796653967,0.03200000000000003,True
5.473998,5,124.578756,0.9627537169806764,0.040000000000000036,True
5.559454,4,124.592374,0.9637799292763138,0.03200000000000003,True
5.51967,4,124.602644,0.9624366098519722,0.03200000000000003,True
5.578344,4,124.614876,0.9598699156374101,0.03200000000000003,True
5.820995,3,124.624791,0.9614351907674458,0.02400000000000002,True
5.718197,3,124.634694,0.9617419935321975,0.02400000000000002,True
5.530896,4,124.646399,0.9610036845152715,0.03200000000000003,True
5.471212,3,124.654578,0.9609944997577073,0.02400000000000002,True
5.752959,4,124.666957,0.9577609723592153,0.03200000000000003,True
5.584045,4,124.680255,0.9610428865570734,0.03200000000000003,True
5.58953,3,124.689198,0.9648196486451839,0.02400000000000002,True
5.717108,3,124.699134,0.9630133797081674,0.02400000000000002,True
5.811066,4,124.711625,0.9605659324441732,0.03200000000000003,True
5.604791,4,124.724333,0.9609531018268742,0.03200000000000003,True
5.53108,4,124.738173,0.9609705327653054,0.03200000000000003,True
5.619118,4,124.75111,0.966925174842719,0.03200000000000003,True
5.547606,3,124.760382,0.9607749854262856,0.02400000000000002,True
5.623672,4,124.772975,0.9634235457615818,0.03200000000000003,True
5.693708,3,124.782665,0.9598284124796365,0.02400000000000002,True
5.916817,5,124.797122,0.9611234304226808,0.040000000000000036,True
5.672644,3,124.806794,0.9609181139564891,0.02400000000000002,True
5.953091,3,124.816215,0.963996683344949,0.02400000000000002,True
5.730392,3,124.824395,0.9656724176447553,0.02400000000000002,True
5.52607,5,124.840416,0.9627590998246357,0.040000000000000036,True
5.875001,5,124.854753,0.959857674086877,0.040000000000000036,True
5.936176,4,124.870733,0.9616924782094576,0.03200000000000003,True
5.473526,4,124.887837,0.9591048681707031,0.03200000000000003,True
5.546389,4,124.90072,0.9640218235858998,0.03200000000000003,True
5.462398,3,124.910682,0.9611546246122101,0.02400000000000002,True
5.646319,5,124.926759,0.9569142191088509,0.040000000000000036,True
5.773475,4,124.939724,0.9574328367507288,0.03200000000000003,True
5.587783,3,124.949751,0.9613068401066539,0.02400000000000002,True
5.762509,3,124.960938,0.9629174522287214,0.02400000000000002,True
5.339843,3,124.970278,0.9575285748141804,0.02400000000000002,True
5.505517,3,124.978964,0.9625328421924035,0.02400000000000002,True
5.524857,4,124.991002,0.9620543390736696,0.03200000000000003,True
5.43795,3,125.000281,0.9607954816260933,0.02400000000000002,True
5.600816,4,125.015224,0.9619602524208688,0.03200000000000003,True
5.621332,3,125.025287,0.9561772582768906,0.02400000000000002,True
5.782538,4,125.038041,0.958605648120187,0.03200000000000003,True
5.808969,4,125.05037,0.9600059487497239,0.03200000000000003,True
5.841853,3,125.058985,0.957024114458108,0.02400000000000002,True
5.697761,3,125.067948,0.9635098634273604,0.02400000000000002,True
5.552996,4,125.079944,0.9620252068768772,0.03200000000000003,True
5.841151,3,125.089799,0.9588280921693887,0.02400000000000002,True
5.647305,4,125.101524,0.9616070172904845,0.03200000000000003,True
5.856151,4,125.112956,0.9596161488946089,0.03200000000000003,True
5.556811,3,125.123584,0.9598825177331365,0.02400000000000002,True
5.827341,4,125.136304,0.9598930694277206,0.03200000000000003,True
5.718833,4,125.14925,0.9591245101730551,0.03200000000000003,True
5.67309,3,125.159542,0.9620264654718178,0.02400000000000002,True
5.431991,2,125.16595,0.9631420165972957,0.016000000000000014,True
5.72349,5,125.180498,0.9639395748767507,0.040000000000000036,True
5.519462,3,125.190776,0.961823734764621,0.02400000000000002,True
5.733875,5,125.204501,0.9603382268775086,0.040000000000000036,True
5.865317,5,125.220125,0.9573515988838495,0.040000000000000036,True
5.737283,4,125.233678,0.9570692438024269,0.03200000000000003,True
5.512519,4,125.245397,0.9633303097517406,0.03200000000000003,True
5.782511,4,125.257437,0.9582196545989752,0.03200000000000003,True
5.676627,4,125.277479,0.9597036063773854,0.03200000000000003,True
5.701851,4,126.113339,0.9628701715230237,0.03200000000000003,True
6.019828,4,126.132727,0.9629886019178885,0.03200000000000003,True
5.564648,3,126.143094,0.9569849398327436,0.02400000000000002,True
5.779961,5,126.159927,0.9633415566711436,0.040000000000000036,True
5.62907,5,126.176693,0.9640915143355442,0.040000000000000036,True
5.563112,4,126.190325,0.9631843934375606,0.03200000000000003,True
5.866306,4,126.203188,0.9599357855910896,0.03200000000000003,True
5.887501,4,126.217474,0.963611499155555,0.03200000000000003,True
5.761321,4,126.233626,0.9617076496215838,0.03200000000000003,True
5.511147,3,126.244475,0.9616764279032843,0.02400000000000002,True
5.593571,4,126.258361,0.9591910381087541,0.03200000000000003,True
5.529532,3,126.268995,0.9607089245652067,0.02400000000000002,True
5.540812,4,126.283788,0.9669530553442096,0.03200000000000003,True
5.640856,3,126.294577,0.9608313097746823,0.02400000000000002,True
5.771662,4,126.308285,0.9595053789266493,0.03200000000000003,True
5.541248,4,126.320556,0.9629616765078861,0.03200000000000003,True
5.846605,5,126.338799,0.9618099627993397,0.040000000000000036,True
5.835885,4,126.353412,0.9619694588852388,0.03200000000000003,True
5.778533,5,126.370663,0.9605524982106487,0.040000000000000036,True
5.729954,4,126.384005,0.9607806295311465,0.03200000000000003,True
5.782172,4,126.398788,0.9554520699278986,0.03200000000000003,True
5.561494,3,126.409937,0.9622066119719691,0.02400000000000002,True
5.460606,4,126.422971,0.9605664648025467,0.03200000000000003,True
6.005479,4,126.436288,0.9580212713407448,0.03200000000000003,True
5.858921,4,126.449997,0.9576884063123898,0.03200000000000003,True
5.598108,5,126.466726,0.9630641140639877,0.040000000000000036,True
5.576158,3,126.477719,0.958636129230511,0.02400000000000002,True
5.83698,4,126.491168,0.9621488988422338,0.03200000000000003,True
5.809116,3,126.501561,0.9596089957399836,0.02400000000000002,True
5.721332,3,126.5111,0.9596430054560541,0.02400000000000002,True
5.597268,5,126.529249,0.9603292062160529,0.040000000000000036,True
5.54414,3,126.539895,0.9628048126331807,0.02400000000000002,True
5.590658,3,126.551944,0.9648287715099524,0.02400000000000002,True
5.542714,4,126.566458,0.9672452909694426,0.03200000000000003,True
5.544679,3,126.577825,0.96782159141363,0.02400000000000002,True
5.888209,4,126.593383,0.9608206928895558,0.03200000000000003,True
5.54102,3,126.601408,0.9663060898176546,0.02400000000000002,True
5.635156,5,126.612325,0.9634202285471178,0.040000000000000036,True
5.911702,5,126.630235,0.9619491956905908,0.040000000000000036,True
5.686205,3,126.642209,0.9574078838452895,0.02400000000000002,True
5.786055,5,126.65674,0.9621038239804929,0.040000000000000036,True
5.516136,4,126.667949,0.9574075002195075,0.03200000000000003,True
5.806959,4,126.679158,0.958838393706848,0.03200000000000003,True
5.612669,5,126.690504,0.9586557319196469,0.040000000000000036,True
5.851726,4,126.701417,0.9587325570838372,0.03200000000000003,True
6.07046,4,126.711352,0.9594649177188883,0.03200000000000003,True
5.82084,3,126.717837,0.961826713776585,0.02400000000000002,True
5.786273,4,126.727087,0.9643468815499481,0.03200000000000003,True
5.747902,4,126.737369,0.957853944492163,0.03200000000000003,True
5.819715,4,126.746698,0.9584992886428063,0.03200000000000003,True
5.874134,3,126.75404,0.9614140225319808,0.02400000000000002,True
5.436966,3,126.761261,0.963350714522938,0.02400000000000002,True
5.70671,3,126.769207,0.9617332411243737,0.02400000000000002,True
5.790873,5,126.780218,0.9624017768960637,0.040000000000000036,True
5.66963,3,126.788087,0.9612241808375602,0.02400000000000002,True
5.951447,3,126.796094,0.9665114967373751,0.02400000000000002,True
5.772406,4,126.805434,0.9603671196014976,0.03200000000000003,True
5.576814,4,126.8152,0.9616450130064879,0.03200000000000003,True
5.827128,4,126.825678,0.9628983502183439,0.03200000000000003,True
5.668443,4,126.834456,0.963043006853916,0.03200000000000003,True
5.655333,4,126.844895,0.9630710164640921,0.03200000000000003,True
5.778674,4,126.855005,0.9570047839227493,0.03200000000000003,True
5.597675,4,126.864319,0.962277748035169,0.03200000000000003,True
5.875765,4,126.873049,0.9602539234663582,0.03200000000000003,True
5.832008,2,126.879216,0.9620536672822804,0.016000000000000014,True
5.64434,4,126.888664,0.9572037910685662,0.03200000000000003,True
5.609316,4,126.899972,0.9636434619656238,0.03200000000000003,True
5.701391,4,127.444796,0.9579061706753154,0.03200000000000003,True
5.832311,4,127.456445,0.9597614216367732,0.03200000000000003,True
5.812626,4,127.465976,0.9617898495263321,0.03200000000000003,True
5.603413,3,127.473921,0.9618676030392621,0.02400000000000002,True
5.735418,4,127.483331,0.959839656695803,0.03200000000000003,True
5.427106,4,127.492903,0.9620107491625154,0.03200000000000003,True
5.773672,4,127.502665,0.962588202127666,0.03200000000000003,True
5.604455,4,127.512817,0.9644816212875933,0.03200000000000003,True
5.448998,3,127.520403,0.9623658956379726,0.02400000000000002,True
5.891128,4,127.530587,0.9588035176183505,0.03200000000000003,True
5.585686,5,127.542838,0.9617772608597586,0.040000000000000036,True
5.833429,4,127.552173,0.9563165170560606,0.03200000000000003,True
5.515168,4,127.562471,0.959402108738324,0.03200000000000003,True
5.623313,4,127.572411,0.9617413405524202,0.03200000000000003,True
5.476931,3,127.58024,0.9583519582208166,0.02400000000000002,True
5.796252,3,127.587424,0.9655662943274577,0.02400000000000002,True
5.601984,3,127.594663,0.9571236935439462,0.02400000000000002,True
5.583911,4,127.6043,0.9593004256667577,0.03200000000000003,True
5.505225,3,127.612408,0.9582547476846439,0.02400000000000002,True
5.515644,3,127.620545,0.9569705327110489,0.02400000000000002,True
5.400553,3,127.628072,0.961701080987954,0.02400000000000002,True
5.758339,4,127.637904,0.9690032274023733,0.03200000000000003,True
5.516774,4,127.649024,0.9568396016777152,0.03200000000000003,True
5.714996,3,127.659284,0.9635925305287724,0.02400000000000002,True
5.985266,4,127.672583,0.9582467880043244,0.03200000000000003,True
5.987291,4,127.68732,0.9600764073160404,0.03200000000000003,True
5.642359,4,127.696123,0.9641864424361622,0.03200000000000003,True
5.572867,5,127.708914,0.96440390692097,0.040000000000000036,True
5.805212,5,127.721433,0.9609073409330272,0.040000000000000036,True
6.092002,4,127.730983,0.9599481282537659,0.03200000000000003,True
5.715147,3,127.739047,0.9650211607700234,0.02400000000000002,True
5.503416,3,127.747701,0.957063737274798,0.02400000000000002,True
5.378637,2,127.752784,0.9572170393013322,0.016000000000000014,True
5.581289,4,127.762829,0.9598060478722128,0.03200000000000003,True
6.107851,4,127.773456,0.9620967935897904,0.03200000000000003,True
5.701038,5,127.785666,0.9587601430862134,0.040000000000000036,True
5.945959,4,127.796737,0.9602297993073967,0.03200000000000003,True
5.429734,3,127.80427,0.9601741986069686,0.02400000000000002,True
5.602366,4,127.814984,0.957967692009742,0.03200000000000003,True
5.804713,5,127.826053,0.9657852956341261,0.040000000000000036,True
5.942883,5,127.839469,0.9621132840911335,0.040000000000000036,True
5.679831,5,127.851086,0.9628528434587934,0.040000000000000036,True
5.640889,5,127.86358,0.9580669588321917,0.040000000000000036,True
5.743966,4,127.873154,0.9580520541663479,0.03200000000000003,True
5.702192,3,127.879748,0.9593945423733059,0.02400000000000002,True
5.75817,4,127.890162,0.9640250320034984,0.03200000000000003,True
5.560087,4,127.899339,0.9612879189846337,0.03200000000000003,True
5.655064,5,127.912842,0.9598962945176943,0.040000000000000036,True
5.842167,4,127.923566,0.957180501325804,0.03200000000000003,True
5.602713,3,127.929236,0.9608785504507795,0.02400000000000002,True
5.669875,4,127.94012,0.9649543632190466,0.03200000000000003,True
5.886669,4,127.949869,0.9616006922434579,0.03200000000000003,True
5.784416,4,127.96031,0.9591100468619298,0.03200000000000003,True
5.724334,3,127.967206,0.9665811636546895,0.02400000000000002,True
5.489929,3,127.975718,0.9628049677962457,0.02400000000000002,True
5.755933,4,127.985144,0.9650240964416952,0.03200000000000003,True
5.781436,4,127.994246,0.9604460128216548,0.03200000000000003,True
5.531608,3,128.001123,0.9599597625044168,0.02400000000000002,True
5.612606,4,128.010421,0.9612357023532397,0.03200000000000003,True
5.735792,4,128.020638,0.9629891756860887,0.03200000000000003,True
5.834157,4,128.030255,0.9667188512732621,0.03200000000000003,True
5.445421,3,128.038044,0.9605287561307929,0.02400000000000002,True
5.52813,4,128.048066,0.962839976645058,0.03200000000000003,True
5.500018,4,128.056942,0.9593388812518153,0.03200000000000003,True
5.799413,4,128.066108,0.9608512898907648,0.03200000000000003,True
6.010328,5,128.077546,0.9613349138816734,0.040000000000000036,True
5.67128,4,128.614504,0.9620331020250736,0.03200000000000003,True
5.850628,4,128.624544,0.9568609743775311,0.03200000000000003,True
5.573629,3,128.632988,0.9602522044000961,0.02400000000000002,True
5.574984,4,128.642804,0.9604924955352611,0.03200000000000003,True
5.361245,3,128.650948,0.9612501972193706,0.02400000000000002,True
5.448122,3,128.657995,0.9605095276895574,0.02400000000000002,True
5.725865,3,128.667845,0.960057928435138,0.02400000000000002,True
5.6199,4,128.680048,0.9578432360081801,0.03200000000000003,True
5.683764,3,128.690603,0.9591438323129016,0.02400000000000002,True
5.745636,4,128.704753,0.9603487794721182,0.03200000000000003,True
5.79623,4,128.718384,0.9622783297077588,0.03200000000000003,True
5.623277,5,128.730319,0.9594549428026713,0.040000000000000036,True
5.380415,3,128.738189,0.961671289945387,0.02400000000000002,True
5.749153,4,128.748268,0.9612390639210435,0.03200000000000003,True
6.091168,5,128.759885,0.9583685969804722,0.040000000000000036,True
5.677233,4,128.768404,0.9573247063609085,0.03200000000000003,True
5.644446,4,128.776416,0.9607719502935474,0.03200000000000003,True
5.776721,5,128.788398,0.9590011206677623,0.040000000000000036,True
5.563036,3,128.79604,0.961495691238769,0.02400000000000002,True
5.946484,4,128.805354,0.9594197384969418,0.03200000000000003,True
5.540913,3,128.813459,0.961857292395895,0.02400000000000002,True
5.512327,3,128.820429,0.9623010081274073,0.02400000000000002,True
5.634754,3,128.828119,0.9632168821918616,0.02400000000000002,True
5.882038,3,128.835201,0.9622530758443524,0.02400000000000002,True
5.804206,4,128.845875,0.9615977277803904,0.03200000000000003,True
5.83185,5,128.857586,0.9612232845771271,0.040000000000000036,True
5.682222,3,128.865076,0.9621834632791109,0.02400000000000002,True
5.75475,4,128.875095,0.9627220264342853,0.03200000000000003,True
5.497433,4,128.885171,0.9612736237422621,0.03200000000000003,True
5.855496,4,128.894662,0.9615885409660893,0.03200000000000003,True
5.759563,4,128.903887,0.9567715158813219,0.03200000000000003,True
5.784735,4,128.91417,0.9613061817930975,0.03200000000000003,True
5.75079,4,128.923733,0.9629736268835197,0.03200000000000003,True
5.319699,3,128.931518,0.958310426330474,0.02400000000000002,True
5.48383,3,128.938221,0.9613595382406449,0.02400000000000002,True
5.812261,4,128.947403,0.9614799724917705,0.03200000000000003,True
5.606943,4,128.956895,0.9620671152743799,0.03200000000000003,True
5.469578,3,128.964037,0.9630697171883916,0.02400000000000002,True
5.597313,4,128.97432,0.9600082539931677,0.03200000000000003,True
5.387484,3,128.982076,0.9638120179085576,0.02400000000000002,True
5.991843,4,128.991498,0.9592184348065829,0.03200000000000003,True
5.770496,4,129.000899,0.9667063304989114,0.03200000000000003,True
5.863041,4,129.010158,0.9611089697296692,0.03200000000000003,True
5.833311,4,129.019419,0.9578078246119979,0.03200000000000003,True
5.563129,3,129.027424,0.9574610542331974,0.02400000000000002,True
5.826405,5,129.111012,0.9630344102888705,0.040000000000000036,True
5.691383,4,129.121897,0.9622795988260502,0.03200000000000003,True
5.808107,5,129.133529,0.9593759802443,0.040000000000000036,True
5.543955,3,129.141865,0.9637388559846085,0.02400000000000002,True
5.616573,4,129.153507,0.963032333931644,0.03200000000000003,True
5.836276,3,129.161091,0.958221111141945,0.02400000000000002,True
5.524191,4,129.170302,0.9623866412885351,0.03200000000000003,True
5.68371,3,129.17649,0.9605478442611619,0.02400000000000002,True
5.864288,5,129.18924,0.9593187566813901,0.040000000000000036,True
5.464323,4,129.198421,0.9587054668914793,0.03200000000000003,True
5.535255,3,129.204337,0.9613503074493877,0.02400000000000002,True
5.615441,4,129.215045,0.9609505531625815,0.03200000000000003,True
5.802573,4,129.22385,0.9598493520760689,0.03200000000000003,True
5.657556,3,129.231709,0.9594021156416541,0.02400000000000002,True
5.444437,3,129.239886,0.9589747149299646,0.02400000000000002,True
5.617145,4,129.25011,0.9596355849728395,0.03200000000000003,True
5.945985,3,129.257948,0.9611478807791989,0.02400000000000002,True
5.615591,5,129.268896,0.9641059294619774,0.040000000000000036,True
5.515365,4,129.279046,0.9612506523018481,0.03200000000000003,True
5.66148,4,129.289597,0.9589673537195706,0.03200000000000003,True
5.593453,4,129.299156,0.9604521342671787,0.03200000000000003,True
5.71974,4,129.309258,0.9565748677195088,0.03200000000000003,True
5.73582,4,129.318967,0.959351469551035,0.03200000000000003,True
