#{"t_start": 1790445685.7672236, "env_id": "None"}
r,l,t,mean_uncertainty,energy_used,success
-2.191972,30,5.370202,0.9618526733499211,0.2400000000000002,False
-1.841628,30,5.422645,0.9640639818873429,0.2400000000000002,False
5.069962,28,5.469919,0.959499205860465,0.2240000000000002,True
-2.216611,30,5.518933,0.9622668538367581,0.2400000000000002,False
-1.804612,30,5.571997,0.9599610151089644,0.2400000000000002,False
-2.199776,30,5.621481,0.9597610976959896,0.2400000000000002,False
5.654325,6,5.632413,0.9572905398389838,0.04800000000000004,True
-2.485221,30,5.687333,0.9618183151282247,0.2400000000000002,False
-2.29016,30,5.738009,0.9612691675843518,0.2400000000000002,False
-2.082689,30,6.471278,0.9672757333451613,0.2400000000000002,False
-2.077927,30,6.520867,0.9629014772931166,0.2400000000000002,False
-2.049401,30,6.581093,0.9604825404234747,0.2400000000000002,False
-1.812167,30,6.642032,0.9623155986710985,0.2400000000000002,False
-1.941582,30,6.695882,0.9641794221239595,0.2400000000000002,False
-2.343809,30,6.746426,0.9611609968277302,0.2400000000000002,False
-2.228717,30,6.798289,0.9609528018077443,0.2400000000000002,False
-2.267227,30,6.852766,0.9628731675885283,0.2400000000000002,False
-2.205207,30,7.635082,0.9623733252018469,0.2400000000000002,False
-1.997459,30,7.708422,0.9635695709143086,0.2400000000000002,False
-2.322557,30,7.77588,0.9595469936450259,0.2400000000000002,False
-2.092453,30,7.844361,0.9610529139568222,0.2400000000000002,False
-2.314554,30,7.920907,0.9621297027187825,0.2400000000000002,False
-1.650256,30,8.016472,0.9623347470513566,0.2400000000000002,False
5.66187,28,8.099855,0.9616103444248811,0.2240000000000002,True
-2.076481,30,8.177511,0.9605825581426648,0.2400000000000002,False
5.571718,25,8.237271,0.9630457297292666,0.20000000000000018,True
-2.202044,30,9.044266,0.9630036375212542,0.2400000000000002,False
5.615084,14,9.083815,0.9609245136961932,0.1120000000000001,True
-1.959588,30,9.154994,0.963615389211046,0.2400000000000002,False
-2.00793,30,9.222914,0.9648449470588514,0.2400000000000002,False
-2.219993,30,9.296736,0.960316963679975,0.2400000000000002,False
-1.957239,30,9.372304,0.9594219262770126,0.2400000000000002,False
5.480095,18,9.410982,0.9625773130722677,0.14400000000000013,True
-1.971379,30,9.482377,0.961174385932509,0.2400000000000002,False
5.636558,11,9.508428,0.9597397667184798,0.08800000000000008,True
-1.819236,30,9.575381,0.9654192291868224,0.2400000000000002,False
-1.865405,30,10.370398,0.9616393377762102,0.2400000000000002,False
5.497627,14,10.404333,0.9636816429998776,0.1120000000000001,True
5.602452,7,10.425977,0.9634011931355287,0.05600000000000005,True
5.224374,26,10.490733,0.9586211767965798,0.20800000000000018,True
5.60276,11,10.520709,0.9604647591499235,0.08800000000000008,True
-1.701754,30,10.59519,0.9638268819421698,0.2400000000000002,False
5.086441,30,10.666383,0.9624402400570854,0.2400000000000002,True
-1.874215,30,10.7393,0.9631877526217785,0.2400000000000002,False
5.335128,27,10.805189,0.9617115854390925,0.2160000000000002,True
5.840173,11,10.830403,0.9595556691809384,0.08800000000000008,True
-2.073101,30,10.9017,0.9603057508099297,0.2400000000000002,False
-2.0443,30,11.298185,0.9630637395489409,0.2400000000000002,False
-1.831312,30,12.486285,0.961877727912587,0.2400000000000002,False
5.477016,13,12.520464,0.9582470245695511,0.10400000000000009,True
5.525339,19,12.587332,0.9625996547338517,0.15200000000000014,True
5.382319,11,12.618721,0.9592951771499844,0.08800000000000008,True
5.516202,30,12.714364,0.9609829189686019,0.2400000000000002,True
5.604648,11,12.753637,0.9599112743146966,0.08800000000000008,True
-1.95327,30,12.866924,0.9635710255881313,0.2400000000000002,False
5.676407,14,12.945384,0.9610473177276372,0.1120000000000001,True
-1.942592,30,13.058568,0.9628426236380807,0.2400000000000002,False
-2.217418,30,13.158442,0.963236825630264,0.2400000000000002,False
5.826593,8,13.180022,0.9616191974578245,0.06400000000000006,True
5.509099,13,13.210714,0.9614188771570132,0.10400000000000009,True
5.243343,11,13.241606,0.9615730070906305,0.08800000000000008,True
5.582448,12,13.85099,0.9671653922575667,0.09600000000000009,True
5.404721,12,13.87223,0.9624453555886198,0.09600000000000009,True
5.607691,7,13.88587,0.9621553066703149,0.05600000000000005,True
5.63089,12,13.907338,0.962568485866554,0.09600000000000009,True
5.575766,10,13.92522,0.959689085099228,0.08000000000000007,True
5.716534,7,13.93774,0.9577770645724535,0.05600000000000005,True
5.305214,4,13.94636,0.9615573669555171,0.03200000000000003,True
5.435321,30,13.996145,0.9607615831442079,0.2400000000000002,True
5.357474,27,14.041546,0.9595726288906182,0.2160000000000002,True
5.422342,9,14.058281,0.9596290302037528,0.07200000000000006,True
5.296908,7,14.069319,0.9618118728441394,0.05600000000000005,True
5.37498,4,14.075765,0.9600776521163882,0.03200000000000003,True
5.420417,7,14.088481,0.9595809316356348,0.05600000000000005,True
5.652288,15,14.11498,0.9592130316209649,0.1200000000000001,True
5.626937,14,14.143788,0.9609637294056278,0.1120000000000001,True
5.332554,15,14.172262,0.9633229719244696,0.1200000000000001,True
5.513857,12,14.195279,0.9644096600536511,0.09600000000000009,True
5.539204,8,14.21047,0.9622385883036408,0.06400000000000006,True
-1.800712,30,14.267321,0.9636161310499708,0.2400000000000002,False
5.351628,22,14.309908,0.9611982871984215,0.17600000000000016,True
5.613213,8,14.876289,0.9632958516568153,0.06400000000000006,True
5.721077,14,14.900553,0.9603102876667944,0.1120000000000001,True
-1.948347,30,14.956511,0.9621151108474422,0.2400000000000002,False
5.485692,11,14.979403,0.9623326278375406,0.08800000000000008,True
5.453926,11,15.001984,0.9614492557337502,0.08800000000000008,True
5.465977,6,15.014876,0.9666814431802324,0.04800000000000004,True
5.47106,20,15.053235,0.9634742001290924,0.16000000000000014,True
5.693993,5,15.063443,0.9590959033272548,0.040000000000000036,True
5.406621,13,15.085976,0.9600638253734896,0.10400000000000009,True
5.646488,17,15.120153,0.9602231656987362,0.13600000000000012,True
5.450191,19,15.156459,0.9674923036043819,0.15200000000000014,True
5.478286,22,15.193538,0.9605065370494739,0.17600000000000016,True
5.778263,16,15.222042,0.9630771940383599,0.1280000000000001,True
5.603815,5,15.230269,0.963869512127947,0.040000000000000036,True
5.441691,7,15.242928,0.9659263182780844,0.05600000000000005,True
5.379536,19,15.276556,0.9632133098969675,0.15200000000000014,True
5.616793,8,15.290989,0.9630802076070671,0.06400000000000006,True
5.703511,13,15.313979,0.9602673884043651,0.10400000000000009,True
5.285845,21,15.878309,0.9633177258965981,0.16800000000000015,True
5.728382,9,15.895291,0.9611995379889953,0.07200000000000006,True
5.799912,13,15.918128,0.9604889790203933,0.10400000000000009,True
5.499905,5,15.928831,0.9627189373066372,0.040000000000000036,True
5.661118,12,15.950684,0.9650766276585769,0.09600000000000009,True
5.704632,5,15.959369,0.958971293267145,0.040000000000000036,True
5.889611,7,15.973489,0.960700608097332,0.05600000000000005,True
5.582278,10,15.995947,0.9588817601805968,0.08000000000000007,True
5.895205,15,16.023557,0.9575002155084804,0.1200000000000001,True
5.67032,16,16.052399,0.9609854056832715,0.1280000000000001,True
5.431464,15,16.080255,0.9635537071018458,0.1200000000000001,True
5.58227,5,16.090898,0.9573756718008757,0.040000000000000036,True
5.460831,7,16.105223,0.9569135498794338,0.05600000000000005,True
5.368984,10,16.126496,0.9576820813847366,0.08000000000000007,True
5.479308,12,16.151446,0.9599070101319018,0.09600000000000009,True
5.40889,12,16.17388,0.9588886755851755,0.09600000000000009,True
5.624844,13,16.198653,0.9656696140906318,0.10400000000000009,True
5.343355,29,16.250715,0.9610490808789292,0.2320000000000002,True
5.80375,12,16.273455,0.9609513109355071,0.09600000000000009,True
5.485977,10,16.292121,0.9627098616451556,0.08000000000000007,True
5.505708,7,16.305034,0.9609770253628489,0.05600000000000005,True
5.404809,9,16.322056,0.9604804430196782,0.07200000000000006,True
5.597871,11,16.343592,0.9596827112795964,0.08800000000000008,True
5.626267,20,16.899642,0.9612970704901461,0.16000000000000014,True
5.576433,6,16.910852,0.9647319875848688,0.04800000000000004,True
5.637844,5,16.919788,0.9615507802628354,0.040000000000000036,True
5.796137,7,16.935182,0.956590819356067,0.05600000000000005,True
5.661655,4,16.944596,0.9620201158103969,0.03200000000000003,True
5.68031,10,16.962691,0.9644338760784752,0.08000000000000007,True
5.828758,6,16.973895,0.9575537215664971,0.04800000000000004,True
5.467171,12,16.995878,0.9635136005544027,0.09600000000000009,True
5.479951,12,17.016649,0.9679640415329985,0.09600000000000009,True
5.545625,6,17.028419,0.9607375163750115,0.04800000000000004,True
5.498832,12,17.050127,0.9563460819092816,0.09600000000000009,True
5.780992,9,17.066012,0.9660835338532694,0.07200000000000006,True
5.611484,6,17.077681,0.959159731537397,0.04800000000000004,True
5.350644,9,17.092752,0.9640671038998894,0.07200000000000006,True
5.644708,7,17.108092,0.9588826964631575,0.05600000000000005,True
5.810774,7,17.123011,0.9589164397944696,0.05600000000000005,True
5.629662,9,17.141506,0.9610322553918487,0.07200000000000006,True
5.732148,7,17.161306,0.9618713129962165,0.05600000000000005,True
5.832947,11,17.181615,0.9637718342482957,0.08800000000000008,True
5.541118,7,17.193939,0.9592459558100932,0.05600000000000005,True
5.575721,4,17.202061,0.9589588393663682,0.03200000000000003,True
5.480549,9,17.218603,0.9638413660831084,0.07200000000000006,True
5.625254,6,17.229759,0.9666666506217616,0.04800000000000004,True
5.50772,9,17.247277,0.9592642850404205,0.07200000000000006,True
5.524369,4,17.347333,0.957521793990793,0.03200000000000003,True
5.718276,8,17.361474,0.9665818118308218,0.06400000000000006,True
5.765019,13,17.38593,0.9622276802908527,0.10400000000000009,True
5.525384,10,17.404128,0.9613219601028485,0.08000000000000007,True
5.694525,6,17.415706,0.9594500771071154,0.04800000000000004,True
5.519467,7,17.428948,0.9622747816217994,0.05600000000000005,True
5.928671,11,17.448507,0.9640732565105039,0.08800000000000008,True
5.371493,7,17.983526,0.9573852033070471,0.05600000000000005,True
5.444574,7,17.996859,0.9591833432310013,0.05600000000000005,True
5.818856,5,18.006969,0.9627458526179287,0.040000000000000036,True
5.438453,10,18.027142,0.9578318281721259,0.08000000000000007,True
5.47084,4,18.035025,0.9619672280236442,0.03200000000000003,True
5.543795,6,18.04712,0.9648189819538242,0.04800000000000004,True
5.477821,6,18.060184,0.9651335487759858,0.04800000000000004,True
6.059407,8,18.075672,0.962322465444008,0.06400000000000006,True
5.856757,5,18.085908,0.9568876080402637,0.040000000000000036,True
5.596906,16,18.118098,0.9632413267938316,0.1280000000000001,True
5.499663,5,18.129051,0.9610303056829819,0.040000000000000036,True
5.520517,5,18.139585,0.9612964084920601,0.040000000000000036,True
5.464952,15,18.168932,0.9605854652376462,0.1200000000000001,True
5.772104,8,18.185593,0.959605601900374,0.06400000000000006,True
5.605303,7,18.199359,0.9604905068384249,0.05600000000000005,True
5.477167,10,18.221514,0.9596340184316747,0.08000000000000007,True
5.582511,5,18.232235,0.9591738793848056,0.040000000000000036,True
5.794907,7,18.246038,0.9610157969616343,0.05600000000000005,True
5.725459,7,18.260607,0.9655244360040174,0.05600000000000005,True
5.730298,7,18.276582,0.9613156959170788,0.05600000000000005,True
5.601902,5,18.28626,0.9635526355702569,0.040000000000000036,True
5.581147,7,18.301661,0.9640221753174877,0.05600000000000005,True
5.503095,6,18.31968,0.96235098311725,0.04800000000000004,True
5.772871,10,18.345665,0.9649620578957911,0.08000000000000007,True
5.48688,5,18.35628,0.9600111016367865,0.040000000000000036,True
5.64763,6,18.366441,0.9668719380137083,0.04800000000000004,True
5.745233,7,18.379258,0.961377762194354,0.05600000000000005,True
5.900382,8,18.394834,0.9575295873461406,0.06400000000000006,True
5.671518,8,18.409669,0.9622452137728924,0.06400000000000006,True
5.669803,8,18.425284,0.9621115927060848,0.06400000000000006,True
5.663617,7,18.438586,0.9598950623010263,0.05600000000000005,True
5.718204,4,18.446702,0.9612452962349634,0.03200000000000003,True
5.306639,8,18.462048,0.9609201236897775,0.06400000000000006,True
5.508672,13,18.486879,0.96211670654194,0.10400000000000009,True
5.645435,4,18.49507,0.9607088310191002,0.03200000000000003,True
5.478909,5,19.027757,0.9613236424097528,0.040000000000000036,True
6.086609,7,19.042096,0.9577614799827059,0.05600000000000005,True
5.963353,7,19.056154,0.9595495423354479,0.05600000000000005,True
5.306375,13,19.080017,0.9588164808797419,0.10400000000000009,True
5.730044,3,19.08684,0.9590710306765453,0.02400000000000002,True
5.588398,6,19.099793,0.9615929917959529,0.04800000000000004,True
5.488702,4,19.1092,0.9627341092076863,0.03200000000000003,True
5.844679,5,19.120387,0.9646945006286007,0.040000000000000036,True
5.920923,4,19.129441,0.9598385052100454,0.03200000000000003,True
5.819672,6,19.142691,0.9604303441543123,0.04800000000000004,True
5.791042,10,19.162374,0.9651229179762523,0.08000000000000007,True
5.816879,6,19.176053,0.9588854402731335,0.04800000000000004,True
5.731076,5,19.186317,0.9608686101369494,0.040000000000000036,True
5.784265,10,19.206748,0.9579266846901753,0.08000000000000007,True
5.610927,7,19.220266,0.9587066804534303,0.05600000000000005,True
5.603086,8,19.236318,0.958472307483694,0.06400000000000006,True
5.753399,4,19.246489,0.962634960029764,0.03200000000000003,True
5.76413,7,19.259563,0.9593268651062407,0.05600000000000005,True
5.654772,4,19.268365,0.9624324079404113,0.03200000000000003,True
5.562715,6,19.281063,0.9614257436615137,0.04800000000000004,True
5.50527,5,19.291919,0.9598895348108809,0.040000000000000036,True
5.467108,7,19.304225,0.9616796181396443,0.05600000000000005,True
5.660799,8,19.321142,0.9613157635276107,0.06400000000000006,True
5.567276,8,19.337673,0.9654017526456915,0.06400000000000006,True
5.615811,3,19.344134,0.9621548120783912,0.02400000000000002,True
5.51815,5,19.354847,0.9579735309948784,0.040000000000000036,True
5.556437,6,19.367445,0.9627102419322096,0.04800000000000004,True
5.706962,7,19.381381,0.9645883786331779,0.05600000000000005,True
5.620113,6,19.394232,0.9626643550336424,0.04800000000000004,True
5.48316,6,19.404453,0.9596119652003255,0.04800000000000004,True
5.390133,5,19.414274,0.9666984619050456,0.040000000000000036,True
5.711784,11,19.435138,0.9606818666951522,0.08800000000000008,True
5.49078,5,19.446008,0.9611970687914879,0.040000000000000036,True
5.514525,7,19.459487,0.9627973780954,0.05600000000000005,True
5.485213,7,19.473224,0.966899605513354,0.05600000000000005,True
5.679702,3,19.478593,0.958608665720741,0.02400000000000002,True
5.564891,6,19.491687,0.9607020780958213,0.04800000000000004,True
5.71319,12,19.515632,0.96593606987422,0.09600000000000009,True
5.637554,7,19.53079,0.9640193714136993,0.05600000000000005,True
5.572158,7,19.545491,0.9631415777447934,0.05600000000000005,True
5.673256,5,20.083637,0.9604858585187026,0.040000000000000036,True
5.59427,7,20.097584,0.9608226709487055,0.05600000000000005,True
5.470949,5,20.108854,0.9578726134934545,0.040000000000000036,True
5.774478,4,20.117894,0.9639075014337408,0.03200000000000003,True
5.727139,7,20.132888,0.9597668017045882,0.05600000000000005,True
5.394448,6,20.145366,0.9600134714972204,0.04800000000000004,True
5.948934,5,20.153919,0.9632284185310741,0.040000000000000036,True
5.973643,4,20.164036,0.9597697407114973,0.03200000000000003,True
5.455912,6,20.176656,0.9626100385802425,0.04800000000000004,True
5.464364,3,20.184161,0.9605963727727671,0.02400000000000002,True
5.607196,6,20.195772,0.9587841087921458,0.04800000000000004,True
5.761031,10,20.215718,0.9613242447118069,0.08000000000000007,True
5.368672,5,20.224964,0.9618029384088187,0.040000000000000036,True
5.432048,5,20.235454,0.9644358010605683,0.040000000000000036,True
5.642489,5,20.245965,0.964251536989701,0.040000000000000036,True
5.646996,4,20.255103,0.9568681400832135,0.03200000000000003,True
5.435103,5,20.266213,0.9607205121605756,0.040000000000000036,True
5.783718,4,20.27478,0.9621712998974781,0.03200000000000003,True
5.597626,5,20.284669,0.9595831731548117,0.040000000000000036,True
5.808831,9,20.302549,0.962617239604102,0.07200000000000006,True
5.530034,5,20.313796,0.9580956080468622,0.040000000000000036,True
5.4337,6,20.327909,0.9635578099609337,0.04800000000000004,True
5.865857,7,20.342144,0.9643542741379794,0.05600000000000005,True
5.682026,4,20.351992,0.9594068542276369,0.03200000000000003,True
5.537693,12,20.376683,0.9639414536729445,0.09600000000000009,True
5.742781,8,20.391881,0.9618012507216531,0.06400000000000006,True
5.630368,5,20.402872,0.9577730350601391,0.040000000000000036,True
6.019955,5,20.413622,0.9576956024009098,0.040000000000000036,True
5.734528,10,20.435335,0.9579238848816551,0.08000000000000007,True
5.482199,4,20.444448,0.955947703552595,0.03200000000000003,True
5.655424,6,20.4558,0.9580548534176351,0.04800000000000004,True
5.867918,5,20.467717,0.9582203060960554,0.040000000000000036,True
5.794301,6,20.479999,0.9652050093352995,0.04800000000000004,True
5.501098,8,20.496078,0.9594616274047559,0.06400000000000006,True
5.515481,4,20.504883,0.961327412241274,0.03200000000000003,True
5.800005,3,20.510854,0.9588480748137714,0.02400000000000002,True
5.404402,7,20.526286,0.9601313356466536,0.05600000000000005,True
5.443208,6,20.539021,0.9591735056910751,0.04800000000000004,True
5.75313,5,20.549186,0.9659458066511214,0.040000000000000036,True
5.420017,8,20.565737,0.9651589911330585,0.06400000000000006,True
5.651792,6,20.57838,0.9583223079659284,0.04800000000000004,True
5.730723,10,20.601121,0.9659684316083855,0.08000000000000007,True
5.69498,5,20.619307,0.9623793730840425,0.040000000000000036,True
5.38138,3,21.154203,0.9623170292689531,0.02400000000000002,True
5.620039,4,21.164392,0.962095424167941,0.03200000000000003,True
5.410722,4,21.173164,0.9595437153217328,0.03200000000000003,True
5.724099,5,21.183972,0.9568046223742077,0.040000000000000036,True
5.727524,6,21.19783,0.9585883459362596,0.04800000000000004,True
5.478023,4,21.206249,0.9631084804595775,0.03200000000000003,True
5.639612,6,21.219237,0.9620021226288118,0.04800000000000004,True
5.985213,6,21.231128,0.9607930605469167,0.04800000000000004,True
5.767836,5,21.241771,0.967611895704078,0.040000000000000036,True
5.731928,6,21.25548,0.9603262095641769,0.04800000000000004,True
5.738179,4,21.262822,0.9598999655383331,0.03200000000000003,True
5.693574,3,21.269799,0.9580056494438307,0.02400000000000002,True
5.739387,4,21.279122,0.9576486121367889,0.03200000000000003,True
5.684788,6,21.291613,0.9597281561743627,0.04800000000000004,True
5.739148,4,21.300203,0.9607577800297331,0.03200000000000003,True
5.647909,4,21.309129,0.9625590312807978,0.03200000000000003,True
5.570774,5,21.319084,0.9651800177043575,0.040000000000000036,True
5.553068,7,21.333184,0.9626939322657906,0.05600000000000005,True
5.674002,6,21.345509,0.9597678683375566,0.04800000000000004,True
5.65249,7,21.358102,0.9623116619940835,0.05600000000000005,True
5.70668,8,21.377939,0.9584059665010907,0.06400000000000006,True
5.308751,6,21.389858,0.959391000731998,0.04800000000000004,True
5.567212,5,21.400196,0.9652698413190315,0.040000000000000036,True
5.891458,6,21.412857,0.9583875369819628,0.04800000000000004,True
5.480746,5,21.425261,0.964051815350661,0.040000000000000036,True
5.517491,9,21.446986,0.9612544515159651,0.07200000000000006,True
5.677861,6,21.459053,0.9608713850944361,0.04800000000000004,True
5.326215,6,21.471639,0.9593615953995401,0.04800000000000004,True
5.712586,7,21.487592,0.956442972858681,0.05600000000000005,True
5.747519,4,21.497975,0.9618423668726638,0.03200000000000003,True
5.736954,5,21.509001,0.9600635131222812,0.040000000000000036,True
5.657103,6,21.527713,0.9597552453747504,0.04800000000000004,True
5.618431,7,21.555361,0.95947407644733,0.05600000000000005,True
5.631645,5,21.571224,0.9605252329078603,0.040000000000000036,True
5.802351,5,21.589702,0.9586950699032952,0.040000000000000036,True
5.544811,5,21.605047,0.9620819462627309,0.040000000000000036,True
5.843179,4,21.617545,0.9638089140926944,0.03200000000000003,True
5.777486,5,21.633067,0.96010787394272,0.040000000000000036,True
5.450151,6,21.652092,0.962472727976333,0.04800000000000004,True
5.49534,6,21.676434,0.9626729068155921,0.04800000000000004,True
5.43539,6,21.702368,0.9586888913557432,0.04800000000000004,True
5.603709,8,21.721705,0.9619032567952822,0.06400000000000006,True
5.738119,5,21.735433,0.9582474509255712,0.040000000000000036,True
5.530537,3,21.746186,0.9638504545364925,0.02400000000000002,True
5.652581,6,21.762697,0.966445601827659,0.04800000000000004,True
5.727097,8,21.782896,0.9583008175720316,0.06400000000000006,True
5.82017,6,21.799146,0.962160519494567,0.04800000000000004,True
5.643036,4,22.501664,0.9596247114002889,0.03200000000000003,True
5.428939,4,22.512511,0.9633930102467216,0.03200000000000003,True
5.521236,4,22.522397,0.9571850369923326,0.03200000000000003,True
5.861027,5,22.535626,0.960009696681249,0.040000000000000036,True
5.467086,6,22.551949,0.9627747591912585,0.04800000000000004,True
5.758548,5,22.565562,0.9580322628018689,0.040000000000000036,True
5.772568,6,22.581533,0.9600652884815905,0.04800000000000004,True
5.937682,7,22.600923,0.9619670538699541,0.05600000000000005,True
5.502178,4,22.610873,0.9619389472798088,0.03200000000000003,True
5.463563,6,22.62938,0.9563719296357207,0.04800000000000004,True
5.454313,4,22.641071,0.9631467589371349,0.03200000000000003,True
5.782842,5,22.655063,0.9641202013619168,0.040000000000000036,True
5.541384,5,22.670676,0.9643049099680622,0.040000000000000036,True
5.722161,7,22.68988,0.9597302505459784,0.05600000000000005,True
6.062399,6,22.705639,0.9639057772201546,0.04800000000000004,True
5.472046,4,22.717571,0.9600029502238322,0.03200000000000003,True
5.800667,8,22.740144,0.9579991909711294,0.06400000000000006,True
5.668832,6,22.759969,0.9624564251143752,0.04800000000000004,True
5.749461,5,22.777359,0.9610943635698163,0.040000000000000036,True
5.587576,7,22.799228,0.9594404754180014,0.05600000000000005,True
5.715274,8,22.823332,0.9602898631485897,0.06400000000000006,True
5.713361,6,22.839641,0.9595765723679173,0.04800000000000004,True
5.807846,5,22.852538,0.9578898927674316,0.040000000000000036,True
5.493212,6,22.869328,0.963140620118351,0.04800000000000004,True
5.473835,3,22.878736,0.9620158672191272,0.02400000000000002,True
5.592519,5,22.892307,0.9599196303986214,0.040000000000000036,True
5.743989,4,22.903238,0.9587926841240495,0.03200000000000003,True
5.82963,4,22.914096,0.9595497884920045,0.03200000000000003,True
5.698932,3,22.920901,0.9574408333523922,0.02400000000000002,True
5.547265,4,22.933692,0.9593417837462838,0.03200000000000003,True
5.783973,5,22.946747,0.9589795238238146,0.040000000000000036,True
5.729656,6,23.052059,0.9581787955531573,0.04800000000000004,True
5.582887,6,23.069911,0.9618652810365584,0.04800000000000004,True
5.520297,4,23.083221,0.9615613619155605,0.03200000000000003,True
5.497433,3,23.091853,0.9588687536617432,0.02400000000000002,True
5.698108,4,23.10355,0.9636983571544604,0.03200000000000003,True
5.586369,3,23.114023,0.9626019213731873,0.02400000000000002,True
5.759708,4,23.126942,0.9598780682907526,0.03200000000000003,True
5.549608,8,23.150238,0.9626692995790755,0.06400000000000006,True
5.540341,4,23.160538,0.9643276172506947,0.03200000000000003,True
5.426683,5,23.176153,0.9608681761881761,0.040000000000000036,True
5.794296,7,23.198074,0.9607324190261501,0.05600000000000005,True
5.607308,6,23.21638,0.963848508329771,0.04800000000000004,True
5.813178,4,23.230086,0.9590099668041983,0.03200000000000003,True
5.637944,4,23.243018,0.9598453256721151,0.03200000000000003,True
5.977936,5,23.259113,0.9581296049171697,0.040000000000000036,True
5.664057,5,23.273196,0.962299099235802,0.040000000000000036,True
5.73325,6,23.290035,0.9600148235385261,0.04800000000000004,True
5.68412,3,23.298555,0.9582540469550971,0.02400000000000002,True
5.743748,4,23.309163,0.9608788223977969,0.03200000000000003,True
5.646983,3,23.317355,0.961052384189977,0.02400000000000002,True
5.705777,4,24.029498,0.9573342369832393,0.03200000000000003,True
5.498564,3,24.040927,0.9606636657774408,0.02400000000000002,True
5.672788,4,24.052172,0.9656500753749544,0.03200000000000003,True
5.79014,4,24.063833,0.9565271395249604,0.03200000000000003,True
5.696801,5,24.077233,0.9568102396671625,0.040000000000000036,True
5.687189,4,24.087538,0.9659384170940917,0.03200000000000003,True
5.683706,5,24.102856,0.9597844460470191,0.040000000000000036,True
5.570016,4,24.115411,0.9609659276248748,0.03200000000000003,True
5.903493,5,24.129889,0.9567836916739614,0.040000000000000036,True
5.728133,3,24.13859,0.957349310699761,0.02400000000000002,True
5.893116,4,24.150106,0.9612964346357391,0.03200000000000003,True
5.671978,5,24.163455,0.9606784225732569,0.040000000000000036,True
5.77153,6,24.179662,0.9661399484593419,0.04800000000000004,True
5.757465,4,24.19216,0.9597003864155934,0.03200000000000003,True
5.632265,6,24.208864,0.9631761534055057,0.04800000000000004,True
5.553325,4,24.221041,0.9669459746018911,0.03200000000000003,True
5.515599,5,24.235245,0.9590721396356299,0.040000000000000036,True
5.452204,4,24.246483,0.963708370130518,0.03200000000000003,True
5.833332,5,24.261093,0.9666042406427231,0.040000000000000036,True
5.614872,5,24.27425,0.9617261509458455,0.040000000000000036,True
5.690156,4,24.285336,0.9608327665983314,0.03200000000000003,True
5.709854,5,24.299074,0.9602341748030183,0.040000000000000036,True
5.807982,5,24.313114,0.961792604405759,0.040000000000000036,True
5.843232,4,24.325287,0.9639452445018182,0.03200000000000003,True
5.730415,5,24.337992,0.9602329330087015,0.040000000000000036,True
5.556738,7,24.357267,0.9612802431849042,0.05600000000000005,True
5.793269,5,24.370739,0.9604023597755913,0.040000000000000036,True
5.796053,4,24.38207,0.9578860920027367,0.03200000000000003,True
5.727482,4,24.393724,0.9678538233589422,0.03200000000000003,True
5.456493,4,24.403836,0.9606078274827792,0.03200000000000003,True
5.51568,3,24.413015,0.9601284628653717,0.02400000000000002,True
5.58552,4,24.424684,0.9641158257963107,0.03200000000000003,True
5.396287,3,24.432857,0.9622717009987037,0.02400000000000002,True
5.286823,3,24.442225,0.9671650158274497,0.02400000000000002,True
5.829635,6,24.457694,0.9633844591652929,0.04800000000000004,True
5.418629,4,24.469342,0.957644439649809,0.03200000000000003,True
5.42474,4,24.479888,0.9586345157354041,0.03200000000000003,True
5.805107,8,24.501047,0.9595578850853768,0.06400000000000006,True
5.357892,3,24.509501,0.9584911387621411,0.02400000000000002,True
5.766533,7,24.527772,0.9610742853538612,0.05600000000000005,True
5.498816,6,24.545016,0.9648432656754603,0.04800000000000004,True
5.682826,7,24.562936,0.9610045344305542,0.05600000000000005,True
6.013185,6,24.578317,0.9606978219410163,0.04800000000000004,True
5.409148,4,24.589649,0.9637543272091075,0.03200000000000003,True
5.741073,6,24.606058,0.959164613114581,0.04800000000000004,True
5.447351,4,24.616509,0.9617822914709658,0.03200000000000003,True
5.507875,8,24.64056,0.9600104756021648,0.06400000000000006,True
5.461468,5,24.655701,0.9638407330276451,0.040000000000000036,True
5.536536,5,24.670102,0.9643688484995229,0.040000000000000036,True
5.715513,4,24.682668,0.959555415546355,0.03200000000000003,True
5.484627,4,24.692965,0.9574735524832096,0.03200000000000003,True
5.648186,4,24.704311,0.9596183351331823,0.03200000000000003,True
5.825282,5,24.717736,0.964317075180614,0.040000000000000036,True
5.504715,4,24.729337,0.9595806618735507,0.03200000000000003,True
5.721689,4,24.741126,0.9596436072184636,0.03200000000000003,True
5.740983,3,25.502984,0.9587133901540936,0.02400000000000002,True
5.516102,3,25.514736,0.9596077745583595,0.02400000000000002,True
5.761006,4,25.526828,0.9611477154104644,0.03200000000000003,True
5.512253,5,25.544139,0.9687937785412624,0.040000000000000036,True
5.584124,3,25.553671,0.9592768223116513,0.02400000000000002,True
5.656682,3,25.562688,0.9592293467631869,0.02400000000000002,True
5.498116,4,25.575938,0.963098919179286,0.03200000000000003,True
5.598275,5,25.591599,0.9613326657560476,0.040000000000000036,True
5.608299,5,25.607944,0.9647265995194164,0.040000000000000036,True
5.581168,2,25.613897,0.961306974176907,0.016000000000000014,True
5.497386,6,25.634809,0.9625125624127344,0.04800000000000004,True
5.793005,5,25.650879,0.9569665098276143,0.040000000000000036,True
5.772992,4,25.663358,0.963762726431022,0.03200000000000003,True
5.657119,8,25.689342,0.9623602658767108,0.06400000000000006,True
5.638832,3,25.699762,0.9587347197993605,0.02400000000000002,True
5.809644,5,25.715057,0.9598818824546139,0.040000000000000036,True
5.634714,4,25.727677,0.9638034139401273,0.03200000000000003,True
5.464595,5,25.744053,0.9596311614943849,0.040000000000000036,True
5.880607,5,25.759933,0.9558309848847034,0.040000000000000036,True
5.806476,5,25.774948,0.963560982042313,0.040000000000000036,True
5.573754,6,25.793578,0.9627626272305965,0.04800000000000004,True
5.445244,5,25.809001,0.9616624140643623,0.040000000000000036,True
5.586742,5,25.82504,0.9610996103209941,0.040000000000000036,True
5.707093,3,25.835782,0.9607019256165749,0.02400000000000002,True
5.700416,4,25.84747,0.9606435761498493,0.03200000000000003,True
5.399737,6,25.866873,0.9561713670981502,0.04800000000000004,True
5.621544,5,25.882993,0.960964464410522,0.040000000000000036,True
5.719866,5,25.899409,0.958224440462401,0.040000000000000036,True
5.468369,5,25.916921,0.961915492104869,0.040000000000000036,True
5.773271,5,25.931969,0.9647997719544564,0.040000000000000036,True
5.818862,5,25.943235,0.9610630361072807,0.040000000000000036,True
5.768597,4,25.951679,0.963001388736792,0.03200000000000003,True
5.662484,5,25.963492,0.960125999866606,0.040000000000000036,True
6.008192,5,25.9742,0.9611446696692207,0.040000000000000036,True
5.666997,3,25.981261,0.9586582703927553,0.02400000000000002,True
5.992979,5,25.992342,0.9606819737288976,0.040000000000000036,True
5.842326,4,26.010121,0.9640868306400439,0.03200000000000003,True
5.698541,5,26.02634,0.9619064595549132,0.040000000000000036,True
5.672414,5,26.03783,0.9589332344172571,0.040000000000000036,True
5.744185,4,26.046579,0.9592494783585217,0.03200000000000003,True
5.773305,4,26.054963,0.9581060725390638,0.03200000000000003,True
5.387727,3,26.06187,0.9589254157234541,0.02400000000000002,True
5.392486,6,26.074966,0.9571679933262623,0.04800000000000004,True
5.530094,6,26.088048,0.9598812194318777,0.04800000000000004,True
5.713839,3,26.095061,0.9657163180629048,0.02400000000000002,True
5.740005,4,26.104851,0.9617033697189645,0.03200000000000003,True
5.581676,5,26.116434,0.9607053613637856,0.040000000000000036,True
5.635949,5,26.129308,0.9656125196500106,0.040000000000000036,True
5.70004,4,26.137489,0.9614490952793369,0.03200000000000003,True
5.589873,4,26.147282,0.9595532811007672,0.03200000000000003,True
5.805014,6,26.159778,0.9595351343764887,0.04800000000000004,True
5.846872,3,26.166342,0.963811653036991,0.02400000000000002,True
5.754415,3,26.173313,0.9634918787064577,0.02400000000000002,True
5.478521,5,26.184041,0.9627286023847008,0.040000000000000036,True
5.50898,4,26.192745,0.9609056360327259,0.03200000000000003,True
5.689063,6,26.205102,0.960494457051748,0.04800000000000004,True
5.653433,7,26.724663,0.9635752001078537,0.05600000000000005,True
5.63808,5,26.734933,0.9606196814724473,0.040000000000000036,True
5.546313,6,26.748464,0.9613565905891064,0.04800000000000004,True
5.693571,5,26.759717,0.9634142851039567,0.040000000000000036,True
5.921648,6,26.773498,0.9628250359342954,0.04800000000000004,True
6.015544,5,26.784034,0.9590592425108881,0.040000000000000036,True
5.579946,3,26.790844,0.9627583715150745,0.02400000000000002,True
5.489558,4,26.80063,0.9617936480209088,0.03200000000000003,True
5.711287,3,26.806899,0.9592996025154973,0.02400000000000002,True
5.848158,5,26.817374,0.9627730060890132,0.040000000000000036,True
5.640291,5,26.828605,0.9655279757801428,0.040000000000000036,True
5.511131,5,26.838316,0.9602870106150512,0.040000000000000036,True
5.800285,5,26.84923,0.9648420997877631,0.040000000000000036,True
5.451313,4,26.858581,0.9628528344701076,0.03200000000000003,True
5.680516,3,26.865246,0.9576000364013805,0.02400000000000002,True
5.603497,5,26.876639,0.9595817864942576,0.040000000000000036,True
5.608128,5,26.887074,0.9594979347849526,0.040000000000000036,True
5.694711,5,26.898311,0.9628323144415105,0.040000000000000036,True
5.634713,5,26.908975,0.9616336745967207,0.040000000000000036,True
5.977896,5,26.919645,0.9607469756967155,0.040000000000000036,True
5.94525,5,26.930037,0.9625039047377482,0.040000000000000036,True
5.548302,4,26.939321,0.9618320163870261,0.03200000000000003,True
5.641889,7,26.955348,0.956969636466686,0.05600000000000005,True
5.471536,6,26.968419,0.9585222813694284,0.04800000000000004,True
5.791149,6,26.981229,0.9556623367669124,0.04800000000000004,True
5.503502,5,26.990827,0.9617813572999238,0.040000000000000036,True
5.810255,7,27.006842,0.9630371711385096,0.05600000000000005,True
5.663981,4,27.015928,0.9620107151820462,0.03200000000000003,True
5.411204,5,27.025663,0.9631472833242929,0.040000000000000036,True
5.51396,3,27.035844,0.9608284155058507,0.02400000000000002,True
5.665652,4,27.047996,0.9639610806569422,0.03200000000000003,True
5.472286,3,27.058084,0.9639584014046394,0.02400000000000002,True
5.435126,4,27.073919,0.957145629826083,0.03200000000000003,True
5.38373,4,27.08235,0.9581528263378079,0.03200000000000003,True
5.743234,5,27.093169,0.9654546563216163,0.040000000000000036,True
5.579233,4,27.102851,0.9626461817918828,0.03200000000000003,True
5.819609,6,27.117347,0.9617248774696141,0.04800000000000004,True
5.637733,5,27.128207,0.9595877042671876,0.040000000000000036,True
5.556632,3,27.135258,0.9641597477576676,0.02400000000000002,True
5.860072,5,27.145655,0.9641050462930603,0.040000000000000036,True
5.597467,3,27.153092,0.9600430233128312,0.02400000000000002,True
5.95567,3,27.159101,0.9631473874180696,0.02400000000000002,True
5.989716,4,27.167784,0.9599718476752848,0.03200000000000003,True
5.725269,4,27.175753,0.9609648394822103,0.03200000000000003,True
5.498,4,27.184807,0.9644655821339194,0.03200000000000003,True
5.75903,5,27.196692,0.9654252729253584,0.040000000000000036,True
5.442012,3,27.20327,0.9581903363785405,0.02400000000000002,True
5.553948,5,27.215012,0.9595581755092384,0.040000000000000036,True
5.867986,5,27.227288,0.9639880808315661,0.040000000000000036,True
6.102385,4,27.235718,0.9582093549157897,0.03200000000000003,True
5.730752,4,27.245409,0.9590042510482195,0.03200000000000003,True
5.564153,4,27.25397,0.9656774629857678,0.03200000000000003,True
5.49337,4,27.262922,0.9598280646610272,0.03200000000000003,True
5.97044,4,27.271708,0.9623432058854934,0.03200000000000003,True
5.700413,4,27.280945,0.9611169766075707,0.03200000000000003,True
5.489493,4,27.289751,0.962600170155113,0.03200000000000003,True
5.761958,4,27.298001,0.9608448657587888,0.03200000000000003,True
5.724207,5,27.818994,0.9617533041257949,0.040000000000000036,True
5.565656,5,27.829594,0.9579871517094628,0.040000000000000036,True
5.68562,4,27.838784,0.9612716150436431,0.03200000000000003,True
5.735365,7,27.853634,0.9607022826161256,0.05600000000000005,True
5.790557,5,27.863972,0.9624654881929483,0.040000000000000036,True
5.592368,6,27.876389,0.9607725763489314,0.04800000000000004,True
5.649913,3,27.883383,0.9581723078684778,0.02400000000000002,True
5.466943,4,27.892113,0.9629874019164681,0.03200000000000003,True
5.764595,4,27.900419,0.9593592879956545,0.03200000000000003,True
5.816454,6,27.912691,0.9632180579115536,0.04800000000000004,True
5.535155,5,27.923677,0.9626984361790434,0.040000000000000036,True
5.535125,6,27.936105,0.9647468049505975,0.04800000000000004,True
5.736172,5,27.946947,0.9627908317396581,0.040000000000000036,True
5.463384,6,27.960205,0.9641369894940943,0.04800000000000004,True
5.915599,5,27.971668,0.961286466732238,0.040000000000000036,True
5.488742,4,27.980779,0.9572677184177638,0.03200000000000003,True
5.737035,5,27.990821,0.9607520921458887,0.040000000000000036,True
5.815975,5,28.001476,0.961056589687123,0.040000000000000036,True
5.662477,5,28.012495,0.9614059298841086,0.040000000000000036,True
5.540915,5,28.022987,0.9603952513853777,0.040000000000000036,True
5.859983,3,28.030803,0.9616019472532649,0.02400000000000002,True
5.781439,5,28.041155,0.9616456231051422,0.040000000000000036,True
5.608942,5,28.052758,0.9591925087416115,0.040000000000000036,True
5.582306,4,28.062765,0.9585099210935801,0.03200000000000003,True
5.676576,3,28.068381,0.95914035473601,0.02400000000000002,True
5.485924,5,28.08477,0.9657183908479003,0.040000000000000036,True
5.48074,5,28.101009,0.9612485820974307,0.040000000000000036,True
5.817277,4,28.115356,0.9602137702243818,0.03200000000000003,True
5.698831,3,28.121968,0.9630292602968182,0.02400000000000002,True
5.502954,6,28.13698,0.9614574358353299,0.04800000000000004,True
5.6698,4,28.146029,0.9627358758837979,0.03200000000000003,True
5.799042,6,28.159634,0.9633131742406501,0.04800000000000004,True
5.547535,3,28.166647,0.9594249481921978,0.02400000000000002,True
5.744321,4,28.175704,0.9580174498689282,0.03200000000000003,True
5.981688,3,28.182256,0.9591089022597538,0.02400000000000002,True
5.627698,3,28.189125,0.9600406953963232,0.02400000000000002,True
5.6513,4,28.198325,0.9650834428273137,0.03200000000000003,True
5.50331,4,28.207303,0.9623413005339809,0.03200000000000003,True
5.499986,4,28.216836,0.9651221572281257,0.03200000000000003,True
5.674462,4,28.225937,0.9594302176700877,0.03200000000000003,True
5.968131,4,28.234838,0.9630696838692283,0.03200000000000003,True
6.019621,5,28.245181,0.9634327657725803,0.040000000000000036,True
5.495748,4,28.255134,0.9591720999411176,0.03200000000000003,True
5.602874,4,28.264162,0.9597250150581058,0.03200000000000003,True
5.730197,3,28.271285,0.9604205824841435,0.02400000000000002,True
5.658923,4,28.280776,0.9641821411788629,0.03200000000000003,True
5.70965,4,28.290035,0.9603581807626832,0.03200000000000003,True
5.834124,4,28.29936,0.9607357965039823,0.03200000000000003,True
5.694416,4,28.307602,0.957982085560737,0.03200000000000003,True
5.386922,3,28.314709,0.9591982924825011,0.02400000000000002,True
5.519478,3,28.322376,0.9659228941073816,0.02400000000000002,True
5.393943,5,28.33401,0.9629879971416181,0.040000000000000036,True
6.019396,4,28.342213,0.9596149059719753,0.03200000000000003,True
5.7498,4,28.352591,0.9577592767085592,0.03200000000000003,True
5.805408,4,28.362194,0.9606465387356304,0.03200000000000003,True
5.718592,5,28.374127,0.9647505802342918,0.040000000000000036,True
5.523319,4,28.383338,0.9631528324780065,0.03200000000000003,True
5.647614,4,28.392071,0.9575428176713244,0.03200000000000003,True
5.648725,5,28.914771,0.9610984707885953,0.040000000000000036,True
5.690036,5,28.925962,0.9609471644451457,0.040000000000000036,True
5.543544,5,28.938712,0.9570542583699915,0.040000000000000036,True
5.923544,6,28.951901,0.958048967730736,0.04800000000000004,True
5.468073,5,28.962582,0.9593521271602223,0.040000000000000036,True
5.55845,4,28.972713,0.9604245945832766,0.03200000000000003,True
5.736659,4,28.980837,0.9634210202215563,0.03200000000000003,True
5.719899,4,28.989846,0.9634978006807344,0.03200000000000003,True
5.606069,3,28.997214,0.9638969253880061,0.02400000000000002,True
5.52561,4,29.006255,0.9644967982899386,0.03200000000000003,True
5.434166,3,29.013039,0.958527437574296,0.02400000000000002,True
5.884457,5,29.024741,0.9649719508292014,0.040000000000000036,True
5.564599,3,29.031079,0.9642608843562852,0.02400000000000002,True
5.788949,5,29.042666,0.9636660146228664,0.040000000000000036,True
5.804818,5,29.053032,0.959824445736303,0.040000000000000036,True
5.535073,5,29.065227,0.9598098579059455,0.040000000000000036,True
5.857133,5,29.076197,0.963406465960279,0.040000000000000036,True
5.708612,5,29.08788,0.9597361759956411,0.040000000000000036,True
5.755867,5,29.09962,0.9639313923323198,0.040000000000000036,True
5.808533,4,29.111027,0.9621719677958376,0.03200000000000003,True
5.505092,3,29.117513,0.9638122981781864,0.02400000000000002,True
6.082163,6,29.139269,0.9593501408205451,0.04800000000000004,True
5.560332,5,29.155796,0.9653272997391646,0.040000000000000036,True
5.838834,3,29.163382,0.9633392710386997,0.02400000000000002,True
5.676153,6,29.176265,0.9585352656823838,0.04800000000000004,True
5.663596,5,29.187949,0.9582154336022375,0.040000000000000036,True
5.727548,4,29.196326,0.9604325900082868,0.03200000000000003,True
5.745375,4,29.204731,0.9568103974994429,0.03200000000000003,True
5.806459,4,29.213886,0.9602497017198178,0.03200000000000003,True
5.638967,3,29.220917,0.9622988427128285,0.02400000000000002,True
5.6098,4,29.231068,0.9586412258556775,0.03200000000000003,True
5.476747,4,29.317768,0.9661366819699881,0.03200000000000003,True
5.607042,3,29.324623,0.9636258084596855,0.02400000000000002,True
5.67227,5,29.334995,0.9589693588459551,0.040000000000000036,True
5.812556,4,29.344194,0.9648776181790801,0.03200000000000003,True
5.839215,5,29.356676,0.961657944303387,0.040000000000000036,True
5.815592,4,29.365801,0.9589029862098364,0.03200000000000003,True
5.75988,4,29.375327,0.9627968864832273,0.03200000000000003,True
5.745133,3,29.380832,0.9631263298609817,0.02400000000000002,True
5.735362,5,29.391402,0.9616021251077173,0.040000000000000036,True
5.496449,4,29.401091,0.9618405207865208,0.03200000000000003,True
5.945347,4,29.410033,0.9595389184207144,0.03200000000000003,True
5.591479,4,29.418468,0.9667307800873215,0.03200000000000003,True
5.523693,4,29.427415,0.9570198125780938,0.03200000000000003,True
5.745219,5,29.438979,0.9590893926415155,0.040000000000000036,True
5.744558,3,29.446115,0.9627772533939309,0.02400000000000002,True
5.593173,5,29.458236,0.9595973548977355,0.040000000000000036,True
5.914716,3,29.465307,0.9584314552415447,0.02400000000000002,True
5.657535,3,29.471143,0.9648232807464487,0.02400000000000002,True
5.679561,5,29.482423,0.958407584060504,0.040000000000000036,True
5.646647,5,29.493484,0.9593491102133651,0.040000000000000036,True
5.546862,4,29.502501,0.9607677425247756,0.03200000000000003,True
5.464375,3,29.509715,0.9598709176426314,0.02400000000000002,True
5.489548,3,29.517389,0.9643109517023027,0.02400000000000002,True
5.409296,3,29.523241,0.9604193790122728,0.02400000000000002,True
5.478913,4,29.531224,0.9571424031178495,0.03200000000000003,True
5.742737,4,29.540628,0.9639572322010488,0.03200000000000003,True
5.828933,4,29.550063,0.9565554598896856,0.03200000000000003,True
5.715616,5,29.562239,0.9574516038309332,0.040000000000000036,True
5.755454,6,29.574229,0.9615307779561639,0.04800000000000004,True
5.603244,5,30.116575,0.9627313935197788,0.040000000000000036,True
5.503654,4,30.182569,0.9603218512416933,0.03200000000000003,True
5.659764,5,30.229429,0.959804806306667,0.040000000000000036,True
5.516524,4,30.271543,0.9617339575502719,0.03200000000000003,True
5.742962,3,30.302225,0.960595366155079,0.02400000000000002,True
5.784979,4,30.359107,0.9589765910087947,0.03200000000000003,True
5.46439,4,30.391985,0.9595758100301943,0.03200000000000003,True
5.77535,5,30.426652,0.9608820898150908,0.040000000000000036,True
5.89013,3,30.459928,0.9617278214581015,0.02400000000000002,True
5.627165,5,30.483781,0.9676281430322348,0.040000000000000036,True
5.915122,3,30.49151,0.9655237715355224,0.02400000000000002,True
5.553889,4,30.501139,0.9606755172580871,0.03200000000000003,True
5.368786,5,30.512505,0.9614458847962823,0.040000000000000036,True
5.780996,5,30.523916,0.9653050331641383,0.040000000000000036,True
5.628759,5,30.536123,0.9641757154789832,0.040000000000000036,True
5.511907,3,30.5437,0.9630725449668671,0.02400000000000002,True
5.480257,4,30.554196,0.958467110337979,0.03200000000000003,True
5.715766,5,30.565885,0.9634681767685542,0.040000000000000036,True
5.659016,5,30.57837,0.9620729619300715,0.040000000000000036,True
5.510553,4,30.586672,0.958839798852091,0.03200000000000003,True
5.877078,3,30.593647,0.9651342757271089,0.02400000000000002,True
5.808352,5,30.607057,0.9676666178651332,0.040000000000000036,True
5.975876,4,30.61742,0.9595601061043108,0.03200000000000003,True
5.729101,4,30.626822,0.9625886646463891,0.03200000000000003,True
5.607695,4,30.63681,0.9620913587574482,0.03200000000000003,True
5.830783,4,30.646723,0.959797497977132,0.03200000000000003,True
5.486788,4,30.658718,0.9621154624729142,0.03200000000000003,True
5.484019,5,30.671243,0.9625011694321057,0.040000000000000036,True
5.533788,5,30.683427,0.9621267846667241,0.040000000000000036,True
5.76835,5,30.695097,0.9627892772052904,0.040000000000000036,True
5.410357,3,30.701521,0.9661349630729337,0.02400000000000002,True
5.823565,5,30.713475,0.961837842264007,0.040000000000000036,True
6.124801,5,30.725045,0.9608040041428838,0.040000000000000036,True
5.585778,5,30.737606,0.9648893418142905,0.040000000000000036,True
5.583431,4,30.747318,0.9602558322067747,0.03200000000000003,True
5.826228,5,30.758605,0.9616519886328203,0.040000000000000036,True
5.395685,3,30.7668,0.9640446212850231,0.02400000000000002,True
5.800462,5,30.779103,0.961730424031995,0.040000000000000036,True
5.490344,3,30.786693,0.9613997781407444,0.02400000000000002,True
5.628925,4,30.79792,0.9628373743009824,0.03200000000000003,True
5.530242,5,30.810006,0.9576810500337068,0.040000000000000036,True
5.48915,4,30.820235,0.9578588110541135,0.03200000000000003,True
5.515454,4,30.830278,0.96428216574382,0.03200000000000003,True
5.817685,5,30.841995,0.961528869515739,0.040000000000000036,True
5.856599,4,30.852109,0.9621589834505602,0.03200000000000003,True
5.470103,3,30.860264,0.9564939205930727,0.02400000000000002,True
5.737592,5,30.871935,0.9644095937217276,0.040000000000000036,True
5.518255,4,30.88077,0.9600288315199526,0.03200000000000003,True
5.99628,5,30.8927,0.9582212271058972,0.040000000000000036,True
5.488844,4,30.902411,0.960728420718817,0.03200000000000003,True
5.531737,4,30.911763,0.9633640441503581,0.03200000000000003,True
5.593727,3,30.917573,0.9582298465785863,0.02400000000000002,True
6.111976,4,30.927736,0.9637255497518202,0.03200000000000003,True
5.768908,4,30.937013,0.9593494921481305,0.03200000000000003,True
5.575211,5,30.948283,0.965569697616984,0.040000000000000036,True
5.386735,3,30.956061,0.9598758528431311,0.02400000000000002,True
5.805425,5,30.96798,0.9611917120909481,0.040000000000000036,True
5.674783,2,30.973799,0.9625000455660845,0.016000000000000014,True
5.777655,6,31.022747,0.9587677238658692,0.04800000000000004,True
6.025898,6,31.07429,0.9602897961615515,0.04800000000000004,True
5.593228,5,31.105095,0.9633870232551913,0.040000000000000036,True
5.701315,4,31.82972,0.9689027151515124,0.03200000000000003,True
5.573514,4,31.839309,0.9646731408849099,0.03200000000000003,True
5.965097,5,31.8504,0.9601838205104645,0.040000000000000036,True
5.795502,6,31.864266,0.9650232652519484,0.04800000000000004,True
6.025218,5,31.8751,0.9621134284879982,0.040000000000000036,True
5.784044,4,31.884028,0.9633812191274187,0.03200000000000003,True
5.974405,3,31.890631,0.9594506274104421,0.02400000000000002,True
6.050387,5,31.930961,0.9615072847022065,0.040000000000000036,True
5.502985,4,31.992841,0.9590255031213342,0.03200000000000003,True
5.510308,5,32.061949,0.9643822680774492,0.040000000000000036,True
5.53157,3,32.102017,0.9648657619292829,0.02400000000000002,True
5.501812,3,32.129114,0.9603530857869841,0.02400000000000002,True
5.787705,6,32.180588,0.9650858989606529,0.04800000000000004,True
5.444032,3,32.205248,0.9600398510275826,0.02400000000000002,True
5.338699,4,32.220421,0.9612818139485,0.03200000000000003,True
5.806912,5,32.230988,0.9586658635962524,0.040000000000000036,True
5.62451,3,32.23826,0.9629885423116821,0.02400000000000002,True
5.552992,3,32.244297,0.9636141594609564,0.02400000000000002,True
5.64019,4,32.255862,0.9597344824455658,0.03200000000000003,True
5.811096,5,32.267138,0.9591287312250547,0.040000000000000036,True
5.805432,4,32.276175,0.9595278746705453,0.03200000000000003,True
5.705797,4,32.289272,0.9600187897753241,0.03200000000000003,True
5.823009,6,32.308783,0.9614580128273669,0.04800000000000004,True
5.644359,3,32.320176,0.9596977016804751,0.02400000000000002,True
5.814907,4,32.329792,0.9629502197930847,0.03200000000000003,True
5.673103,3,32.337416,0.9594673974592827,0.02400000000000002,True
5.837847,4,32.347219,0.960637805465341,0.03200000000000003,True
5.601783,4,32.356688,0.9616655078213338,0.03200000000000003,True
5.528223,3,32.361924,0.9624401826426873,0.02400000000000002,True
5.74042,3,32.369839,0.9617674254606083,0.02400000000000002,True
5.760523,5,32.381484,0.9595891043591627,0.040000000000000036,True
5.456866,4,32.390886,0.9621104116648034,0.03200000000000003,True
5.717739,4,32.400328,0.969605500383331,0.03200000000000003,True
5.501352,3,32.410189,0.9613593416046757,0.02400000000000002,True
5.491881,3,32.418752,0.9624290186148596,0.02400000000000002,True
5.747589,5,32.430316,0.9597886494090787,0.040000000000000036,True
5.744854,4,32.438728,0.96231096845963,0.03200000000000003,True
5.75785,5,32.449965,0.9574310424173437,0.040000000000000036,True
5.757343,3,32.457809,0.9630783945118878,0.02400000000000002,True
5.666805,4,32.466264,0.9573854773056273,0.03200000000000003,True
5.39626,3,32.47296,0.963562006812243,0.02400000000000002,True
6.024196,5,32.484894,0.9622171110066294,0.040000000000000036,True
5.562943,4,32.493783,0.9668806894649158,0.03200000000000003,True
5.746196,3,32.500461,0.9606786248928509,0.02400000000000002,True
5.517621,3,32.507224,0.965459866007921,0.02400000000000002,True
5.551901,3,32.514534,0.9604743146666483,0.02400000000000002,True
5.349292,3,32.522166,0.9621520733827997,0.02400000000000002,True
5.906795,5,32.534052,0.9642757051296801,0.040000000000000036,True
5.586988,2,32.539946,0.9621938872131031,0.016000000000000014,True
5.684752,5,32.551009,0.958426822441506,0.040000000000000036,True
5.901776,4,32.559913,0.9600629411671943,0.03200000000000003,True
5.620389,3,32.567739,0.960863161983726,0.02400000000000002,True
5.618171,6,32.580239,0.961591628324061,0.04800000000000004,True
5.677531,5,32.592138,0.9613811978100004,0.040000000000000036,True
5.45194,3,32.599471,0.9615185374605648,0.02400000000000002,True
5.362191,3,32.605987,0.9645431839272849,0.02400000000000002,True
5.841808,4,32.615153,0.9610971624930018,0.03200000000000003,True
5.528738,3,32.622164,0.9649098542682623,0.02400000000000002,True
5.848494,4,32.631732,0.9636873065948451,0.03200000000000003,True
5.673565,4,32.641397,0.9658851827659101,0.03200000000000003,True
5.813723,5,32.654961,0.9592840354553117,0.040000000000000036,True
5.734163,4,32.665366,0.9639009648675434,0.03200000000000003,True
5.573464,5,32.677151,0.9629532978291164,0.040000000000000036,True
5.722308,4,32.686132,0.9615756179328919,0.03200000000000003,True
5.845246,4,33.198205,0.9601068430537218,0.03200000000000003,True
5.747575,4,33.208121,0.9665974044196328,0.03200000000000003,True
5.486675,3,33.215811,0.9577872864360493,0.02400000000000002,True
5.52912,5,33.226584,0.9593484948380648,0.040000000000000036,True
5.774738,5,33.237476,0.9610956025613779,0.040000000000000036,True
5.651287,4,33.246794,0.9606939545195248,0.03200000000000003,True
5.732938,4,33.257381,0.9576303851292385,0.03200000000000003,True
5.634431,5,33.268564,0.9583371290162015,0.040000000000000036,True
5.872521,5,33.281495,0.9574731872643742,0.040000000000000036,True
5.742704,5,33.292974,0.9625131283446091,0.040000000000000036,True
5.683806,4,33.302361,0.9590125054880025,0.03200000000000003,True
5.368155,4,33.311224,0.9575511150165432,0.03200000000000003,True
5.837557,4,33.320737,0.959354001669927,0.03200000000000003,True
5.767094,5,33.337633,0.9633474133978867,0.040000000000000036,True
5.591314,4,33.352099,0.9637797824166106,0.03200000000000003,True
5.432684,3,33.362557,0.9609679409818029,0.02400000000000002,True
5.496103,3,33.369174,0.9621202078973154,0.02400000000000002,True
5.537709,3,33.377298,0.9658876073158597,0.02400000000000002,True
5.897097,5,33.388489,0.96239240796808,0.040000000000000036,True
5.988056,3,33.396172,0.9645117749976947,0.02400000000000002,True
5.867663,5,33.407516,0.9594884658116647,0.040000000000000036,True
5.912781,4,33.417174,0.9664782242432225,0.03200000000000003,True
5.673877,5,33.431629,0.9567327141302312,0.040000000000000036,True
5.562118,5,33.445688,0.9576741086308487,0.040000000000000036,True
5.517573,4,33.455757,0.9633373631562219,0.03200000000000003,True
5.682226,3,33.463664,0.9591767092899357,0.02400000000000002,True
5.51061,4,33.472852,0.9607754054502712,0.03200000000000003,True
5.499396,7,33.489934,0.9619577914953945,0.05600000000000005,True
5.591455,4,33.500021,0.9572153681590916,0.03200000000000003,True
5.646442,4,33.50863,0.9612972615692315,0.03200000000000003,True
5.455053,3,33.515924,0.9606435447774685,0.02400000000000002,True
5.54276,5,33.528486,0.9574223938091487,0.040000000000000036,True
5.527517,3,33.535755,0.9651910673414341,0.02400000000000002,True
5.818782,5,33.547694,0.9589779120081301,0.040000000000000036,True
5.640088,4,33.556559,0.9592327196188568,0.03200000000000003,True
5.552609,5,33.566885,0.9641137268275259,0.040000000000000036,True
5.6674,3,33.573136,0.9641148888257857,0.02400000000000002,True
5.699443,4,33.581982,0.9565264253524619,0.03200000000000003,True
5.733161,4,33.591021,0.9611691100924137,0.03200000000000003,True
5.958051,5,33.601058,0.9669181698806002,0.040000000000000036,True
5.627603,4,33.610451,0.9617556340170228,0.03200000000000003,True
5.719764,5,33.622273,0.9592660258702371,0.040000000000000036,True
5.749383,5,33.633938,0.9588504179832054,0.040000000000000036,True
5.884422,4,33.643061,0.9605206215980934,0.03200000000000003,True
5.425646,3,33.650158,0.9633185248204854,0.02400000000000002,True
5.612436,5,33.661666,0.9623911813156121,0.040000000000000036,True
5.55112,4,33.670533,0.9623247857295752,0.03200000000000003,True
5.71578,4,33.679542,0.9655204152288838,0.03200000000000003,True
5.600316,2,33.683226,0.9632578801292165,0.016000000000000014,True
5.5215,4,33.693368,0.962186969683023,0.03200000000000003,True
5.649768,3,33.69938,0.9650370357345198,0.02400000000000002,True
5.672301,4,33.708329,0.9618142399701792,0.03200000000000003,True
5.567172,3,33.715275,0.9579724865575368,0.02400000000000002,True
5.734358,4,33.723942,0.9598116378480493,0.03200000000000003,True
5.594746,3,33.730603,0.9671195163573753,0.02400000000000002,True
5.88682,5,33.741941,0.9608753680448356,0.040000000000000036,True
5.647987,5,33.752467,0.9657847498798374,0.040000000000000036,True
5.696638,6,33.765418,0.9638006237616963,0.04800000000000004,True
5.572451,3,33.772374,0.9587243107462184,0.02400000000000002,True
5.653944,5,33.783835,0.962507269131571,0.040000000000000036,True
5.464286,3,33.791276,0.9575428429868624,0.02400000000000002,True
5.658152,4,33.800304,0.9637258007607743,0.03200000000000003,True
6.001928,5,34.320768,0.9621935700305676,0.040000000000000036,True
5.773072,4,34.331327,0.9585419183144195,0.03200000000000003,True
6.029585,4,34.341275,0.9617912565385109,0.03200000000000003,True
5.894501,3,34.348387,0.9645536107056201,0.02400000000000002,True
5.434672,3,34.355646,0.9605545343643848,0.02400000000000002,True
5.447475,3,34.362512,0.9651396987518897,0.02400000000000002,True
5.492132,3,34.373358,0.9656034486082312,0.02400000000000002,True
5.471463,3,34.383169,0.9589425612066419,0.02400000000000002,True
5.606915,3,34.394363,0.9623672202260736,0.02400000000000002,True
5.706355,4,34.406322,0.9595191223935574,0.03200000000000003,True
5.568156,4,34.416139,0.9595291231589208,0.03200000000000003,True
5.778487,5,34.429325,0.9641358147648602,0.040000000000000036,True
5.757976,5,34.442841,0.9602997763759756,0.040000000000000036,True
5.627008,4,34.451771,0.9597159812451732,0.03200000000000003,True
5.629087,5,34.46319,0.956503341906292,0.040000000000000036,True
5.849556,5,34.474442,0.9584684757121844,0.040000000000000036,True
5.929616,3,34.48172,0.9613986168627775,0.02400000000000002,True
5.433158,4,34.490674,0.9642120394515656,0.03200000000000003,True
5.572636,3,34.497573,0.9550888403629799,0.02400000000000002,True
5.682869,5,34.509465,0.9566172317527382,0.040000000000000036,True
5.499381,4,34.518777,0.960188070752457,0.03200000000000003,True
5.727797,5,34.530828,0.9651826938754999,0.040000000000000036,True
5.588389,3,34.537441,0.9683095138919464,0.02400000000000002,True
5.644852,5,34.548825,0.9584444825717939,0.040000000000000036,True
5.497951,4,34.55776,0.9631621600622396,0.03200000000000003,True
5.522408,4,34.566771,0.9606071235642034,0.03200000000000003,True
5.987713,3,34.572824,0.9657143872460596,0.02400000000000002,True
5.665922,3,34.579483,0.9629441551571872,0.02400000000000002,True
5.615601,5,34.591698,0.9651505372378476,0.040000000000000036,True
5.765802,4,34.60106,0.9617493147540505,0.03200000000000003,True
5.449918,4,34.61024,0.9564835284746878,0.03200000000000003,True
5.569126,5,34.621409,0.9577002009730081,0.040000000000000036,True
5.826181,4,34.630941,0.9604424543142508,0.03200000000000003,True
5.554338,4,34.640149,0.9610124329168035,0.03200000000000003,True
5.392861,3,34.647449,0.9607056370924886,0.02400000000000002,True
5.505392,3,34.65529,0.9612378538086258,0.02400000000000002,True
5.556406,3,34.66287,0.9639251810424778,0.02400000000000002,True
5.61673,3,34.670058,0.9614539816365372,0.02400000000000002,True
5.553696,4,34.679285,0.9566672885337708,0.03200000000000003,True
5.518999,4,34.687933,0.9601399766936196,0.03200000000000003,True
5.830766,5,34.699452,0.9592250096686235,0.040000000000000036,True
5.763194,3,34.70635,0.9643105757274445,0.02400000000000002,True
5.660495,3,34.713236,0.9653322617281572,0.02400000000000002,True
5.861642,6,34.727049,0.9582009171111889,0.04800000000000004,True
5.691186,5,34.738441,0.9583414271187382,0.040000000000000036,True
5.617009,4,34.747701,0.963268321277567,0.03200000000000003,True
5.579141,2,34.752354,0.9643629904361393,0.016000000000000014,True
5.838862,5,34.764189,0.957808835722908,0.040000000000000036,True
5.71968,3,34.770867,0.9670275321023253,0.02400000000000002,True
5.510292,3,34.778184,0.9634771312779387,0.02400000000000002,True
5.762442,3,34.785109,0.9588794415112405,0.02400000000000002,True
5.487139,3,34.792619,0.9614531388135398,0.02400000000000002,True
5.486243,3,34.800753,0.967061559592423,0.02400000000000002,True
5.396736,3,34.807099,0.9606404829363222,0.02400000000000002,True
5.654234,5,34.818985,0.9589229057982864,0.040000000000000036,True
5.855606,4,34.827509,0.9600075684790752,0.03200000000000003,True
5.547174,4,34.836705,0.9618322234678847,0.03200000000000003,True
5.52522,4,34.847478,0.9596896443374685,0.03200000000000003,True
5.759579,5,34.859267,0.9618345525470475,0.040000000000000036,True
5.425687,4,34.868826,0.9645561746848613,0.03200000000000003,True
5.378746,3,34.87601,0.9639775448703559,0.02400000000000002,True
5.789917,4,34.885818,0.9596989957088973,0.03200000000000003,True
5.81416,4,34.895271,0.9582798248056817,0.03200000000000003,True
5.98353,5,34.90788,0.9590080186909682,0.040000000000000036,True
5.969617,4,34.918945,0.961084780269986,0.03200000000000003,True
5.788145,4,34.927822,0.9610728832233368,0.03200000000000003,True
5.726571,4,35.503195,0.9616080100939893,0.03200000000000003,True
5.831375,5,35.51491,0.9613552110068827,0.040000000000000036,True
5.614769,5,35.526144,0.963074493947214,0.040000000000000036,True
5.790834,4,35.535134,0.9614989353821164,0.03200000000000003,True
5.665864,3,35.542824,0.9621968011756477,0.02400000000000002,True
5.594844,3,35.550154,0.9593454651540634,0.02400000000000002,True
5.687151,5,35.560653,0.9649820864467824,0.040000000000000036,True
5.449277,3,35.568036,0.9616080177215416,0.02400000000000002,True
5.622963,4,35.576324,0.9613542753902021,0.03200000000000003,True
5.59516,4,35.585135,0.9613922111494758,0.03200000000000003,True
5.834433,4,35.594326,0.9600950686756966,0.03200000000000003,True
5.665651,4,35.603071,0.9585286611516618,0.03200000000000003,True
6.084974,4,35.612152,0.9601293040185488,0.03200000000000003,True
5.786237,6,35.625926,0.9639763369099882,0.04800000000000004,True
5.530998,4,35.634802,0.9632867368098232,0.03200000000000003,True
5.580712,5,35.646651,0.9647288489269209,0.040000000000000036,True
5.551512,5,35.657945,0.9620150866360059,0.040000000000000036,True
5.479769,4,35.66735,0.9601955008391669,0.03200000000000003,True
5.826399,5,35.679433,0.9612961583434104,0.040000000000000036,True
5.768533,4,35.688513,0.9638663020090668,0.03200000000000003,True
5.664271,3,35.695411,0.9602217756491792,0.02400000000000002,True
5.697413,5,35.706237,0.9579878895768184,0.040000000000000036,True
5.577488,5,35.717006,0.959807591076562,0.040000000000000036,True
5.657941,4,35.725431,0.9647442883842041,0.03200000000000003,True
5.738932,5,35.736366,0.9616277363737267,0.040000000000000036,True
5.5487,4,35.814337,0.9598899481415625,0.03200000000000003,True
5.598656,4,35.823395,0.9640393149665663,0.03200000000000003,True
6.006425,5,35.834366,0.9599571468309892,0.040000000000000036,True
5.541335,4,35.843896,0.9613908291866127,0.03200000000000003,True
5.485376,4,35.853373,0.9619512152791875,0.03200000000000003,True
5.948594,4,35.862346,0.9619295966814301,0.03200000000000003,True
5.407992,3,35.869099,0.9593163633162496,0.02400000000000002,True
5.80729,4,35.878007,0.9678501307490337,0.03200000000000003,True
5.582598,5,35.889325,0.9582450517006038,0.040000000000000036,True
5.64956,3,35.896142,0.962626294085944,0.02400000000000002,True
5.988606,4,35.904907,0.9634485959217236,0.03200000000000003,True
5.638721,5,35.91527,0.9614502520924851,0.040000000000000036,True
5.508379,4,35.924714,0.958561096417297,0.03200000000000003,True
5.749376,4,35.935875,0.9620432876832877,0.03200000000000003,True
5.811572,4,35.951239,0.9636585027348886,0.03200000000000003,True
5.821121,5,35.969084,0.9633876884076644,0.040000000000000036,True
5.646228,3,35.97967,0.9608832881906675,0.02400000000000002,True
5.559365,4,35.994183,0.9590780576371106,0.03200000000000003,True
5.715549,5,36.011447,0.9667488435688298,0.040000000000000036,True
5.587025,4,36.026975,0.9597900043590506,0.03200000000000003,True
5.851342,5,36.043764,0.9602884747136636,0.040000000000000036,True
5.954723,4,36.057451,0.9584487546124811,0.03200000000000003,True
5.767361,6,36.077705,0.9629917873824639,0.04800000000000004,True
5.769848,6,36.094288,0.9635915386743378,0.04800000000000004,True
5.619948,3,36.105016,0.9588469924243506,0.02400000000000002,True
5.687947,5,36.122287,0.9572488879286118,0.040000000000000036,True
5.690857,3,36.133016,0.958784157954281,0.02400000000000002,True
5.747725,4,36.146034,0.9647480674755959,0.03200000000000003,True
5.619246,4,36.157417,0.9595131301478188,0.03200000000000003,True
5.824007,5,36.170627,0.9621314246069285,0.040000000000000036,True
5.45737,2,36.1764,0.960298129169492,0.016000000000000014,True
5.515781,3,36.185771,0.9590114066770901,0.02400000000000002,True
5.385534,3,36.194519,0.965857145838082,0.02400000000000002,True
5.530837,5,36.210686,0.9638667611138725,0.040000000000000036,True
5.632889,4,36.223846,0.9623871140625033,0.03200000000000003,True
5.439089,5,36.240968,0.9619875535503374,0.040000000000000036,True
5.721461,6,36.965354,0.964190267755599,0.04800000000000004,True
5.776434,4,36.981995,0.9625241450818178,0.03200000000000003,True
5.587494,6,37.003006,0.9612556330195068,0.04800000000000004,True
5.74905,5,37.018598,0.9634556780804293,0.040000000000000036,True
5.492929,4,37.03021,0.9597871311019454,0.03200000000000003,True
5.835846,4,37.041191,0.9628584197452229,0.03200000000000003,True
5.501541,3,37.050491,0.9567092483651823,0.02400000000000002,True
5.714508,4,37.062227,0.9591607375382177,0.03200000000000003,True
5.746351,4,37.074013,0.9619147248168938,0.03200000000000003,True
5.740867,4,37.086293,0.9585373673729625,0.03200000000000003,True
5.53254,3,37.095685,0.9609835888793546,0.02400000000000002,True
5.849258,5,37.112579,0.9597783136353641,0.040000000000000036,True
5.798776,4,37.124417,0.9576653915083247,0.03200000000000003,True
5.460923,3,37.133984,0.9665212797758205,0.02400000000000002,True
5.772479,4,37.145262,0.9629140178220765,0.03200000000000003,True
5.500206,4,37.156836,0.9572376663779915,0.03200000000000003,True
5.811576,4,37.16781,0.965965745185338,0.03200000000000003,True
5.773693,4,37.178837,0.9595718645562963,0.03200000000000003,True
5.819373,4,37.190016,0.961232338567736,0.03200000000000003,True
5.748602,4,37.20182,0.9586393078641986,0.03200000000000003,True
5.747061,4,37.21314,0.9625884752410593,0.03200000000000003,True
5.7524,4,37.224185,0.9581050451979822,0.03200000000000003,True
5.807629,5,37.238171,0.961843576485958,0.040000000000000036,True
5.661304,3,37.247476,0.9609146624445952,0.02400000000000002,True
5.992891,5,37.261154,0.9602837067894053,0.040000000000000036,True
5.658071,4,37.272498,0.9585706599830888,0.03200000000000003,True
5.731781,5,37.290048,0.9579761997196484,0.040000000000000036,True
5.655776,3,37.298852,0.9588937618634461,0.02400000000000002,True
5.704931,5,37.314044,0.9621566878471361,0.040000000000000036,True
5.668465,4,37.325014,0.9582830535843594,0.03200000000000003,True
5.823473,5,37.339644,0.9598889064609584,0.040000000000000036,True
5.549642,3,37.349018,0.9590210411713366,0.02400000000000002,True
5.753491,5,37.363234,0.9607880282398926,0.040000000000000036,True
5.764438,4,37.373941,0.9632402114617801,0.03200000000000003,True
5.45343,3,37.383276,0.9637967040432383,0.02400000000000002,True
5.719816,3,37.39385,0.9568527773690222,0.02400000000000002,True
6.083912,5,37.410176,0.9580147978048612,0.040000000000000036,True
5.637925,5,37.425645,0.9587465949751132,0.040000000000000036,True
5.481004,5,37.441109,0.9590213915932275,0.040000000000000036,True
5.573731,4,37.456024,0.9631585950060013,0.03200000000000003,True
5.728937,3,37.467707,0.9612302343231273,0.02400000000000002,True
5.491685,3,37.477565,0.9608229231109555,0.02400000000000002,True
5.893875,3,37.487822,0.95841620423383,0.02400000000000002,True
5.597422,4,37.500262,0.9650803974702505,0.03200000000000003,True
5.764929,3,37.510613,0.9652863038327293,0.02400000000000002,True
6.050647,5,37.524046,0.9612623420919992,0.040000000000000036,True
5.536291,4,37.536361,0.9628603775775533,0.03200000000000003,True
5.588057,4,37.548572,0.9587569457024958,0.03200000000000003,True
5.709165,4,37.560833,0.9581586590255448,0.03200000000000003,True
5.835672,4,37.575683,0.9563876126150039,0.03200000000000003,True
5.703372,3,37.587752,0.9645719777649366,0.02400000000000002,True
5.800529,5,37.607792,0.9601453996971056,0.040000000000000036,True
6.056184,4,37.620298,0.965935628267381,0.03200000000000003,True
5.669331,4,37.63385,0.9597385853900702,0.03200000000000003,True
5.682486,4,37.648986,0.9639431085261374,0.03200000000000003,True
5.788049,5,37.666913,0.9634722778717508,0.040000000000000036,True
5.502619,3,37.67954,0.9622714384432457,0.02400000000000002,True
5.87312,5,37.693504,0.96029467675424,0.040000000000000036,True
5.801717,2,37.700496,0.9609802848020279,0.016000000000000014,True
5.585834,4,37.711731,0.9600710257752652,0.03200000000000003,True
5.788978,3,37.720648,0.960833659886157,0.02400000000000002,True
5.51421,4,37.731285,0.9614425639128437,0.03200000000000003,True
5.734219,4,37.74324,0.9610235048469973,0.03200000000000003,True
5.812765,5,38.44385,0.9592817926897967,0.040000000000000036,True
5.808164,4,38.457502,0.9588912278715624,0.03200000000000003,True
5.874274,5,38.472694,0.9590570960738446,0.040000000000000036,True
5.590576,3,38.480632,0.9613785019356327,0.02400000000000002,True
5.54819,4,38.492418,0.9671098058912841,0.03200000000000003,True
5.624675,4,38.509355,0.9625887304668561,0.03200000000000003,True
5.833182,4,38.521323,0.9590793116771898,0.03200000000000003,True
5.767267,5,38.53621,0.96133754655924,0.040000000000000036,True
5.737495,5,38.550692,0.9641306010494943,0.040000000000000036,True
5.667742,4,38.562052,0.9620512607949283,0.03200000000000003,True
5.716208,5,38.576319,0.9608660919486208,0.040000000000000036,True
5.9514,5,38.589613,0.9577599075234965,0.040000000000000036,True
5.505992,5,38.604288,0.9655165121964233,0.040000000000000036,True
5.729629,5,38.618101,0.9592300952209589,0.040000000000000036,True
5.447025,3,38.627291,0.9647075199742744,0.02400000000000002,True
5.420904,4,38.638495,0.9613804463247884,0.03200000000000003,True
5.664123,3,38.648162,0.9615397544359567,0.02400000000000002,True
5.788081,5,38.667786,0.9608980436082051,0.040000000000000036,True
5.780342,4,38.683985,0.9601282991199647,0.03200000000000003,True
5.531004,4,38.699067,0.9566106841041355,0.03200000000000003,True
5.802638,5,38.718424,0.9646987836909888,0.040000000000000036,True
5.371516,4,38.732766,0.9613344670038002,0.03200000000000003,True
5.465012,4,38.746593,0.9592865739003896,0.03200000000000003,True
5.826087,4,38.759856,0.9622514456186321,0.03200000000000003,True
5.577461,5,38.776341,0.95898744131159,0.040000000000000036,True
5.514298,4,38.787742,0.9606963857538356,0.03200000000000003,True
5.578247,5,38.802053,0.9610151127944473,0.040000000000000036,True
5.556596,4,38.813478,0.9627698607273133,0.03200000000000003,True
5.460793,4,38.824038,0.9640322801357799,0.03200000000000003,True
5.808802,4,38.836044,0.9657262330659977,0.03200000000000003,True
6.000709,4,38.848727,0.9587936347649989,0.03200000000000003,True
5.732076,4,38.859976,0.9659390849770385,0.03200000000000003,True
5.680879,4,38.871374,0.963344609299799,0.03200000000000003,True
5.818325,4,38.882707,0.9596408243030246,0.03200000000000003,True
5.531732,4,38.892692,0.9605513885537175,0.03200000000000003,True
5.641071,5,38.907057,0.9649332689538326,0.040000000000000036,True
5.603014,5,38.920252,0.9606430178565797,0.040000000000000036,True
5.644898,4,38.931466,0.9625730386675071,0.03200000000000003,True
5.656559,3,38.939643,0.9607280732244693,0.02400000000000002,True
5.77378,3,38.948732,0.9599229308976047,0.02400000000000002,True
6.048843,4,38.960382,0.9611306732893684,0.03200000000000003,True
5.421244,3,38.968071,0.960505750794855,0.02400000000000002,True
5.551445,5,38.982045,0.9613248887397559,0.040000000000000036,True
5.684049,4,38.993138,0.9617990742137258,0.03200000000000003,True
5.655638,4,39.004822,0.9614006937563552,0.03200000000000003,True
5.441991,3,39.013159,0.9657757588460436,0.02400000000000002,True
5.659592,5,39.027233,0.9602164256306904,0.040000000000000036,True
5.917126,4,39.03839,0.9594737190885616,0.03200000000000003,True
5.795603,5,39.052152,0.9598819481801102,0.040000000000000036,True
5.847376,3,39.060026,0.9577884299896002,0.02400000000000002,True
5.798854,5,39.074555,0.9624322317120249,0.040000000000000036,True
5.773938,4,39.08481,0.9612648524636274,0.03200000000000003,True
5.957526,3,39.094333,0.957876212710264,0.02400000000000002,True
5.735948,4,39.106856,0.9633689546892519,0.03200000000000003,True
5.600434,4,39.119363,0.9645234544503178,0.03200000000000003,True
5.545403,4,39.131532,0.9605033034204382,0.03200000000000003,True
5.685037,4,39.142565,0.9575524451127574,0.03200000000000003,True
5.637329,4,39.155044,0.9585467373426146,0.03200000000000003,True
5.394974,3,39.163069,0.9591549051742279,0.02400000000000002,True
5.848291,5,39.180894,0.9646415304024969,0.040000000000000036,True
5.595398,4,39.191819,0.9624137570441569,0.03200000000000003,True
5.702316,5,39.209713,0.9591472184795904,0.040000000000000036,True
5.774458,5,39.994601,0.9655351845773134,0.040000000000000036,True
5.741987,3,40.003428,0.9668003102592699,0.02400000000000002,True
5.815703,4,40.017464,0.9624692448642062,0.03200000000000003,True
5.433079,4,40.030967,0.9617312895737008,0.03200000000000003,True
5.807651,5,40.046116,0.961635432473243,0.040000000000000036,True
5.646849,4,40.059771,0.96041761903052,0.03200000000000003,True
5.737094,3,40.071107,0.9560729798010521,0.02400000000000002,True
5.688098,3,40.082575,0.9586854389839239,0.02400000000000002,True
5.605107,4,40.097064,0.965045950199271,0.03200000000000003,True
5.716552,4,40.111969,0.9613226841160432,0.03200000000000003,True
5.678975,4,40.126438,0.9596556356621482,0.03200000000000003,True
5.558117,5,40.14332,0.9629137078840913,0.040000000000000036,True
5.601742,3,40.153971,0.963375034878747,0.02400000000000002,True
5.782741,4,40.166507,0.965705925614611,0.03200000000000003,True
5.439846,4,40.17842,0.957696248859311,0.03200000000000003,True
5.802306,4,40.190698,0.9619929577671578,0.03200000000000003,True
5.878902,4,40.203245,0.960904535901578,0.03200000000000003,True
5.726427,4,40.21611,0.9625438026286496,0.03200000000000003,True
5.44238,3,40.227112,0.9646181365298965,0.02400000000000002,True
5.77905,3,40.237894,0.9596073155240377,0.02400000000000002,True
5.594482,4,40.251868,0.9583200964261087,0.03200000000000003,True
6.029071,4,40.268348,0.9608732947674727,0.03200000000000003,True
5.858311,4,40.284844,0.9610888776125892,0.03200000000000003,True
5.86389,4,40.296166,0.959545286933893,0.03200000000000003,True
5.413594,3,40.302427,0.956601727543118,0.02400000000000002,True
5.616836,4,40.311854,0.9621421152320739,0.03200000000000003,True
5.907203,4,40.322487,0.9651742333740512,0.03200000000000003,True
5.839249,4,40.331803,0.9605062498049889,0.03200000000000003,True
5.668633,5,40.343408,0.956435123831796,0.040000000000000036,True
5.688775,4,40.352371,0.961818991400228,0.03200000000000003,True
5.826376,4,40.36083,0.9637317118553071,0.03200000000000003,True
5.673295,4,40.370163,0.9608188945612549,0.03200000000000003,True
5.693409,4,40.379257,0.9630947240651533,0.03200000000000003,True
5.976734,4,40.387922,0.9635807585584018,0.03200000000000003,True
5.719639,5,40.398306,0.9617365025006026,0.040000000000000036,True
5.643762,3,40.405743,0.9619976772638108,0.02400000000000002,True
5.586877,3,40.412241,0.9625956863155207,0.02400000000000002,True
5.775737,5,40.425855,0.9614702663024322,0.040000000000000036,True
5.61783,5,40.436685,0.9587818367261431,0.040000000000000036,True
5.835654,4,40.446023,0.9599900112373289,0.03200000000000003,True
5.788194,3,40.453241,0.9637899948380033,0.02400000000000002,True
5.787739,3,40.461218,0.9612904539396343,0.02400000000000002,True
5.573317,5,40.472446,0.9610388842836479,0.040000000000000036,True
5.78753,4,40.481838,0.9630144624122032,0.03200000000000003,True
5.630415,3,40.489274,0.9635997726238448,0.02400000000000002,True
5.642037,3,40.496146,0.9634285484311731,0.02400000000000002,True
5.891161,4,40.504119,0.9593774513499398,0.03200000000000003,True
5.372822,3,40.511869,0.9642317793317531,0.02400000000000002,True
5.842416,5,40.522578,0.9580509497745686,0.040000000000000036,True
5.636602,4,40.53142,0.9608134692210485,0.03200000000000003,True
5.740765,4,40.540941,0.9571803642480277,0.03200000000000003,True
5.763484,4,40.550112,0.957755384884948,0.03200000000000003,True
5.702046,4,40.561171,0.959225080494208,0.03200000000000003,True
5.573015,4,40.57013,0.9621324377510233,0.03200000000000003,True
5.57889,4,40.580946,0.9565935723213492,0.03200000000000003,True
5.775181,5,40.591277,0.962594858992503,0.040000000000000036,True
5.730197,5,40.602574,0.9599516869485639,0.040000000000000036,True
5.639052,6,40.615915,0.9590111214192709,0.04800000000000004,True
5.832127,5,40.627186,0.9587321638826618,0.040000000000000036,True
6.027233,4,40.636509,0.9612467861583229,0.03200000000000003,True
5.837633,4,40.645657,0.96281483291737,0.03200000000000003,True
5.487859,3,40.65476,0.9650599375086555,0.02400000000000002,True
5.60607,5,40.669373,0.9575965268134677,0.040000000000000036,True
5.613957,3,40.675411,0.9611978721955323,0.02400000000000002,True
5.675253,4,41.205863,0.9616750651633841,0.03200000000000003,True
5.285791,3,41.213606,0.963997259074335,0.02400000000000002,True
5.75777,4,41.222714,0.9601381455365202,0.03200000000000003,True
5.702908,3,41.230355,0.9642832215140741,0.02400000000000002,True
5.515238,3,41.236884,0.9633538724645454,0.02400000000000002,True
5.461086,4,41.246754,0.9604020303354155,0.03200000000000003,True
5.71647,5,41.25779,0.9601004397119421,0.040000000000000036,True
5.698418,5,41.269149,0.9628017263284228,0.040000000000000036,True
5.695649,3,41.276693,0.9670690203643133,0.02400000000000002,True
5.544574,3,41.282549,0.9611623209073348,0.02400000000000002,True
5.655621,4,41.291427,0.9648290512297641,0.03200000000000003,True
5.322041,5,41.303263,0.9599484583196998,0.040000000000000036,True
5.47692,4,41.312286,0.9580914197199493,0.03200000000000003,True
5.787422,4,41.324379,0.9556591189909055,0.03200000000000003,True
5.406306,3,41.332317,0.9622165670255439,0.02400000000000002,True
5.523548,5,41.343451,0.959358793267849,0.040000000000000036,True
6.022325,4,41.352559,0.9626943784362845,0.03200000000000003,True
5.603617,4,41.361649,0.9600934971816615,0.03200000000000003,True
5.94624,5,41.372851,0.9654747455546233,0.040000000000000036,True
6.010459,5,41.383391,0.9619278950730467,0.040000000000000036,True
5.680683,5,41.396605,0.9599346161297784,0.040000000000000036,True
5.569583,5,41.407077,0.9587947075660179,0.040000000000000036,True
5.437438,2,41.4123,0.9613927934290499,0.016000000000000014,True
5.516096,4,41.420149,0.9658531280337315,0.03200000000000003,True
5.453705,4,41.429751,0.9615386679492162,0.03200000000000003,True
5.792528,6,41.443958,0.9633889968481324,0.04800000000000004,True
5.911472,5,41.455318,0.9570123100996345,0.040000000000000036,True
5.70566,4,41.464062,0.9625854509487625,0.03200000000000003,True
5.922258,4,41.475304,0.9614766868382423,0.03200000000000003,True
5.797661,4,41.485371,0.9645602108767486,0.03200000000000003,True
5.564111,4,41.49489,0.9612222429035977,0.03200000000000003,True
5.766269,4,41.506087,0.9603006880646068,0.03200000000000003,True
5.942642,5,41.520103,0.9631067626925782,0.040000000000000036,True
5.473343,3,41.527227,0.9628333983762913,0.02400000000000002,True
5.745629,3,41.535136,0.9609710452166225,0.02400000000000002,True
5.657827,4,41.545599,0.9603174791658744,0.03200000000000003,True
5.505264,3,41.553987,0.9617133368817321,0.02400000000000002,True
5.579048,5,41.565892,0.9581880122355038,0.040000000000000036,True
5.74932,5,41.578191,0.9610093486835837,0.040000000000000036,True
5.568937,4,41.589756,0.9611969025441442,0.03200000000000003,True
5.61933,4,41.600499,0.9630869446685341,0.03200000000000003,True
5.643435,5,41.611643,0.9642632356484353,0.040000000000000036,True
5.520868,3,41.619209,0.9609178259641196,0.02400000000000002,True
5.439509,4,41.628262,0.9578851669440434,0.03200000000000003,True
5.587297,4,41.637507,0.9637262411932171,0.03200000000000003,True
5.460397,5,41.65086,0.963153846532434,0.040000000000000036,True
6.064493,4,41.663554,0.9631729099604999,0.03200000000000003,True
5.479474,3,41.670805,0.960112516634735,0.02400000000000002,True
5.743431,4,41.679874,0.9620997271618217,0.03200000000000003,True
5.699717,3,41.687476,0.9603027643685523,0.02400000000000002,True
5.639849,4,41.697778,0.9595402587402629,0.03200000000000003,True
5.852536,4,41.707099,0.9631994718591175,0.03200000000000003,True
5.839952,4,41.716428,0.9570211960345618,0.03200000000000003,True
5.61512,4,41.724479,0.9620755022346968,0.03200000000000003,True
5.525506,3,41.732121,0.9610654264270563,0.02400000000000002,True
5.603133,4,41.740466,0.9632167691045058,0.03200000000000003,True
5.823422,5,41.752516,0.9606598447154255,0.040000000000000036,True
5.609652,5,41.762573,0.9637966603172836,0.040000000000000036,True
5.534307,4,41.77175,0.9602418077336795,0.03200000000000003,True
5.58284,4,41.781426,0.965062631350275,0.03200000000000003,True
5.453269,4,41.791496,0.962483253958098,0.03200000000000003,True
5.577475,4,41.801417,0.9637015533420593,0.03200000000000003,True
5.645511,4,41.809311,0.9641150663852571,0.03200000000000003,True
5.634328,6,42.372904,0.9602948963242903,0.04800000000000004,True
5.766057,5,42.384286,0.9573614563895849,0.040000000000000036,True
5.622377,4,42.395006,0.9586422562068767,0.03200000000000003,True
5.57157,4,42.404993,0.9584991405798577,0.03200000000000003,True
5.810429,3,42.412367,0.9604742601380563,0.02400000000000002,True
5.443161,3,42.420453,0.967445682140062,0.02400000000000002,True
5.629515,4,42.432171,0.9569016085678097,0.03200000000000003,True
5.458641,4,42.443381,0.9627159380592246,0.03200000000000003,True
5.788986,5,42.455468,0.9601361911694731,0.040000000000000036,True
5.708319,3,42.462336,0.9573949094876708,0.02400000000000002,True
5.812741,4,42.471371,0.956796139279346,0.03200000000000003,True
5.922477,3,42.478688,0.9590981371821409,0.02400000000000002,True
5.654495,5,42.489473,0.9614116311184671,0.040000000000000036,True
5.783306,5,42.499846,0.9592998124564133,0.040000000000000036,True
5.467256,4,42.508476,0.9592680175719368,0.03200000000000003,True
6.010073,5,42.519979,0.9620518326967827,0.040000000000000036,True
5.565934,4,42.529048,0.9603885007892682,0.03200000000000003,True
5.474041,3,42.536038,0.9619619243925102,0.02400000000000002,True
5.692418,4,42.545554,0.9671950034612858,0.03200000000000003,True
5.492346,5,42.630105,0.9652677545338837,0.040000000000000036,True
5.719584,4,42.638255,0.9673498579657384,0.03200000000000003,True
5.509753,5,42.649239,0.9643409586904454,0.040000000000000036,True
5.735435,4,42.65799,0.9622519535871205,0.03200000000000003,True
5.852595,5,42.669614,0.9595553630953928,0.040000000000000036,True
5.47737,3,42.675833,0.9602646541664321,0.02400000000000002,True
5.736296,3,42.682856,0.9611427281144806,0.02400000000000002,True
5.626405,3,42.689409,0.9601146216582561,0.02400000000000002,True
5.843024,4,42.699066,0.957207869300613,0.03200000000000003,True
5.544253,4,42.707772,0.95955377023897,0.03200000000000003,True
5.657182,4,42.71684,0.9614906588074847,0.03200000000000003,True
5.854923,5,42.72883,0.9636476875212745,0.040000000000000036,True
5.78254,4,42.73707,0.9667669616430989,0.03200000000000003,True
5.762386,5,42.748077,0.9566746850262542,0.040000000000000036,True
5.521274,4,42.756837,0.9619026903056895,0.03200000000000003,True
5.804913,5,42.767115,0.9587558965549998,0.040000000000000036,True
5.571046,5,42.778597,0.9588110801891199,0.040000000000000036,True
5.591737,5,42.789356,0.9570972039620126,0.040000000000000036,True
5.753828,4,42.799227,0.9614886474761898,0.03200000000000003,True
5.646629,4,42.808059,0.9645882902061002,0.03200000000000003,True
5.579881,5,42.818624,0.9614723555825828,0.040000000000000036,True
5.762801,4,42.827842,0.9590856734073706,0.03200000000000003,True
5.419789,5,42.839908,0.9615858003802916,0.040000000000000036,True
5.375318,2,42.843288,0.961174919905736,0.016000000000000014,True
5.688195,4,42.853169,0.9606085471973735,0.03200000000000003,True
5.974507,4,42.863058,0.9611252880008077,0.03200000000000003,True
5.750139,4,42.870933,0.9631122916057908,0.03200000000000003,True
5.887051,5,42.882801,0.959309725027466,0.040000000000000036,True
5.746973,5,42.89377,0.960781779407442,0.040000000000000036,True
5.662349,4,42.902137,0.9640431736324434,0.03200000000000003,True
5.71674,5,42.916493,0.9589591580354055,0.040000000000000036,True
6.041095,4,42.925532,0.9584598833784541,0.03200000000000003,True
5.66707,3,42.932131,0.9629708897595266,0.02400000000000002,True
5.416758,2,42.938047,0.9659123848624955,0.016000000000000014,True
5.528115,3,42.944772,0.9614416004249412,0.02400000000000002,True
5.702749,4,42.95385,0.9594201989745436,0.03200000000000003,True
5.498551,3,42.963371,0.9626935215028101,0.02400000000000002,True
5.689902,4,42.976239,0.9599576377622002,0.03200000000000003,True
5.695825,4,42.992623,0.9604027071482912,0.03200000000000003,True
5.871957,4,43.006417,0.9601678708199444,0.03200000000000003,True
5.61211,4,43.015837,0.9624635967562284,0.03200000000000003,True
5.632076,4,43.026012,0.9601925085335775,0.03200000000000003,True
5.660767,2,43.031096,0.9599570790938994,0.016000000000000014,True
6.065302,4,43.03972,0.9604672476518721,0.03200000000000003,True
5.866445,5,43.566427,0.9582947131654789,0.040000000000000036,True
6.058012,5,43.578563,0.9640822383275216,0.040000000000000036,True
5.679525,4,43.587329,0.9622449328734967,0.03200000000000003,True
5.549234,5,43.598897,0.9609149046564849,0.040000000000000036,True
5.39418,3,43.605247,0.9634962315370476,0.02400000000000002,True
5.775918,4,43.613727,0.9607170033515341,0.03200000000000003,True
5.847735,5,43.625358,0.9656564404813661,0.040000000000000036,True
5.697513,3,43.633814,0.9590050783145248,0.02400000000000002,True
5.57753,4,43.642987,0.9620071078195738,0.03200000000000003,True
5.348166,3,43.651162,0.9630564924649407,0.02400000000000002,True
5.848119,4,43.665973,0.9631227419697654,0.03200000000000003,True
5.621452,4,43.676769,0.9631970125048233,0.03200000000000003,True
5.709849,4,43.687019,0.9579843141415305,0.03200000000000003,True
5.640624,5,43.700958,0.9586493741836264,0.040000000000000036,True
5.889164,3,43.708618,0.9601439572926838,0.02400000000000002,True
5.751308,4,43.71911,0.9653251917109752,0.03200000000000003,True
5.609925,3,43.727279,0.965154041584246,0.02400000000000002,True
5.607985,5,43.739264,0.9599333172001917,0.040000000000000036,True
5.641981,4,43.748867,0.9627909294796451,0.03200000000000003,True
5.716287,3,43.756027,0.9589826898646526,0.02400000000000002,True
5.374547,3,43.761899,0.9655326347434509,0.02400000000000002,True
5.495107,3,43.769044,0.9641465449895228,0.02400000000000002,True
5.674358,4,43.778104,0.9628568436173379,0.03200000000000003,True
5.767535,4,43.786126,0.9598886211285179,0.03200000000000003,True
5.509008,5,43.797897,0.9592576755680224,0.040000000000000036,True
5.644719,3,43.803705,0.9620902244168594,0.02400000000000002,True
5.77013,4,43.81298,0.9569604699841928,0.03200000000000003,True
5.922657,4,43.82208,0.9621654781904795,0.03200000000000003,True
5.579641,2,43.827221,0.9623481787072217,0.016000000000000014,True
5.475075,4,43.837219,0.9597742168386518,0.03200000000000003,True
5.410675,3,43.843921,0.9610795010676418,0.02400000000000002,True
5.906022,4,43.852682,0.9586469132201512,0.03200000000000003,True
5.992108,4,43.862887,0.9618671788596679,0.03200000000000003,True
5.978728,3,43.870268,0.9584411421076456,0.02400000000000002,True
6.085671,5,43.881206,0.9635593750424388,0.040000000000000036,True
5.760056,5,43.892247,0.958649893269237,0.040000000000000036,True
5.918996,4,43.901277,0.9578829552842569,0.03200000000000003,True
5.626834,4,43.910121,0.9661486254731841,0.03200000000000003,True
5.544752,4,43.918292,0.9675146631565206,0.03200000000000003,True
5.743934,5,43.929775,0.9612593840927135,0.040000000000000036,True
5.799828,4,43.939994,0.9633998111712321,0.03200000000000003,True
5.760339,5,43.950798,0.9644761532236946,0.040000000000000036,True
5.946684,5,43.962517,0.963588681079804,0.040000000000000036,True
5.691396,3,43.970955,0.9580345943028179,0.02400000000000002,True
5.777221,4,43.98068,0.9650164866019111,0.03200000000000003,True
5.440757,4,43.990167,0.9631783287243426,0.03200000000000003,True
5.341382,3,43.997638,0.9595068642470401,0.02400000000000002,True
5.829567,4,44.009426,0.958974343085423,0.03200000000000003,True
5.565978,4,44.022815,0.9580573622948976,0.03200000000000003,True
5.688147,3,44.032443,0.9642719173095224,0.02400000000000002,True
5.706422,3,44.04291,0.959893468378592,0.02400000000000002,True
5.651596,4,44.052227,0.9577541893512405,0.03200000000000003,True
5.832571,4,44.061323,0.9612796925726574,0.03200000000000003,True
5.790258,4,44.070169,0.9634988012238268,0.03200000000000003,True
5.750093,3,44.077087,0.9589870866873903,0.02400000000000002,True
5.739355,4,44.085234,0.9606070282735782,0.03200000000000003,True
5.708407,3,44.091739,0.9586892761990798,0.02400000000000002,True
5.569027,4,44.101256,0.9610689857203609,0.03200000000000003,True
5.596078,5,44.113244,0.9622378058453764,0.040000000000000036,True
5.664102,5,44.124313,0.9629692174790732,0.040000000000000036,True
5.613866,4,44.134973,0.9594073609773355,0.03200000000000003,True
5.594988,3,44.141364,0.9563625504822255,0.02400000000000002,True
5.633335,4,44.150101,0.9626424682903312,0.03200000000000003,True
5.594169,3,44.157745,0.95942874715006,0.02400000000000002,True
5.874208,4,44.166419,0.9611613303255184,0.03200000000000003,True
5.839502,4,44.17505,0.9606905051163112,0.03200000000000003,True
5.664631,4,44.698329,0.9598752927877703,0.03200000000000003,True
5.677282,3,44.706626,0.9613400119021082,0.02400000000000002,True
5.621969,3,44.713794,0.9625719888725032,0.02400000000000002,True
5.781512,5,44.72398,0.9622952796724793,0.040000000000000036,True
5.724053,4,44.732584,0.9660588502994621,0.03200000000000003,True
5.741673,2,44.738121,0.9563464258939987,0.016000000000000014,True
5.754491,4,44.745777,0.9591766097736385,0.03200000000000003,True
5.824354,4,44.754343,0.9616517408150247,0.03200000000000003,True
5.648415,4,44.763235,0.9619054987585001,0.03200000000000003,True
5.558038,4,44.772683,0.957563480879826,0.03200000000000003,True
5.627991,5,44.784366,0.9591792953652597,0.040000000000000036,True
5.783435,5,44.795016,0.9603512663618274,0.040000000000000036,True
5.747305,4,44.804219,0.9583431426782153,0.03200000000000003,True
5.569447,5,44.815785,0.9649026420049471,0.040000000000000036,True
5.604284,4,44.823943,0.9622899206376632,0.03200000000000003,True
5.730348,4,44.832707,0.9599013430528591,0.03200000000000003,True
5.744968,4,44.841979,0.9604156817665955,0.03200000000000003,True
5.538581,3,44.849492,0.9642621099083317,0.02400000000000002,True
5.621435,5,44.859884,0.958688608404539,0.040000000000000036,True
5.541504,4,44.869267,0.9572897152486514,0.03200000000000003,True
5.482049,4,44.878091,0.9653256523518774,0.03200000000000003,True
5.510674,2,44.881592,0.96310212932774,0.016000000000000014,True
5.563065,4,44.890508,0.9602094928050324,0.03200000000000003,True
5.549805,4,44.899402,0.9576271768073747,0.03200000000000003,True
5.805691,4,44.909032,0.9593656612799563,0.03200000000000003,True
5.677863,3,44.915868,0.9592829075260871,0.02400000000000002,True
5.708962,5,44.926037,0.960928044162328,0.040000000000000036,True
5.472518,3,44.932439,0.961929480647441,0.02400000000000002,True
5.53723,4,44.941821,0.9633256038047651,0.03200000000000003,True
5.715998,4,44.951132,0.9578960711203145,0.03200000000000003,True
5.517801,3,44.958919,0.9630159554794269,0.02400000000000002,True
5.519616,4,44.96719,0.9624832277342836,0.03200000000000003,True
5.759677,4,44.976819,0.9615049563016564,0.03200000000000003,True
5.473653,3,44.983582,0.9570446381477624,0.02400000000000002,True
5.721752,5,44.995512,0.9572688935265913,0.040000000000000036,True
5.736315,4,45.005216,0.9607378574212491,0.03200000000000003,True
5.449309,5,45.016504,0.9615452610641396,0.040000000000000036,True
5.530664,4,45.024918,0.9589755346396156,0.03200000000000003,True
5.590324,3,45.031797,0.9638624485362354,0.02400000000000002,True
5.700804,3,45.038458,0.9582784878404329,0.02400000000000002,True
5.767481,4,45.052924,0.961469751338562,0.03200000000000003,True
5.767444,4,45.064898,0.9630883460256403,0.03200000000000003,True
5.686202,4,45.079004,0.9596880180494964,0.03200000000000003,True
5.641841,4,45.090195,0.9590164503015334,0.03200000000000003,True
5.722319,4,45.099045,0.9599671245692971,0.03200000000000003,True
5.634801,4,45.109495,0.9589043216021212,0.03200000000000003,True
5.786326,3,45.116887,0.9613509681950726,0.02400000000000002,True
5.445058,4,45.126258,0.9598560903149367,0.03200000000000003,True
5.804616,4,45.135611,0.9627031160300399,0.03200000000000003,True
5.814862,4,45.144634,0.9637682253788182,0.03200000000000003,True
5.456559,4,45.153378,0.961268053169843,0.03200000000000003,True
5.59337,5,45.16476,0.962033479943937,0.040000000000000036,True
5.480076,4,45.172895,0.9577431180909315,0.03200000000000003,True
5.451997,3,45.180513,0.9600157104935412,0.02400000000000002,True
5.500438,3,45.18784,0.9610324512717148,0.02400000000000002,True
5.718304,4,45.197505,0.9612134743255631,0.03200000000000003,True
5.847431,4,45.206746,0.9629729738424968,0.03200000000000003,True
5.601301,4,45.216248,0.9633878061175081,0.03200000000000003,True
5.515409,4,45.225968,0.961621841468781,0.03200000000000003,True
5.730349,4,45.234345,0.9625601748349533,0.03200000000000003,True
6.023892,4,45.24336,0.9573362354169839,0.03200000000000003,True
6.005901,3,45.250937,0.9599052240021512,0.02400000000000002,True
5.614606,4,45.260035,0.9651308161874741,0.03200000000000003,True
5.592881,4,45.26889,0.965055907041799,0.03200000000000003,True
5.640447,4,45.279701,0.9678949435175292,0.03200000000000003,True
5.900201,3,45.287981,0.9591050809798656,0.02400000000000002,True
5.515192,3,45.296283,0.963432492892677,0.02400000000000002,True
5.570024,4,45.828327,0.9618532902598658,0.03200000000000003,True
5.450526,4,45.838604,0.9647044177438187,0.03200000000000003,True
5.689842,4,45.846915,0.9620080522039518,0.03200000000000003,True
5.573648,5,45.858018,0.9636597762316365,0.040000000000000036,True
5.764631,3,45.866023,0.9651971938241782,0.02400000000000002,True
5.798397,5,45.877298,0.965435421679201,0.040000000000000036,True
5.861178,4,45.885452,0.9600372442665558,0.03200000000000003,True
5.693183,4,45.894112,0.9616258857284801,0.03200000000000003,True
5.511128,4,45.90293,0.9599624878414588,0.03200000000000003,True
5.980726,4,45.911872,0.9631961464937516,0.03200000000000003,True
5.545434,5,45.922844,0.9579150136665744,0.040000000000000036,True
5.534635,4,45.932514,0.9572687888109608,0.03200000000000003,True
5.461786,3,45.939837,0.9611130579585141,0.02400000000000002,True
5.962304,4,45.948948,0.9609098831978782,0.03200000000000003,True
5.725642,3,45.956811,0.9643893509180117,0.02400000000000002,True
5.735482,4,45.964085,0.959582013317215,0.03200000000000003,True
5.578212,4,45.973909,0.9629713269895708,0.03200000000000003,True
5.474432,4,45.983262,0.962655424898076,0.03200000000000003,True
5.772422,5,45.993905,0.9650436979849532,0.040000000000000036,True
5.809448,4,46.003942,0.9584941499657911,0.03200000000000003,True
5.792646,4,46.01318,0.9658273770842438,0.03200000000000003,True
5.530012,4,46.021448,0.9620926818788234,0.03200000000000003,True
5.802437,3,46.02811,0.9574247415740361,0.02400000000000002,True
5.40877,5,46.039362,0.9664778805625583,0.040000000000000036,True
5.763148,4,46.047579,0.9625616828194485,0.03200000000000003,True
5.551865,4,46.058069,0.9584940826106374,0.03200000000000003,True
5.527822,3,46.064521,0.9594358764931032,0.02400000000000002,True
5.8128,5,46.093438,0.960947764846138,0.040000000000000036,True
5.662804,4,46.124444,0.9593071364642056,0.03200000000000003,True
5.756873,4,46.182629,0.9593382990167731,0.03200000000000003,True
5.464888,4,46.212333,0.9601913768277357,0.03200000000000003,True
5.95579,4,46.247944,0.9590295416987901,0.03200000000000003,True
5.617101,4,46.265247,0.9627385467365842,0.03200000000000003,True
5.350131,3,46.273023,0.9634709193333842,0.02400000000000002,True
5.462566,3,46.279884,0.9602656950696109,0.02400000000000002,True
5.596333,5,46.292044,0.96296384822669,0.040000000000000036,True
5.595161,4,46.301043,0.9603280645441168,0.03200000000000003,True
5.677513,4,46.310662,0.958496743572147,0.03200000000000003,True
5.581833,4,46.32022,0.9637463573429882,0.03200000000000003,True
5.777103,3,46.328313,0.9591440869221113,0.02400000000000002,True
5.641619,3,46.335858,0.966588019999492,0.02400000000000002,True
5.594099,5,46.349722,0.9612858559586739,0.040000000000000036,True
5.529815,4,46.35931,0.9581145386981604,0.03200000000000003,True
5.682755,5,46.371368,0.9596504037648157,0.040000000000000036,True
5.537737,3,46.378872,0.9617396503951434,0.02400000000000002,True
5.856768,4,46.387488,0.963402523120189,0.03200000000000003,True
5.476805,5,46.398009,0.9603376227335777,0.040000000000000036,True
5.773871,4,46.407151,0.958761611220907,0.03200000000000003,True
5.454447,4,46.416008,0.9650402815969077,0.03200000000000003,True
5.838476,4,46.425122,0.9592077311077287,0.03200000000000003,True
5.545363,5,46.436691,0.9621762425524404,0.040000000000000036,True
5.679474,3,46.443528,0.9587515578625444,0.02400000000000002,True
5.629733,4,46.452801,0.9576221586077918,0.03200000000000003,True
6.035408,3,46.460868,0.9604880704703526,0.02400000000000002,True
5.512692,4,46.469491,0.9618548248209872,0.03200000000000003,True
5.554104,5,46.481271,0.9603947033861953,0.040000000000000036,True
5.486586,3,46.48908,0.9579247198773335,0.02400000000000002,True
5.551088,4,46.498373,0.9571717692222574,0.03200000000000003,True
5.679309,4,46.507057,0.9686443721410803,0.03200000000000003,True
5.501221,4,46.517263,0.963245404737739,0.03200000000000003,True
5.645746,3,46.523448,0.9602626878924784,0.02400000000000002,True
5.847491,4,46.532777,0.960131112559454,0.03200000000000003,True
5.828884,5,46.545359,0.9598483915598001,0.040000000000000036,True
5.969491,4,46.554649,0.9617668248310438,0.03200000000000003,True
6.06104,4,47.087013,0.9564728333360442,0.03200000000000003,True
5.601005,4,47.096909,0.9639188341871476,0.03200000000000003,True
5.734266,4,47.10608,0.9614908453973514,0.03200000000000003,True
5.656295,4,47.116676,0.9589430736495708,0.03200000000000003,True
6.047042,4,47.125933,0.9638778810450905,0.03200000000000003,True
5.662345,4,47.135644,0.9604048986403992,0.03200000000000003,True
5.511091,4,47.145094,0.9608660818023604,0.03200000000000003,True
5.441063,5,47.156064,0.96582185223085,0.040000000000000036,True
5.458842,3,47.162853,0.9574725464989008,0.02400000000000002,True
5.795061,4,47.177109,0.9602259280142342,0.03200000000000003,True
5.399619,4,47.191285,0.9609089113272402,0.03200000000000003,True
5.501033,3,47.201342,0.9651022273708255,0.02400000000000002,True
5.554053,4,47.213288,0.9589770599440421,0.03200000000000003,True
5.482111,3,47.220276,0.9626887743676912,0.02400000000000002,True
5.886168,4,47.228944,0.9557604785603717,0.03200000000000003,True
5.566759,4,47.238348,0.9618502886054944,0.03200000000000003,True
5.697682,4,47.248706,0.9590474188413989,0.03200000000000003,True
5.913442,5,47.259923,0.9596067652902323,0.040000000000000036,True
5.689887,4,47.269867,0.9616356951436487,0.03200000000000003,True
5.93223,4,47.279067,0.9598143502233942,0.03200000000000003,True
5.548424,4,47.288312,0.9604045991419121,0.03200000000000003,True
5.667554,5,47.298386,0.9587830116453103,0.040000000000000036,True
5.818369,4,47.3078,0.9603266678444751,0.03200000000000003,True
5.792754,4,47.317121,0.9590164949077445,0.03200000000000003,True
5.91776,5,47.327987,0.9606453134613552,0.040000000000000036,True
5.537281,3,47.333978,0.9640775918641048,0.02400000000000002,True
5.591187,3,47.341377,0.9663418703066176,0.02400000000000002,True
5.824034,5,47.355002,0.9613987671663384,0.040000000000000036,True
6.018807,5,47.365635,0.9634158420261099,0.040000000000000036,True
5.947757,3,47.372348,0.9627009571167263,0.02400000000000002,True
5.522429,3,47.378708,0.9597997124874509,0.02400000000000002,True
5.557814,4,47.387651,0.9569454026566504,0.03200000000000003,True
5.586005,4,47.397175,0.9608170722213308,0.03200000000000003,True
5.407168,4,47.405956,0.9621598794759314,0.03200000000000003,True
5.516404,3,47.411978,0.9584292489076223,0.02400000000000002,True
5.825525,5,47.424908,0.9579054103758454,0.040000000000000036,True
5.517728,4,47.435048,0.9613080128774694,0.03200000000000003,True
5.678537,4,47.444225,0.9630098208507141,0.03200000000000003,True
5.602716,3,47.45178,0.9599241178820876,0.02400000000000002,True
5.624461,4,47.460976,0.9617967894458428,0.03200000000000003,True
5.789287,3,47.467911,0.9600157918153143,0.02400000000000002,True
5.501614,3,47.475342,0.9596872554764797,0.02400000000000002,True
5.806417,4,47.484255,0.9635769235532338,0.03200000000000003,True
5.851176,4,47.493928,0.9627483133739885,0.03200000000000003,True
5.811597,3,47.501794,0.963595446597792,0.02400000000000002,True
5.783907,3,47.509431,0.9591392857379337,0.02400000000000002,True
5.99638,4,47.520416,0.9623180608510387,0.03200000000000003,True
5.77899,5,47.5326,0.960913971083311,0.040000000000000036,True
5.649969,4,47.541773,0.9567150341037359,0.03200000000000003,True
5.678561,4,47.553251,0.9602640153994861,0.03200000000000003,True
5.532815,5,47.564361,0.9664604389634988,0.040000000000000036,True
5.567139,3,47.57105,0.9592482821575573,0.02400000000000002,True
5.546292,3,47.578382,0.9598391647239923,0.02400000000000002,True
5.91171,3,47.586055,0.9585302011175514,0.02400000000000002,True
5.364566,4,47.59685,0.9604566140401065,0.03200000000000003,True
5.813723,4,47.60773,0.9615125603485539,0.03200000000000003,True
5.545078,4,47.617381,0.9572336150630252,0.03200000000000003,True
5.753408,3,47.624949,0.9609612514681694,0.02400000000000002,True
5.661608,3,47.632014,0.9572599445646445,0.02400000000000002,True
5.671552,5,47.643429,0.9639166654588505,0.040000000000000036,True
5.494742,3,47.652928,0.9631561503503459,0.02400000000000002,True
5.533486,3,47.662464,0.9574492422096548,0.02400000000000002,True
5.545997,3,47.669793,0.9631791124959335,0.02400000000000002,True
5.60035,4,47.679401,0.9653796447107149,0.03200000000000003,True
5.51149,4,47.688079,0.9638121259299532,0.03200000000000003,True
5.450489,4,47.697754,0.9602192877662241,0.03200000000000003,True
5.893777,5,47.709694,0.9581837321227739,0.040000000000000036,True
5.844357,4,48.278548,0.9631187235523013,0.03200000000000003,True
5.560824,4,48.289206,0.9580872843878834,0.03200000000000003,True
5.830733,4,48.299449,0.9619822961929295,0.03200000000000003,True
5.47301,4,48.309251,0.9607879625416653,0.03200000000000003,True
5.493653,4,48.318592,0.9640380390441547,0.03200000000000003,True
5.627452,5,48.330244,0.9586068571239541,0.040000000000000036,True
5.727226,4,48.341436,0.9603153272042407,0.03200000000000003,True
5.700182,2,48.346182,0.9604359329191631,0.016000000000000014,True
5.64089,4,48.358151,0.9615371241276283,0.03200000000000003,True
5.572099,4,48.368086,0.9611698001887676,0.03200000000000003,True
5.748088,3,48.375075,0.9614618378648991,0.02400000000000002,True
5.814656,4,48.385613,0.9617690309171307,0.03200000000000003,True
5.695093,3,48.488781,0.9614161483749459,0.02400000000000002,True
5.848777,5,48.499887,0.9653774025528391,0.040000000000000036,True
5.91697,3,48.506898,0.963103193061015,0.02400000000000002,True
5.798119,3,48.513633,0.9624305248036619,0.02400000000000002,True
5.632553,4,48.52188,0.9578517445022734,0.03200000000000003,True
5.543063,3,48.529064,0.9602677509671692,0.02400000000000002,True
5.797063,4,48.538895,0.9647843756527386,0.03200000000000003,True
5.718245,4,48.548694,0.9596203971940944,0.03200000000000003,True
5.764566,4,48.557839,0.9667345909708436,0.03200000000000003,True
5.516222,4,48.566169,0.9571172802608989,0.03200000000000003,True
5.548956,5,48.577746,0.9595075058316784,0.040000000000000036,True
5.724956,3,48.584328,0.9619841079915239,0.02400000000000002,True
5.867018,5,48.596449,0.9620103486008795,0.040000000000000036,True
5.818094,4,48.604854,0.9561988248068994,0.03200000000000003,True
5.554097,3,48.611839,0.9604552379912451,0.02400000000000002,True
5.747688,3,48.619693,0.9582650740506348,0.02400000000000002,True
5.671732,4,48.629076,0.9613477517806185,0.03200000000000003,True
5.718323,6,48.642892,0.9610467280508124,0.04800000000000004,True
5.460986,4,48.652112,0.9601825542965987,0.03200000000000003,True
5.636464,5,48.663739,0.9643299195594988,0.040000000000000036,True
5.617957,4,48.672808,0.9569840313031387,0.03200000000000003,True
5.643324,2,48.678263,0.9603658856701761,0.016000000000000014,True
5.74105,4,48.688021,0.9606090917663123,0.03200000000000003,True
5.38087,3,48.693943,0.9594326156919385,0.02400000000000002,True
5.544865,4,48.703249,0.9631415453201863,0.03200000000000003,True
5.700589,4,48.713167,0.958366555360475,0.03200000000000003,True
5.646595,3,48.721,0.9621530223150232,0.02400000000000002,True
5.572124,4,48.731044,0.9631837981778302,0.03200000000000003,True
5.70792,4,48.745279,0.9594976110531079,0.03200000000000003,True
5.839582,4,48.754224,0.9619196719724727,0.03200000000000003,True
5.891874,4,48.762985,0.9643119027420084,0.03200000000000003,True
5.594749,4,48.771958,0.9625890109891942,0.03200000000000003,True
5.466495,4,48.781149,0.958976882638926,0.03200000000000003,True
5.505528,3,48.789101,0.9610841134413786,0.02400000000000002,True
5.525584,4,48.799268,0.9732522229024603,0.03200000000000003,True
5.657469,4,48.808647,0.9606946817104067,0.03200000000000003,True
5.508072,4,48.818625,0.9651605094606795,0.03200000000000003,True
5.463948,4,48.828109,0.9633382383611139,0.03200000000000003,True
5.565611,4,48.83733,0.9608550966877025,0.03200000000000003,True
5.84666,4,48.846486,0.9573008339630096,0.03200000000000003,True
5.839,4,48.855685,0.9588451389082179,0.03200000000000003,True
5.55012,4,48.864203,0.9593543797741837,0.03200000000000003,True
5.729599,4,48.873507,0.96064529116627,0.03200000000000003,True
5.503223,5,48.884262,0.959979415809308,0.040000000000000036,True
5.573317,4,48.893101,0.9658383242795712,0.03200000000000003,True
5.685368,5,48.904334,0.9608052263056805,0.040000000000000036,True
5.719563,3,48.911923,0.9597379136235921,0.02400000000000002,True
5.382145,4,48.920954,0.9592870895796479,0.03200000000000003,True
5.682977,4,48.931305,0.9575771227369987,0.03200000000000003,True
5.756759,4,48.944612,0.9657907332859763,0.03200000000000003,True
5.634024,4,48.954159,0.9676028642117742,0.03200000000000003,True
5.725596,4,48.963741,0.9612262858764108,0.03200000000000003,True
5.494251,4,48.973047,0.956841899723543,0.03200000000000003,True
5.770916,4,49.538457,0.9635921003105626,0.03200000000000003,True
5.643244,4,49.549071,0.9571112778585154,0.03200000000000003,True
5.471411,3,49.555112,0.9608776241873324,0.02400000000000002,True
5.739609,4,49.563685,0.9609995741662114,0.03200000000000003,True
5.607187,3,49.571355,0.9603300102056855,0.02400000000000002,True
5.859821,5,49.582139,0.9583952736678629,0.040000000000000036,True
5.761517,4,49.591643,0.9609048742476848,0.03200000000000003,True
5.637643,3,49.599017,0.963263970290646,0.02400000000000002,True
5.810744,5,49.611393,0.9647904652805123,0.040000000000000036,True
5.526874,3,49.618728,0.963611376073866,0.02400000000000002,True
5.487201,3,49.625296,0.9579617185169387,0.02400000000000002,True
5.816397,4,49.634285,0.9639398222549616,0.03200000000000003,True
5.538447,5,49.647406,0.957469012186165,0.040000000000000036,True
5.747786,4,49.657089,0.9574286762376749,0.03200000000000003,True
5.656493,5,49.668317,0.9615500009238853,0.040000000000000036,True
5.517594,3,49.676223,0.9627228764185565,0.02400000000000002,True
5.468099,4,49.684838,0.9630175659463652,0.03200000000000003,True
5.786902,4,49.693941,0.9633699215995151,0.03200000000000003,True
5.778704,4,49.703595,0.960420252666001,0.03200000000000003,True
5.696727,3,49.711251,0.9603335911065685,0.02400000000000002,True
5.8251,4,49.720599,0.9575179038137401,0.03200000000000003,True
5.849294,4,49.729714,0.9617967406945191,0.03200000000000003,True
5.934623,3,49.736759,0.9609404366270838,0.02400000000000002,True
5.738768,3,49.744082,0.9594794352487204,0.02400000000000002,True
5.429724,3,49.75128,0.9628325475607584,0.02400000000000002,True
5.498945,4,49.760132,0.9644047170675304,0.03200000000000003,True
5.716851,4,49.768224,0.9611136237192373,0.03200000000000003,True
5.530002,5,49.77971,0.9570894582699658,0.040000000000000036,True
5.659889,4,49.787864,0.9584073833444807,0.03200000000000003,True
5.747802,4,49.796998,0.9594857465117994,0.03200000000000003,True
5.753757,4,49.805942,0.9618191979656804,0.03200000000000003,True
5.490088,3,49.81327,0.9608099517923417,0.02400000000000002,True
5.488956,3,49.819956,0.9594792451189603,0.02400000000000002,True
5.715521,3,49.826673,0.9600234400077374,0.02400000000000002,True
5.827961,5,49.838232,0.9597913334948106,0.040000000000000036,True
6.036173,5,49.849138,0.9593348617739641,0.040000000000000036,True
5.570157,5,49.85933,0.9638868089708347,0.040000000000000036,True
5.457526,5,49.871351,0.9591732205577008,0.040000000000000036,True
5.765098,3,49.878391,0.9562897100458968,0.02400000000000002,True
5.661626,4,49.886758,0.9577325613598251,0.03200000000000003,True
5.716902,5,49.898209,0.9600482027890365,0.040000000000000036,True
5.753722,4,49.907113,0.9587079941738194,0.03200000000000003,True
5.388776,4,49.916788,0.9587919354915956,0.03200000000000003,True
5.662824,3,49.924059,0.9644871870611763,0.02400000000000002,True
5.667953,3,49.931337,0.9655374543693808,0.02400000000000002,True
5.603245,5,49.9423,0.9597427323643067,0.040000000000000036,True
5.850614,4,49.951177,0.9578370591916037,0.03200000000000003,True
5.814232,4,49.960046,0.9667366757092422,0.03200000000000003,True
5.527832,3,49.967165,0.9598912601885358,0.02400000000000002,True
5.527782,3,49.974061,0.9610660344490878,0.02400000000000002,True
5.745134,4,49.983088,0.9590931424768336,0.03200000000000003,True
5.428869,4,49.990623,0.9632863134683112,0.03200000000000003,True
5.705387,4,50.000789,0.9718836071191965,0.03200000000000003,True
5.840305,5,50.012128,0.963316879230088,0.040000000000000036,True
5.984683,4,50.020918,0.9618868152004996,0.03200000000000003,True
5.876278,3,50.027505,0.9587621825576406,0.02400000000000002,True
5.570298,4,50.036839,0.9563680674352386,0.03200000000000003,True
5.986911,5,50.047614,0.9681209565102685,0.040000000000000036,True
5.701159,4,50.055937,0.9626394114828848,0.03200000000000003,True
5.489853,3,50.062826,0.9591780223737769,0.02400000000000002,True
5.491066,5,50.074583,0.9658562180026208,0.040000000000000036,True
5.883655,4,50.083242,0.9617515981613308,0.03200000000000003,True
5.784791,3,50.089371,0.9622606382542781,0.02400000000000002,True
5.664441,4,50.098431,0.9633019703920744,0.03200000000000003,True
5.997518,4,50.110089,0.9609461865268589,0.03200000000000003,True
5.787779,4,50.120073,0.9613963890490173,0.03200000000000003,True
5.474677,3,50.817458,0.959943808385047,0.02400000000000002,True
5.759815,3,50.825583,0.9643314269698187,0.02400000000000002,True
5.713033,3,50.836579,0.9600526671843517,0.02400000000000002,True
5.668091,4,50.85061,0.9635446902680479,0.03200000000000003,True
5.76295,4,50.864178,0.960839302318678,0.03200000000000003,True
5.431414,3,50.874921,0.9600351143014715,0.02400000000000002,True
5.381497,3,50.884492,0.9631885651194568,0.02400000000000002,True
5.703463,4,50.896239,0.969783956179992,0.03200000000000003,True
5.605212,4,50.907752,0.959190192020216,0.03200000000000003,True
5.750862,4,50.919241,0.9591809226407394,0.03200000000000003,True
5.763236,4,50.930163,0.9592202144498643,0.03200000000000003,True
5.903645,3,50.940217,0.9599793176813529,0.02400000000000002,True
5.620865,4,50.952178,0.9565195210229483,0.03200000000000003,True
5.606383,3,50.960244,0.959850457193894,0.02400000000000002,True
5.802902,3,50.969417,0.9633290599064392,0.02400000000000002,True
5.966608,3,50.978658,0.9583955129982267,0.02400000000000002,True
5.570883,4,50.989386,0.9661343840373698,0.03200000000000003,True
5.568352,5,51.004044,0.9619610171935216,0.040000000000000036,True
5.807965,5,51.018742,0.959320494736623,0.040000000000000036,True
5.817364,4,51.029711,0.9578361704932532,0.03200000000000003,True
5.849499,4,51.041852,0.9594874460202085,0.03200000000000003,True
5.707846,3,51.049829,0.9615780733505029,0.02400000000000002,True
5.640466,3,51.059199,0.9620347024041096,0.02400000000000002,True
5.855569,5,51.072306,0.9574565658771229,0.040000000000000036,True
5.516942,3,51.081649,0.9579613240610062,0.02400000000000002,True
5.555541,5,51.096709,0.966013956422932,0.040000000000000036,True
5.811326,4,51.108952,0.9582369466985067,0.03200000000000003,True
5.631139,4,51.123291,0.9638012710841662,0.03200000000000003,True
5.432096,4,51.13623,0.9612131191679258,0.03200000000000003,True
5.910519,5,51.150713,0.9611538916666985,0.040000000000000036,True
5.744132,4,51.162885,0.962752404399027,0.03200000000000003,True
5.679141,3,51.171344,0.9623830703778414,0.02400000000000002,True
5.536013,4,51.18296,0.9614006076479076,0.03200000000000003,True
5.522873,3,51.192384,0.9589155468282925,0.02400000000000002,True
5.821818,4,51.203753,0.9615061003600569,0.03200000000000003,True
5.640517,3,51.212001,0.9652776322902271,0.02400000000000002,True
5.552753,3,51.220934,0.9669049753024879,0.02400000000000002,True
5.533433,4,51.232159,0.9599258579045975,0.03200000000000003,True
5.427482,3,51.240465,0.9594291964908372,0.02400000000000002,True
5.867916,4,51.25236,0.9598894524842663,0.03200000000000003,True
5.910463,4,51.263521,0.963292841636107,0.03200000000000003,True
5.614665,5,51.276993,0.9627756302046234,0.040000000000000036,True
5.518812,4,51.289293,0.961519170615988,0.03200000000000003,True
5.590304,4,51.300734,0.9620666164550882,0.03200000000000003,True
5.546933,3,51.30911,0.9586618983503439,0.02400000000000002,True
5.505813,4,51.320599,0.9637273305935694,0.03200000000000003,True
5.63505,5,51.335423,0.9614643727320074,0.040000000000000036,True
5.84002,4,51.347614,0.9572914477895227,0.03200000000000003,True
5.694188,3,51.356445,0.9610915570841322,0.02400000000000002,True
5.644557,4,51.368989,0.9608827868576828,0.03200000000000003,True
5.87809,4,51.38139,0.9590065969874095,0.03200000000000003,True
5.801004,4,51.394235,0.9594609235393162,0.03200000000000003,True
5.625954,4,51.40612,0.9623595619322388,0.03200000000000003,True
5.596505,3,51.415873,0.963937877278774,0.02400000000000002,True
5.595678,4,51.429987,0.9600054083104458,0.03200000000000003,True
5.743029,4,51.442797,0.9562550043127009,0.03200000000000003,True
5.829653,5,51.458143,0.9576677891828884,0.040000000000000036,True
5.560779,5,51.474774,0.9596160704916398,0.040000000000000036,True
5.650056,4,51.489893,0.962559082386234,0.03200000000000003,True
5.414032,4,51.503935,0.9598087436487147,0.03200000000000003,True
5.46327,3,51.514051,0.9653485812532722,0.02400000000000002,True
5.803064,4,51.528965,0.9586977653781296,0.03200000000000003,True
5.458228,3,51.538827,0.9614720055275291,0.02400000000000002,True
5.664395,4,51.552231,0.9640645668700992,0.03200000000000003,True
5.646494,3,51.562413,0.9639304301791276,0.02400000000000002,True
5.697185,3,51.573021,0.9633481209157986,0.02400000000000002,True
5.729103,4,51.585474,0.9653682488682896,0.03200000000000003,True
5.538855,5,51.601099,0.9586674378233523,0.040000000000000036,True
5.552188,4,52.322781,0.9594950918526441,0.03200000000000003,True
5.479969,3,52.331723,0.9679029750403927,0.02400000000000002,True
5.456056,3,52.34104,0.9626779705302262,0.02400000000000002,True
5.587058,5,52.355644,0.961333656338274,0.040000000000000036,True
5.62865,4,52.366939,0.9610495605206355,0.03200000000000003,True
5.38783,3,52.3759,0.961401470561324,0.02400000000000002,True
5.62091,5,52.391257,0.9596710366484185,0.040000000000000036,True
5.840633,4,52.403127,0.9589657275418388,0.03200000000000003,True
5.427977,3,52.410944,0.9625354813782012,0.02400000000000002,True
5.955937,4,52.423063,0.9618511717734266,0.03200000000000003,True
5.569615,5,52.437495,0.9618312189342244,0.040000000000000036,True
5.588677,5,52.451629,0.9604240595691068,0.040000000000000036,True
5.898772,5,52.466074,0.971329694742092,0.040000000000000036,True
5.512806,5,52.480789,0.958575327122547,0.040000000000000036,True
5.566566,3,52.489072,0.9613797728412312,0.02400000000000002,True
5.735628,4,52.499894,0.9587576816757873,0.03200000000000003,True
5.555557,2,52.50696,0.9612061354690673,0.016000000000000014,True
5.602726,2,52.51164,0.9615731314361988,0.016000000000000014,True
5.662014,3,52.52127,0.9642028169098618,0.02400000000000002,True
5.810804,3,52.534705,0.9591237053730396,0.02400000000000002,True
5.640128,4,52.54907,0.9594655132503278,0.03200000000000003,True
5.503609,4,52.564934,0.9592618067735472,0.03200000000000003,True
5.951116,4,52.578256,0.9598443449407776,0.03200000000000003,True
5.490334,4,52.59041,0.9608742483196367,0.03200000000000003,True
5.664035,4,52.603252,0.9656955704711222,0.03200000000000003,True
5.491472,4,52.616237,0.9583971406771269,0.03200000000000003,True
5.754428,5,52.63165,0.9631264172423218,0.040000000000000036,True
5.662594,5,52.64704,0.959428259676465,0.040000000000000036,True
5.812048,5,52.664104,0.9616755823403285,0.040000000000000036,True
5.503749,3,52.674656,0.9633781868250334,0.02400000000000002,True
5.585765,5,52.689508,0.95686663786554,0.040000000000000036,True
5.829184,4,52.701705,0.966197031067241,0.03200000000000003,True
5.62422,2,52.7074,0.9582893553988217,0.016000000000000014,True
5.679798,4,52.719275,0.963341308181968,0.03200000000000003,True
5.490666,4,52.730831,0.957048867961662,0.03200000000000003,True
5.717162,4,52.742673,0.9590439413250211,0.03200000000000003,True
5.428941,5,52.758762,0.9621343864786053,0.040000000000000036,True
5.814525,5,52.773398,0.9651224798082226,0.040000000000000036,True
5.570933,5,52.788707,0.958558695393648,0.040000000000000036,True
5.939959,5,52.804628,0.9610657256784156,0.040000000000000036,True
5.54474,4,52.816825,0.9614484988629757,0.03200000000000003,True
5.538575,4,52.830441,0.9616565067524336,0.03200000000000003,True
5.600908,4,52.840911,0.9617780202031927,0.03200000000000003,True
5.747371,6,52.858075,0.9611683721351552,0.04800000000000004,True
5.825987,4,52.869656,0.9609925045034489,0.03200000000000003,True
5.739262,3,52.877464,0.9633640241966374,0.02400000000000002,True
5.736354,4,52.889006,0.9623221836210379,0.03200000000000003,True
6.05987,5,52.902805,0.9684567441607411,0.040000000000000036,True
5.797442,5,52.916852,0.9632930020474402,0.040000000000000036,True
5.586707,3,52.925703,0.967899868210242,0.02400000000000002,True
5.443269,2,52.931371,0.9656380984838702,0.016000000000000014,True
5.852093,5,52.945991,0.9718916088147818,0.040000000000000036,True
5.563638,3,52.954936,0.9597081693079905,0.02400000000000002,True
5.746555,5,52.969728,0.9602981677417834,0.040000000000000036,True
5.822641,4,52.981412,0.9610456283909727,0.03200000000000003,True
5.592681,4,52.992819,0.9604637689651914,0.03200000000000003,True
6.00574,5,53.006846,0.9577813423813947,0.040000000000000036,True
5.633186,5,53.021685,0.9616757909719916,0.040000000000000036,True
5.552827,3,53.030073,0.9650801798440727,0.02400000000000002,True
5.751392,4,53.041914,0.9563802225824071,0.03200000000000003,True
5.727616,3,53.052636,0.9612862847015969,0.02400000000000002,True
5.84428,5,53.066297,0.9622044196958196,0.040000000000000036,True
5.738838,4,53.079184,0.9634161014329499,0.03200000000000003,True
5.927114,3,53.800857,0.957120289408762,0.02400000000000002,True
5.601633,3,53.81068,0.962604670453248,0.02400000000000002,True
5.491204,3,53.819913,0.9600507265841223,0.02400000000000002,True
5.825637,5,53.834109,0.9616774041889938,0.040000000000000036,True
6.09696,4,53.845872,0.959262021695665,0.03200000000000003,True
5.465755,3,53.855088,0.9652348171947661,0.02400000000000002,True
5.658164,4,53.866351,0.9634130705080581,0.03200000000000003,True
5.704655,4,53.877724,0.9625912301914346,0.03200000000000003,True
5.743347,5,53.891543,0.9646878580267783,0.040000000000000036,True
5.474308,3,53.903224,0.9600211026901126,0.02400000000000002,True
5.731486,4,53.914194,0.96362545200153,0.03200000000000003,True
5.854416,4,53.925902,0.9607042771207972,0.03200000000000003,True
5.857185,5,53.939449,0.9599060747610667,0.040000000000000036,True
5.939261,3,53.948098,0.9602841315040129,0.02400000000000002,True
5.519923,4,53.959397,0.9591689433986859,0.03200000000000003,True
5.332265,3,53.968357,0.9629345733087722,0.02400000000000002,True
5.949752,3,53.978002,0.9594152916541095,0.02400000000000002,True
5.717385,3,53.985225,0.9628820440645823,0.02400000000000002,True
5.836371,5,54.000239,0.9593708374690553,0.040000000000000036,True
5.804208,3,54.008159,0.9605923605574539,0.02400000000000002,True
5.521688,4,54.019644,0.9595222060624382,0.03200000000000003,True
6.05673,5,54.034687,0.9615726706296601,0.040000000000000036,True
5.724393,4,54.045946,0.9656495095376291,0.03200000000000003,True
5.847556,5,54.059444,0.9608957060953252,0.040000000000000036,True
5.829265,4,54.070612,0.9683048845383804,0.03200000000000003,True
5.940657,4,54.081989,0.962798209707539,0.03200000000000003,True
5.676675,4,54.09295,0.9573506102390886,0.03200000000000003,True
5.966222,3,54.103197,0.9596377057401866,0.02400000000000002,True
5.826599,5,54.120441,0.9600468255052157,0.040000000000000036,True
5.617264,3,54.130693,0.9576310314808054,0.02400000000000002,True
5.791607,3,54.141769,0.9586533083839441,0.02400000000000002,True
5.636097,4,54.155267,0.9613935981807016,0.03200000000000003,True
5.518321,3,54.165478,0.9598043526968754,0.02400000000000002,True
5.569456,5,54.181797,0.9594379468213298,0.040000000000000036,True
5.78899,5,54.199694,0.9607531019669395,0.040000000000000036,True
5.602784,3,54.20902,0.9636565460733524,0.02400000000000002,True
5.744659,4,54.22168,0.9616668638558092,0.03200000000000003,True
5.828982,4,54.234549,0.9580647558439108,0.03200000000000003,True
5.715138,4,54.248829,0.960714234045584,0.03200000000000003,True
5.66733,4,54.261376,0.9623546461966485,0.03200000000000003,True
5.621621,4,54.273932,0.9658942753512314,0.03200000000000003,True
5.787228,4,54.289505,0.9575223338663201,0.03200000000000003,True
5.549458,4,54.302156,0.9605897173324329,0.03200000000000003,True
5.82926,4,54.315922,0.956831130217261,0.03200000000000003,True
5.485072,4,54.329984,0.960897123661165,0.03200000000000003,True
5.912285,4,54.344244,0.9634754239649288,0.03200000000000003,True
5.520874,4,54.35774,0.9627490963634487,0.03200000000000003,True
5.453781,4,54.370172,0.9588312175020028,0.03200000000000003,True
5.874016,5,54.386703,0.9596982654435915,0.040000000000000036,True
5.846705,4,54.398949,0.9659130703082026,0.03200000000000003,True
5.752543,3,54.410465,0.9608767101285135,0.02400000000000002,True
5.492997,3,54.420366,0.9613556950158222,0.02400000000000002,True
5.890351,4,54.432995,0.9592678095768252,0.03200000000000003,True
5.813012,4,54.44587,0.9658829934131965,0.03200000000000003,True
5.680826,4,54.459482,0.9625611247483516,0.03200000000000003,True
5.555723,5,54.473502,0.9574785858677609,0.040000000000000036,True
5.926623,5,54.489175,0.9668884378852034,0.040000000000000036,True
5.890991,4,54.501287,0.9594665747360787,0.03200000000000003,True
5.814705,4,54.513695,0.9575493138661169,0.03200000000000003,True
5.900831,4,54.526998,0.9603612048953563,0.03200000000000003,True
5.444083,3,54.536101,0.9651605155253546,0.02400000000000002,True
5.667321,4,54.549425,0.9633182665167106,0.03200000000000003,True
5.712534,4,54.562775,0.9625909037338234,0.03200000000000003,True
5.710422,5,54.580002,0.9593655156609958,0.040000000000000036,True
5.449099,4,54.593689,0.960288283862999,0.03200000000000003,True
5.620616,4,55.249312,0.9607321608786261,0.03200000000000003,True
5.58,4,55.260476,0.9604533581787313,0.03200000000000003,True
5.542432,3,55.268691,0.9615749025626906,0.02400000000000002,True
5.848717,5,55.284975,0.9634658867213379,0.040000000000000036,True
5.603609,3,55.292857,0.9619402059039494,0.02400000000000002,True
5.512381,4,55.377478,0.9591858514181091,0.03200000000000003,True
5.730218,3,55.384575,0.9573870083187346,0.02400000000000002,True
5.601844,5,55.395106,0.9604202626840102,0.040000000000000036,True
5.453036,3,55.40206,0.9679123395477616,0.02400000000000002,True
5.634474,4,55.411758,0.9602707085001803,0.03200000000000003,True
5.645258,4,55.421319,0.9597909207070805,0.03200000000000003,True
5.726761,4,55.430665,0.9629504234972708,0.03200000000000003,True
5.673289,3,55.438582,0.9651820646212366,0.02400000000000002,True
6.092236,4,55.447467,0.9591149541734229,0.03200000000000003,True
5.499914,3,55.455146,0.9601592559025656,0.02400000000000002,True
5.636387,3,55.462089,0.9637683152732365,0.02400000000000002,True
5.665351,4,55.471035,0.9590825593548193,0.03200000000000003,True
5.860771,5,55.482365,0.9625906901862076,0.040000000000000036,True
5.872671,4,55.491086,0.9631971596749314,0.03200000000000003,True
5.760376,5,55.502249,0.9622347356127243,0.040000000000000036,True
5.652375,4,55.511252,0.962585117319394,0.03200000000000003,True
5.855009,5,55.521613,0.9636098316916015,0.040000000000000036,True
5.736368,5,55.532237,0.9615980257193251,0.040000000000000036,True
5.691596,3,55.540245,0.9624320613212896,0.02400000000000002,True
5.519735,4,55.549232,0.9595015599699692,0.03200000000000003,True
5.803513,4,55.5581,0.9599356774007475,0.03200000000000003,True
5.62619,3,55.564451,0.9575011155874593,0.02400000000000002,True
5.723536,4,55.572736,0.9589627125503969,0.03200000000000003,True
5.859832,4,55.582003,0.9603772624809941,0.03200000000000003,True
5.42896,4,55.591288,0.9595585039288071,0.03200000000000003,True
5.717527,3,55.59851,0.9615039882693922,0.02400000000000002,True
5.642254,5,55.609657,0.9574975375772192,0.040000000000000036,True
5.79034,4,55.619523,0.9573782161595463,0.03200000000000003,True
5.698616,3,55.626992,0.9571734996895034,0.02400000000000002,True
5.786134,5,55.638308,0.9596127202793502,0.040000000000000036,True
5.446053,3,55.645216,0.9695124234086713,0.02400000000000002,True
5.919536,3,55.655318,0.962591055299627,0.02400000000000002,True
5.379846,3,55.666881,0.962802567059369,0.02400000000000002,True
5.552998,4,55.676432,0.965135375984173,0.03200000000000003,True
5.541439,5,55.686793,0.9592487846438061,0.040000000000000036,True
5.82311,4,55.695418,0.9627217037207687,0.03200000000000003,True
5.515154,5,55.706489,0.9594536209711644,0.040000000000000036,True
5.413096,3,55.713642,0.9641884051750405,0.02400000000000002,True
5.575357,5,55.725385,0.9626905546196306,0.040000000000000036,True
5.740051,5,55.736265,0.9674441776699337,0.040000000000000036,True
5.68757,4,55.74751,0.9596012236350413,0.03200000000000003,True
5.822295,4,55.75914,0.9607490030387469,0.03200000000000003,True
5.705814,3,55.767884,0.9608564584940429,0.02400000000000002,True
5.7282,4,55.781726,0.9605244920412098,0.03200000000000003,True
5.832614,5,55.798055,0.9627705016881054,0.040000000000000036,True
5.572444,3,55.804874,0.9578089309525918,0.02400000000000002,True
5.806112,4,55.813961,0.9612560957071971,0.03200000000000003,True
5.707739,5,55.827179,0.9639953626108184,0.040000000000000036,True
5.787816,4,55.836477,0.958968721888324,0.03200000000000003,True
5.590122,5,55.847744,0.9586269313591426,0.040000000000000036,True
5.506276,3,55.854969,0.9659886261211911,0.02400000000000002,True
5.548534,4,55.864142,0.962167075871925,0.03200000000000003,True
5.687577,3,55.870896,0.9620408874879135,0.02400000000000002,True
5.672316,5,55.88244,0.9610320040788284,0.040000000000000036,True
5.584315,3,55.888454,0.9662500036486059,0.02400000000000002,True
5.576152,4,55.897955,0.9612090022253518,0.03200000000000003,True
5.576926,4,55.906737,0.9611462721275201,0.03200000000000003,True
5.762564,5,55.918393,0.9614334044718414,0.040000000000000036,True
5.516563,4,55.928824,0.9617692270991913,0.03200000000000003,True
5.819391,5,55.940291,0.9632960398013999,0.040000000000000036,True
5.494956,3,56.45707,0.9644521405677411,0.02400000000000002,True
5.848634,4,56.467774,0.9575055724439054,0.03200000000000003,True
5.548846,3,56.473289,0.9633472137933875,0.02400000000000002,True
5.803619,4,56.482612,0.9579687116361653,0.03200000000000003,True
5.53906,3,56.4905,0.957802851333577,0.02400000000000002,True
5.58421,4,56.499881,0.9636575808837935,0.03200000000000003,True
5.755019,3,56.507824,0.9588267341426422,0.02400000000000002,True
5.604889,5,56.518876,0.9666511578483247,0.040000000000000036,True
5.532511,4,56.528598,0.9606801232417064,0.03200000000000003,True
5.613108,4,56.538209,0.9606711472806304,0.03200000000000003,True
5.625105,5,56.550303,0.9572227639987247,0.040000000000000036,True
6.134964,4,56.559613,0.9576800609362937,0.03200000000000003,True
5.784378,3,56.56647,0.9584852532780308,0.02400000000000002,True
5.746345,4,56.575281,0.961798102967778,0.03200000000000003,True
5.619417,4,56.584482,0.961099617067105,0.03200000000000003,True
5.564371,4,56.593954,0.9611915086997429,0.03200000000000003,True
5.838776,5,56.607,0.961059009883201,0.040000000000000036,True
5.675803,3,56.614005,0.9634320564901568,0.02400000000000002,True
5.69416,4,56.624204,0.9622400364022237,0.03200000000000003,True
5.657511,3,56.630594,0.9670213006001798,0.02400000000000002,True
5.80221,5,56.64162,0.959311541348632,0.040000000000000036,True
5.639114,3,56.64994,0.9583566979024574,0.02400000000000002,True
5.689763,3,56.657673,0.958071186782959,0.02400000000000002,True
5.620855,4,56.666282,0.9615433736038523,0.03200000000000003,True
5.807941,4,56.675908,0.963170376556812,0.03200000000000003,True
5.397476,3,56.682892,0.9617547089213022,0.02400000000000002,True
5.462486,2,56.688414,0.9623652862161223,0.016000000000000014,True
5.529391,4,56.6969,0.9592745161162184,0.03200000000000003,True
5.698658,5,56.707936,0.9631664420497892,0.040000000000000036,True
5.629126,4,56.716974,0.9606038815524762,0.03200000000000003,True
5.760194,3,56.723456,0.9620066131068508,0.02400000000000002,True
5.580331,3,56.73147,0.9629440375067619,0.02400000000000002,True
5.854665,3,56.737828,0.9655333711945968,0.02400000000000002,True
6.123321,4,56.74828,0.9588212473394281,0.03200000000000003,True
5.653003,4,56.757208,0.9620499968313404,0.03200000000000003,True
5.662179,2,56.762167,0.9605254207990174,0.016000000000000014,True
5.507309,3,56.769381,0.9594688466727035,0.02400000000000002,True
5.620882,4,56.778278,0.9611121388870145,0.03200000000000003,True
5.775591,5,56.789381,0.9576090030186971,0.040000000000000036,True
5.645529,2,56.793161,0.9620862113954656,0.016000000000000014,True
5.788176,5,56.809868,0.9664481493103741,0.040000000000000036,True
5.485847,4,56.824298,0.9661756311644987,0.03200000000000003,True
5.752282,4,56.837327,0.9636001037216747,0.03200000000000003,True
5.632778,3,56.84379,0.9623084050713993,0.02400000000000002,True
5.656029,4,56.852134,0.9609825918729926,0.03200000000000003,True
5.689865,4,56.861513,0.9621909156271404,0.03200000000000003,True
5.503387,4,56.870323,0.9594212418342336,0.03200000000000003,True
5.846332,5,56.88214,0.9596649754211634,0.040000000000000036,True
5.682304,3,56.888157,0.9628942098541947,0.02400000000000002,True
5.518785,4,56.89735,0.9617181505489917,0.03200000000000003,True
5.622564,5,56.908355,0.9630110960107592,0.040000000000000036,True
5.527278,4,56.917465,0.9592497506398542,0.03200000000000003,True
5.640314,5,56.928015,0.9588290160010704,0.040000000000000036,True
5.519226,4,56.937806,0.9631490735354287,0.03200000000000003,True
5.785492,4,56.947011,0.9630162136714349,0.03200000000000003,True
5.655166,4,56.95604,0.9586210101249537,0.03200000000000003,True
5.582595,4,56.965418,0.9585388662819171,0.03200000000000003,True
5.386281,3,56.972155,0.9581726633715266,0.02400000000000002,True
5.766682,4,56.981259,0.9592579483522791,0.03200000000000003,True
5.789576,5,56.99235,0.961644279262823,0.040000000000000036,True
5.659623,4,57.001442,0.9634094140060474,0.03200000000000003,True
5.734944,4,57.010793,0.9598744474772584,0.03200000000000003,True
5.762113,5,57.021625,0.9609033877708016,0.040000000000000036,True
5.827242,5,57.033644,0.959999966837486,0.040000000000000036,True
5.794281,5,57.045755,0.9619073002006604,0.040000000000000036,True
5.737388,3,57.053355,0.9609699340027409,0.02400000000000002,True
5.46803,3,57.060981,0.9611621556465512,0.02400000000000002,True
6.032113,5,57.591083,0.9572508406160147,0.040000000000000036,True
5.487493,3,57.59922,0.9621909524994435,0.02400000000000002,True
5.849891,4,57.608397,0.9605975940061895,0.03200000000000003,True
5.553114,4,57.618034,0.9596785157634699,0.03200000000000003,True
5.560406,4,57.628702,0.961274306881909,0.03200000000000003,True
5.768843,4,57.637658,0.9587231112755037,0.03200000000000003,True
5.364517,3,57.644861,0.9625218987746784,0.02400000000000002,True
5.711562,4,57.657458,0.9640765310501361,0.03200000000000003,True
5.809348,4,57.668212,0.9565827468208533,0.03200000000000003,True
5.60779,4,57.677748,0.9619253274831289,0.03200000000000003,True
5.54842,3,57.685288,0.957669743998566,0.02400000000000002,True
5.814307,4,57.695109,0.958569803013286,0.03200000000000003,True
5.573232,3,57.702833,0.9626018392407776,0.02400000000000002,True
5.778269,5,57.71814,0.9607950210472704,0.040000000000000036,True
5.537873,4,57.729499,0.9600044122191321,0.03200000000000003,True
5.872417,5,57.741906,0.9613342218006604,0.040000000000000036,True
5.6498,4,57.752186,0.9607737016268265,0.03200000000000003,True
5.721566,4,57.762243,0.9626910165680014,0.03200000000000003,True
5.638081,5,57.774154,0.9632257284790358,0.040000000000000036,True
5.650983,3,57.782201,0.9614465823183749,0.02400000000000002,True
5.734177,5,57.793374,0.9638941992791821,0.040000000000000036,True
5.562824,4,57.801922,0.9628272316321614,0.03200000000000003,True
5.831331,4,57.811948,0.9641099243882447,0.03200000000000003,True
5.790643,3,57.820198,0.9596868217622014,0.02400000000000002,True
5.924017,5,57.83074,0.9600827805255435,0.040000000000000036,True
5.645227,5,57.845105,0.9597461083992249,0.040000000000000036,True
5.576586,5,57.860501,0.9629325603519945,0.040000000000000036,True
5.512732,3,57.871214,0.9598503985357363,0.02400000000000002,True
5.699325,4,57.882006,0.9614739432896932,0.03200000000000003,True
5.646266,4,57.891438,0.9591028264106896,0.03200000000000003,True
5.578152,4,57.900635,0.9598753275833368,0.03200000000000003,True
5.757398,3,57.90721,0.9620023644636333,0.02400000000000002,True
5.523779,4,57.916356,0.9576509829073058,0.03200000000000003,True
5.504347,3,57.923292,0.9600002036613222,0.02400000000000002,True
5.630119,5,57.935113,0.9650008184748455,0.040000000000000036,True
5.884832,5,57.946997,0.9604272390500626,0.040000000000000036,True
6.008914,5,57.958552,0.9600049349351386,0.040000000000000036,True
5.735748,3,57.96615,0.9661907865030129,0.02400000000000002,True
5.670355,5,57.977466,0.9587310225414238,0.040000000000000036,True
5.836639,4,57.985661,0.9629911470683119,0.03200000000000003,True
5.403836,3,57.993536,0.9596467157074804,0.02400000000000002,True
5.605166,4,58.002963,0.9616063297002688,0.03200000000000003,True
5.66467,4,58.012131,0.9633292211890787,0.03200000000000003,True
5.67137,5,58.023977,0.9611166173650788,0.040000000000000036,True
5.561428,4,58.0337,0.9601732631835632,0.03200000000000003,True
5.588046,4,58.043195,0.9595398739597886,0.03200000000000003,True
5.659756,4,58.052634,0.9655471143796404,0.03200000000000003,True
5.473162,4,58.061814,0.9598522864577672,0.03200000000000003,True
5.888807,4,58.070965,0.963557251141391,0.03200000000000003,True
5.668845,3,58.077083,0.9559831418088023,0.02400000000000002,True
5.415063,3,58.084288,0.9608454472465457,0.02400000000000002,True
5.754624,3,58.09173,0.9590984959087605,0.02400000000000002,True
5.511252,4,58.100335,0.9605382368963625,0.03200000000000003,True
5.913224,3,58.107552,0.957844022611641,0.02400000000000002,True
5.701617,5,58.119713,0.9641223021439173,0.040000000000000036,True
5.533869,4,58.129247,0.9611531761016053,0.03200000000000003,True
5.62156,4,58.139006,0.9592076740702892,0.03200000000000003,True
5.580097,4,58.148683,0.959590478200004,0.03200000000000003,True
5.958208,3,58.155155,0.9597694569794054,0.02400000000000002,True
5.772253,4,58.164602,0.9628543348788754,0.03200000000000003,True
5.595258,4,58.174287,0.9571323834355091,0.03200000000000003,True
5.825726,4,58.183301,0.9630146064592817,0.03200000000000003,True
5.90063,4,58.191931,0.9658077301428107,0.03200000000000003,True
5.807473,4,58.200958,0.9603183123169479,0.03200000000000003,True
6.041619,5,58.71731,0.956049573387954,0.040000000000000036,True
5.62737,4,58.727339,0.9628188896870236,0.03200000000000003,True
5.815894,3,58.733382,0.9584972490807695,0.02400000000000002,True
5.671498,3,58.740685,0.9611660589706481,0.02400000000000002,True
5.905804,4,58.749471,0.9663749142455182,0.03200000000000003,True
5.604591,3,58.75813,0.9636345163107006,0.02400000000000002,True
5.726461,4,58.766924,0.9613014406407308,0.03200000000000003,True
6.025239,4,58.776088,0.9659182365850068,0.03200000000000003,True
5.726999,5,58.786534,0.9588420126154513,0.040000000000000036,True
5.830249,4,58.796158,0.9620098780548854,0.03200000000000003,True
5.492093,3,58.803153,0.9620735961263647,0.02400000000000002,True
5.686765,3,58.813983,0.9618895657973558,0.02400000000000002,True
5.497228,3,58.823889,0.9648113564073341,0.02400000000000002,True
5.55308,3,58.830295,0.9684305352814884,0.02400000000000002,True
5.677279,3,58.837135,0.958788556293163,0.02400000000000002,True
5.801252,4,58.847393,0.9655569298509165,0.03200000000000003,True
5.533803,5,58.860045,0.9597198263249457,0.040000000000000036,True
5.446805,4,58.873745,0.9596094576604963,0.03200000000000003,True
5.658662,4,58.889676,0.9606067433791627,0.03200000000000003,True
5.828297,5,58.907816,0.9582480822728225,0.040000000000000036,True
5.687771,4,58.922263,0.9604542918973364,0.03200000000000003,True
5.649463,3,58.932632,0.9589057789702637,0.02400000000000002,True
5.526308,3,58.940651,0.959089311961616,0.02400000000000002,True
6.074428,4,58.950871,0.9590395428132904,0.03200000000000003,True
5.326658,2,58.954795,0.9612917928866113,0.016000000000000014,True
5.697465,4,58.967718,0.9613624770782228,0.03200000000000003,True
5.95598,3,58.977483,0.9612591408233817,0.02400000000000002,True
5.808198,4,58.988698,0.958822492375887,0.03200000000000003,True
5.753463,4,58.997988,0.9593542250721961,0.03200000000000003,True
5.544521,4,59.007906,0.959537669611029,0.03200000000000003,True
5.623244,4,59.016021,0.9606186445776208,0.03200000000000003,True
5.726087,5,59.027344,0.959290060599751,0.040000000000000036,True
5.522086,3,59.034887,0.9573956489010054,0.02400000000000002,True
5.68813,3,59.041783,0.9632450413243326,0.02400000000000002,True
5.775014,4,59.051416,0.9599039070117209,0.03200000000000003,True
5.834171,4,59.059781,0.9584452461849666,0.03200000000000003,True
5.832835,3,59.066306,0.959751359764309,0.02400000000000002,True
5.582539,4,59.075689,0.9631279293494841,0.03200000000000003,True
5.571291,4,59.088177,0.9620855234740193,0.03200000000000003,True
5.90888,5,59.10846,0.9611810296549685,0.040000000000000036,True
5.676288,4,59.119823,0.9624820003835919,0.03200000000000003,True
5.57108,4,59.129755,0.9611373016315441,0.03200000000000003,True
5.615516,3,59.136934,0.9572667975454001,0.02400000000000002,True
5.825988,5,59.148488,0.9660470293964298,0.040000000000000036,True
5.86804,4,59.15789,0.9678038516624597,0.03200000000000003,True
5.84265,5,59.169631,0.9588598257189072,0.040000000000000036,True
5.794537,5,59.180766,0.959474137250691,0.040000000000000036,True
5.710567,4,59.189561,0.9627020137095303,0.03200000000000003,True
5.719207,3,59.195454,0.9633577993657669,0.02400000000000002,True
5.626708,5,59.21099,0.9620865530847331,0.040000000000000036,True
6.085081,4,59.220614,0.9594517007504071,0.03200000000000003,True
5.778643,4,59.230311,0.959926213416589,0.03200000000000003,True
5.70475,3,59.237823,0.9582810512201201,0.02400000000000002,True
5.606887,3,59.244889,0.9614078998197894,0.02400000000000002,True
5.691771,5,59.259066,0.9592543066611393,0.040000000000000036,True
5.769153,5,59.269715,0.9595133500326973,0.040000000000000036,True
5.629345,2,59.273715,0.9607972891708039,0.016000000000000014,True
5.489142,4,59.283424,0.9624425036316013,0.03200000000000003,True
5.827489,3,59.291175,0.9597901299218417,0.02400000000000002,True
5.565469,5,59.303893,0.9642881421734147,0.040000000000000036,True
5.784791,4,59.3145,0.9617596268081177,0.03200000000000003,True
5.773526,4,59.329322,0.9631170841265576,0.03200000000000003,True
5.450604,4,59.339505,0.9616268622001449,0.03200000000000003,True
5.575783,5,59.35251,0.9620301295746384,0.040000000000000036,True
5.680453,4,59.362054,0.9623218928512723,0.03200000000000003,True
5.574003,3,59.369748,0.9608442694986715,0.02400000000000002,True
5.58551,5,59.884379,0.962552283620991,0.040000000000000036,True
5.603158,4,59.894117,0.9600588723331398,0.03200000000000003,True
5.694266,4,59.903491,0.9586190186559023,0.03200000000000003,True
5.510948,4,59.912791,0.9599820670462715,0.03200000000000003,True
5.614627,4,59.924014,0.9607606371898525,0.03200000000000003,True
5.503657,3,59.930046,0.9633420727004834,0.02400000000000002,True
5.754407,4,59.944125,0.9625389839123742,0.03200000000000003,True
5.731893,4,59.958015,0.9590125724810201,0.03200000000000003,True
5.596879,3,59.96743,0.9592348188880135,0.02400000000000002,True
5.614288,5,59.981283,0.9613792752795319,0.040000000000000036,True
5.414118,2,59.987283,0.9623687939831203,0.016000000000000014,True
5.526767,4,59.996988,0.9650654502342262,0.03200000000000003,True
5.382282,3,60.004098,0.959668084398667,0.02400000000000002,True
5.690347,3,60.011097,0.9666862426215183,0.02400000000000002,True
5.777342,5,60.022197,0.9649704318488178,0.040000000000000036,True
5.72566,4,60.03101,0.9616724648766005,0.03200000000000003,True
5.560997,4,60.039771,0.9592772324597306,0.03200000000000003,True
5.467697,4,60.048735,0.9646079750298435,0.03200000000000003,True
5.614363,3,60.056149,0.9571378237279531,0.02400000000000002,True
5.522048,4,60.064482,0.9594340651635843,0.03200000000000003,True
5.691108,4,60.074738,0.9624218347046825,0.03200000000000003,True
5.882333,3,60.081429,0.963730258841405,0.02400000000000002,True
5.643068,5,60.091694,0.9598985716666669,0.040000000000000036,True
5.761347,5,60.10493,0.959340699186794,0.040000000000000036,True
5.856937,4,60.114889,0.962473143174366,0.03200000000000003,True
5.889745,5,60.125988,0.9600668463225747,0.040000000000000036,True
5.466885,4,60.135684,0.961710704633064,0.03200000000000003,True
5.430418,3,60.144032,0.9605500061596175,0.02400000000000002,True
5.7672,5,60.156829,0.9580327377031533,0.040000000000000036,True
5.744685,4,60.168494,0.9631950773744082,0.03200000000000003,True
5.577343,3,60.179234,0.9612132231407181,0.02400000000000002,True
5.708716,3,60.187088,0.9662658720225616,0.02400000000000002,True
5.826447,3,60.195197,0.9596708239786285,0.02400000000000002,True
5.671231,3,60.203157,0.9615190964309974,0.02400000000000002,True
5.858484,4,60.212464,0.962278127958123,0.03200000000000003,True
5.607026,4,60.22162,0.9651849404942078,0.03200000000000003,True
5.838998,3,60.228181,0.9586593922652292,0.02400000000000002,True
5.783717,4,60.236845,0.9560153954956121,0.03200000000000003,True
5.564875,3,60.243928,0.9565878307702227,0.02400000000000002,True
5.515864,4,60.253037,0.9631261430576232,0.03200000000000003,True
5.779592,3,60.260434,0.9590636620457441,0.02400000000000002,True
5.47058,4,60.270265,0.9577404031829049,0.03200000000000003,True
5.817938,4,60.280299,0.9614493968226071,0.03200000000000003,True
5.892767,4,60.290154,0.9567484487297483,0.03200000000000003,True
5.503686,3,60.297041,0.9605839443207811,0.02400000000000002,True
5.787263,3,60.304177,0.9581776171123806,0.02400000000000002,True
5.763382,4,60.313501,0.9610029026010887,0.03200000000000003,True
5.887693,4,60.322956,0.9614176090959541,0.03200000000000003,True
5.833021,4,60.332748,0.9633852995399497,0.03200000000000003,True
5.86459,3,60.339985,0.9588971550834918,0.02400000000000002,True
5.684165,3,60.347672,0.961065114694432,0.02400000000000002,True
5.541412,5,60.358515,0.9617583041442019,0.040000000000000036,True
5.57102,2,60.36323,0.9650727832209025,0.016000000000000014,True
5.54161,3,60.370688,0.9581730819674448,0.02400000000000002,True
6.059136,5,60.382083,0.9597797158430978,0.040000000000000036,True
5.6582,3,60.388772,0.9614014451156734,0.02400000000000002,True
5.418559,3,60.395381,0.9635887526006706,0.02400000000000002,True
5.67093,3,60.402014,0.9578770241783816,0.02400000000000002,True
5.504772,3,60.409257,0.9626741245835613,0.02400000000000002,True
5.855848,4,60.418467,0.9589319515744181,0.03200000000000003,True
5.62451,3,60.425282,0.9609572376096693,0.02400000000000002,True
5.582088,2,60.429822,0.9605813953696001,0.016000000000000014,True
5.67731,4,60.440306,0.9576473426477972,0.03200000000000003,True
5.79036,4,60.449157,0.9592260631919978,0.03200000000000003,True
5.556647,4,60.458125,0.9613960356348032,0.03200000000000003,True
5.542235,3,60.464705,0.958653407510391,0.02400000000000002,True
5.531382,5,60.545505,0.9637080890290881,0.040000000000000036,True
5.507122,4,60.55493,0.9592455254986283,0.03200000000000003,True
5.537997,4,60.563622,0.9576924130858131,0.03200000000000003,True
5.864244,3,60.571248,0.9629835349798272,0.02400000000000002,True
6.007861,5,61.09838,0.9592666684314672,0.040000000000000036,True
5.574892,4,61.109157,0.9658189120257219,0.03200000000000003,True
5.696305,3,61.116663,0.961814755849288,0.02400000000000002,True
5.443803,4,61.127246,0.9585795677014504,0.03200000000000003,True
6.004244,4,61.136222,0.9675278249025999,0.03200000000000003,True
5.488586,3,61.14411,0.9631292010315864,0.02400000000000002,True
5.505108,3,61.151632,0.9601631755008168,0.02400000000000002,True
5.60715,3,61.159277,0.9592715192603904,0.02400000000000002,True
5.766674,4,61.167394,0.962308092338221,0.03200000000000003,True
5.527403,4,61.179126,0.9633866914291815,0.03200000000000003,True
5.626052,4,61.188334,0.963183448416217,0.03200000000000003,True
5.705747,3,61.19527,0.9613760030452662,0.02400000000000002,True
5.716071,4,61.204322,0.9609187746136505,0.03200000000000003,True
5.445933,4,61.213893,0.9633751311200329,0.03200000000000003,True
5.731833,5,61.224489,0.9661488875049002,0.040000000000000036,True
5.575824,4,61.233713,0.9646268878972526,0.03200000000000003,True
5.742319,4,61.242529,0.9633764387418682,0.03200000000000003,True
5.74337,5,61.254515,0.9592831871245249,0.040000000000000036,True
5.621457,4,61.263356,0.9617746225983572,0.03200000000000003,True
5.736448,5,61.275639,0.9595107205665563,0.040000000000000036,True
5.652549,3,61.283147,0.9598139148280722,0.02400000000000002,True
5.898279,4,61.292508,0.9635192813044073,0.03200000000000003,True
5.962113,4,61.301875,0.9667001153438673,0.03200000000000003,True
5.851482,4,61.311341,0.9613216250635022,0.03200000000000003,True
5.807371,4,61.320871,0.9617830041617007,0.03200000000000003,True
5.662667,5,61.331964,0.9642038974964899,0.040000000000000036,True
5.552479,4,61.342153,0.9597854424498766,0.03200000000000003,True
5.752153,3,61.34944,0.9648548130630369,0.02400000000000002,True
5.656821,5,61.360968,0.9590924031197683,0.040000000000000036,True
5.567918,4,61.369697,0.9647012336708679,0.03200000000000003,True
5.787223,4,61.381501,0.9649422244648194,0.03200000000000003,True
5.741094,3,61.387573,0.9605181694011128,0.02400000000000002,True
5.853489,4,61.397486,0.960886356320543,0.03200000000000003,True
5.587532,4,61.406823,0.9570041947262098,0.03200000000000003,True
5.962573,3,61.413385,0.9626847579328751,0.02400000000000002,True
5.563825,3,61.421033,0.9630375676569072,0.02400000000000002,True
5.865078,5,61.433724,0.9618639308568475,0.040000000000000036,True
5.782957,4,61.444381,0.9631330025466958,0.03200000000000003,True
5.524165,5,61.457008,0.9630137221580106,0.040000000000000036,True
5.71966,3,61.463635,0.9613920313147883,0.02400000000000002,True
5.60512,4,61.473552,0.9597522676076025,0.03200000000000003,True
5.597869,5,61.486953,0.963163353050976,0.040000000000000036,True
5.849603,5,61.498892,0.9590755337199843,0.040000000000000036,True
5.798597,3,61.507518,0.9624931724224879,0.02400000000000002,True
5.803716,4,61.518202,0.9617968533490175,0.03200000000000003,True
5.518465,4,61.528037,0.9582676156906965,0.03200000000000003,True
5.682161,4,61.538513,0.9639171021595558,0.03200000000000003,True
5.617762,4,61.550041,0.9629350966618335,0.03200000000000003,True
5.758123,4,61.560786,0.96146347570585,0.03200000000000003,True
5.962806,3,61.569511,0.959896007765676,0.02400000000000002,True
5.756072,4,61.580253,0.9597454533743618,0.03200000000000003,True
5.729373,4,61.590401,0.9606080611158059,0.03200000000000003,True
5.572953,4,61.600797,0.9654841522587893,0.03200000000000003,True
5.764996,5,61.613341,0.957804875765023,0.040000000000000036,True
5.534307,4,61.622926,0.9580126942714646,0.03200000000000003,True
5.568143,3,61.630689,0.9624237267771062,0.02400000000000002,True
5.910006,5,61.641448,0.966304098835358,0.040000000000000036,True
5.530311,4,61.652724,0.9623917853606985,0.03200000000000003,True
5.841187,5,61.666653,0.9571317601417745,0.040000000000000036,True
5.606515,4,61.675776,0.9621135391644575,0.03200000000000003,True
5.805254,5,61.687753,0.9575269930827458,0.040000000000000036,True
5.696615,3,61.693428,0.9614481672686384,0.02400000000000002,True
5.92102,5,61.704353,0.9580575194164251,0.040000000000000036,True
5.966139,5,61.715241,0.9589959228200482,0.040000000000000036,True
5.876264,5,62.2463,0.9586355354385011,0.040000000000000036,True
5.649323,5,62.258091,0.9603305729928138,0.040000000000000036,True
5.660214,4,62.266979,0.9629483656543565,0.03200000000000003,True
5.933257,3,62.274339,0.9584069896042395,0.02400000000000002,True
5.804792,4,62.283485,0.9607111451814563,0.03200000000000003,True
5.715889,4,62.29278,0.9589514602831768,0.03200000000000003,True
5.796941,5,62.3037,0.9636263947904941,0.040000000000000036,True
5.856925,4,62.312648,0.9603686140861054,0.03200000000000003,True
5.596121,4,62.32278,0.958458518858791,0.03200000000000003,True
5.753929,4,62.332178,0.9603013649951307,0.03200000000000003,True
5.466204,4,62.341959,0.9620501454885532,0.03200000000000003,True
5.835691,4,62.351715,0.9608543084742879,0.03200000000000003,True
5.737286,4,62.360074,0.9642601891000127,0.03200000000000003,True
6.028772,4,62.368165,0.9588292612337721,0.03200000000000003,True
5.6596,4,62.376597,0.9613720489170993,0.03200000000000003,True
5.396156,4,62.385269,0.9570502594526834,0.03200000000000003,True
5.66062,5,62.39732,0.965653266175452,0.040000000000000036,True
5.655905,2,62.401558,0.9594924625822041,0.016000000000000014,True
5.841337,4,62.411244,0.9638363100002532,0.03200000000000003,True
5.625852,5,62.422696,0.9616541430065275,0.040000000000000036,True
5.455736,3,62.432162,0.9636621123855733,0.02400000000000002,True
5.716928,3,62.441998,0.9633247952472729,0.02400000000000002,True
5.549254,5,62.454506,0.9606124221684416,0.040000000000000036,True
5.735242,4,62.46363,0.9639754263125908,0.03200000000000003,True
5.507062,4,62.472644,0.9631989628760775,0.03200000000000003,True
5.864812,4,62.480731,0.9584052709537891,0.03200000000000003,True
5.597162,4,62.48947,0.9611358890259176,0.03200000000000003,True
5.957616,3,62.496629,0.9644108088587128,0.02400000000000002,True
5.532019,4,62.505231,0.9583682013469877,0.03200000000000003,True
5.83243,4,62.515142,0.95909556986548,0.03200000000000003,True
5.502471,5,62.527304,0.9622592831823271,0.040000000000000036,True
5.781834,4,62.537851,0.9619905561488857,0.03200000000000003,True
5.596732,4,62.547298,0.9588333324087446,0.03200000000000003,True
5.805032,4,62.557444,0.9623681628264763,0.03200000000000003,True
5.487317,5,62.569348,0.9633568649801472,0.040000000000000036,True
5.597956,4,62.579119,0.9622470298264449,0.03200000000000003,True
5.801777,5,62.590662,0.9640921660733379,0.040000000000000036,True
5.503637,4,62.60094,0.9575357610119118,0.03200000000000003,True
5.938437,4,62.610068,0.9672633280990359,0.03200000000000003,True
5.60882,4,62.619369,0.9612583171802779,0.03200000000000003,True
5.712054,4,62.628571,0.963965213913463,0.03200000000000003,True
5.555615,3,62.635218,0.9594651903197228,0.02400000000000002,True
5.737725,4,62.644575,0.9590181057670025,0.03200000000000003,True
5.726373,3,62.650001,0.9624216175678953,0.02400000000000002,True
5.581647,4,62.659266,0.9632379021886626,0.03200000000000003,True
5.634043,3,62.666866,0.9655026477225477,0.02400000000000002,True
5.804176,5,62.6775,0.9581573208023111,0.040000000000000036,True
5.711715,3,62.684596,0.9582574792231427,0.02400000000000002,True
5.48502,4,62.693825,0.9603306967870232,0.03200000000000003,True
5.562222,3,62.701341,0.9686135181329796,0.02400000000000002,True
5.612415,3,62.70829,0.9589753164341637,0.02400000000000002,True
5.628652,3,62.714954,0.9637404982677378,0.02400000000000002,True
5.820929,4,62.723286,0.9585116471626232,0.03200000000000003,True
5.862037,4,62.732346,0.9674281665085043,0.03200000000000003,True
6.098192,4,62.741628,0.9614264900181366,0.03200000000000003,True
5.5574,4,62.750662,0.9641702299819391,0.03200000000000003,True
5.744168,4,62.75917,0.9560877062193841,0.03200000000000003,True
5.684273,4,62.769854,0.9657755575594291,0.03200000000000003,True
5.531146,4,62.779155,0.9599538795054189,0.03200000000000003,True
5.770175,3,62.785733,0.9584464539251814,0.02400000000000002,True
5.477013,4,62.794977,0.9575074396808416,0.03200000000000003,True
5.667488,3,62.801885,0.9621393842032543,0.02400000000000002,True
5.649716,4,62.810823,0.9579402198257028,0.03200000000000003,True
5.563389,2,62.816689,0.9574481427367041,0.016000000000000014,True
5.60193,4,62.825831,0.9621663031164319,0.03200000000000003,True
5.767865,4,62.833614,0.961718621504458,0.03200000000000003,True
5.373012,3,63.375026,0.9574855004620341,0.02400000000000002,True
5.921665,5,63.388035,0.957788960150484,0.040000000000000036,True
5.678516,4,63.39819,0.9620373568212366,0.03200000000000003,True
5.811518,4,63.407118,0.9611527296664429,0.03200000000000003,True
5.735965,4,63.417218,0.9597291792101754,0.03200000000000003,True
5.82784,4,63.43163,0.9597917641975815,0.03200000000000003,True
5.798342,4,63.445631,0.9640059668525437,0.03200000000000003,True
5.762095,4,63.457352,0.9631712349833466,0.03200000000000003,True
5.794488,3,63.465141,0.9604400483983616,0.02400000000000002,True
5.497653,4,63.47604,0.9576824644060482,0.03200000000000003,True
5.764281,4,63.486879,0.9602502433402063,0.03200000000000003,True
5.795834,4,63.497193,0.961312653237743,0.03200000000000003,True
5.8397,4,63.509277,0.957677665836292,0.03200000000000003,True
5.790206,4,63.52106,0.9588626170989383,0.03200000000000003,True
5.530578,4,63.531929,0.9628646733166687,0.03200000000000003,True
5.483326,2,63.537578,0.9581005715688943,0.016000000000000014,True
5.647952,3,63.54607,0.9630808005605538,0.02400000000000002,True
5.6776,4,63.557247,0.9629302862702858,0.03200000000000003,True
5.637421,3,63.565,0.9563268428103022,0.02400000000000002,True
5.627141,3,63.572298,0.9564600528141166,0.02400000000000002,True
5.658676,4,63.582291,0.9567298311337625,0.03200000000000003,True
5.713606,4,63.592047,0.9593106105002279,0.03200000000000003,True
5.88428,4,63.601926,0.9609858458880278,0.03200000000000003,True
5.79571,4,63.61218,0.9592046835983554,0.03200000000000003,True
5.514018,4,63.622127,0.9618609385629078,0.03200000000000003,True
5.505771,4,63.632224,0.9597554911790326,0.03200000000000003,True
5.679593,4,63.642373,0.9615875619152533,0.03200000000000003,True
5.829125,4,63.652925,0.9612231108536824,0.03200000000000003,True
5.868321,3,63.6612,0.9612901066505872,0.02400000000000002,True
5.526231,4,63.671281,0.9618852254091868,0.03200000000000003,True
5.864202,4,63.681425,0.959497753066123,0.03200000000000003,True
5.428655,4,63.691959,0.96150178887951,0.03200000000000003,True
5.681614,3,63.698763,0.9596394065572955,0.02400000000000002,True
5.829713,5,63.711005,0.9592384365896623,0.040000000000000036,True
5.653909,4,63.720845,0.961103937144313,0.03200000000000003,True
5.617134,3,63.728935,0.9603613663286208,0.02400000000000002,True
6.040301,4,63.738857,0.959682824704054,0.03200000000000003,True
5.689743,4,63.748368,0.9617886086258395,0.03200000000000003,True
5.827144,4,63.759026,0.964378932904466,0.03200000000000003,True
5.706651,4,63.769706,0.9614404075517518,0.03200000000000003,True
5.724448,3,63.776087,0.9651846881652413,0.02400000000000002,True
5.543899,3,63.783799,0.9620539479140675,0.02400000000000002,True
5.760714,4,63.793286,0.9613457614629138,0.03200000000000003,True
5.703089,3,63.801121,0.9619457294881476,0.02400000000000002,True
5.738352,5,63.812173,0.959612826888417,0.040000000000000036,True
5.68072,4,63.821509,0.9601196672117569,0.03200000000000003,True
5.795436,5,63.834261,0.9589460729798381,0.040000000000000036,True
5.594883,3,63.841211,0.9617191617586319,0.02400000000000002,True
5.411638,3,63.848626,0.9578885626843344,0.02400000000000002,True
5.644455,5,63.859363,0.9637776628469302,0.040000000000000036,True
5.579184,3,63.866042,0.9590063993540623,0.02400000000000002,True
5.695182,4,63.875322,0.9571405960867303,0.03200000000000003,True
5.69378,5,63.887116,0.9594972531649207,0.040000000000000036,True
5.577312,4,63.897326,0.962262267900519,0.03200000000000003,True
5.824769,4,63.906803,0.959953935667466,0.03200000000000003,True
5.62647,4,63.916826,0.9628977119931685,0.03200000000000003,True
5.689688,4,63.926091,0.9602846054505981,0.03200000000000003,True
5.66747,4,63.935271,0.9596046572968957,0.03200000000000003,True
5.386832,3,63.941732,0.964456044879074,0.02400000000000002,True
5.714795,4,63.951067,0.9631597662508755,0.03200000000000003,True
5.807694,4,63.960371,0.9604421297218639,0.03200000000000003,True
5.445155,3,63.968196,0.9678873723160245,0.02400000000000002,True
5.63077,5,63.978817,0.9634397911157061,0.040000000000000036,True
5.739006,3,63.985871,0.9617357020121989,0.02400000000000002,True
5.930166,3,63.99337,0.9573854372430051,0.02400000000000002,True
6.033252,5,64.003881,0.9578837350318128,0.040000000000000036,True
5.664234,3,64.011086,0.9628651182152501,0.02400000000000002,True
5.78622,3,64.538019,0.9566493116190481,0.02400000000000002,True
5.5446,5,64.549643,0.959224500545631,0.040000000000000036,True
5.613826,5,64.561824,0.9605623374493597,0.040000000000000036,True
5.466272,4,64.570719,0.9638034888805005,0.03200000000000003,True
5.616959,4,64.579849,0.9613305433681965,0.03200000000000003,True
5.703838,3,64.586869,0.9615989839352244,0.02400000000000002,True
6.019205,5,64.599387,0.958944010672849,0.040000000000000036,True
5.532379,3,64.610317,0.9626164512151085,0.02400000000000002,True
5.715804,3,64.62103,0.9613337924876659,0.02400000000000002,True
5.976463,4,64.635374,0.9634136215717686,0.03200000000000003,True
5.815032,4,64.650668,0.9612736767575847,0.03200000000000003,True
5.601879,4,64.668175,0.9660572701198779,0.03200000000000003,True
5.414479,3,64.680666,0.9622964941531966,0.02400000000000002,True
5.643002,5,64.698055,0.9591941977723148,0.040000000000000036,True
5.779131,5,64.715007,0.9631043852952311,0.040000000000000036,True
5.512884,4,64.727603,0.9675205292672797,0.03200000000000003,True
5.41724,3,64.737598,0.9625894698021193,0.02400000000000002,True
5.552825,4,64.751023,0.9650473660620934,0.03200000000000003,True
5.380104,2,64.758032,0.96103698780798,0.016000000000000014,True
5.459236,4,64.770321,0.959187796658842,0.03200000000000003,True
5.906666,5,64.78689,0.9611622519455439,0.040000000000000036,True
5.639524,4,64.798164,0.9613303124679677,0.03200000000000003,True
5.72073,3,64.808697,0.9642131602849717,0.02400000000000002,True
5.763144,4,64.82032,0.9636902358290442,0.03200000000000003,True
5.593365,4,64.831604,0.9604218513153946,0.03200000000000003,True
5.56436,5,64.84526,0.9610672820708398,0.040000000000000036,True
5.371956,3,64.85615,0.961783417954488,0.02400000000000002,True
5.973407,4,64.869269,0.9615852334284696,0.03200000000000003,True
5.687474,4,64.88317,0.9617829818641717,0.03200000000000003,True
5.889292,4,64.893104,0.9611822525408431,0.03200000000000003,True
5.632445,5,64.909243,0.9582352168845361,0.040000000000000036,True
5.616282,5,64.924695,0.961470958195557,0.040000000000000036,True
5.65504,5,64.938974,0.9611970167290673,0.040000000000000036,True
5.463959,4,64.950935,0.9636312283258661,0.03200000000000003,True
5.495896,4,64.962146,0.9589075642580726,0.03200000000000003,True
5.72457,3,64.971072,0.9618718221022591,0.02400000000000002,True
5.713007,3,64.980543,0.9637295112419666,0.02400000000000002,True
5.680443,3,64.989008,0.9674212057517022,0.02400000000000002,True
5.779543,3,64.997946,0.9694674424523021,0.02400000000000002,True
5.739262,4,65.009467,0.9653094713356292,0.03200000000000003,True
5.808393,5,65.025381,0.9640797203814733,0.040000000000000036,True
5.789745,4,65.036835,0.9614038090793195,0.03200000000000003,True
5.347181,3,65.044387,0.9647453087282212,0.02400000000000002,True
5.6587,4,65.055756,0.9600418065538,0.03200000000000003,True
5.467214,3,65.06515,0.9632875557882374,0.02400000000000002,True
5.67762,4,65.077577,0.9621231958323042,0.03200000000000003,True
5.681238,4,65.089207,0.9632877365120618,0.03200000000000003,True
5.633062,5,65.10585,0.9595875552103451,0.040000000000000036,True
5.822426,4,65.118715,0.9593887337587017,0.03200000000000003,True
5.568132,4,65.132188,0.9615574831680891,0.03200000000000003,True
5.542963,4,65.144696,0.9596364884357648,0.03200000000000003,True
5.630751,4,65.157481,0.9576431106453229,0.03200000000000003,True
5.513151,4,65.170781,0.9620786103502857,0.03200000000000003,True
5.707667,5,65.185087,0.9640194394920947,0.040000000000000036,True
5.574852,4,65.198324,0.9608793249935639,0.03200000000000003,True
5.551366,5,65.212458,0.9606262736261979,0.040000000000000036,True
5.612207,3,65.226249,0.9622173439362441,0.02400000000000002,True
5.718644,4,65.243088,0.9595658937323659,0.03200000000000003,True
5.869581,4,65.256615,0.9644702571867182,0.03200000000000003,True
5.675988,4,65.269292,0.9593269234355114,0.03200000000000003,True
5.432183,3,65.283061,0.9620261607533263,0.02400000000000002,True
5.85297,5,65.298777,0.9602223360525218,0.040000000000000036,True
5.936551,4,65.31077,0.9620028446885898,0.03200000000000003,True
5.75011,3,65.320292,0.9591744257017378,0.02400000000000002,True
5.675399,5,65.334193,0.9610647570790362,0.040000000000000036,True
5.766421,5,66.015354,0.9604888612006757,0.040000000000000036,True
5.907386,3,66.024921,0.9647378617684593,0.02400000000000002,True
5.767797,4,66.036748,0.9572081050716228,0.03200000000000003,True
5.838625,5,66.053219,0.9612471792697506,0.040000000000000036,True
5.766263,3,66.062215,0.9582107983460756,0.02400000000000002,True
5.662282,4,66.073903,0.9619413294522816,0.03200000000000003,True
5.757092,4,66.087479,0.9637484565960587,0.03200000000000003,True
5.495089,3,66.098538,0.9608052854678166,0.02400000000000002,True
5.36195,3,66.109175,0.9611389369617672,0.02400000000000002,True
5.627977,4,66.123592,0.964309720919243,0.03200000000000003,True
5.45953,3,66.134085,0.961584480689639,0.02400000000000002,True
5.593171,4,66.14791,0.9609539486735492,0.03200000000000003,True
5.838889,4,66.159255,0.958601535410027,0.03200000000000003,True
5.647769,3,66.170375,0.964434649376948,0.02400000000000002,True
5.563182,4,66.184311,0.9626161852235474,0.03200000000000003,True
6.032406,4,66.195638,0.9607236144389179,0.03200000000000003,True
5.739394,4,66.208341,0.9638969776716668,0.03200000000000003,True
5.681562,5,66.223559,0.9619467437535296,0.040000000000000036,True
5.414009,3,66.235056,0.9590745693558032,0.02400000000000002,True
5.779639,4,66.245645,0.9622737571313544,0.03200000000000003,True
5.462107,2,66.25121,0.9638521692727988,0.016000000000000014,True
5.962678,4,66.263735,0.963242600711434,0.03200000000000003,True
5.445049,3,66.275994,0.9581367301829448,0.02400000000000002,True
5.577294,3,66.28845,0.9563467000968497,0.02400000000000002,True
5.517903,4,66.305739,0.9598891928159494,0.03200000000000003,True
5.669247,4,66.321503,0.9619140091341449,0.03200000000000003,True
5.748257,3,66.335817,0.9595055209709913,0.02400000000000002,True
5.738441,4,66.349102,0.9576002915211346,0.03200000000000003,True
5.596255,3,66.359846,0.9618885633058637,0.02400000000000002,True
5.664036,4,66.372326,0.9638613215290218,0.03200000000000003,True
5.592591,4,66.385077,0.9639995680622703,0.03200000000000003,True
5.492954,3,66.392839,0.9618484182762264,0.02400000000000002,True
5.872885,5,66.411104,0.9609067802316877,0.040000000000000036,True
5.543357,4,66.42281,0.9626286505763063,0.03200000000000003,True
5.677088,5,66.437508,0.9647300341398399,0.040000000000000036,True
5.677785,4,66.448024,0.9594677335517077,0.03200000000000003,True
5.71404,4,66.46031,0.9583293213040275,0.03200000000000003,True
5.579106,4,66.473201,0.9607859706816033,0.03200000000000003,True
5.761891,4,66.48556,0.9658225472887567,0.03200000000000003,True
5.699299,3,66.49516,0.9697716317230826,0.02400000000000002,True
5.516264,3,66.50397,0.9588206208903127,0.02400000000000002,True
5.780793,3,66.512865,0.9641047612383606,0.02400000000000002,True
5.721734,3,66.522189,0.9592314353150879,0.02400000000000002,True
5.813145,5,66.538378,0.9616003869548637,0.040000000000000036,True
5.569794,4,66.550603,0.9694051288295281,0.03200000000000003,True
5.767929,4,66.562391,0.9595860908652066,0.03200000000000003,True
5.661623,4,66.573673,0.9596666913916441,0.03200000000000003,True
5.65662,3,66.582818,0.9619017511567755,0.02400000000000002,True
5.654707,5,66.597048,0.9622314823896073,0.040000000000000036,True
5.473619,4,66.608613,0.9611938406626162,0.03200000000000003,True
5.743969,3,66.61796,0.9583708608170357,0.02400000000000002,True
5.849014,4,66.629288,0.9576875275573753,0.03200000000000003,True
5.689741,4,66.64146,0.9652260370450239,0.03200000000000003,True
5.79754,4,66.654554,0.9614534316459356,0.03200000000000003,True
5.799789,4,66.671858,0.9635514558905434,0.03200000000000003,True
5.524218,3,66.684496,0.9616536885346939,0.02400000000000002,True
5.58659,4,66.804015,0.9608239032006359,0.03200000000000003,True
5.712961,5,66.81817,0.9598219841640295,0.040000000000000036,True
5.776553,4,66.829487,0.9623009878907209,0.03200000000000003,True
5.83072,3,66.839677,0.9644939625914217,0.02400000000000002,True
5.537961,3,66.848334,0.9630216100997527,0.02400000000000002,True
5.816646,4,66.861199,0.9629194124922419,0.03200000000000003,True
5.651689,3,66.87046,0.9582693376391132,0.02400000000000002,True
5.513296,4,66.881896,0.9673326231281038,0.03200000000000003,True
5.520855,3,66.891075,0.9608821745989339,0.02400000000000002,True
5.70559,3,66.898941,0.9601418597956101,0.02400000000000002,True
5.51271,4,66.910628,0.959084831939196,0.03200000000000003,True
5.732877,3,66.919913,0.9668945706114749,0.02400000000000002,True
5.676735,5,67.625279,0.9588416336169863,0.040000000000000036,True
5.34836,4,67.637456,0.9651593863317987,0.03200000000000003,True
5.352097,4,67.650536,0.9629247272046288,0.03200000000000003,True
5.955479,5,67.664472,0.9601544899877728,0.040000000000000036,True
5.59327,4,67.676951,0.9660068367033982,0.03200000000000003,True
5.828895,4,67.68895,0.9596518399619003,0.03200000000000003,True
5.480565,3,67.698682,0.968519732443038,0.02400000000000002,True
5.822767,5,67.713003,0.9617258191159178,0.040000000000000036,True
5.621523,4,67.724532,0.9689096889173097,0.03200000000000003,True
5.772514,4,67.736223,0.9592265361744479,0.03200000000000003,True
5.836195,5,67.751796,0.9583779252313679,0.040000000000000036,True
5.761485,3,67.761819,0.9573493082989094,0.02400000000000002,True
5.803799,4,67.773201,0.9635917391257531,0.03200000000000003,True
5.746576,4,67.788648,0.9602880564680222,0.03200000000000003,True
5.699893,3,67.798294,0.9601334967197024,0.02400000000000002,True
6.06816,4,67.809496,0.962546179833608,0.03200000000000003,True
5.924731,3,67.818801,0.9600888541155176,0.02400000000000002,True
6.042569,5,67.833085,0.9606152354242344,0.040000000000000036,True
5.583507,5,67.848042,0.959145346830611,0.040000000000000036,True
5.697566,4,67.863727,0.958735796386101,0.03200000000000003,True
5.807076,4,67.877476,0.9632133463402683,0.03200000000000003,True
5.467403,4,67.890726,0.9631764724326317,0.03200000000000003,True
5.618504,4,67.90277,0.9625676414392208,0.03200000000000003,True
5.586039,4,67.916394,0.9590322675233627,0.03200000000000003,True
5.36601,3,67.927298,0.9566851713006876,0.02400000000000002,True
5.543028,4,67.941962,0.965541693806647,0.03200000000000003,True
5.83995,4,67.954256,0.9614631936873195,0.03200000000000003,True
5.870042,4,67.968253,0.9622833011562153,0.03200000000000003,True
5.660284,3,67.979063,0.9641809552690099,0.02400000000000002,True
5.734262,4,67.991947,0.9639694427377223,0.03200000000000003,True
5.748665,5,68.008286,0.9636569719966579,0.040000000000000036,True
5.486167,3,68.017876,0.9635202981569853,0.02400000000000002,True
5.65743,2,68.023459,0.9589946000767976,0.016000000000000014,True
5.696847,3,68.032872,0.9675322059684579,0.02400000000000002,True
5.404029,4,68.044443,0.961509625850227,0.03200000000000003,True
5.581354,5,68.059937,0.9624351990105104,0.040000000000000036,True
5.751298,5,68.074761,0.9561243563114026,0.040000000000000036,True
5.588346,5,68.088571,0.9572047038191596,0.040000000000000036,True
5.76923,3,68.098202,0.9654753222292046,0.02400000000000002,True
5.569877,5,68.113468,0.9614072725972402,0.040000000000000036,True
5.618086,4,68.127133,0.9604323641975437,0.03200000000000003,True
5.951212,4,68.138957,0.9618674149862487,0.03200000000000003,True
5.710825,4,68.151982,0.963231190079523,0.03200000000000003,True
5.965371,3,68.162168,0.9608215548232157,0.02400000000000002,True
5.601794,3,68.171244,0.9626752723908983,0.02400000000000002,True
5.449679,4,68.182341,0.9634094407185367,0.03200000000000003,True
5.739098,3,68.191119,0.9636804475248143,0.02400000000000002,True
6.05802,5,68.206167,0.9571477246822891,0.040000000000000036,True
5.888981,4,68.218146,0.9596814214993716,0.03200000000000003,True
5.512367,4,68.229071,0.9566545079499107,0.03200000000000003,True
5.748114,5,68.243568,0.9597980289864226,0.040000000000000036,True
5.497767,3,68.253327,0.9674103415730313,0.02400000000000002,True
5.536298,5,68.267533,0.9589634698915784,0.040000000000000036,True
5.518803,4,68.278622,0.9712885038159909,0.03200000000000003,True
5.769167,4,68.290421,0.9607208381011906,0.03200000000000003,True
5.458196,2,68.296062,0.9580340081280443,0.016000000000000014,True
5.815459,4,68.30826,0.9614066384068797,0.03200000000000003,True
5.806688,4,68.320264,0.9590260214791062,0.03200000000000003,True
5.818549,4,68.332058,0.957613222832612,0.03200000000000003,True
5.76703,5,68.347329,0.9636446879121001,0.040000000000000036,True
5.585995,4,68.362319,0.9587870288789393,0.03200000000000003,True
5.688228,3,68.372601,0.9599722462219908,0.02400000000000002,True
5.837513,4,68.385257,0.9573923476578952,0.03200000000000003,True
5.557861,3,68.393968,0.96354532097731,0.02400000000000002,True
5.604446,4,68.409024,0.9589408195959206,0.03200000000000003,True
5.764078,3,68.418882,0.9589084910253145,0.02400000000000002,True
5.763655,3,69.157993,0.9629704505791132,0.02400000000000002,True
5.62403,4,69.166814,0.9610396936611318,0.03200000000000003,True
5.799703,3,69.174397,0.9620506886228071,0.02400000000000002,True
5.861175,5,69.185949,0.959139513176321,0.040000000000000036,True
5.444658,4,69.19459,0.9651961868690921,0.03200000000000003,True
5.753694,4,69.204399,0.9618376963281563,0.03200000000000003,True
5.538855,4,69.213718,0.958372292687753,0.03200000000000003,True
5.743025,4,69.226898,0.9603587892244874,0.03200000000000003,True
5.789209,5,69.246121,0.9586400035494079,0.040000000000000036,True
5.714506,3,69.255061,0.9636983600686756,0.02400000000000002,True
5.532536,3,69.262426,0.962729988952239,0.02400000000000002,True
5.769878,4,69.27326,0.9625821809879549,0.03200000000000003,True
5.753534,5,69.284652,0.9607767416161407,0.040000000000000036,True
5.536612,3,69.292769,0.9633603861787472,0.02400000000000002,True
5.694314,4,69.302614,0.9617815455375098,0.03200000000000003,True
5.609424,3,69.310374,0.9588113727874482,0.02400000000000002,True
5.566507,4,69.319897,0.9572420707474509,0.03200000000000003,True
5.609066,4,69.329857,0.9626082593243475,0.03200000000000003,True
5.64946,4,69.339707,0.960858645122953,0.03200000000000003,True
5.792393,4,69.348889,0.9615948582496883,0.03200000000000003,True
5.447261,4,69.359426,0.9655174067225762,0.03200000000000003,True
5.783482,3,69.372909,0.9606176843431292,0.02400000000000002,True
5.4734,3,69.384582,0.9603660934932183,0.02400000000000002,True
5.423107,5,69.400199,0.9637752961329369,0.040000000000000036,True
5.806925,5,69.410929,0.9603367368924078,0.040000000000000036,True
5.579072,3,69.418646,0.9606394465383912,0.02400000000000002,True
5.639507,5,69.430274,0.9595820722028784,0.040000000000000036,True
5.494666,4,69.439016,0.9580973289708195,0.03200000000000003,True
5.820437,5,69.451158,0.9583381606961696,0.040000000000000036,True
5.814668,4,69.461557,0.9638059720794424,0.03200000000000003,True
5.7137,5,69.473635,0.9606389808816299,0.040000000000000036,True
5.551098,4,69.483154,0.9610750782272437,0.03200000000000003,True
5.537439,3,69.491103,0.9567826069277401,0.02400000000000002,True
5.64934,2,69.495125,0.960618283821854,0.016000000000000014,True
5.804026,4,69.50693,0.9614076634055511,0.03200000000000003,True
5.762102,5,69.520333,0.96234455281639,0.040000000000000036,True
5.569977,3,69.532987,0.9652185502868583,0.02400000000000002,True
5.797563,2,69.54007,0.9702284661619299,0.016000000000000014,True
5.680927,4,69.549387,0.958377938364432,0.03200000000000003,True
5.591745,5,69.560954,0.9656308949855871,0.040000000000000036,True
5.690928,5,69.573007,0.9605777751657162,0.040000000000000036,True
5.608471,4,69.582218,0.9638781104369707,0.03200000000000003,True
5.84956,5,69.593233,0.9624021417556525,0.040000000000000036,True
5.376615,2,69.600054,0.9625500965508738,0.016000000000000014,True
5.782359,4,69.613911,0.956916830856861,0.03200000000000003,True
5.632271,4,69.627271,0.9600711033698828,0.03200000000000003,True
5.927905,4,69.641335,0.9633122229131796,0.03200000000000003,True
5.746981,3,69.650774,0.965896549180461,0.02400000000000002,True
5.70752,3,69.656242,0.9637761447529429,0.02400000000000002,True
5.591492,4,69.666035,0.9567371823585713,0.03200000000000003,True
5.776346,4,69.675436,0.958671264104594,0.03200000000000003,True
5.726803,4,69.684912,0.9564607232633073,0.03200000000000003,True
5.761967,4,69.693935,0.9617809037283815,0.03200000000000003,True
5.816576,4,69.703491,0.9579186877854416,0.03200000000000003,True
5.821101,4,69.71302,0.9630265632216624,0.03200000000000003,True
5.512427,3,69.719489,0.9625059565483095,0.02400000000000002,True
5.785308,3,69.726194,0.9617121585363143,0.02400000000000002,True
5.683724,3,69.733736,0.9614118038032227,0.02400000000000002,True
5.643409,4,69.74394,0.9594643242877678,0.03200000000000003,True
5.824134,4,69.753826,0.9607424656310114,0.03200000000000003,True
5.669588,5,69.764912,0.9575374065693154,0.040000000000000036,True
5.675856,3,69.771936,0.956638669881112,0.02400000000000002,True
5.806924,3,69.779767,0.9663672598240984,0.02400000000000002,True
5.606819,4,69.789078,0.9639332810021837,0.03200000000000003,True
5.672144,3,69.797569,0.9643415462762466,0.02400000000000002,True
6.087111,4,69.807363,0.9607105660298285,0.03200000000000003,True
5.756946,5,70.343692,0.9669190521068352,0.040000000000000036,True
5.80831,3,70.349845,0.9656495837501292,0.02400000000000002,True
5.832796,4,70.361207,0.9593918477022003,0.03200000000000003,True
5.554681,5,70.372365,0.9591276550345379,0.040000000000000036,True
5.728279,4,70.382618,0.963087522171922,0.03200000000000003,True
5.781512,3,70.391781,0.9625245095305788,0.02400000000000002,True
5.527333,3,70.40067,0.962049906113811,0.02400000000000002,True
5.814574,5,70.411968,0.9605914031775159,0.040000000000000036,True
5.816547,4,70.421293,0.9619087897984246,0.03200000000000003,True
5.845617,4,70.431342,0.9622159273489219,0.03200000000000003,True
5.485417,4,70.440602,0.9648512082592225,0.03200000000000003,True
5.444433,3,70.44719,0.9581874856512455,0.02400000000000002,True
5.756538,4,70.456339,0.9624442249282438,0.03200000000000003,True
5.761806,4,70.465243,0.9597914572663537,0.03200000000000003,True
5.448169,3,70.471413,0.961112594972109,0.02400000000000002,True
5.652789,3,70.47912,0.9634893503196558,0.02400000000000002,True
5.733129,4,70.488603,0.966604057782191,0.03200000000000003,True
5.690049,3,70.495231,0.9570341735194849,0.02400000000000002,True
5.775895,4,70.504369,0.9627649351125389,0.03200000000000003,True
5.605724,4,70.515026,0.9632346300011536,0.03200000000000003,True
6.047922,5,70.525992,0.9645146113338146,0.040000000000000036,True
5.466105,4,70.535033,0.9634662008216204,0.03200000000000003,True
5.712729,3,70.542936,0.9634411837570012,0.02400000000000002,True
5.53139,4,70.553073,0.9610441713792299,0.03200000000000003,True
5.5483,3,70.55931,0.9655625051023362,0.02400000000000002,True
5.461026,4,70.568421,0.9578152402180399,0.03200000000000003,True
5.613881,4,70.577374,0.9606024996956242,0.03200000000000003,True
5.984484,4,70.58631,0.9665760708967825,0.03200000000000003,True
5.435006,4,70.595767,0.9624285390041771,0.03200000000000003,True
5.724872,4,70.604734,0.960204727013162,0.03200000000000003,True
5.699761,5,70.616253,0.9606471691439489,0.040000000000000036,True
5.867316,4,70.626299,0.961169042747547,0.03200000000000003,True
5.710794,4,70.636174,0.9595689217997907,0.03200000000000003,True
5.570963,2,70.641134,0.9592890654641097,0.016000000000000014,True
5.688066,5,70.656599,0.9640000718796737,0.040000000000000036,True
5.75298,4,70.669999,0.9597898072445603,0.03200000000000003,True
5.512987,5,70.687351,0.9589398282392128,0.040000000000000036,True
5.76803,3,70.694614,0.964961862752034,0.02400000000000002,True
5.507505,3,70.702096,0.961492643948597,0.02400000000000002,True
5.572385,4,70.711327,0.9595321481372583,0.03200000000000003,True
5.511648,3,70.719106,0.958748269780076,0.02400000000000002,True
5.972832,4,70.728576,0.9611738182959408,0.03200000000000003,True
5.796448,4,70.737953,0.9572650077401326,0.03200000000000003,True
5.711029,4,70.747709,0.9655327674266981,0.03200000000000003,True
6.082783,4,70.757767,0.9592203844130363,0.03200000000000003,True
5.550688,4,70.767082,0.9619845848958285,0.03200000000000003,True
5.782492,4,70.776979,0.9604701679011696,0.03200000000000003,True
5.800229,4,70.785986,0.9609275812226086,0.03200000000000003,True
5.724654,3,70.792118,0.9569061596766122,0.02400000000000002,True
5.62382,3,70.8002,0.9577891581080386,0.02400000000000002,True
5.76366,5,70.811649,0.9613347932003673,0.040000000000000036,True
5.516438,4,70.821556,0.9599244164743965,0.03200000000000003,True
5.582423,4,70.830755,0.9662594814831873,0.03200000000000003,True
5.99828,5,70.841373,0.9597361597180567,0.040000000000000036,True
5.917097,3,70.848818,0.9621854221857863,0.02400000000000002,True
5.853701,5,70.860047,0.9603240998244302,0.040000000000000036,True
5.897585,4,70.869914,0.9624921464248832,0.03200000000000003,True
5.56461,3,70.875701,0.9578921412205014,0.02400000000000002,True
5.580484,2,70.881174,0.9636625364083042,0.016000000000000014,True
5.757042,4,70.890908,0.9575853848464131,0.03200000000000003,True
5.467777,4,70.900064,0.9636365999170146,0.03200000000000003,True
5.674644,4,70.908698,0.9608134332157848,0.03200000000000003,True
5.873673,5,70.918935,0.9617381100644807,0.040000000000000036,True
5.584024,3,70.926207,0.958062720376717,0.02400000000000002,True
5.51519,3,70.934222,0.9603420480752094,0.02400000000000002,True
5.485261,3,70.94207,0.9594253296540763,0.02400000000000002,True
5.404541,3,70.949129,0.9570929230836387,0.02400000000000002,True
5.774025,3,70.955972,0.9587658332354982,0.02400000000000002,True
5.755985,5,71.474128,0.961889697025253,0.040000000000000036,True
5.610998,3,71.482096,0.9625144538051403,0.02400000000000002,True
5.475445,3,71.489979,0.963222750743456,0.02400000000000002,True
5.689804,3,71.49893,0.9588122909153489,0.02400000000000002,True
5.817094,3,71.506721,0.9631717565238358,0.02400000000000002,True
5.521609,5,71.522435,0.9602936458232939,0.040000000000000036,True
5.525848,4,71.533041,0.9621755992114206,0.03200000000000003,True
5.639835,4,71.543683,0.9613366487532493,0.03200000000000003,True
5.463954,3,71.551639,0.9602019773127499,0.02400000000000002,True
5.710089,4,71.561993,0.9653797586510755,0.03200000000000003,True
5.730307,3,71.570366,0.9605097242321814,0.02400000000000002,True
5.771918,4,71.579809,0.963263209654441,0.03200000000000003,True
5.549359,4,71.590877,0.9599207775119925,0.03200000000000003,True
5.424295,2,71.595239,0.9622820956855016,0.016000000000000014,True
5.688713,3,71.603755,0.9617349249380405,0.02400000000000002,True
5.843755,3,71.612206,0.9580018259727245,0.02400000000000002,True
5.80004,5,71.624599,0.9581946054873223,0.040000000000000036,True
5.776513,4,71.63393,0.9662254713846509,0.03200000000000003,True
5.995877,4,71.642603,0.9637860746142933,0.03200000000000003,True
5.461176,5,71.656658,0.9583245405076943,0.040000000000000036,True
5.575324,5,71.671096,0.9674628849464348,0.040000000000000036,True
6.041117,3,71.676951,0.9601770140743787,0.02400000000000002,True
5.624172,3,71.683636,0.9640371396085722,0.02400000000000002,True
5.452577,3,71.693998,0.9623997533526507,0.02400000000000002,True
5.520025,3,71.704378,0.9592320078411429,0.02400000000000002,True
5.371434,2,71.710181,0.9601716279677849,0.016000000000000014,True
5.605436,3,71.720972,0.9627500506936164,0.02400000000000002,True
5.778338,5,71.733905,0.9632523533775064,0.040000000000000036,True
5.792318,5,71.745349,0.9626022096982527,0.040000000000000036,True
5.567762,3,71.752487,0.9597350859460351,0.02400000000000002,True
5.517884,4,71.762237,0.9625531720393183,0.03200000000000003,True
5.876243,3,71.769,0.9600770493451314,0.02400000000000002,True
5.806147,4,71.778481,0.9576783350771014,0.03200000000000003,True
5.729095,4,71.789376,0.9574472227336821,0.03200000000000003,True
6.052954,4,71.799127,0.9601066213259297,0.03200000000000003,True
5.626386,4,71.808052,0.9660514859042855,0.03200000000000003,True
5.678831,4,71.816168,0.9639299192414528,0.03200000000000003,True
5.412987,3,71.8234,0.9621276500232485,0.02400000000000002,True
5.704119,3,71.830779,0.9655420810846046,0.02400000000000002,True
5.762774,5,71.841989,0.9645200444996405,0.040000000000000036,True
5.764766,4,71.851178,0.9587501966206309,0.03200000000000003,True
5.770831,4,71.859728,0.9614885221032623,0.03200000000000003,True
5.897626,3,71.866269,0.9638581569768447,0.02400000000000002,True
6.027048,4,71.876069,0.9638040878494398,0.03200000000000003,True
5.62058,4,71.884962,0.9633770554224056,0.03200000000000003,True
5.537339,4,71.894083,0.9628330782617895,0.03200000000000003,True
5.775498,5,71.90526,0.9632670049799753,0.040000000000000036,True
5.563628,4,71.914435,0.9605987390028075,0.03200000000000003,True
5.488412,3,71.922343,0.9588407087484376,0.02400000000000002,True
5.455957,4,71.931437,0.9643953870575173,0.03200000000000003,True
5.746246,5,71.944078,0.958558119304165,0.040000000000000036,True
5.47368,3,71.953108,0.9635341555801086,0.02400000000000002,True
5.502718,5,71.965551,0.9581965394125539,0.040000000000000036,True
5.646674,4,71.976361,0.9614201634629331,0.03200000000000003,True
5.598726,4,71.987243,0.9617987549932092,0.03200000000000003,True
5.68689,4,71.997247,0.9632587536743091,0.03200000000000003,True
5.703278,4,72.006174,0.9625977440731539,0.03200000000000003,True
5.778859,3,72.013875,0.9567690803942205,0.02400000000000002,True
5.578504,3,72.021137,0.9624654622179203,0.02400000000000002,True
5.742772,3,72.028166,0.9607424598124024,0.02400000000000002,True
5.463144,3,72.035137,0.9676870005903561,0.02400000000000002,True
5.608255,3,72.043069,0.9622761976529934,0.02400000000000002,True
5.605138,4,72.052085,0.9610475393375812,0.03200000000000003,True
5.561599,5,72.06283,0.9588700793998202,0.040000000000000036,True
5.902194,4,72.071619,0.9576161809803593,0.03200000000000003,True
5.772985,5,72.081964,0.9586344286102102,0.040000000000000036,True
5.52135,4,72.091686,0.9597102741272938,0.03200000000000003,True
5.627661,3,72.099585,0.9592250973843518,0.02400000000000002,True
5.55424,5,72.619766,0.9642158335650981,0.040000000000000036,True
5.663552,4,72.629032,0.9616193013015069,0.03200000000000003,True
5.734433,5,72.640168,0.9649740712223037,0.040000000000000036,True
5.637431,3,72.648225,0.9621159818377675,0.02400000000000002,True
5.713413,3,72.657114,0.9611500138172552,0.02400000000000002,True
5.431238,3,72.667936,0.9580345133061368,0.02400000000000002,True
5.413627,3,72.674676,0.9625482068865994,0.02400000000000002,True
5.476942,3,72.682068,0.9584106084033095,0.02400000000000002,True
5.779776,4,72.690082,0.9592206683728407,0.03200000000000003,True
5.996989,4,72.699414,0.9621759526678358,0.03200000000000003,True
5.985607,4,72.709229,0.9633149203265665,0.03200000000000003,True
5.555054,5,72.719863,0.9585742412077185,0.040000000000000036,True
5.61796,3,72.728231,0.9591589547777531,0.02400000000000002,True
5.624279,4,72.74299,0.9614195339048113,0.03200000000000003,True
5.802643,3,72.752137,0.9559420990729749,0.02400000000000002,True
5.602101,5,72.768021,0.9654176215090962,0.040000000000000036,True
5.55892,3,72.775448,0.9640373868651407,0.02400000000000002,True
5.801285,4,72.784376,0.9595518328354437,0.03200000000000003,True
5.807174,5,72.795796,0.9628538978630936,0.040000000000000036,True
5.655711,4,72.804988,0.9628442820401746,0.03200000000000003,True
6.101903,4,72.815236,0.9575392869763455,0.03200000000000003,True
5.737641,4,72.824557,0.9604358484942168,0.03200000000000003,True
5.64607,4,72.833864,0.9635153483274395,0.03200000000000003,True
5.471224,3,72.841576,0.9609898895661328,0.02400000000000002,True
5.802933,4,72.851197,0.9595677857287367,0.03200000000000003,True
5.453931,2,72.856095,0.9573122594613774,0.016000000000000014,True
5.586382,5,72.867698,0.9634745834214715,0.040000000000000036,True
5.418903,3,72.874665,0.9602222933650386,0.02400000000000002,True
5.634707,4,72.883431,0.962677874166161,0.03200000000000003,True
5.708378,5,72.895241,0.961450118466372,0.040000000000000036,True
5.936918,3,72.901286,0.9607654335167632,0.02400000000000002,True
5.713756,3,72.908563,0.9651551439208562,0.02400000000000002,True
5.421096,3,72.915904,0.958859465300368,0.02400000000000002,True
5.853892,5,72.92709,0.9592533360745631,0.040000000000000036,True
5.40556,3,72.934001,0.9606666758244866,0.02400000000000002,True
5.702597,4,72.943273,0.9606023481406959,0.03200000000000003,True
5.579239,5,72.955215,0.9597256553125522,0.040000000000000036,True
5.699976,3,72.962025,0.9616409088172718,0.02400000000000002,True
5.588568,4,72.971648,0.9591145586324428,0.03200000000000003,True
5.723638,4,72.980675,0.9604790461064872,0.03200000000000003,True
5.520764,3,72.986412,0.9640979613317275,0.02400000000000002,True
5.478224,3,72.993457,0.96131619546774,0.02400000000000002,True
5.546074,4,73.002753,0.96023460311191,0.03200000000000003,True
6.050368,4,73.011916,0.9611476339489347,0.03200000000000003,True
5.521072,4,73.021244,0.959439396715001,0.03200000000000003,True
5.473911,2,73.027243,0.958586951845108,0.016000000000000014,True
5.77732,5,73.039721,0.9615701838801227,0.040000000000000036,True
5.60915,3,73.046985,0.9595639245818435,0.02400000000000002,True
5.789281,5,73.058704,0.9605422543519944,0.040000000000000036,True
5.579913,4,73.138734,0.9594579329027956,0.03200000000000003,True
5.678334,4,73.147386,0.961238336332588,0.03200000000000003,True
5.877663,4,73.15977,0.9620832813713279,0.03200000000000003,True
5.809242,4,73.169243,0.9651921695287177,0.03200000000000003,True
6.013035,4,73.178646,0.9579422035677589,0.03200000000000003,True
5.979357,3,73.185624,0.95874119480932,0.02400000000000002,True
5.676507,4,73.195104,0.9624958107381616,0.03200000000000003,True
5.778796,3,73.202113,0.9610502848271327,0.02400000000000002,True
5.821849,4,73.211873,0.9591206860018173,0.03200000000000003,True
5.804997,4,73.220619,0.9594477748272288,0.03200000000000003,True
5.755645,3,73.228086,0.9568840602802761,0.02400000000000002,True
5.762462,4,73.236421,0.9581691712671566,0.03200000000000003,True
5.64758,4,73.246363,0.9682274029077271,0.03200000000000003,True
5.495488,3,73.253547,0.9638629601681032,0.02400000000000002,True
5.524783,3,73.260699,0.9680528112418294,0.02400000000000002,True
5.589045,5,73.271364,0.9617848887371901,0.040000000000000036,True
5.765425,4,73.280554,0.9649263823146011,0.03200000000000003,True
5.431267,3,73.287988,0.9643327499704393,0.02400000000000002,True
5.55653,4,73.296459,0.9568740076484047,0.03200000000000003,True
5.755581,3,73.304111,0.9594209569611056,0.02400000000000002,True
5.83636,3,73.840396,0.959748044973064,0.02400000000000002,True
5.851316,3,73.847144,0.9620669078730377,0.02400000000000002,True
5.978335,4,73.856555,0.9583472473880428,0.03200000000000003,True
5.814915,5,73.866728,0.9625908432692998,0.040000000000000036,True
5.564704,4,73.87546,0.9601286679422253,0.03200000000000003,True
5.449866,4,73.884923,0.9589426150140486,0.03200000000000003,True
5.750159,3,73.891678,0.9591529138766846,0.02400000000000002,True
5.56091,3,73.899444,0.9648009869817253,0.02400000000000002,True
5.616946,2,73.904425,0.9643000968100695,0.016000000000000014,True
5.81568,5,73.915203,0.9605556302279706,0.040000000000000036,True
5.670623,3,73.921648,0.9590168907499002,0.02400000000000002,True
5.631511,4,73.930529,0.9676663773637879,0.03200000000000003,True
5.674621,5,73.941654,0.9632790826630941,0.040000000000000036,True
5.744414,3,73.949147,0.9613907285887873,0.02400000000000002,True
5.622369,3,73.956704,0.9639134081292623,0.02400000000000002,True
6.052674,3,73.962686,0.9612269981779149,0.02400000000000002,True
5.960533,3,73.969835,0.9566637320913196,0.02400000000000002,True
5.81528,4,73.978765,0.9614293949513262,0.03200000000000003,True
5.955587,4,73.987277,0.9580355314810098,0.03200000000000003,True
5.769073,4,73.995676,0.9615636633090541,0.03200000000000003,True
5.949728,5,74.005892,0.9604164594171102,0.040000000000000036,True
5.888776,5,74.018383,0.9587469350320973,0.040000000000000036,True
5.83817,5,74.030016,0.9578187468191759,0.040000000000000036,True
5.521423,4,74.039268,0.9605776205104011,0.03200000000000003,True
5.614236,5,74.050407,0.9581540472239898,0.040000000000000036,True
5.653559,3,74.057691,0.9611101748491814,0.02400000000000002,True
5.655485,3,74.064377,0.9669253263428189,0.02400000000000002,True
5.565772,4,74.074306,0.9579024937146997,0.03200000000000003,True
5.773354,4,74.083062,0.9624737234130785,0.03200000000000003,True
5.797326,4,74.091999,0.9578546294235369,0.03200000000000003,True
5.562581,5,74.103698,0.9574812543996456,0.040000000000000036,True
5.45436,4,74.113441,0.9603242584801885,0.03200000000000003,True
6.03329,4,74.123414,0.960416372367565,0.03200000000000003,True
5.656171,3,74.130357,0.965233166898948,0.02400000000000002,True
5.634871,4,74.139432,0.9669821443138005,0.03200000000000003,True
5.757002,3,74.146637,0.9579851273163609,0.02400000000000002,True
5.835328,4,74.155807,0.9616037021922681,0.03200000000000003,True
5.743978,3,74.161906,0.9594381737303954,0.02400000000000002,True
5.675764,3,74.168529,0.9671011853510684,0.02400000000000002,True
5.64948,5,74.180345,0.9618705683704845,0.040000000000000036,True
5.758092,4,74.188947,0.9634460224909738,0.03200000000000003,True
5.555688,4,74.197876,0.9600942074748804,0.03200000000000003,True
5.907888,4,74.207479,0.9615766542359436,0.03200000000000003,True
5.771961,4,74.216789,0.9638186079922866,0.03200000000000003,True
5.749992,3,74.223781,0.9617117607786669,0.02400000000000002,True
5.682604,3,74.231174,0.9636150070649258,0.02400000000000002,True
5.42409,3,74.238762,0.9599128199483773,0.02400000000000002,True
5.765545,3,74.245176,0.957889245415474,0.02400000000000002,True
5.502103,4,74.253739,0.9588897785652297,0.03200000000000003,True
5.60299,3,74.262855,0.9612414559992066,0.02400000000000002,True
5.700546,3,74.270657,0.9604976521648099,0.02400000000000002,True
5.589705,2,74.275342,0.960871634765414,0.016000000000000014,True
5.621647,4,74.284661,0.9590616252804636,0.03200000000000003,True
5.59055,5,74.295522,0.9606589097650116,0.040000000000000036,True
5.617674,5,74.305911,0.9578782646779668,0.040000000000000036,True
5.698474,3,74.31493,0.9670377471351539,0.02400000000000002,True
5.556682,3,74.324415,0.9612892813830909,0.02400000000000002,True
5.544947,3,74.333982,0.9592810560685339,0.02400000000000002,True
5.696419,3,74.341958,0.95663483304568,0.02400000000000002,True
5.717608,4,74.35139,0.9614504292298214,0.03200000000000003,True
5.710359,3,74.359035,0.9594601577979709,0.02400000000000002,True
5.655567,3,74.367018,0.9640535458043915,0.02400000000000002,True
5.71023,4,74.376138,0.9608489051950551,0.03200000000000003,True
5.716783,3,74.383043,0.9622973642368603,0.02400000000000002,True
5.792245,4,74.392779,0.9587375989574328,0.03200000000000003,True
5.624983,5,74.404482,0.9615355243873575,0.040000000000000036,True
5.622424,4,74.415175,0.9612982899991842,0.03200000000000003,True
5.791322,4,74.425072,0.9612649330384107,0.03200000000000003,True
5.624616,4,74.434907,0.9605867546570632,0.03200000000000003,True
5.717562,5,74.986427,0.9611744975461174,0.040000000000000036,True
5.831976,5,74.999225,0.9592884067996643,0.040000000000000036,True
5.797341,4,75.008309,0.9580807704870963,0.03200000000000003,True
5.722505,4,75.017165,0.9588354685682431,0.03200000000000003,True
5.875546,5,75.027678,0.9561904775812586,0.040000000000000036,True
5.531661,4,75.03733,0.9594508869833529,0.03200000000000003,True
5.808687,4,75.045739,0.959044991840551,0.03200000000000003,True
5.556821,4,75.055412,0.9653513088527138,0.03200000000000003,True
5.761869,4,75.064453,0.9595002493830169,0.03200000000000003,True
5.55622,5,75.07496,0.9619039314080954,0.040000000000000036,True
5.729733,3,75.082608,0.959787566919678,0.02400000000000002,True
5.456717,4,75.091416,0.9600315673108863,0.03200000000000003,True
5.525034,4,75.100738,0.9595206159169398,0.03200000000000003,True
5.603247,5,75.11203,0.9627425790460312,0.040000000000000036,True
5.613772,4,75.121183,0.9584630282987388,0.03200000000000003,True
5.945696,5,75.132292,0.9581421988428401,0.040000000000000036,True
5.8014,4,75.142265,0.9608577106459544,0.03200000000000003,True
5.820148,5,75.154694,0.959278281098124,0.040000000000000036,True
5.97635,4,75.164109,0.9662690738138912,0.03200000000000003,True
5.549388,4,75.175848,0.966255361517482,0.03200000000000003,True
5.734464,4,75.184218,0.9627849238126052,0.03200000000000003,True
5.775173,4,75.193834,0.9603313799442221,0.03200000000000003,True
5.755257,4,75.203092,0.9582689894027377,0.03200000000000003,True
5.476119,3,75.209714,0.9623192073144622,0.02400000000000002,True
5.846417,4,75.217776,0.9589701325103045,0.03200000000000003,True
5.873377,4,75.226499,0.9614610228872498,0.03200000000000003,True
5.671859,5,75.239309,0.9622959416186493,0.040000000000000036,True
5.667865,5,75.25021,0.9644072214463438,0.040000000000000036,True
5.901418,3,75.258283,0.9625757940864672,0.02400000000000002,True
5.762318,4,75.266481,0.9605380897261053,0.03200000000000003,True
5.415134,4,75.276953,0.9630784058687046,0.03200000000000003,True
5.77978,4,75.285196,0.9640245492248696,0.03200000000000003,True
6.006841,4,75.294945,0.9576925644090782,0.03200000000000003,True
5.779444,5,75.307985,0.960059176500915,0.040000000000000036,True
5.539708,3,75.314272,0.9637760191330702,0.02400000000000002,True
5.7053,4,75.324028,0.9595975818591234,0.03200000000000003,True
5.750208,4,75.333011,0.9695982392955436,0.03200000000000003,True
5.526224,5,75.344407,0.9582928533518462,0.040000000000000036,True
5.709961,4,75.352895,0.9683711865125039,0.03200000000000003,True
5.665511,4,75.362499,0.9635466887462041,0.03200000000000003,True
5.930322,3,75.369373,0.9580963885332011,0.02400000000000002,True
5.559639,4,75.378305,0.9596167985015884,0.03200000000000003,True
5.604287,4,75.387305,0.9638385885472458,0.03200000000000003,True
6.025222,4,75.396748,0.962858390362584,0.03200000000000003,True
5.765402,4,75.40589,0.9590979822585856,0.03200000000000003,True
5.786812,4,75.415724,0.9612323348756644,0.03200000000000003,True
5.504085,3,75.423119,0.9587296905450875,0.02400000000000002,True
5.750413,4,75.432041,0.9635278031908845,0.03200000000000003,True
5.663562,5,75.444254,0.9634431084641077,0.040000000000000036,True
6.061798,3,75.451018,0.9619689973003922,0.02400000000000002,True
5.621851,4,75.461122,0.9658790512616027,0.03200000000000003,True
5.763693,4,75.470159,0.9599763203170164,0.03200000000000003,True
5.643929,3,75.477831,0.9633981896165243,0.02400000000000002,True
5.424914,3,75.483737,0.9628151737473375,0.02400000000000002,True
5.394212,3,75.491098,0.9627554089853526,0.02400000000000002,True
5.680626,4,75.500788,0.9613210066943125,0.03200000000000003,True
5.598066,4,75.509313,0.9635279784812499,0.03200000000000003,True
5.553795,4,75.518684,0.9576716516673138,0.03200000000000003,True
5.62364,4,75.52766,0.9616108078036253,0.03200000000000003,True
5.625791,3,75.536706,0.9598417326019112,0.02400000000000002,True
5.59547,4,75.546478,0.9583005696871754,0.03200000000000003,True
5.647966,4,75.555075,0.9616417254043222,0.03200000000000003,True
5.862444,5,75.566925,0.9634826035198248,0.040000000000000036,True
5.653953,4,76.091394,0.9601628757763101,0.03200000000000003,True
5.750709,4,76.101392,0.9603010709618054,0.03200000000000003,True
5.633797,3,76.110067,0.9634623969052412,0.02400000000000002,True
5.470276,4,76.120322,0.9567345546282872,0.03200000000000003,True
5.738254,3,76.127128,0.9634749690849971,0.02400000000000002,True
5.664638,3,76.135085,0.9618929228776696,0.02400000000000002,True
5.544541,4,76.142859,0.9653786496625021,0.03200000000000003,True
5.484725,3,76.149661,0.9619484634216289,0.02400000000000002,True
6.052413,4,76.158833,0.9589973747334197,0.03200000000000003,True
5.545134,3,76.166138,0.9599319898638701,0.02400000000000002,True
5.632898,4,76.178222,0.9641703511547012,0.03200000000000003,True
5.839513,4,76.18693,0.9570874768971354,0.03200000000000003,True
5.550531,4,76.19696,0.9571293848673497,0.03200000000000003,True
5.78395,4,76.206361,0.9590025388969131,0.03200000000000003,True
5.985037,4,76.215939,0.9616881200224054,0.03200000000000003,True
5.655428,4,76.225209,0.9598023418251271,0.03200000000000003,True
5.675252,3,76.232108,0.9594571227395354,0.02400000000000002,True
5.765904,5,76.243688,0.9614282973376146,0.040000000000000036,True
5.777026,5,76.255231,0.960385918283327,0.040000000000000036,True
5.74754,4,76.263846,0.9585123632267019,0.03200000000000003,True
5.877001,5,76.276357,0.960100460077905,0.040000000000000036,True
5.684063,3,76.282388,0.9608119669129617,0.02400000000000002,True
5.727435,4,76.291654,0.962301879821645,0.03200000000000003,True
5.590288,4,76.300736,0.9577449556833191,0.03200000000000003,True
5.603419,4,76.310228,0.9636118704834734,0.03200000000000003,True
5.609729,4,76.320644,0.96269995785416,0.03200000000000003,True
5.834902,5,76.331687,0.9615312925250266,0.040000000000000036,True
5.655591,3,76.339722,0.9617255204441191,0.02400000000000002,True
5.510919,4,76.348423,0.9606076603970977,0.03200000000000003,True
5.618694,4,76.357917,0.9611558398917757,0.03200000000000003,True
5.840368,3,76.363848,0.9595134347767771,0.02400000000000002,True
5.764915,4,76.373554,0.960268573992328,0.03200000000000003,True
5.748902,3,76.380129,0.9619400165681332,0.02400000000000002,True
5.556274,3,76.38643,0.9631318625733672,0.02400000000000002,True
5.511822,4,76.395454,0.9613498450312588,0.03200000000000003,True
5.818656,5,76.406153,0.9560527948835642,0.040000000000000036,True
5.768475,3,76.412889,0.9630361297478897,0.02400000000000002,True
5.853401,3,76.419036,0.9608187628733995,0.02400000000000002,True
5.923266,4,76.428065,0.9645965504539155,0.03200000000000003,True
5.788483,4,76.438016,0.9648554831368057,0.03200000000000003,True
5.975574,4,76.447228,0.9621228355537144,0.03200000000000003,True
5.80363,4,76.456256,0.9631041530177098,0.03200000000000003,True
5.783079,4,76.465395,0.9583863472737566,0.03200000000000003,True
5.639289,4,76.476487,0.9578130591783129,0.03200000000000003,True
5.828148,4,76.48466,0.9612131676249696,0.03200000000000003,True
5.520489,4,76.493712,0.9593970907347793,0.03200000000000003,True
5.823474,3,76.500351,0.9612599816214827,0.02400000000000002,True
5.831775,5,76.511292,0.9579937282175903,0.040000000000000036,True
5.768918,3,76.518162,0.9568036869019663,0.02400000000000002,True
5.394759,3,76.526009,0.964067840497854,0.02400000000000002,True
5.892275,4,76.534889,0.963513226228008,0.03200000000000003,True
5.87973,3,76.543358,0.9647224995678378,0.02400000000000002,True
5.390772,3,76.550857,0.9578301780442473,0.02400000000000002,True
5.863442,4,76.560747,0.9600463511152286,0.03200000000000003,True
5.619051,3,76.567707,0.9602467385932475,0.02400000000000002,True
5.826118,5,76.579024,0.9614082962227803,0.040000000000000036,True
5.592651,2,76.582787,0.9590199480689644,0.016000000000000014,True
5.69715,5,76.594866,0.9647451041157262,0.040000000000000036,True
5.794999,4,76.604108,0.9619509682294026,0.03200000000000003,True
5.57653,4,76.61286,0.9655482705768657,0.03200000000000003,True
5.638505,3,76.620627,0.9587373994618904,0.02400000000000002,True
5.572622,4,76.630309,0.9627817346172677,0.03200000000000003,True
5.595065,4,76.639345,0.9625521971104894,0.03200000000000003,True
5.627144,3,76.647688,0.9636424626561944,0.02400000000000002,True
5.728678,4,76.659485,0.95908323499859,0.03200000000000003,True
5.738617,3,76.667136,0.9584002118693343,0.02400000000000002,True
5.594779,3,76.674096,0.9592991790545333,0.02400000000000002,True
5.73526,4,76.68388,0.9632095951350002,0.03200000000000003,True
5.51434,3,76.690246,0.9582821838910995,0.02400000000000002,True
5.767407,4,77.222314,0.9634253640157275,0.03200000000000003,True
5.481521,4,77.23281,0.9657084578159644,0.03200000000000003,True
5.735794,3,77.240572,0.9605156105639263,0.02400000000000002,True
5.616305,4,77.249428,0.9607923145336376,0.03200000000000003,True
5.989609,3,77.256322,0.9637408026646688,0.02400000000000002,True
5.959574,4,77.26537,0.9605505486185532,0.03200000000000003,True
5.670326,5,77.27739,0.9605719053947395,0.040000000000000036,True
5.960772,4,77.286716,0.9601684338723203,0.03200000000000003,True
5.771686,3,77.294317,0.9634775778523144,0.02400000000000002,True
5.784145,4,77.303191,0.9629117211606026,0.03200000000000003,True
5.766037,4,77.312001,0.965411472131595,0.03200000000000003,True
5.46334,4,77.321222,0.9596286834874288,0.03200000000000003,True
5.491148,4,77.330467,0.9594703335518452,0.03200000000000003,True
5.414893,3,77.337605,0.9633212573629217,0.02400000000000002,True
5.68702,4,77.346619,0.9675602117310635,0.03200000000000003,True
5.911527,3,77.352868,0.9568341821908766,0.02400000000000002,True
5.651743,4,77.363252,0.9620884718745675,0.03200000000000003,True
5.541179,4,77.372697,0.9607663953853369,0.03200000000000003,True
5.712258,5,77.382977,0.9602716545563392,0.040000000000000036,True
5.676699,3,77.389822,0.9625360012321588,0.02400000000000002,True
5.693202,4,77.398699,0.958644129275615,0.03200000000000003,True
5.547645,3,77.405607,0.9628786228372648,0.02400000000000002,True
5.549416,4,77.415361,0.961919906984184,0.03200000000000003,True
5.632053,4,77.426238,0.9616542481225053,0.03200000000000003,True
5.625257,3,77.434675,0.9628478818831123,0.02400000000000002,True
5.609595,3,77.443407,0.9568614858549165,0.02400000000000002,True
5.713546,3,77.451411,0.9611853832479198,0.02400000000000002,True
5.571163,3,77.458202,0.961175966438059,0.02400000000000002,True
5.552134,5,77.469562,0.9579875774896001,0.040000000000000036,True
5.805688,4,77.478297,0.9611935711306658,0.03200000000000003,True
5.65686,3,77.485267,0.9638279928616242,0.02400000000000002,True
5.555937,5,77.496634,0.963881965080708,0.040000000000000036,True
5.636643,4,77.506003,0.9579246553362402,0.03200000000000003,True
5.511618,4,77.514396,0.9661974900508172,0.03200000000000003,True
5.785663,4,77.524192,0.9588412309689777,0.03200000000000003,True
5.583042,5,77.534995,0.96450214048731,0.040000000000000036,True
5.440229,3,77.543863,0.965418837632369,0.02400000000000002,True
5.490555,3,77.551294,0.9661550494952276,0.02400000000000002,True
5.621954,5,77.56295,0.9621554915820285,0.040000000000000036,True
5.443309,3,77.569897,0.9565884946585705,0.02400000000000002,True
5.506514,4,77.579813,0.9604978411085225,0.03200000000000003,True
5.425162,3,77.586482,0.9580248067616735,0.02400000000000002,True
5.505056,3,77.594436,0.9638702642290302,0.02400000000000002,True
5.419258,2,77.599138,0.9572497309292497,0.016000000000000014,True
5.991068,3,77.60559,0.959626546152458,0.02400000000000002,True
5.754611,4,77.614619,0.9628789660678885,0.03200000000000003,True
5.557573,4,77.623531,0.9630030238605286,0.03200000000000003,True
5.518479,4,77.63325,0.9620619087462354,0.03200000000000003,True
5.91535,3,77.640786,0.9625864133782467,0.02400000000000002,True
6.006288,4,77.650878,0.9637104259391442,0.03200000000000003,True
5.823956,3,77.657954,0.9587965685761738,0.02400000000000002,True
5.715096,3,77.66389,0.9591308551457587,0.02400000000000002,True
5.770825,4,77.672832,0.9592291482173543,0.03200000000000003,True
5.420878,3,77.680105,0.9618732709080344,0.02400000000000002,True
5.591679,4,77.68899,0.9615563036931769,0.03200000000000003,True
5.780951,4,77.696835,0.9620213733042788,0.03200000000000003,True
5.571742,4,77.705576,0.9588891316677093,0.03200000000000003,True
5.682506,4,77.714416,0.9588567379449486,0.03200000000000003,True
5.471392,3,77.721814,0.9592661810221348,0.02400000000000002,True
5.714738,4,77.729909,0.9579222555070774,0.03200000000000003,True
5.626473,5,77.741124,0.9625747096542994,0.040000000000000036,True
5.808908,4,77.75079,0.9593770121811416,0.03200000000000003,True
5.803155,4,77.75966,0.9644999751620005,0.03200000000000003,True
5.707931,3,77.766408,0.9652601847436437,0.02400000000000002,True
5.529478,4,77.775319,0.9583462320660145,0.03200000000000003,True
5.828804,5,77.786285,0.9578584143996478,0.040000000000000036,True
5.693032,3,77.793211,0.9658512119958991,0.02400000000000002,True
5.657187,3,77.800642,0.966638345979191,0.02400000000000002,True
5.96066,3,77.807043,0.9612807608799598,0.02400000000000002,True
5.561988,4,78.336459,0.9610059981277574,0.03200000000000003,True
5.511779,3,78.344166,0.9647220839979369,0.02400000000000002,True
5.533807,4,78.353793,0.9648063547679706,0.03200000000000003,True
5.819402,5,78.364388,0.9661684889624994,0.040000000000000036,True
5.520203,3,78.372317,0.9645269887524999,0.02400000000000002,True
5.679768,3,78.378729,0.960974282437533,0.02400000000000002,True
5.702149,4,78.38704,0.962025061254641,0.03200000000000003,True
5.69977,3,78.394495,0.9577817028288185,0.02400000000000002,True
5.48402,5,78.405302,0.9579775286180143,0.040000000000000036,True
5.843097,3,78.41205,0.9642261866388397,0.02400000000000002,True
5.764094,5,78.425348,0.9603080368594538,0.040000000000000036,True
5.749438,4,78.438325,0.9607568031000626,0.03200000000000003,True
5.86797,4,78.447125,0.9635929378835695,0.03200000000000003,True
5.953358,4,78.456234,0.9658594786370277,0.03200000000000003,True
5.58889,4,78.465294,0.9641757952542415,0.03200000000000003,True
5.440849,4,78.474158,0.9595296870926113,0.03200000000000003,True
5.489271,4,78.483016,0.9633183255960991,0.03200000000000003,True
5.447785,4,78.492372,0.9627024909493709,0.03200000000000003,True
5.60206,4,78.500469,0.9611845033734026,0.03200000000000003,True
5.552086,4,78.510706,0.9641693959235049,0.03200000000000003,True
5.790045,3,78.517021,0.9622141847800039,0.02400000000000002,True
5.590393,4,78.525699,0.9607347388945418,0.03200000000000003,True
5.615255,4,78.534514,0.9591934380616592,0.03200000000000003,True
5.401336,3,78.542264,0.9632944636765601,0.02400000000000002,True
5.760487,4,78.553089,0.961957109160904,0.03200000000000003,True
5.709445,4,78.562927,0.9606098729785111,0.03200000000000003,True
5.872705,4,78.571057,0.9630126138613906,0.03200000000000003,True
5.950912,4,78.580031,0.962854409208054,0.03200000000000003,True
5.634003,3,78.587229,0.9573163552680823,0.02400000000000002,True
5.66268,3,78.594274,0.963838893106451,0.02400000000000002,True
5.58362,4,78.603645,0.9606517024895457,0.03200000000000003,True
5.524572,4,78.61323,0.9594348026858641,0.03200000000000003,True
5.503193,3,78.621558,0.9594820965147506,0.02400000000000002,True
5.586313,3,78.627317,0.9635639497999784,0.02400000000000002,True
5.633538,4,78.63632,0.9606946152418373,0.03200000000000003,True
5.706606,4,78.645529,0.962818554140026,0.03200000000000003,True
5.542147,3,78.653072,0.9679089378526391,0.02400000000000002,True
5.62623,4,78.661115,0.9570206667811587,0.03200000000000003,True
5.761275,4,78.670703,0.9597734411715624,0.03200000000000003,True
5.640526,3,78.677813,0.9614568649150854,0.02400000000000002,True
5.861528,4,78.761618,0.9594573084578534,0.03200000000000003,True
5.385911,2,78.766592,0.9603448926899288,0.016000000000000014,True
5.685491,3,78.77272,0.961318009924748,0.02400000000000002,True
5.682474,4,78.78297,0.9642276882480403,0.03200000000000003,True
5.525644,2,78.787281,0.9647437114222277,0.016000000000000014,True
5.569127,5,78.799041,0.9653999478486357,0.040000000000000036,True
5.643171,4,78.807884,0.9559348502481659,0.03200000000000003,True
5.704547,3,78.815509,0.9608826760364731,0.02400000000000002,True
5.833465,4,78.825732,0.9632384993717611,0.03200000000000003,True
5.464251,4,78.835284,0.9637947166107217,0.03200000000000003,True
5.624434,3,78.841746,0.9592816770309374,0.02400000000000002,True
5.813219,4,78.851129,0.9609336282254841,0.03200000000000003,True
5.664025,3,78.858819,0.957082425796292,0.02400000000000002,True
5.716944,5,78.87025,0.962107920015304,0.040000000000000036,True
5.501405,4,78.879379,0.9640959048860982,0.03200000000000003,True
5.846525,4,78.888123,0.958609097305858,0.03200000000000003,True
6.04463,4,78.897808,0.9644619129227712,0.03200000000000003,True
5.45735,4,78.910829,0.9616312159145759,0.03200000000000003,True
5.868006,4,78.924762,0.961052089349028,0.03200000000000003,True
5.916552,5,78.940578,0.9637941149514431,0.040000000000000036,True
6.004401,3,78.950947,0.9625824591144324,0.02400000000000002,True
5.879872,5,78.968984,0.964744984764264,0.040000000000000036,True
5.542186,3,78.978705,0.9596200359058831,0.02400000000000002,True
5.729976,3,78.98926,0.962389774562248,0.02400000000000002,True
5.605059,4,79.006449,0.9585489110196328,0.03200000000000003,True
5.457521,4,79.023878,0.9632979592803684,0.03200000000000003,True
5.761687,4,79.040464,0.9618176905677589,0.03200000000000003,True
5.72997,3,79.055269,0.9630361863840171,0.02400000000000002,True
5.597781,3,79.068913,0.9635233298009895,0.02400000000000002,True
5.687597,4,79.792292,0.9598507347624969,0.03200000000000003,True
5.936509,3,79.801642,0.9568931983147331,0.02400000000000002,True
5.635344,5,79.817235,0.9594799258004643,0.040000000000000036,True
5.749398,4,79.830198,0.9631071904758911,0.03200000000000003,True
5.497856,3,79.839779,0.9574801245905182,0.02400000000000002,True
5.821824,5,79.854191,0.9602430694281969,0.040000000000000036,True
5.701664,4,79.865661,0.9608561405702734,0.03200000000000003,True
5.535997,4,79.876966,0.9565688664097644,0.03200000000000003,True
5.811374,4,79.889427,0.9614652059220388,0.03200000000000003,True
5.969492,4,79.900992,0.9590651238703877,0.03200000000000003,True
5.507319,3,79.909664,0.9614159175325359,0.02400000000000002,True
5.677638,5,79.925189,0.9638894803842508,0.040000000000000036,True
5.777599,4,79.936844,0.9617360722923102,0.03200000000000003,True
5.499755,4,79.948938,0.9607318812972148,0.03200000000000003,True
5.768771,3,79.958652,0.9600934361555925,0.02400000000000002,True
5.903,4,79.969954,0.9569547753464047,0.03200000000000003,True
5.736468,4,79.981699,0.9655910549930993,0.03200000000000003,True
6.037468,4,79.993357,0.9624859455205247,0.03200000000000003,True
5.844275,4,80.005334,0.9655975415629857,0.03200000000000003,True
5.758382,5,80.019022,0.964553701685149,0.040000000000000036,True
5.519141,3,80.028547,0.9601871047478774,0.02400000000000002,True
6.112309,5,80.042072,0.9614485569088538,0.040000000000000036,True
5.609493,5,80.056591,0.9598938445243661,0.040000000000000036,True
5.506725,3,80.064355,0.9615342203341808,0.02400000000000002,True
5.555687,4,80.075973,0.9588296609439582,0.03200000000000003,True
5.639077,4,80.09176,0.9612038271378176,0.03200000000000003,True
5.876531,3,80.102361,0.9576633109898899,0.02400000000000002,True
5.579676,4,80.114495,0.958369602106048,0.03200000000000003,True
5.593284,2,80.123708,0.9621953290601977,0.016000000000000014,True
5.740135,4,80.141274,0.9634207181967147,0.03200000000000003,True
5.692534,4,80.156447,0.9590745126565035,0.03200000000000003,True
5.473718,5,80.172562,0.9636219960394057,0.040000000000000036,True
5.729846,4,80.18418,0.9586471920492065,0.03200000000000003,True
5.570073,3,80.194314,0.9573579248761374,0.02400000000000002,True
5.730583,4,80.205854,0.9595053351576395,0.03200000000000003,True
5.604321,5,80.220783,0.9607522005777367,0.040000000000000036,True
5.73744,4,80.233215,0.9611390619051349,0.03200000000000003,True
5.756752,5,80.250563,0.9590668081439128,0.040000000000000036,True
5.753199,4,80.264567,0.9601255414642382,0.03200000000000003,True
5.427597,4,80.278163,0.9587983157735656,0.03200000000000003,True
5.662597,3,80.290487,0.9583538786410303,0.02400000000000002,True
5.593832,3,80.299364,0.9611519538257827,0.02400000000000002,True
5.728628,4,80.311373,0.9602101586025593,0.03200000000000003,True
5.695747,3,80.321061,0.9577917679594862,0.02400000000000002,True
5.494029,4,80.33272,0.9675809141393757,0.03200000000000003,True
5.552154,4,80.346266,0.9609404068790018,0.03200000000000003,True
5.466731,3,80.355545,0.9569291450567147,0.02400000000000002,True
5.807434,4,80.370091,0.9579753548152244,0.03200000000000003,True
5.900796,3,80.380571,0.9567645563185798,0.02400000000000002,True
5.746897,4,80.393008,0.9567723301854608,0.03200000000000003,True
5.850586,4,80.407307,0.9567837393068559,0.03200000000000003,True
5.700214,3,80.418048,0.9574725057155626,0.02400000000000002,True
5.626621,4,80.432343,0.9582090015914426,0.03200000000000003,True
5.557996,4,80.446429,0.9582493103230161,0.03200000000000003,True
5.773259,4,80.457482,0.9626423062867501,0.03200000000000003,True
5.502645,4,80.470587,0.961195617723895,0.03200000000000003,True
5.571164,5,80.487851,0.9653738342850615,0.040000000000000036,True
5.378643,3,80.496835,0.9639974283188766,0.02400000000000002,True
5.564681,3,80.50545,0.9648118358136386,0.02400000000000002,True
5.790134,4,80.518081,0.9632316589608318,0.03200000000000003,True
5.731107,4,80.530959,0.9620987352391033,0.03200000000000003,True
5.715703,3,80.541888,0.9573094238371808,0.02400000000000002,True
5.607584,3,80.552206,0.9588825532119065,0.02400000000000002,True
5.740936,3,80.562037,0.961912845949428,0.02400000000000002,True
5.755954,5,80.581054,0.9649654867689397,0.040000000000000036,True
5.484993,3,80.590599,0.9627085731205902,0.02400000000000002,True
5.996321,4,81.316298,0.9665201048414465,0.03200000000000003,True
5.522212,3,81.325973,0.9635652359776818,0.02400000000000002,True
5.529433,3,81.335501,0.9628848277759896,0.02400000000000002,True
5.493273,3,81.344825,0.9630149655030449,0.02400000000000002,True
6.083567,4,81.356477,0.9603407519668606,0.03200000000000003,True
5.536908,3,81.368822,0.9635596781701294,0.02400000000000002,True
5.76821,4,81.380675,0.9662022573267504,0.03200000000000003,True
5.811822,4,81.392535,0.9615176289447446,0.03200000000000003,True
5.673417,4,81.404589,0.9655810120662365,0.03200000000000003,True
5.594583,4,81.41633,0.9566810926542129,0.03200000000000003,True
5.417093,3,81.425636,0.9587745221006748,0.02400000000000002,True
5.499993,4,81.436464,0.9610853161827012,0.03200000000000003,True
5.550938,4,81.448227,0.9621833236341588,0.03200000000000003,True
5.612164,4,81.46007,0.9614006848729739,0.03200000000000003,True
5.61289,3,81.471362,0.9591039362909234,0.02400000000000002,True
5.539281,3,81.482289,0.9605816029620932,0.02400000000000002,True
5.713147,3,81.493011,0.9592042823522732,0.02400000000000002,True
5.684366,3,81.503759,0.9617429113606304,0.02400000000000002,True
5.881007,4,81.517721,0.9619151595740119,0.03200000000000003,True
5.768261,4,81.530318,0.9587095621981748,0.03200000000000003,True
5.986018,5,81.54786,0.9613332349089136,0.040000000000000036,True
5.621589,4,81.561675,0.9621139287114863,0.03200000000000003,True
5.471489,3,81.57252,0.9608703061205748,0.02400000000000002,True
5.484884,3,81.584002,0.9620545043818179,0.02400000000000002,True
5.981167,4,81.598166,0.9617116651010802,0.03200000000000003,True
5.625312,3,81.608157,0.9599037233266656,0.02400000000000002,True
5.578146,2,81.613432,0.9658635729583429,0.016000000000000014,True
6.073583,4,81.626697,0.9596393310994967,0.03200000000000003,True
5.38663,5,81.641323,0.9613875469633785,0.040000000000000036,True
5.851339,5,81.657168,0.9613330487591293,0.040000000000000036,True
5.568468,4,81.672154,0.9618113760903377,0.03200000000000003,True
5.560702,4,81.684038,0.9598802566526433,0.03200000000000003,True
5.642155,4,81.695146,0.9640441150956669,0.03200000000000003,True
5.829849,4,81.707503,0.9653086084339156,0.03200000000000003,True
5.392433,3,81.716997,0.9578928881821159,0.02400000000000002,True
5.71202,4,81.728897,0.9568758026621875,0.03200000000000003,True
5.544871,4,81.740571,0.9640479542501083,0.03200000000000003,True
5.449511,4,81.752045,0.9620866210884083,0.03200000000000003,True
5.814938,4,81.762912,0.9595332056495032,0.03200000000000003,True
5.58112,3,81.771384,0.9635921999875313,0.02400000000000002,True
5.528183,4,81.783726,0.9581588045299458,0.03200000000000003,True
5.718862,3,81.792419,0.9614796810966181,0.02400000000000002,True
5.698529,3,81.8019,0.9611633629233587,0.02400000000000002,True
5.813105,5,81.815611,0.961504658480931,0.040000000000000036,True
5.578284,4,81.828398,0.9602599759373002,0.03200000000000003,True
5.812231,3,81.838155,0.9627560081356131,0.02400000000000002,True
5.714987,4,81.850219,0.963396381916934,0.03200000000000003,True
5.725234,3,81.859066,0.9670568081393721,0.02400000000000002,True
5.702023,4,81.87057,0.9640557887383612,0.03200000000000003,True
5.589337,4,81.882736,0.9614720448147636,0.03200000000000003,True
5.406822,3,81.891747,0.9620615093531324,0.02400000000000002,True
5.487721,4,81.903688,0.960592196195843,0.03200000000000003,True
5.70463,3,81.913795,0.9586694091615607,0.02400000000000002,True
5.814207,3,81.923219,0.9610448401744645,0.02400000000000002,True
5.730166,4,81.935214,0.9623845164214351,0.03200000000000003,True
5.831415,3,81.944582,0.9604686288442565,0.02400000000000002,True
5.717367,4,81.957709,0.9614038926945487,0.03200000000000003,True
5.724298,3,81.966802,0.9595349638880796,0.02400000000000002,True
5.70708,4,81.980348,0.9598566173797298,0.03200000000000003,True
5.682536,3,81.988999,0.9699634062630452,0.02400000000000002,True
5.847458,3,81.997338,0.9572317446514685,0.02400000000000002,True
5.642369,3,82.006846,0.9641544057652378,0.02400000000000002,True
5.567432,4,82.019443,0.9627734595116092,0.03200000000000003,True
5.678645,3,82.028386,0.959677165344517,0.02400000000000002,True
5.589476,3,82.036995,0.9585320160593193,0.02400000000000002,True
5.386426,2,82.043603,0.9618458783487311,0.016000000000000014,True
5.588676,5,82.05863,0.9620483911227142,0.040000000000000036,True
5.822563,5,82.073388,0.9586854660275786,0.040000000000000036,True
5.460497,3,82.082021,0.9650554055358347,0.02400000000000002,True
5.598666,4,82.09351,0.9587410753822132,0.03200000000000003,True
5.5919,4,82.105417,0.9572101668090472,0.03200000000000003,True
5.783434,4,82.861867,0.9633470093960323,0.03200000000000003,True
5.78854,3,82.872878,0.9577607456579589,0.02400000000000002,True
5.572603,4,82.886205,0.9632008400465688,0.03200000000000003,True
5.462143,3,82.895837,0.9580920170493019,0.02400000000000002,True
5.63509,5,82.911269,0.960445245760974,0.040000000000000036,True
5.604511,3,82.922156,0.9600039021421656,0.02400000000000002,True
5.544873,4,82.935211,0.9613748846587762,0.03200000000000003,True
5.580863,4,82.947914,0.9626765650626212,0.03200000000000003,True
5.746368,4,82.962447,0.960458647946656,0.03200000000000003,True
5.78574,4,82.975201,0.9577957463488617,0.03200000000000003,True
5.820236,4,82.986628,0.9594716021741814,0.03200000000000003,True
5.770271,4,82.999493,0.960867034235255,0.03200000000000003,True
5.591254,4,83.0131,0.9663574238447032,0.03200000000000003,True
5.499972,4,83.025857,0.9621783947207342,0.03200000000000003,True
5.715969,5,83.041538,0.9632758171569294,0.040000000000000036,True
5.737315,4,83.053733,0.9627695916290899,0.03200000000000003,True
5.789375,4,83.067094,0.9584686329668958,0.03200000000000003,True
5.842671,5,83.08256,0.9570297184649413,0.040000000000000036,True
5.616112,4,83.094974,0.9599840982101978,0.03200000000000003,True
5.598594,3,83.105782,0.9634559515872755,0.02400000000000002,True
5.710788,4,83.119023,0.9573467664086597,0.03200000000000003,True
5.762601,3,83.129061,0.9627609959647478,0.02400000000000002,True
5.578753,4,83.142182,0.9643085876105806,0.03200000000000003,True
5.469175,3,83.151432,0.9625234984083525,0.02400000000000002,True
5.569811,4,83.164783,0.9584993574863592,0.03200000000000003,True
5.84662,4,83.177605,0.9594883299075665,0.03200000000000003,True
5.759728,4,83.192439,0.9646204635666602,0.03200000000000003,True
5.555048,4,83.206751,0.9636172894899824,0.03200000000000003,True
5.530718,4,83.219004,0.9631269967877484,0.03200000000000003,True
5.808777,4,83.229123,0.9614177150615454,0.03200000000000003,True
5.49717,5,83.241734,0.9601328821169646,0.040000000000000036,True
5.507444,3,83.248806,0.9665728920439945,0.02400000000000002,True
5.70583,4,83.259535,0.9608251309139314,0.03200000000000003,True
5.771991,4,83.269035,0.9634072795487165,0.03200000000000003,True
5.856455,4,83.278695,0.9628328210600259,0.03200000000000003,True
5.84832,4,83.289121,0.9587755295553683,0.03200000000000003,True
5.751391,4,83.298701,0.9618482657769525,0.03200000000000003,True
5.751228,4,83.308072,0.9634804875114831,0.03200000000000003,True
5.88549,4,83.317937,0.9592532822844304,0.03200000000000003,True
5.790588,4,83.328013,0.9624477117052027,0.03200000000000003,True
5.489581,4,83.337583,0.9626264457274547,0.03200000000000003,True
5.709973,4,83.346814,0.9599759664646266,0.03200000000000003,True
5.522289,3,83.354644,0.9611742384101354,0.02400000000000002,True
5.678282,4,83.363837,0.9655149897501495,0.03200000000000003,True
5.640524,5,83.374986,0.96012960880273,0.040000000000000036,True
5.778392,4,83.383976,0.958792237827748,0.03200000000000003,True
5.518266,3,83.391743,0.9632200598012055,0.02400000000000002,True
5.740337,4,83.401388,0.9610435739574796,0.03200000000000003,True
5.728337,5,83.414505,0.9574840920603118,0.040000000000000036,True
5.730551,4,83.42835,0.9659872786996079,0.03200000000000003,True
5.978681,4,83.442923,0.961859040685181,0.03200000000000003,True
5.688539,3,83.452343,0.9611253243562363,0.02400000000000002,True
5.610532,4,83.461862,0.9593185385552547,0.03200000000000003,True
5.593994,4,83.471423,0.9592821465528747,0.03200000000000003,True
5.993655,3,83.478636,0.9591866153028376,0.02400000000000002,True
5.936189,4,83.488076,0.9601363617883649,0.03200000000000003,True
5.764851,5,83.499301,0.963233885176937,0.040000000000000036,True
5.437124,3,83.506496,0.9654426755488017,0.02400000000000002,True
5.560376,3,83.514486,0.9575449522547159,0.02400000000000002,True
5.514104,4,83.524094,0.9610152058860579,0.03200000000000003,True
5.743492,3,83.531146,0.9647701417333199,0.02400000000000002,True
5.728898,4,83.540318,0.9640511193690648,0.03200000000000003,True
5.590441,5,83.552976,0.95649758311126,0.040000000000000036,True
5.68021,4,83.56301,0.9571821154531708,0.03200000000000003,True
5.595101,3,83.570266,0.9582393958504086,0.02400000000000002,True
5.705584,3,83.577616,0.9611298749575563,0.02400000000000002,True
5.663697,4,84.157997,0.9584471254537008,0.03200000000000003,True
5.770716,4,84.170449,0.9583129499886291,0.03200000000000003,True
5.873613,5,84.1815,0.9599964608873381,0.040000000000000036,True
5.715646,4,84.191204,0.9641145694699972,0.03200000000000003,True
5.909528,4,84.200332,0.9592593682561161,0.03200000000000003,True
5.560059,5,84.21168,0.9565587253057135,0.040000000000000036,True
5.522758,4,84.222701,0.9577546980406038,0.03200000000000003,True
5.829831,4,84.232004,0.963110080521302,0.03200000000000003,True
5.785023,4,84.241342,0.9616962929039667,0.03200000000000003,True
5.526891,2,84.245928,0.9677314204554723,0.016000000000000014,True
5.72456,3,84.252793,0.9610539961829452,0.02400000000000002,True
5.390121,2,84.258902,0.961457780239796,0.016000000000000014,True
5.625825,4,84.267824,0.9600297468437539,0.03200000000000003,True
5.520702,5,84.28691,0.9665770404259173,0.040000000000000036,True
5.436726,3,84.296202,0.9613489991230841,0.02400000000000002,True
5.560065,4,84.30524,0.9623934914183173,0.03200000000000003,True
6.104273,5,84.317116,0.9577853140894959,0.040000000000000036,True
5.888916,3,84.325012,0.9615182079579421,0.02400000000000002,True
5.531665,5,84.33593,0.9643656122379833,0.040000000000000036,True
5.876828,4,84.345206,0.9654043783657482,0.03200000000000003,True
5.729096,3,84.351974,0.9606163650821601,0.02400000000000002,True
5.704273,5,84.363078,0.9659732479774813,0.040000000000000036,True
5.912304,3,84.371164,0.9600166744385141,0.02400000000000002,True
5.665334,4,84.37972,0.9672398598479809,0.03200000000000003,True
5.9034,5,84.391195,0.9607323150046481,0.040000000000000036,True
5.930169,4,84.400566,0.9633733025767829,0.03200000000000003,True
5.940079,4,84.409413,0.9638713854225005,0.03200000000000003,True
5.771186,4,84.419324,0.9562779280579493,0.03200000000000003,True
5.524906,3,84.427703,0.959614527212652,0.02400000000000002,True
5.952529,4,84.440516,0.9637554245597333,0.03200000000000003,True
5.764488,4,84.450356,0.9596046733840514,0.03200000000000003,True
5.927361,4,84.463236,0.9623151671913347,0.03200000000000003,True
5.624115,4,84.476608,0.9652300828633136,0.03200000000000003,True
5.638341,5,84.489823,0.9637471232374991,0.040000000000000036,True
5.900042,5,84.500152,0.9582436389308282,0.040000000000000036,True
5.793245,4,84.509036,0.9627662175018852,0.03200000000000003,True
5.719066,5,84.521156,0.961482440659476,0.040000000000000036,True
5.497681,3,84.527255,0.9633893403860945,0.02400000000000002,True
5.832526,5,84.538723,0.9606508257036044,0.040000000000000036,True
5.422613,4,84.547303,0.9642468333323666,0.03200000000000003,True
5.969901,4,84.556348,0.9632815471917111,0.03200000000000003,True
5.484462,3,84.563248,0.9604747393832122,0.02400000000000002,True
5.599801,4,84.572282,0.9636047875318184,0.03200000000000003,True
5.629667,4,84.58141,0.9606705594771159,0.03200000000000003,True
5.777754,5,84.59364,0.9622763912371004,0.040000000000000036,True
5.856681,5,84.605626,0.957375901830883,0.040000000000000036,True
5.551777,4,84.616661,0.9587393854498176,0.03200000000000003,True
5.960314,3,84.62408,0.9589817561044042,0.02400000000000002,True
5.678505,5,84.635205,0.9605813248069489,0.040000000000000036,True
5.610637,4,84.644156,0.9589675171859509,0.03200000000000003,True
5.465178,3,84.651004,0.9626473336960307,0.02400000000000002,True
5.67004,4,84.660735,0.9611924432297383,0.03200000000000003,True
5.795171,3,84.666371,0.9593935377527043,0.02400000000000002,True
5.675664,5,84.678805,0.9620208910666168,0.040000000000000036,True
5.762395,4,84.687474,0.9578945445960495,0.03200000000000003,True
5.95054,3,84.694178,0.9635949798606684,0.02400000000000002,True
5.6246,3,84.700867,0.9618810862117841,0.02400000000000002,True
5.392549,4,84.709797,0.9588220424934549,0.03200000000000003,True
5.811127,4,84.718752,0.9618512808477719,0.03200000000000003,True
5.642365,4,84.727111,0.9611639769280671,0.03200000000000003,True
5.512671,3,84.734337,0.9650443257737713,0.02400000000000002,True
5.78047,4,84.743062,0.9612570144601162,0.03200000000000003,True
5.63706,4,84.751894,0.9622301919076253,0.03200000000000003,True
5.549048,5,84.76297,0.9648408475477525,0.040000000000000036,True
5.522086,4,84.771908,0.9593544318410976,0.03200000000000003,True
5.41723,3,85.290524,0.9570442791978939,0.02400000000000002,True
5.64491,5,85.302921,0.9638160455397942,0.040000000000000036,True
5.606947,3,85.310256,0.9642933249088056,0.02400000000000002,True
5.866336,4,85.319411,0.9585416000511418,0.03200000000000003,True
5.456148,3,85.326096,0.9618804382747619,0.02400000000000002,True
5.779111,5,85.338267,0.9578160249024226,0.040000000000000036,True
5.675937,4,85.347131,0.9649290670492254,0.03200000000000003,True
5.766006,4,85.356053,0.9604939421605906,0.03200000000000003,True
5.475509,3,85.363561,0.9588318205957103,0.02400000000000002,True
5.671368,3,85.371739,0.9633676723579199,0.02400000000000002,True
5.47534,4,85.381035,0.959887572502131,0.03200000000000003,True
5.791069,3,85.388955,0.9566937443435457,0.02400000000000002,True
5.727395,5,85.399995,0.966919263493859,0.040000000000000036,True
5.882363,4,85.410408,0.9622538995858343,0.03200000000000003,True
5.811581,4,85.420109,0.96022609796859,0.03200000000000003,True
5.519093,4,85.431503,0.9622595002152792,0.03200000000000003,True
5.752145,4,85.442384,0.9604548342314471,0.03200000000000003,True
5.635177,3,85.448337,0.9589360809079841,0.02400000000000002,True
5.780984,3,85.455566,0.9636277264371764,0.02400000000000002,True
5.647061,4,85.464747,0.9585049972731047,0.03200000000000003,True
5.939256,3,85.472369,0.9599383042331434,0.02400000000000002,True
5.761568,3,85.479404,0.9623731352591975,0.02400000000000002,True
6.012895,4,85.490222,0.9618627699089121,0.03200000000000003,True
5.582061,4,85.504766,0.9597448372460482,0.03200000000000003,True
5.747327,4,85.51731,0.9587590006037909,0.03200000000000003,True
5.878788,4,85.527424,0.9656530020509646,0.03200000000000003,True
5.761518,4,85.537228,0.9582314496325468,0.03200000000000003,True
5.668724,5,85.548347,0.9628392139876158,0.040000000000000036,True
5.787168,5,85.55937,0.9624742763590461,0.040000000000000036,True
5.707569,5,85.570593,0.9651701959852943,0.040000000000000036,True
5.564031,3,85.577712,0.9582978188630727,0.02400000000000002,True
5.493281,4,85.663309,0.9633627750814193,0.03200000000000003,True
5.475634,3,85.670861,0.956957180461214,0.02400000000000002,True
5.58191,4,85.681082,0.9599328011416755,0.03200000000000003,True
5.709599,4,85.69028,0.962515881949834,0.03200000000000003,True
5.683577,3,85.696144,0.9660994505439996,0.02400000000000002,True
5.609134,4,85.704963,0.9596707213213538,0.03200000000000003,True
5.702278,4,85.715664,0.9594535528189632,0.03200000000000003,True
5.669741,4,85.723976,0.9606306659753423,0.03200000000000003,True
5.720945,4,85.733131,0.9578276564029415,0.03200000000000003,True
5.731829,5,85.744834,0.9583373672396092,0.040000000000000036,True
5.521639,4,85.753963,0.9636187226080616,0.03200000000000003,True
5.653927,5,85.766422,0.9617887832047873,0.040000000000000036,True
5.761299,4,85.775108,0.9645484099199862,0.03200000000000003,True
6.088015,4,85.784493,0.9599739442792575,0.03200000000000003,True
5.713316,3,85.792013,0.9621666817124179,0.02400000000000002,True
5.472263,4,85.801364,0.9655946705754306,0.03200000000000003,True
6.032515,4,85.81065,0.9633948069755671,0.03200000000000003,True
5.8519,4,85.819847,0.961440129786735,0.03200000000000003,True
5.619344,5,85.831091,0.9640154878147236,0.040000000000000036,True
5.775406,5,85.843103,0.9641611911690151,0.040000000000000036,True
5.527869,3,85.852158,0.961473776763902,0.02400000000000002,True
5.645784,4,85.862311,0.9616476275647263,0.03200000000000003,True
5.824021,4,85.872326,0.9654387917348324,0.03200000000000003,True
5.85764,4,85.883706,0.9629714353791474,0.03200000000000003,True
5.751724,3,85.89107,0.9602138925610996,0.02400000000000002,True
5.536912,4,85.900007,0.961757867517721,0.03200000000000003,True
5.468202,3,85.907109,0.9639758773339175,0.02400000000000002,True
5.589712,3,85.914375,0.9645246364527295,0.02400000000000002,True
6.004558,4,85.923348,0.9601501232394302,0.03200000000000003,True
5.75063,4,85.931385,0.9628670421861328,0.03200000000000003,True
5.563915,4,85.940755,0.9593192362311374,0.03200000000000003,True
5.438736,3,85.947886,0.9608145455861321,0.02400000000000002,True
5.880697,4,85.957007,0.9625552563846833,0.03200000000000003,True
5.886398,4,85.966392,0.9602357672367304,0.03200000000000003,True
5.557869,4,85.974985,0.9616203907824086,0.03200000000000003,True
5.593689,4,86.492338,0.967472119172581,0.03200000000000003,True
5.534172,4,86.502134,0.9624939975669377,0.03200000000000003,True
5.862918,5,86.513134,0.9597911235007779,0.040000000000000036,True
5.382061,3,86.520764,0.9618073339217319,0.02400000000000002,True
5.556164,5,86.537143,0.9640571751226177,0.040000000000000036,True
5.507179,3,86.547099,0.9588174597359339,0.02400000000000002,True
5.93901,4,86.560599,0.956850856833994,0.03200000000000003,True
5.756596,4,86.569964,0.9624562987211085,0.03200000000000003,True
5.584017,4,86.579543,0.9596136913881135,0.03200000000000003,True
5.856626,4,86.587876,0.9642704964585836,0.03200000000000003,True
5.881158,5,86.600001,0.9658106807804325,0.040000000000000036,True
5.550172,4,86.608704,0.9557887004743739,0.03200000000000003,True
5.741134,4,86.619679,0.9602452295991167,0.03200000000000003,True
5.77244,4,86.627841,0.9662988762537188,0.03200000000000003,True
5.52931,4,86.637097,0.9577615433579288,0.03200000000000003,True
5.84303,2,86.642902,0.957882391227993,0.016000000000000014,True
5.608275,4,86.654102,0.9605803712570584,0.03200000000000003,True
5.7588,4,86.664907,0.9681326995232686,0.03200000000000003,True
5.859111,4,86.674081,0.9610828741355418,0.03200000000000003,True
5.448723,3,86.681155,0.9653410663540765,0.02400000000000002,True
5.665457,5,86.693024,0.9627718278012258,0.040000000000000036,True
5.984446,4,86.701817,0.9608891367038057,0.03200000000000003,True
5.602877,4,86.710457,0.9639790588725246,0.03200000000000003,True
5.740583,4,86.71958,0.957958299934348,0.03200000000000003,True
5.729158,4,86.728282,0.9564175964615225,0.03200000000000003,True
5.921434,5,86.74051,0.9603459157218888,0.040000000000000036,True
5.814018,4,86.749217,0.9610125711964668,0.03200000000000003,True
5.6308,4,86.757184,0.9642176150457691,0.03200000000000003,True
5.750992,4,86.765973,0.9626959822690797,0.03200000000000003,True
5.759829,4,86.775047,0.9623022749749293,0.03200000000000003,True
5.858269,5,86.786463,0.9603076607877861,0.040000000000000036,True
5.931393,4,86.795444,0.9620000253438785,0.03200000000000003,True
5.664643,5,86.806791,0.9590357014094715,0.040000000000000036,True
5.559542,3,86.8137,0.9631572554503209,0.02400000000000002,True
5.742869,3,86.820662,0.9576097463281982,0.02400000000000002,True
5.714411,3,86.827929,0.9605262247383404,0.02400000000000002,True
5.604232,4,86.836366,0.9596821611223403,0.03200000000000003,True
5.398561,3,86.843772,0.9602012513809841,0.02400000000000002,True
5.489354,3,86.85154,0.9596524481965311,0.02400000000000002,True
5.650781,5,86.864974,0.9646875801489868,0.040000000000000036,True
5.641294,4,86.874045,0.9595064711292114,0.03200000000000003,True
5.960966,4,86.883081,0.962857813290231,0.03200000000000003,True
5.604816,4,86.892637,0.9634538373415933,0.03200000000000003,True
5.74802,4,86.901623,0.9605451529083862,0.03200000000000003,True
5.586751,4,86.910356,0.9655320914057111,0.03200000000000003,True
5.563235,4,86.919886,0.9617596695507665,0.03200000000000003,True
5.677703,4,86.928019,0.9596296793339446,0.03200000000000003,True
5.782131,4,86.938246,0.9590010352385772,0.03200000000000003,True
5.853954,5,86.950232,0.9645535249986972,0.040000000000000036,True
5.817979,3,86.957013,0.9592708660718683,0.02400000000000002,True
5.803567,4,86.965353,0.9616403369306565,0.03200000000000003,True
5.900893,4,86.975151,0.9592505124676056,0.03200000000000003,True
5.512812,4,86.984167,0.9612089887073996,0.03200000000000003,True
5.489493,4,86.993919,0.9568181400112212,0.03200000000000003,True
5.455038,3,87.001853,0.9649136862209858,0.02400000000000002,True
5.7648,4,87.010278,0.9644233001204835,0.03200000000000003,True
5.706028,5,87.022405,0.9593949184584909,0.040000000000000036,True
5.609264,5,87.033595,0.9613179164292738,0.040000000000000036,True
5.64758,3,87.04036,0.9580957916398007,0.02400000000000002,True
5.406802,3,87.047589,0.9599490787043627,0.02400000000000002,True
5.587221,4,87.056688,0.9674081254593135,0.03200000000000003,True
5.78296,4,87.065958,0.9572589518994605,0.03200000000000003,True
5.696592,4,87.075114,0.9622790110175119,0.03200000000000003,True
5.810873,4,87.083754,0.9600704057541694,0.03200000000000003,True
5.463957,3,87.091215,0.9610032127252275,0.02400000000000002,True
5.595506,5,87.676885,0.9608432392379102,0.040000000000000036,True
5.50725,3,87.683823,0.9614065560189022,0.02400000000000002,True
5.790085,4,87.692735,0.9638953563101964,0.03200000000000003,True
5.517119,4,87.703099,0.9602836328925057,0.03200000000000003,True
5.933856,4,87.712186,0.9614465801299372,0.03200000000000003,True
5.635168,3,87.718849,0.966074593344021,0.02400000000000002,True
5.590878,3,87.725203,0.9587292734537843,0.02400000000000002,True
5.6754,4,87.736059,0.9613458649132247,0.03200000000000003,True
5.84638,4,87.745214,0.9600205544965259,0.03200000000000003,True
5.831436,4,87.754188,0.956455015970934,0.03200000000000003,True
5.640061,3,87.760999,0.9641564637918155,0.02400000000000002,True
5.609282,5,87.772388,0.9585966698875554,0.040000000000000036,True
5.792694,3,87.781048,0.9613097102927511,0.02400000000000002,True
5.715567,4,87.791093,0.9590680520201043,0.03200000000000003,True
5.529904,4,87.802902,0.9612334323832941,0.03200000000000003,True
5.41774,2,87.807999,0.9652527359788663,0.016000000000000014,True
5.522701,4,87.819251,0.9611490742319702,0.03200000000000003,True
5.989589,4,87.827448,0.9613244787221779,0.03200000000000003,True
5.58819,4,87.837891,0.959576738138921,0.03200000000000003,True
5.561077,4,87.846249,0.958319324573546,0.03200000000000003,True
5.666282,4,87.857824,0.9598846536432112,0.03200000000000003,True
5.621842,4,87.867296,0.9630651035341307,0.03200000000000003,True
5.726138,4,87.876751,0.9646272840632913,0.03200000000000003,True
5.487353,3,87.883776,0.9590400370735582,0.02400000000000002,True
5.728891,4,87.892943,0.9645850939970143,0.03200000000000003,True
5.690049,4,87.902851,0.967500018682878,0.03200000000000003,True
5.598325,3,87.910113,0.9599902029220886,0.02400000000000002,True
5.614287,5,87.920691,0.959617824718441,0.040000000000000036,True
5.660044,3,87.928344,0.9622226291196796,0.02400000000000002,True
5.766318,4,87.938626,0.9626796960475563,0.03200000000000003,True
5.54743,4,87.947722,0.9589733303144614,0.03200000000000003,True
5.585692,3,87.955297,0.9654766231613565,0.02400000000000002,True
5.589949,4,87.964202,0.9614285462855122,0.03200000000000003,True
6.007882,4,87.973414,0.9615019916367552,0.03200000000000003,True
5.718457,4,87.982414,0.9603256340075221,0.03200000000000003,True
5.601358,4,87.99126,0.961431275552052,0.03200000000000003,True
5.687559,5,88.001709,0.9612648956800793,0.040000000000000036,True
5.726166,3,88.009117,0.9626664205564383,0.02400000000000002,True
5.408447,3,88.015092,0.9601971235332194,0.02400000000000002,True
5.835086,4,88.025144,0.9655452614734856,0.03200000000000003,True
5.68709,4,88.034574,0.9653464104436799,0.03200000000000003,True
5.568242,2,88.039873,0.9583969550750722,0.016000000000000014,True
5.750639,3,88.045624,0.9629836843295373,0.02400000000000002,True
5.438906,3,88.053389,0.9616376420425927,0.02400000000000002,True
5.690087,3,88.06157,0.9593888294953483,0.02400000000000002,True
5.844843,4,88.070489,0.9569260258097465,0.03200000000000003,True
5.997927,3,88.077842,0.9631693429797342,0.02400000000000002,True
5.55443,4,88.086996,0.9677108189141242,0.03200000000000003,True
5.580535,4,88.096035,0.9627030718982353,0.03200000000000003,True
5.728173,3,88.104078,0.9576305471770361,0.02400000000000002,True
5.992078,4,88.113927,0.9571307267117837,0.03200000000000003,True
5.603428,4,88.124145,0.964859029290102,0.03200000000000003,True
5.576041,4,88.135061,0.9591387481400497,0.03200000000000003,True
5.769242,4,88.14526,0.9577967571314872,0.03200000000000003,True
5.537981,4,88.156058,0.9631066119313841,0.03200000000000003,True
5.573024,5,88.167271,0.9604670526257186,0.040000000000000036,True
5.722016,5,88.179098,0.9614899961987631,0.040000000000000036,True
5.7763,4,88.189006,0.9559632346085787,0.03200000000000003,True
5.594046,4,88.198191,0.9595053094829136,0.03200000000000003,True
5.46895,3,88.206053,0.9609669479482561,0.02400000000000002,True
5.64808,3,88.213099,0.962718847972966,0.02400000000000002,True
5.777158,4,88.223046,0.9594302758563356,0.03200000000000003,True
6.030501,4,88.231892,0.9642833917761096,0.03200000000000003,True
5.877859,5,88.242679,0.9584654388049756,0.040000000000000036,True
5.478736,3,88.250093,0.9592154078405235,0.02400000000000002,True
5.82974,4,88.259557,0.9616527894956997,0.03200000000000003,True
5.498891,4,88.268675,0.9596781820742546,0.03200000000000003,True
5.451628,3,88.276342,0.9592222690120122,0.02400000000000002,True
5.870005,4,88.812036,0.9586714869512014,0.03200000000000003,True
5.456331,3,88.819917,0.9623871762838467,0.02400000000000002,True
5.74131,4,88.828579,0.966091792267789,0.03200000000000003,True
5.52801,5,88.83962,0.9625288178756,0.040000000000000036,True
5.616169,4,88.849504,0.9594874708890158,0.03200000000000003,True
5.469027,3,88.857672,0.9621137505798658,0.02400000000000002,True
5.529645,2,88.862344,0.9587063674359154,0.016000000000000014,True
5.563811,3,88.869853,0.9627057321213073,0.02400000000000002,True
5.767097,4,88.878383,0.9628983309658106,0.03200000000000003,True
5.66057,3,88.885778,0.9614718953981468,0.02400000000000002,True
5.936726,5,88.896662,0.9630172309528726,0.040000000000000036,True
5.728958,3,88.903909,0.9562714429894341,0.02400000000000002,True
5.454579,4,88.913661,0.9637046806249954,0.03200000000000003,True
5.625442,4,88.922724,0.9622125316385659,0.03200000000000003,True
5.786149,4,88.934252,0.964461771130769,0.03200000000000003,True
5.873767,4,88.943508,0.9601892188610707,0.03200000000000003,True
5.817442,4,88.952901,0.9607695612471041,0.03200000000000003,True
5.617497,4,88.961965,0.9647913779017533,0.03200000000000003,True
5.759991,4,88.970725,0.9597653592559976,0.03200000000000003,True
5.884625,3,88.977642,0.9631264882628657,0.02400000000000002,True
5.768168,4,88.986069,0.9602196428680768,0.03200000000000003,True
6.041672,4,88.99643,0.9595077812492034,0.03200000000000003,True
5.491104,4,89.003942,0.9643900115079367,0.03200000000000003,True
5.718589,4,89.014218,0.9593495201370987,0.03200000000000003,True
5.729287,5,89.025816,0.9601513508743913,0.040000000000000036,True
5.793535,4,89.035886,0.9592471750956852,0.03200000000000003,True
6.045948,4,89.045115,0.9612689047175595,0.03200000000000003,True
5.60429,5,89.056612,0.9599451901701337,0.040000000000000036,True
5.74504,3,89.064217,0.9672117646464231,0.02400000000000002,True
5.671931,5,89.074693,0.9591901701750836,0.040000000000000036,True
5.712949,4,89.083622,0.9602457574492856,0.03200000000000003,True
5.852547,4,89.093372,0.9594069199283817,0.03200000000000003,True
5.503663,3,89.100405,0.9581200120639514,0.02400000000000002,True
5.845514,5,89.112612,0.958232610157847,0.040000000000000036,True
5.498386,4,89.122151,0.9599660409758359,0.03200000000000003,True
5.442351,4,89.131402,0.9657467573175051,0.03200000000000003,True
5.945228,3,89.139479,0.961286448430955,0.02400000000000002,True
5.646316,5,89.150461,0.9552222235791623,0.040000000000000036,True
5.478973,3,89.158016,0.95914396891927,0.02400000000000002,True
5.839466,4,89.167031,0.9607473040313634,0.03200000000000003,True
5.563949,4,89.176738,0.9623549403955005,0.03200000000000003,True
5.473006,3,89.18497,0.9615548850338034,0.02400000000000002,True
5.57741,4,89.193752,0.9599196381089434,0.03200000000000003,True
5.668877,4,89.203047,0.9658303368873876,0.03200000000000003,True
5.823036,3,89.210681,0.9634134647119457,0.02400000000000002,True
5.563318,4,89.220021,0.95806117880886,0.03200000000000003,True
5.760801,4,89.228943,0.9597377453350844,0.03200000000000003,True
5.659396,5,89.240278,0.9630456300112507,0.040000000000000036,True
5.75415,3,89.248111,0.9637647010185078,0.02400000000000002,True
5.5401,4,89.258956,0.9604811820183112,0.03200000000000003,True
5.465198,3,89.267983,0.9583077450656063,0.02400000000000002,True
5.571831,4,89.279948,0.9612827283951557,0.03200000000000003,True
5.786529,5,89.291397,0.9636992754274132,0.040000000000000036,True
5.776974,4,89.301145,0.9596021697458117,0.03200000000000003,True
5.652458,4,89.311269,0.9575016090167235,0.03200000000000003,True
5.61865,3,89.318496,0.9593902861233438,0.02400000000000002,True
5.278107,2,89.322402,0.9610066055234524,0.016000000000000014,True
5.492925,3,89.330023,0.961792967798411,0.02400000000000002,True
5.811316,4,89.339386,0.9616575911785545,0.03200000000000003,True
5.793518,4,89.3492,0.9615628171914742,0.03200000000000003,True
5.558959,4,89.358285,0.9610375565827005,0.03200000000000003,True
5.811753,4,89.366892,0.9610829908829721,0.03200000000000003,True
5.662192,3,89.373788,0.9616608814622967,0.02400000000000002,True
5.64337,5,89.385267,0.9598233218371699,0.040000000000000036,True
5.418566,3,89.392334,0.9577197001397588,0.02400000000000002,True
5.962275,3,89.404956,0.9665093154562896,0.02400000000000002,True
5.967142,3,89.41318,0.9593622737992246,0.02400000000000002,True
5.803192,4,89.422802,0.9606924574829343,0.03200000000000003,True
5.430278,3,89.948231,0.9575720685115796,0.02400000000000002,True
5.625358,3,89.956068,0.9612124466263934,0.02400000000000002,True
5.620533,4,89.964998,0.9592554762712169,0.03200000000000003,True
5.824248,4,89.974973,0.9630689643996567,0.03200000000000003,True
5.624926,3,89.981126,0.9619669403210668,0.02400000000000002,True
5.572881,4,89.990012,0.9597153653214113,0.03200000000000003,True
5.622519,4,89.998287,0.9583005789396553,0.03200000000000003,True
5.656797,4,90.007598,0.9617143859932324,0.03200000000000003,True
5.584707,4,90.017948,0.9638269278423321,0.03200000000000003,True
5.749961,4,90.027034,0.9623185845522326,0.03200000000000003,True
5.412503,3,90.033598,0.9582708346610194,0.02400000000000002,True
5.776948,4,90.042373,0.9605745926067359,0.03200000000000003,True
5.836925,3,90.050208,0.9602808453751095,0.02400000000000002,True
5.564107,3,90.05777,0.9595449497606252,0.02400000000000002,True
5.396187,3,90.064693,0.9630449117191222,0.02400000000000002,True
5.475662,3,90.070888,0.964519914156972,0.02400000000000002,True
5.80324,5,90.083374,0.9608199169946385,0.040000000000000036,True
5.787455,4,90.092473,0.9606501296249838,0.03200000000000003,True
5.877993,3,90.10067,0.963649910816341,0.02400000000000002,True
5.877436,4,90.110517,0.9630391478055951,0.03200000000000003,True
5.805791,4,90.119998,0.9587098493752477,0.03200000000000003,True
5.444508,3,90.128208,0.9655359277126747,0.02400000000000002,True
5.984923,4,90.137717,0.9597508235717501,0.03200000000000003,True
5.868844,4,90.147001,0.9612476545887636,0.03200000000000003,True
5.454415,3,90.155004,0.9589752499295705,0.02400000000000002,True
5.703395,4,90.16447,0.9601598263498132,0.03200000000000003,True
5.882903,4,90.174717,0.9613069024633063,0.03200000000000003,True
5.869887,4,90.183878,0.9592975667668673,0.03200000000000003,True
5.92662,4,90.194201,0.9599797368482746,0.03200000000000003,True
6.06367,4,90.203333,0.9613858773082717,0.03200000000000003,True
5.73544,4,90.212564,0.9609416050485426,0.03200000000000003,True
5.564641,4,90.222442,0.9646788390655892,0.03200000000000003,True
5.650119,4,90.231224,0.959902452827657,0.03200000000000003,True
5.784856,5,90.241753,0.9652848195559023,0.040000000000000036,True
5.624394,2,90.245971,0.9596667048342737,0.016000000000000014,True
5.680781,3,90.253203,0.9678474821085463,0.02400000000000002,True
5.685053,3,90.260123,0.9592435259579576,0.02400000000000002,True
5.762853,3,90.267593,0.9615485464671478,0.02400000000000002,True
5.91679,3,90.275276,0.9609255930210152,0.02400000000000002,True
5.886227,4,90.285834,0.9586096554896939,0.03200000000000003,True
5.772501,4,90.296744,0.9617775411832448,0.03200000000000003,True
5.791746,4,90.308284,0.9598643221305002,0.03200000000000003,True
5.852293,4,90.317362,0.963050495508122,0.03200000000000003,True
5.346225,2,90.324914,0.9611746889533634,0.016000000000000014,True
5.651597,5,90.336589,0.9617943649332148,0.040000000000000036,True
5.524281,3,90.343763,0.9613773067670228,0.02400000000000002,True
5.617861,4,90.353018,0.9618047833804961,0.03200000000000003,True
5.54436,4,90.361868,0.9629703205754869,0.03200000000000003,True
5.638187,2,90.367114,0.9633309041237074,0.016000000000000014,True
5.632416,4,90.3771,0.9633569880320527,0.03200000000000003,True
5.783913,4,90.386006,0.9607947442679142,0.03200000000000003,True
5.776746,4,90.395731,0.9592214406529871,0.03200000000000003,True
6.040198,5,90.406802,0.9623181041612308,0.040000000000000036,True
5.769371,5,90.419801,0.9631926939518862,0.040000000000000036,True
5.625949,4,90.428631,0.9621686229071886,0.03200000000000003,True
5.430689,4,90.438652,0.9598718951408871,0.03200000000000003,True
5.814391,4,90.447465,0.9640414567169804,0.03200000000000003,True
5.711556,4,90.457797,0.9609164503545243,0.03200000000000003,True
5.589395,4,90.467145,0.9620536472125291,0.03200000000000003,True
5.598595,4,90.476799,0.9612926765039205,0.03200000000000003,True
5.716397,3,90.484633,0.9620403621429808,0.02400000000000002,True
5.667552,4,90.493234,0.9614301244094203,0.03200000000000003,True
5.89069,4,90.502987,0.964587913000747,0.03200000000000003,True
5.681325,3,90.509731,0.9562472645288536,0.02400000000000002,True
5.622814,5,90.521815,0.9577464430627065,0.040000000000000036,True
5.77442,4,90.530788,0.9609602039980789,0.03200000000000003,True
5.823611,5,90.541386,0.9663962644775873,0.040000000000000036,True
5.553115,4,90.551671,0.9619419097690305,0.03200000000000003,True
5.851315,4,91.087476,0.9626477878080527,0.03200000000000003,True
6.041958,4,91.097637,0.9657774492818516,0.03200000000000003,True
5.581564,4,91.106776,0.9632699186677214,0.03200000000000003,True
5.617919,3,91.119118,0.9666813786606773,0.02400000000000002,True
5.665005,5,91.130151,0.9587733259079434,0.040000000000000036,True
5.755884,4,91.140373,0.9639470187407684,0.03200000000000003,True
5.515895,3,91.147646,0.9617264894075599,0.02400000000000002,True
5.815902,5,91.159607,0.959771605494071,0.040000000000000036,True
5.823891,4,91.168094,0.9608482438889551,0.03200000000000003,True
5.799758,4,91.178863,0.9633383034014504,0.03200000000000003,True
5.431254,4,91.188209,0.9624684675620525,0.03200000000000003,True
5.598848,4,91.197189,0.9590814578020108,0.03200000000000003,True
5.603363,4,91.206348,0.9612622897299726,0.03200000000000003,True
5.709945,4,91.216873,0.9609533303961963,0.03200000000000003,True
5.50435,4,91.225513,0.9613629258435229,0.03200000000000003,True
5.813297,4,91.234819,0.9674053073400342,0.03200000000000003,True
5.670939,4,91.244256,0.9582913600516255,0.03200000000000003,True
5.77628,4,91.254284,0.9650051183287871,0.03200000000000003,True
5.592392,4,91.264174,0.9605982691024332,0.03200000000000003,True
5.948916,3,91.270909,0.9628614865139251,0.02400000000000002,True
5.791825,3,91.277746,0.9626231889112442,0.02400000000000002,True
5.692142,5,91.289717,0.9651547467724909,0.040000000000000036,True
5.566158,4,91.298667,0.9595215983169543,0.03200000000000003,True
5.82157,4,91.379281,0.9646923706359378,0.03200000000000003,True
5.662206,3,91.386509,0.9578879466229862,0.02400000000000002,True
5.508352,3,91.394186,0.9606520812579292,0.02400000000000002,True
5.759137,4,91.403878,0.9593643166221008,0.03200000000000003,True
5.657372,3,91.411431,0.9614499398597098,0.02400000000000002,True
5.760527,5,91.42207,0.957441854263194,0.040000000000000036,True
5.537746,4,91.431668,0.959901904281325,0.03200000000000003,True
5.526582,4,91.441065,0.9589059011651246,0.03200000000000003,True
5.555103,4,91.450018,0.9573126217900501,0.03200000000000003,True
5.758718,4,91.459142,0.9606761091244698,0.03200000000000003,True
5.480057,4,91.469359,0.9633932777948548,0.03200000000000003,True
5.51667,4,91.480299,0.9656096677794661,0.03200000000000003,True
5.977718,4,91.493149,0.9681148554534708,0.03200000000000003,True
5.712193,4,91.504422,0.961487349521381,0.03200000000000003,True
5.716932,4,91.515146,0.9613603164222618,0.03200000000000003,True
6.067038,4,91.525655,0.9616159586968407,0.03200000000000003,True
5.774542,5,91.53797,0.95955901562741,0.040000000000000036,True
5.790157,4,91.549288,0.9625062765318672,0.03200000000000003,True
5.500783,3,91.558027,0.9588993286401062,0.02400000000000002,True
5.751607,3,91.566777,0.9622483074465975,0.02400000000000002,True
5.499284,3,91.575406,0.9611926257775932,0.02400000000000002,True
5.743813,3,91.583926,0.9594526183525904,0.02400000000000002,True
5.709497,5,91.598455,0.9599713882322842,0.040000000000000036,True
5.994766,4,91.608206,0.9573517964404586,0.03200000000000003,True
5.449841,3,91.615566,0.9618657857046606,0.02400000000000002,True
5.538428,5,91.627079,0.959866504523782,0.040000000000000036,True
5.823472,4,91.637157,0.962980527985065,0.03200000000000003,True
5.59505,4,91.648307,0.9612189823093938,0.03200000000000003,True
5.669345,3,91.657325,0.9619034324149897,0.02400000000000002,True
5.535276,4,91.669238,0.9570292937294352,0.03200000000000003,True
5.594011,3,91.676508,0.9586422157898926,0.02400000000000002,True
5.930755,4,91.685242,0.9589612458917446,0.03200000000000003,True
5.64523,4,91.694742,0.9643241145335844,0.03200000000000003,True
5.717336,4,91.703446,0.9599812936913901,0.03200000000000003,True
5.692461,4,91.712128,0.9597946289742283,0.03200000000000003,True
5.892077,5,91.726568,0.9621331329630427,0.040000000000000036,True
5.695821,4,91.740566,0.9603645299494777,0.03200000000000003,True
5.581376,4,91.755716,0.9628220458233218,0.03200000000000003,True
5.575947,4,91.765181,0.9598206213139495,0.03200000000000003,True
5.584767,4,91.773956,0.9645334329414852,0.03200000000000003,True
6.122999,4,91.783262,0.9586954092590462,0.03200000000000003,True
5.857006,4,91.791932,0.9653352118738553,0.03200000000000003,True
5.801172,5,92.311505,0.9619726545963838,0.040000000000000036,True
5.821758,4,92.321211,0.9646683096188805,0.03200000000000003,True
5.525439,3,92.328561,0.9626365423458805,0.02400000000000002,True
5.416298,4,92.338102,0.963532988227221,0.03200000000000003,True
5.484821,3,92.345445,0.9679776482546542,0.02400000000000002,True
6.021072,3,92.35307,0.9588763799541048,0.02400000000000002,True
5.801311,4,92.361084,0.9634507121660005,0.03200000000000003,True
5.760768,4,92.370542,0.960812647967227,0.03200000000000003,True
5.594913,4,92.380463,0.9609332972699629,0.03200000000000003,True
5.763368,3,92.387751,0.961409380060412,0.02400000000000002,True
5.471556,4,92.397181,0.9630540259741887,0.03200000000000003,True
5.620817,5,92.409744,0.9608752828737909,0.040000000000000036,True
5.684729,3,92.417417,0.9597569210819596,0.02400000000000002,True
5.607556,4,92.428172,0.9584904276715591,0.03200000000000003,True
5.480633,4,92.441501,0.9583670537516689,0.03200000000000003,True
5.982044,4,92.451693,0.9610717223083735,0.03200000000000003,True
5.689151,3,92.459485,0.9638823082074767,0.02400000000000002,True
5.827266,4,92.468495,0.9634557211458277,0.03200000000000003,True
5.709671,4,92.477757,0.9691784662378828,0.03200000000000003,True
5.597021,2,92.482956,0.9570637920065915,0.016000000000000014,True
5.571174,5,92.494216,0.9562397915258762,0.040000000000000036,True
5.470713,3,92.501995,0.9570470030039666,0.02400000000000002,True
5.853693,4,92.510926,0.9617269911217227,0.03200000000000003,True
5.649063,3,92.518973,0.9653185211249038,0.02400000000000002,True
5.49871,3,92.52595,0.9634420578459775,0.02400000000000002,True
5.598431,3,92.534016,0.9591616163619227,0.02400000000000002,True
5.745785,3,92.541427,0.9593423943181207,0.02400000000000002,True
5.438697,4,92.551015,0.9613783077986056,0.03200000000000003,True
5.601845,5,92.562965,0.9675482430561857,0.040000000000000036,True
5.689486,5,92.574979,0.9661107449831758,0.040000000000000036,True
5.672637,3,92.582376,0.9597585420831812,0.02400000000000002,True
5.621172,4,92.592329,0.9615607911337396,0.03200000000000003,True
5.789696,4,92.601878,0.9567725383061659,0.03200000000000003,True
5.480507,3,92.609973,0.9574199515878706,0.02400000000000002,True
5.686984,4,92.619704,0.9590750885754609,0.03200000000000003,True
5.653444,3,92.627362,0.9604813530094206,0.02400000000000002,True
5.585408,4,92.637197,0.9584238663250642,0.03200000000000003,True
5.50632,3,92.644457,0.9620123965481766,0.02400000000000002,True
5.805139,4,92.654459,0.9577715997064389,0.03200000000000003,True
5.481096,4,92.663699,0.9585450107406267,0.03200000000000003,True
5.829771,4,92.67403,0.9602166292889328,0.03200000000000003,True
5.77589,5,92.687021,0.9619739062786776,0.040000000000000036,True
5.630782,4,92.695814,0.96013625607788,0.03200000000000003,True
5.734496,3,92.703126,0.9600268513709507,0.02400000000000002,True
5.767878,3,92.709763,0.9611777630934422,0.02400000000000002,True
5.411398,3,92.716651,0.9613152957234992,0.02400000000000002,True
5.467468,5,92.72728,0.9644361961257459,0.040000000000000036,True
6.127161,4,92.736922,0.9595084359116399,0.03200000000000003,True
5.971195,3,92.744069,0.9627251213109456,0.02400000000000002,True
5.80211,4,92.753526,0.9599912280333652,0.03200000000000003,True
5.771343,5,92.771096,0.9617730473205539,0.040000000000000036,True
5.820742,5,92.790054,0.961071683799577,0.040000000000000036,True
5.735152,4,92.800075,0.9589214350664859,0.03200000000000003,True
5.486153,4,92.809,0.960156680846825,0.03200000000000003,True
5.732476,4,92.816728,0.9625323073509049,0.03200000000000003,True
5.733786,3,92.824534,0.9589636932538925,0.02400000000000002,True
5.700963,4,92.834269,0.9611769105801842,0.03200000000000003,True
5.747436,3,92.842096,0.9669166958594269,0.02400000000000002,True
5.97046,3,92.850187,0.9602716864677714,0.02400000000000002,True
5.996618,4,92.85938,0.9656149600859381,0.03200000000000003,True
5.799391,4,92.869901,0.9624716414149979,0.03200000000000003,True
5.618201,4,92.879251,0.9593677265118632,0.03200000000000003,True
5.88422,3,92.885821,0.9631126739522935,0.02400000000000002,True
5.620357,4,92.896106,0.9605874699728472,0.03200000000000003,True
5.960863,4,92.905128,0.9618476654553807,0.03200000000000003,True
5.626812,3,92.912721,0.9589812352514764,0.02400000000000002,True
5.766835,4,92.922551,0.9623681017510008,0.03200000000000003,True
5.538886,4,92.931648,0.9628256813101814,0.03200000000000003,True
5.990316,4,92.941066,0.9606478909857444,0.03200000000000003,True
6.019414,5,93.596628,0.961096497061465,0.040000000000000036,True
5.597185,3,93.605124,0.9655076114893948,0.02400000000000002,True
5.867604,5,93.619397,0.9692260582758802,0.040000000000000036,True
5.763352,3,93.627738,0.9594077181979592,0.02400000000000002,True
5.790264,4,93.639204,0.9594980093873497,0.03200000000000003,True
5.504189,3,93.649243,0.964018603272498,0.02400000000000002,True
5.710239,4,93.664351,0.9568123223304321,0.03200000000000003,True
5.469384,5,93.680318,0.9659666414619015,0.040000000000000036,True
5.825748,4,93.692036,0.9630066127374683,0.03200000000000003,True
5.604616,4,93.704441,0.9626805732664876,0.03200000000000003,True
5.636213,4,93.715276,0.9613782775086426,0.03200000000000003,True
5.900596,5,93.729069,0.9600599824434634,0.040000000000000036,True
5.691487,3,93.737512,0.9579400972153896,0.02400000000000002,True
5.71318,4,93.748255,0.9596743504744567,0.03200000000000003,True
5.772737,4,93.760669,0.9671020204624445,0.03200000000000003,True
5.553088,3,93.768233,0.9663399420012825,0.02400000000000002,True
5.609582,4,93.780806,0.9573465421553824,0.03200000000000003,True
5.916648,4,93.791143,0.9629372008259263,0.03200000000000003,True
5.422892,4,93.804944,0.9640031177266012,0.03200000000000003,True
5.936668,3,93.814376,0.9582824890904683,0.02400000000000002,True
5.700181,3,93.824466,0.9650812027616307,0.02400000000000002,True
5.420005,3,93.833606,0.9633788807904023,0.02400000000000002,True
5.685797,4,93.84643,0.9594294443899415,0.03200000000000003,True
5.542481,3,93.85606,0.9631671759296144,0.02400000000000002,True
5.803425,5,93.874606,0.960753585709253,0.040000000000000036,True
5.524905,3,93.882342,0.9625520983478896,0.02400000000000002,True
5.587227,4,93.89399,0.9585365864990967,0.03200000000000003,True
5.4766,4,93.905915,0.9624756274855786,0.03200000000000003,True
5.782304,4,93.918072,0.9583630684119029,0.03200000000000003,True
5.776254,5,93.932585,0.9565908082153856,0.040000000000000036,True
5.739534,3,93.942316,0.9608482471312447,0.02400000000000002,True
5.890244,5,93.956568,0.9580609037379234,0.040000000000000036,True
5.52771,3,93.965789,0.9594503427201386,0.02400000000000002,True
5.46646,4,93.97768,0.9593304646465816,0.03200000000000003,True
5.679704,3,93.986744,0.9649067955236045,0.02400000000000002,True
5.84152,4,93.997592,0.9621855082182311,0.03200000000000003,True
5.635711,3,94.005867,0.9561868750831214,0.02400000000000002,True
5.582798,4,94.017478,0.9593775280900344,0.03200000000000003,True
5.942793,3,94.026791,0.9669443371754797,0.02400000000000002,True
5.606187,4,94.041815,0.9648140320489136,0.03200000000000003,True
5.67844,4,94.053543,0.9608302274790689,0.03200000000000003,True
5.473271,3,94.062784,0.9645048003365323,0.02400000000000002,True
5.620473,4,94.074775,0.9611593072587776,0.03200000000000003,True
5.67529,4,94.086582,0.9618439596531577,0.03200000000000003,True
5.930953,4,94.098358,0.9595473683145397,0.03200000000000003,True
5.376016,3,94.107501,0.9621697531960278,0.02400000000000002,True
5.776528,4,94.119919,0.9592332978845928,0.03200000000000003,True
5.711891,3,94.128597,0.9620220492062166,0.02400000000000002,True
5.822256,4,94.139811,0.9602195205736114,0.03200000000000003,True
5.820222,4,94.15107,0.9661450682284365,0.03200000000000003,True
5.856374,4,94.162324,0.9602436056487116,0.03200000000000003,True
5.596656,4,94.174637,0.9575149458748579,0.03200000000000003,True
5.796767,4,94.185992,0.9616697588313755,0.03200000000000003,True
5.668055,3,94.195703,0.9608968202552183,0.02400000000000002,True
5.715299,3,94.204997,0.9619032471697185,0.02400000000000002,True
5.768798,3,94.213059,0.9576197046854622,0.02400000000000002,True
5.473565,4,94.225425,0.9572429642483665,0.03200000000000003,True
5.458752,5,94.239102,0.9613234818317,0.040000000000000036,True
5.532793,4,94.250647,0.9630852711916096,0.03200000000000003,True
5.737348,4,94.267619,0.9605961186013153,0.03200000000000003,True
5.611232,4,94.281519,0.9620213660888375,0.03200000000000003,True
5.659587,3,94.290146,0.9610393095976424,0.02400000000000002,True
5.73749,5,94.306936,0.9701902221658444,0.040000000000000036,True
5.429383,3,94.316415,0.9625327932886012,0.02400000000000002,True
5.600634,5,94.33408,0.9613099964506588,0.040000000000000036,True
5.603656,4,94.350304,0.9621712027921357,0.03200000000000003,True
5.404522,3,94.358249,0.9609932841900474,0.02400000000000002,True
5.851506,4,95.089193,0.959831966635668,0.03200000000000003,True
5.677107,4,95.10306,0.9595400353668211,0.03200000000000003,True
5.710668,3,95.112315,0.9563159694679817,0.02400000000000002,True
5.561071,4,95.122959,0.9624111693082379,0.03200000000000003,True
5.466417,2,95.128976,0.9589868377351575,0.016000000000000014,True
5.689732,4,95.141044,0.9609009275313135,0.03200000000000003,True
5.733846,4,95.152726,0.9586729999389001,0.03200000000000003,True
5.788715,4,95.167047,0.9645041553650935,0.03200000000000003,True
5.760958,3,95.176054,0.9616347752596859,0.02400000000000002,True
5.569981,3,95.186331,0.9635467579606933,0.02400000000000002,True
5.703264,4,95.200136,0.9609069141932725,0.03200000000000003,True
5.541182,4,95.213474,0.9620168862762492,0.03200000000000003,True
5.669795,5,95.228938,0.9633778983542161,0.040000000000000036,True
5.53914,3,95.237322,0.9572121833538791,0.02400000000000002,True
5.559337,2,95.24445,0.9586823516563809,0.016000000000000014,True
5.805677,4,95.256519,0.9600944817443849,0.03200000000000003,True
5.727514,4,95.268636,0.9608848832398474,0.03200000000000003,True
5.799651,4,95.28209,0.9588361618631618,0.03200000000000003,True
5.732304,4,95.29528,0.9597690126502355,0.03200000000000003,True
5.70744,4,95.306869,0.9661967382579528,0.03200000000000003,True
5.785806,3,95.316315,0.9615980371651198,0.02400000000000002,True
5.544358,4,95.327629,0.9605710879567019,0.03200000000000003,True
5.809072,3,95.336167,0.9595459211464807,0.02400000000000002,True
6.017894,4,95.348143,0.9586763710203072,0.03200000000000003,True
5.622086,5,95.362628,0.9574699269258099,0.040000000000000036,True
5.523359,4,95.374082,0.9652943416372308,0.03200000000000003,True
5.507525,4,95.386307,0.9617063230539143,0.03200000000000003,True
5.729543,4,95.398087,0.9598824866544837,0.03200000000000003,True
5.890153,4,95.411289,0.9649376109558143,0.03200000000000003,True
5.788924,4,95.422382,0.9653415797052324,0.03200000000000003,True
5.691696,4,95.434283,0.9594224488071218,0.03200000000000003,True
5.682064,4,95.445105,0.956750195714137,0.03200000000000003,True
5.944059,3,95.454061,0.9574383461388114,0.02400000000000002,True
5.644774,5,95.46848,0.9592547739122917,0.040000000000000036,True
5.760344,4,95.480571,0.9654738106305447,0.03200000000000003,True
5.715241,4,95.492784,0.9588299745601234,0.03200000000000003,True
5.681395,4,95.503987,0.9614503620823622,0.03200000000000003,True
5.727184,4,95.515114,0.9625147716788559,0.03200000000000003,True
5.956223,3,95.523533,0.9590370226635173,0.02400000000000002,True
5.69386,3,95.532718,0.962450895166329,0.02400000000000002,True
5.681338,4,95.544368,0.9558044948021787,0.03200000000000003,True
5.706034,3,95.552634,0.9593221977285465,0.02400000000000002,True
5.700469,4,95.565486,0.9611656166028736,0.03200000000000003,True
5.766787,4,95.576877,0.9630489612382802,0.03200000000000003,True
5.676466,3,95.585509,0.9566768836870161,0.02400000000000002,True
5.507429,3,95.593949,0.9586720363953696,0.02400000000000002,True
5.513612,4,95.605099,0.9637625631860216,0.03200000000000003,True
5.702806,4,95.616347,0.9635592475613051,0.03200000000000003,True
6.044543,5,95.630492,0.9571341496554018,0.040000000000000036,True
5.791447,4,95.641793,0.9634588844701832,0.03200000000000003,True
5.603589,3,95.652052,0.9573268703543323,0.02400000000000002,True
5.880177,4,95.664732,0.957670601133898,0.03200000000000003,True
5.610318,4,95.677902,0.9607972148361108,0.03200000000000003,True
5.418222,3,95.686872,0.9591470983545823,0.02400000000000002,True
5.548651,4,95.698072,0.9584642881013683,0.03200000000000003,True
5.61097,3,95.706494,0.9640497592127003,0.02400000000000002,True
5.613569,4,95.720675,0.9632305415427338,0.03200000000000003,True
5.793662,4,95.732288,0.9600609280386762,0.03200000000000003,True
5.835282,5,95.746849,0.9633149103000564,0.040000000000000036,True
5.617059,4,95.758565,0.9614947664554663,0.03200000000000003,True
5.539698,4,95.770269,0.9594209736500852,0.03200000000000003,True
5.786897,4,95.781995,0.9585765922618742,0.03200000000000003,True
5.536034,4,95.794064,0.9635940652501266,0.03200000000000003,True
5.83548,4,95.8058,0.9651039785806304,0.03200000000000003,True
5.479169,4,95.81861,0.9653424596212257,0.03200000000000003,True
5.482476,3,95.827729,0.9639764088251537,0.02400000000000002,True
5.703692,3,95.836839,0.963793453081514,0.02400000000000002,True
5.628903,4,95.848382,0.9623609854727295,0.03200000000000003,True
5.644845,4,96.568121,0.9635236990091292,0.03200000000000003,True
5.628796,4,96.581588,0.9618897823896224,0.03200000000000003,True
5.878628,4,96.595913,0.9589224206885878,0.03200000000000003,True
5.478699,2,96.603098,0.9646742049359236,0.016000000000000014,True
5.702498,3,96.61292,0.9599821925779509,0.02400000000000002,True
5.394882,3,96.623575,0.958592792632033,0.02400000000000002,True
5.772077,3,96.634785,0.9624372392712661,0.02400000000000002,True
5.453493,4,96.648458,0.9643717002867849,0.03200000000000003,True
6.064371,4,96.663875,0.9572768874977062,0.03200000000000003,True
5.419552,4,96.679697,0.960496965959269,0.03200000000000003,True
5.814454,4,96.695642,0.9622386094199036,0.03200000000000003,True
5.704013,3,96.70716,0.9615581631750836,0.02400000000000002,True
5.833465,3,96.71724,0.9640567551794808,0.02400000000000002,True
5.677945,3,96.727778,0.9622378858697409,0.02400000000000002,True
5.747698,3,96.736085,0.9579207107813843,0.02400000000000002,True
5.732419,3,96.745635,0.9596231225914647,0.02400000000000002,True
5.634394,4,96.758458,0.9576507613490556,0.03200000000000003,True
5.757395,4,96.770632,0.9578542467574036,0.03200000000000003,True
5.604648,3,96.780711,0.9645373952573182,0.02400000000000002,True
5.559683,4,96.793473,0.9674099999458483,0.03200000000000003,True
5.657565,4,96.806744,0.9631980526589612,0.03200000000000003,True
5.630641,4,96.819673,0.958583854398597,0.03200000000000003,True
5.76663,3,96.828627,0.962895259268863,0.02400000000000002,True
5.641502,3,96.838704,0.9604680530088526,0.02400000000000002,True
5.718018,3,96.850236,0.9604721827302866,0.02400000000000002,True
5.69833,4,96.862679,0.9655650421366473,0.03200000000000003,True
5.550367,4,96.876377,0.9596603413453433,0.03200000000000003,True
5.446423,3,96.885391,0.9610081136998504,0.02400000000000002,True
5.533688,3,96.894906,0.9611707568445425,0.02400000000000002,True
5.585322,4,96.906927,0.958885054760967,0.03200000000000003,True
5.573576,3,96.916083,0.9589987583394224,0.02400000000000002,True
5.566259,4,96.927739,0.9574146894579463,0.03200000000000003,True
5.787806,4,96.940302,0.9633510414570365,0.03200000000000003,True
5.85641,5,96.956165,0.9592429978425312,0.040000000000000036,True
5.990236,5,96.970602,0.9693161608733484,0.040000000000000036,True
5.483265,3,96.98024,0.9577374271043211,0.02400000000000002,True
5.505205,3,96.98815,0.9570971697022679,0.02400000000000002,True
5.634699,5,97.003967,0.9599383227596952,0.040000000000000036,True
5.838251,4,97.015592,0.9615384514291385,0.03200000000000003,True
5.693583,3,97.023443,0.9575203695332971,0.02400000000000002,True
5.609499,5,97.040562,0.9641025379017312,0.040000000000000036,True
5.79385,4,97.053069,0.960297517081193,0.03200000000000003,True
5.553402,3,97.062645,0.9593647559496328,0.02400000000000002,True
5.641773,3,97.073687,0.9637545018133654,0.02400000000000002,True
5.593075,4,97.091129,0.9621347122331214,0.03200000000000003,True
5.760659,4,97.106721,0.9593898254075052,0.03200000000000003,True
5.724409,4,97.125439,0.9587136125166743,0.03200000000000003,True
5.715209,3,97.134827,0.9627171657412279,0.02400000000000002,True
5.499839,3,97.145723,0.960234061285812,0.02400000000000002,True
5.769745,3,97.157774,0.9629051422215127,0.02400000000000002,True
5.526594,3,97.169053,0.963599238046666,0.02400000000000002,True
5.686134,3,97.179797,0.9564941180262551,0.02400000000000002,True
5.833553,4,97.191951,0.9648836735020445,0.03200000000000003,True
5.533364,3,97.201921,0.9597332409795671,0.02400000000000002,True
5.705041,3,97.210569,0.9615202533888523,0.02400000000000002,True
6.025572,4,97.224209,0.9622131517700658,0.03200000000000003,True
5.682723,5,97.242373,0.9592229687303591,0.040000000000000036,True
5.712069,4,97.257277,0.9597933999336514,0.03200000000000003,True
5.671701,4,97.271641,0.955926148862095,0.03200000000000003,True
5.751094,4,97.28495,0.9649023071594092,0.03200000000000003,True
5.648435,4,97.299368,0.9582457513486979,0.03200000000000003,True
5.566881,3,97.310549,0.9613145129610825,0.02400000000000002,True
5.83856,4,97.32744,0.9567416149461621,0.03200000000000003,True
5.543685,3,97.339808,0.959926738136893,0.02400000000000002,True
5.618056,4,97.355302,0.9561939314226138,0.03200000000000003,True
5.502216,4,97.369565,0.9598306214632903,0.03200000000000003,True
5.842193,5,97.389398,0.9617428132772904,0.040000000000000036,True
5.848121,4,97.404391,0.9609035727918772,0.03200000000000003,True
5.682888,3,97.413898,0.9621673878321342,0.02400000000000002,True
5.530924,4,97.427884,0.9611512030459297,0.03200000000000003,True
6.080276,4,97.441851,0.9602060209225312,0.03200000000000003,True
5.82956,4,98.025728,0.9625999298130221,0.03200000000000003,True
5.760593,5,98.036814,0.9595906114318313,0.040000000000000036,True
5.525392,4,98.047096,0.9633382804592784,0.03200000000000003,True
5.688733,4,98.056867,0.9606689376467277,0.03200000000000003,True
5.590231,4,98.066697,0.9563427896278606,0.03200000000000003,True
5.626182,4,98.075742,0.9627861684340699,0.03200000000000003,True
5.747382,4,98.084445,0.9581093695914558,0.03200000000000003,True
6.006132,4,98.093357,0.9592958892344947,0.03200000000000003,True
5.661677,4,98.103135,0.9592486390376685,0.03200000000000003,True
5.501515,4,98.113042,0.9620647816246332,0.03200000000000003,True
5.630759,5,98.126346,0.9624592497148727,0.040000000000000036,True
5.54539,3,98.133955,0.9590983454579101,0.02400000000000002,True
5.593896,5,98.151773,0.9564942729472072,0.040000000000000036,True
5.626573,4,98.164927,0.9590026301148719,0.03200000000000003,True
5.743914,3,98.174335,0.9634326807735432,0.02400000000000002,True
5.611235,2,98.250215,0.9644572085904939,0.016000000000000014,True
5.685114,4,98.259289,0.9624213111424821,0.03200000000000003,True
5.554826,4,98.268339,0.9594466719977587,0.03200000000000003,True
5.64495,3,98.276409,0.963696829311335,0.02400000000000002,True
5.888675,5,98.287977,0.9603944887041327,0.040000000000000036,True
5.800353,4,98.297195,0.9596472896360965,0.03200000000000003,True
5.761672,4,98.306864,0.9569672553221011,0.03200000000000003,True
5.395393,3,98.314048,0.9616108847190572,0.02400000000000002,True
5.649751,4,98.324595,0.9588475517244445,0.03200000000000003,True
5.439351,4,98.334105,0.9594466583273291,0.03200000000000003,True
5.515137,4,98.343487,0.9662891121731917,0.03200000000000003,True
5.516762,4,98.352288,0.9625984217619359,0.03200000000000003,True
5.775713,4,98.362072,0.9574971930139348,0.03200000000000003,True
5.653172,4,98.371093,0.9594396608259713,0.03200000000000003,True
5.500534,4,98.381269,0.9636950112639551,0.03200000000000003,True
5.88433,3,98.389005,0.9605512232060103,0.02400000000000002,True
5.668668,5,98.401162,0.9586998367198551,0.040000000000000036,True
5.8019,5,98.413277,0.9658429646350737,0.040000000000000036,True
5.656139,3,98.421028,0.962470403388348,0.02400000000000002,True
5.767334,4,98.430029,0.964254352932983,0.03200000000000003,True
5.754927,5,98.441287,0.9607660836813907,0.040000000000000036,True
5.830447,4,98.450844,0.9571451443478888,0.03200000000000003,True
5.828337,3,98.457883,0.9573032751584367,0.02400000000000002,True
5.660948,5,98.470427,0.9617257275962773,0.040000000000000036,True
5.700362,4,98.479389,0.959204067970175,0.03200000000000003,True
5.454244,3,98.485996,0.9621427514075978,0.02400000000000002,True
5.557175,4,98.49513,0.9656886215369916,0.03200000000000003,True
5.703963,3,98.50129,0.9638887509274602,0.02400000000000002,True
5.575778,4,98.510769,0.9625256610583337,0.03200000000000003,True
5.55337,4,98.520683,0.9618623589806796,0.03200000000000003,True
5.593814,3,98.5298,0.961178384150956,0.02400000000000002,True
5.799462,5,98.54499,0.9617504333265078,0.040000000000000036,True
5.980269,3,98.552726,0.9588887995360917,0.02400000000000002,True
5.531925,4,98.561986,0.9566883137961268,0.03200000000000003,True
5.738883,3,98.569178,0.9574146915023836,0.02400000000000002,True
5.493463,3,98.576049,0.9563718429152239,0.02400000000000002,True
5.529206,4,98.585289,0.9652333232329473,0.03200000000000003,True
5.787868,4,98.59481,0.9591822011055388,0.03200000000000003,True
6.008895,4,98.603774,0.959283162851527,0.03200000000000003,True
5.593793,4,98.613217,0.9646560267072697,0.03200000000000003,True
5.467721,3,98.620116,0.9612733642740081,0.02400000000000002,True
5.593657,5,98.631402,0.9613995642279518,0.040000000000000036,True
5.820822,4,98.640645,0.9610448719514993,0.03200000000000003,True
6.103574,4,98.652316,0.9574877021146011,0.03200000000000003,True
5.926706,4,98.663896,0.96223918071186,0.03200000000000003,True
5.822209,4,98.674135,0.9652283374482992,0.03200000000000003,True
5.65919,4,98.683305,0.965000600482566,0.03200000000000003,True
5.501883,4,98.692244,0.9625716285934636,0.03200000000000003,True
5.617094,3,98.7003,0.9631366961382688,0.02400000000000002,True
5.610693,4,98.709647,0.9624818179884562,0.03200000000000003,True
5.963367,5,99.239722,0.9580773584386408,0.040000000000000036,True
5.773552,4,99.251141,0.9579397998419196,0.03200000000000003,True
5.730482,5,99.265265,0.9595437111683666,0.040000000000000036,True
5.84426,4,99.274259,0.9597749925461581,0.03200000000000003,True
5.664136,4,99.283933,0.9595847880610764,0.03200000000000003,True
5.772107,4,99.293275,0.9580558621338275,0.03200000000000003,True
5.655781,5,99.305728,0.960256267883153,0.040000000000000036,True
5.855484,4,99.314747,0.9616896502558827,0.03200000000000003,True
5.952088,3,99.322131,0.9620903142982894,0.02400000000000002,True
5.840964,5,99.333748,0.9634822415399433,0.040000000000000036,True
5.614678,4,99.34358,0.9583624183375989,0.03200000000000003,True
5.550854,4,99.353642,0.9608186036326524,0.03200000000000003,True
5.73851,4,99.363359,0.9598688948122568,0.03200000000000003,True
5.714682,4,99.373581,0.9575635110855503,0.03200000000000003,True
5.915098,4,99.381619,0.960687863804073,0.03200000000000003,True
5.903235,4,99.390673,0.9626722554024407,0.03200000000000003,True
5.681955,3,99.397798,0.9620554454067901,0.02400000000000002,True
5.650378,2,99.403478,0.9703775485874462,0.016000000000000014,True
5.727922,3,99.410761,0.9598912867454497,0.02400000000000002,True
5.56563,4,99.418522,0.9619561210401746,0.03200000000000003,True
5.626307,3,99.429522,0.963577964226441,0.02400000000000002,True
5.625857,4,99.441477,0.9612994384692125,0.03200000000000003,True
5.739558,3,99.448976,0.9581461004988611,0.02400000000000002,True
5.514834,4,99.458297,0.9572963893505941,0.03200000000000003,True
5.86618,3,99.465694,0.9631712843734326,0.02400000000000002,True
5.747296,3,99.472839,0.9638917329956082,0.02400000000000002,True
5.745524,4,99.482081,0.9585874588248129,0.03200000000000003,True
5.856669,4,99.491738,0.9629187741990074,0.03200000000000003,True
5.490586,2,99.495545,0.9612385009523601,0.016000000000000014,True
5.844712,3,99.503178,0.9595662140614563,0.02400000000000002,True
5.619071,3,99.510842,0.9618705090035533,0.02400000000000002,True
5.878794,4,99.518988,0.9614475933987807,0.03200000000000003,True
5.533637,4,99.5281,0.9602692117723215,0.03200000000000003,True
5.722758,3,99.535594,0.9605568021025496,0.02400000000000002,True
5.609919,3,99.543514,0.9655103262327889,0.02400000000000002,True
5.674779,3,99.550428,0.9613792473551798,0.02400000000000002,True
5.782235,5,99.561745,0.9616047664092542,0.040000000000000036,True
5.645867,3,99.568156,0.9613281271863552,0.02400000000000002,True
5.561507,3,99.575526,0.9589199809715069,0.02400000000000002,True
5.9502,3,99.582304,0.9577019556285987,0.02400000000000002,True
5.713547,3,99.596246,0.962505484901343,0.02400000000000002,True
5.608055,4,99.605598,0.9651411822222584,0.03200000000000003,True
5.627937,5,99.617147,0.9588798266420084,0.040000000000000036,True
5.830829,4,99.625407,0.9610732496173591,0.03200000000000003,True
5.86224,3,99.632895,0.9596774388432936,0.02400000000000002,True
5.789622,4,99.641868,0.9608703558745311,0.03200000000000003,True
5.535419,2,99.64759,0.9632596659094426,0.016000000000000014,True
5.638455,4,99.658205,0.9616704530494613,0.03200000000000003,True
5.762858,3,99.663555,0.9628332018966549,0.02400000000000002,True
5.73545,3,99.671167,0.965845008503155,0.02400000000000002,True
6.007261,4,99.681169,0.9630916641527236,0.03200000000000003,True
5.805588,4,99.690467,0.9602104132725702,0.03200000000000003,True
5.759596,3,99.698068,0.9569210861890758,0.02400000000000002,True
5.506391,3,99.707129,0.9644886047850381,0.02400000000000002,True
5.653072,4,99.716075,0.962233191660365,0.03200000000000003,True
5.843094,4,99.724685,0.9600793202500247,0.03200000000000003,True
5.824188,4,99.733888,0.9611625886015848,0.03200000000000003,True
5.928582,3,99.741361,0.9612738238765971,0.02400000000000002,True
5.599966,4,99.750726,0.9563807212973039,0.03200000000000003,True
5.411786,2,99.755832,0.962677866697585,0.016000000000000014,True
5.852356,5,99.76735,0.9591747020557193,0.040000000000000036,True
5.442126,3,99.774134,0.9613466982653067,0.02400000000000002,True
5.750288,3,99.781396,0.9604675196242898,0.02400000000000002,True
5.622398,4,99.790889,0.9605361151795729,0.03200000000000003,True
5.513376,4,99.800079,0.9600270379875989,0.03200000000000003,True
5.836065,4,99.808652,0.9623464284059395,0.03200000000000003,True
5.669783,3,99.81563,0.96311492652843,0.02400000000000002,True
5.780837,3,99.822959,0.9580285355008145,0.02400000000000002,True
5.763444,4,99.831877,0.9597275637673943,0.03200000000000003,True
5.679694,3,99.838247,0.9615019756046828,0.02400000000000002,True
5.527456,3,99.845582,0.9585261258261434,0.02400000000000002,True
5.571189,4,99.855463,0.9631788900017328,0.03200000000000003,True
5.605156,5,100.402011,0.9619957424334571,0.040000000000000036,True
5.509624,3,100.410813,0.9639699910987857,0.02400000000000002,True
5.65795,4,100.42055,0.9627436380306008,0.03200000000000003,True
5.531431,3,100.428457,0.9625543172541583,0.02400000000000002,True
5.834873,4,100.438309,0.9612966531742748,0.03200000000000003,True
5.54388,3,100.446388,0.9599833334483592,0.02400000000000002,True
5.744763,3,100.454255,0.9596245067963491,0.02400000000000002,True
5.435585,3,100.461372,0.9566138058964032,0.02400000000000002,True
5.682949,5,100.473091,0.9607086983970152,0.040000000000000036,True
5.640861,4,100.482238,0.9638067057626596,0.03200000000000003,True
5.878472,4,100.491557,0.9610690212193085,0.03200000000000003,True
5.735947,4,100.501445,0.9661071575722919,0.03200000000000003,True
5.79089,4,100.511459,0.9621937491750904,0.03200000000000003,True
5.569787,4,100.52047,0.9598733600189886,0.03200000000000003,True
5.840385,4,100.528973,0.9575483927267313,0.03200000000000003,True
5.655438,4,100.538074,0.9630958020573379,0.03200000000000003,True
5.463667,4,100.546824,0.9663691729340456,0.03200000000000003,True
5.825878,4,100.555979,0.9594956838739626,0.03200000000000003,True
5.788607,4,100.564647,0.9600787731835795,0.03200000000000003,True
5.757636,5,100.575766,0.9598469470645073,0.040000000000000036,True
5.920652,4,100.585623,0.9621853029823892,0.03200000000000003,True
5.827406,4,100.594811,0.962250564628892,0.03200000000000003,True
5.45463,3,100.601981,0.9558525674806988,0.02400000000000002,True
5.87173,4,100.61097,0.9609365174884094,0.03200000000000003,True
5.668326,4,100.620404,0.9611134341565293,0.03200000000000003,True
5.5191,4,100.629108,0.9650950884936906,0.03200000000000003,True
5.508274,3,100.635702,0.9630812094048262,0.02400000000000002,True
5.570888,3,100.642394,0.9641434901994936,0.02400000000000002,True
5.601236,4,100.651919,0.9613058741806897,0.03200000000000003,True
5.540452,4,100.660821,0.9628436874029396,0.03200000000000003,True
5.756953,4,100.670297,0.9573393605827192,0.03200000000000003,True
5.785742,5,100.68142,0.9611991181797079,0.040000000000000036,True
5.644408,4,100.689327,0.9641588910487021,0.03200000000000003,True
5.694079,3,100.69681,0.9613563429986711,0.02400000000000002,True
5.729175,5,100.708928,0.9608197830952159,0.040000000000000036,True
5.469277,3,100.715232,0.9594713001079662,0.02400000000000002,True
5.44975,3,100.722815,0.9630513148014965,0.02400000000000002,True
5.65293,5,100.734829,0.9590205170276043,0.040000000000000036,True
6.099002,5,100.7458,0.9600993615211242,0.040000000000000036,True
5.396851,3,100.753667,0.96313209779531,0.02400000000000002,True
5.613582,3,100.760454,0.9622206652346967,0.02400000000000002,True
5.841613,4,100.770428,0.9660676618296766,0.03200000000000003,True
5.576812,5,100.781093,0.9582624618660582,0.040000000000000036,True
5.542779,4,100.790854,0.9581296889148136,0.03200000000000003,True
5.539665,3,100.798268,0.9625196941547758,0.02400000000000002,True
5.7774,3,100.805089,0.9598085678870116,0.02400000000000002,True
5.492828,3,100.812724,0.9636868901181337,0.02400000000000002,True
5.74014,4,100.821916,0.9600236675436904,0.03200000000000003,True
5.711301,4,100.8315,0.9610972830302116,0.03200000000000003,True
5.534986,3,100.838241,0.9573584858031464,0.02400000000000002,True
5.567556,5,100.850147,0.9618025540673478,0.040000000000000036,True
5.664597,4,100.859658,0.9597899462021813,0.03200000000000003,True
5.937604,4,100.868345,0.9566652876277468,0.03200000000000003,True
5.830815,5,100.880291,0.9667755167253966,0.040000000000000036,True
5.885691,4,100.889342,0.9561472127446922,0.03200000000000003,True
5.596338,4,100.89971,0.9596795806363532,0.03200000000000003,True
5.742682,4,100.908586,0.9631236317847012,0.03200000000000003,True
5.601061,4,100.917748,0.9601582723608411,0.03200000000000003,True
5.831782,3,100.925514,0.9591028613950606,0.02400000000000002,True
5.771621,3,100.933151,0.9595436597847067,0.02400000000000002,True
5.994428,5,100.944964,0.9608123139845185,0.040000000000000036,True
5.464657,4,100.954872,0.9572757839559243,0.03200000000000003,True
5.756612,3,100.962634,0.9637616903695749,0.02400000000000002,True
5.732696,4,100.971752,0.9610793107098758,0.03200000000000003,True
5.804777,5,100.982558,0.9619777441151838,0.040000000000000036,True
5.43728,3,100.990618,0.9593376783454661,0.02400000000000002,True
5.503713,4,101.519066,0.9619980414233699,0.03200000000000003,True
5.483974,3,101.527572,0.9643779073401257,0.02400000000000002,True
5.422254,4,101.538047,0.9597568553968447,0.03200000000000003,True
5.795993,5,101.551023,0.9627653884269629,0.040000000000000036,True
5.738537,3,101.558486,0.9612010988924751,0.02400000000000002,True
6.037319,4,101.57039,0.963171022720768,0.03200000000000003,True
5.770248,4,101.580371,0.9584758819006196,0.03200000000000003,True
5.385107,2,101.585351,0.9574518900651197,0.016000000000000014,True
5.462514,4,101.59611,0.9590126683597027,0.03200000000000003,True
5.532909,4,101.605489,0.9581282622854712,0.03200000000000003,True
5.778917,4,101.616024,0.959381750562836,0.03200000000000003,True
5.841403,4,101.624495,0.9602229248278059,0.03200000000000003,True
5.414402,3,101.632514,0.9619371401567907,0.02400000000000002,True
5.393434,2,101.636998,0.961893592294554,0.016000000000000014,True
5.832933,4,101.646805,0.956885255971055,0.03200000000000003,True
5.480983,2,101.653208,0.9582565011855618,0.016000000000000014,True
5.831823,4,101.664764,0.9640841523289352,0.03200000000000003,True
5.780669,4,101.674265,0.9634585349455411,0.03200000000000003,True
5.545899,4,101.683259,0.9614913332496395,0.03200000000000003,True
5.54984,4,101.692773,0.9591443404998268,0.03200000000000003,True
5.86273,5,101.704311,0.9609334396881734,0.040000000000000036,True
5.634497,4,101.714489,0.9607931319036893,0.03200000000000003,True
5.740911,4,101.723479,0.9645773629559795,0.03200000000000003,True
5.699734,3,101.730697,0.9628205850513797,0.02400000000000002,True
5.724084,3,101.738063,0.9618492316209563,0.02400000000000002,True
6.001166,4,101.746796,0.9642310273455574,0.03200000000000003,True
5.551825,3,101.7529,0.9601591363647434,0.02400000000000002,True
5.784043,5,101.764837,0.9605334660817023,0.040000000000000036,True
5.58151,4,101.774179,0.9611207053907628,0.03200000000000003,True
5.742107,3,101.781395,0.9577854443037427,0.02400000000000002,True
5.610148,4,101.790852,0.9572890339856903,0.03200000000000003,True
5.755183,3,101.798762,0.9601982796496635,0.02400000000000002,True
5.807752,4,101.80744,0.9594698594918533,0.03200000000000003,True
5.706287,3,101.815485,0.961940030534502,0.02400000000000002,True
5.513977,5,101.827316,0.9576433775206796,0.040000000000000036,True
5.498366,3,101.835153,0.959553827524781,0.02400000000000002,True
5.770294,3,101.841983,0.9631730442233982,0.02400000000000002,True
5.725,4,101.852147,0.959591248488225,0.03200000000000003,True
5.365796,3,101.858545,0.9575339644596794,0.02400000000000002,True
6.012359,4,101.867374,0.956440076273113,0.03200000000000003,True
5.735365,4,101.876386,0.9642186568771771,0.03200000000000003,True
5.449787,3,101.883956,0.9675452284039116,0.02400000000000002,True
5.386561,3,101.891139,0.9619186506877716,0.02400000000000002,True
5.688572,4,101.901473,0.9590497901663368,0.03200000000000003,True
5.906833,5,101.912508,0.9649984874269962,0.040000000000000036,True
5.367258,2,101.918013,0.9652194995170367,0.016000000000000014,True
5.750976,4,101.927014,0.9616809338746304,0.03200000000000003,True
5.851914,3,101.93461,0.9595745289583593,0.02400000000000002,True
5.691899,3,101.943006,0.9619165195004431,0.02400000000000002,True
5.67993,3,101.951254,0.9615153960868734,0.02400000000000002,True
5.703214,4,101.962093,0.9616367043886207,0.03200000000000003,True
5.675763,3,101.970357,0.9606589872419872,0.02400000000000002,True
6.01177,4,101.981129,0.9642278173253462,0.03200000000000003,True
5.586286,3,101.989271,0.9634926469561053,0.02400000000000002,True
5.40879,3,101.99778,0.9598462839777337,0.02400000000000002,True
5.460359,3,102.004424,0.9607988931412799,0.02400000000000002,True
5.74212,3,102.011374,0.9597219701549099,0.02400000000000002,True
5.705546,3,102.017095,0.9593873555553255,0.02400000000000002,True
5.424418,3,102.024467,0.9591314493073941,0.02400000000000002,True
5.870285,4,102.034592,0.9633174065222382,0.03200000000000003,True
5.855605,4,102.043141,0.9590340331218594,0.03200000000000003,True
5.789994,4,102.052096,0.9636706210645105,0.03200000000000003,True
5.986664,3,102.059489,0.9615119158854257,0.02400000000000002,True
5.432671,4,102.068137,0.9617764483074915,0.03200000000000003,True
5.81071,4,102.076854,0.9610064599852259,0.03200000000000003,True
5.689635,3,102.082678,0.9633189609857853,0.02400000000000002,True
5.918796,4,102.091154,0.9604593066187324,0.03200000000000003,True
5.837301,4,102.100556,0.9636784079574272,0.03200000000000003,True
5.695447,3,102.107748,0.960216618938211,0.02400000000000002,True
5.611962,4,102.117698,0.9599808334789453,0.03200000000000003,True
5.569742,4,102.126908,0.964657381981711,0.03200000000000003,True
5.901166,3,102.135043,0.9600783657074279,0.02400000000000002,True
5.673109,3,102.660723,0.9576560713740989,0.02400000000000002,True
5.803456,4,102.672059,0.9646595395788631,0.03200000000000003,True
5.541805,3,102.678203,0.959813549272181,0.02400000000000002,True
5.713714,3,102.685505,0.9617431314320672,0.02400000000000002,True
5.706634,3,102.692722,0.9620713521142301,0.02400000000000002,True
5.840751,4,102.700749,0.9588837482213461,0.03200000000000003,True
5.717738,4,102.710443,0.9588623031993508,0.03200000000000003,True
5.826296,5,102.722238,0.9627155560462601,0.040000000000000036,True
5.779415,4,102.730928,0.9613441408381179,0.03200000000000003,True
6.024083,4,102.740238,0.958016503680502,0.03200000000000003,True
5.721697,3,102.747482,0.9594779639370248,0.02400000000000002,True
5.592077,4,102.756727,0.9598354214857684,0.03200000000000003,True
5.594587,4,102.765912,0.9578067651046742,0.03200000000000003,True
5.808743,3,102.772338,0.9636961597771345,0.02400000000000002,True
5.51326,5,102.785044,0.9616600994472481,0.040000000000000036,True
5.573289,5,102.797085,0.9672030313298317,0.040000000000000036,True
5.415123,3,102.804079,0.9634458316892913,0.02400000000000002,True
5.459166,3,102.811304,0.9590791814989676,0.02400000000000002,True
5.486843,3,102.818115,0.9610940004813397,0.02400000000000002,True
6.057894,5,102.829665,0.9592381273353827,0.040000000000000036,True
5.456029,3,102.837121,0.9570852088417042,0.02400000000000002,True
5.49981,3,102.843976,0.9658893321626361,0.02400000000000002,True
5.678046,3,102.852029,0.9622830237030906,0.02400000000000002,True
5.517262,4,102.861376,0.9595375868998299,0.03200000000000003,True
5.478999,4,102.871379,0.9596475842094138,0.03200000000000003,True
5.754333,4,102.880666,0.9604715281025975,0.03200000000000003,True
5.550757,3,102.887193,0.9595213724241771,0.02400000000000002,True
5.690675,4,102.896181,0.9598768771984985,0.03200000000000003,True
5.680464,4,102.906262,0.9602536747756878,0.03200000000000003,True
5.601866,4,102.91519,0.9609442097674513,0.03200000000000003,True
5.882143,3,102.922263,0.9621634001056949,0.02400000000000002,True
5.765768,4,102.930779,0.9595241653880253,0.03200000000000003,True
5.467454,4,102.941159,0.9640487416573273,0.03200000000000003,True
5.888138,4,102.950062,0.9610195366347187,0.03200000000000003,True
5.819319,5,102.962141,0.9570748965638751,0.040000000000000036,True
5.8089,4,102.971482,0.9601934706885694,0.03200000000000003,True
5.725985,4,102.979451,0.9620402174565115,0.03200000000000003,True
5.574678,4,102.988202,0.9653093312629311,0.03200000000000003,True
5.609047,3,102.995071,0.9653007372198289,0.02400000000000002,True
5.756496,4,103.004594,0.961947990389661,0.03200000000000003,True
5.492482,2,103.01082,0.9613490746077988,0.016000000000000014,True
5.568895,4,103.0205,0.9632830665531755,0.03200000000000003,True
5.819622,3,103.028005,0.9597434466730694,0.02400000000000002,True
5.781979,5,103.038707,0.9661965567135086,0.040000000000000036,True
5.621589,3,103.046086,0.95803434330403,0.02400000000000002,True
6.023736,5,103.056785,0.9617122095164912,0.040000000000000036,True
5.720609,3,103.063154,0.9597495853930783,0.02400000000000002,True
5.593325,3,103.070457,0.9609687912191314,0.02400000000000002,True
5.74641,4,103.079167,0.9617444034230136,0.03200000000000003,True
5.788495,5,103.091054,0.9613563954912845,0.040000000000000036,True
5.535956,3,103.097928,0.9629670199517778,0.02400000000000002,True
5.574,3,103.105074,0.9610589354595185,0.02400000000000002,True
5.922882,4,103.115856,0.9581791266477677,0.03200000000000003,True
5.611032,4,103.125487,0.9598581431205646,0.03200000000000003,True
5.862429,3,103.132936,0.9616795447575863,0.02400000000000002,True
5.66397,4,103.142939,0.9638630774871649,0.03200000000000003,True
5.42577,3,103.150196,0.957259848453337,0.02400000000000002,True
5.583452,3,103.158689,0.9650789952878334,0.02400000000000002,True
5.541977,3,103.166164,0.9627220970332102,0.02400000000000002,True
5.520785,3,103.172283,0.9607959594127428,0.02400000000000002,True
5.635598,3,103.180235,0.965307681186506,0.02400000000000002,True
5.587835,4,103.19034,0.9588845657239131,0.03200000000000003,True
5.740031,4,103.20023,0.9608143269950307,0.03200000000000003,True
5.510829,3,103.206192,0.959260834974895,0.02400000000000002,True
5.7769,3,103.214357,0.9584592714876474,0.02400000000000002,True
5.565779,4,103.223826,0.9597008952924524,0.03200000000000003,True
5.628611,4,103.232645,0.9592574595910757,0.03200000000000003,True
5.971723,3,103.239756,0.96092034677502,0.02400000000000002,True
5.762191,4,103.2492,0.9615952549257283,0.03200000000000003,True
5.753411,4,103.258397,0.9628211955994567,0.03200000000000003,True
5.668468,3,103.810598,0.9650403435771829,0.02400000000000002,True
5.762715,4,103.821254,0.9657753324437313,0.03200000000000003,True
5.669603,4,103.8318,0.9654400304862146,0.03200000000000003,True
5.479602,3,103.840234,0.9650027581139993,0.02400000000000002,True
5.586488,5,103.851323,0.9581986449074704,0.040000000000000036,True
5.777679,4,103.861816,0.9601811792638237,0.03200000000000003,True
5.697359,4,103.870656,0.9625488482009494,0.03200000000000003,True
5.858233,5,103.881332,0.9623287566559942,0.040000000000000036,True
5.442645,3,103.963972,0.963645658589018,0.02400000000000002,True
5.518046,4,103.973191,0.9638651203990625,0.03200000000000003,True
5.577463,4,103.981875,0.9568495906346679,0.03200000000000003,True
5.522552,4,103.991046,0.9592637755496191,0.03200000000000003,True
5.503286,3,103.998244,0.9590885322125604,0.02400000000000002,True
5.492575,4,104.00683,0.959288339216736,0.03200000000000003,True
5.526739,4,104.017133,0.9659272991504332,0.03200000000000003,True
5.678196,4,104.026275,0.9599876988533567,0.03200000000000003,True
5.61327,3,104.033794,0.9577426068033821,0.02400000000000002,True
5.559536,4,104.04311,0.9575385145079716,0.03200000000000003,True
5.763078,3,104.050318,0.961354856014259,0.02400000000000002,True
5.63139,4,104.059287,0.9615282393417337,0.03200000000000003,True
5.804659,4,104.068193,0.9568216216329193,0.03200000000000003,True
5.761586,4,104.077201,0.9629729397995614,0.03200000000000003,True
5.902923,4,104.086366,0.9625351417174683,0.03200000000000003,True
5.6239,3,104.093637,0.9596908982515209,0.02400000000000002,True
5.713062,4,104.103753,0.9626502734604618,0.03200000000000003,True
5.780761,4,104.113394,0.9588571377370217,0.03200000000000003,True
5.470016,3,104.121593,0.9579934399612935,0.02400000000000002,True
5.599245,4,104.131319,0.9592852440536686,0.03200000000000003,True
5.809095,4,104.141234,0.9595014717920569,0.03200000000000003,True
5.82553,4,104.150719,0.9600958412549896,0.03200000000000003,True
5.784086,4,104.161203,0.9596764796378741,0.03200000000000003,True
5.504813,3,104.167131,0.9635179610395267,0.02400000000000002,True
5.856902,5,104.177769,0.9584886874947319,0.040000000000000036,True
5.777855,4,104.186876,0.9603883474984096,0.03200000000000003,True
5.706975,4,104.196949,0.9640298031881772,0.03200000000000003,True
5.896504,4,104.205458,0.9599539578958901,0.03200000000000003,True
5.621156,4,104.21636,0.9678082056932857,0.03200000000000003,True
5.710757,2,104.22161,0.9583054433981206,0.016000000000000014,True
5.999714,3,104.228357,0.9577350325977516,0.02400000000000002,True
5.594468,3,104.236238,0.9588225964539179,0.02400000000000002,True
5.728575,3,104.246459,0.9624863502938172,0.02400000000000002,True
5.939275,3,104.253746,0.959260380500135,0.02400000000000002,True
5.66976,4,104.263435,0.9626829975719859,0.03200000000000003,True
5.531092,4,104.272862,0.9599698130354382,0.03200000000000003,True
5.351309,3,104.279965,0.9651488852875025,0.02400000000000002,True
5.675504,4,104.289286,0.9610871536999082,0.03200000000000003,True
5.526224,4,104.298593,0.9661961969767611,0.03200000000000003,True
5.44038,3,104.306292,0.961370700726167,0.02400000000000002,True
5.501297,3,104.314287,0.9613251666056492,0.02400000000000002,True
5.415678,3,104.321506,0.9614918072713812,0.02400000000000002,True
5.591433,2,104.326128,0.9590865705727809,0.016000000000000014,True
5.668705,3,104.333586,0.9622732488404013,0.02400000000000002,True
5.387569,3,104.341751,0.9592848340483136,0.02400000000000002,True
5.578958,3,104.348745,0.9656401794333077,0.02400000000000002,True
5.836416,5,104.360897,0.9585982973730663,0.040000000000000036,True
5.848499,4,104.375465,0.9608279570305538,0.03200000000000003,True
5.967595,4,104.389243,0.9582122328743481,0.03200000000000003,True
5.923705,5,104.403963,0.9607466419080253,0.040000000000000036,True
5.501687,3,104.412132,0.9674241270129441,0.02400000000000002,True
5.662059,5,104.424371,0.9573224598759128,0.040000000000000036,True
5.527692,4,104.434191,0.9608366084334607,0.03200000000000003,True
5.487933,3,104.441339,0.9632886332510038,0.02400000000000002,True
5.726572,5,104.452882,0.962512943201183,0.040000000000000036,True
5.51256,3,104.460407,0.9655927871952175,0.02400000000000002,True
5.830348,4,104.470467,0.9609904639878135,0.03200000000000003,True
5.846095,4,104.480444,0.9595199030705552,0.03200000000000003,True
5.773984,4,104.489318,0.9622871714433864,0.03200000000000003,True
5.699722,4,104.497688,0.9655246292363342,0.03200000000000003,True
5.613249,4,104.507627,0.959300551402033,0.03200000000000003,True
5.571037,3,105.038364,0.9604748872771446,0.02400000000000002,True
5.676566,3,105.045479,0.9624981408972747,0.02400000000000002,True
5.668951,4,105.054982,0.963829803693228,0.03200000000000003,True
5.604959,4,105.065131,0.9686079988009093,0.03200000000000003,True
5.753003,4,105.073963,0.9588086198642531,0.03200000000000003,True
5.744263,4,105.083716,0.9621493446635779,0.03200000000000003,True
6.062601,5,105.096399,0.9593787885703541,0.040000000000000036,True
5.975069,4,105.106991,0.9593510475097462,0.03200000000000003,True
5.457038,3,105.113711,0.9601927276206038,0.02400000000000002,True
5.816817,4,105.123953,0.9630444620426644,0.03200000000000003,True
5.638029,5,105.136168,0.9592725447554171,0.040000000000000036,True
5.720136,3,105.143396,0.9621059767389695,0.02400000000000002,True
5.36088,3,105.150993,0.9614751583270473,0.02400000000000002,True
5.503929,3,105.158805,0.9620490069058795,0.02400000000000002,True
5.622583,4,105.167896,0.9628687972545074,0.03200000000000003,True
5.599378,4,105.177586,0.962323387578981,0.03200000000000003,True
5.767275,4,105.18609,0.962845765731023,0.03200000000000003,True
5.5177,4,105.196411,0.9613534738828715,0.03200000000000003,True
5.468097,3,105.204143,0.962292693903714,0.02400000000000002,True
5.753985,4,105.213596,0.959483680034908,0.03200000000000003,True
5.756867,2,105.218467,0.9579615692265142,0.016000000000000014,True
5.690171,4,105.226822,0.9649656895944521,0.03200000000000003,True
5.728237,3,105.23448,0.9641897356159631,0.02400000000000002,True
5.626478,4,105.24356,0.9597459789345193,0.03200000000000003,True
5.829701,4,105.252626,0.959988885049585,0.03200000000000003,True
5.528931,4,105.262847,0.9607902663204493,0.03200000000000003,True
5.606202,5,105.273991,0.9597983382057567,0.040000000000000036,True
5.623336,4,105.283137,0.9606959903242243,0.03200000000000003,True
5.746532,3,105.290767,0.9613705327770162,0.02400000000000002,True
5.644117,4,105.299991,0.9607153748654409,0.03200000000000003,True
5.786711,4,105.308829,0.96605604145257,0.03200000000000003,True
5.724998,3,105.316249,0.960597600935163,0.02400000000000002,True
5.538485,4,105.32588,0.9657066563587988,0.03200000000000003,True
5.654022,4,105.334815,0.9614378419105623,0.03200000000000003,True
5.558311,4,105.343805,0.9615424132726211,0.03200000000000003,True
5.714762,4,105.353248,0.9645004453556036,0.03200000000000003,True
5.58987,4,105.362333,0.9590330985917155,0.03200000000000003,True
5.855787,3,105.368324,0.9608428407197855,0.02400000000000002,True
5.749984,4,105.378133,0.9632637869199148,0.03200000000000003,True
5.596499,4,105.387844,0.9587218929066591,0.03200000000000003,True
5.661012,4,105.397817,0.9617382281799512,0.03200000000000003,True
5.743682,3,105.40571,0.9637968040614933,0.02400000000000002,True
5.560784,4,105.419732,0.9589286666765924,0.03200000000000003,True
5.592741,4,105.432783,0.9618049035101768,0.03200000000000003,True
5.618324,4,105.443188,0.9610930037354015,0.03200000000000003,True
5.403703,3,105.450845,0.9594341911251186,0.02400000000000002,True
5.547276,4,105.460747,0.9621561306853303,0.03200000000000003,True
5.679356,3,105.467088,0.957770658200934,0.02400000000000002,True
5.693197,3,105.474123,0.9615972578131142,0.02400000000000002,True
5.779063,4,105.482833,0.9575513073237932,0.03200000000000003,True
5.586011,3,105.489182,0.9650466967044693,0.02400000000000002,True
5.673091,4,105.498032,0.95702879489618,0.03200000000000003,True
6.006567,4,105.506996,0.9649006062474021,0.03200000000000003,True
5.617613,3,105.514397,0.9615640354305266,0.02400000000000002,True
5.645852,4,105.523587,0.9620617361737425,0.03200000000000003,True
5.875886,5,105.534512,0.961133102917983,0.040000000000000036,True
5.705957,3,105.541501,0.9625541997252393,0.02400000000000002,True
5.84577,4,105.550798,0.956765498164806,0.03200000000000003,True
5.543886,3,105.55747,0.9621314499587983,0.02400000000000002,True
5.808828,4,105.567951,0.9631339874196179,0.03200000000000003,True
6.11308,5,105.579141,0.9571024819131245,0.040000000000000036,True
5.895803,5,105.59008,0.9597511918689662,0.040000000000000036,True
6.065342,5,105.601313,0.9603407662044339,0.040000000000000036,True
5.571769,2,105.606269,0.9607845466121834,0.016000000000000014,True
5.675316,3,105.613976,0.9614479278669882,0.02400000000000002,True
5.399383,3,105.620809,0.9654713058923481,0.02400000000000002,True
5.647668,4,105.630446,0.9609020059325954,0.03200000000000003,True
5.803206,4,105.640647,0.9602832293091366,0.03200000000000003,True
5.634317,4,106.170655,0.960551274543398,0.03200000000000003,True
5.872018,3,106.178213,0.9622302672410733,0.02400000000000002,True
5.679634,3,106.185031,0.962076535976747,0.02400000000000002,True
5.829212,5,106.196325,0.9614454884343062,0.040000000000000036,True
5.811094,3,106.204372,0.9597472318392687,0.02400000000000002,True
5.588053,4,106.213977,0.9623251269982429,0.03200000000000003,True
5.759753,3,106.220941,0.9654919890312026,0.02400000000000002,True
5.770962,4,106.230633,0.9599367823585415,0.03200000000000003,True
5.768954,4,106.239316,0.961232341379269,0.03200000000000003,True
5.44156,3,106.247754,0.9586562696545341,0.02400000000000002,True
5.838236,5,106.259356,0.9603554381161937,0.040000000000000036,True
5.743429,4,106.269268,0.9636448119725758,0.03200000000000003,True
5.490979,3,106.276017,0.9637071656777414,0.02400000000000002,True
5.503986,3,106.283926,0.9590261378621504,0.02400000000000002,True
5.809031,3,106.291556,0.9635402739330072,0.02400000000000002,True
5.789994,4,106.300725,0.9623334471502155,0.03200000000000003,True
5.660129,5,106.311809,0.9653196271147116,0.040000000000000036,True
5.784346,4,106.321251,0.9597923358363274,0.03200000000000003,True
5.573056,4,106.330585,0.9626385326115858,0.03200000000000003,True
5.621415,4,106.341219,0.965088223019674,0.03200000000000003,True
5.621688,3,106.347096,0.9622156245825884,0.02400000000000002,True
5.817683,4,106.356861,0.9626713651512888,0.03200000000000003,True
5.736005,3,106.363975,0.9599142154756615,0.02400000000000002,True
5.677208,4,106.372941,0.962510356750425,0.03200000000000003,True
5.661514,3,106.381004,0.9625280261907648,0.02400000000000002,True
5.467917,3,106.387028,0.9650634676311829,0.02400000000000002,True
5.773564,5,106.399355,0.959315340087632,0.040000000000000036,True
5.524455,3,106.406327,0.9574894127204325,0.02400000000000002,True
5.510175,4,106.415203,0.9652362971642833,0.03200000000000003,True
5.955679,4,106.426496,0.9636706879537532,0.03200000000000003,True
5.736274,4,106.439467,0.9613686946538851,0.03200000000000003,True
5.644351,4,106.455611,0.9599273799020118,0.03200000000000003,True
5.515271,3,106.46616,0.9587046615837217,0.02400000000000002,True
5.68208,2,106.473408,0.9618654347054822,0.016000000000000014,True
5.784041,4,106.482687,0.9612659817327847,0.03200000000000003,True
5.456065,3,106.490277,0.96065346302494,0.02400000000000002,True
5.564644,3,106.497102,0.9600837889107461,0.02400000000000002,True
5.488184,4,106.506901,0.9640861550186939,0.03200000000000003,True
5.444949,3,106.513122,0.95795261168294,0.02400000000000002,True
5.558198,4,106.522708,0.9602663529031298,0.03200000000000003,True
5.710748,4,106.531731,0.9641202213374054,0.03200000000000003,True
5.566666,4,106.541453,0.9575598239572247,0.03200000000000003,True
5.745971,3,106.549045,0.9598890022609611,0.02400000000000002,True
5.744929,3,106.556803,0.9629540455311574,0.02400000000000002,True
5.625581,4,106.566241,0.9611682342762927,0.03200000000000003,True
5.690371,4,106.577126,0.9641433603788117,0.03200000000000003,True
5.603544,4,106.586596,0.9621641183226047,0.03200000000000003,True
5.380626,3,106.594768,0.9593547304541615,0.02400000000000002,True
5.631406,4,106.604726,0.9618261301474103,0.03200000000000003,True
5.437256,4,106.613819,0.9604398700229969,0.03200000000000003,True
5.703922,4,106.623459,0.9617575209881455,0.03200000000000003,True
5.625843,3,106.63031,0.9609424604441964,0.02400000000000002,True
5.323548,3,106.638084,0.9591098628483913,0.02400000000000002,True
5.523071,3,106.646194,0.9652133776659029,0.02400000000000002,True
5.503242,3,106.653768,0.957869096401067,0.02400000000000002,True
5.691068,3,106.661666,0.9616606949354369,0.02400000000000002,True
5.890673,4,106.671249,0.9592878196410726,0.03200000000000003,True
5.780966,4,106.680797,0.9613158178384058,0.03200000000000003,True
5.619118,3,106.688198,0.9631250137196848,0.02400000000000002,True
5.690995,4,106.696569,0.9612277020828666,0.03200000000000003,True
5.726651,3,106.704331,0.9629942989246115,0.02400000000000002,True
5.759835,3,106.710728,0.9628290612000856,0.02400000000000002,True
5.669252,4,106.719427,0.9601893705173795,0.03200000000000003,True
5.872745,4,106.729922,0.9612706017081145,0.03200000000000003,True
5.577813,3,106.7386,0.968412444796171,0.02400000000000002,True
5.580184,2,106.74404,0.961589575585017,0.016000000000000014,True
5.591515,4,106.753355,0.9656726318337143,0.03200000000000003,True
5.677179,4,106.763858,0.962773735574948,0.03200000000000003,True
5.473528,3,106.771728,0.962031633181939,0.02400000000000002,True
5.633591,4,106.780047,0.9634433951084814,0.03200000000000003,True
5.631343,4,106.790684,0.9602152463008764,0.03200000000000003,True
5.747869,4,106.799865,0.960984830926968,0.03200000000000003,True
6.054075,4,107.329217,0.9598707964651138,0.03200000000000003,True
5.48751,3,107.336395,0.9655048487638207,0.02400000000000002,True
5.74121,4,107.346139,0.9615607098418312,0.03200000000000003,True
5.671424,5,107.358182,0.9625157819971859,0.040000000000000036,True
5.692724,3,107.366015,0.9607505301484405,0.02400000000000002,True
5.589643,4,107.375262,0.9639294589505839,0.03200000000000003,True
5.673995,4,107.38462,0.9613099602972566,0.03200000000000003,True
5.626901,4,107.394689,0.963601737661063,0.03200000000000003,True
5.836651,4,107.404287,0.9679189351135927,0.03200000000000003,True
5.797966,4,107.413569,0.9603424315981999,0.03200000000000003,True
5.616044,5,107.42744,0.9566062100961537,0.040000000000000036,True
5.513216,4,107.440476,0.9607467551044127,0.03200000000000003,True
5.798207,4,107.450427,0.961431571618939,0.03200000000000003,True
5.777663,4,107.459366,0.9600247209387786,0.03200000000000003,True
6.070892,5,107.472429,0.9589692379219348,0.040000000000000036,True
5.660573,3,107.482363,0.9594687058117364,0.02400000000000002,True
5.427474,3,107.493333,0.9630862388009938,0.02400000000000002,True
5.822098,4,107.508307,0.9587795591949694,0.03200000000000003,True
5.548564,3,107.516232,0.9617552096745042,0.02400000000000002,True
5.497389,4,107.526573,0.958956056530565,0.03200000000000003,True
5.829109,4,107.537154,0.9631785924566193,0.03200000000000003,True
5.469257,3,107.544721,0.9570269719047401,0.02400000000000002,True
5.865079,4,107.554466,0.9598009606535054,0.03200000000000003,True
5.626856,4,107.564631,0.960772845165003,0.03200000000000003,True
5.600746,3,107.571941,0.9594217398718692,0.02400000000000002,True
5.74972,4,107.581725,0.9604674572819615,0.03200000000000003,True
5.665054,5,107.593174,0.9596499043312614,0.040000000000000036,True
5.389837,3,107.599832,0.9610641744588324,0.02400000000000002,True
5.709078,3,107.60782,0.95765913922456,0.02400000000000002,True
5.788031,3,107.61436,0.9642266910921158,0.02400000000000002,True
5.458712,3,107.621913,0.9631924012382354,0.02400000000000002,True
5.809121,4,107.630938,0.9651415179640759,0.03200000000000003,True
5.660499,4,107.64134,0.9602958936132782,0.03200000000000003,True
5.659824,3,107.650013,0.9624991798301012,0.02400000000000002,True
5.409152,2,107.659013,0.9614353208137274,0.016000000000000014,True
5.485384,4,107.674132,0.9594744340838409,0.03200000000000003,True
5.855966,3,107.684657,0.9608446557350425,0.02400000000000002,True
5.827124,3,107.696502,0.9608830495427005,0.02400000000000002,True
5.679929,4,107.711372,0.9588977043109542,0.03200000000000003,True
5.596521,4,107.725572,0.9633916945039438,0.03200000000000003,True
5.620418,4,107.739118,0.9610577006939361,0.03200000000000003,True
5.402404,3,107.750246,0.9599152648973803,0.02400000000000002,True
5.47873,3,107.762656,0.9601275326035124,0.02400000000000002,True
5.745332,5,107.778606,0.9594411927811006,0.040000000000000036,True
5.570015,4,107.791523,0.9601789405537946,0.03200000000000003,True
5.793917,4,107.803351,0.958897513292813,0.03200000000000003,True
5.499718,3,107.811094,0.9610100071993622,0.02400000000000002,True
5.591157,5,107.828318,0.9664499358606613,0.040000000000000036,True
5.677223,3,107.837054,0.9615982685157696,0.02400000000000002,True
5.989566,4,107.849415,0.9618931955268893,0.03200000000000003,True
5.65695,5,107.864585,0.9596550001922108,0.040000000000000036,True
5.594247,4,107.876422,0.9664359940396159,0.03200000000000003,True
5.847467,4,107.888098,0.9591380641552877,0.03200000000000003,True
5.810492,4,107.901436,0.9597557339449949,0.03200000000000003,True
5.739844,4,107.915007,0.9617135505204064,0.03200000000000003,True
5.955398,5,107.930272,0.9635832213709603,0.040000000000000036,True
6.002264,3,107.942147,0.9609381207574954,0.02400000000000002,True
5.869691,4,107.95502,0.9583930665070173,0.03200000000000003,True
5.601106,3,107.96626,0.9635375564516202,0.02400000000000002,True
5.858072,4,107.979011,0.9603593031020214,0.03200000000000003,True
5.776346,4,107.991256,0.9658092278358245,0.03200000000000003,True
5.861798,4,108.002865,0.9593353870581675,0.03200000000000003,True
5.89794,4,108.014255,0.9627886193074587,0.03200000000000003,True
5.770707,4,108.024747,0.9597498416586818,0.03200000000000003,True
5.968185,3,108.034096,0.9670853005191126,0.02400000000000002,True
5.651087,3,108.043329,0.9588832596743857,0.02400000000000002,True
5.794193,4,108.055321,0.9618257721247896,0.03200000000000003,True
5.738215,4,108.067417,0.9629823696469386,0.03200000000000003,True
5.674682,4,108.779097,0.9589392147851904,0.03200000000000003,True
5.645692,5,108.79478,0.9582957812359619,0.040000000000000036,True
5.567928,3,108.803802,0.9661727677580185,0.02400000000000002,True
5.779706,4,108.815775,0.9623735206776918,0.03200000000000003,True
5.64147,5,108.831649,0.9599672213299639,0.040000000000000036,True
6.0033,4,108.843676,0.9582917186363178,0.03200000000000003,True
5.500579,3,108.854815,0.9583013849235863,0.02400000000000002,True
5.51367,3,108.865629,0.9603752429729152,0.02400000000000002,True
5.474431,3,108.873744,0.961374844259212,0.02400000000000002,True
5.879772,4,108.887084,0.9616185681031195,0.03200000000000003,True
5.416296,4,108.898552,0.9623293967118911,0.03200000000000003,True
5.841651,4,108.910136,0.9600826029972966,0.03200000000000003,True
5.793494,3,108.919461,0.9643595724448448,0.02400000000000002,True
5.563955,3,108.929262,0.9588975105909696,0.02400000000000002,True
5.57504,4,108.942295,0.9652657014525482,0.03200000000000003,True
5.693251,4,108.954304,0.9615765974610933,0.03200000000000003,True
5.53918,2,108.961009,0.957216808807939,0.016000000000000014,True
5.370543,3,108.969737,0.9628475159201356,0.02400000000000002,True
5.774887,3,108.97791,0.9600730813685128,0.02400000000000002,True
5.737266,4,108.990159,0.9614176154686079,0.03200000000000003,True
5.711913,3,108.998719,0.9614629526279014,0.02400000000000002,True
5.738232,4,109.011074,0.9640288274570283,0.03200000000000003,True
5.610259,3,109.019375,0.9579033043554442,0.02400000000000002,True
5.551755,4,109.031027,0.9608802305793522,0.03200000000000003,True
5.553052,3,109.040191,0.9613051523345073,0.02400000000000002,True
5.961073,4,109.051592,0.9600908228900878,0.03200000000000003,True
5.80711,4,109.063622,0.9582501993134516,0.03200000000000003,True
5.735941,3,109.073565,0.9644959153919355,0.02400000000000002,True
5.73862,4,109.086648,0.9617704060888058,0.03200000000000003,True
5.598948,4,109.101564,0.9596921212563652,0.03200000000000003,True
5.600513,3,109.111617,0.9638126538072992,0.02400000000000002,True
5.510827,3,109.123183,0.9614497996984184,0.02400000000000002,True
5.580773,5,109.139259,0.9594450274225863,0.040000000000000036,True
5.79676,5,109.156675,0.961907493302896,0.040000000000000036,True
5.541572,3,109.166348,0.9591920438247376,0.02400000000000002,True
5.796307,4,109.184005,0.9647521735169038,0.03200000000000003,True
5.825796,4,109.196586,0.9594954330254798,0.03200000000000003,True
5.641726,3,109.208096,0.9637793494217471,0.02400000000000002,True
5.679559,4,109.218431,0.96402368054823,0.03200000000000003,True
5.6742,4,109.231216,0.9625899464825451,0.03200000000000003,True
6.058652,5,109.24629,0.9612391925254946,0.040000000000000036,True
5.944887,4,109.261833,0.9616049524180758,0.03200000000000003,True
5.783166,4,109.276319,0.9610040062051227,0.03200000000000003,True
5.668763,3,109.286287,0.9627073232029802,0.02400000000000002,True
5.588768,4,109.299621,0.9614756350585087,0.03200000000000003,True
5.922435,5,109.315214,0.959808521329703,0.040000000000000036,True
5.785108,5,109.334259,0.9580088177852104,0.040000000000000036,True
5.814899,4,109.347545,0.9625250856364169,0.03200000000000003,True
5.699135,5,109.363128,0.9588028617132056,0.040000000000000036,True
5.503322,4,109.374944,0.9627783901541418,0.03200000000000003,True
5.664077,4,109.386759,0.9629309432278235,0.03200000000000003,True
5.652342,4,109.398405,0.9605779555719376,0.03200000000000003,True
5.619448,4,109.41072,0.9620547453743766,0.03200000000000003,True
5.586164,4,109.424393,0.965038017549355,0.03200000000000003,True
5.652013,4,109.437565,0.959688140542275,0.03200000000000003,True
5.612519,4,109.450464,0.960650259863762,0.03200000000000003,True
5.521231,4,109.462879,0.9627287477708995,0.03200000000000003,True
5.504401,4,109.474572,0.9595071690375747,0.03200000000000003,True
5.484056,3,109.484118,0.9641024790074213,0.02400000000000002,True
5.516516,4,109.496187,0.9582153138012519,0.03200000000000003,True
5.507262,4,109.508447,0.9591903398251594,0.03200000000000003,True
5.755029,3,109.51555,0.9628261978430692,0.02400000000000002,True
5.74614,4,109.526703,0.9616293178888187,0.03200000000000003,True
5.564612,5,109.542317,0.9649797632155834,0.040000000000000036,True
5.931751,4,109.554348,0.9615030542380663,0.03200000000000003,True
5.938154,4,109.567177,0.9630077092449835,0.03200000000000003,True
5.706352,4,109.578718,0.960968381581527,0.03200000000000003,True
5.510711,4,110.409753,0.9576651341608194,0.03200000000000003,True
5.679094,3,110.420321,0.9568262615508446,0.02400000000000002,True
5.55091,3,110.428457,0.9617243577759214,0.02400000000000002,True
5.899602,3,110.438377,0.960064893700105,0.02400000000000002,True
5.83146,4,110.451603,0.9587989580496463,0.03200000000000003,True
5.952735,3,110.461649,0.96067585779766,0.02400000000000002,True
5.765602,4,110.47448,0.9638125459269138,0.03200000000000003,True
5.395383,3,110.484132,0.9612089975614031,0.02400000000000002,True
5.475386,3,110.492546,0.9616960641037715,0.02400000000000002,True
5.864549,4,110.505147,0.9576531404784037,0.03200000000000003,True
5.721795,3,110.514395,0.9610206008762672,0.02400000000000002,True
5.552595,4,110.526438,0.9584470659046875,0.03200000000000003,True
5.875045,5,110.541682,0.9614336751983992,0.040000000000000036,True
5.657074,3,110.551214,0.9639237381320984,0.02400000000000002,True
5.569851,3,110.559356,0.9632652446745325,0.02400000000000002,True
5.493759,4,110.57037,0.9598026527827179,0.03200000000000003,True
5.809236,3,110.579701,0.9598487340698704,0.02400000000000002,True
5.437769,3,110.588868,0.9635734959309712,0.02400000000000002,True
5.734353,4,110.600371,0.9593849360355531,0.03200000000000003,True
5.420775,3,110.60914,0.9593300025882587,0.02400000000000002,True
5.602191,4,110.621047,0.9585304023293053,0.03200000000000003,True
5.698508,4,110.632586,0.9578103052052078,0.03200000000000003,True
5.80454,3,110.642103,0.9600521782780815,0.02400000000000002,True
5.515421,3,110.650398,0.9584206370601183,0.02400000000000002,True
5.752529,4,110.665693,0.9639464714804864,0.03200000000000003,True
5.585845,3,110.677391,0.9594254653025611,0.02400000000000002,True
5.739674,4,110.689431,0.9633950550726994,0.03200000000000003,True
5.821679,4,110.701782,0.9572865852078564,0.03200000000000003,True
5.467003,4,110.712913,0.9580247531753727,0.03200000000000003,True
5.606553,4,110.724183,0.9629021341437727,0.03200000000000003,True
5.826637,4,110.73611,0.9701115248955354,0.03200000000000003,True
5.503356,4,110.751191,0.9625047279787715,0.03200000000000003,True
5.752692,3,110.761601,0.962759612368259,0.02400000000000002,True
5.598823,3,110.77181,0.9586671261594398,0.02400000000000002,True
5.513467,3,110.784949,0.9623870990832772,0.02400000000000002,True
5.527021,3,110.793689,0.9592207749725891,0.02400000000000002,True
5.583181,4,110.816836,0.9601611930407546,0.03200000000000003,True
5.980193,4,110.83091,0.9620768706455546,0.03200000000000003,True
5.829936,4,110.843906,0.9621321383922525,0.03200000000000003,True
5.678656,4,110.857958,0.9591738322954104,0.03200000000000003,True
5.970027,3,110.868244,0.9691556353390969,0.02400000000000002,True
5.84166,4,110.881713,0.957783554756116,0.03200000000000003,True
5.790765,4,110.894486,0.9604486025745379,0.03200000000000003,True
5.928753,3,110.907159,0.9608450549359151,0.02400000000000002,True
5.535516,4,110.921089,0.9576057378545195,0.03200000000000003,True
5.828179,5,110.939183,0.9605650146614721,0.040000000000000036,True
5.615785,3,110.950392,0.9634427446991749,0.02400000000000002,True
5.555953,4,110.963172,0.9612004247623872,0.03200000000000003,True
5.566983,3,110.97376,0.9634223029637559,0.02400000000000002,True
5.827943,4,110.987869,0.9582779306723233,0.03200000000000003,True
5.726404,4,111.002533,0.9659995367186498,0.03200000000000003,True
5.827682,3,111.013806,0.9598561394938323,0.02400000000000002,True
5.716579,4,111.028234,0.9572048325632707,0.03200000000000003,True
5.593941,4,111.041718,0.9603304595795444,0.03200000000000003,True
5.706075,5,111.055644,0.9614229892818582,0.040000000000000036,True
5.63974,2,111.06201,0.9644395907324484,0.016000000000000014,True
5.486078,4,111.073611,0.9580976205665602,0.03200000000000003,True
5.627396,5,111.088454,0.9611051125755619,0.040000000000000036,True
5.597632,4,111.101301,0.9627511610917524,0.03200000000000003,True
5.521286,3,111.111684,0.9620625634232428,0.02400000000000002,True
5.69384,3,111.120322,0.9666066382545415,0.02400000000000002,True
5.659301,5,111.135732,0.9631042926020602,0.040000000000000036,True
5.756985,3,111.144586,0.9628475120982422,0.02400000000000002,True
5.715981,4,111.15691,0.9629023317710885,0.03200000000000003,True
5.677082,2,111.162548,0.9621323049046766,0.016000000000000014,True
5.620865,2,111.168035,0.960431633520515,0.016000000000000014,True
5.612113,4,111.180391,0.9607272810872006,0.03200000000000003,True
5.696515,4,111.196081,0.967844324210565,0.03200000000000003,True
5.591502,4,111.207929,0.9597651369982033,0.03200000000000003,True
5.560851,4,111.220136,0.9578932627584498,0.03200000000000003,True
5.703005,5,112.012898,0.9674065144446036,0.040000000000000036,True
5.724981,2,112.019446,0.9618497636410916,0.016000000000000014,True
5.535616,3,112.026438,0.9604941826985658,0.02400000000000002,True
5.836071,5,112.03745,0.9592675525324397,0.040000000000000036,True
5.581829,4,112.046919,0.9642160992623157,0.03200000000000003,True
5.758029,4,112.056394,0.9660403153906537,0.03200000000000003,True
5.466761,4,112.06625,0.9599621896007962,0.03200000000000003,True
5.901813,5,112.078083,0.9632905296966072,0.040000000000000036,True
5.575813,4,112.087358,0.9614982464159405,0.03200000000000003,True
5.52887,4,112.096582,0.9570149240919565,0.03200000000000003,True
5.819795,3,112.104003,0.9653528071478714,0.02400000000000002,True
5.600531,3,112.111552,0.9624757859086921,0.02400000000000002,True
5.518418,3,112.119912,0.9610905234040061,0.02400000000000002,True
5.569881,4,112.129492,0.9592515740939438,0.03200000000000003,True
5.642882,3,112.136732,0.9625228784837498,0.02400000000000002,True
5.817154,4,112.146259,0.9603893358008286,0.03200000000000003,True
5.816271,5,112.157491,0.9599077082930649,0.040000000000000036,True
5.587721,4,112.166365,0.9643883232104546,0.03200000000000003,True
5.575043,3,112.172493,0.9627128499080007,0.02400000000000002,True
5.522096,3,112.17903,0.9639704175423289,0.02400000000000002,True
5.611166,3,112.185944,0.9618967600339614,0.02400000000000002,True
5.885337,3,112.193779,0.9617887320522893,0.02400000000000002,True
5.591042,3,112.202377,0.959422348402283,0.02400000000000002,True
5.711496,3,112.210955,0.9662593512339499,0.02400000000000002,True
5.428625,3,112.219487,0.9598838997781258,0.02400000000000002,True
5.994403,4,112.229733,0.9604199084315954,0.03200000000000003,True
5.526766,3,112.237609,0.9594728618546755,0.02400000000000002,True
5.860068,5,112.249861,0.961102593360267,0.040000000000000036,True
5.609385,3,112.257314,0.9624362229146737,0.02400000000000002,True
5.824888,4,112.266876,0.9657159290992514,0.03200000000000003,True
5.387117,2,112.273371,0.9675907195082927,0.016000000000000014,True
5.484314,3,112.280258,0.9621222901040392,0.02400000000000002,True
5.601871,5,112.293025,0.9627278839230641,0.040000000000000036,True
5.817491,4,112.302797,0.9572588649744128,0.03200000000000003,True
5.793858,4,112.312629,0.9612699035636227,0.03200000000000003,True
5.760835,4,112.322503,0.9590463840695996,0.03200000000000003,True
5.609109,4,112.333275,0.9625372645677552,0.03200000000000003,True
5.662034,4,112.343404,0.9565663982895978,0.03200000000000003,True
6.008959,3,112.351402,0.9601343772981836,0.02400000000000002,True
5.919525,3,112.358261,0.9613037500724193,0.02400000000000002,True
5.794972,4,112.36884,0.9615482017321032,0.03200000000000003,True
5.798978,3,112.375778,0.9629955470995517,0.02400000000000002,True
5.78865,4,112.384125,0.9606459213291567,0.03200000000000003,True
5.831937,3,112.391371,0.9584838528335293,0.02400000000000002,True
5.637965,4,112.400376,0.963779717213604,0.03200000000000003,True
5.980594,3,112.408346,0.9612533333424265,0.02400000000000002,True
5.839369,4,112.417764,0.9594938633928094,0.03200000000000003,True
5.673084,5,112.428648,0.9585357856594112,0.040000000000000036,True
5.49498,4,112.438428,0.9634111152808229,0.03200000000000003,True
5.531672,4,112.448053,0.9591471299626918,0.03200000000000003,True
5.460877,5,112.460221,0.9664178980183689,0.040000000000000036,True
5.584947,2,112.464833,0.9652708795927347,0.016000000000000014,True
5.725839,4,112.473996,0.9684186633426513,0.03200000000000003,True
5.758785,3,112.481717,0.9614784179474429,0.02400000000000002,True
5.559724,4,112.490947,0.9595505860773896,0.03200000000000003,True
5.603546,4,112.501096,0.9639905104759996,0.03200000000000003,True
5.644996,4,112.51019,0.9595452046879243,0.03200000000000003,True
5.703258,4,112.520157,0.963865454759179,0.03200000000000003,True
5.761741,4,112.529127,0.9602383295422355,0.03200000000000003,True
5.644125,4,112.538326,0.959359560347675,0.03200000000000003,True
5.588155,5,112.549068,0.9593287218138089,0.040000000000000036,True
5.621803,5,112.561835,0.9570481146940175,0.040000000000000036,True
5.825695,5,112.574488,0.9643177820028814,0.040000000000000036,True
5.651964,5,112.585497,0.9606320493590738,0.040000000000000036,True
5.585394,4,112.595127,0.9596020684092033,0.03200000000000003,True
5.733799,3,112.602488,0.9590283898137428,0.02400000000000002,True
5.67645,4,112.613007,0.9564327478384844,0.03200000000000003,True
5.597204,5,112.624671,0.9623588879092353,0.040000000000000036,True
5.849525,4,113.159448,0.9634472831784611,0.03200000000000003,True
5.773067,4,113.169275,0.9605628153913186,0.03200000000000003,True
5.582425,4,113.181271,0.9614158467472629,0.03200000000000003,True
5.632247,4,113.189508,0.9693939949419785,0.03200000000000003,True
5.560105,3,113.197047,0.9626035347496776,0.02400000000000002,True
5.972856,3,113.204746,0.9646642028234187,0.02400000000000002,True
5.894549,5,113.215844,0.9588055665171015,0.040000000000000036,True
5.719506,3,113.223618,0.963228832193685,0.02400000000000002,True
5.721802,4,113.232877,0.9624770746142484,0.03200000000000003,True
5.750745,4,113.242723,0.9636991284812987,0.03200000000000003,True
5.833438,4,113.253235,0.962798826156422,0.03200000000000003,True
5.531419,4,113.26231,0.958756559032104,0.03200000000000003,True
5.726092,4,113.271955,0.9645658421196874,0.03200000000000003,True
5.627464,5,113.283455,0.9666392039933003,0.040000000000000036,True
5.616129,2,113.288659,0.9553052226479568,0.016000000000000014,True
5.930533,4,113.299017,0.9628375261585043,0.03200000000000003,True
5.536061,3,113.306933,0.958825113020301,0.02400000000000002,True
5.685232,4,113.315682,0.9574419772420888,0.03200000000000003,True
5.723154,4,113.325171,0.9566435582971153,0.03200000000000003,True
5.527781,3,113.332377,0.9629355434673397,0.02400000000000002,True
5.600925,3,113.339278,0.9629988039374631,0.02400000000000002,True
5.71704,3,113.346098,0.9653914484608266,0.02400000000000002,True
5.771847,3,113.353179,0.9686329152666583,0.02400000000000002,True
5.700942,4,113.362006,0.9629288340848624,0.03200000000000003,True
5.637662,4,113.372397,0.9581914841287262,0.03200000000000003,True
5.668201,4,113.381593,0.9606073074950139,0.03200000000000003,True
5.529302,3,113.388122,0.961242772113607,0.02400000000000002,True
5.387775,2,113.393339,0.9602845572932646,0.016000000000000014,True
5.831889,4,113.402492,0.9618504841439317,0.03200000000000003,True
5.655986,3,113.409175,0.9622632713401118,0.02400000000000002,True
5.461034,4,113.418199,0.9599121481499184,0.03200000000000003,True
5.492065,4,113.428175,0.9627247956425053,0.03200000000000003,True
5.807888,4,113.437931,0.957745003105432,0.03200000000000003,True
5.733518,4,113.448946,0.9636665106857996,0.03200000000000003,True
5.779631,3,113.45594,0.9612865012196005,0.02400000000000002,True
5.898591,3,113.46214,0.9609318736426383,0.02400000000000002,True
5.552065,5,113.47496,0.9653951621028398,0.040000000000000036,True
5.423994,3,113.482295,0.9608484561354866,0.02400000000000002,True
5.492191,3,113.488818,0.9618994158552943,0.02400000000000002,True
5.5604,4,113.498488,0.9601551806557296,0.03200000000000003,True
5.639608,5,113.511723,0.9612570779962616,0.040000000000000036,True
5.525687,3,113.517262,0.9568335844583795,0.02400000000000002,True
5.657116,5,113.529783,0.9616876750707946,0.040000000000000036,True
6.042896,5,113.540995,0.9593897851836886,0.040000000000000036,True
5.743562,4,113.549465,0.9580090494069263,0.03200000000000003,True
5.778635,4,113.558948,0.9587889760571537,0.03200000000000003,True
5.520979,2,113.564312,0.9597932785549473,0.016000000000000014,True
5.531048,5,113.575762,0.9606561838199512,0.040000000000000036,True
5.464922,5,113.586468,0.963071923238516,0.040000000000000036,True
5.479661,4,113.595205,0.966220426249124,0.03200000000000003,True
5.856027,4,113.604012,0.9595905510377842,0.03200000000000003,True
5.464224,3,113.611718,0.9592724054841375,0.02400000000000002,True
5.655793,3,113.618995,0.9618020760233714,0.02400000000000002,True
5.806545,4,113.628232,0.9606381919168814,0.03200000000000003,True
5.803618,5,113.639043,0.961883786528356,0.040000000000000036,True
5.468411,3,113.647716,0.9595510788478157,0.02400000000000002,True
5.623286,4,113.658808,0.9580739185001123,0.03200000000000003,True
5.761203,4,113.668899,0.9626792514549588,0.03200000000000003,True
5.694401,3,113.676148,0.9586962046949574,0.02400000000000002,True
5.515406,4,113.684894,0.9601833261462566,0.03200000000000003,True
5.555218,3,113.6922,0.9643512926600543,0.02400000000000002,True
5.356191,2,113.696314,0.960077119863848,0.016000000000000014,True
5.610224,5,113.707226,0.9606021131101712,0.040000000000000036,True
5.499011,3,113.714081,0.9598292796541055,0.02400000000000002,True
5.737255,3,113.721551,0.9620701936665905,0.02400000000000002,True
5.723213,3,113.728954,0.9590210912684416,0.02400000000000002,True
5.570072,2,113.733865,0.9660935254623564,0.016000000000000014,True
5.549971,4,113.74338,0.9612410331377897,0.03200000000000003,True
5.783704,4,113.752567,0.9603541955133926,0.03200000000000003,True
5.874846,4,113.761589,0.962183071151829,0.03200000000000003,True
5.673154,3,114.281817,0.9702206451533586,0.02400000000000002,True
6.069179,4,114.29108,0.9632576759691788,0.03200000000000003,True
5.763858,4,114.300456,0.9568669970737658,0.03200000000000003,True
5.585704,3,114.307313,0.9566916802437204,0.02400000000000002,True
5.688318,4,114.316733,0.958262494924593,0.03200000000000003,True
5.475833,3,114.325295,0.961190739902386,0.02400000000000002,True
5.625826,3,114.332122,0.9617228920068692,0.02400000000000002,True
5.758372,4,114.342153,0.9634698544744911,0.03200000000000003,True
5.718244,3,114.349669,0.9589528660084001,0.02400000000000002,True
5.698832,3,114.356743,0.9571328110097728,0.02400000000000002,True
5.593539,5,114.367823,0.9603116616734146,0.040000000000000036,True
5.906488,4,114.377016,0.962945713906613,0.03200000000000003,True
5.450829,3,114.384824,0.9612911908907232,0.02400000000000002,True
5.593993,4,114.393903,0.9632169431117985,0.03200000000000003,True
5.751624,4,114.402764,0.9635233473660152,0.03200000000000003,True
5.656023,4,114.411871,0.9580519783211613,0.03200000000000003,True
5.771136,3,114.419057,0.9661444853518144,0.02400000000000002,True
5.585052,4,114.430695,0.9593631737213639,0.03200000000000003,True
5.489772,4,114.442995,0.9579814255289854,0.03200000000000003,True
5.499679,3,114.450095,0.9624682176416355,0.02400000000000002,True
5.46827,3,114.457788,0.9657935345500108,0.02400000000000002,True
5.547688,3,114.465296,0.9639497007525238,0.02400000000000002,True
5.781182,4,114.474407,0.964235750155102,0.03200000000000003,True
5.89531,5,114.48589,0.9636757438149302,0.040000000000000036,True
5.46428,3,114.493019,0.9576549056993018,0.02400000000000002,True
5.729046,3,114.501024,0.9607943376526952,0.02400000000000002,True
5.613571,3,114.509117,0.9585725225176436,0.02400000000000002,True
5.984577,4,114.518671,0.9579252658161649,0.03200000000000003,True
5.459605,3,114.525865,0.9617074914635353,0.02400000000000002,True
5.42896,3,114.532716,0.9608866658919211,0.02400000000000002,True
5.619728,3,114.540123,0.9585729257855489,0.02400000000000002,True
6.01655,4,114.550879,0.9625235184766934,0.03200000000000003,True
5.508483,3,114.557238,0.9597515648456987,0.02400000000000002,True
5.65228,4,114.566735,0.9595073890351287,0.03200000000000003,True
5.66007,4,114.577104,0.9575018132790512,0.03200000000000003,True
5.629035,5,114.588881,0.9618218772589502,0.040000000000000036,True
5.827371,3,114.596204,0.9569868452292711,0.02400000000000002,True
5.491231,4,114.605821,0.9638673322224276,0.03200000000000003,True
5.777681,4,114.615363,0.9606248398930508,0.03200000000000003,True
5.623274,4,114.625801,0.9609703966564063,0.03200000000000003,True
5.821964,4,114.635374,0.9644079326533996,0.03200000000000003,True
5.691299,3,114.645102,0.9607106036451973,0.02400000000000002,True
5.365446,4,114.655475,0.9591481714193946,0.03200000000000003,True
5.561749,4,114.665216,0.960526858135249,0.03200000000000003,True
5.677494,3,114.673273,0.9638710629621373,0.02400000000000002,True
5.621282,4,114.68895,0.9560535237286336,0.03200000000000003,True
5.608602,3,114.699708,0.9662411314866779,0.02400000000000002,True
5.488957,3,114.709157,0.9565948370272781,0.02400000000000002,True
5.568658,3,114.720351,0.9657356083804897,0.02400000000000002,True
6.043421,4,114.729958,0.9633039834147206,0.03200000000000003,True
5.668147,4,114.741484,0.9605169288260126,0.03200000000000003,True
5.723098,4,114.751164,0.9631171291047582,0.03200000000000003,True
5.85592,5,114.762581,0.9686586313790001,0.040000000000000036,True
5.577026,3,114.770351,0.9601397450670576,0.02400000000000002,True
5.769323,4,114.780924,0.9594900233429454,0.03200000000000003,True
5.800014,3,114.788833,0.9576988962502375,0.02400000000000002,True
5.84123,5,114.801677,0.961173266343684,0.040000000000000036,True
5.863119,4,114.81061,0.9590358041650007,0.03200000000000003,True
5.573732,4,114.820069,0.9657053677535115,0.03200000000000003,True
5.577871,3,114.828074,0.9591011768525346,0.02400000000000002,True
5.653852,4,114.839096,0.9612337789669358,0.03200000000000003,True
5.729502,4,114.848942,0.960063544489717,0.03200000000000003,True
5.780525,4,114.858675,0.9604162124222182,0.03200000000000003,True
5.362736,3,114.86644,0.9587624841044364,0.02400000000000002,True
5.64508,3,114.87378,0.9605499344530943,0.02400000000000002,True
5.629461,5,114.884568,0.9600904903533718,0.040000000000000036,True
5.762817,3,114.891598,0.9573715268420409,0.02400000000000002,True
5.756213,4,114.90179,0.9592488711642387,0.03200000000000003,True
5.497654,4,114.911179,0.9624858389232025,0.03200000000000003,True
5.435028,3,114.919317,0.95997310486649,0.02400000000000002,True
5.670429,5,115.502612,0.9602145599687207,0.040000000000000036,True
5.907694,4,115.513075,0.961656004437992,0.03200000000000003,True
5.575413,5,115.524389,0.9592747791510609,0.040000000000000036,True
5.603937,4,115.533511,0.9617023359282186,0.03200000000000003,True
5.808691,4,115.542928,0.9671891801332929,0.03200000000000003,True
5.884017,4,115.552159,0.95891931018921,0.03200000000000003,True
5.858381,4,115.563191,0.9613592965681531,0.03200000000000003,True
5.501166,3,115.569796,0.9604597240378749,0.02400000000000002,True
5.824994,2,115.575052,0.9580097127401022,0.016000000000000014,True
5.773496,3,115.582068,0.9609756472853663,0.02400000000000002,True
5.484605,3,115.589264,0.9608767555806526,0.02400000000000002,True
5.49894,4,115.598252,0.9623925352047913,0.03200000000000003,True
5.755962,3,115.605196,0.9595831475652972,0.02400000000000002,True
5.659971,3,115.611823,0.961453103340697,0.02400000000000002,True
5.861943,3,115.618484,0.9612057813492393,0.02400000000000002,True
5.448485,5,115.629866,0.9610190567632426,0.040000000000000036,True
5.448901,4,115.639428,0.9580118649728535,0.03200000000000003,True
6.037237,5,115.650011,0.9640638309262237,0.040000000000000036,True
5.427926,3,115.657064,0.9602212354835243,0.02400000000000002,True
5.936592,4,115.665872,0.9631378343107863,0.03200000000000003,True
5.713587,3,115.672575,0.9615893175808627,0.02400000000000002,True
5.554391,4,115.68141,0.9626105477288669,0.03200000000000003,True
5.603217,4,115.690143,0.9652616948940316,0.03200000000000003,True
5.528718,4,115.699484,0.9634401312594332,0.03200000000000003,True
5.764825,4,115.709469,0.9615411998466871,0.03200000000000003,True
5.485882,4,115.718582,0.9650170445180338,0.03200000000000003,True
5.869556,4,115.728554,0.9597805121668488,0.03200000000000003,True
5.796229,5,115.739361,0.964133865971215,0.040000000000000036,True
6.053107,4,115.748292,0.9593085300279689,0.03200000000000003,True
5.50528,4,115.759348,0.9561367298609522,0.03200000000000003,True
5.615628,3,115.766864,0.9635190542361747,0.02400000000000002,True
5.713378,3,115.77438,0.9593022674999265,0.02400000000000002,True
5.853956,3,115.781019,0.9607738544666644,0.02400000000000002,True
5.642721,4,115.789289,0.9597568740168628,0.03200000000000003,True
5.51818,4,115.800142,0.9622887614607691,0.03200000000000003,True
5.589523,4,115.809355,0.9603349280446459,0.03200000000000003,True
5.456814,4,115.818383,0.9608636675462707,0.03200000000000003,True
5.617851,3,115.826283,0.9572932104507019,0.02400000000000002,True
5.836887,5,115.838176,0.96341112461953,0.040000000000000036,True
5.828388,5,115.849505,0.9628082513663888,0.040000000000000036,True
5.431777,4,115.858354,0.9604562921771391,0.03200000000000003,True
5.58488,5,115.870034,0.967597061207666,0.040000000000000036,True
5.750429,4,115.87908,0.9637879202720123,0.03200000000000003,True
5.619366,4,115.888216,0.9610217381399211,0.03200000000000003,True
5.620993,5,115.899161,0.9594781541087177,0.040000000000000036,True
5.558913,3,115.906618,0.9613495621347956,0.02400000000000002,True
5.67965,2,115.912204,0.9628260529363302,0.016000000000000014,True
5.36761,2,115.916788,0.9635149161682205,0.016000000000000014,True
5.875208,4,115.926972,0.9636168205412297,0.03200000000000003,True
5.827061,3,115.933469,0.9631207854794386,0.02400000000000002,True
5.75865,4,115.943288,0.9649276026285315,0.03200000000000003,True
5.782558,4,115.953096,0.9601955468390444,0.03200000000000003,True
5.661458,4,115.965653,0.9598579252085675,0.03200000000000003,True
5.927202,5,115.97709,0.9599856393947193,0.040000000000000036,True
5.430181,4,115.986873,0.9581188656152851,0.03200000000000003,True
5.900708,5,115.997628,0.962916639860606,0.040000000000000036,True
5.503359,3,116.011758,0.957538629543605,0.02400000000000002,True
5.675685,4,116.024885,0.9639267811332266,0.03200000000000003,True
5.63156,4,116.037914,0.9602713738086309,0.03200000000000003,True
5.525332,3,116.047876,0.9651417649169738,0.02400000000000002,True
5.483395,4,116.139142,0.9593155866089229,0.03200000000000003,True
5.635681,3,116.146088,0.9598692083987015,0.02400000000000002,True
5.832573,4,116.155142,0.9616688605451473,0.03200000000000003,True
5.56076,4,116.166315,0.965527722145013,0.03200000000000003,True
5.652741,5,116.178491,0.9596820612387924,0.040000000000000036,True
5.901166,4,116.188306,0.9589269628913185,0.03200000000000003,True
5.648369,3,116.195577,0.9619504537132986,0.02400000000000002,True
5.720094,3,116.203001,0.9598269986046598,0.02400000000000002,True
5.761074,3,116.718735,0.9610132944948819,0.02400000000000002,True
5.634157,4,116.73228,0.9616917866482487,0.03200000000000003,True
5.672899,4,116.742898,0.9593631444491381,0.03200000000000003,True
5.71497,4,116.752686,0.9590520849851086,0.03200000000000003,True
5.769808,4,116.763012,0.9601172610040649,0.03200000000000003,True
5.752415,4,116.772471,0.9596891371515063,0.03200000000000003,True
5.623852,4,116.782856,0.9572796624630927,0.03200000000000003,True
5.802295,3,116.789938,0.9652706079314639,0.02400000000000002,True
5.528292,4,116.799445,0.9633854647752695,0.03200000000000003,True
5.840294,4,116.810632,0.9603494642867214,0.03200000000000003,True
5.679609,3,116.818626,0.9621316110139051,0.02400000000000002,True
6.108082,5,116.830899,0.9571076810528849,0.040000000000000036,True
5.674185,4,116.840521,0.9668508484259433,0.03200000000000003,True
5.823718,4,116.850293,0.9605177629120258,0.03200000000000003,True
5.655135,4,116.860937,0.957770096153095,0.03200000000000003,True
5.819361,4,116.870378,0.9631081955896654,0.03200000000000003,True
6.080926,4,116.879805,0.9595945081169971,0.03200000000000003,True
5.554322,3,116.8873,0.9597170956805293,0.02400000000000002,True
5.802402,4,116.895498,0.9589476440030118,0.03200000000000003,True
5.470481,3,116.902918,0.9597123646001375,0.02400000000000002,True
5.592433,3,116.91012,0.9656418208208181,0.02400000000000002,True
5.469152,3,116.917139,0.9649220464845036,0.02400000000000002,True
5.780221,3,116.923948,0.9629925232645186,0.02400000000000002,True
5.430802,3,116.931282,0.9600745200523928,0.02400000000000002,True
5.592102,5,116.942432,0.9629585644756022,0.040000000000000036,True
5.661319,3,116.949905,0.9609968531658025,0.02400000000000002,True
5.900176,4,116.957979,0.9612625741177967,0.03200000000000003,True
5.631297,4,116.967862,0.9594779389551698,0.03200000000000003,True
5.685228,3,116.975396,0.9634794350272787,0.02400000000000002,True
5.969074,3,116.982943,0.9597855792029075,0.02400000000000002,True
5.994859,5,116.993659,0.9640270758288756,0.040000000000000036,True
5.530178,3,117.000851,0.955176640700485,0.02400000000000002,True
5.745324,4,117.010141,0.9589679844533086,0.03200000000000003,True
5.740758,5,117.02286,0.9617931004713232,0.040000000000000036,True
5.687369,3,117.030078,0.9623971511884002,0.02400000000000002,True
5.602622,4,117.039181,0.9625222333278478,0.03200000000000003,True
5.825559,4,117.04814,0.9608653518193052,0.03200000000000003,True
5.40811,3,117.058733,0.9609975507429611,0.02400000000000002,True
5.744503,3,117.068447,0.9574863868962736,0.02400000000000002,True
5.774456,3,117.078244,0.9643574622138842,0.02400000000000002,True
5.498616,3,117.087825,0.9623656627287387,0.02400000000000002,True
5.779503,4,117.097021,0.9587109153938538,0.03200000000000003,True
5.561369,4,117.106792,0.9594275569475339,0.03200000000000003,True
5.679588,4,117.118169,0.9575712301706967,0.03200000000000003,True
5.599081,2,117.123277,0.9571027739353621,0.016000000000000014,True
5.82634,4,117.133926,0.9624989534506062,0.03200000000000003,True
5.773973,4,117.142724,0.9609944171735192,0.03200000000000003,True
5.952939,4,117.151848,0.9604794303751327,0.03200000000000003,True
5.974348,4,117.160629,0.9594310199610295,0.03200000000000003,True
5.757336,4,117.171639,0.9638218386705302,0.03200000000000003,True
5.847279,4,117.180712,0.9589457432134181,0.03200000000000003,True
5.796976,4,117.18997,0.9625312039604225,0.03200000000000003,True
5.462538,3,117.197205,0.9664891140750651,0.02400000000000002,True
5.532002,4,117.206062,0.9644008190810643,0.03200000000000003,True
5.542576,3,117.213911,0.9572656045513495,0.02400000000000002,True
5.538646,4,117.224167,0.9579474022588366,0.03200000000000003,True
5.563263,4,117.2339,0.9599633718795625,0.03200000000000003,True
5.776166,4,117.243312,0.9641293674637872,0.03200000000000003,True
6.050541,4,117.25287,0.9637208700510693,0.03200000000000003,True
5.464352,4,117.263025,0.9570876229646942,0.03200000000000003,True
5.496152,3,117.271111,0.964547393655968,0.02400000000000002,True
5.679966,4,117.280766,0.963840717353265,0.03200000000000003,True
5.540012,3,117.287875,0.95757769799933,0.02400000000000002,True
5.728683,3,117.294878,0.9584198058416061,0.02400000000000002,True
5.353607,3,117.302339,0.9592751959660886,0.02400000000000002,True
5.481798,3,117.308712,0.959480811056327,0.02400000000000002,True
5.732662,4,117.317763,0.9620241739458103,0.03200000000000003,True
5.441867,4,117.328711,0.9641073030472486,0.03200000000000003,True
5.61921,4,117.338433,0.956925728265865,0.03200000000000003,True
5.53216,4,117.863676,0.9596388629633306,0.03200000000000003,True
5.753083,4,117.873269,0.9583567745071093,0.03200000000000003,True
5.639391,3,117.87967,0.9586191304185403,0.02400000000000002,True
5.798351,4,117.888441,0.9604562062047377,0.03200000000000003,True
5.71032,4,117.897905,0.9611933529627537,0.03200000000000003,True
5.989821,4,117.906783,0.9598608537226581,0.03200000000000003,True
5.717589,3,117.913727,0.9619076450904767,0.02400000000000002,True
5.759964,5,117.926507,0.9604662546680239,0.040000000000000036,True
5.520589,3,117.933643,0.9609609173721998,0.02400000000000002,True
5.584627,4,117.942327,0.9650872785266935,0.03200000000000003,True
5.512013,4,117.953115,0.9570003270595246,0.03200000000000003,True
5.671576,4,117.961475,0.9639873548539901,0.03200000000000003,True
5.77308,4,117.972387,0.963245861398428,0.03200000000000003,True
5.861481,4,117.981992,0.9587840269281696,0.03200000000000003,True
5.791303,4,117.991383,0.9612207742953254,0.03200000000000003,True
5.455223,4,118.000638,0.9616437843407964,0.03200000000000003,True
5.550963,4,118.01029,0.9659522069373989,0.03200000000000003,True
5.724114,3,118.017288,0.9603068345032513,0.02400000000000002,True
5.498542,3,118.024146,0.9635358778268601,0.02400000000000002,True
5.607805,5,118.036453,0.9712151797454839,0.040000000000000036,True
5.498536,4,118.046035,0.9604015984647315,0.03200000000000003,True
5.680122,4,118.055788,0.9661490433776232,0.03200000000000003,True
5.667485,4,118.066076,0.9600712147448032,0.03200000000000003,True
5.73939,4,118.075218,0.961301495571566,0.03200000000000003,True
5.615549,4,118.085321,0.9633852622026254,0.03200000000000003,True
5.838945,4,118.09914,0.961331175150408,0.03200000000000003,True
5.915525,5,118.116353,0.9632576733957445,0.040000000000000036,True
5.888092,4,118.12865,0.9645708731776131,0.03200000000000003,True
5.923805,4,118.139815,0.9653282672014144,0.03200000000000003,True
6.055568,4,118.149512,0.9622827877489608,0.03200000000000003,True
5.99146,4,118.1582,0.9627743342562287,0.03200000000000003,True
6.024489,5,118.169799,0.96271860984902,0.040000000000000036,True
5.657189,5,118.181205,0.9613392142283586,0.040000000000000036,True
5.751061,3,118.188144,0.9568512787520905,0.02400000000000002,True
5.757213,3,118.195891,0.9591825462256833,0.02400000000000002,True
5.506317,3,118.202767,0.9599023530405307,0.02400000000000002,True
5.599463,4,118.211989,0.9608745830655185,0.03200000000000003,True
5.622047,3,118.219448,0.9592482780514258,0.02400000000000002,True
5.457786,3,118.227173,0.961369510646789,0.02400000000000002,True
5.701878,4,118.235977,0.9639432424206544,0.03200000000000003,True
5.682884,3,118.243223,0.9569340843350018,0.02400000000000002,True
5.503226,4,118.25348,0.9570860871595777,0.03200000000000003,True
5.56342,3,118.260254,0.9597909995937426,0.02400000000000002,True
5.673486,4,118.269842,0.9590857760008357,0.03200000000000003,True
5.517179,4,118.279243,0.9650400285025181,0.03200000000000003,True
5.734143,4,118.288471,0.9669255387916623,0.03200000000000003,True
5.578263,4,118.298499,0.9602603868807951,0.03200000000000003,True
5.508809,3,118.305457,0.9643293383213913,0.02400000000000002,True
5.814392,4,118.314929,0.9590389909365945,0.03200000000000003,True
5.929282,4,118.325432,0.9594939091753938,0.03200000000000003,True
5.562536,4,118.335002,0.9614589574850732,0.03200000000000003,True
5.561607,4,118.344197,0.9618162979557736,0.03200000000000003,True
5.401673,3,118.35027,0.9594906763560997,0.02400000000000002,True
5.839591,4,118.361673,0.9631779263583081,0.03200000000000003,True
5.737277,3,118.368062,0.9596831935406162,0.02400000000000002,True
5.654498,4,118.377163,0.9610962033432071,0.03200000000000003,True
5.594857,4,118.387265,0.9627892785439826,0.03200000000000003,True
6.016687,3,118.394799,0.9597942379352951,0.02400000000000002,True
5.605934,3,118.400612,0.9643340794807452,0.02400000000000002,True
6.011305,4,118.410093,0.9657718959016657,0.03200000000000003,True
5.482375,3,118.417088,0.9619361019696477,0.02400000000000002,True
5.415276,3,118.424933,0.9597703793971626,0.02400000000000002,True
5.629782,4,118.433176,0.9609200941509664,0.03200000000000003,True
5.566743,4,118.44237,0.9588305012540408,0.03200000000000003,True
5.619768,4,118.451322,0.9601353982002128,0.03200000000000003,True
5.886342,5,118.463925,0.9661422186417268,0.040000000000000036,True
5.615638,3,118.470283,0.9611355936011703,0.02400000000000002,True
5.54296,4,118.479296,0.961189558840235,0.03200000000000003,True
5.997216,5,119.014782,0.9630141266599808,0.040000000000000036,True
5.74749,4,119.023323,0.9583251985271114,0.03200000000000003,True
5.846597,4,119.032628,0.9646233945079703,0.03200000000000003,True
5.605386,4,119.04266,0.9607159119472269,0.03200000000000003,True
5.528064,3,119.049468,0.9639696126290601,0.02400000000000002,True
5.576433,4,119.058808,0.9619589083984943,0.03200000000000003,True
5.88668,5,119.06987,0.9595625202303406,0.040000000000000036,True
5.790338,4,119.079322,0.962316303700233,0.03200000000000003,True
5.610987,3,119.087173,0.9591541234628218,0.02400000000000002,True
6.026185,3,119.095705,0.9589838446189325,0.02400000000000002,True
5.607999,3,119.103119,0.9593020856155421,0.02400000000000002,True
5.598495,3,119.111459,0.9584786309060755,0.02400000000000002,True
5.580723,3,119.118242,0.9661252275705714,0.02400000000000002,True
5.576488,3,119.127682,0.9613784665126748,0.02400000000000002,True
5.617106,4,119.143229,0.9633000433868227,0.03200000000000003,True
5.432528,2,119.150892,0.9670286216361481,0.016000000000000014,True
5.547415,4,119.164636,0.9614746440457148,0.03200000000000003,True
5.846395,4,119.174938,0.9614464974001113,0.03200000000000003,True
5.838202,5,119.187987,0.9581376418513015,0.040000000000000036,True
5.63022,3,119.195873,0.964752231594827,0.02400000000000002,True
5.556418,4,119.205241,0.9590169437160629,0.03200000000000003,True
5.373351,3,119.21375,0.9570489625639671,0.02400000000000002,True
5.454937,4,119.224087,0.9613337084369389,0.03200000000000003,True
5.559269,4,119.233876,0.9617611721620977,0.03200000000000003,True
5.80296,5,119.245512,0.9644520864787126,0.040000000000000036,True
5.539769,4,119.255362,0.9624891876352702,0.03200000000000003,True
5.57495,4,119.265454,0.9595922099537524,0.03200000000000003,True
5.62276,4,119.276457,0.9617923323570376,0.03200000000000003,True
5.468392,3,119.282726,0.9622164795795742,0.02400000000000002,True
5.575111,4,119.292135,0.9596221202381017,0.03200000000000003,True
5.611851,4,119.301155,0.9583528053776235,0.03200000000000003,True
5.682901,3,119.309373,0.959407509826223,0.02400000000000002,True
5.570541,3,119.31664,0.9594624022052642,0.02400000000000002,True
5.616673,4,119.326626,0.9607258069286491,0.03200000000000003,True
5.547319,4,119.336241,0.9607025630986542,0.03200000000000003,True
5.543142,3,119.345513,0.9621568772809026,0.02400000000000002,True
5.487565,3,119.353684,0.9614921638019645,0.02400000000000002,True
5.617752,2,119.360028,0.9604491070211802,0.016000000000000014,True
5.603015,3,119.368397,0.9610428871596991,0.02400000000000002,True
5.703492,3,119.377398,0.9640983378269272,0.02400000000000002,True
5.536126,4,119.38794,0.9615381740328672,0.03200000000000003,True
5.760457,4,119.397825,0.9589945636876378,0.03200000000000003,True
5.561034,4,119.407253,0.9596668651972663,0.03200000000000003,True
5.527851,4,119.417274,0.9609165010010092,0.03200000000000003,True
5.519816,4,119.426917,0.9606228764702475,0.03200000000000003,True
5.920626,5,119.438612,0.9567706312381599,0.040000000000000036,True
5.487646,4,119.448834,0.9629359672545634,0.03200000000000003,True
5.764255,4,119.458804,0.9615984363408497,0.03200000000000003,True
5.977333,3,119.465762,0.9605449516717633,0.02400000000000002,True
5.496297,3,119.473536,0.9616664039097835,0.02400000000000002,True
5.687515,4,119.482366,0.9638922428392425,0.03200000000000003,True
5.534388,4,119.49097,0.9645940038309953,0.03200000000000003,True
5.821896,4,119.500717,0.9619325593178669,0.03200000000000003,True
5.546079,3,119.50742,0.9635433286061559,0.02400000000000002,True
5.600572,3,119.514979,0.9637862266398343,0.02400000000000002,True
5.648984,4,119.524147,0.9583191273138226,0.03200000000000003,True
5.565413,3,119.53036,0.9612377251863716,0.02400000000000002,True
5.506475,3,119.538257,0.9639744856250327,0.02400000000000002,True
5.616021,3,119.545752,0.9610333875145628,0.02400000000000002,True
5.609406,3,119.55308,0.9633770792209218,0.02400000000000002,True
5.590205,3,119.559784,0.9634421493845685,0.02400000000000002,True
5.667396,3,119.566762,0.9580940455214739,0.02400000000000002,True
5.514073,2,119.572111,0.9609836168056102,0.016000000000000014,True
5.439825,4,119.582023,0.9642270099623973,0.03200000000000003,True
5.841954,4,119.591253,0.960486993920925,0.03200000000000003,True
6.117291,5,119.602269,0.9620548783490345,0.040000000000000036,True
5.732519,4,119.612088,0.9605564577343846,0.03200000000000003,True
5.891795,3,119.618875,0.9661808503961413,0.02400000000000002,True
5.632504,3,119.626616,0.9596515971330069,0.02400000000000002,True
5.475384,4,119.635791,0.9633125782289531,0.03200000000000003,True
5.567801,4,119.646336,0.9681004457983827,0.03200000000000003,True
5.650322,2,120.192901,0.9641616441563634,0.016000000000000014,True
5.539925,4,120.207087,0.9635574022566391,0.03200000000000003,True
5.84352,5,120.218197,0.9646082594006602,0.040000000000000036,True
5.583424,3,120.226056,0.9588210196676856,0.02400000000000002,True
5.830859,5,120.238123,0.9591003771619735,0.040000000000000036,True
5.855554,4,120.247972,0.9596000749743558,0.03200000000000003,True
5.589952,4,120.258156,0.9618293486061541,0.03200000000000003,True
5.668833,4,120.267654,0.9636881146412573,0.03200000000000003,True
5.667503,5,120.280153,0.96101650924226,0.040000000000000036,True
5.98529,3,120.287043,0.9602088412082387,0.02400000000000002,True
5.479501,4,120.296958,0.9616462475163943,0.03200000000000003,True
5.573853,4,120.306159,0.9606563115017599,0.03200000000000003,True
5.728084,3,120.313985,0.9597453246334986,0.02400000000000002,True
5.709085,4,120.323654,0.9595060095536708,0.03200000000000003,True
5.785171,4,120.333411,0.9566970417898132,0.03200000000000003,True
5.411223,2,120.337198,0.9640385877708787,0.016000000000000014,True
5.862727,3,120.345242,0.9700247587665954,0.02400000000000002,True
5.460286,4,120.355837,0.9661102954623357,0.03200000000000003,True
5.950003,4,120.365659,0.9600291615661625,0.03200000000000003,True
5.924044,5,120.378408,0.9601558333076856,0.040000000000000036,True
5.472995,4,120.388076,0.9627150165188765,0.03200000000000003,True
5.566193,4,120.397631,0.9604933458979809,0.03200000000000003,True
5.788019,3,120.405727,0.9571981252017079,0.02400000000000002,True
5.509976,3,120.415061,0.9625298828103014,0.02400000000000002,True
5.634876,4,120.426628,0.9605603002823389,0.03200000000000003,True
5.747689,3,120.437368,0.961523765543751,0.02400000000000002,True
5.674802,3,120.446383,0.9582939187010635,0.02400000000000002,True
5.823174,4,120.456254,0.961370294401244,0.03200000000000003,True
5.45229,3,120.463814,0.9615818861223431,0.02400000000000002,True
5.452375,3,120.470829,0.9646576573085845,0.02400000000000002,True
5.642619,3,120.478918,0.9589765108531803,0.02400000000000002,True
5.902725,4,120.48811,0.9578066624492412,0.03200000000000003,True
5.658811,4,120.497387,0.9655084218221881,0.03200000000000003,True
5.775744,4,120.506557,0.9554281986071451,0.03200000000000003,True
5.89529,3,120.514124,0.9598070218748022,0.02400000000000002,True
5.938375,3,120.519618,0.9631587251722606,0.02400000000000002,True
5.558452,3,120.527393,0.9670870788970376,0.02400000000000002,True
5.829083,4,120.536497,0.9581282817135603,0.03200000000000003,True
5.88491,4,120.545962,0.9631394440191119,0.03200000000000003,True
5.804327,4,120.556194,0.9655722024913862,0.03200000000000003,True
6.004163,5,120.568905,0.962265699311897,0.040000000000000036,True
5.734627,3,120.575332,0.9604260027654947,0.02400000000000002,True
6.12025,4,120.585393,0.9605883885253748,0.03200000000000003,True
5.541359,3,120.593377,0.9647780765345503,0.02400000000000002,True
5.929368,3,120.601473,0.9599083087652134,0.02400000000000002,True
5.756138,4,120.611333,0.960757094375182,0.03200000000000003,True
5.434371,3,120.618816,0.9655213630946855,0.02400000000000002,True
5.927964,5,120.631675,0.9629855408807009,0.040000000000000036,True
5.614906,3,120.637984,0.9594773574186952,0.02400000000000002,True
5.917771,3,120.645344,0.9631996130603372,0.02400000000000002,True
5.715776,3,120.655165,0.9570114394967753,0.02400000000000002,True
5.86484,4,120.667479,0.9608859857976688,0.03200000000000003,True
5.815224,4,120.67639,0.9653217729629865,0.03200000000000003,True
5.558653,2,120.682446,0.9639091522043297,0.016000000000000014,True
5.931184,3,120.688517,0.9654237199982549,0.02400000000000002,True
5.68904,3,120.696415,0.9608137293446158,0.02400000000000002,True
5.504431,4,120.705654,0.9592183736813971,0.03200000000000003,True
5.734292,4,120.714158,0.9634079978903891,0.03200000000000003,True
5.552541,3,120.722697,0.9582079784904034,0.02400000000000002,True
5.713286,4,120.73302,0.9636463233522784,0.03200000000000003,True
5.701526,5,120.743881,0.9609638501397237,0.040000000000000036,True
5.547271,4,120.753171,0.9653518270541124,0.03200000000000003,True
5.523301,4,120.76368,0.966717946211278,0.03200000000000003,True
5.895426,4,120.773252,0.9635754718252882,0.03200000000000003,True
5.800689,4,120.782835,0.9612906192358381,0.03200000000000003,True
5.740169,4,120.791497,0.9627852654784886,0.03200000000000003,True
5.613327,4,120.800911,0.9653876553647418,0.03200000000000003,True
5.510008,4,120.81138,0.9587416288818769,0.03200000000000003,True
5.564749,3,120.817807,0.9591757160529056,0.02400000000000002,True
5.769275,4,120.829467,0.9589871455083646,0.03200000000000003,True
5.675759,3,121.373117,0.9611611329496896,0.02400000000000002,True
5.772683,4,121.382457,0.9646186650659943,0.03200000000000003,True
5.653783,3,121.389294,0.9634350487770051,0.02400000000000002,True
5.672988,4,121.398727,0.9604198316528865,0.03200000000000003,True
6.042119,4,121.407918,0.9643785810059455,0.03200000000000003,True
5.727229,3,121.416367,0.9577099431369274,0.02400000000000002,True
5.538666,3,121.425261,0.960483571931222,0.02400000000000002,True
5.604997,5,121.442021,0.9597140526798628,0.040000000000000036,True
5.723626,3,121.448966,0.9580729893066503,0.02400000000000002,True
5.820999,4,121.459166,0.9586541468656739,0.03200000000000003,True
5.814649,4,121.469603,0.9626416280415138,0.03200000000000003,True
5.856683,4,121.48021,0.9604779827458259,0.03200000000000003,True
5.773638,4,121.490312,0.9590568159958643,0.03200000000000003,True
5.628754,4,121.500936,0.9622904674270933,0.03200000000000003,True
5.457689,5,121.514022,0.9597284172911507,0.040000000000000036,True
5.458756,3,121.522118,0.9615720693235679,0.02400000000000002,True
5.739505,3,121.530994,0.9611928957768627,0.02400000000000002,True
5.741186,4,121.542056,0.9587174500479823,0.03200000000000003,True
5.42011,4,121.552732,0.959951219163804,0.03200000000000003,True
5.630592,5,121.565973,0.9602251296105766,0.040000000000000036,True
5.606274,4,121.578373,0.961517626931613,0.03200000000000003,True
5.670045,4,121.588812,0.9639288982391792,0.03200000000000003,True
5.859745,5,121.601002,0.9619111810102876,0.040000000000000036,True
5.538174,3,121.60948,0.9591581260236096,0.02400000000000002,True
5.739519,3,121.616974,0.9627518436447691,0.02400000000000002,True
5.680495,3,121.625291,0.9629504270938196,0.02400000000000002,True
5.529814,2,121.63,0.9555797755049961,0.016000000000000014,True
5.996755,4,121.639729,0.9646530074272552,0.03200000000000003,True
5.666039,3,121.647923,0.9576236000723108,0.02400000000000002,True
5.895906,3,121.656062,0.966167254566288,0.02400000000000002,True
5.646939,5,121.667049,0.961864920809733,0.040000000000000036,True
5.821106,4,121.676209,0.9618747805028558,0.03200000000000003,True
5.713249,3,121.684399,0.9599917179656486,0.02400000000000002,True
5.75412,4,121.694458,0.9600648884808625,0.03200000000000003,True
5.582177,4,121.704288,0.9593055920441438,0.03200000000000003,True
5.78454,4,121.714429,0.9669297147083039,0.03200000000000003,True
5.665623,3,121.722396,0.9607323170883509,0.02400000000000002,True
5.837872,5,121.733309,0.9574815522429561,0.040000000000000036,True
5.594622,4,121.743069,0.961477355553409,0.03200000000000003,True
5.694184,3,121.750113,0.9589887903157578,0.02400000000000002,True
5.621395,5,121.761227,0.9667936832559776,0.040000000000000036,True
5.74111,4,121.770602,0.9561855667817136,0.03200000000000003,True
5.74686,4,121.781477,0.9594064107392429,0.03200000000000003,True
5.807669,4,121.790852,0.9603683605997647,0.03200000000000003,True
5.683833,3,121.798961,0.9610653480925263,0.02400000000000002,True
5.721382,3,121.806044,0.9662378933186104,0.02400000000000002,True
5.835674,4,121.815972,0.9620691918730788,0.03200000000000003,True
5.743983,3,121.823951,0.9575256964201364,0.02400000000000002,True
5.909206,4,121.835116,0.9655126596512744,0.03200000000000003,True
5.528173,2,121.839989,0.9569996324266825,0.016000000000000014,True
5.562199,4,121.849543,0.9564880053001508,0.03200000000000003,True
5.613872,4,121.860254,0.9562533685111875,0.03200000000000003,True
5.61837,3,121.865949,0.96152316940908,0.02400000000000002,True
5.836495,3,121.873998,0.9606029652709845,0.02400000000000002,True
5.537707,4,121.958893,0.9586423719058714,0.03200000000000003,True
5.554695,3,121.967031,0.9667706140658029,0.02400000000000002,True
5.651587,3,121.976302,0.9654458972188679,0.02400000000000002,True
6.032624,4,121.987253,0.9649156331370101,0.03200000000000003,True
5.702882,4,121.997298,0.9595109652996998,0.03200000000000003,True
6.110958,4,122.011368,0.9581996281011479,0.03200000000000003,True
5.644738,4,122.029247,0.9640049764812414,0.03200000000000003,True
5.756502,4,122.046725,0.9609582419140115,0.03200000000000003,True
5.699846,4,122.061328,0.9652271503587329,0.03200000000000003,True
5.71009,3,122.072656,0.9570124968630312,0.02400000000000002,True
5.480548,2,122.079437,0.9632851722178326,0.016000000000000014,True
5.737854,4,122.094303,0.9597933479901598,0.03200000000000003,True
5.517602,4,122.109607,0.9640543071022006,0.03200000000000003,True
5.596379,4,122.126448,0.9605821506029064,0.03200000000000003,True
5.770122,4,122.141005,0.9588237561986874,0.03200000000000003,True
5.556077,3,122.152407,0.962959194868017,0.02400000000000002,True
5.637663,5,122.906048,0.9660765094211388,0.040000000000000036,True
5.791837,5,122.921028,0.9595476244498563,0.040000000000000036,True
5.437998,3,122.930274,0.9637626058504729,0.02400000000000002,True
5.673843,4,122.943876,0.9595832353142922,0.03200000000000003,True
5.498294,3,122.953291,0.9623483256802079,0.02400000000000002,True
5.560848,3,122.963296,0.9650221798007685,0.02400000000000002,True
5.683823,5,122.980914,0.9580366484860561,0.040000000000000036,True
5.678561,3,122.988733,0.9589076582455793,0.02400000000000002,True
5.993832,4,123.001396,0.9607711698078409,0.03200000000000003,True
5.656292,4,123.014663,0.9605118397574285,0.03200000000000003,True
5.730816,5,123.0298,0.9599336647519299,0.040000000000000036,True
5.868469,4,123.042705,0.9614112834626396,0.03200000000000003,True
5.703887,5,123.058845,0.965763065299263,0.040000000000000036,True
5.787636,4,123.070608,0.9628391833757152,0.03200000000000003,True
5.616642,3,123.080702,0.9614971838351838,0.02400000000000002,True
5.727841,3,123.089555,0.9584442201597427,0.02400000000000002,True
6.02328,5,123.106338,0.9580720928032878,0.040000000000000036,True
5.636554,3,123.115113,0.9628021174812819,0.02400000000000002,True
5.707659,3,123.125896,0.9590430528780141,0.02400000000000002,True
5.585941,2,123.133392,0.9619583785696184,0.016000000000000014,True
5.38494,3,123.144037,0.964643085606582,0.02400000000000002,True
5.683801,3,123.152956,0.96033116976428,0.02400000000000002,True
5.780256,4,123.165845,0.9602840554497223,0.03200000000000003,True
5.531351,3,123.176908,0.9635916856578922,0.02400000000000002,True
5.778272,4,123.188676,0.9615159824832821,0.03200000000000003,True
5.799175,3,123.198763,0.9608197084817096,0.02400000000000002,True
5.679761,4,123.211065,0.9594807404826536,0.03200000000000003,True
5.732361,3,123.220659,0.9648025043459617,0.02400000000000002,True
5.977237,3,123.228867,0.9636239166434359,0.02400000000000002,True
5.580812,4,123.241023,0.9627137996284625,0.03200000000000003,True
5.516511,4,123.252703,0.9642861337411897,0.03200000000000003,True
5.480999,4,123.264566,0.9594798989301601,0.03200000000000003,True
5.45861,4,123.277103,0.9637486213083843,0.03200000000000003,True
5.811037,5,123.294234,0.9591879442296947,0.040000000000000036,True
5.78225,4,123.30576,0.9625239544194799,0.03200000000000003,True
5.625119,4,123.32193,0.9575686381036088,0.03200000000000003,True
5.385964,4,123.334475,0.9611254975377121,0.03200000000000003,True
6.064989,4,123.346856,0.9637645822664489,0.03200000000000003,True
5.558454,3,123.356662,0.9590315120392282,0.02400000000000002,True
5.685026,3,123.366511,0.9603749474459858,0.02400000000000002,True
5.744225,4,123.379581,0.9632246032956795,0.03200000000000003,True
5.590073,3,123.387083,0.9608741439778095,0.02400000000000002,True
5.905695,5,123.405678,0.9624983587415712,0.040000000000000036,True
5.762436,5,123.423484,0.9573980043892577,0.040000000000000036,True
5.582147,4,123.435661,0.9651854801580246,0.03200000000000003,True
5.900422,3,123.445502,0.9587848977234275,0.02400000000000002,True
5.632924,3,123.455425,0.9616033629863918,0.02400000000000002,True
5.60528,5,123.471141,0.9589447248521642,0.040000000000000036,True
5.765333,4,123.484087,0.9632361268398538,0.03200000000000003,True
5.784301,4,123.496732,0.9622734163575722,0.03200000000000003,True
5.529241,5,123.51095,0.9614761392188449,0.040000000000000036,True
5.576333,4,123.523638,0.9602840146819956,0.03200000000000003,True
5.649082,4,123.537148,0.957457747837647,0.03200000000000003,True
5.572839,5,123.554845,0.9681479084527422,0.040000000000000036,True
5.816083,4,123.566503,0.9593931654296961,0.03200000000000003,True
5.748277,4,123.579607,0.961548947705404,0.03200000000000003,True
5.89084,5,123.595509,0.9633091859190388,0.040000000000000036,True
5.709686,3,123.605353,0.9628102909686986,0.02400000000000002,True
5.796904,4,123.619357,0.9622495295362853,0.03200000000000003,True
5.738668,3,123.629495,0.9606330554424451,0.02400000000000002,True
5.714267,3,123.638161,0.9602237055051456,0.02400000000000002,True
5.674472,4,123.650309,0.9602479763380445,0.03200000000000003,True
5.723806,3,123.661749,0.9575501010875622,0.02400000000000002,True
5.781864,5,123.678761,0.9588555514731889,0.040000000000000036,True
5.526932,3,123.687899,0.9590463104786862,0.02400000000000002,True
5.759464,4,123.700672,0.9679588683776764,0.03200000000000003,True
5.417023,3,123.710467,0.9637043432332429,0.02400000000000002,True
5.483622,3,124.440692,0.9575043854303004,0.02400000000000002,True
5.651802,3,124.450892,0.9582436143411075,0.02400000000000002,True
5.570797,3,124.464597,0.9577769068441322,0.02400000000000002,True
5.912128,4,124.481277,0.9608435252774159,0.03200000000000003,True
5.798659,4,124.49987,0.9557226548091307,0.03200000000000003,True
6.029161,5,124.521416,0.9621941504384128,0.040000000000000036,True
5.54374,4,124.532996,0.9625796219720835,0.03200000000000003,True
5.811027,4,124.544863,0.9608567596777682,0.03200000000000003,True
5.468676,3,124.554276,0.9630583001784235,0.02400000000000002,True
5.454578,4,124.567474,0.959218718524073,0.03200000000000003,True
5.698565,2,124.5747,0.9632764557389729,0.016000000000000014,True
5.450502,5,124.589648,0.9617361895996988,0.040000000000000036,True
5.738881,3,124.59759,0.9584580979720231,0.02400000000000002,True
5.521647,3,124.607408,0.9607101373853906,0.02400000000000002,True
5.684026,3,124.617131,0.9631983542792327,0.02400000000000002,True
5.589439,4,124.628841,0.9585632005045783,0.03200000000000003,True
5.5406,3,124.637188,0.963161901439049,0.02400000000000002,True
5.736208,3,124.647082,0.9585924257089098,0.02400000000000002,True
5.565474,3,124.657419,0.9588915543966792,0.02400000000000002,True
5.667592,4,124.669278,0.9587579974536136,0.03200000000000003,True
5.496699,3,124.679013,0.9629767512551457,0.02400000000000002,True
5.720579,3,124.687627,0.9631954293739106,0.02400000000000002,True
5.627559,4,124.700139,0.9574156997315595,0.03200000000000003,True
5.463061,3,124.710598,0.9610991830051514,0.02400000000000002,True
5.741565,3,124.720357,0.9610281907279008,0.02400000000000002,True
5.759704,4,124.733355,0.9611781044162879,0.03200000000000003,True
5.750118,4,124.746507,0.9612814123938997,0.03200000000000003,True
5.416256,3,124.754672,0.9657681014119585,0.02400000000000002,True
5.542771,3,124.764513,0.9613605463696375,0.02400000000000002,True
5.541209,4,124.776609,0.9595402113723646,0.03200000000000003,True
5.501852,4,124.788556,0.9616717691594496,0.03200000000000003,True
5.680198,3,124.79849,0.959207498234846,0.02400000000000002,True
5.802831,4,124.811324,0.9589635832495969,0.03200000000000003,True
5.769771,3,124.819818,0.9589560836357323,0.02400000000000002,True
5.929763,5,124.834955,0.9585356771441751,0.040000000000000036,True
5.811052,4,124.846342,0.9590209881053378,0.03200000000000003,True
5.946882,4,124.863792,0.9610200962058999,0.03200000000000003,True
5.699902,3,124.876806,0.9614724717055154,0.02400000000000002,True
5.576323,4,124.890259,0.9575165524828491,0.03200000000000003,True
5.53286,4,124.903405,0.9597489960013514,0.03200000000000003,True
5.846895,3,124.9132,0.9575118066257285,0.02400000000000002,True
5.873533,5,124.928846,0.9583699763058172,0.040000000000000036,True
5.751277,4,124.942799,0.9649735630456524,0.03200000000000003,True
5.645584,4,124.956412,0.9587899632962396,0.03200000000000003,True
5.797139,4,124.968039,0.9638989807674162,0.03200000000000003,True
5.646671,3,124.977841,0.9619541577815205,0.02400000000000002,True
5.57124,4,124.989337,0.9627106747556835,0.03200000000000003,True
5.850131,4,125.004117,0.958208872661377,0.03200000000000003,True
5.551462,3,125.014223,0.9575977780271172,0.02400000000000002,True
5.549564,4,125.026577,0.9602525773754773,0.03200000000000003,True
5.723153,4,125.038641,0.9595692390135606,0.03200000000000003,True
5.749342,4,125.050184,0.9605548111635587,0.03200000000000003,True
5.685321,3,125.060228,0.958994538606307,0.02400000000000002,True
5.844142,4,125.072262,0.9618936115407837,0.03200000000000003,True
5.521386,4,125.084038,0.9595209401584807,0.03200000000000003,True
5.584396,5,125.099252,0.961439335413928,0.040000000000000036,True
5.830019,3,125.11009,0.9571002077453239,0.02400000000000002,True
5.603924,4,125.12283,0.964152162041173,0.03200000000000003,True
5.506688,4,125.135541,0.962109773567713,0.03200000000000003,True
5.753451,4,125.147716,0.9615852233233095,0.03200000000000003,True
5.720915,3,125.157767,0.9631743940660538,0.02400000000000002,True
5.778077,4,125.169936,0.9642481211865885,0.03200000000000003,True
5.618768,4,125.182877,0.9627303299386794,0.03200000000000003,True
5.54642,4,125.195189,0.9596328237162628,0.03200000000000003,True
5.546096,4,125.206325,0.9603935992874408,0.03200000000000003,True
5.660869,3,125.215509,0.9589444388549676,0.02400000000000002,True
5.446072,3,125.225086,0.9629227645766045,0.02400000000000002,True
5.882401,4,125.236948,0.9617042239853433,0.03200000000000003,True
6.041133,4,125.252719,0.9595032867219166,0.03200000000000003,True
5.591211,4,125.274338,0.962997000523841,0.03200000000000003,True
5.609662,3,126.106998,0.9626022227636329,0.02400000000000002,True
5.744208,3,126.118813,0.963641566440135,0.02400000000000002,True
5.730334,3,126.129745,0.9600690722824453,0.02400000000000002,True
5.649859,4,126.142199,0.9612153202238305,0.03200000000000003,True
5.824236,4,126.155465,0.9589753401809844,0.03200000000000003,True
5.786482,3,126.166781,0.9592798898287678,0.02400000000000002,True
5.800235,5,126.183427,0.9603409988689311,0.040000000000000036,True
5.509946,4,126.196703,0.9610764061572425,0.03200000000000003,True
5.417087,3,126.210285,0.9620778853759689,0.02400000000000002,True
5.699469,4,126.223602,0.962788317763903,0.03200000000000003,True
5.727321,3,126.234474,0.9614724177062365,0.02400000000000002,True
5.779195,4,126.248163,0.9573798498593911,0.03200000000000003,True
5.798095,3,126.258616,0.9588611821941773,0.02400000000000002,True
5.589885,2,126.266015,0.964977685548345,0.016000000000000014,True
5.805631,5,126.284391,0.9621865364214842,0.040000000000000036,True
5.477981,2,126.290406,0.9605115208242656,0.016000000000000014,True
6.057892,5,126.307765,0.9618179290767201,0.040000000000000036,True
5.509028,2,126.314707,0.9609466135198369,0.016000000000000014,True
5.757241,5,126.331472,0.9642729157501997,0.040000000000000036,True
5.798484,4,126.346036,0.9564509433941195,0.03200000000000003,True
5.824801,4,126.359488,0.9586869868936232,0.03200000000000003,True
5.772632,3,126.370653,0.9590347192575426,0.02400000000000002,True
5.717262,3,126.380783,0.963487977748182,0.02400000000000002,True
5.481217,3,126.39187,0.9607324739563367,0.02400000000000002,True
5.698419,3,126.40213,0.9599039631830053,0.02400000000000002,True
5.837257,4,126.414948,0.9593133024593039,0.03200000000000003,True
5.865318,3,126.425313,0.9606212916308828,0.02400000000000002,True
5.713904,4,126.438813,0.9637247597130503,0.03200000000000003,True
6.126861,5,126.455583,0.9640572744370101,0.040000000000000036,True
5.629858,4,126.468935,0.9620511157865264,0.03200000000000003,True
5.637298,4,126.483746,0.9633472223596025,0.03200000000000003,True
5.670596,4,126.498502,0.9616850750588384,0.03200000000000003,True
5.582733,4,126.51111,0.9613952110589091,0.03200000000000003,True
5.620369,5,126.529155,0.9631342982581305,0.040000000000000036,True
5.892638,4,126.546066,0.9581559974893133,0.03200000000000003,True
5.698,5,126.564399,0.9599109860426747,0.040000000000000036,True
5.475088,3,126.575157,0.9617504593241326,0.02400000000000002,True
5.508166,3,126.583714,0.9621517256167966,0.02400000000000002,True
5.590942,3,126.591167,0.9682828529946068,0.02400000000000002,True
6.020227,4,126.602499,0.9584401985712994,0.03200000000000003,True
5.764014,4,126.616745,0.9609757574417964,0.03200000000000003,True
5.900713,4,126.632195,0.9651684209238434,0.03200000000000003,True
5.496189,3,126.638826,0.9612013920799481,0.02400000000000002,True
5.539032,4,126.649401,0.9574422802764528,0.03200000000000003,True
5.648207,4,126.661397,0.956553104837083,0.03200000000000003,True
5.432538,3,126.670271,0.9612192324279041,0.02400000000000002,True
5.637532,3,126.676425,0.9577667527498479,0.02400000000000002,True
5.812409,2,126.682151,0.967666522820906,0.016000000000000014,True
6.000646,4,126.691267,0.9608735954111561,0.03200000000000003,True
5.665606,4,126.700521,0.9612754996562034,0.03200000000000003,True
5.426753,2,126.706883,0.9652181842750177,0.016000000000000014,True
5.732312,5,126.717831,0.9629738148531912,0.040000000000000036,True
5.871893,4,126.727217,0.960872281093801,0.03200000000000003,True
5.847154,4,126.736714,0.9648210803179528,0.03200000000000003,True
5.784417,5,126.748763,0.9616604486997418,0.040000000000000036,True
5.501232,4,126.759107,0.9642208046678143,0.03200000000000003,True
5.707508,3,126.766241,0.9643687997662667,0.02400000000000002,True
5.732742,4,126.775806,0.9632016601883002,0.03200000000000003,True
5.777164,3,126.783955,0.9595615967911761,0.02400000000000002,True
5.766111,4,126.793283,0.959992796754672,0.03200000000000003,True
5.871845,4,126.803768,0.9607664425934896,0.03200000000000003,True
5.828822,2,126.808634,0.958855280749098,0.016000000000000014,True
5.515843,5,126.820405,0.958398826688472,0.040000000000000036,True
5.601118,4,126.830908,0.9635381732030801,0.03200000000000003,True
5.728025,3,126.837259,0.9610645563448578,0.02400000000000002,True
5.81223,4,126.847319,0.963458952121512,0.03200000000000003,True
5.616805,5,126.859668,0.961566043058657,0.040000000000000036,True
5.46722,4,126.869014,0.9665503395331212,0.03200000000000003,True
5.564824,3,126.876944,0.9652245548973837,0.02400000000000002,True
5.658946,2,126.882721,0.957145408177501,0.016000000000000014,True
5.490278,3,127.42398,0.9594358089253177,0.02400000000000002,True
5.874981,4,127.436373,0.9596349665996087,0.03200000000000003,True
5.695296,3,127.445043,0.9637561622663644,0.02400000000000002,True
5.721621,4,127.454737,0.961931547345897,0.03200000000000003,True
5.677343,5,127.466282,0.9623229110431654,0.040000000000000036,True
5.472501,3,127.474229,0.9620083801826795,0.02400000000000002,True
5.811324,4,127.484007,0.9592438133825071,0.03200000000000003,True
5.509344,3,127.490171,0.9610782252741487,0.02400000000000002,True
5.785791,3,127.498942,0.9601726950612115,0.02400000000000002,True
5.667286,4,127.508868,0.9568118082527055,0.03200000000000003,True
5.639567,3,127.516507,0.9681249906110307,0.02400000000000002,True
5.77959,4,127.525724,0.9574212659684159,0.03200000000000003,True
5.79359,5,127.53841,0.9601090178031858,0.040000000000000036,True
5.524675,4,127.548588,0.9620992403092135,0.03200000000000003,True
5.748515,4,127.558454,0.9656621132835899,0.03200000000000003,True
5.82268,4,127.567943,0.9661644484242295,0.03200000000000003,True
5.479068,3,127.575934,0.9595735087970615,0.02400000000000002,True
5.627779,4,127.585664,0.9597468306065721,0.03200000000000003,True
5.749073,3,127.593848,0.9570639716169853,0.02400000000000002,True
5.689902,3,127.60015,0.9589748498803321,0.02400000000000002,True
5.849596,4,127.609973,0.9597557980411571,0.03200000000000003,True
5.947759,4,127.620634,0.9637998694060366,0.03200000000000003,True
5.488375,3,127.628037,0.9605550288807014,0.02400000000000002,True
5.730567,4,127.640561,0.9619660100930327,0.03200000000000003,True
5.614503,4,127.65421,0.968211740120593,0.03200000000000003,True
5.420981,4,127.669093,0.9620474346972641,0.03200000000000003,True
5.445039,2,127.675709,0.960726151173394,0.016000000000000014,True
5.488816,4,127.685398,0.9634229062549623,0.03200000000000003,True
5.405533,3,127.690865,0.9637349473143533,0.02400000000000002,True
5.771913,3,127.698975,0.9608541058132327,0.02400000000000002,True
5.654181,3,127.707428,0.96231724859803,0.02400000000000002,True
5.540211,4,127.717053,0.9611898527533216,0.03200000000000003,True
5.637833,4,127.726961,0.9577610626702509,0.03200000000000003,True
5.465583,3,127.73556,0.9603681164285761,0.02400000000000002,True
5.758342,4,127.745716,0.9598960167239972,0.03200000000000003,True
5.47037,4,127.755467,0.9645515006288667,0.03200000000000003,True
5.836435,2,127.762114,0.9610578643948408,0.016000000000000014,True
5.49653,4,127.771919,0.9624619979733853,0.03200000000000003,True
5.637897,3,127.778637,0.9611223255009844,0.02400000000000002,True
5.756413,4,127.79038,0.9600384216347315,0.03200000000000003,True
5.538641,3,127.797248,0.9585380275950883,0.02400000000000002,True
5.862608,5,127.809081,0.963977651613564,0.040000000000000036,True
5.845846,4,127.820389,0.9625377219536466,0.03200000000000003,True
5.728788,3,127.827096,0.9624592258266785,0.02400000000000002,True
5.561363,4,127.837116,0.9619735349443338,0.03200000000000003,True
5.752212,4,127.846487,0.9600262557690153,0.03200000000000003,True
5.457681,3,127.85393,0.9658291894611821,0.02400000000000002,True
5.860433,5,127.866451,0.9571902854545216,0.040000000000000036,True
5.737354,4,127.876877,0.9617524609511621,0.03200000000000003,True
5.660577,4,127.886485,0.9572164130735208,0.03200000000000003,True
5.634518,4,127.895798,0.9621052833915785,0.03200000000000003,True
5.677763,4,127.905756,0.9617154063140771,0.03200000000000003,True
5.507673,4,127.915845,0.962583188187133,0.03200000000000003,True
5.824188,4,127.92616,0.9631340651386457,0.03200000000000003,True
6.048791,4,127.935934,0.96121140695003,0.03200000000000003,True
5.769258,3,127.943151,0.961048857240353,0.02400000000000002,True
5.608466,4,127.9533,0.9562785989620473,0.03200000000000003,True
5.447642,2,127.957969,0.9656271562118754,0.016000000000000014,True
6.057859,4,127.967247,0.961380929021029,0.03200000000000003,True
5.737585,3,127.975253,0.962664386171931,0.02400000000000002,True
5.802022,4,127.984195,0.9600355272991656,0.03200000000000003,True
5.510894,4,127.993481,0.9612769483531847,0.03200000000000003,True
5.992487,3,128.000785,0.9598559677813143,0.02400000000000002,True
5.660582,2,128.006469,0.9692588435385399,0.016000000000000014,True
6.037267,4,128.016182,0.9603633171666042,0.03200000000000003,True
5.656644,4,128.026603,0.9632030754267882,0.03200000000000003,True
5.877667,5,128.037692,0.9611342395789902,0.040000000000000036,True
5.517849,4,128.046977,0.9657121995970582,0.03200000000000003,True
5.794411,4,128.056037,0.9634297783927586,0.03200000000000003,True
5.836198,4,128.066153,0.9601144476988679,0.03200000000000003,True
6.021232,4,128.6042,0.9617869337463674,0.03200000000000003,True
5.832156,4,128.614102,0.9589485268360534,0.03200000000000003,True
5.506632,4,128.623961,0.965153257941072,0.03200000000000003,True
5.646778,4,128.6339,0.9630913474485017,0.03200000000000003,True
6.060931,4,128.64414,0.9574721988378393,0.03200000000000003,True
5.661063,4,128.657255,0.9611338291520273,0.03200000000000003,True
5.674661,4,128.669135,0.9656719975615642,0.03200000000000003,True
5.510772,3,128.681133,0.9576557367200904,0.02400000000000002,True
5.848207,4,128.694294,0.9614389870798801,0.03200000000000003,True
5.619576,4,128.707681,0.9581676629203691,0.03200000000000003,True
5.776911,4,128.717018,0.9633179383065094,0.03200000000000003,True
5.569681,4,128.726562,0.9637455784991422,0.03200000000000003,True
5.604738,4,128.735761,0.9693035501342347,0.03200000000000003,True
5.593641,5,128.747361,0.9604119864897256,0.040000000000000036,True
5.643883,4,128.756422,0.9585039767215271,0.03200000000000003,True
5.827289,4,128.764868,0.9598634925195351,0.03200000000000003,True
5.777763,4,128.774326,0.9631172084482758,0.03200000000000003,True
5.581261,3,128.782225,0.9580678131061515,0.02400000000000002,True
5.506565,4,128.79131,0.9615804240280507,0.03200000000000003,True
5.823188,4,128.80093,0.9573693914989513,0.03200000000000003,True
5.538727,4,128.810876,0.959486286156952,0.03200000000000003,True
5.724757,4,128.821211,0.9592836822173842,0.03200000000000003,True
5.63454,3,128.828623,0.9651643651450393,0.02400000000000002,True
5.756984,4,128.838699,0.9602434358441233,0.03200000000000003,True
5.807763,4,128.847968,0.9607705704556004,0.03200000000000003,True
5.78508,4,128.858035,0.959190376125338,0.03200000000000003,True
5.836557,4,128.868194,0.9607917522309055,0.03200000000000003,True
5.762634,3,128.8753,0.9607108113533437,0.02400000000000002,True
5.503454,4,128.884589,0.9602843920832085,0.03200000000000003,True
6.101429,4,128.895121,0.9628917276331388,0.03200000000000003,True
5.700382,3,128.902495,0.9588271976840772,0.02400000000000002,True
5.721577,3,128.90965,0.9579724546296617,0.02400000000000002,True
5.432502,3,128.9174,0.9659801549614782,0.02400000000000002,True
5.669998,4,128.926312,0.9623623367350143,0.03200000000000003,True
5.792993,3,128.933643,0.9594962118785104,0.02400000000000002,True
5.729381,4,128.943013,0.9624865990342215,0.03200000000000003,True
5.833301,3,128.950848,0.9596530339357906,0.02400000000000002,True
5.646131,3,128.95729,0.9645080366453435,0.02400000000000002,True
5.593387,3,128.965158,0.9630504184034693,0.02400000000000002,True
5.747123,4,128.974437,0.9586237450130107,0.03200000000000003,True
5.538032,3,128.981394,0.9591065402031682,0.02400000000000002,True
5.622581,4,128.990582,0.9669449374643833,0.03200000000000003,True
5.636739,5,129.002365,0.9635743108119628,0.040000000000000036,True
5.532167,3,129.009684,0.9561905442836341,0.02400000000000002,True
5.773349,3,129.017445,0.9660396124232582,0.02400000000000002,True
5.717338,3,129.097832,0.960787323061668,0.02400000000000002,True
5.50334,3,129.104713,0.9617995849831555,0.02400000000000002,True
5.849027,4,129.114933,0.9576402586641412,0.03200000000000003,True
5.818232,4,129.124701,0.9610241243671211,0.03200000000000003,True
5.823656,3,129.133751,0.9653407382858892,0.02400000000000002,True
5.663243,4,129.143382,0.9588526358284294,0.03200000000000003,True
5.907524,5,129.156375,0.9652109171540657,0.040000000000000036,True
5.694422,3,129.163271,0.9616533969790884,0.02400000000000002,True
5.496242,3,129.169081,0.962664307842078,0.02400000000000002,True
5.737495,5,129.181203,0.9626074715891977,0.040000000000000036,True
5.842926,4,129.190322,0.9620242876846711,0.03200000000000003,True
5.529776,3,129.197081,0.9578519420520778,0.02400000000000002,True
5.84398,5,129.209826,0.9588620533427107,0.040000000000000036,True
5.845618,4,129.220322,0.9584757871809102,0.03200000000000003,True
5.829095,3,129.228242,0.9636683603096086,0.02400000000000002,True
5.644424,4,129.238388,0.9596318944858808,0.03200000000000003,True
5.650733,4,129.246884,0.9618631491023073,0.03200000000000003,True
5.833531,4,129.25748,0.9573150170788778,0.03200000000000003,True
5.53146,4,129.266879,0.9569000332753349,0.03200000000000003,True
5.486021,3,129.275756,0.9612484651111561,0.02400000000000002,True
5.609247,5,129.287416,0.9573211507337059,0.040000000000000036,True
5.869968,4,129.297599,0.9634824336111909,0.03200000000000003,True
5.498837,4,129.307189,0.9641054233779973,0.03200000000000003,True
