#{"t_start": 1790446061.8251717, "env_id": "None"}
r,l,t,mean_uncertainty,energy_used,success
-2.328192,30,1.42771,0.969024119144021,0.2400000000000002,False
-2.256286,30,1.478168,0.9619083936419697,0.2400000000000002,False
5.598385,21,1.529317,0.958992932600015,0.16800000000000015,True
-2.345072,30,1.580087,0.9654675968401831,0.2400000000000002,False
-2.351958,30,1.639915,0.961741911931218,0.2400000000000002,False
-2.423154,30,1.689824,0.9619181087545245,0.2400000000000002,False
-2.409814,30,1.742136,0.962899866949336,0.2400000000000002,False
-2.483047,30,1.794521,0.9601803541914591,0.2400000000000002,False
-2.104942,30,2.60111,0.9638250915939772,0.2400000000000002,False
-1.898807,30,2.651891,0.9640885622043347,0.2400000000000002,False
-2.255052,30,2.705202,0.958319588031484,0.2400000000000002,False
-2.03513,30,2.758831,0.96635263291669,0.2400000000000002,False
-1.851414,30,2.81227,0.9672361762555319,0.2400000000000002,False
-2.117707,30,2.865311,0.9699329143570283,0.2400000000000002,False
-1.812398,30,2.919672,0.9612361562397596,0.2400000000000002,False
-2.024294,30,2.970202,0.9646549661254047,0.2400000000000002,False
5.529701,19,3.005135,0.9605665720577748,0.15200000000000014,True
-2.222811,30,3.625202,0.9676935964213347,0.2400000000000002,False
-2.085501,30,3.67551,0.9617049431241318,0.2400000000000002,False
-2.211595,30,3.724831,0.9663810963329438,0.2400000000000002,False
5.544354,27,3.771241,0.9627474316666516,0.2160000000000002,True
-2.147206,30,3.823845,0.9635343778304356,0.2400000000000002,False
5.497638,23,3.863618,0.9624395663707053,0.18400000000000016,True
-2.042791,30,3.918037,0.9642288171688349,0.2400000000000002,False
-2.268805,30,3.972081,0.9631528626716765,0.2400000000000002,False
-1.863485,30,4.023452,0.9622977330279221,0.2400000000000002,False
-2.153696,30,4.60904,0.9621045249992085,0.2400000000000002,False
5.606611,19,4.655383,0.9609091333520442,0.15200000000000014,True
-1.925872,30,4.706976,0.959281350199638,0.2400000000000002,False
-2.05254,30,4.760257,0.9621644660761168,0.2400000000000002,False
-1.797076,30,4.811561,0.9599764503720034,0.2400000000000002,False
5.523793,15,4.836839,0.9573379326292122,0.1200000000000001,True
-1.970384,30,4.88806,0.9603265820467799,0.2400000000000002,False
-1.658158,30,4.941299,0.9606624904024377,0.2400000000000002,False
5.157865,26,4.986595,0.958838574598798,0.20800000000000018,True
-1.76327,30,5.039741,0.9589616982849772,0.2400000000000002,False
-1.920487,30,5.660933,0.9662921280800978,0.2400000000000002,False
-1.696577,30,5.722671,0.963569770183135,0.2400000000000002,False
5.651371,9,5.741204,0.9624514665383188,0.07200000000000006,True
5.476138,16,5.769197,0.9584974493247509,0.1280000000000001,True
5.74966,14,5.794232,0.9605138190151594,0.1120000000000001,True
5.17458,28,5.842379,0.9611581544179142,0.2240000000000002,True
5.263435,26,5.89221,0.9617594917398197,0.20800000000000018,True
-2.306052,30,5.947727,0.9599136080337775,0.2400000000000002,False
5.303022,6,5.958788,0.969432689430221,0.04800000000000004,True
5.648773,10,5.977352,0.9616678622306827,0.08000000000000007,True
5.237938,21,6.013441,0.9645917804334334,0.16800000000000015,True
5.437287,23,6.254129,0.956054000407712,0.18400000000000016,True
-2.176889,30,6.859519,0.9604631552874735,0.2400000000000002,False
5.589242,14,6.885526,0.9627621188417097,0.1120000000000001,True
-1.725611,30,6.940676,0.964204665051752,0.2400000000000002,False
5.444169,13,6.965822,0.9590533626950588,0.10400000000000009,True
5.632236,7,6.979101,0.9618867106426143,0.05600000000000005,True
5.882026,8,6.994254,0.9606028877945376,0.06400000000000006,True
5.137933,22,7.035677,0.958711729914179,0.17600000000000016,True
-1.935257,30,7.09196,0.9585885316126584,0.2400000000000002,False
5.322288,14,7.116707,0.9642832457689383,0.1120000000000001,True
5.441185,11,7.13634,0.9607288700618444,0.08800000000000008,True
5.632069,8,7.150358,0.9621133354854303,0.06400000000000006,True
5.326943,30,7.202548,0.9606535781605658,0.2400000000000002,True
5.154754,24,7.246655,0.9609789436292222,0.19200000000000017,True
5.71002,9,7.261909,0.9586329415846452,0.07200000000000006,True
5.739771,9,7.278071,0.9596408463960275,0.07200000000000006,True
5.625362,5,7.288433,0.9622516822434017,0.040000000000000036,True
5.325869,10,7.8608,0.9635352988239347,0.08000000000000007,True
5.578241,9,7.877168,0.9608998560739923,0.07200000000000006,True
5.948122,7,7.890976,0.9584589607377219,0.05600000000000005,True
-2.066399,30,7.945736,0.958708183152315,0.2400000000000002,False
5.624754,9,7.96261,0.9594780598955287,0.07200000000000006,True
-1.817932,30,8.017693,0.9682914389186937,0.2400000000000002,False
5.336677,6,8.029343,0.9637972047508412,0.04800000000000004,True
5.4107,14,8.056857,0.9568467959085782,0.1120000000000001,True
5.244632,26,8.103977,0.9591069977415598,0.20800000000000018,True
5.225364,29,8.156202,0.9595146883499482,0.2320000000000002,True
5.714213,20,8.192527,0.95990431321476,0.16000000000000014,True
5.819829,15,8.220464,0.958030180112044,0.1200000000000001,True
5.878746,10,8.238996,0.9570835578836508,0.08000000000000007,True
5.887826,11,8.258014,0.962072536058567,0.08800000000000008,True
5.64826,13,8.283347,0.9571371896954358,0.10400000000000009,True
5.402471,9,8.301085,0.960552811017284,0.07200000000000006,True
5.770999,7,8.314813,0.961819880986844,0.05600000000000005,True
5.725327,6,8.325958,0.9567583632271781,0.04800000000000004,True
5.44877,15,8.909276,0.9609550743451941,0.1200000000000001,True
5.387848,11,8.929445,0.9585833833997872,0.08800000000000008,True
-1.986876,30,8.981872,0.9626272597960309,0.2400000000000002,False
5.578778,21,9.022849,0.9655588378830737,0.16800000000000015,True
5.816285,20,9.062176,0.9638547521402867,0.16000000000000014,True
5.564869,27,9.111846,0.9622876512385282,0.2160000000000002,True
5.41421,18,9.144046,0.9629563001531948,0.14400000000000013,True
5.641755,9,9.164357,0.9633210109691277,0.07200000000000006,True
5.430897,11,9.183432,0.9653483712248738,0.08800000000000008,True
5.765273,13,9.21075,0.9594788061152275,0.10400000000000009,True
5.672739,12,9.235721,0.9618205129016189,0.09600000000000009,True
5.74264,6,9.247185,0.9637741703435023,0.04800000000000004,True
5.733102,16,9.275788,0.9653690483287561,0.1280000000000001,True
5.555031,7,9.28856,0.9588653177352982,0.05600000000000005,True
5.477084,26,9.338011,0.9600765041385988,0.20800000000000018,True
5.689645,12,9.359734,0.9606461615090431,0.09600000000000009,True
5.508108,8,10.001959,0.9601289639834324,0.06400000000000006,True
5.691642,7,10.023883,0.9618144993098842,0.05600000000000005,True
5.415903,10,10.048908,0.9578815669408887,0.08000000000000007,True
5.418352,11,10.077742,0.9628386177954413,0.08800000000000008,True
5.473146,28,10.151263,0.9570618777434956,0.2240000000000002,True
5.775015,7,10.169682,0.9643009142485905,0.05600000000000005,True
5.528815,16,10.208456,0.9619373209120075,0.1280000000000001,True
5.353394,9,10.230537,0.9636862084197608,0.07200000000000006,True
5.570491,17,10.272479,0.9615929421885903,0.13600000000000012,True
5.504631,17,10.314798,0.9624272265351992,0.13600000000000012,True
5.618636,4,10.326981,0.9610951794190873,0.03200000000000003,True
5.641768,4,10.33861,0.9613312729034625,0.03200000000000003,True
5.530206,8,10.358205,0.9572274720210512,0.06400000000000006,True
5.4366,5,10.37053,0.9599110775826685,0.040000000000000036,True
5.541612,6,10.386175,0.961980189859586,0.04800000000000004,True
5.60857,8,10.406245,0.9588898407672345,0.06400000000000006,True
5.478905,8,10.425025,0.9586401041530965,0.06400000000000006,True
5.318467,10,10.451194,0.9602306688162566,0.08000000000000007,True
5.551044,10,10.475282,0.9573607332773528,0.08000000000000007,True
5.621298,11,10.505219,0.9598195222847943,0.08800000000000008,True
5.481079,16,10.543137,0.9631058014845223,0.1280000000000001,True
5.437246,6,10.558286,0.9641073458413341,0.04800000000000004,True
5.436225,9,10.580257,0.9607907358594833,0.07200000000000006,True
5.579483,4,10.59109,0.9651907590446938,0.03200000000000003,True
5.473918,16,10.636384,0.9599911727629173,0.1280000000000001,True
5.321397,8,11.370094,0.9632548969190797,0.06400000000000006,True
5.487763,7,11.394207,0.9593956280371374,0.05600000000000005,True
5.780885,10,11.420851,0.9623679924281339,0.08000000000000007,True
5.7171,16,11.467284,0.9573349230448918,0.1280000000000001,True
5.513405,13,11.504032,0.9582699755744905,0.10400000000000009,True
5.237892,16,11.544117,0.9617827814116859,0.1280000000000001,True
5.61134,7,11.560874,0.9602445397281867,0.05600000000000005,True
5.988974,7,11.578336,0.9599611231317339,0.05600000000000005,True
5.962997,8,11.60151,0.9632354479598253,0.06400000000000006,True
5.51827,12,11.636339,0.9595330203316713,0.09600000000000009,True
5.721995,5,11.648304,0.9628587343647759,0.040000000000000036,True
5.591448,8,11.667736,0.9621203112647596,0.06400000000000006,True
5.604301,11,11.694081,0.9616605693378655,0.08800000000000008,True
5.453706,8,11.71356,0.9609645979084758,0.06400000000000006,True
5.871449,5,11.726725,0.9590733479206861,0.040000000000000036,True
5.637768,6,11.744103,0.9575159466124663,0.04800000000000004,True
5.631318,7,11.761755,0.9614564068954702,0.05600000000000005,True
5.814789,10,11.787937,0.965058452788387,0.08000000000000007,True
5.77417,13,11.820024,0.9572320710437907,0.10400000000000009,True
5.69679,6,11.835244,0.9660795715251673,0.04800000000000004,True
5.471796,12,11.864253,0.9610921558795034,0.09600000000000009,True
5.645402,12,12.027091,0.9654766359381668,0.09600000000000009,True
5.447414,5,12.043992,0.9619195109990084,0.040000000000000036,True
5.779316,7,12.064634,0.9590050586147805,0.05600000000000005,True
5.538983,5,12.078794,0.9641345451583996,0.040000000000000036,True
5.68145,11,12.108633,0.9629487726230612,0.08800000000000008,True
5.510641,6,12.127355,0.9597042850646865,0.04800000000000004,True
5.476499,8,12.152627,0.9633650234592906,0.06400000000000006,True
5.751461,8,12.173699,0.9589414537154928,0.06400000000000006,True
5.757066,12,12.965005,0.9601593455914517,0.09600000000000009,True
5.373953,9,12.9907,0.9635398928237292,0.07200000000000006,True
5.510513,7,13.009424,0.9644413674061177,0.05600000000000005,True
5.858387,7,13.027494,0.9654618602304663,0.05600000000000005,True
5.530788,4,13.038432,0.9604211479499332,0.03200000000000003,True
5.669087,5,13.052977,0.9666391469820202,0.040000000000000036,True
5.770236,10,13.079679,0.9582609624747829,0.08000000000000007,True
5.630907,3,13.091988,0.9614816314169687,0.02400000000000002,True
5.792301,8,13.119971,0.961413638282144,0.06400000000000006,True
5.665009,13,13.152539,0.9617767947785534,0.10400000000000009,True
5.496859,8,13.178217,0.9597227086213812,0.06400000000000006,True
5.354285,7,13.199551,0.9614318276288929,0.05600000000000005,True
5.672481,8,13.222697,0.9647244978799756,0.06400000000000006,True
5.450426,7,13.242916,0.9599913409666567,0.05600000000000005,True
5.381969,6,13.261219,0.9605666737091423,0.04800000000000004,True
5.687295,6,13.282053,0.9656679912660229,0.04800000000000004,True
5.567927,8,13.30553,0.9658130849148286,0.06400000000000006,True
5.601972,8,13.329986,0.9646001850803743,0.06400000000000006,True
5.681878,6,13.346107,0.9627123695254345,0.04800000000000004,True
5.574143,12,13.37675,0.9635649000896778,0.09600000000000009,True
5.64727,13,13.410577,0.9619542861083857,0.10400000000000009,True
5.448202,4,13.421213,0.9574931346428033,0.03200000000000003,True
5.647677,6,13.437135,0.9602160594599094,0.04800000000000004,True
5.633799,8,13.457629,0.960800943532639,0.06400000000000006,True
5.572683,3,13.465824,0.9623543187205601,0.02400000000000002,True
5.482454,9,13.491652,0.958888742867053,0.07200000000000006,True
5.656625,11,13.519504,0.9623500010637387,0.08800000000000008,True
5.677069,4,13.530419,0.9574943086701364,0.03200000000000003,True
5.883887,13,13.565635,0.9593691252015667,0.10400000000000009,True
5.393112,11,13.594323,0.9603062037890674,0.08800000000000008,True
5.676902,9,13.619387,0.9588744021918787,0.07200000000000006,True
5.547537,8,13.638783,0.961613633395167,0.06400000000000006,True
5.835627,6,13.654929,0.9614285681512105,0.04800000000000004,True
5.524061,9,14.461986,0.9610265834593135,0.07200000000000006,True
5.718755,5,14.472023,0.9598017805508898,0.040000000000000036,True
5.45676,7,14.487387,0.9635607737323476,0.05600000000000005,True
5.968348,6,14.499194,0.9606698318277975,0.04800000000000004,True
5.958509,8,14.515678,0.9607150713791521,0.06400000000000006,True
5.727106,6,14.528187,0.958859554859307,0.04800000000000004,True
5.466401,8,14.545224,0.9652135382575988,0.06400000000000006,True
5.42945,10,14.565769,0.9634050180200262,0.08000000000000007,True
5.683041,7,14.580348,0.96165997018131,0.05600000000000005,True
5.592355,10,14.601486,0.9620585840043344,0.08000000000000007,True
5.510752,5,14.611714,0.9600068894975045,0.040000000000000036,True
5.442299,5,14.622298,0.9623148189623161,0.040000000000000036,True
5.615036,7,14.63689,0.9579639140152794,0.05600000000000005,True
5.785389,11,14.658103,0.9597466744740635,0.08800000000000008,True
5.710111,8,14.6743,0.9571844407233356,0.06400000000000006,True
5.547195,8,14.691052,0.9601286004656748,0.06400000000000006,True
5.67235,4,14.699301,0.9636000008759702,0.03200000000000003,True
5.611554,8,14.716183,0.9619570384929659,0.06400000000000006,True
5.510881,8,14.732901,0.9614319787762214,0.06400000000000006,True
5.608904,5,14.741993,0.9632361907190344,0.040000000000000036,True
6.048042,6,14.756324,0.9574361353721896,0.04800000000000004,True
5.720426,9,14.77455,0.9648623875859884,0.07200000000000006,True
5.366827,5,14.785689,0.96232623969949,0.040000000000000036,True
5.706764,7,14.801311,0.9606480856538506,0.05600000000000005,True
5.998348,8,14.817698,0.9597322876361176,0.06400000000000006,True
5.678554,9,14.834898,0.9657542536112874,0.07200000000000006,True
5.643001,6,14.845811,0.9632214749449625,0.04800000000000004,True
5.576946,6,14.859335,0.960851570463601,0.04800000000000004,True
5.400186,7,14.872926,0.9645213099441147,0.05600000000000005,True
5.740789,8,14.892136,0.9591211699326669,0.06400000000000006,True
5.549831,5,14.90276,0.9623857095341868,0.040000000000000036,True
5.559799,7,14.917336,0.9596077902574245,0.05600000000000005,True
5.310801,8,14.935314,0.9654630461775261,0.06400000000000006,True
5.699374,8,14.951201,0.9651453513684431,0.06400000000000006,True
5.757918,5,14.961345,0.9612267942194122,0.040000000000000036,True
5.423051,6,14.973341,0.9665933232717848,0.04800000000000004,True
5.914263,5,15.560133,0.9673615275965137,0.040000000000000036,True
5.236255,11,15.590297,0.9656741836635665,0.08800000000000008,True
5.877997,7,15.6098,0.9626045229342708,0.05600000000000005,True
5.602092,5,15.619939,0.9658923054073005,0.040000000000000036,True
5.503974,7,15.63537,0.9575344439115027,0.05600000000000005,True
5.815795,7,15.648105,0.9595838136126336,0.05600000000000005,True
5.546849,9,15.666761,0.9604492041746416,0.07200000000000006,True
5.808913,6,15.680112,0.9640758428018052,0.04800000000000004,True
5.670743,7,15.695676,0.9630378186615274,0.05600000000000005,True
5.468574,8,15.711415,0.9617459760401353,0.06400000000000006,True
5.370243,3,15.717928,0.9593426332725503,0.02400000000000002,True
5.511609,4,15.725926,0.9588516832286592,0.03200000000000003,True
5.798214,5,15.737475,0.9617041066571845,0.040000000000000036,True
5.802012,6,15.749759,0.9597629755882586,0.04800000000000004,True
5.724458,6,15.762598,0.962749011898616,0.04800000000000004,True
5.7263,6,15.775192,0.9613188853422379,0.04800000000000004,True
5.485186,6,15.788068,0.9589631948712275,0.04800000000000004,True
5.523199,4,15.796754,0.9606558674184386,0.03200000000000003,True
5.671681,4,15.804293,0.9631299479305002,0.03200000000000003,True
5.531227,8,15.821151,0.9653578698545378,0.06400000000000006,True
5.451253,10,15.842419,0.9625967576958333,0.08000000000000007,True
5.668314,7,15.858868,0.9608381612416158,0.05600000000000005,True
5.658968,7,15.876443,0.9643108016828095,0.05600000000000005,True
5.982396,7,15.89251,0.9595691622906521,0.05600000000000005,True
5.77736,5,15.904108,0.9619927138868121,0.040000000000000036,True
5.715796,7,15.919437,0.9636014632532078,0.05600000000000005,True
5.982866,6,15.932442,0.9619340710784439,0.04800000000000004,True
5.761072,7,15.94726,0.9613852617661418,0.05600000000000005,True
5.816937,6,15.961082,0.9647294264095354,0.04800000000000004,True
5.833863,5,15.972654,0.9614432966437165,0.040000000000000036,True
5.560332,6,15.985998,0.9623294971451721,0.04800000000000004,True
5.812591,5,15.9975,0.9606741086948332,0.040000000000000036,True
5.333689,6,16.009676,0.959197017380809,0.04800000000000004,True
5.753661,6,16.022621,0.9576961927169831,0.04800000000000004,True
5.540008,7,16.037029,0.9662100980555806,0.05600000000000005,True
5.404892,8,16.055463,0.9609661569610582,0.06400000000000006,True
5.831446,7,16.072088,0.9605314029542005,0.05600000000000005,True
5.772025,5,16.082737,0.9634705576015514,0.040000000000000036,True
5.477296,3,16.089694,0.964363570372564,0.02400000000000002,True
5.798054,6,16.10215,0.9599161701360104,0.04800000000000004,True
5.365165,4,16.109052,0.964994798807689,0.03200000000000003,True
5.63595,8,16.730795,0.9593237560611299,0.06400000000000006,True
5.580543,5,16.742269,0.9602021374409891,0.040000000000000036,True
5.741304,7,16.758475,0.9618232497035346,0.05600000000000005,True
5.716163,7,16.772742,0.9626694822907517,0.05600000000000005,True
5.829233,4,16.782662,0.9695778805094666,0.03200000000000003,True
5.600358,4,16.792434,0.9570357428430818,0.03200000000000003,True
5.769354,9,16.812918,0.9579536645397415,0.07200000000000006,True
5.479997,6,16.827498,0.9638006714755213,0.04800000000000004,True
5.696559,4,16.836096,0.9571841472807457,0.03200000000000003,True
5.82008,6,16.849346,0.9575235318590106,0.04800000000000004,True
5.597998,5,16.862178,0.9605429605639969,0.040000000000000036,True
5.63479,4,16.871782,0.9593359412600749,0.03200000000000003,True
5.725999,4,16.880647,0.9623137573666243,0.03200000000000003,True
5.493945,6,16.894532,0.9587545367863118,0.04800000000000004,True
5.801413,5,16.906824,0.9603437897314177,0.040000000000000036,True
5.513267,5,16.918249,0.9615125807702206,0.040000000000000036,True
5.571197,7,16.932414,0.9591006616789359,0.05600000000000005,True
5.866046,5,16.943082,0.9632214925877282,0.040000000000000036,True
5.768034,10,16.965058,0.9637280820539804,0.08000000000000007,True
5.627077,3,16.971145,0.9578283385853511,0.02400000000000002,True
5.612882,5,16.982225,0.9586666648491554,0.040000000000000036,True
5.844015,9,17.001357,0.958361528655163,0.07200000000000006,True
5.694264,6,17.01539,0.9603661369319534,0.04800000000000004,True
5.500649,3,17.021706,0.9592862632867538,0.02400000000000002,True
5.758031,10,17.042524,0.9617386310458793,0.08000000000000007,True
5.826516,5,17.053906,0.9589960730616323,0.040000000000000036,True
5.78689,5,17.065351,0.9613098701410778,0.040000000000000036,True
5.645339,3,17.07134,0.9638539676530107,0.02400000000000002,True
5.741463,5,17.082883,0.9607989356735229,0.040000000000000036,True
5.74089,5,17.094217,0.959037221390314,0.040000000000000036,True
5.986097,6,17.10671,0.9641582868635251,0.04800000000000004,True
5.563221,4,17.115506,0.9599331668901532,0.03200000000000003,True
5.857056,5,17.126614,0.9656420734684728,0.040000000000000036,True
5.780963,6,17.138871,0.9646537159780035,0.04800000000000004,True
5.527755,11,17.161772,0.9571965805455183,0.08800000000000008,True
5.665798,5,17.172778,0.9616772792868258,0.040000000000000036,True
5.755056,5,17.184546,0.9582338985654768,0.040000000000000036,True
5.606547,5,17.195751,0.9651573867209203,0.040000000000000036,True
5.767955,5,17.20551,0.9609846123887691,0.040000000000000036,True
5.623833,4,17.21538,0.9643932887378484,0.03200000000000003,True
5.41937,6,17.228442,0.9602088337866823,0.04800000000000004,True
5.728359,5,17.240201,0.9589416203239777,0.040000000000000036,True
5.980735,7,17.256503,0.9595157129506121,0.05600000000000005,True
6.056861,4,17.26639,0.9572944452880776,0.03200000000000003,True
5.919427,5,17.27728,0.9640847320604249,0.040000000000000036,True
5.654965,6,17.291226,0.9600794857115402,0.04800000000000004,True
5.657471,4,17.875341,0.9607448031589989,0.03200000000000003,True
5.327037,6,17.89028,0.9672885281450936,0.04800000000000004,True
5.683484,7,17.906202,0.9595924924725154,0.05600000000000005,True
5.751682,6,17.919259,0.9610098446552107,0.04800000000000004,True
5.667237,4,17.927763,0.9650879115303024,0.03200000000000003,True
5.698994,5,17.939066,0.9600755933829173,0.040000000000000036,True
5.703953,4,17.947834,0.9604351299562406,0.03200000000000003,True
5.501581,5,17.959521,0.9601532920260116,0.040000000000000036,True
5.609774,5,17.970953,0.9602950344835754,0.040000000000000036,True
5.707535,9,17.989501,0.9651863108561713,0.07200000000000006,True
5.978926,9,18.008532,0.9577954311333026,0.07200000000000006,True
5.472296,5,18.019696,0.9637182442398835,0.040000000000000036,True
5.519476,5,18.029653,0.961176972953719,0.040000000000000036,True
5.597053,5,18.041603,0.9602908933056599,0.040000000000000036,True
5.76608,5,18.052628,0.9619531746793476,0.040000000000000036,True
5.843603,5,18.06456,0.956507752363018,0.040000000000000036,True
5.794801,5,18.07625,0.964143188494174,0.040000000000000036,True
5.425946,5,18.087908,0.9620189673722963,0.040000000000000036,True
5.772944,4,18.097587,0.9590544462559955,0.03200000000000003,True
5.562343,6,18.11043,0.9601553940229866,0.04800000000000004,True
5.661931,8,18.126787,0.9622912425609211,0.06400000000000006,True
5.532542,3,18.133138,0.9655857102032899,0.02400000000000002,True
5.605032,3,18.140414,0.9592132894461232,0.02400000000000002,True
5.315325,6,18.153581,0.9570425126354756,0.04800000000000004,True
5.66873,5,18.166293,0.9603320657561686,0.040000000000000036,True
5.741435,6,18.17892,0.9655628665681634,0.04800000000000004,True
5.773894,6,18.191442,0.9656478734502201,0.04800000000000004,True
5.548475,4,18.19939,0.9641273036830924,0.03200000000000003,True
5.716287,6,18.210526,0.9581071569461835,0.04800000000000004,True
5.982407,9,18.231342,0.9609795733903547,0.07200000000000006,True
5.734965,7,18.341119,0.964445502129679,0.05600000000000005,True
5.343269,7,18.356535,0.9647599818318442,0.05600000000000005,True
5.628698,5,18.371952,0.9583229563035157,0.040000000000000036,True
5.655254,5,18.387143,0.9596836159786011,0.040000000000000036,True
5.67172,3,18.400987,0.9642500277072729,0.02400000000000002,True
5.605841,4,18.411223,0.9677521690010946,0.03200000000000003,True
5.748139,7,18.426381,0.9589940421408377,0.05600000000000005,True
5.406875,6,18.438582,0.9591315185826943,0.04800000000000004,True
5.509688,5,18.449673,0.9621915098352417,0.040000000000000036,True
5.731591,3,18.457188,0.9612312453350033,0.02400000000000002,True
5.803041,6,18.469548,0.9588555613488556,0.04800000000000004,True
5.75835,5,18.48151,0.9615627015146344,0.040000000000000036,True
5.60731,6,18.496073,0.9584130786619568,0.04800000000000004,True
5.558631,4,18.505817,0.9612571257998118,0.03200000000000003,True
5.68855,4,18.513845,0.9581071608567555,0.03200000000000003,True
5.575901,7,18.530812,0.9635759738174949,0.05600000000000005,True
5.557035,3,18.536628,0.9594728223686777,0.02400000000000002,True
5.689395,10,19.105188,0.9577432245630573,0.08000000000000007,True
5.53611,4,19.11465,0.9607992143925179,0.03200000000000003,True
5.640964,3,19.122556,0.9624098528643127,0.02400000000000002,True
5.686257,8,19.139297,0.9638991409027379,0.06400000000000006,True
5.75531,5,19.150348,0.9595554734850753,0.040000000000000036,True
5.853861,3,19.156899,0.9565338548786473,0.02400000000000002,True
5.359695,5,19.167502,0.9590207512604234,0.040000000000000036,True
5.816799,5,19.178519,0.9594328471964876,0.040000000000000036,True
5.338845,4,19.187707,0.9573079540855552,0.03200000000000003,True
5.488418,6,19.200326,0.9588527723336091,0.04800000000000004,True
5.735388,5,19.210235,0.9594383333643298,0.040000000000000036,True
5.630168,4,19.220029,0.959991238630439,0.03200000000000003,True
5.462527,5,19.231143,0.9600066992189968,0.040000000000000036,True
5.736148,8,19.248706,0.963959240126204,0.06400000000000006,True
5.798351,5,19.260601,0.9629948484442017,0.040000000000000036,True
5.683242,6,19.274255,0.964519009310121,0.04800000000000004,True
5.685447,3,19.280741,0.961157389207502,0.02400000000000002,True
5.450532,7,19.298058,0.9590861313828065,0.05600000000000005,True
5.746444,4,19.307411,0.9592870496847024,0.03200000000000003,True
5.677609,6,19.319375,0.9679656272690798,0.04800000000000004,True
5.752289,4,19.329181,0.9568739268738596,0.03200000000000003,True
6.05963,5,19.340178,0.9634628189884658,0.040000000000000036,True
5.758706,6,19.352879,0.9612999933049744,0.04800000000000004,True
5.800628,8,19.369813,0.9638322668958879,0.06400000000000006,True
5.645596,5,19.380787,0.9613812152133911,0.040000000000000036,True
5.900591,5,19.392271,0.960199247360447,0.040000000000000036,True
5.521864,5,19.40598,0.9568895787270715,0.040000000000000036,True
5.797897,6,19.424899,0.9603450115517702,0.04800000000000004,True
5.751253,8,19.44771,0.9655188722490837,0.06400000000000006,True
5.630753,3,19.454484,0.9641449223288809,0.02400000000000002,True
5.863825,5,19.466721,0.9634747897000261,0.040000000000000036,True
5.575464,8,19.483455,0.9597187092065333,0.06400000000000006,True
5.582371,4,19.493446,0.9625175284749797,0.03200000000000003,True
5.616662,5,19.503585,0.9657397654515227,0.040000000000000036,True
5.91666,4,19.512476,0.9635320898140368,0.03200000000000003,True
5.478672,3,19.519663,0.958121196421754,0.02400000000000002,True
6.069231,5,19.53043,0.9619268176404802,0.040000000000000036,True
5.747842,4,19.539138,0.9609682536587247,0.03200000000000003,True
5.756245,6,19.552247,0.9660854415369521,0.04800000000000004,True
5.79187,8,19.570326,0.9585339887432318,0.06400000000000006,True
5.582621,6,19.584486,0.9624858802850247,0.04800000000000004,True
5.595138,4,19.595888,0.9593285526338561,0.03200000000000003,True
5.481123,4,19.608698,0.9640241442204829,0.03200000000000003,True
5.47531,6,19.622717,0.9602363826813954,0.04800000000000004,True
5.775265,10,19.644828,0.9589697472540882,0.08000000000000007,True
5.54777,5,19.656991,0.9615900730992875,0.040000000000000036,True
5.794572,5,19.66817,0.9595303240750985,0.040000000000000036,True
5.754859,5,19.680536,0.9605514981942227,0.040000000000000036,True
5.572757,6,20.231499,0.9618988062530672,0.04800000000000004,True
5.750646,7,20.247548,0.9595508363771356,0.05600000000000005,True
5.773761,4,20.25719,0.959685978169907,0.03200000000000003,True
5.769653,5,20.269114,0.961432220929349,0.040000000000000036,True
5.445055,5,20.281454,0.9578978368821716,0.040000000000000036,True
5.903577,5,20.292478,0.9583591455370293,0.040000000000000036,True
5.707152,4,20.30054,0.9642523749539557,0.03200000000000003,True
5.755502,5,20.311483,0.9611134385628052,0.040000000000000036,True
5.664567,4,20.321491,0.960101206219941,0.03200000000000003,True
5.421706,4,20.329985,0.9650919014297555,0.03200000000000003,True
5.587446,6,20.343185,0.9582186393115093,0.04800000000000004,True
5.74217,6,20.358815,0.9605643944060693,0.04800000000000004,True
5.981037,3,20.366907,0.9663766597622685,0.02400000000000002,True
5.588574,4,20.377883,0.9584927965494765,0.03200000000000003,True
5.446934,4,20.388738,0.9618880935224392,0.03200000000000003,True
5.476552,6,20.403367,0.9612964405394204,0.04800000000000004,True
5.724623,8,20.420692,0.9618848935090616,0.06400000000000006,True
5.778654,5,20.43111,0.9634508676408138,0.040000000000000036,True
5.856723,6,20.446002,0.9625691849940821,0.04800000000000004,True
5.46004,3,20.454997,0.958591406347092,0.02400000000000002,True
5.791181,4,20.467694,0.957900492615067,0.03200000000000003,True
5.725985,6,20.484447,0.962814971441775,0.04800000000000004,True
5.741559,6,20.499176,0.957940495162132,0.04800000000000004,True
5.704723,5,20.509389,0.95989913441375,0.040000000000000036,True
5.84079,5,20.520312,0.9612171606838127,0.040000000000000036,True
5.767087,4,20.529474,0.9654334206775965,0.03200000000000003,True
5.628053,5,20.540248,0.9702800167763865,0.040000000000000036,True
5.63488,5,20.552341,0.9615610075834854,0.040000000000000036,True
5.540493,3,20.558791,0.9713415882073431,0.02400000000000002,True
5.402674,4,20.568188,0.960081021699561,0.03200000000000003,True
5.689907,6,20.581869,0.9641481449162146,0.04800000000000004,True
5.982704,5,20.593198,0.9620303890573896,0.040000000000000036,True
5.73239,6,20.606551,0.9639668685090652,0.04800000000000004,True
5.580219,5,20.617341,0.9626595034847154,0.040000000000000036,True
5.738279,6,20.630697,0.9619989010640431,0.04800000000000004,True
5.74804,5,20.640706,0.9587201616872468,0.040000000000000036,True
5.694931,6,20.655837,0.9606204971644872,0.04800000000000004,True
5.691364,4,20.665625,0.9598824150293701,0.03200000000000003,True
5.691045,7,20.680586,0.9589768667190957,0.05600000000000005,True
5.626495,4,20.690516,0.9624304880440929,0.03200000000000003,True
5.515086,4,20.699492,0.9588234184536397,0.03200000000000003,True
5.491035,5,20.711596,0.9617824448179108,0.040000000000000036,True
5.858712,6,20.724719,0.9599360343416392,0.04800000000000004,True
5.543198,8,20.743276,0.9610421908864761,0.06400000000000006,True
5.811352,6,20.757042,0.9618721366994512,0.04800000000000004,True
5.716927,5,20.768491,0.961405046672121,0.040000000000000036,True
5.573368,6,20.781507,0.9605997131069951,0.04800000000000004,True
5.987763,6,20.79549,0.9577854537453921,0.04800000000000004,True
5.532186,4,20.805044,0.9597531999380663,0.03200000000000003,True
5.725712,4,20.814607,0.9612942786150589,0.03200000000000003,True
5.679192,3,20.821843,0.95925111214672,0.02400000000000002,True
5.61535,6,21.402395,0.961311118602459,0.04800000000000004,True
5.565681,3,21.410318,0.9620648412382959,0.02400000000000002,True
5.444578,3,21.418218,0.9568182944140238,0.02400000000000002,True
5.611754,5,21.428514,0.958081538813353,0.040000000000000036,True
5.562324,4,21.437528,0.959370230966727,0.03200000000000003,True
5.833742,6,21.45281,0.9607657779006331,0.04800000000000004,True
5.96844,5,21.462348,0.961338471043933,0.040000000000000036,True
5.666736,4,21.472722,0.9598860561076819,0.03200000000000003,True
5.653555,3,21.479531,0.9629145243071167,0.02400000000000002,True
5.378793,4,21.493683,0.9607044326873014,0.03200000000000003,True
5.544988,4,21.506802,0.9611169913499918,0.03200000000000003,True
5.827203,4,21.518845,0.9604328935454327,0.03200000000000003,True
5.620909,3,21.526486,0.9598951249671515,0.02400000000000002,True
5.582113,3,21.531985,0.9640236648648632,0.02400000000000002,True
5.536375,8,21.550453,0.9641256458572394,0.06400000000000006,True
5.480288,5,21.566981,0.962913062782335,0.040000000000000036,True
5.650917,4,21.575759,0.964031670932162,0.03200000000000003,True
5.837409,5,21.587016,0.9646333400815287,0.040000000000000036,True
5.844277,5,21.598943,0.959053502664621,0.040000000000000036,True
5.68744,5,21.610214,0.9614797919206088,0.040000000000000036,True
5.509223,6,21.623158,0.9596135106933328,0.04800000000000004,True
5.505669,4,21.632616,0.9592009111874724,0.03200000000000003,True
5.52021,5,21.644511,0.9633057794322708,0.040000000000000036,True
5.679627,3,21.650936,0.9595198810989695,0.02400000000000002,True
5.479983,3,21.659334,0.9615734379775999,0.02400000000000002,True
5.55745,6,21.672582,0.9656590055695254,0.04800000000000004,True
5.395519,3,21.680418,0.9644007839423959,0.02400000000000002,True
5.722014,5,21.691707,0.9619491175711379,0.040000000000000036,True
5.338856,5,21.702812,0.9637687635560017,0.040000000000000036,True
5.66384,5,21.715049,0.9609742692708441,0.040000000000000036,True
5.761931,9,21.734692,0.9606274041716079,0.07200000000000006,True
5.407355,4,21.744057,0.9607374417299295,0.03200000000000003,True
5.626333,3,21.750243,0.9572322188905749,0.02400000000000002,True
5.892013,3,21.758622,0.9628616921530071,0.02400000000000002,True
5.968836,5,21.770495,0.9568717735339315,0.040000000000000036,True
5.81645,5,21.781047,0.9588691248981767,0.040000000000000036,True
5.545893,5,21.792111,0.9608571722580475,0.040000000000000036,True
5.737864,4,21.801658,0.9619902496467634,0.03200000000000003,True
5.663031,4,21.811375,0.9577662392318069,0.03200000000000003,True
5.695816,5,21.822629,0.9636308384856109,0.040000000000000036,True
5.567808,4,21.832227,0.9583654531556367,0.03200000000000003,True
5.740815,8,21.850329,0.9628820385379635,0.06400000000000006,True
5.849062,6,21.864464,0.9583466913676426,0.04800000000000004,True
5.445795,6,21.878232,0.9587413785239898,0.04800000000000004,True
5.564322,5,21.889861,0.9641926485388582,0.040000000000000036,True
5.693941,4,21.900084,0.9601196714828785,0.03200000000000003,True
5.71248,3,21.907886,0.9606662378536542,0.02400000000000002,True
5.462494,6,21.920745,0.9595444752810822,0.04800000000000004,True
5.665951,6,21.933303,0.9610641476465732,0.04800000000000004,True
5.587601,6,21.946902,0.9582843825997953,0.04800000000000004,True
5.459271,5,21.958915,0.9593533206214662,0.040000000000000036,True
5.641316,6,21.972128,0.9585839512771677,0.04800000000000004,True
5.663378,6,21.987358,0.9647810190999635,0.04800000000000004,True
5.416939,4,21.997138,0.9583050120037075,0.03200000000000003,True
5.888825,5,22.637151,0.9609424005905092,0.040000000000000036,True
5.459503,3,22.646158,0.9624875240226691,0.02400000000000002,True
5.76695,4,22.653893,0.9625039842549453,0.03200000000000003,True
5.804167,5,22.665072,0.9561507044295314,0.040000000000000036,True
5.811861,4,22.674731,0.9645524485905828,0.03200000000000003,True
5.81993,5,22.68706,0.9562119233581743,0.040000000000000036,True
5.59555,4,22.697082,0.9628154997770572,0.03200000000000003,True
5.652609,3,22.703761,0.9615378595546455,0.02400000000000002,True
5.605429,4,22.714053,0.9630274174097652,0.03200000000000003,True
5.762591,5,22.725916,0.9653142250165465,0.040000000000000036,True
5.500836,5,22.741964,0.9637980753379699,0.040000000000000036,True
5.792082,4,22.755233,0.9662232040479255,0.03200000000000003,True
5.679999,6,22.769748,0.9606213681955287,0.04800000000000004,True
5.68358,4,22.779465,0.9643102515411983,0.03200000000000003,True
5.77463,4,22.788886,0.9597059901217153,0.03200000000000003,True
5.68977,5,22.801096,0.9588454107929558,0.040000000000000036,True
5.473084,3,22.809289,0.9599516343988197,0.02400000000000002,True
5.703368,4,22.819257,0.9605307315206446,0.03200000000000003,True
5.459565,5,22.830373,0.9604457129616726,0.040000000000000036,True
5.684243,4,22.838101,0.9581626515753137,0.03200000000000003,True
5.958001,4,22.848484,0.9583897914234787,0.03200000000000003,True
5.542953,5,22.859417,0.960488266603913,0.040000000000000036,True
5.846323,6,22.873419,0.960569097493976,0.04800000000000004,True
5.623006,5,22.88542,0.9612401491515852,0.040000000000000036,True
5.626001,5,22.897957,0.96379494030312,0.040000000000000036,True
5.615543,4,22.907258,0.961941719174195,0.03200000000000003,True
5.699276,3,22.915337,0.9631332192640708,0.02400000000000002,True
6.110876,4,22.924914,0.9608137034048612,0.03200000000000003,True
5.399746,4,22.9328,0.9618228279240009,0.03200000000000003,True
5.672382,7,22.950168,0.961894507513207,0.05600000000000005,True
5.804529,4,22.959697,0.9638155337430931,0.03200000000000003,True
5.447474,4,22.968093,0.9613256257467244,0.03200000000000003,True
5.426869,5,22.979712,0.9592308719230696,0.040000000000000036,True
5.691697,3,22.985979,0.9637406677227454,0.02400000000000002,True
5.432093,4,22.995723,0.9635806280682182,0.03200000000000003,True
5.810069,5,23.006407,0.9592887239626032,0.040000000000000036,True
5.700358,5,23.017411,0.9587865730595293,0.040000000000000036,True
5.613134,6,23.032685,0.9565510411731051,0.04800000000000004,True
5.8593,5,23.043853,0.961136959843945,0.040000000000000036,True
5.962652,5,23.056661,0.9637003073640735,0.040000000000000036,True
5.711105,5,23.068248,0.9614058057202124,0.040000000000000036,True
5.656089,4,23.079504,0.967039857679347,0.03200000000000003,True
5.621698,6,23.093739,0.9639035604932642,0.04800000000000004,True
5.282217,5,23.104221,0.9611709430179802,0.040000000000000036,True
5.394422,4,23.113857,0.9642899644618156,0.03200000000000003,True
5.714073,5,23.126022,0.9573270637476126,0.040000000000000036,True
5.494114,4,23.136112,0.9577085813044428,0.03200000000000003,True
5.677067,4,23.144868,0.961758349603141,0.03200000000000003,True
5.874222,6,23.159705,0.9589198608871581,0.04800000000000004,True
5.427369,3,23.167543,0.9617010115456421,0.02400000000000002,True
5.437829,4,23.177769,0.9613850336051724,0.03200000000000003,True
5.832477,4,23.186959,0.9599076940254225,0.03200000000000003,True
5.85996,5,23.199246,0.9653150789938054,0.040000000000000036,True
5.624589,5,23.211296,0.9596122716490937,0.040000000000000036,True
5.574855,4,23.220768,0.9597589919696257,0.03200000000000003,True
5.721124,5,23.233027,0.9609445293190977,0.040000000000000036,True
5.81809,6,23.246918,0.9597729301563952,0.04800000000000004,True
5.523376,3,23.816381,0.9593281466622914,0.02400000000000002,True
5.442849,4,23.826075,0.9637963845175308,0.03200000000000003,True
5.416745,5,23.838003,0.9611625857304171,0.040000000000000036,True
5.709321,5,23.848601,0.9639224268498894,0.040000000000000036,True
5.422052,3,23.853921,0.961339956263402,0.02400000000000002,True
5.776994,4,23.863749,0.9592111275555275,0.03200000000000003,True
6.056771,4,23.873468,0.9657430260817406,0.03200000000000003,True
5.515375,4,23.882519,0.9602828496455407,0.03200000000000003,True
5.79054,4,23.894499,0.9632345832889313,0.03200000000000003,True
5.948356,4,23.904422,0.9622553159409395,0.03200000000000003,True
6.09029,5,23.915752,0.9645689656274521,0.040000000000000036,True
5.773059,5,23.926875,0.959356495819106,0.040000000000000036,True
5.493203,4,23.936265,0.9626136765299125,0.03200000000000003,True
5.66485,5,23.947891,0.9629534350293356,0.040000000000000036,True
5.341403,4,23.956494,0.9626656611036917,0.03200000000000003,True
5.662608,3,23.963232,0.958522707855657,0.02400000000000002,True
5.788971,5,23.975145,0.9595429303744893,0.040000000000000036,True
5.62211,5,23.98608,0.9573250497459669,0.040000000000000036,True
5.500816,4,23.995835,0.9613103635989055,0.03200000000000003,True
5.951561,5,24.008186,0.9600738269598441,0.040000000000000036,True
5.50253,5,24.018022,0.9610849706681804,0.040000000000000036,True
5.437483,4,24.028709,0.9591419820267728,0.03200000000000003,True
5.582803,5,24.039797,0.9644133889334993,0.040000000000000036,True
5.56599,5,24.051437,0.9603511261452942,0.040000000000000036,True
5.429156,3,24.0585,0.9628761817119322,0.02400000000000002,True
5.51318,4,24.067939,0.9585898025880835,0.03200000000000003,True
5.856102,5,24.079757,0.9664233564446488,0.040000000000000036,True
5.628579,4,24.089809,0.9572367112335455,0.03200000000000003,True
5.454937,3,24.096315,0.9575414651316736,0.02400000000000002,True
6.017487,4,24.105839,0.9600628614891251,0.03200000000000003,True
5.711424,3,24.113841,0.9614048733986574,0.02400000000000002,True
5.570237,4,24.123292,0.9613319629640701,0.03200000000000003,True
5.565128,5,24.216799,0.9583311202574994,0.040000000000000036,True
5.774805,4,24.227757,0.9580255568273149,0.03200000000000003,True
5.796863,5,24.240219,0.9617484406895646,0.040000000000000036,True
5.575662,4,24.249596,0.9567901540263741,0.03200000000000003,True
5.4925,4,24.259104,0.9598190170243086,0.03200000000000003,True
5.944685,4,24.269002,0.9625852340337024,0.03200000000000003,True
5.717733,4,24.27857,0.9572842897031525,0.03200000000000003,True
5.741815,4,24.287369,0.961495277058532,0.03200000000000003,True
5.820187,5,24.298723,0.9645212348583543,0.040000000000000036,True
5.383263,3,24.306192,0.9586297754178541,0.02400000000000002,True
5.350552,4,24.315695,0.961970701792665,0.03200000000000003,True
5.515224,4,24.32481,0.9632623666058662,0.03200000000000003,True
5.387215,3,24.33121,0.9563536926974945,0.02400000000000002,True
5.432489,4,24.342314,0.9618775410147024,0.03200000000000003,True
5.606201,6,24.36231,0.9634982179084537,0.04800000000000004,True
5.734585,5,24.378058,0.9573445145868875,0.040000000000000036,True
5.451907,4,24.391128,0.9614853346885415,0.03200000000000003,True
5.813466,3,24.402474,0.962009998148796,0.02400000000000002,True
5.442288,2,24.408931,0.9598914748894731,0.016000000000000014,True
5.46397,4,24.423472,0.9614332268661547,0.03200000000000003,True
5.94406,4,24.43872,0.9657696691104036,0.03200000000000003,True
5.797561,4,24.451752,0.9614388199353706,0.03200000000000003,True
5.775012,4,24.467692,0.9623272605114488,0.03200000000000003,True
5.619543,6,24.48922,0.9595571854177594,0.04800000000000004,True
5.799565,5,24.507438,0.9629296810183424,0.040000000000000036,True
5.741177,5,24.524003,0.9608013968362122,0.040000000000000036,True
5.725149,4,24.536752,0.9607538744938138,0.03200000000000003,True
5.798912,5,24.552751,0.9608047964267226,0.040000000000000036,True
5.769782,3,24.5629,0.9638861774006686,0.02400000000000002,True
5.680708,5,25.320266,0.9640333885044415,0.040000000000000036,True
5.534791,4,25.332731,0.9608928886094585,0.03200000000000003,True
5.537434,5,25.346712,0.9578586024059096,0.040000000000000036,True
5.629071,6,25.362754,0.9630715475306961,0.04800000000000004,True
5.930788,4,25.374753,0.9629559783854,0.03200000000000003,True
5.711222,4,25.387331,0.9623258205597571,0.03200000000000003,True
5.997565,4,25.400181,0.9617030888121372,0.03200000000000003,True
5.853531,3,25.410576,0.9598148559869851,0.02400000000000002,True
5.664776,5,25.426569,0.9590854277363039,0.040000000000000036,True
5.843569,5,25.445436,0.9579257494811493,0.040000000000000036,True
5.450974,3,25.455674,0.960647060888185,0.02400000000000002,True
5.508019,3,25.464785,0.9618763251059241,0.02400000000000002,True
5.766907,5,25.48292,0.9571492751805387,0.040000000000000036,True
5.567568,4,25.496102,0.9592921118121691,0.03200000000000003,True
5.789792,4,25.509958,0.9618601206976691,0.03200000000000003,True
6.007505,5,25.527158,0.961568394804883,0.040000000000000036,True
5.415075,3,25.537572,0.9628085455541026,0.02400000000000002,True
5.851699,4,25.550523,0.9595032998840669,0.03200000000000003,True
5.960039,5,25.56741,0.9619961835042945,0.040000000000000036,True
6.042455,4,25.581062,0.959560571436835,0.03200000000000003,True
5.631551,6,25.600119,0.9639103771263982,0.04800000000000004,True
5.722753,4,25.61283,0.9602033609167953,0.03200000000000003,True
5.666207,3,25.621339,0.9603931762919657,0.02400000000000002,True
6.081157,4,25.632911,0.9577509859679763,0.03200000000000003,True
5.618653,4,25.64481,0.9632736291885717,0.03200000000000003,True
5.800174,4,25.656832,0.9661136524539097,0.03200000000000003,True
5.632686,5,25.670464,0.9599434541054102,0.040000000000000036,True
5.655307,5,25.684629,0.9631072797386285,0.040000000000000036,True
5.678305,4,25.697409,0.9574227489122742,0.03200000000000003,True
5.405832,4,25.710797,0.9588564382723604,0.03200000000000003,True
5.542833,4,25.723334,0.9617012808303744,0.03200000000000003,True
5.725093,5,25.738774,0.9622375235435088,0.040000000000000036,True
5.467453,5,25.755061,0.959503799783604,0.040000000000000036,True
5.565197,4,25.768117,0.9566787111185517,0.03200000000000003,True
5.579644,4,25.780375,0.960059826153415,0.03200000000000003,True
5.435334,3,25.790484,0.957754157470063,0.02400000000000002,True
5.780717,5,25.809262,0.9617500912476061,0.040000000000000036,True
5.460015,4,25.819791,0.9651471553348361,0.03200000000000003,True
5.612552,4,25.832037,0.9655586537677651,0.03200000000000003,True
5.805741,5,25.848925,0.9652325795313572,0.040000000000000036,True
5.688583,3,25.860192,0.9625226721324351,0.02400000000000002,True
5.810239,5,25.878752,0.9626353811274346,0.040000000000000036,True
5.735543,5,25.899733,0.959836838720245,0.040000000000000036,True
5.633847,5,25.922198,0.9625316465305638,0.040000000000000036,True
5.722738,6,25.943996,0.9650655989315426,0.04800000000000004,True
5.607208,7,25.965716,0.9585650469782174,0.05600000000000005,True
5.723239,5,25.983562,0.9598079282654037,0.040000000000000036,True
5.720895,5,25.999925,0.9611211061162364,0.040000000000000036,True
5.644873,4,26.012573,0.9611714445957986,0.03200000000000003,True
5.746112,6,26.032345,0.9576930409172251,0.04800000000000004,True
5.675776,5,26.052325,0.9601755769956839,0.040000000000000036,True
5.759004,4,26.064483,0.9626201117677325,0.03200000000000003,True
5.47818,4,26.077362,0.9613140251395695,0.03200000000000003,True
5.882758,3,26.087681,0.9574945240210938,0.02400000000000002,True
5.768629,5,26.105167,0.959731744008191,0.040000000000000036,True
5.762219,5,26.120365,0.9620812013452856,0.040000000000000036,True
5.61854,6,26.139242,0.9562507519611917,0.04800000000000004,True
5.723875,4,26.151827,0.9588413290093666,0.03200000000000003,True
5.763153,4,26.923449,0.9667954017900767,0.03200000000000003,True
5.995018,5,26.940395,0.9600125212020718,0.040000000000000036,True
5.661329,5,26.955328,0.9610643110305521,0.040000000000000036,True
5.789709,5,26.969081,0.9594447215248569,0.040000000000000036,True
5.591209,3,26.977049,0.9616367278989062,0.02400000000000002,True
5.369832,3,26.986563,0.9609865188768536,0.02400000000000002,True
5.582129,3,26.995535,0.96502195077437,0.02400000000000002,True
6.02434,5,27.011203,0.9606882308470629,0.040000000000000036,True
5.749505,3,27.018397,0.9676683732516145,0.02400000000000002,True
5.564875,4,27.030163,0.9591818545375135,0.03200000000000003,True
5.835116,4,27.04342,0.9635345738345038,0.03200000000000003,True
5.654634,5,27.058692,0.9605885606138307,0.040000000000000036,True
5.670917,3,27.068771,0.9634976885343616,0.02400000000000002,True
5.862469,5,27.083662,0.9610797141280442,0.040000000000000036,True
5.615058,6,27.10254,0.9655095497039922,0.04800000000000004,True
5.51157,5,27.116743,0.9619379061749248,0.040000000000000036,True
5.731992,4,27.132425,0.9631598823773742,0.03200000000000003,True
5.9832,4,27.147236,0.9633009929693923,0.03200000000000003,True
5.645909,3,27.15804,0.9565117217880084,0.02400000000000002,True
5.84266,4,27.170627,0.962347252329312,0.03200000000000003,True
5.865897,5,27.186173,0.9622502090304177,0.040000000000000036,True
5.696837,4,27.198928,0.9611018557792971,0.03200000000000003,True
5.677482,4,27.210905,0.9636267987926703,0.03200000000000003,True
5.767552,5,27.227166,0.9596043686918241,0.040000000000000036,True
5.405383,3,27.236768,0.9618161078413117,0.02400000000000002,True
5.514862,5,27.251368,0.9591796150374508,0.040000000000000036,True
5.724293,6,27.27024,0.9604841206919291,0.04800000000000004,True
5.668714,3,27.279898,0.9575302681305426,0.02400000000000002,True
5.677974,5,27.29512,0.9612723339883631,0.040000000000000036,True
5.359857,4,27.308131,0.960255784273679,0.03200000000000003,True
5.882355,5,27.322735,0.9629761839929125,0.040000000000000036,True
5.64019,5,27.338624,0.9571084692369991,0.040000000000000036,True
5.855451,5,27.353155,0.9593729486688735,0.040000000000000036,True
5.440254,4,27.366146,0.9613972454265091,0.03200000000000003,True
6.049261,4,27.379011,0.9667674692643262,0.03200000000000003,True
5.568963,3,27.389237,0.9614581527919372,0.02400000000000002,True
5.773384,5,27.404666,0.9621542373566818,0.040000000000000036,True
5.984854,5,27.420316,0.9602273366136667,0.040000000000000036,True
5.415474,5,27.436006,0.957719162266699,0.040000000000000036,True
5.919777,3,27.446488,0.9593015998788557,0.02400000000000002,True
5.484509,4,27.460251,0.9631213709305675,0.03200000000000003,True
5.674607,3,27.471365,0.9605487417523495,0.02400000000000002,True
5.869372,5,27.486709,0.9599921602628978,0.040000000000000036,True
5.948959,4,27.498916,0.960237726193992,0.03200000000000003,True
5.653134,5,27.519706,0.9607473697308138,0.040000000000000036,True
5.501731,4,27.532966,0.96231609745385,0.03200000000000003,True
5.653943,5,27.546439,0.9621183895515772,0.040000000000000036,True
5.39554,3,27.556754,0.9615034381763516,0.02400000000000002,True
5.818366,3,27.566399,0.9577135853943161,0.02400000000000002,True
5.784789,6,27.583027,0.9595599341808267,0.04800000000000004,True
5.438365,6,27.601475,0.9591772553739952,0.04800000000000004,True
5.542411,3,27.611468,0.9628744688369939,0.02400000000000002,True
5.826722,5,27.626782,0.964220348120783,0.040000000000000036,True
5.659532,3,27.635465,0.9611722102024749,0.02400000000000002,True
5.538415,4,27.64564,0.9608505500083492,0.03200000000000003,True
5.795587,5,27.66029,0.9566845226908642,0.040000000000000036,True
5.842788,4,27.671583,0.968527487876359,0.03200000000000003,True
5.844697,5,27.687857,0.9566638195551469,0.040000000000000036,True
5.648528,3,27.698497,0.9690458483084529,0.02400000000000002,True
5.502492,4,27.712423,0.9637023278939044,0.03200000000000003,True
5.427716,4,28.544184,0.9594684515000602,0.03200000000000003,True
5.592012,4,28.559303,0.9614911030592997,0.03200000000000003,True
5.474729,4,28.574363,0.9591908471536628,0.03200000000000003,True
5.634039,5,28.591942,0.9591686068679302,0.040000000000000036,True
5.682855,3,28.603217,0.9611398991567746,0.02400000000000002,True
5.920513,3,28.613231,0.9641510399370068,0.02400000000000002,True
5.748031,5,28.630206,0.9605675990356322,0.040000000000000036,True
5.668865,6,28.648318,0.9614684443881539,0.04800000000000004,True
5.99854,5,28.664797,0.9620651311282393,0.040000000000000036,True
5.623278,4,28.678035,0.9596099087727173,0.03200000000000003,True
5.411478,4,28.690949,0.9643967685268879,0.03200000000000003,True
5.642358,3,28.701328,0.9635829494063799,0.02400000000000002,True
5.652282,5,28.716682,0.9608581023093186,0.040000000000000036,True
5.67755,3,28.725362,0.9593791953861978,0.02400000000000002,True
5.753682,3,28.736109,0.9623483353647759,0.02400000000000002,True
5.752997,3,28.746845,0.9598418317321192,0.02400000000000002,True
5.59434,4,28.759724,0.9604089631243589,0.03200000000000003,True
5.800546,4,28.771776,0.9609698754676388,0.03200000000000003,True
5.678002,4,28.784881,0.9591081392416001,0.03200000000000003,True
5.482827,6,28.803217,0.9630662369811165,0.04800000000000004,True
5.625174,3,28.814569,0.9566959375862472,0.02400000000000002,True
5.735806,4,28.827512,0.9626740977044516,0.03200000000000003,True
5.344813,2,28.835081,0.9578195947398838,0.016000000000000014,True
5.44731,4,28.850101,0.9635628326224187,0.03200000000000003,True
5.803929,5,28.86743,0.9569767637384802,0.040000000000000036,True
5.912509,4,28.876374,0.9565600815396064,0.03200000000000003,True
5.839639,4,28.886276,0.9589978869654208,0.03200000000000003,True
5.860281,4,28.896921,0.9595000446749684,0.03200000000000003,True
5.633576,5,28.908216,0.960817769106289,0.040000000000000036,True
5.491345,5,28.919975,0.9615667492402951,0.040000000000000036,True
5.476899,4,28.930156,0.9596438299195623,0.03200000000000003,True
5.839538,4,28.939721,0.9584491286275717,0.03200000000000003,True
5.706913,4,28.949354,0.9594779114848868,0.03200000000000003,True
5.677911,4,28.958979,0.9636925900095319,0.03200000000000003,True
5.481928,5,28.971287,0.9581533801768349,0.040000000000000036,True
5.361813,4,28.980359,0.9595743276060645,0.03200000000000003,True
5.743913,5,28.992466,0.9583314433390889,0.040000000000000036,True
5.939951,3,28.99994,0.9621613162957878,0.02400000000000002,True
5.837403,4,29.008818,0.9626213563523474,0.03200000000000003,True
5.637128,3,29.016222,0.9591186989080821,0.02400000000000002,True
5.629839,5,29.028924,0.9575863718552862,0.040000000000000036,True
5.67041,4,29.040256,0.9633011010974021,0.03200000000000003,True
5.597284,6,29.061735,0.9681235908444568,0.04800000000000004,True
5.64234,6,29.083287,0.9601542579105744,0.04800000000000004,True
5.489558,4,29.09355,0.9587595311864089,0.03200000000000003,True
5.816538,3,29.101444,0.9625709867085549,0.02400000000000002,True
5.672898,4,29.110547,0.9620854432010908,0.03200000000000003,True
5.447633,3,29.117854,0.9657431829524434,0.02400000000000002,True
5.653343,3,29.125751,0.9573702109213417,0.02400000000000002,True
5.791354,4,29.134716,0.9579826803830992,0.03200000000000003,True
5.486394,4,29.143973,0.9583702965278756,0.03200000000000003,True
5.420829,5,29.155102,0.9607752499656272,0.040000000000000036,True
5.573003,4,29.165262,0.9611583108527821,0.03200000000000003,True
5.6983,4,29.175033,0.9587809958069953,0.03200000000000003,True
5.861298,5,29.18609,0.9608798263624687,0.040000000000000036,True
5.543449,5,29.197112,0.9591403814930703,0.040000000000000036,True
5.521198,4,29.207196,0.9572609148629541,0.03200000000000003,True
5.692298,3,29.213626,0.9649744072799835,0.02400000000000002,True
5.881208,4,29.223914,0.9599952656647717,0.03200000000000003,True
5.70587,5,29.23545,0.9609449480932986,0.040000000000000036,True
5.652336,4,29.245776,0.9619650060462621,0.03200000000000003,True
5.716808,5,29.257736,0.9578176950004963,0.040000000000000036,True
5.814113,3,29.817242,0.9601701643176535,0.02400000000000002,True
5.798939,5,29.830409,0.9595238328106036,0.040000000000000036,True
5.754945,6,29.845809,0.9615151952712839,0.04800000000000004,True
5.763134,5,29.858097,0.9587767555079145,0.040000000000000036,True
5.507107,4,29.868108,0.9587883473271643,0.03200000000000003,True
5.557547,3,29.876368,0.9636820034518645,0.02400000000000002,True
5.626065,4,29.886693,0.9639450632164821,0.03200000000000003,True
5.646078,5,29.898393,0.958872357535619,0.040000000000000036,True
5.834472,5,29.910853,0.9563532675011898,0.040000000000000036,True
5.582335,5,29.923276,0.9583088776568581,0.040000000000000036,True
5.640788,5,29.935117,0.956787115331745,0.040000000000000036,True
5.681317,4,29.945053,0.9590432719435732,0.03200000000000003,True
5.861709,3,29.952269,0.9604036407372193,0.02400000000000002,True
5.633129,3,29.960345,0.9590078693283222,0.02400000000000002,True
5.817787,5,29.97282,0.9580666694171955,0.040000000000000036,True
5.971294,5,29.983526,0.9601737076325509,0.040000000000000036,True
5.452188,4,29.994592,0.9629355346507147,0.03200000000000003,True
5.484539,4,30.0038,0.9617764999808793,0.03200000000000003,True
5.901868,5,30.015134,0.9641842845377208,0.040000000000000036,True
5.807772,4,30.024246,0.9664750192069484,0.03200000000000003,True
5.648093,2,30.029757,0.9631078118452226,0.016000000000000014,True
5.741798,5,30.041948,0.9571129237604767,0.040000000000000036,True
5.53529,6,30.057425,0.9640091477526159,0.04800000000000004,True
5.821071,4,30.06588,0.9617780086642369,0.03200000000000003,True
5.762219,5,30.07905,0.9653942511459297,0.040000000000000036,True
5.82921,5,30.093598,0.9618737508148487,0.040000000000000036,True
5.52406,3,30.10426,0.9600637728274984,0.02400000000000002,True
5.690324,4,30.118461,0.959700736997494,0.03200000000000003,True
5.613584,3,30.126922,0.9595227886159743,0.02400000000000002,True
5.435855,4,30.135922,0.9612459940197942,0.03200000000000003,True
5.968453,5,30.148095,0.9638132062678719,0.040000000000000036,True
5.769359,4,30.157161,0.9588661455479457,0.03200000000000003,True
5.715471,4,30.167434,0.9615691877925776,0.03200000000000003,True
6.026801,3,30.1737,0.9634223196275115,0.02400000000000002,True
5.411259,3,30.181906,0.9595881095526014,0.02400000000000002,True
5.682791,5,30.193692,0.9612900741311206,0.040000000000000036,True
5.475088,3,30.199589,0.9599820355885306,0.02400000000000002,True
5.514545,3,30.207205,0.9637727448045663,0.02400000000000002,True
5.555361,4,30.216846,0.9651873137281928,0.03200000000000003,True
5.830651,4,30.22676,0.9592153857816644,0.03200000000000003,True
5.502737,4,30.23583,0.9615601460282039,0.03200000000000003,True
5.64357,4,30.244555,0.9647819011013679,0.03200000000000003,True
5.79602,5,30.256976,0.9578896743175542,0.040000000000000036,True
5.594148,5,30.268749,0.9651425974111787,0.040000000000000036,True
5.667158,5,30.28104,0.9587946336801922,0.040000000000000036,True
5.786011,3,30.288812,0.9597144927401973,0.02400000000000002,True
5.856085,5,30.301091,0.9620106323524997,0.040000000000000036,True
5.861558,5,30.312192,0.9629597659908102,0.040000000000000036,True
5.876823,3,30.319856,0.9555904861154592,0.02400000000000002,True
5.805947,2,30.324708,0.9614644902484235,0.016000000000000014,True
5.720872,4,30.335013,0.9675649256390573,0.03200000000000003,True
5.77709,4,30.343564,0.9669020489217968,0.03200000000000003,True
5.717876,4,30.352556,0.9645397691204719,0.03200000000000003,True
5.522383,4,30.361674,0.957805915570707,0.03200000000000003,True
5.675046,4,30.371064,0.9574900747027223,0.03200000000000003,True
5.722009,5,30.383307,0.9604662811637533,0.040000000000000036,True
5.522375,4,30.392736,0.9627819397720772,0.03200000000000003,True
5.614472,3,30.399317,0.9626572775839168,0.02400000000000002,True
5.546102,5,30.41103,0.9632439554544912,0.040000000000000036,True
5.812044,4,30.420964,0.9638718375699622,0.03200000000000003,True
5.385753,4,30.430873,0.9623719642024807,0.03200000000000003,True
5.820179,4,30.439804,0.9587036099130202,0.03200000000000003,True
5.536001,5,31.015661,0.9619077618190119,0.040000000000000036,True
5.630669,3,31.022134,0.9588358387967231,0.02400000000000002,True
5.920684,4,31.031525,0.9617313914641561,0.03200000000000003,True
5.507772,4,31.041403,0.9618398444756556,0.03200000000000003,True
5.770127,6,31.05704,0.9682147233844672,0.04800000000000004,True
5.687401,4,31.065991,0.959093358954693,0.03200000000000003,True
5.505624,4,31.076255,0.9566282995396282,0.03200000000000003,True
5.618071,4,31.086206,0.9610205599198895,0.03200000000000003,True
5.477309,3,31.093252,0.9610574822141063,0.02400000000000002,True
5.787912,5,31.104155,0.9604778356053888,0.040000000000000036,True
5.631037,5,31.117404,0.9595136995193583,0.040000000000000036,True
5.522649,4,31.131952,0.9562924515703599,0.03200000000000003,True
5.731932,5,31.149399,0.9631931046141371,0.040000000000000036,True
5.493806,3,31.158026,0.9639490997475346,0.02400000000000002,True
5.437422,5,31.169105,0.9558729922343163,0.040000000000000036,True
5.451829,4,31.178711,0.9599986447481337,0.03200000000000003,True
5.529728,4,31.187962,0.9614513883664532,0.03200000000000003,True
5.406869,2,31.193153,0.9636328044489549,0.016000000000000014,True
5.907663,5,31.204857,0.9601642140433041,0.040000000000000036,True
5.608166,3,31.211835,0.9565900904124176,0.02400000000000002,True
5.672756,4,31.221472,0.9585084878079654,0.03200000000000003,True
5.637662,4,31.231142,0.963077162889211,0.03200000000000003,True
5.570449,3,31.239269,0.9581674550271824,0.02400000000000002,True
5.58655,3,31.244863,0.9601874312623045,0.02400000000000002,True
5.455238,4,31.254863,0.965764641648839,0.03200000000000003,True
5.737656,4,31.264404,0.9623898487446662,0.03200000000000003,True
5.534198,4,31.362731,0.9658144857705695,0.03200000000000003,True
5.486487,4,31.373113,0.9605046920952348,0.03200000000000003,True
5.484618,4,31.382868,0.9623915125762992,0.03200000000000003,True
5.530274,3,31.390711,0.9572770916955211,0.02400000000000002,True
5.634859,4,31.399519,0.9611954508264218,0.03200000000000003,True
5.796383,4,31.409485,0.9600631605299428,0.03200000000000003,True
5.592994,5,31.420654,0.9612833622357658,0.040000000000000036,True
5.571096,4,31.429682,0.9609987374678447,0.03200000000000003,True
5.677435,4,31.4389,0.9594104612426056,0.03200000000000003,True
5.418135,3,31.447101,0.9604698375396907,0.02400000000000002,True
5.503112,3,31.454287,0.9629054153855208,0.02400000000000002,True
5.530537,3,31.461584,0.967009257655753,0.02400000000000002,True
5.58708,5,31.473785,0.9575916465018097,0.040000000000000036,True
5.656757,4,31.485734,0.9591153462284796,0.03200000000000003,True
5.662739,3,31.492752,0.9611926776622524,0.02400000000000002,True
5.856668,4,31.502033,0.9644141876237129,0.03200000000000003,True
5.636563,4,31.511874,0.9654720632568459,0.03200000000000003,True
5.784928,4,31.521135,0.966880525478161,0.03200000000000003,True
5.368843,4,31.530535,0.9585796515728489,0.03200000000000003,True
5.848816,4,31.539082,0.9584429705285751,0.03200000000000003,True
5.570584,6,31.552182,0.9614304481936842,0.04800000000000004,True
5.569859,5,31.563161,0.9649396977014177,0.040000000000000036,True
5.487204,4,31.573415,0.963424613345276,0.03200000000000003,True
5.821136,5,31.585267,0.9609816183723022,0.040000000000000036,True
5.568831,5,31.59938,0.9596202881994731,0.040000000000000036,True
5.460485,5,31.612809,0.9592110415988679,0.040000000000000036,True
5.722493,4,31.624913,0.9588249342431016,0.03200000000000003,True
5.516655,3,31.63228,0.9616494119830081,0.02400000000000002,True
5.655717,4,31.64233,0.9584653227123725,0.03200000000000003,True
5.841316,5,31.653251,0.960225889767806,0.040000000000000036,True
5.837823,5,31.665419,0.9633473143446878,0.040000000000000036,True
5.810967,5,31.676425,0.9620854594037747,0.040000000000000036,True
5.57641,3,31.68342,0.9595135693080399,0.02400000000000002,True
5.4451,4,31.691796,0.9579192359453333,0.03200000000000003,True
5.848382,5,31.703747,0.9617776608570217,0.040000000000000036,True
5.496265,3,31.709932,0.9603694716494704,0.02400000000000002,True
5.700255,5,31.732325,0.9601170412609378,0.040000000000000036,True
5.535936,5,32.308899,0.9574266255390239,0.040000000000000036,True
5.557156,3,32.316996,0.9618068532615726,0.02400000000000002,True
5.817067,3,32.324179,0.9609178272252634,0.02400000000000002,True
5.604088,5,32.335422,0.9672442184946085,0.040000000000000036,True
5.781982,4,32.345035,0.9563688147711272,0.03200000000000003,True
5.550842,3,32.352614,0.9612052555864612,0.02400000000000002,True
5.526518,5,32.366598,0.9587133749161367,0.040000000000000036,True
5.542315,4,32.38317,0.9592362068329133,0.03200000000000003,True
5.522647,5,32.395241,0.9635995823530106,0.040000000000000036,True
5.645882,4,32.40435,0.9575330438562955,0.03200000000000003,True
5.802753,4,32.418491,0.9631152871235508,0.03200000000000003,True
5.858763,3,32.430163,0.95742474634514,0.02400000000000002,True
5.506923,5,32.446829,0.9630184471207504,0.040000000000000036,True
5.559181,5,32.463126,0.9646754532059796,0.040000000000000036,True
5.801837,6,32.481934,0.958407729214168,0.04800000000000004,True
5.670881,3,32.496177,0.9623195781152387,0.02400000000000002,True
5.703503,4,32.512894,0.9618679687163578,0.03200000000000003,True
5.696268,6,32.530338,0.9627954624102251,0.04800000000000004,True
5.629426,4,32.539521,0.9589977534013554,0.03200000000000003,True
5.374159,4,32.54812,0.9638458619233712,0.03200000000000003,True
5.551126,4,32.559036,0.9587826563157813,0.03200000000000003,True
5.495748,4,32.568285,0.9633511427719647,0.03200000000000003,True
5.733038,4,32.578824,0.9582688928927892,0.03200000000000003,True
5.615352,6,32.593998,0.9641435517307362,0.04800000000000004,True
5.729421,4,32.604152,0.961022439791066,0.03200000000000003,True
5.521857,4,32.618062,0.9605614697068917,0.03200000000000003,True
5.704351,3,32.630297,0.9627191213746992,0.02400000000000002,True
5.578471,4,32.640992,0.9595986081174911,0.03200000000000003,True
5.619978,3,32.654747,0.9569759329886295,0.02400000000000002,True
5.595526,4,32.667165,0.9627809998012005,0.03200000000000003,True
5.694741,4,32.679294,0.9562224607276313,0.03200000000000003,True
5.451686,3,32.68894,0.9629489321271876,0.02400000000000002,True
5.576718,5,32.700081,0.9626792747257051,0.040000000000000036,True
5.58673,4,32.710402,0.9585862979068038,0.03200000000000003,True
5.868824,3,32.717822,0.9624136743022885,0.02400000000000002,True
5.682006,4,32.727563,0.9607204040443045,0.03200000000000003,True
5.692542,4,32.742235,0.9557915073773673,0.03200000000000003,True
5.766102,4,32.759204,0.9611585659697153,0.03200000000000003,True
5.623301,4,32.769394,0.9577219450528056,0.03200000000000003,True
5.507056,3,32.77585,0.9567446416727212,0.02400000000000002,True
5.840911,4,32.786063,0.9577763824880778,0.03200000000000003,True
5.822741,4,32.795722,0.9664514480629063,0.03200000000000003,True
5.919419,4,32.804742,0.9599736807322192,0.03200000000000003,True
5.938751,4,32.813847,0.9640792063727476,0.03200000000000003,True
5.576355,4,32.82321,0.9615674369530992,0.03200000000000003,True
5.597497,4,32.832338,0.962067329680185,0.03200000000000003,True
5.494721,4,32.845133,0.960921941412521,0.03200000000000003,True
5.638162,4,32.861185,0.9627276326437401,0.03200000000000003,True
5.805711,4,32.871101,0.959482900542961,0.03200000000000003,True
5.503852,4,32.880941,0.9631597805302177,0.03200000000000003,True
5.778842,4,32.890948,0.9597120810690898,0.03200000000000003,True
5.798383,6,32.903505,0.9599373618264828,0.04800000000000004,True
5.608633,4,32.913109,0.9620395228508744,0.03200000000000003,True
5.726812,3,32.92135,0.9628553545416276,0.02400000000000002,True
5.676174,5,32.932658,0.9620977761979814,0.040000000000000036,True
5.466089,4,32.943277,0.9621272748378271,0.03200000000000003,True
5.67892,3,32.950672,0.9618136403472313,0.02400000000000002,True
5.948409,4,32.960248,0.9596150268413457,0.03200000000000003,True
5.791352,4,32.970298,0.961523585039881,0.03200000000000003,True
5.610833,4,32.979371,0.9636734301955465,0.03200000000000003,True
5.76363,5,32.992007,0.9632257821990038,0.040000000000000036,True
5.6321,5,33.004027,0.9593733711878143,0.040000000000000036,True
5.716663,5,33.570657,0.9677545942541562,0.040000000000000036,True
5.619083,2,33.574522,0.9622419888695134,0.016000000000000014,True
5.817629,4,33.584207,0.9582392232903881,0.03200000000000003,True
5.861473,5,33.609287,0.9596796845354296,0.040000000000000036,True
5.624835,4,33.619657,0.9626264483208493,0.03200000000000003,True
6.007643,3,33.62785,0.9622893699224371,0.02400000000000002,True
5.812467,4,33.637363,0.9620697191512324,0.03200000000000003,True
5.70522,3,33.644115,0.9580940710025942,0.02400000000000002,True
5.822452,3,33.650877,0.960093194157914,0.02400000000000002,True
5.595812,4,33.661164,0.9585425996584809,0.03200000000000003,True
5.644549,5,33.673746,0.9567258131897416,0.040000000000000036,True
5.718965,4,33.683403,0.9596275500708642,0.03200000000000003,True
5.679422,5,33.694806,0.9601688611528184,0.040000000000000036,True
5.600494,2,33.700392,0.9570138205861195,0.016000000000000014,True
5.915192,5,33.711927,0.9615856906580067,0.040000000000000036,True
5.530414,4,33.720708,0.9601344290302696,0.03200000000000003,True
5.549858,4,33.729672,0.9611033175824337,0.03200000000000003,True
5.751151,4,33.738903,0.963875802002707,0.03200000000000003,True
5.634453,4,33.749091,0.9588375385960872,0.03200000000000003,True
5.715519,4,33.758702,0.9625359008025853,0.03200000000000003,True
5.516666,3,33.765645,0.9641499294475059,0.02400000000000002,True
5.514434,3,33.773685,0.9644650038149272,0.02400000000000002,True
5.746257,4,33.783448,0.9608833985522691,0.03200000000000003,True
5.532957,3,33.790435,0.9608129570915868,0.02400000000000002,True
5.875577,5,33.801873,0.9661035226396832,0.040000000000000036,True
5.573018,3,33.807282,0.9594375225909793,0.02400000000000002,True
5.570429,3,33.814434,0.958499179884568,0.02400000000000002,True
5.749878,5,33.827165,0.9602435837658125,0.040000000000000036,True
5.73899,4,33.835834,0.9602797907531875,0.03200000000000003,True
5.580275,5,33.847886,0.9589221802283505,0.040000000000000036,True
5.648326,4,33.857891,0.960754583047652,0.03200000000000003,True
5.706298,4,33.867927,0.9644261435402022,0.03200000000000003,True
5.613527,5,33.880097,0.9628479488061439,0.040000000000000036,True
6.070263,4,33.889836,0.9646850531661377,0.03200000000000003,True
5.775736,4,33.899632,0.9589997293318138,0.03200000000000003,True
5.678953,4,33.909321,0.961000085005161,0.03200000000000003,True
5.718914,5,33.92148,0.9664293246719999,0.040000000000000036,True
5.784082,4,33.931198,0.9648235650757074,0.03200000000000003,True
5.459967,3,33.93795,0.9640146068720229,0.02400000000000002,True
5.631776,4,33.948641,0.9579929825088715,0.03200000000000003,True
5.856073,4,33.959095,0.9652959601189888,0.03200000000000003,True
5.620238,3,33.966811,0.9599480177195446,0.02400000000000002,True
5.459165,4,33.976848,0.9613460729329629,0.03200000000000003,True
5.810341,4,33.987059,0.9586955313008919,0.03200000000000003,True
5.818762,5,33.998536,0.9645704835195582,0.040000000000000036,True
5.444217,4,34.008695,0.9595379632667388,0.03200000000000003,True
5.697543,4,34.018902,0.9600909605966461,0.03200000000000003,True
5.792499,5,34.030795,0.962472381350886,0.040000000000000036,True
5.790566,3,34.037356,0.9632236716091309,0.02400000000000002,True
5.812731,4,34.047916,0.960484772777537,0.03200000000000003,True
5.484305,4,34.057472,0.9623855400443591,0.03200000000000003,True
5.895972,3,34.065409,0.9612387403692386,0.02400000000000002,True
5.528394,3,34.073163,0.9604512776737493,0.02400000000000002,True
5.624607,3,34.08096,0.963081725219607,0.02400000000000002,True
5.838214,5,34.093286,0.9620235922698644,0.040000000000000036,True
5.431869,4,34.102827,0.9567576082041952,0.03200000000000003,True
5.394512,3,34.110899,0.9691790719293207,0.02400000000000002,True
5.548755,4,34.119499,0.9566760421974415,0.03200000000000003,True
6.043576,5,34.131707,0.9595623803553662,0.040000000000000036,True
5.533678,4,34.141515,0.9579625590708619,0.03200000000000003,True
5.67674,5,34.153257,0.9641936419307193,0.040000000000000036,True
5.701857,3,34.160819,0.9604051540567702,0.02400000000000002,True
5.638051,5,34.172241,0.9590418985494891,0.040000000000000036,True
5.737934,4,34.183046,0.9581792765430306,0.03200000000000003,True
5.997634,4,34.192629,0.9571724911559423,0.03200000000000003,True
5.450103,4,34.756273,0.9638216047432882,0.03200000000000003,True
5.893389,3,34.763832,0.9679098335113759,0.02400000000000002,True
5.520104,4,34.773478,0.9617168140636595,0.03200000000000003,True
5.845933,4,34.785351,0.9656785193367527,0.03200000000000003,True
5.792145,4,34.795713,0.96083778404375,0.03200000000000003,True
5.410121,4,34.806937,0.9644126602814247,0.03200000000000003,True
5.767899,4,34.816975,0.9670073717616596,0.03200000000000003,True
5.609987,4,34.83035,0.9595186741515545,0.03200000000000003,True
5.588527,4,34.839309,0.9647920898947588,0.03200000000000003,True
6.031082,4,34.849245,0.9631932558178158,0.03200000000000003,True
5.505077,5,34.862485,0.95867401815017,0.040000000000000036,True
5.793922,5,34.874062,0.9633916247046587,0.040000000000000036,True
5.603411,5,34.88642,0.9610845539447894,0.040000000000000036,True
5.801046,5,34.899678,0.962073676753787,0.040000000000000036,True
5.713684,3,34.906404,0.9631381513715904,0.02400000000000002,True
5.66948,3,34.914397,0.9608380906558206,0.02400000000000002,True
5.717282,5,34.925723,0.9633656610850194,0.040000000000000036,True
5.439489,3,34.933755,0.9617409585472125,0.02400000000000002,True
5.389491,5,34.946239,0.9619444241957751,0.040000000000000036,True
5.812757,4,34.956476,0.962230805709369,0.03200000000000003,True
5.603141,3,34.964187,0.9602307507350778,0.02400000000000002,True
5.575916,4,34.973696,0.9589232034516104,0.03200000000000003,True
6.00819,5,34.98556,0.9606523853839295,0.040000000000000036,True
5.515315,3,34.991071,0.9629172561868999,0.02400000000000002,True
5.436202,4,35.001475,0.9624850243821089,0.03200000000000003,True
5.409603,3,35.008213,0.9598118349607212,0.02400000000000002,True
5.792294,4,35.017495,0.964381976083653,0.03200000000000003,True
5.865878,4,35.027019,0.9590462610615897,0.03200000000000003,True
5.788323,4,35.036965,0.9655164677414912,0.03200000000000003,True
5.594914,5,35.050479,0.9596263649725378,0.040000000000000036,True
5.53388,3,35.058294,0.9600592344558765,0.02400000000000002,True
5.896201,5,35.0708,0.9619442668277376,0.040000000000000036,True
5.61676,3,35.077976,0.9585514640218699,0.02400000000000002,True
5.699594,3,35.086531,0.9614808957246486,0.02400000000000002,True
5.64508,3,35.092784,0.9587990182231227,0.02400000000000002,True
5.541162,4,35.102337,0.9574932843389025,0.03200000000000003,True
5.495582,3,35.109064,0.9626800162089865,0.02400000000000002,True
5.576133,4,35.118537,0.9650386896978185,0.03200000000000003,True
5.724403,5,35.130412,0.9595232404097418,0.040000000000000036,True
5.632459,3,35.137593,0.9615660807483769,0.02400000000000002,True
5.554819,3,35.144849,0.9618943701401513,0.02400000000000002,True
5.76827,3,35.152073,0.9589511351428166,0.02400000000000002,True
5.892152,4,35.161368,0.9615414827744125,0.03200000000000003,True
5.477653,5,35.17412,0.9585477560732465,0.040000000000000036,True
5.746902,3,35.180634,0.9601722397517121,0.02400000000000002,True
5.767564,4,35.191116,0.9655273761605918,0.03200000000000003,True
5.687405,3,35.198241,0.9616571942088727,0.02400000000000002,True
5.751329,4,35.208323,0.9620787314084157,0.03200000000000003,True
5.635202,4,35.218001,0.9644256180120951,0.03200000000000003,True
5.705168,5,35.22956,0.9650947963957761,0.040000000000000036,True
5.487984,4,35.238894,0.9641652387686881,0.03200000000000003,True
6.063354,4,35.248277,0.9601010998749512,0.03200000000000003,True
5.65047,3,35.254674,0.960274230772793,0.02400000000000002,True
5.530431,3,35.261902,0.9622880881816009,0.02400000000000002,True
6.031815,5,35.275331,0.9574612874062202,0.040000000000000036,True
5.829207,4,35.286925,0.962677080939731,0.03200000000000003,True
5.798308,5,35.30243,0.9598033983317167,0.040000000000000036,True
5.612864,3,35.313648,0.9614468687011299,0.02400000000000002,True
5.319669,3,35.321275,0.962683493665885,0.02400000000000002,True
5.615476,5,35.333007,0.9616396995117841,0.040000000000000036,True
5.703916,5,35.344863,0.9578081973115462,0.040000000000000036,True
6.038786,5,35.356791,0.9579258353870727,0.040000000000000036,True
5.344193,5,35.368071,0.9612893323904714,0.040000000000000036,True
5.77264,4,35.376799,0.962093417674217,0.03200000000000003,True
5.494711,5,35.3888,0.9654587032243468,0.040000000000000036,True
5.742697,5,35.974997,0.9611905222772964,0.040000000000000036,True
5.68186,5,35.986366,0.9641247769432332,0.040000000000000036,True
5.753941,4,35.996066,0.9619117418362448,0.03200000000000003,True
6.040074,4,36.00461,0.9663229365142989,0.03200000000000003,True
5.633299,7,36.020141,0.967179169740378,0.05600000000000005,True
5.788115,3,36.027117,0.9586117192955109,0.02400000000000002,True
5.530984,4,36.03703,0.9585371612535067,0.03200000000000003,True
5.631633,4,36.047444,0.9635322529686805,0.03200000000000003,True
5.856777,5,36.059577,0.9574111757846866,0.040000000000000036,True
5.770592,3,36.067987,0.9608602372102502,0.02400000000000002,True
5.574982,4,36.07792,0.9643632903854982,0.03200000000000003,True
5.781234,4,36.088677,0.9588698364150181,0.03200000000000003,True
5.565484,4,36.097362,0.9625089865509062,0.03200000000000003,True
5.463703,5,36.108448,0.9631511113953113,0.040000000000000036,True
5.802776,4,36.119027,0.9616593926204403,0.03200000000000003,True
5.666299,4,36.128833,0.9641319171248379,0.03200000000000003,True
5.48118,5,36.140819,0.9623666801692814,0.040000000000000036,True
5.72129,5,36.151615,0.962261656627661,0.040000000000000036,True
5.539701,4,36.161123,0.9589604558033261,0.03200000000000003,True
5.467482,5,36.172478,0.95859640755246,0.040000000000000036,True
5.459947,4,36.182242,0.959408438908895,0.03200000000000003,True
5.365961,2,36.189059,0.957266680682673,0.016000000000000014,True
5.581121,3,36.197251,0.9602998797200023,0.02400000000000002,True
5.954746,3,36.203926,0.9615440116392452,0.02400000000000002,True
5.782891,4,36.213811,0.9594184755487343,0.03200000000000003,True
5.758907,5,36.22648,0.9650081628146716,0.040000000000000036,True
5.576454,5,36.239003,0.9594882026369506,0.040000000000000036,True
5.698186,4,36.248529,0.9615206202951814,0.03200000000000003,True
5.519753,5,36.260962,0.9623688281245465,0.040000000000000036,True
5.531911,3,36.26777,0.9615790245852408,0.02400000000000002,True
5.865166,3,36.276201,0.9587916592019466,0.02400000000000002,True
5.385672,4,36.285261,0.9685331457871844,0.03200000000000003,True
5.916071,4,36.295332,0.9635797836295825,0.03200000000000003,True
5.665286,4,36.304506,0.9627172066396816,0.03200000000000003,True
5.727163,4,36.313446,0.9596794233783236,0.03200000000000003,True
5.536416,4,36.325008,0.9614983121505997,0.03200000000000003,True
5.743578,4,36.338542,0.9589941251279189,0.03200000000000003,True
5.575017,5,36.354384,0.9609697294150461,0.040000000000000036,True
5.597236,4,36.364532,0.9564937209178243,0.03200000000000003,True
5.866513,5,36.376821,0.9617142161420036,0.040000000000000036,True
5.901814,5,36.38926,0.9646547518372857,0.040000000000000036,True
5.755982,5,36.401206,0.9620017045996203,0.040000000000000036,True
5.589031,5,36.412421,0.9673176515497826,0.040000000000000036,True
5.752151,4,36.422097,0.9638558609172172,0.03200000000000003,True
5.700773,3,36.429756,0.9653167354438024,0.02400000000000002,True
5.862728,4,36.439004,0.9579458717099791,0.03200000000000003,True
5.751924,4,36.449069,0.9651193218632284,0.03200000000000003,True
5.385422,3,36.456094,0.9617095505493997,0.02400000000000002,True
5.597145,4,36.464998,0.9612732157798405,0.03200000000000003,True
5.637789,4,36.474237,0.9579852876742938,0.03200000000000003,True
5.898488,4,36.483859,0.9580631977296974,0.03200000000000003,True
5.468306,3,36.491025,0.9636152856746505,0.02400000000000002,True
5.492419,3,36.497195,0.9619351210960648,0.02400000000000002,True
5.881451,3,36.504733,0.9628828192109079,0.02400000000000002,True
5.656138,4,36.515455,0.9615583686733182,0.03200000000000003,True
5.546371,5,36.526876,0.9615766740813232,0.040000000000000036,True
5.534741,5,36.538891,0.9567380019543783,0.040000000000000036,True
5.881942,3,36.545914,0.9600526279701578,0.02400000000000002,True
6.032888,5,36.558721,0.9596605436311492,0.040000000000000036,True
5.990637,4,36.567523,0.9621118865872406,0.03200000000000003,True
5.694774,4,36.578096,0.9648264868100909,0.03200000000000003,True
5.553116,5,36.590168,0.9614195965440202,0.040000000000000036,True
5.542699,5,37.146733,0.965031364195906,0.040000000000000036,True
5.648156,5,37.159726,0.9636326245807351,0.040000000000000036,True
5.764437,4,37.169878,0.9575527032431257,0.03200000000000003,True
5.805001,5,37.182085,0.9631907998314462,0.040000000000000036,True
5.646857,4,37.192239,0.9588773692395758,0.03200000000000003,True
5.841593,4,37.20215,0.961943457985678,0.03200000000000003,True
5.647725,5,37.214815,0.957047351779083,0.040000000000000036,True
5.700236,4,37.224178,0.9641917774571083,0.03200000000000003,True
5.598073,4,37.235411,0.9601348929729401,0.03200000000000003,True
5.491492,4,37.244228,0.9608693659016192,0.03200000000000003,True
5.831771,4,37.254118,0.9627436943912302,0.03200000000000003,True
5.494936,3,37.2607,0.9607576179125255,0.02400000000000002,True
5.718247,3,37.268323,0.9589731623990769,0.02400000000000002,True
5.45538,3,37.276132,0.9640766777799378,0.02400000000000002,True
5.573454,4,37.28486,0.9606949750211387,0.03200000000000003,True
5.525532,3,37.292827,0.9630865901033989,0.02400000000000002,True
5.755929,4,37.302397,0.9591775983380647,0.03200000000000003,True
5.696242,4,37.311557,0.9580025603104938,0.03200000000000003,True
5.4737,3,37.318828,0.9587686715397987,0.02400000000000002,True
5.739201,4,37.414319,0.9607430978735692,0.03200000000000003,True
5.489769,4,37.425045,0.958924977111677,0.03200000000000003,True
5.922906,3,37.434167,0.96525089536127,0.02400000000000002,True
5.57152,5,37.446601,0.9591945689438968,0.040000000000000036,True
5.795471,4,37.456574,0.9635652858796449,0.03200000000000003,True
5.512412,4,37.467193,0.9619451677601984,0.03200000000000003,True
5.981967,4,37.477621,0.9577438546934707,0.03200000000000003,True
6.095907,5,37.489625,0.9587784630105527,0.040000000000000036,True
5.773735,4,37.499607,0.9592689053148071,0.03200000000000003,True
5.944195,5,37.51111,0.9611296062437309,0.040000000000000036,True
5.694864,5,37.524476,0.9603049668209318,0.040000000000000036,True
5.810609,4,37.534409,0.9595533574675044,0.03200000000000003,True
5.756076,4,37.543878,0.9609975915328879,0.03200000000000003,True
5.542957,5,37.55538,0.9605735028707658,0.040000000000000036,True
5.83039,5,37.567424,0.9604661197453541,0.040000000000000036,True
5.655859,5,37.578954,0.9601482506725003,0.040000000000000036,True
5.895789,5,37.592795,0.9580119861799667,0.040000000000000036,True
5.564849,4,37.604779,0.9623378507872732,0.03200000000000003,True
5.404887,3,37.611973,0.9640245541818966,0.02400000000000002,True
5.845629,3,37.619804,0.960894039817806,0.02400000000000002,True
5.520129,4,37.629663,0.9582987729027015,0.03200000000000003,True
5.640482,5,37.641478,0.9626040014075126,0.040000000000000036,True
5.503003,4,37.651742,0.9608706723445175,0.03200000000000003,True
5.475873,3,37.658532,0.9607057187473582,0.02400000000000002,True
5.870957,5,37.669569,0.9623348870797286,0.040000000000000036,True
5.597614,3,37.675052,0.9567994553397051,0.02400000000000002,True
5.775839,5,37.688732,0.960403781441635,0.040000000000000036,True
5.756515,5,37.699684,0.9606845821176646,0.040000000000000036,True
5.737221,4,37.708145,0.9588344361215325,0.03200000000000003,True
5.748456,5,37.719908,0.9616864568695103,0.040000000000000036,True
5.746388,4,37.730003,0.9622634378997285,0.03200000000000003,True
5.494028,4,37.740054,0.9634990289844525,0.03200000000000003,True
5.732278,4,37.749433,0.9609519388658813,0.03200000000000003,True
5.823791,4,37.758193,0.9623886095909879,0.03200000000000003,True
5.521827,3,37.765097,0.9576599662075573,0.02400000000000002,True
5.975511,4,37.774554,0.9582104190265912,0.03200000000000003,True
5.963552,4,37.785067,0.9612720673122228,0.03200000000000003,True
5.550686,3,37.792539,0.9574511751370566,0.02400000000000002,True
5.842876,4,37.802755,0.9640073402316205,0.03200000000000003,True
5.833406,5,37.813803,0.9647329729727336,0.040000000000000036,True
5.526716,3,37.821117,0.9608186465356187,0.02400000000000002,True
6.022037,5,37.831921,0.9624411898300335,0.040000000000000036,True
5.538032,4,37.841614,0.9592481191463447,0.03200000000000003,True
5.497478,3,38.396363,0.9600851702827089,0.02400000000000002,True
5.699976,4,38.410545,0.962125444548199,0.03200000000000003,True
5.729266,4,38.425451,0.9635417346820845,0.03200000000000003,True
6.011849,5,38.437251,0.9587477962650326,0.040000000000000036,True
5.592358,6,38.451841,0.9589526973551197,0.04800000000000004,True
5.488894,4,38.461291,0.9615985791476793,0.03200000000000003,True
5.802633,4,38.470617,0.9653119143275061,0.03200000000000003,True
5.715528,5,38.481655,0.9587972103136881,0.040000000000000036,True
5.658878,4,38.490886,0.9615112467983373,0.03200000000000003,True
5.452659,3,38.498768,0.9617523720434428,0.02400000000000002,True
5.452192,3,38.506259,0.9591442696812956,0.02400000000000002,True
5.755668,4,38.515692,0.9629708211621744,0.03200000000000003,True
5.768913,4,38.526197,0.9587174154968026,0.03200000000000003,True
6.02786,4,38.534659,0.9578913404494644,0.03200000000000003,True
5.779094,4,38.545414,0.9598856966313183,0.03200000000000003,True
5.723122,3,38.551503,0.962267229982184,0.02400000000000002,True
5.609229,5,38.562903,0.9660142117158115,0.040000000000000036,True
5.702595,3,38.570969,0.9586956940454958,0.02400000000000002,True
5.642555,5,38.581593,0.9582898664718671,0.040000000000000036,True
5.492303,4,38.59228,0.964290362584507,0.03200000000000003,True
5.568639,4,38.605803,0.9609854181579401,0.03200000000000003,True
5.573835,4,38.617695,0.963660211550793,0.03200000000000003,True
5.922396,3,38.623983,0.9625672929321081,0.02400000000000002,True
5.905046,4,38.633867,0.9631554945932019,0.03200000000000003,True
5.630055,3,38.64177,0.9597426163340786,0.02400000000000002,True
5.772296,4,38.651214,0.9608258716405425,0.03200000000000003,True
5.462097,3,38.659164,0.9602457807301427,0.02400000000000002,True
5.834825,4,38.668444,0.9608366135660615,0.03200000000000003,True
5.949481,4,38.677396,0.962462919290856,0.03200000000000003,True
5.792502,4,38.687614,0.9579591185654799,0.03200000000000003,True
5.732889,3,38.693022,0.9620183269595914,0.02400000000000002,True
5.437384,4,38.702955,0.9611512826522387,0.03200000000000003,True
5.785396,3,38.710789,0.9569147479562189,0.02400000000000002,True
5.456408,4,38.719211,0.9630124654083406,0.03200000000000003,True
5.620045,4,38.728427,0.9597527069841014,0.03200000000000003,True
5.579362,4,38.737415,0.962941321907848,0.03200000000000003,True
5.758316,4,38.747054,0.9598137763237405,0.03200000000000003,True
5.977006,4,38.757586,0.9590476985772551,0.03200000000000003,True
5.773619,4,38.766836,0.9601594307184417,0.03200000000000003,True
5.592475,3,38.774169,0.9614348471097981,0.02400000000000002,True
5.560531,5,38.786692,0.9612548925277224,0.040000000000000036,True
5.601164,4,38.796038,0.9627781790698086,0.03200000000000003,True
5.720078,5,38.807236,0.9592690306577202,0.040000000000000036,True
5.783687,4,38.816574,0.9591955974224348,0.03200000000000003,True
5.415574,4,38.826021,0.9596827687483414,0.03200000000000003,True
6.031134,4,38.836058,0.9569698516909946,0.03200000000000003,True
5.666967,5,38.847707,0.960007269924546,0.040000000000000036,True
5.698057,3,38.855862,0.9585928332255604,0.02400000000000002,True
5.544975,4,38.865572,0.9591344488314895,0.03200000000000003,True
5.501708,4,38.882542,0.9589656273467488,0.03200000000000003,True
5.655437,5,38.903587,0.9613308817162838,0.040000000000000036,True
5.613035,5,38.920273,0.959983793176165,0.040000000000000036,True
5.768586,5,38.938086,0.9650720362345417,0.040000000000000036,True
5.468166,6,38.961452,0.9611020293758605,0.04800000000000004,True
6.043703,4,38.97837,0.9611714055621225,0.03200000000000003,True
5.827012,4,38.992645,0.9645894163604201,0.03200000000000003,True
5.506222,5,39.009531,0.9600437871894019,0.040000000000000036,True
5.70433,3,39.018577,0.9587035491163588,0.02400000000000002,True
5.854862,3,39.028341,0.9661348975229902,0.02400000000000002,True
5.693631,2,39.033334,0.963282995272053,0.016000000000000014,True
5.542496,4,39.049261,0.9579090096578002,0.03200000000000003,True
5.779185,4,39.062152,0.9565856601876933,0.03200000000000003,True
5.514091,4,39.076492,0.9581585220085577,0.03200000000000003,True
5.636633,5,39.090981,0.9565672292206124,0.040000000000000036,True
5.86564,3,39.842582,0.960289158295077,0.02400000000000002,True
5.42783,3,39.852308,0.9602276819575548,0.02400000000000002,True
5.895913,4,39.863893,0.9655405089264532,0.03200000000000003,True
5.515303,3,39.872465,0.9601418477076591,0.02400000000000002,True
5.923693,3,39.88126,0.9590126781781485,0.02400000000000002,True
5.79174,5,39.89738,0.9605016633053943,0.040000000000000036,True
5.81711,4,39.909074,0.961188805513157,0.03200000000000003,True
5.78884,4,39.92094,0.9677301351055319,0.03200000000000003,True
5.610165,3,39.929679,0.9617733012957994,0.02400000000000002,True
5.774286,4,39.941511,0.9573300763107866,0.03200000000000003,True
5.652868,4,39.953862,0.9635177410137601,0.03200000000000003,True
5.661368,3,39.962737,0.9613126161858324,0.02400000000000002,True
5.593077,4,39.974115,0.9599301527350423,0.03200000000000003,True
5.532898,3,39.984003,0.958315540848821,0.02400000000000002,True
5.766032,4,39.995704,0.9676173690310463,0.03200000000000003,True
5.45784,3,40.005272,0.9576022321979039,0.02400000000000002,True
5.752828,5,40.018241,0.9589589168585797,0.040000000000000036,True
5.63116,4,40.029772,0.9635330583671011,0.03200000000000003,True
5.774445,4,40.042404,0.9605613515736534,0.03200000000000003,True
5.685191,4,40.05626,0.9622073128445144,0.03200000000000003,True
5.77348,4,40.068783,0.9622978674962355,0.03200000000000003,True
5.713066,4,40.081856,0.9610325628146293,0.03200000000000003,True
5.85646,4,40.093857,0.9627686083658851,0.03200000000000003,True
5.678868,3,40.10286,0.9626744240913057,0.02400000000000002,True
5.673787,4,40.113913,0.9596819966148635,0.03200000000000003,True
5.625208,5,40.128892,0.9562720155372633,0.040000000000000036,True
5.427424,3,40.137036,0.9621023218182017,0.02400000000000002,True
5.599383,4,40.149222,0.961476990842292,0.03200000000000003,True
5.814455,5,40.164558,0.957292888300807,0.040000000000000036,True
5.761928,5,40.179706,0.9597124723218663,0.040000000000000036,True
5.568649,3,40.1893,0.9586286582200293,0.02400000000000002,True
5.800312,6,40.207417,0.9629764416488198,0.04800000000000004,True
5.715454,4,40.218799,0.9587665385565889,0.03200000000000003,True
5.872961,5,40.234235,0.9604186126667931,0.040000000000000036,True
5.715321,2,40.240302,0.9611981209268006,0.016000000000000014,True
5.867815,5,40.254652,0.9629718434339372,0.040000000000000036,True
5.747333,4,40.266296,0.9585455869097307,0.03200000000000003,True
5.594905,5,40.281837,0.961399813708256,0.040000000000000036,True
5.764745,4,40.295013,0.9628029663158137,0.03200000000000003,True
5.527419,3,40.303789,0.9580662420672084,0.02400000000000002,True
5.678253,4,40.31714,0.9657938184706759,0.03200000000000003,True
6.02423,5,40.332465,0.9613827474300265,0.040000000000000036,True
6.014459,4,40.343923,0.9617345795555083,0.03200000000000003,True
5.458816,3,40.353289,0.9613546261270043,0.02400000000000002,True
5.728135,3,40.364499,0.965708466526055,0.02400000000000002,True
5.676301,4,40.378576,0.9599182957122674,0.03200000000000003,True
5.531841,4,40.391573,0.9603477139589809,0.03200000000000003,True
5.499861,3,40.403328,0.9601176778401198,0.02400000000000002,True
5.810466,4,40.418005,0.967422356197631,0.03200000000000003,True
5.827178,4,40.430093,0.9650140726650326,0.03200000000000003,True
5.541053,4,40.443938,0.9637559857508495,0.03200000000000003,True
5.63204,5,40.459328,0.9627264932984594,0.040000000000000036,True
5.60778,4,40.471324,0.9618099540752454,0.03200000000000003,True
5.697033,5,40.485766,0.9574700199790627,0.040000000000000036,True
5.715438,4,40.499174,0.9619669256277356,0.03200000000000003,True
5.594965,5,40.516694,0.9586697835781748,0.040000000000000036,True
5.544697,5,40.53721,0.9636001590086715,0.040000000000000036,True
5.810514,4,40.553325,0.9638610275831658,0.03200000000000003,True
5.656408,3,40.568571,0.9652130303803681,0.02400000000000002,True
5.481912,3,40.584833,0.9590280653057435,0.02400000000000002,True
5.695657,5,40.604558,0.9578551009589107,0.040000000000000036,True
6.148918,4,40.617571,0.9637458863544507,0.03200000000000003,True
5.702782,5,40.633251,0.960606576195687,0.040000000000000036,True
5.718165,5,40.647717,0.9651462868837509,0.040000000000000036,True
5.729099,3,40.656583,0.957714814416306,0.02400000000000002,True
5.739095,4,41.394119,0.9631241225756451,0.03200000000000003,True
5.794074,5,41.407673,0.9619367957386797,0.040000000000000036,True
5.612049,4,41.419317,0.9664586734593601,0.03200000000000003,True
5.847701,4,41.430484,0.9608324189097763,0.03200000000000003,True
5.648583,3,41.439338,0.9629764643987349,0.02400000000000002,True
5.662798,3,41.448854,0.9629908948307649,0.02400000000000002,True
5.786944,6,41.464766,0.9641739872081347,0.04800000000000004,True
5.627425,4,41.478292,0.9611331684744919,0.03200000000000003,True
5.704316,3,41.487759,0.9582451533695666,0.02400000000000002,True
5.696271,5,41.501624,0.9564986740134457,0.040000000000000036,True
5.822461,4,41.512953,0.9609457588188117,0.03200000000000003,True
5.511154,4,41.525245,0.9568255305504454,0.03200000000000003,True
5.619059,3,41.533971,0.9595092598993976,0.02400000000000002,True
5.838648,4,41.545849,0.9577089987971645,0.03200000000000003,True
5.398431,5,41.561749,0.9594666852429585,0.040000000000000036,True
5.444267,3,41.571392,0.9643355486159483,0.02400000000000002,True
5.695135,4,41.583348,0.9568292377873954,0.03200000000000003,True
5.669478,5,41.598005,0.9636228856165514,0.040000000000000036,True
5.805952,3,41.609036,0.9609937908161356,0.02400000000000002,True
5.464202,5,41.624014,0.9634005347974067,0.040000000000000036,True
5.653276,3,41.633086,0.9596519668759884,0.02400000000000002,True
5.745009,5,41.648122,0.9593716867164823,0.040000000000000036,True
5.885014,4,41.660885,0.9639029951238789,0.03200000000000003,True
5.749347,4,41.674939,0.9613109155488362,0.03200000000000003,True
5.717348,3,41.684767,0.9641971259499464,0.02400000000000002,True
5.487555,3,41.69568,0.9601675414762674,0.02400000000000002,True
5.88921,3,41.704398,0.9582990684968911,0.02400000000000002,True
5.846647,5,41.719904,0.964577942371079,0.040000000000000036,True
6.076997,5,41.733925,0.9616723816385158,0.040000000000000036,True
5.732813,5,41.749146,0.9565885121699367,0.040000000000000036,True
5.553358,4,41.760736,0.9582065523174542,0.03200000000000003,True
5.456102,3,41.769566,0.9616189287148434,0.02400000000000002,True
5.969998,4,41.781615,0.9607389360197075,0.03200000000000003,True
5.76434,4,41.793626,0.9641693619811172,0.03200000000000003,True
5.519107,4,41.805038,0.9631896263463566,0.03200000000000003,True
6.086241,4,41.816811,0.9646787790499776,0.03200000000000003,True
5.635208,4,41.828909,0.9586787974626074,0.03200000000000003,True
5.993983,5,41.842992,0.9633244420261868,0.040000000000000036,True
5.448797,4,41.854681,0.9627523079673423,0.03200000000000003,True
5.57838,4,41.868211,0.9653378929887242,0.03200000000000003,True
5.470571,3,41.876394,0.9602999223780266,0.02400000000000002,True
5.688483,5,41.892078,0.9641931131814006,0.040000000000000036,True
5.579725,3,41.901639,0.9624002739619633,0.02400000000000002,True
5.558292,5,41.917456,0.9661530795967168,0.040000000000000036,True
5.500125,5,41.931896,0.9586299246590362,0.040000000000000036,True
5.983877,3,41.940863,0.9591862885791915,0.02400000000000002,True
5.836002,4,41.953241,0.960008863451808,0.03200000000000003,True
5.622654,6,41.970937,0.96302231557463,0.04800000000000004,True
5.68288,3,41.980333,0.9654384258431593,0.02400000000000002,True
5.769573,5,41.995249,0.9635074096345377,0.040000000000000036,True
5.81841,5,42.009257,0.9651856371518435,0.040000000000000036,True
5.443081,4,42.021311,0.9595893655930464,0.03200000000000003,True
5.82857,5,42.035104,0.9625592452293781,0.040000000000000036,True
5.94753,3,42.043843,0.961544716139791,0.02400000000000002,True
5.719882,4,42.057874,0.9617756111483005,0.03200000000000003,True
5.413345,3,42.067261,0.9594624332453058,0.02400000000000002,True
5.752209,4,42.079579,0.9635439591670019,0.03200000000000003,True
5.511635,4,42.091877,0.9598644495744768,0.03200000000000003,True
5.86052,4,42.104046,0.9609213817033873,0.03200000000000003,True
5.822797,4,42.115579,0.9650736595034208,0.03200000000000003,True
5.56211,5,42.131717,0.960363990756393,0.040000000000000036,True
5.616738,3,42.143544,0.9608189274657006,0.02400000000000002,True
5.413899,3,42.15486,0.9595836854662756,0.02400000000000002,True
5.834075,4,43.009824,0.963720721765117,0.03200000000000003,True
5.655563,4,43.022435,0.9582620941000612,0.03200000000000003,True
5.495453,5,43.046942,0.9610998112288766,0.040000000000000036,True
5.875634,4,43.063286,0.9601080807423462,0.03200000000000003,True
5.550792,4,43.078403,0.9605520104075661,0.03200000000000003,True
5.861573,5,43.096234,0.9602219762786182,0.040000000000000036,True
5.746452,3,43.10531,0.9576706539961064,0.02400000000000002,True
5.554223,4,43.118569,0.9584864477645911,0.03200000000000003,True
5.460669,3,43.128935,0.9607397791897463,0.02400000000000002,True
5.776066,3,43.139691,0.9589429775686761,0.02400000000000002,True
5.741509,4,43.152802,0.9616191693743583,0.03200000000000003,True
5.526916,4,43.166271,0.9589587788845116,0.03200000000000003,True
5.691714,4,43.182167,0.9678227452606949,0.03200000000000003,True
5.829379,4,43.202472,0.9596335697887074,0.03200000000000003,True
6.024438,4,43.218858,0.9619784114425116,0.03200000000000003,True
5.826708,4,43.232806,0.9587912187164075,0.03200000000000003,True
5.699181,6,43.254601,0.9619365831267168,0.04800000000000004,True
5.713498,5,43.271141,0.9565030356431357,0.040000000000000036,True
5.758529,4,43.286804,0.9634756646822823,0.03200000000000003,True
5.409388,4,43.300625,0.9612858162247351,0.03200000000000003,True
6.02175,4,43.314963,0.9574676566382179,0.03200000000000003,True
5.840643,5,43.333564,0.9587893602925934,0.040000000000000036,True
5.491289,4,43.347765,0.9647331121468635,0.03200000000000003,True
5.395508,3,43.358183,0.9696541583676981,0.02400000000000002,True
5.43928,4,43.375364,0.9603425252793313,0.03200000000000003,True
5.62959,5,43.396046,0.9573962300763165,0.040000000000000036,True
5.831307,5,43.414842,0.9586276401097559,0.040000000000000036,True
5.832538,5,43.431024,0.9637879193725855,0.040000000000000036,True
5.762045,4,43.44324,0.9636022642509697,0.03200000000000003,True
5.459055,3,43.449927,0.9607145961225312,0.02400000000000002,True
5.817671,4,43.459253,0.9629538848897286,0.03200000000000003,True
5.416492,4,43.468584,0.9600161112682684,0.03200000000000003,True
5.603362,3,43.475926,0.9600022845241173,0.02400000000000002,True
6.070972,5,43.487278,0.9605780016962373,0.040000000000000036,True
5.759676,4,43.496361,0.9602294815619219,0.03200000000000003,True
5.601743,5,43.507404,0.9611436516380956,0.040000000000000036,True
5.833181,5,43.518971,0.9581285898013948,0.040000000000000036,True
5.809517,4,43.528491,0.9648026245634682,0.03200000000000003,True
5.476001,5,43.539284,0.9631700157883984,0.040000000000000036,True
5.472963,4,43.548482,0.9618669396806414,0.03200000000000003,True
5.634386,4,43.557199,0.960441565204128,0.03200000000000003,True
5.511372,3,43.564753,0.9591378710624607,0.02400000000000002,True
5.596796,3,43.571911,0.9567912500362502,0.02400000000000002,True
5.822622,5,43.584845,0.9654900497601525,0.040000000000000036,True
5.854828,5,43.597405,0.9612535333259267,0.040000000000000036,True
5.70438,3,43.602829,0.9586863899973969,0.02400000000000002,True
5.687272,3,43.610538,0.9579257818666662,0.02400000000000002,True
5.732007,4,43.620394,0.960743731661945,0.03200000000000003,True
5.542141,3,43.627985,0.9635032262336938,0.02400000000000002,True
5.71174,4,43.638246,0.9593481592616253,0.03200000000000003,True
5.861729,5,43.648462,0.9619409826294966,0.040000000000000036,True
5.954371,4,43.657967,0.9569879471765848,0.03200000000000003,True
5.611647,3,43.665901,0.9572411315832751,0.02400000000000002,True
5.70477,5,43.678654,0.9580623126066758,0.040000000000000036,True
5.410024,3,43.685756,0.9614277276749901,0.02400000000000002,True
5.63963,4,43.695276,0.961693892110963,0.03200000000000003,True
5.469126,3,43.703452,0.9589569340628994,0.02400000000000002,True
5.38805,3,43.709942,0.9599360763575093,0.02400000000000002,True
5.691031,4,43.719547,0.9622515892498424,0.03200000000000003,True
5.808448,3,43.726648,0.9623272218321433,0.02400000000000002,True
5.504054,3,43.734981,0.9595489419752745,0.02400000000000002,True
5.773145,4,43.745235,0.9639276500207665,0.03200000000000003,True
5.7722,5,43.757255,0.9586859932805836,0.040000000000000036,True
5.440597,4,43.766995,0.9584716614501874,0.03200000000000003,True
5.777204,4,44.357317,0.9614178904367859,0.03200000000000003,True
5.642953,4,44.370917,0.9591430653339857,0.03200000000000003,True
5.530986,3,44.381726,0.9650653786353685,0.02400000000000002,True
5.573242,4,44.392529,0.9616593817708496,0.03200000000000003,True
5.607471,4,44.402696,0.9630739441202312,0.03200000000000003,True
5.649923,3,44.411004,0.9653303323173679,0.02400000000000002,True
5.712118,4,44.421114,0.9675595293170911,0.03200000000000003,True
5.468793,6,44.434848,0.9639069084209749,0.04800000000000004,True
5.858573,5,44.447161,0.95703711295297,0.040000000000000036,True
5.603006,3,44.453939,0.9610226095687395,0.02400000000000002,True
5.53882,3,44.46129,0.9612307462432511,0.02400000000000002,True
5.823318,4,44.470685,0.9625744539461534,0.03200000000000003,True
5.524198,3,44.559098,0.9587144601640665,0.02400000000000002,True
5.551548,4,44.568339,0.957489735313243,0.03200000000000003,True
5.461975,4,44.57864,0.9627394891053112,0.03200000000000003,True
5.594732,3,44.587976,0.9619224690267352,0.02400000000000002,True
5.454384,3,44.595072,0.9597712908511422,0.02400000000000002,True
5.794029,3,44.601481,0.9633101553239976,0.02400000000000002,True
5.75002,5,44.612967,0.9610624872553868,0.040000000000000036,True
5.769623,4,44.622512,0.962867046713588,0.03200000000000003,True
5.738749,4,44.630867,0.9580710178709992,0.03200000000000003,True
5.56671,4,44.640343,0.9599780867091834,0.03200000000000003,True
5.412582,3,44.648083,0.9640178806981412,0.02400000000000002,True
5.55042,3,44.655698,0.9617206986794935,0.02400000000000002,True
5.862659,5,44.666618,0.9589513436610163,0.040000000000000036,True
5.631359,4,44.675807,0.9591322916685361,0.03200000000000003,True
5.356714,3,44.684217,0.9616523026667874,0.02400000000000002,True
5.583879,4,44.693394,0.9598451131716135,0.03200000000000003,True
5.728202,5,44.704482,0.9598765477271298,0.040000000000000036,True
5.427784,4,44.713762,0.9633522772904293,0.03200000000000003,True
5.690409,3,44.721469,0.9587321486902445,0.02400000000000002,True
5.5679,5,44.732115,0.9589744206486548,0.040000000000000036,True
5.733338,4,44.741568,0.9613739663398932,0.03200000000000003,True
5.526779,4,44.750841,0.9662834043932831,0.03200000000000003,True
5.650207,3,44.75805,0.9568866279976938,0.02400000000000002,True
5.670511,4,44.767741,0.9619561011976298,0.03200000000000003,True
5.654284,4,44.776569,0.9575608214464782,0.03200000000000003,True
5.461442,5,44.791548,0.9637708315955515,0.040000000000000036,True
5.405691,5,44.802527,0.9590861468911467,0.040000000000000036,True
5.540503,4,44.811365,0.9599044737345755,0.03200000000000003,True
5.635333,5,44.824081,0.9630566449284165,0.040000000000000036,True
5.991504,4,44.838032,0.9615731221492848,0.03200000000000003,True
5.588302,3,44.848377,0.9618442358824737,0.02400000000000002,True
5.651525,4,44.862573,0.9637707138628823,0.03200000000000003,True
5.911149,3,44.870974,0.9577230977814886,0.02400000000000002,True
5.568301,4,44.881154,0.9568357414340877,0.03200000000000003,True
5.913184,4,44.891313,0.960910849419666,0.03200000000000003,True
5.666551,4,44.902299,0.9628160435333128,0.03200000000000003,True
5.762143,3,44.909678,0.9611541580708627,0.02400000000000002,True
5.495493,3,44.917591,0.9613629619339994,0.02400000000000002,True
5.92831,4,44.926919,0.962463343589191,0.03200000000000003,True
5.751536,4,44.936546,0.9624779304931625,0.03200000000000003,True
5.627858,4,44.945727,0.9595497912355923,0.03200000000000003,True
5.805324,3,44.953935,0.9640747244527356,0.02400000000000002,True
5.528714,5,44.966423,0.9612818279637098,0.040000000000000036,True
5.697443,5,44.978862,0.9611834494334749,0.040000000000000036,True
5.614021,5,44.991076,0.9650204176795962,0.040000000000000036,True
5.736508,3,44.998902,0.9602448485679325,0.02400000000000002,True
5.403734,5,45.011161,0.9622406464080651,0.040000000000000036,True
5.511734,5,45.023141,0.9641347205107792,0.040000000000000036,True
5.570083,5,45.036032,0.9652222834221326,0.040000000000000036,True
5.551136,4,45.047191,0.9612704795300127,0.03200000000000003,True
6.009968,4,45.057313,0.9613971232197749,0.03200000000000003,True
5.575542,4,45.067141,0.9603260288559236,0.03200000000000003,True
5.411942,3,45.075404,0.9610307437580623,0.02400000000000002,True
5.574698,5,45.642408,0.963702343603736,0.040000000000000036,True
5.48408,5,45.655722,0.9590460377175922,0.040000000000000036,True
5.600038,4,45.666633,0.9600066869677224,0.03200000000000003,True
5.508139,4,45.675421,0.9638935173883596,0.03200000000000003,True
5.831858,3,45.684024,0.958469690745011,0.02400000000000002,True
5.452434,3,45.690066,0.959837200379666,0.02400000000000002,True
5.709594,4,45.699708,0.9662551484913066,0.03200000000000003,True
5.455104,4,45.708651,0.9650826748441967,0.03200000000000003,True
5.692101,5,45.719694,0.9590653929682811,0.040000000000000036,True
5.400403,3,45.727264,0.9627836836881325,0.02400000000000002,True
5.430619,3,45.733687,0.9599910288487665,0.02400000000000002,True
5.716281,5,45.746652,0.9629521189939989,0.040000000000000036,True
5.390384,4,45.756271,0.9604511481194057,0.03200000000000003,True
5.553169,3,45.763262,0.9566605649570996,0.02400000000000002,True
5.548562,4,45.772618,0.9578677778087319,0.03200000000000003,True
5.691219,3,45.780591,0.9648112611285506,0.02400000000000002,True
5.707266,3,45.787953,0.9599250506236572,0.02400000000000002,True
5.879541,4,45.798078,0.9604695965433179,0.03200000000000003,True
5.646258,3,45.804175,0.9605964701039836,0.02400000000000002,True
5.991057,4,45.813635,0.96289920179583,0.03200000000000003,True
5.821323,4,45.824113,0.9641275896903427,0.03200000000000003,True
5.546881,4,45.833924,0.9633960629685181,0.03200000000000003,True
5.816987,5,45.844956,0.9606602105952621,0.040000000000000036,True
5.620056,3,45.852973,0.96619787710212,0.02400000000000002,True
5.530876,3,45.858862,0.9611867392878493,0.02400000000000002,True
5.677643,4,45.873434,0.9568396123744922,0.03200000000000003,True
5.447421,3,45.884544,0.9610195314204024,0.02400000000000002,True
5.818402,4,45.899959,0.9582768732622035,0.03200000000000003,True
5.62243,3,45.911672,0.9603244013564791,0.02400000000000002,True
5.840059,5,45.923266,0.9584745638440672,0.040000000000000036,True
5.745791,4,45.934633,0.9592384496302166,0.03200000000000003,True
5.600291,5,45.94908,0.9625001634254567,0.040000000000000036,True
5.715514,5,45.960717,0.9578466675639478,0.040000000000000036,True
5.688607,3,45.96805,0.9609306059416827,0.02400000000000002,True
5.879831,5,45.979347,0.9601439795109815,0.040000000000000036,True
6.05662,5,45.990337,0.958630004831122,0.040000000000000036,True
5.795644,4,46.000718,0.9644135241232221,0.03200000000000003,True
6.011598,3,46.007872,0.9638716863062853,0.02400000000000002,True
5.733527,4,46.017171,0.9667730492018367,0.03200000000000003,True
5.58851,3,46.024581,0.9619227540391867,0.02400000000000002,True
5.497952,4,46.0352,0.9602241022818669,0.03200000000000003,True
5.763792,4,46.045664,0.9659732342043925,0.03200000000000003,True
5.61007,5,46.058553,0.9573390073448025,0.040000000000000036,True
5.895082,3,46.06639,0.9680702044278803,0.02400000000000002,True
5.756836,3,46.072385,0.960832279237169,0.02400000000000002,True
5.533621,4,46.084011,0.9631027122541835,0.03200000000000003,True
5.844185,6,46.097873,0.9603527659391462,0.04800000000000004,True
5.823987,5,46.108732,0.9684274643632993,0.040000000000000036,True
5.696108,3,46.115538,0.9578682802101394,0.02400000000000002,True
5.567282,5,46.128157,0.9612905415735516,0.040000000000000036,True
5.740335,5,46.14067,0.9601076712633734,0.040000000000000036,True
5.669107,3,46.147459,0.9615573638488198,0.02400000000000002,True
5.506908,4,46.156551,0.9606531169148905,0.03200000000000003,True
5.735906,3,46.163751,0.9592054682382454,0.02400000000000002,True
5.554368,4,46.173334,0.9620076761853983,0.03200000000000003,True
5.43306,3,46.180511,0.9647361226159303,0.02400000000000002,True
5.842076,3,46.188454,0.9630534024628324,0.02400000000000002,True
5.647656,3,46.196538,0.9659452306451632,0.02400000000000002,True
5.763302,3,46.204191,0.9641536747448064,0.02400000000000002,True
5.695439,4,46.213953,0.96122373172977,0.03200000000000003,True
5.51078,4,46.223667,0.9596825355751935,0.03200000000000003,True
5.643123,5,46.235206,0.9621705288007834,0.040000000000000036,True
5.419372,3,46.243174,0.9657578165398861,0.02400000000000002,True
5.552872,3,46.251286,0.9613557994889101,0.02400000000000002,True
5.771,4,46.26165,0.9627959416502154,0.03200000000000003,True
5.683086,3,46.269372,0.963277115693555,0.02400000000000002,True
5.486018,4,46.82129,0.9650221342298304,0.03200000000000003,True
5.542111,4,46.828561,0.9634778772414616,0.03200000000000003,True
5.431284,4,46.838959,0.9596220093760554,0.03200000000000003,True
5.738988,4,46.848362,0.9649553177818293,0.03200000000000003,True
5.570661,4,46.858447,0.9617477294716142,0.03200000000000003,True
5.630147,6,46.872299,0.960233757074628,0.04800000000000004,True
5.717698,5,46.883934,0.9599832877894297,0.040000000000000036,True
5.693029,5,46.895631,0.9576585512455781,0.040000000000000036,True
5.672537,3,46.904189,0.9634705249992277,0.02400000000000002,True
5.780667,5,46.919621,0.9654809111758293,0.040000000000000036,True
5.82198,3,46.930337,0.9564627664207559,0.02400000000000002,True
5.75975,4,46.943213,0.9621518719617501,0.03200000000000003,True
5.689936,5,46.956568,0.9586621930064461,0.040000000000000036,True
5.92984,3,46.963666,0.959041166368562,0.02400000000000002,True
5.702131,3,46.970696,0.963293698450196,0.02400000000000002,True
5.723509,3,46.977793,0.9613646478919794,0.02400000000000002,True
5.52355,4,46.987282,0.9559300535643454,0.03200000000000003,True
5.555905,5,46.999432,0.9723151071543523,0.040000000000000036,True
5.70126,5,47.01036,0.959758693395158,0.040000000000000036,True
5.558483,4,47.019435,0.9611965851899349,0.03200000000000003,True
5.708988,5,47.030789,0.9592473118363609,0.040000000000000036,True
5.722532,3,47.038428,0.956732659686977,0.02400000000000002,True
5.903238,4,47.048354,0.9591150380547769,0.03200000000000003,True
5.925456,3,47.055586,0.9584157041713969,0.02400000000000002,True
5.617622,4,47.065264,0.9625729759526241,0.03200000000000003,True
5.403267,3,47.073757,0.9619740845398026,0.02400000000000002,True
5.720902,4,47.084388,0.9636063343818104,0.03200000000000003,True
5.823794,4,47.09273,0.9646071194311459,0.03200000000000003,True
5.831398,4,47.102065,0.9663749066541313,0.03200000000000003,True
5.840705,5,47.112944,0.960536338455074,0.040000000000000036,True
5.840679,3,47.119023,0.9594533051842701,0.02400000000000002,True
5.565864,3,47.126616,0.9575093590673501,0.02400000000000002,True
5.928209,5,47.138809,0.9653718879407531,0.040000000000000036,True
5.608891,4,47.148947,0.9590736876946271,0.03200000000000003,True
5.589803,5,47.159926,0.9573740024405293,0.040000000000000036,True
6.099813,4,47.169115,0.9560061546476527,0.03200000000000003,True
6.022332,5,47.181243,0.9620224801891321,0.040000000000000036,True
5.697728,4,47.190926,0.9580973412895069,0.03200000000000003,True
5.766697,3,47.197637,0.9568353357946603,0.02400000000000002,True
5.596029,4,47.207134,0.9631140495289321,0.03200000000000003,True
5.759,4,47.216995,0.9588264327787275,0.03200000000000003,True
5.968866,4,47.226562,0.9637503985787157,0.03200000000000003,True
5.615809,3,47.233988,0.9597624299695193,0.02400000000000002,True
5.569603,4,47.243022,0.9626283286303826,0.03200000000000003,True
5.746697,4,47.254198,0.9603721074409626,0.03200000000000003,True
5.526585,5,47.265839,0.9647339102027359,0.040000000000000036,True
5.589146,4,47.275582,0.9615819186416694,0.03200000000000003,True
5.537495,4,47.285209,0.96124206968725,0.03200000000000003,True
5.684706,4,47.29549,0.9578360834116537,0.03200000000000003,True
5.719549,4,47.304807,0.9640649888095003,0.03200000000000003,True
5.833211,4,47.314047,0.9614978024767686,0.03200000000000003,True
5.495197,3,47.320439,0.9610155799601241,0.02400000000000002,True
5.754512,5,47.33254,0.9622625662889028,0.040000000000000036,True
5.842713,5,47.345156,0.9594592641521922,0.040000000000000036,True
5.462338,3,47.352521,0.9654851182673072,0.02400000000000002,True
5.755353,4,47.363017,0.9575763306692682,0.03200000000000003,True
5.730518,4,47.373922,0.9641205285420431,0.03200000000000003,True
5.678418,4,47.383957,0.9613221690313128,0.03200000000000003,True
5.708995,5,47.397257,0.9662590541354514,0.040000000000000036,True
5.564629,3,47.404993,0.9660183875032811,0.02400000000000002,True
5.64906,4,47.415262,0.9609851226561146,0.03200000000000003,True
5.689362,3,47.424184,0.9615809629598467,0.02400000000000002,True
5.498191,5,47.436695,0.9583596358900963,0.040000000000000036,True
5.5544,3,47.443506,0.9577700831000675,0.02400000000000002,True
5.640745,5,48.01245,0.9610415776447643,0.040000000000000036,True
5.639462,4,48.022235,0.9635155341199682,0.03200000000000003,True
5.506471,3,48.030254,0.9590002179878475,0.02400000000000002,True
5.753426,4,48.039953,0.96292249593042,0.03200000000000003,True
5.624759,3,48.048509,0.9609990111549578,0.02400000000000002,True
5.896948,5,48.060951,0.959814029730443,0.040000000000000036,True
5.67691,4,48.070932,0.9631747625767276,0.03200000000000003,True
5.846415,5,48.082658,0.9592688232385818,0.040000000000000036,True
6.034089,4,48.092554,0.9635413076010255,0.03200000000000003,True
5.449162,3,48.099884,0.9646390516750697,0.02400000000000002,True
5.430508,5,48.111366,0.9595001962457892,0.040000000000000036,True
5.875056,3,48.117748,0.9602395754228865,0.02400000000000002,True
5.782586,5,48.12988,0.9616208428848996,0.040000000000000036,True
5.760904,5,48.14101,0.959804627939576,0.040000000000000036,True
5.59817,4,48.150255,0.9582245232790925,0.03200000000000003,True
5.803927,4,48.160172,0.961990149755505,0.03200000000000003,True
5.664782,3,48.167525,0.9602980040984022,0.02400000000000002,True
5.297716,3,48.175119,0.9623936564479009,0.02400000000000002,True
5.873319,5,48.185946,0.9614378154724998,0.040000000000000036,True
5.469521,4,48.196299,0.9623736329613313,0.03200000000000003,True
5.560501,3,48.20257,0.9618156463665055,0.02400000000000002,True
5.573639,4,48.211507,0.9603073113084362,0.03200000000000003,True
5.496364,5,48.22432,0.9574408547983,0.040000000000000036,True
5.739553,4,48.233868,0.9634694604680807,0.03200000000000003,True
5.523415,3,48.241727,0.9654750754572126,0.02400000000000002,True
5.781053,4,48.25168,0.9591336047501171,0.03200000000000003,True
5.695584,4,48.260797,0.9609741029566421,0.03200000000000003,True
5.660371,4,48.270897,0.9658438694854197,0.03200000000000003,True
5.725507,4,48.281391,0.9616707953346013,0.03200000000000003,True
5.626927,3,48.288306,0.961380934899482,0.02400000000000002,True
5.643334,5,48.300452,0.9639529823452289,0.040000000000000036,True
5.681835,4,48.310392,0.9614172504822485,0.03200000000000003,True
5.602044,5,48.321776,0.9620096442745498,0.040000000000000036,True
5.544846,4,48.331513,0.9643343905118229,0.03200000000000003,True
5.911666,4,48.341356,0.9640243163113704,0.03200000000000003,True
5.663061,4,48.351174,0.9594383155621402,0.03200000000000003,True
5.528853,3,48.358394,0.9618854349841514,0.02400000000000002,True
5.591943,3,48.366645,0.9636922486878049,0.02400000000000002,True
5.793967,4,48.376812,0.9607589065788394,0.03200000000000003,True
5.436786,4,48.387776,0.9624692391953074,0.03200000000000003,True
5.665923,3,48.395041,0.9606286375375512,0.02400000000000002,True
5.731316,3,48.403233,0.9613831403281161,0.02400000000000002,True
5.540606,4,48.41284,0.9592357693679243,0.03200000000000003,True
5.547546,4,48.423175,0.9609177978698393,0.03200000000000003,True
5.521656,5,48.434087,0.9623318435547097,0.040000000000000036,True
5.517062,5,48.447077,0.9614036865876701,0.040000000000000036,True
5.59816,5,48.458014,0.9594979533385546,0.040000000000000036,True
5.770624,4,48.467711,0.9571272225430709,0.03200000000000003,True
5.763938,4,48.477644,0.9650043633471695,0.03200000000000003,True
5.594518,4,48.486641,0.9600402178635671,0.03200000000000003,True
5.57792,3,48.494225,0.9568667945546169,0.02400000000000002,True
5.687061,4,48.502877,0.9611841062380919,0.03200000000000003,True
5.695894,3,48.510322,0.9570798637879006,0.02400000000000002,True
5.420072,3,48.516267,0.9598571329742007,0.02400000000000002,True
5.365445,3,48.523813,0.9608710897450699,0.02400000000000002,True
5.366423,4,48.532349,0.9629282611974863,0.03200000000000003,True
5.817534,4,48.541867,0.9595360407906082,0.03200000000000003,True
5.673502,5,48.552749,0.9598536826294619,0.040000000000000036,True
5.514296,4,48.562494,0.9645496800798633,0.03200000000000003,True
5.553355,6,48.578603,0.9590820450567554,0.04800000000000004,True
5.644431,5,48.592084,0.9654204992314998,0.040000000000000036,True
5.754059,4,48.605283,0.962933069337379,0.03200000000000003,True
5.524309,4,48.614145,0.9564390773538006,0.03200000000000003,True
5.552521,4,48.624219,0.9599090142597457,0.03200000000000003,True
5.549206,4,49.194728,0.96080883374668,0.03200000000000003,True
5.687378,4,49.203609,0.960526426621541,0.03200000000000003,True
5.622461,5,49.214556,0.9631451471369001,0.040000000000000036,True
5.829858,3,49.222197,0.9596822591169205,0.02400000000000002,True
5.718441,5,49.234603,0.9588945376092567,0.040000000000000036,True
5.56779,3,49.242691,0.9628906745159276,0.02400000000000002,True
5.735056,3,49.250216,0.9596770149764944,0.02400000000000002,True
5.572984,5,49.263075,0.9655999550677994,0.040000000000000036,True
5.736085,4,49.273421,0.9627495966435378,0.03200000000000003,True
5.614087,4,49.283898,0.9623209947574458,0.03200000000000003,True
5.783638,4,49.294129,0.9634762123174108,0.03200000000000003,True
5.759176,4,49.304372,0.959842138940293,0.03200000000000003,True
5.699208,3,49.313,0.9631414054914018,0.02400000000000002,True
5.789345,4,49.323658,0.9624970328603336,0.03200000000000003,True
5.683731,4,49.334737,0.9605349491864106,0.03200000000000003,True
5.790772,5,49.347425,0.9590101088509357,0.040000000000000036,True
5.602427,4,49.357535,0.9609089801165315,0.03200000000000003,True
5.65563,4,49.369284,0.9626171768438687,0.03200000000000003,True
5.897006,3,49.379732,0.9578034263182578,0.02400000000000002,True
5.591335,3,49.387366,0.9613637574563012,0.02400000000000002,True
5.509332,4,49.396292,0.9593481820975114,0.03200000000000003,True
6.00383,3,49.404085,0.962901920389394,0.02400000000000002,True
5.606688,5,49.416984,0.9636494205838689,0.040000000000000036,True
5.748988,4,49.426055,0.965750601013253,0.03200000000000003,True
5.468429,3,49.433115,0.9634485598054967,0.02400000000000002,True
5.604161,4,49.44321,0.9575992455982625,0.03200000000000003,True
5.540775,3,49.451283,0.9605249225524015,0.02400000000000002,True
5.472853,5,49.462424,0.9627336716030173,0.040000000000000036,True
5.757502,4,49.472121,0.9571640596008089,0.03200000000000003,True
5.72262,3,49.480406,0.9655408382350119,0.02400000000000002,True
5.61433,5,49.491496,0.9615288880873183,0.040000000000000036,True
5.715411,4,49.501841,0.9623747092470598,0.03200000000000003,True
5.551173,5,49.512671,0.9570088218325807,0.040000000000000036,True
5.470976,5,49.524394,0.9587344590538276,0.040000000000000036,True
5.780422,5,49.534747,0.9696281480523522,0.040000000000000036,True
5.751322,3,49.542517,0.9616697948142354,0.02400000000000002,True
5.690925,4,49.551837,0.9609395384237269,0.03200000000000003,True
5.687927,5,49.562654,0.9622795042226251,0.040000000000000036,True
5.528983,4,49.572043,0.9597107152074014,0.03200000000000003,True
5.47605,4,49.581376,0.9623708876025403,0.03200000000000003,True
5.787908,4,49.591006,0.9590314490611723,0.03200000000000003,True
5.664665,3,49.598473,0.9629104949181556,0.02400000000000002,True
5.44027,4,49.609014,0.960532255481197,0.03200000000000003,True
5.734869,3,49.614755,0.9600465244679494,0.02400000000000002,True
5.841291,5,49.626368,0.9662238415911226,0.040000000000000036,True
5.711854,3,49.633078,0.9620362977776871,0.02400000000000002,True
5.576786,4,49.642413,0.9621129623347249,0.03200000000000003,True
5.778863,4,49.651689,0.9595711219443379,0.03200000000000003,True
5.8219,4,49.662072,0.962255209429687,0.03200000000000003,True
5.788377,4,49.671209,0.9609394600281803,0.03200000000000003,True
5.793328,4,49.680702,0.9560009556729241,0.03200000000000003,True
5.652194,5,49.691906,0.9588556018911218,0.040000000000000036,True
5.749949,3,49.700287,0.9596909105285718,0.02400000000000002,True
5.61878,6,49.713114,0.9599588834226654,0.04800000000000004,True
5.448536,3,49.721389,0.9645979348058704,0.02400000000000002,True
5.446548,4,49.731604,0.9636193963786577,0.03200000000000003,True
5.69428,4,49.741709,0.9604413588762047,0.03200000000000003,True
5.594146,5,49.754139,0.9671581394339985,0.040000000000000036,True
5.691002,5,49.768229,0.961064917733119,0.040000000000000036,True
5.604678,4,49.779206,0.9595201907661837,0.03200000000000003,True
5.806603,4,49.788868,0.9601105071249029,0.03200000000000003,True
5.80064,4,49.798976,0.9610199131231544,0.03200000000000003,True
5.519577,4,49.809615,0.9622107828533835,0.03200000000000003,True
5.706223,4,49.819392,0.9632858075756258,0.03200000000000003,True
5.598748,4,50.400712,0.962264191962825,0.03200000000000003,True
5.885078,3,50.408141,0.9589263153532348,0.02400000000000002,True
5.739428,5,50.419547,0.9630214941604458,0.040000000000000036,True
5.58058,3,50.427251,0.960980991360771,0.02400000000000002,True
5.887323,5,50.514428,0.9594061296016415,0.040000000000000036,True
5.642348,3,50.521951,0.9619366449952397,0.02400000000000002,True
5.733333,3,50.52901,0.9588622720619835,0.02400000000000002,True
5.809817,3,50.536904,0.9641629920146941,0.02400000000000002,True
5.623567,3,50.543909,0.9647929349660409,0.02400000000000002,True
5.852484,4,50.552655,0.9604354213509737,0.03200000000000003,True
5.746929,4,50.563085,0.9585795942900686,0.03200000000000003,True
5.409358,4,50.57182,0.9571344170995439,0.03200000000000003,True
5.541747,3,50.579844,0.9622244621180785,0.02400000000000002,True
5.785451,4,50.589563,0.9653164290163738,0.03200000000000003,True
5.805098,4,50.599423,0.9577932479447238,0.03200000000000003,True
5.642691,4,50.608539,0.9660702042896874,0.03200000000000003,True
5.513882,4,50.618991,0.9659982469668158,0.03200000000000003,True
5.47497,4,50.62841,0.9566610359383784,0.03200000000000003,True
5.722894,3,50.636223,0.9627568757260818,0.02400000000000002,True
5.661508,4,50.645631,0.9620734577741102,0.03200000000000003,True
5.556727,4,50.655178,0.9614418118786776,0.03200000000000003,True
5.501267,4,50.664461,0.9620595877774067,0.03200000000000003,True
5.718123,4,50.673564,0.9612734504517761,0.03200000000000003,True
5.662389,4,50.683259,0.9587853749095594,0.03200000000000003,True
5.694173,4,50.692701,0.9607934017729204,0.03200000000000003,True
5.474778,4,50.702899,0.9665678181481375,0.03200000000000003,True
5.599257,4,50.712171,0.9631447184855306,0.03200000000000003,True
5.759693,4,50.721946,0.9588444911919591,0.03200000000000003,True
5.951207,3,50.728037,0.9621123171175054,0.02400000000000002,True
5.666432,5,50.740451,0.9629952909574734,0.040000000000000036,True
5.644859,3,50.748089,0.9609342444098878,0.02400000000000002,True
5.574304,4,50.757299,0.959865560542452,0.03200000000000003,True
5.683374,4,50.765994,0.9613008566571296,0.03200000000000003,True
5.69855,4,50.775421,0.9602411991311912,0.03200000000000003,True
5.910855,4,50.785049,0.9601826415042625,0.03200000000000003,True
5.909815,4,50.79366,0.9621665997056126,0.03200000000000003,True
6.031153,4,50.804998,0.9592557596663249,0.03200000000000003,True
5.63833,5,50.816671,0.9641722351698861,0.040000000000000036,True
5.430149,4,50.825719,0.9592341523760991,0.03200000000000003,True
5.689902,3,50.832011,0.9618820795871743,0.02400000000000002,True
5.579578,5,50.842704,0.9598524877058497,0.040000000000000036,True
5.721437,5,50.855178,0.9608541311602994,0.040000000000000036,True
5.436714,4,50.863632,0.9598608520024852,0.03200000000000003,True
5.610646,4,50.872861,0.9568796054231865,0.03200000000000003,True
5.52468,4,50.88317,0.9601370318812918,0.03200000000000003,True
5.383244,3,50.890289,0.9603081231625006,0.02400000000000002,True
5.457479,3,50.897923,0.9605701846561359,0.02400000000000002,True
5.442053,3,50.905154,0.9592003234076711,0.02400000000000002,True
5.569434,3,50.914494,0.9611543942443874,0.02400000000000002,True
5.48292,4,50.923807,0.9613596074580957,0.03200000000000003,True
5.782712,4,50.932435,0.961464440992492,0.03200000000000003,True
5.722417,5,50.943963,0.9610852469505572,0.040000000000000036,True
5.797238,4,50.953616,0.9669697341204306,0.03200000000000003,True
5.857479,5,50.964191,0.9606474918385839,0.040000000000000036,True
5.742221,4,50.973966,0.9624897642119138,0.03200000000000003,True
5.654852,4,50.982675,0.9620140583382951,0.03200000000000003,True
5.982206,4,50.991467,0.9632286284075596,0.03200000000000003,True
5.534418,4,51.001959,0.9623371763574501,0.03200000000000003,True
5.478985,3,51.008176,0.9616278093707521,0.02400000000000002,True
5.481246,3,51.01564,0.9570362364780001,0.02400000000000002,True
5.723075,5,51.02732,0.9621365018520427,0.040000000000000036,True
5.776769,5,51.03994,0.9616354094446392,0.040000000000000036,True
5.795113,5,51.0519,0.9589563142743136,0.040000000000000036,True
5.762582,5,51.065365,0.9628919396415974,0.040000000000000036,True
5.635496,3,51.075815,0.9664274381250835,0.02400000000000002,True
5.587395,5,51.636246,0.9626450225050431,0.040000000000000036,True
5.619239,4,51.645967,0.9652413216877633,0.03200000000000003,True
5.790016,5,51.658256,0.9582844604660642,0.040000000000000036,True
5.576887,4,51.667666,0.9616643772034885,0.03200000000000003,True
5.705646,3,51.675184,0.9599479454607229,0.02400000000000002,True
5.707687,4,51.684034,0.9629420643387114,0.03200000000000003,True
5.559889,4,51.693657,0.9629270970985054,0.03200000000000003,True
5.572666,3,51.701893,0.9607991955021586,0.02400000000000002,True
5.471995,4,51.711721,0.9631760552245274,0.03200000000000003,True
5.533415,3,51.719365,0.9637348631744123,0.02400000000000002,True
5.891984,4,51.728763,0.9608574603056508,0.03200000000000003,True
5.525441,3,51.735294,0.9562688766454694,0.02400000000000002,True
5.403227,3,51.744172,0.9609118684444785,0.02400000000000002,True
5.461091,3,51.75239,0.9594900292625315,0.02400000000000002,True
5.67659,3,51.759935,0.9582927713157395,0.02400000000000002,True
5.781764,3,51.767363,0.9573654477728568,0.02400000000000002,True
5.656758,3,51.775165,0.9616584275047522,0.02400000000000002,True
5.560978,4,51.785119,0.9605380644290457,0.03200000000000003,True
5.974951,4,51.79481,0.9587833254212412,0.03200000000000003,True
5.500836,3,51.802762,0.9639087880371789,0.02400000000000002,True
6.014622,5,51.814249,0.9635805591573503,0.040000000000000036,True
5.681073,3,51.822133,0.9629646927864786,0.02400000000000002,True
5.44198,2,51.826734,0.9584216770113558,0.016000000000000014,True
5.794896,4,51.835497,0.9629880924483326,0.03200000000000003,True
5.71594,5,51.848308,0.9613069485409893,0.040000000000000036,True
5.80939,4,51.857824,0.9594430848839207,0.03200000000000003,True
5.734798,5,51.870806,0.9615527748039271,0.040000000000000036,True
5.900752,4,51.880525,0.9652448164555552,0.03200000000000003,True
5.582342,3,51.888906,0.958455686398047,0.02400000000000002,True
5.724268,4,51.898089,0.9614140692713302,0.03200000000000003,True
5.776491,4,51.907073,0.9585711045081762,0.03200000000000003,True
5.544806,4,51.916974,0.9607073239954076,0.03200000000000003,True
5.70458,4,51.925948,0.9590164840306075,0.03200000000000003,True
5.79316,5,51.939541,0.958841542756049,0.040000000000000036,True
5.783968,4,51.94905,0.9569647544564979,0.03200000000000003,True
5.779571,4,51.957952,0.9594980141078818,0.03200000000000003,True
5.794879,4,51.9673,0.9614441469405062,0.03200000000000003,True
5.773206,5,51.978639,0.9573207593642614,0.040000000000000036,True
5.609126,4,51.988061,0.9643437040866127,0.03200000000000003,True
5.809068,5,51.999297,0.9603698217290493,0.040000000000000036,True
5.473887,5,52.010646,0.9598985480609906,0.040000000000000036,True
5.383541,3,52.017968,0.9652702077071098,0.02400000000000002,True
5.585703,5,52.028859,0.962937813150792,0.040000000000000036,True
5.777891,4,52.038275,0.9602628063589737,0.03200000000000003,True
5.551886,4,52.048409,0.9580443668297007,0.03200000000000003,True
5.606684,3,52.056918,0.9633823035358637,0.02400000000000002,True
5.385899,3,52.063375,0.967370738874676,0.02400000000000002,True
5.689535,3,52.070791,0.9639585725691193,0.02400000000000002,True
5.638077,3,52.078825,0.960365507781376,0.02400000000000002,True
5.554432,4,52.08842,0.9596589185194011,0.03200000000000003,True
5.835694,5,52.099272,0.9597485421680563,0.040000000000000036,True
5.576489,4,52.111797,0.9629110595626009,0.03200000000000003,True
5.712307,4,52.124061,0.9571182086814386,0.03200000000000003,True
5.494534,4,52.138053,0.9594281089600947,0.03200000000000003,True
5.461518,3,52.144963,0.9636298393703829,0.02400000000000002,True
5.56636,4,52.15402,0.9597828717881948,0.03200000000000003,True
5.570824,4,52.163246,0.9583308170952863,0.03200000000000003,True
5.47169,3,52.170791,0.9635262629133636,0.02400000000000002,True
5.796865,4,52.180295,0.9616954571030175,0.03200000000000003,True
5.86961,4,52.189329,0.9659259895364106,0.03200000000000003,True
5.918868,3,52.196155,0.9685834048106732,0.02400000000000002,True
5.603854,3,52.203195,0.961124679100313,0.02400000000000002,True
5.603844,4,52.213045,0.962569483462404,0.03200000000000003,True
5.389663,3,52.220305,0.9620629493503274,0.02400000000000002,True
5.496762,4,52.231237,0.9653101428078436,0.03200000000000003,True
5.794531,4,52.240311,0.9587960449344555,0.03200000000000003,True
5.662088,3,52.247918,0.969647827893342,0.02400000000000002,True
5.73119,4,52.256214,0.9615865416122263,0.03200000000000003,True
5.658121,4,52.813354,0.9584523442135677,0.03200000000000003,True
5.976174,5,52.824969,0.9622935769731302,0.040000000000000036,True
5.376104,4,52.834554,0.9586436355423839,0.03200000000000003,True
5.735906,3,52.842114,0.9624311654127917,0.02400000000000002,True
5.726519,3,52.848609,0.9601201235479111,0.02400000000000002,True
5.788874,5,52.860203,0.9625179204341309,0.040000000000000036,True
5.705995,4,52.874206,0.957332408338971,0.03200000000000003,True
5.533421,3,52.884351,0.9658656197864518,0.02400000000000002,True
5.997706,4,52.893176,0.9614055499181644,0.03200000000000003,True
5.927536,4,52.902413,0.9599142243434132,0.03200000000000003,True
5.812952,4,52.911752,0.9634318562657003,0.03200000000000003,True
5.643079,3,52.920193,0.9629088799735391,0.02400000000000002,True
5.822551,4,52.929537,0.9639439731120394,0.03200000000000003,True
5.721354,4,52.938849,0.9608143426400836,0.03200000000000003,True
5.56788,4,52.947287,0.9594710798067021,0.03200000000000003,True
5.586117,3,52.954717,0.9628274853670808,0.02400000000000002,True
5.617945,3,52.962298,0.9615228731239742,0.02400000000000002,True
5.789008,4,52.970375,0.9591460490806909,0.03200000000000003,True
5.820305,4,52.982284,0.9636419334069395,0.03200000000000003,True
5.562301,3,52.993275,0.960457392482915,0.02400000000000002,True
5.912574,4,53.008304,0.9578467241300366,0.03200000000000003,True
5.692359,4,53.021006,0.9590087883417271,0.03200000000000003,True
5.723085,4,53.032502,0.9602083044179321,0.03200000000000003,True
5.664706,4,53.044751,0.9629695294468432,0.03200000000000003,True
5.582728,4,53.054792,0.9566272120590562,0.03200000000000003,True
5.701708,4,53.065438,0.9602810053763197,0.03200000000000003,True
5.942965,4,53.074646,0.9627889389584818,0.03200000000000003,True
6.030056,5,53.086303,0.9596821282386301,0.040000000000000036,True
5.805722,4,53.099235,0.963631679032241,0.03200000000000003,True
5.7134,4,53.111649,0.9573952263573146,0.03200000000000003,True
5.588783,5,53.122819,0.9589936057269186,0.040000000000000036,True
5.819604,4,53.133075,0.9617975280738711,0.03200000000000003,True
5.374981,3,53.143382,0.9573746193545518,0.02400000000000002,True
5.463608,5,53.15949,0.9640765716530773,0.040000000000000036,True
5.582017,4,53.173983,0.9617280728339677,0.03200000000000003,True
5.615995,3,53.181288,0.9596677310729265,0.02400000000000002,True
5.828542,3,53.188236,0.9650891969033016,0.02400000000000002,True
5.965564,5,53.199195,0.9623445180134411,0.040000000000000036,True
5.557188,4,53.209783,0.9661473836728646,0.03200000000000003,True
5.839001,5,53.230268,0.9589391381795792,0.040000000000000036,True
5.970681,4,53.24092,0.9605285988586951,0.03200000000000003,True
5.391403,4,53.252043,0.9568015069294117,0.03200000000000003,True
5.866341,5,53.263833,0.9617094174564544,0.040000000000000036,True
5.853599,5,53.275495,0.9577831527748939,0.040000000000000036,True
5.517845,4,53.284888,0.958723485973155,0.03200000000000003,True
5.370574,3,53.291076,0.9645227871039208,0.02400000000000002,True
5.750117,3,53.299063,0.962873358218358,0.02400000000000002,True
5.659451,3,53.306467,0.9593554678273591,0.02400000000000002,True
5.719079,4,53.316108,0.9615229329409929,0.03200000000000003,True
5.630022,4,53.324543,0.9612823044645706,0.03200000000000003,True
5.402948,3,53.332015,0.963099239607861,0.02400000000000002,True
5.351049,3,53.339106,0.95881624944285,0.02400000000000002,True
5.734078,4,53.3484,0.9566054171198628,0.03200000000000003,True
5.785533,4,53.357389,0.9649575782787199,0.03200000000000003,True
5.552859,3,53.363459,0.964371004970881,0.02400000000000002,True
5.521192,4,53.373812,0.9608781962697969,0.03200000000000003,True
5.649123,5,53.384763,0.9633824311204755,0.040000000000000036,True
5.558629,4,53.39419,0.9600561206393736,0.03200000000000003,True
5.952043,3,53.401397,0.9616051650430143,0.02400000000000002,True
5.502384,4,53.411926,0.9659688686507422,0.03200000000000003,True
5.390324,3,53.418505,0.9582854810119867,0.02400000000000002,True
5.528313,4,53.428996,0.9593091280681691,0.03200000000000003,True
5.538144,4,53.437427,0.9594334647473022,0.03200000000000003,True
5.593165,4,53.449087,0.9615544266024997,0.03200000000000003,True
5.622437,5,53.466637,0.9581471116912872,0.040000000000000036,True
5.546522,4,53.482631,0.9634008944582257,0.03200000000000003,True
5.78218,4,54.269742,0.9619896470551983,0.03200000000000003,True
5.598495,5,54.287291,0.9653927230599724,0.040000000000000036,True
5.638028,4,54.300273,0.9578981215998521,0.03200000000000003,True
5.840593,5,54.316008,0.9587050214653914,0.040000000000000036,True
5.755539,4,54.328391,0.9661382497357263,0.03200000000000003,True
5.721617,5,54.343431,0.9630044818596987,0.040000000000000036,True
5.592185,5,54.359542,0.959708173611824,0.040000000000000036,True
5.804022,4,54.371753,0.9675153045416024,0.03200000000000003,True
5.595904,4,54.383546,0.9630104924192289,0.03200000000000003,True
5.900134,4,54.396018,0.9592935128251154,0.03200000000000003,True
5.75844,5,54.413064,0.9618995160357733,0.040000000000000036,True
5.657991,5,54.428129,0.9584225355280165,0.040000000000000036,True
5.533215,5,54.444126,0.9606757982132863,0.040000000000000036,True
5.550333,3,54.454502,0.9621805897267262,0.02400000000000002,True
5.846869,4,54.465982,0.9628517304082214,0.03200000000000003,True
5.579336,5,54.482219,0.9614414671090821,0.040000000000000036,True
5.882715,4,54.494463,0.9594569570221447,0.03200000000000003,True
5.796969,3,54.503164,0.9586407043279386,0.02400000000000002,True
5.656301,4,54.516381,0.9653862219619089,0.03200000000000003,True
5.631628,4,54.528848,0.9649798228568052,0.03200000000000003,True
6.049045,3,54.537994,0.9599342802589854,0.02400000000000002,True
5.780777,5,54.552174,0.9629482747887288,0.040000000000000036,True
5.675623,4,54.564276,0.9576778740570835,0.03200000000000003,True
5.783065,4,54.577079,0.958857245915934,0.03200000000000003,True
5.62375,3,54.586,0.9626830529257092,0.02400000000000002,True
5.462709,4,54.601108,0.9575674563984915,0.03200000000000003,True
5.60009,4,54.616173,0.9599548401802099,0.03200000000000003,True
5.932569,4,54.630497,0.9612991633945134,0.03200000000000003,True
5.78591,4,54.644495,0.9646201191869661,0.03200000000000003,True
5.863829,3,54.654508,0.961923160948421,0.02400000000000002,True
5.858866,3,54.662953,0.9676545678972597,0.02400000000000002,True
5.56873,5,54.679146,0.9593952520516109,0.040000000000000036,True
5.6128,5,54.694098,0.9658228191865055,0.040000000000000036,True
5.673405,3,54.703841,0.9642936301969309,0.02400000000000002,True
5.645051,4,54.717102,0.9606186572181727,0.03200000000000003,True
5.791281,4,54.727544,0.9647708539895948,0.03200000000000003,True
5.723624,4,54.739968,0.9627190906858802,0.03200000000000003,True
5.362091,2,54.745472,0.9591071848866343,0.016000000000000014,True
5.758638,4,54.758095,0.9603980382388668,0.03200000000000003,True
5.463184,3,54.767254,0.9637259307043948,0.02400000000000002,True
5.869811,5,54.782304,0.9635962595551418,0.040000000000000036,True
5.750404,4,54.793407,0.9598773357752046,0.03200000000000003,True
5.803165,5,54.810905,0.9603450540879094,0.040000000000000036,True
6.054331,4,54.822318,0.9628949871341154,0.03200000000000003,True
5.503526,3,54.830868,0.9636985102186645,0.02400000000000002,True
6.042813,5,54.845763,0.9608080015368483,0.040000000000000036,True
5.637712,4,54.858348,0.9636835166942773,0.03200000000000003,True
5.407874,3,54.867746,0.9648781597498275,0.02400000000000002,True
5.759754,4,54.88049,0.959032545828874,0.03200000000000003,True
5.607041,5,54.89734,0.9637747200873811,0.040000000000000036,True
5.64154,5,54.912335,0.957420283067073,0.040000000000000036,True
5.668783,3,54.923453,0.9611202187559005,0.02400000000000002,True
5.461397,5,54.941552,0.9596582183287536,0.040000000000000036,True
5.719868,4,54.95445,0.9593318243628501,0.03200000000000003,True
5.510179,3,54.964734,0.9598515265305627,0.02400000000000002,True
5.599039,4,54.981289,0.9631607695243916,0.03200000000000003,True
5.787685,4,54.995289,0.9619094558726576,0.03200000000000003,True
5.815671,4,55.011771,0.9649302821805437,0.03200000000000003,True
5.737893,5,55.027741,0.9620011922872768,0.040000000000000036,True
5.630565,4,55.040283,0.9607740204391324,0.03200000000000003,True
5.648429,3,55.052897,0.9627491161625135,0.02400000000000002,True
5.713651,3,55.063133,0.9609787411789465,0.02400000000000002,True
5.575056,3,55.073193,0.9587470024052411,0.02400000000000002,True
5.513798,4,55.862408,0.9610197514709804,0.03200000000000003,True
5.282136,2,55.869088,0.9617203530024022,0.016000000000000014,True
5.45125,4,55.882801,0.961880634662339,0.03200000000000003,True
5.556909,5,55.902979,0.9605030590440088,0.040000000000000036,True
5.614111,3,55.914554,0.9598983875348358,0.02400000000000002,True
5.567919,5,55.931972,0.9589449506432057,0.040000000000000036,True
5.79941,4,55.943993,0.9585768207642194,0.03200000000000003,True
5.56658,3,55.95149,0.9581827844916847,0.02400000000000002,True
5.575206,4,55.963208,0.9594669745429769,0.03200000000000003,True
5.630766,4,55.974766,0.9637608077997315,0.03200000000000003,True
5.601792,3,55.98446,0.9605116090415513,0.02400000000000002,True
5.791697,4,55.999375,0.9604162074770783,0.03200000000000003,True
5.768826,3,56.009294,0.960740651981641,0.02400000000000002,True
5.564697,4,56.022269,0.9651750404695425,0.03200000000000003,True
5.613146,5,56.038288,0.9636631016104588,0.040000000000000036,True
5.706386,4,56.050408,0.9591185691573301,0.03200000000000003,True
5.435515,5,56.065026,0.9622489753962191,0.040000000000000036,True
5.924065,4,56.079023,0.9651048895177214,0.03200000000000003,True
5.674991,4,56.090994,0.9611259260570719,0.03200000000000003,True
5.505753,4,56.103216,0.9624224587240306,0.03200000000000003,True
5.748014,3,56.112018,0.9629514954211438,0.02400000000000002,True
5.470682,5,56.127239,0.9645421206416612,0.040000000000000036,True
5.833406,4,56.139618,0.9601235376819108,0.03200000000000003,True
5.527151,4,56.151158,0.9619986281208194,0.03200000000000003,True
5.850363,4,56.162691,0.9610731121076261,0.03200000000000003,True
5.484088,4,56.173987,0.9618358560403412,0.03200000000000003,True
5.642064,5,56.187989,0.9676181930311248,0.040000000000000036,True
5.509626,5,56.204028,0.9628239134859078,0.040000000000000036,True
5.653659,5,56.218966,0.9646804512026363,0.040000000000000036,True
5.649716,4,56.231414,0.9611930083413032,0.03200000000000003,True
5.715685,4,56.242863,0.96021173037247,0.03200000000000003,True
5.730008,5,56.257706,0.9665750034468255,0.040000000000000036,True
5.648265,3,56.267679,0.9631550669114142,0.02400000000000002,True
5.59178,4,56.282031,0.9605706242657115,0.03200000000000003,True
5.449655,4,56.293232,0.9592704522500325,0.03200000000000003,True
5.857354,4,56.305327,0.9588731718385208,0.03200000000000003,True
5.815923,4,56.319817,0.961791493337465,0.03200000000000003,True
5.582011,3,56.32857,0.9608174578766949,0.02400000000000002,True
5.570805,3,56.337953,0.9611597611814211,0.02400000000000002,True
5.72095,4,56.349987,0.9612491231100775,0.03200000000000003,True
5.774392,4,56.362714,0.9653177380868154,0.03200000000000003,True
5.59229,4,56.375667,0.9618865256579414,0.03200000000000003,True
5.643142,5,56.393361,0.9626546920592268,0.040000000000000036,True
5.795057,5,56.409334,0.9600360119424785,0.040000000000000036,True
5.483071,4,56.421921,0.9587007196868786,0.03200000000000003,True
5.499148,4,56.43341,0.9612687661636479,0.03200000000000003,True
5.681199,4,56.445953,0.9662124452209375,0.03200000000000003,True
5.536738,3,56.455276,0.9610392038117554,0.02400000000000002,True
5.738738,4,56.466826,0.9603936164063118,0.03200000000000003,True
5.540141,3,56.475873,0.9594129049278274,0.02400000000000002,True
5.68646,4,56.487381,0.9592633956052445,0.03200000000000003,True
5.509341,3,56.497029,0.9709791879878856,0.02400000000000002,True
5.562833,4,56.50855,0.9631238380003228,0.03200000000000003,True
5.914648,4,56.520802,0.9652736209314619,0.03200000000000003,True
5.774416,3,56.529852,0.9598637845766307,0.02400000000000002,True
5.699911,4,56.541735,0.9594667992285718,0.03200000000000003,True
5.50459,5,56.558246,0.9608730747998085,0.040000000000000036,True
5.543904,5,56.574251,0.9610738439456564,0.040000000000000036,True
5.493654,3,56.583845,0.9610344982392943,0.02400000000000002,True
5.69051,3,56.595172,0.9635075308280239,0.02400000000000002,True
5.725769,5,56.615073,0.9624245182157285,0.040000000000000036,True
5.764874,3,56.624734,0.9598412204179599,0.02400000000000002,True
5.523293,4,56.741876,0.9610802822185481,0.03200000000000003,True
5.821269,4,56.753567,0.9605952577311287,0.03200000000000003,True
5.785675,4,56.767366,0.9610453823757863,0.03200000000000003,True
5.771303,5,57.576345,0.9693359243752142,0.040000000000000036,True
5.351315,3,57.587248,0.9631383746602252,0.02400000000000002,True
5.727806,4,57.601278,0.9612043991488675,0.03200000000000003,True
5.519693,3,57.612055,0.9632777727849121,0.02400000000000002,True
5.565946,3,57.622445,0.9618350414731908,0.02400000000000002,True
5.806245,5,57.639277,0.9570256600096876,0.040000000000000036,True
5.368084,2,57.646061,0.9595999308951437,0.016000000000000014,True
5.665916,3,57.655234,0.964127672713278,0.02400000000000002,True
5.533512,4,57.66874,0.9603397542325156,0.03200000000000003,True
5.520843,4,57.684134,0.9576050525115591,0.03200000000000003,True
5.425346,3,57.698087,0.9576636867156092,0.02400000000000002,True
5.62538,4,57.713371,0.9605995068796676,0.03200000000000003,True
5.491791,3,57.723591,0.9589785452818863,0.02400000000000002,True
5.465677,3,57.73457,0.9616255822223838,0.02400000000000002,True
5.674874,5,57.750852,0.9609939044577923,0.040000000000000036,True
6.051645,5,57.767907,0.9599048420031042,0.040000000000000036,True
5.55618,4,57.780439,0.9577817178916067,0.03200000000000003,True
5.930844,4,57.793637,0.9612025481983102,0.03200000000000003,True
5.815328,4,57.80745,0.9596785144288356,0.03200000000000003,True
5.680128,4,57.820994,0.9608957005242325,0.03200000000000003,True
5.58178,5,57.836195,0.9568399554520275,0.040000000000000036,True
5.831285,4,57.848903,0.9679524165991875,0.03200000000000003,True
5.872006,3,57.859242,0.9613037141710167,0.02400000000000002,True
5.706703,3,57.869693,0.9587478267866544,0.02400000000000002,True
5.64936,5,57.886753,0.9565702876805674,0.040000000000000036,True
5.419962,3,57.897268,0.9586780911796449,0.02400000000000002,True
5.847293,4,57.910946,0.9638288788790301,0.03200000000000003,True
5.834523,4,57.924615,0.9613225627112305,0.03200000000000003,True
5.782874,4,57.93905,0.9595850403640709,0.03200000000000003,True
5.513217,4,57.95135,0.9674942751272084,0.03200000000000003,True
5.870382,4,57.96032,0.9583548720305357,0.03200000000000003,True
5.988378,3,57.968028,0.9635277501134234,0.02400000000000002,True
5.464783,4,57.976807,0.9600325941711106,0.03200000000000003,True
5.411005,4,57.985776,0.9575595932547563,0.03200000000000003,True
5.790578,4,57.995594,0.96606650800001,0.03200000000000003,True
5.566419,5,58.006034,0.9594695593159139,0.040000000000000036,True
5.471136,3,58.013367,0.9625116689787939,0.02400000000000002,True
5.856973,5,58.024179,0.9605258480562222,0.040000000000000036,True
5.967709,5,58.035435,0.9601551717971379,0.040000000000000036,True
5.504828,5,58.047938,0.9606420266492668,0.040000000000000036,True
5.552353,5,58.059633,0.9596208595474507,0.040000000000000036,True
5.716156,5,58.07289,0.9642515185532552,0.040000000000000036,True
5.520133,5,58.084508,0.9586031902964338,0.040000000000000036,True
5.558818,5,58.095693,0.9611713728120354,0.040000000000000036,True
5.513795,3,58.103209,0.9632968116595553,0.02400000000000002,True
5.558941,5,58.115864,0.9585860531933953,0.040000000000000036,True
5.733242,5,58.126602,0.9571238173556186,0.040000000000000036,True
5.802431,4,58.135305,0.9652795248758335,0.03200000000000003,True
5.785981,4,58.144809,0.9598391090864404,0.03200000000000003,True
5.773602,4,58.154403,0.9669882423930953,0.03200000000000003,True
5.461607,3,58.163117,0.9615190961618894,0.02400000000000002,True
5.718613,3,58.170924,0.9642901210785834,0.02400000000000002,True
5.424283,3,58.176988,0.9613819722490373,0.02400000000000002,True
6.084743,4,58.186306,0.9634661609371461,0.03200000000000003,True
5.587733,3,58.193411,0.9639261957369051,0.02400000000000002,True
5.548971,4,58.206279,0.9622915325269297,0.03200000000000003,True
5.857914,5,58.218526,0.9611928034122194,0.040000000000000036,True
5.642367,5,58.232431,0.9609661361868898,0.040000000000000036,True
5.341507,3,58.240331,0.9621035810813852,0.02400000000000002,True
5.637025,4,58.249036,0.962166034000598,0.03200000000000003,True
5.697142,4,58.261419,0.9613937163110016,0.03200000000000003,True
5.507887,4,58.271759,0.9591233788237612,0.03200000000000003,True
5.877064,4,58.282048,0.9612954410013875,0.03200000000000003,True
5.852159,4,58.291828,0.9623064503609642,0.03200000000000003,True
5.780193,5,58.861062,0.9597019361591932,0.040000000000000036,True
5.781133,4,58.872348,0.9613014798613684,0.03200000000000003,True
5.8821,4,58.883189,0.9633941751775504,0.03200000000000003,True
5.665658,3,58.8905,0.9629351607725694,0.02400000000000002,True
5.589083,3,58.898583,0.9602126797516884,0.02400000000000002,True
5.691891,4,58.90974,0.9619210804903922,0.03200000000000003,True
5.756663,4,58.918814,0.9629056853750071,0.03200000000000003,True
5.658373,5,58.930276,0.9609772983115147,0.040000000000000036,True
5.929071,3,58.938572,0.9573197420705273,0.02400000000000002,True
5.482474,3,58.944618,0.962625755351623,0.02400000000000002,True
5.495936,2,58.951872,0.9571454013832654,0.016000000000000014,True
5.618005,3,58.960519,0.9632957788584593,0.02400000000000002,True
5.772518,4,58.969026,0.9630860455560091,0.03200000000000003,True
6.039846,5,58.98132,0.9624480193704961,0.040000000000000036,True
5.464124,4,58.990524,0.9606772749823149,0.03200000000000003,True
5.65589,3,58.998241,0.9622049687169685,0.02400000000000002,True
5.825742,4,59.006283,0.9611943034294619,0.03200000000000003,True
5.402903,5,59.01819,0.9642364589876482,0.040000000000000036,True
5.585509,4,59.027138,0.9628399814891049,0.03200000000000003,True
5.56389,4,59.037076,0.958320390306368,0.03200000000000003,True
5.497718,4,59.045976,0.9574433075798827,0.03200000000000003,True
5.667111,3,59.054053,0.9635754684298189,0.02400000000000002,True
5.658504,3,59.062371,0.9587029616287717,0.02400000000000002,True
5.484211,4,59.071347,0.9653069631302138,0.03200000000000003,True
5.656996,3,59.078794,0.9594502285788199,0.02400000000000002,True
5.448963,3,59.086094,0.9611865148972043,0.02400000000000002,True
5.632782,4,59.095635,0.9621512300122045,0.03200000000000003,True
5.959832,4,59.106147,0.9618902358825872,0.03200000000000003,True
5.416311,2,59.111102,0.9581567578024263,0.016000000000000014,True
5.483459,4,59.120507,0.9592080001123295,0.03200000000000003,True
5.569843,3,59.127251,0.9614256117951422,0.02400000000000002,True
5.524284,4,59.135759,0.9611395804631843,0.03200000000000003,True
5.761092,5,59.148297,0.9588850416106418,0.040000000000000036,True
5.649003,4,59.156859,0.9614251657744662,0.03200000000000003,True
5.648873,5,59.169256,0.9584436053610098,0.040000000000000036,True
5.674796,4,59.17861,0.9628242032810344,0.03200000000000003,True
5.800576,4,59.187903,0.9602840547066838,0.03200000000000003,True
5.790332,4,59.196199,0.9608739005265687,0.03200000000000003,True
5.758765,4,59.205559,0.9624387137899247,0.03200000000000003,True
5.478848,3,59.212425,0.96269454228137,0.02400000000000002,True
5.716869,4,59.22173,0.9657879267310086,0.03200000000000003,True
5.56272,3,59.229778,0.9614652128194081,0.02400000000000002,True
5.751555,3,59.237195,0.9613530374701037,0.02400000000000002,True
5.822491,5,59.24877,0.9617472512757237,0.040000000000000036,True
5.890343,5,59.261405,0.9620772532464279,0.040000000000000036,True
5.697191,4,59.270486,0.9674288120396718,0.03200000000000003,True
5.506905,3,59.277063,0.9590338517004231,0.02400000000000002,True
5.468722,4,59.286092,0.9612066818247045,0.03200000000000003,True
5.607958,4,59.29578,0.9592118847054103,0.03200000000000003,True
5.677228,4,59.304874,0.9621579885680739,0.03200000000000003,True
5.841681,5,59.316895,0.9593931896659941,0.040000000000000036,True
5.773229,5,59.328049,0.9592679206570822,0.040000000000000036,True
5.540678,4,59.337071,0.9587887716076322,0.03200000000000003,True
5.725777,4,59.345802,0.9591547807528112,0.03200000000000003,True
5.663559,3,59.353349,0.9629551718425999,0.02400000000000002,True
5.506225,4,59.362128,0.9611930501456212,0.03200000000000003,True
5.562184,4,59.371364,0.9576423310118007,0.03200000000000003,True
5.493844,4,59.381102,0.9645306943459776,0.03200000000000003,True
5.683981,4,59.390663,0.9628374778912911,0.03200000000000003,True
5.82458,5,59.401513,0.9585338728540242,0.040000000000000036,True
5.706463,4,59.410972,0.9613302435951558,0.03200000000000003,True
5.616564,4,59.420679,0.9656447414148093,0.03200000000000003,True
5.543271,3,59.427829,0.9571698701771525,0.02400000000000002,True
5.947053,4,59.437161,0.9603935692809931,0.03200000000000003,True
5.735237,4,59.446808,0.9640522036016077,0.03200000000000003,True
5.648187,3,59.45421,0.9650726850122568,0.02400000000000002,True
5.710124,5,59.466221,0.9594724830397232,0.040000000000000036,True
5.610089,4,60.018866,0.9639107980165784,0.03200000000000003,True
5.498325,4,60.027149,0.9608089655619172,0.03200000000000003,True
5.5512,5,60.038693,0.9603426660633887,0.040000000000000036,True
5.615208,4,60.048997,0.9575541263615007,0.03200000000000003,True
5.766478,4,60.059132,0.9606764395308128,0.03200000000000003,True
5.903922,4,60.06917,0.9597320544245079,0.03200000000000003,True
5.804177,4,60.079167,0.9591274278261286,0.03200000000000003,True
5.494489,3,60.086874,0.9611954252512882,0.02400000000000002,True
5.77164,4,60.095701,0.9639573880981063,0.03200000000000003,True
5.485979,4,60.104709,0.9617011471366593,0.03200000000000003,True
5.638062,5,60.119302,0.9590293561490323,0.040000000000000036,True
5.446192,3,60.125889,0.9621193236593781,0.02400000000000002,True
5.758567,5,60.13732,0.9623456753646172,0.040000000000000036,True
5.699624,4,60.14665,0.9613514034840698,0.03200000000000003,True
5.799078,4,60.156233,0.9581550465300877,0.03200000000000003,True
5.43611,4,60.165555,0.9599806613819761,0.03200000000000003,True
5.777665,4,60.174673,0.9602005066989454,0.03200000000000003,True
5.72865,3,60.181999,0.9627135047729645,0.02400000000000002,True
5.795982,4,60.191344,0.9601295769108416,0.03200000000000003,True
6.122885,4,60.199689,0.9570957487855232,0.03200000000000003,True
5.606026,4,60.208861,0.9631248808824436,0.03200000000000003,True
5.550574,4,60.218244,0.9635907313769869,0.03200000000000003,True
5.752116,4,60.227283,0.9641958430915019,0.03200000000000003,True
5.843267,3,60.234931,0.9627996302511802,0.02400000000000002,True
5.42785,3,60.242713,0.9587041809254846,0.02400000000000002,True
5.534107,3,60.249921,0.9613756447917772,0.02400000000000002,True
5.609993,4,60.259572,0.9588753072629118,0.03200000000000003,True
5.787158,4,60.270183,0.9626490570207941,0.03200000000000003,True
6.033543,4,60.280168,0.9597876381465267,0.03200000000000003,True
5.664587,3,60.286932,0.9607974917580324,0.02400000000000002,True
5.633695,4,60.297387,0.9631479962892567,0.03200000000000003,True
5.414661,3,60.303519,0.9632406713239785,0.02400000000000002,True
5.630915,4,60.312646,0.9616774674143329,0.03200000000000003,True
5.735167,4,60.322039,0.956964682186033,0.03200000000000003,True
5.819426,4,60.330819,0.9568850558358416,0.03200000000000003,True
5.931892,5,60.341449,0.95767272465975,0.040000000000000036,True
5.821406,4,60.350547,0.960779576885643,0.03200000000000003,True
5.646624,4,60.35993,0.9587281065491653,0.03200000000000003,True
5.625499,4,60.369342,0.957717514542439,0.03200000000000003,True
5.946352,4,60.378216,0.9572160928847784,0.03200000000000003,True
6.029083,4,60.386172,0.9588463813026065,0.03200000000000003,True
5.577024,5,60.397402,0.9611425591270765,0.040000000000000036,True
5.538783,4,60.406773,0.9586011052187644,0.03200000000000003,True
5.702671,4,60.416614,0.9598106358841545,0.03200000000000003,True
5.696637,5,60.427385,0.9614251903561019,0.040000000000000036,True
5.975297,4,60.437642,0.9633051715274937,0.03200000000000003,True
5.589329,5,60.449296,0.9624666564575404,0.040000000000000036,True
5.616233,4,60.458945,0.963323308801805,0.03200000000000003,True
5.536993,5,60.470038,0.9608956195365255,0.040000000000000036,True
5.445697,5,60.480994,0.9592034480763076,0.040000000000000036,True
5.47454,3,60.488614,0.9605398810391607,0.02400000000000002,True
5.593194,4,60.49762,0.9583180417532217,0.03200000000000003,True
5.921451,4,60.506723,0.9605950931440163,0.03200000000000003,True
5.471556,4,60.516175,0.962129841029109,0.03200000000000003,True
5.60083,5,60.528754,0.9613055267004356,0.040000000000000036,True
5.488986,5,60.540454,0.959447926947192,0.040000000000000036,True
5.748729,4,60.549865,0.9657708848760403,0.03200000000000003,True
5.411175,3,60.558003,0.9577037942385461,0.02400000000000002,True
5.949489,5,60.571871,0.963602353605325,0.040000000000000036,True
5.425598,5,60.592262,0.9614034712473085,0.040000000000000036,True
5.481085,5,60.609139,0.9571307060791445,0.040000000000000036,True
6.016957,5,60.621304,0.9617696989638884,0.040000000000000036,True
5.588238,5,60.632472,0.9570854444537631,0.040000000000000036,True
5.657004,4,61.171446,0.9614891303313646,0.03200000000000003,True
5.800781,4,61.1807,0.9599140146364905,0.03200000000000003,True
5.866475,3,61.188285,0.9569241657137324,0.02400000000000002,True
5.839958,3,61.195512,0.96009685857254,0.02400000000000002,True
5.61736,4,61.205139,0.9634675125862757,0.03200000000000003,True
5.638835,5,61.217307,0.9585043530960773,0.040000000000000036,True
5.596552,3,61.224677,0.9615915516740512,0.02400000000000002,True
5.626045,4,61.233887,0.9568223150420845,0.03200000000000003,True
5.471641,3,61.241336,0.9637345595511142,0.02400000000000002,True
5.762458,5,61.251946,0.958524385643281,0.040000000000000036,True
5.792949,4,61.262617,0.9590576600348075,0.03200000000000003,True
5.467349,4,61.271622,0.959599696372391,0.03200000000000003,True
5.517844,3,61.278549,0.9630614318727475,0.02400000000000002,True
5.781168,4,61.287756,0.9587136621562029,0.03200000000000003,True
5.450849,3,61.294829,0.9626400411615548,0.02400000000000002,True
5.926488,3,61.302728,0.9599219872071127,0.02400000000000002,True
5.506658,5,61.313172,0.9616868223218259,0.040000000000000036,True
5.339149,2,61.319143,0.961267775826217,0.016000000000000014,True
6.060927,4,61.328063,0.9651704739643859,0.03200000000000003,True
5.437559,3,61.334877,0.9630534116266052,0.02400000000000002,True
5.58241,5,61.346505,0.9609898331530544,0.040000000000000036,True
5.438378,3,61.353517,0.9618958449477901,0.02400000000000002,True
5.8846,4,61.364653,0.962463015938847,0.03200000000000003,True
5.421307,2,61.369709,0.961907491729328,0.016000000000000014,True
5.729596,5,61.383714,0.9634594005195511,0.040000000000000036,True
5.731186,4,61.392653,0.9591371334745424,0.03200000000000003,True
5.775577,4,61.401707,0.9616905255616782,0.03200000000000003,True
5.60937,5,61.412781,0.9658321818472724,0.040000000000000036,True
5.833838,4,61.422043,0.9608772337126508,0.03200000000000003,True
5.823793,5,61.433986,0.9590701108365141,0.040000000000000036,True
5.608376,3,61.441729,0.9579328609583655,0.02400000000000002,True
5.832086,6,61.454322,0.9600197068907126,0.04800000000000004,True
6.006507,3,61.461559,0.9579813897893528,0.02400000000000002,True
5.663731,4,61.471286,0.961863239148037,0.03200000000000003,True
5.617032,5,61.483018,0.9616033969409692,0.040000000000000036,True
5.700944,4,61.492533,0.9594946868743193,0.03200000000000003,True
6.003244,4,61.501928,0.9573932329561761,0.03200000000000003,True
5.442572,4,61.511684,0.9613766287426193,0.03200000000000003,True
5.671894,4,61.520844,0.9620593726895418,0.03200000000000003,True
5.621557,4,61.530539,0.9576766983155962,0.03200000000000003,True
5.839597,4,61.539972,0.9626240703247844,0.03200000000000003,True
5.646101,4,61.549167,0.9639379709110918,0.03200000000000003,True
5.571202,4,61.558246,0.9638971149285878,0.03200000000000003,True
5.720204,3,61.565324,0.9612100562193402,0.02400000000000002,True
5.732246,4,61.573615,0.9623842013374705,0.03200000000000003,True
5.616125,4,61.582546,0.9620711340215037,0.03200000000000003,True
5.603921,3,61.590227,0.9632761076007206,0.02400000000000002,True
5.687959,3,61.597476,0.9627641093505165,0.02400000000000002,True
5.730511,5,61.612756,0.9590013199803383,0.040000000000000036,True
5.847438,4,61.62718,0.9633749145919571,0.03200000000000003,True
5.87763,4,61.640335,0.9606171959928805,0.03200000000000003,True
5.696946,5,61.651731,0.9609725952982922,0.040000000000000036,True
5.815692,5,61.66255,0.957006041998095,0.040000000000000036,True
5.801726,4,61.671363,0.9633578591726865,0.03200000000000003,True
5.856839,3,61.678847,0.9618252492638182,0.02400000000000002,True
5.643209,3,61.685886,0.9620217497996443,0.02400000000000002,True
5.880681,5,61.698833,0.9614802582973273,0.040000000000000036,True
5.734276,4,61.707982,0.9643390942559289,0.03200000000000003,True
5.694786,4,61.722369,0.9615077439985609,0.03200000000000003,True
5.775782,5,61.733681,0.9630557550629496,0.040000000000000036,True
5.55636,4,61.743273,0.9601348846931219,0.03200000000000003,True
5.549828,3,61.749475,0.9656961650320713,0.02400000000000002,True
6.060782,4,61.759135,0.9571377932709997,0.03200000000000003,True
5.679363,3,61.767445,0.9619664648649612,0.02400000000000002,True
5.495637,3,61.77439,0.9617280374300378,0.02400000000000002,True
5.79951,5,62.31213,0.9614245865184029,0.040000000000000036,True
5.672507,3,62.319939,0.9625287557217439,0.02400000000000002,True
5.95112,4,62.32904,0.9612609705404425,0.03200000000000003,True
5.593726,4,62.338901,0.960073654889857,0.03200000000000003,True
5.516731,4,62.348345,0.957429175192724,0.03200000000000003,True
5.732997,3,62.356021,0.9624590044039163,0.02400000000000002,True
5.812942,5,62.36986,0.9639178714155807,0.040000000000000036,True
5.654132,3,62.379298,0.9631527675850524,0.02400000000000002,True
5.764887,5,62.391788,0.9655725189668953,0.040000000000000036,True
5.865652,3,62.39943,0.9604805789821301,0.02400000000000002,True
5.601146,4,62.409613,0.9570219025732998,0.03200000000000003,True
5.437224,4,62.419332,0.9614682363766257,0.03200000000000003,True
5.941865,4,62.428909,0.9581350143047557,0.03200000000000003,True
5.849172,4,62.438515,0.9630047026476743,0.03200000000000003,True
5.723142,3,62.444434,0.9566198464567817,0.02400000000000002,True
5.759872,5,62.456377,0.9621299929487226,0.040000000000000036,True
5.480724,3,62.463247,0.9649387480813965,0.02400000000000002,True
5.543759,4,62.472564,0.9596421411227384,0.03200000000000003,True
5.649097,5,62.484047,0.9603595107639282,0.040000000000000036,True
5.644847,4,62.49311,0.9635556333588395,0.03200000000000003,True
5.620234,5,62.504208,0.9610673570131189,0.040000000000000036,True
5.467891,4,62.512416,0.9600394024921967,0.03200000000000003,True
5.876752,4,62.521773,0.9635074663225427,0.03200000000000003,True
5.734557,5,62.532403,0.9633169004327219,0.040000000000000036,True
5.997304,4,62.541563,0.9592863975417838,0.03200000000000003,True
5.751887,4,62.551117,0.9604456212966302,0.03200000000000003,True
5.577414,4,62.560576,0.9649329518106553,0.03200000000000003,True
5.482287,4,62.57012,0.9695567567275123,0.03200000000000003,True
5.593531,5,62.581265,0.9626998084378998,0.040000000000000036,True
5.94905,4,62.591689,0.9609945213044322,0.03200000000000003,True
5.528574,4,62.601169,0.9586186172003174,0.03200000000000003,True
5.451526,3,62.608584,0.9649559398517655,0.02400000000000002,True
5.595786,4,62.617786,0.959022913243726,0.03200000000000003,True
5.481973,4,62.626873,0.9683043840345862,0.03200000000000003,True
5.794804,5,62.637821,0.9622741859558893,0.040000000000000036,True
5.595067,4,62.652395,0.960696810567464,0.03200000000000003,True
5.664165,4,62.666725,0.9627226645316107,0.03200000000000003,True
5.650814,4,62.678375,0.9657049964442148,0.03200000000000003,True
5.629428,4,62.689337,0.9592194641372664,0.03200000000000003,True
5.616703,3,62.695971,0.9599226270623441,0.02400000000000002,True
5.820129,4,62.706192,0.9581217471267814,0.03200000000000003,True
5.682906,3,62.713096,0.9593961841917462,0.02400000000000002,True
5.338725,3,62.720927,0.9559124942181566,0.02400000000000002,True
5.676245,3,62.728281,0.9598971923483408,0.02400000000000002,True
5.695128,3,62.733698,0.9630191661301604,0.02400000000000002,True
5.572627,4,62.745183,0.9650266949275759,0.03200000000000003,True
5.596175,4,62.754667,0.961518634244901,0.03200000000000003,True
5.726781,4,62.764502,0.9615057569007152,0.03200000000000003,True
5.783866,4,62.774199,0.9604294352271427,0.03200000000000003,True
5.833066,4,62.783534,0.9605144774996556,0.03200000000000003,True
5.707057,4,62.794037,0.9641189291754846,0.03200000000000003,True
5.462772,3,62.801725,0.9647528825234498,0.02400000000000002,True
5.68461,4,62.810921,0.9639878143777838,0.03200000000000003,True
5.804084,2,62.816306,0.9603566905420167,0.016000000000000014,True
5.620167,6,62.843273,0.9647298312579041,0.04800000000000004,True
5.712075,3,62.941,0.9640131799736815,0.02400000000000002,True
5.43863,3,62.949277,0.9594751967270663,0.02400000000000002,True
5.7362,4,62.95969,0.9580443897055484,0.03200000000000003,True
5.421023,3,62.967586,0.9637905917819957,0.02400000000000002,True
5.915863,5,62.97982,0.9643152852339805,0.040000000000000036,True
5.552553,5,62.99223,0.9565669540436016,0.040000000000000036,True
5.552638,3,62.998685,0.955696933692493,0.02400000000000002,True
5.716965,3,63.005227,0.9606119862005513,0.02400000000000002,True
5.381039,4,63.015137,0.9621830237749139,0.03200000000000003,True
5.647664,4,63.028858,0.9576252013548963,0.03200000000000003,True
5.772481,4,63.039435,0.9578679444358084,0.03200000000000003,True
5.823027,4,63.601351,0.9613708401414629,0.03200000000000003,True
5.807395,4,63.612716,0.961882030806002,0.03200000000000003,True
5.972778,4,63.622061,0.9703067779221083,0.03200000000000003,True
5.706207,3,63.629126,0.9575202507539795,0.02400000000000002,True
5.906028,5,63.64065,0.9608263565430526,0.040000000000000036,True
5.822189,4,63.650371,0.9622476280348546,0.03200000000000003,True
5.782138,5,63.662251,0.9621699402643924,0.040000000000000036,True
5.582958,4,63.671625,0.9611678683830089,0.03200000000000003,True
5.981873,4,63.685938,0.9610809380485075,0.03200000000000003,True
5.81366,5,63.703181,0.964100877106125,0.040000000000000036,True
5.590998,3,63.713551,0.9595796579997449,0.02400000000000002,True
5.532557,3,63.721402,0.9645970812213012,0.02400000000000002,True
5.513016,4,63.730743,0.9637290119462145,0.03200000000000003,True
5.650192,4,63.740306,0.9608158250278909,0.03200000000000003,True
5.719115,4,63.748899,0.9619005889114963,0.03200000000000003,True
5.342314,3,63.75552,0.9597601471472406,0.02400000000000002,True
5.969052,4,63.765393,0.967616404687595,0.03200000000000003,True
5.541467,5,63.776678,0.9604960446925364,0.040000000000000036,True
5.678043,3,63.785114,0.9604713564187203,0.02400000000000002,True
5.697368,4,63.794444,0.9597259255125659,0.03200000000000003,True
5.697288,3,63.802616,0.9624695997907939,0.02400000000000002,True
5.373286,3,63.810597,0.962267916691946,0.02400000000000002,True
5.840231,4,63.819331,0.9610223145052967,0.03200000000000003,True
5.611745,5,63.831092,0.9614815370256338,0.040000000000000036,True
5.68961,4,63.841027,0.9608983927944692,0.03200000000000003,True
5.60869,4,63.850991,0.9649101820400493,0.03200000000000003,True
5.394277,4,63.861667,0.9634217747474004,0.03200000000000003,True
5.549625,3,63.868106,0.9559542925708246,0.02400000000000002,True
5.883173,3,63.875858,0.9592186275870989,0.02400000000000002,True
5.805621,4,63.88522,0.9661503992653693,0.03200000000000003,True
5.666129,4,63.894478,0.9592306588399604,0.03200000000000003,True
5.772339,4,63.903945,0.9597138199034733,0.03200000000000003,True
5.70834,4,63.913056,0.9634735337823956,0.03200000000000003,True
5.454261,5,63.925794,0.9572078491630847,0.040000000000000036,True
5.663814,3,63.933501,0.9632105757581312,0.02400000000000002,True
5.820152,4,63.942979,0.9624298170432828,0.03200000000000003,True
5.702244,5,63.95371,0.9595206958753265,0.040000000000000036,True
5.498267,4,63.96407,0.9643745978733861,0.03200000000000003,True
5.624524,2,63.969766,0.9571041276600482,0.016000000000000014,True
5.723388,4,63.979321,0.9605641841728174,0.03200000000000003,True
5.874134,4,63.988527,0.962503251706318,0.03200000000000003,True
5.825543,4,63.999471,0.9571479733753256,0.03200000000000003,True
5.502967,4,64.008424,0.9643330952315106,0.03200000000000003,True
5.881392,3,64.015036,0.9616063176473933,0.02400000000000002,True
5.707076,4,64.024202,0.9591211748537374,0.03200000000000003,True
5.896832,5,64.036481,0.961554487994177,0.040000000000000036,True
5.766083,5,64.047887,0.9623816768800277,0.040000000000000036,True
5.443626,3,64.055362,0.9563697356114385,0.02400000000000002,True
5.579559,3,64.063294,0.9588287322818176,0.02400000000000002,True
5.638709,4,64.073149,0.9589260594442898,0.03200000000000003,True
5.620571,4,64.08304,0.9636649026584454,0.03200000000000003,True
5.761832,4,64.092254,0.9625087405618944,0.03200000000000003,True
5.705995,4,64.101938,0.961880367648347,0.03200000000000003,True
5.420545,3,64.108937,0.9590319971605163,0.02400000000000002,True
5.570692,4,64.117175,0.9618804668300004,0.03200000000000003,True
5.787,3,64.124095,0.9593770573935945,0.02400000000000002,True
5.364889,3,64.131822,0.9630718742961011,0.02400000000000002,True
5.661354,3,64.138088,0.9608812973406635,0.02400000000000002,True
5.70869,4,64.148117,0.9583390857650613,0.03200000000000003,True
5.575378,5,64.160618,0.966967383736987,0.040000000000000036,True
5.502595,3,64.166981,0.9599268527959008,0.02400000000000002,True
5.631605,3,64.174017,0.9606882669826613,0.02400000000000002,True
5.431559,4,64.183816,0.9679599533683695,0.03200000000000003,True
5.543385,5,64.194912,0.9620604793726836,0.040000000000000036,True
5.633338,4,64.204069,0.9624024775792219,0.03200000000000003,True
5.414405,3,64.210329,0.9592408704543667,0.02400000000000002,True
5.570322,3,64.218098,0.9602117486223274,0.02400000000000002,True
5.565728,3,64.225649,0.9608158887523173,0.02400000000000002,True
5.561554,4,64.782831,0.9609110017452008,0.03200000000000003,True
5.456466,4,64.792519,0.9603533160945695,0.03200000000000003,True
5.962107,4,64.802817,0.961321380588675,0.03200000000000003,True
5.625312,4,64.8109,0.9619197362683417,0.03200000000000003,True
6.020102,4,64.820158,0.9626123697898369,0.03200000000000003,True
5.552799,4,64.829123,0.9618782116050617,0.03200000000000003,True
5.626637,4,64.838267,0.9620269000368672,0.03200000000000003,True
5.749735,4,64.846834,0.9620625562169153,0.03200000000000003,True
5.702617,4,64.856613,0.9605447229052241,0.03200000000000003,True
5.451427,3,64.864555,0.9626162398445776,0.02400000000000002,True
5.632926,5,64.875888,0.9564577434439973,0.040000000000000036,True
5.97411,5,64.88943,0.964005581487867,0.040000000000000036,True
5.664061,4,64.898901,0.9666862018759643,0.03200000000000003,True
5.4088,4,64.907921,0.9631004574941122,0.03200000000000003,True
5.558897,3,64.914733,0.9578264038236193,0.02400000000000002,True
5.817018,4,64.923834,0.9606272698832254,0.03200000000000003,True
5.670358,4,64.932258,0.96158368691517,0.03200000000000003,True
5.535689,4,64.942234,0.9627604432579584,0.03200000000000003,True
5.502687,4,64.950645,0.9583791482347629,0.03200000000000003,True
5.666221,3,64.958731,0.9606492017505475,0.02400000000000002,True
5.340983,3,64.96706,0.9599895114191594,0.02400000000000002,True
5.563296,4,64.976161,0.9602349010256735,0.03200000000000003,True
5.522504,4,64.984811,0.9588602024247883,0.03200000000000003,True
5.486415,4,64.994422,0.9611949957544585,0.03200000000000003,True
5.579128,3,65.001371,0.9608303560100651,0.02400000000000002,True
5.793175,4,65.010548,0.9590295182909434,0.03200000000000003,True
5.724056,4,65.01982,0.9637479884217413,0.03200000000000003,True
5.702806,3,65.027363,0.95983450326217,0.02400000000000002,True
6.077666,4,65.036999,0.961323299357104,0.03200000000000003,True
5.757102,3,65.044645,0.9595966803612497,0.02400000000000002,True
5.773652,4,65.055056,0.9570356785805497,0.03200000000000003,True
5.693008,3,65.06256,0.9585226962043132,0.02400000000000002,True
5.528844,4,65.072689,0.9612857352350328,0.03200000000000003,True
6.033955,4,65.081539,0.9570830052194802,0.03200000000000003,True
6.052981,4,65.091872,0.9654822443179448,0.03200000000000003,True
5.471644,4,65.101806,0.9630386415109332,0.03200000000000003,True
5.826952,4,65.111658,0.9594908222182496,0.03200000000000003,True
5.338776,2,65.116779,0.9610801670762201,0.016000000000000014,True
5.684489,3,65.12489,0.9661491176175468,0.02400000000000002,True
5.285657,2,65.129614,0.9610939686588627,0.016000000000000014,True
5.491492,4,65.139135,0.9606690509378173,0.03200000000000003,True
5.817552,5,65.151222,0.9614981189900258,0.040000000000000036,True
5.558035,5,65.163027,0.9617574805586504,0.040000000000000036,True
5.708863,5,65.173814,0.962384557739695,0.040000000000000036,True
5.840946,4,65.184147,0.963786019096049,0.03200000000000003,True
5.496656,4,65.192795,0.9596143345236123,0.03200000000000003,True
5.449034,4,65.202118,0.9586724702619687,0.03200000000000003,True
5.497026,4,65.211131,0.963480359350258,0.03200000000000003,True
5.908394,3,65.218611,0.9575760533317248,0.02400000000000002,True
5.761959,5,65.229229,0.9604504103105429,0.040000000000000036,True
5.719435,4,65.239545,0.957037453788776,0.03200000000000003,True
5.476425,4,65.248823,0.9575474743339462,0.03200000000000003,True
5.812555,4,65.25715,0.9624348532620093,0.03200000000000003,True
5.498595,4,65.266673,0.9632396063697423,0.03200000000000003,True
5.58769,3,65.274218,0.959298725026691,0.02400000000000002,True
5.623995,2,65.279076,0.9608328012057219,0.016000000000000014,True
5.480511,4,65.288803,0.9637791659106756,0.03200000000000003,True
5.681878,4,65.297582,0.9597254503737985,0.03200000000000003,True
5.425704,3,65.305727,0.9570113964836469,0.02400000000000002,True
5.433217,4,65.315131,0.9664978072420662,0.03200000000000003,True
5.63236,3,65.322735,0.9594568259583245,0.02400000000000002,True
5.653693,4,65.332027,0.9589599199012662,0.03200000000000003,True
5.752796,4,65.340945,0.9610519075597517,0.03200000000000003,True
5.632203,5,65.353184,0.9645428474475954,0.040000000000000036,True
5.726009,4,65.36302,0.9569854074246161,0.03200000000000003,True
5.58007,5,65.375278,0.9616907733127895,0.040000000000000036,True
5.88653,6,65.953318,0.95621127798832,0.04800000000000004,True
5.788633,4,65.963799,0.9632302148000809,0.03200000000000003,True
5.705683,4,65.974023,0.9603759652376023,0.03200000000000003,True
5.836149,5,65.985637,0.9569520997043779,0.040000000000000036,True
5.695089,4,65.995049,0.9624821547121076,0.03200000000000003,True
5.702789,3,66.002152,0.9581489686960653,0.02400000000000002,True
5.673867,4,66.011401,0.9591383897009187,0.03200000000000003,True
5.699039,4,66.021532,0.9568865505652262,0.03200000000000003,True
5.698494,5,66.033997,0.9609264337822818,0.040000000000000036,True
5.724017,4,66.043647,0.9663849456407358,0.03200000000000003,True
6.003125,4,66.052917,0.9599815961093567,0.03200000000000003,True
5.549741,4,66.061852,0.9580801715292744,0.03200000000000003,True
5.627114,3,66.069984,0.9611822586866092,0.02400000000000002,True
5.542886,3,66.077663,0.9629631910414069,0.02400000000000002,True
5.736379,3,66.084899,0.9588492700926088,0.02400000000000002,True
5.644463,4,66.095046,0.9588475402244462,0.03200000000000003,True
5.538797,3,66.102047,0.9631884011080044,0.02400000000000002,True
5.901345,3,66.109257,0.9660991666452203,0.02400000000000002,True
5.680049,3,66.116638,0.960237212567265,0.02400000000000002,True
5.800489,3,66.124636,0.9604551183034018,0.02400000000000002,True
5.665109,5,66.136656,0.9560364678699347,0.040000000000000036,True
5.759955,4,66.145983,0.9589074320616281,0.03200000000000003,True
5.900328,3,66.153013,0.9599666722990654,0.02400000000000002,True
5.493825,4,66.16228,0.9613681236287388,0.03200000000000003,True
5.667563,3,66.169894,0.9651022884128858,0.02400000000000002,True
5.617701,4,66.179094,0.9643789694262901,0.03200000000000003,True
6.007567,4,66.188216,0.9610249842987346,0.03200000000000003,True
5.740898,4,66.197901,0.9587240477033246,0.03200000000000003,True
5.757681,4,66.207525,0.9620660403515987,0.03200000000000003,True
5.501779,3,66.21418,0.959087748862627,0.02400000000000002,True
5.60088,5,66.226444,0.9673885204144731,0.040000000000000036,True
5.453779,3,66.233527,0.9617135804957635,0.02400000000000002,True
5.549415,4,66.243007,0.9603498052785016,0.03200000000000003,True
5.404327,3,66.249903,0.9604110780330221,0.02400000000000002,True
5.524126,3,66.257276,0.959955717464287,0.02400000000000002,True
5.728183,3,66.265943,0.9594417284536703,0.02400000000000002,True
5.497408,4,66.275783,0.9591570473034566,0.03200000000000003,True
5.67177,5,66.287406,0.9659677549922981,0.040000000000000036,True
5.713079,5,66.298764,0.9614273514920634,0.040000000000000036,True
5.96228,3,66.306204,0.9593376146182948,0.02400000000000002,True
5.760206,4,66.315832,0.9647804858365754,0.03200000000000003,True
5.939474,4,66.325022,0.960588870231981,0.03200000000000003,True
5.698369,4,66.333857,0.9628446656759047,0.03200000000000003,True
5.796782,5,66.346443,0.9621193066330704,0.040000000000000036,True
5.835156,4,66.355634,0.9604083249113227,0.03200000000000003,True
5.592604,3,66.363246,0.9630980859899338,0.02400000000000002,True
5.744138,4,66.372333,0.9576595942734384,0.03200000000000003,True
5.610938,4,66.381372,0.9624589180524121,0.03200000000000003,True
5.711705,3,66.388446,0.9589977132426534,0.02400000000000002,True
5.748626,4,66.398304,0.9571846460302319,0.03200000000000003,True
5.64519,4,66.407717,0.9644227464571282,0.03200000000000003,True
5.538642,3,66.413875,0.9633044110070639,0.02400000000000002,True
5.823753,3,66.422153,0.9655790732422658,0.02400000000000002,True
5.601828,3,66.430277,0.9595326808690936,0.02400000000000002,True
5.75736,4,66.440769,0.9603208107143208,0.03200000000000003,True
5.683308,5,66.451902,0.9590436642847554,0.040000000000000036,True
5.699051,4,66.46153,0.9637829804716115,0.03200000000000003,True
5.469405,4,66.470725,0.962060522060082,0.03200000000000003,True
5.816517,4,66.480396,0.9571319637277462,0.03200000000000003,True
5.899425,5,66.491959,0.959295146085079,0.040000000000000036,True
5.577798,3,66.49909,0.9616555868484851,0.02400000000000002,True
6.10551,5,66.511265,0.9590218905617782,0.040000000000000036,True
6.085471,5,66.52241,0.9632584568963247,0.040000000000000036,True
5.778695,4,66.53187,0.9640170481061866,0.03200000000000003,True
5.619314,3,66.539093,0.9628089965031478,0.02400000000000002,True
5.510762,4,66.547988,0.9575013185553445,0.03200000000000003,True
5.661653,3,66.555518,0.9593377532748522,0.02400000000000002,True
5.553041,3,67.114217,0.9602442864411662,0.02400000000000002,True
5.538285,3,67.123276,0.9662338445049854,0.02400000000000002,True
5.620131,3,67.129756,0.959008832870891,0.02400000000000002,True
5.718139,3,67.137176,0.9623202897445953,0.02400000000000002,True
5.515022,4,67.146449,0.9603979509786361,0.03200000000000003,True
5.809981,5,67.159014,0.9612371349541706,0.040000000000000036,True
5.405264,4,67.168548,0.9631402959480015,0.03200000000000003,True
5.39982,4,67.177741,0.9644683481265233,0.03200000000000003,True
5.909297,3,67.184457,0.9557652584387231,0.02400000000000002,True
5.494888,4,67.194464,0.9634617453898496,0.03200000000000003,True
5.824979,5,67.208822,0.9616973000523602,0.040000000000000036,True
5.560371,4,67.218833,0.9641127662563274,0.03200000000000003,True
5.753805,4,67.227918,0.963325876366864,0.03200000000000003,True
5.736443,4,67.236582,0.964637075021157,0.03200000000000003,True
5.644354,4,67.245911,0.9592092185610145,0.03200000000000003,True
5.61407,3,67.253836,0.9655655391754033,0.02400000000000002,True
5.608211,5,67.264986,0.956910460095402,0.040000000000000036,True
5.765133,4,67.274906,0.9638361027673228,0.03200000000000003,True
5.838332,4,67.284817,0.9646378593325111,0.03200000000000003,True
5.82576,4,67.294298,0.9606775316613085,0.03200000000000003,True
5.759009,4,67.30389,0.965613505177457,0.03200000000000003,True
5.621172,5,67.316009,0.9615077179840483,0.040000000000000036,True
5.722419,5,67.326889,0.9596035347805066,0.040000000000000036,True
5.706934,4,67.336298,0.9605948872924865,0.03200000000000003,True
5.708355,5,67.348582,0.9639873247934814,0.040000000000000036,True
5.600444,4,67.357154,0.960269522081289,0.03200000000000003,True
5.502887,5,67.36983,0.9598236480946143,0.040000000000000036,True
5.683132,4,67.378641,0.9656467329039441,0.03200000000000003,True
5.68884,4,67.387457,0.9623345890808276,0.03200000000000003,True
6.001155,3,67.395046,0.9630024247558013,0.02400000000000002,True
5.578872,4,67.404786,0.9622380007488732,0.03200000000000003,True
5.684821,5,67.417985,0.9592838529844442,0.040000000000000036,True
5.669163,4,67.428143,0.9615350748887184,0.03200000000000003,True
5.644872,5,67.440856,0.9592293670468279,0.040000000000000036,True
5.651569,3,67.448914,0.9645875857340309,0.02400000000000002,True
5.603907,4,67.459934,0.9593714499117205,0.03200000000000003,True
5.642741,3,67.467273,0.9639521917735248,0.02400000000000002,True
5.844835,4,67.477017,0.9626019329171706,0.03200000000000003,True
5.606194,5,67.489905,0.9593445554120207,0.040000000000000036,True
5.470605,4,67.499511,0.9644317896492896,0.03200000000000003,True
5.663793,4,67.508787,0.9644244156723063,0.03200000000000003,True
5.793241,4,67.517529,0.9573901400306295,0.03200000000000003,True
5.476123,5,67.528167,0.960739712363197,0.040000000000000036,True
5.805738,5,67.540317,0.9588895418812502,0.040000000000000036,True
5.523724,4,67.550213,0.961414477608565,0.03200000000000003,True
5.718829,4,67.559278,0.9631127982970988,0.03200000000000003,True
6.006466,4,67.568037,0.9637495688372193,0.03200000000000003,True
5.624112,4,67.576776,0.9587002489171269,0.03200000000000003,True
5.85417,5,67.588943,0.9622723043645125,0.040000000000000036,True
5.75258,4,67.598727,0.9639791051899527,0.03200000000000003,True
5.607965,3,67.606839,0.9606619123339479,0.02400000000000002,True
5.820531,4,67.616034,0.9592634334158676,0.03200000000000003,True
5.67459,3,67.623953,0.9592411942820469,0.02400000000000002,True
5.499788,6,67.636754,0.9629007888186868,0.04800000000000004,True
5.734545,3,67.643195,0.9611816756612446,0.02400000000000002,True
5.762301,5,67.655009,0.964385847001436,0.040000000000000036,True
5.651908,5,67.666757,0.9621696826887132,0.040000000000000036,True
5.687534,4,67.676003,0.9606007309534728,0.03200000000000003,True
5.668792,3,67.683904,0.9649778643253758,0.02400000000000002,True
5.620878,5,67.694523,0.959454067003273,0.040000000000000036,True
5.582972,3,67.702078,0.959155323833448,0.02400000000000002,True
5.56673,4,67.711232,0.9611316569825978,0.03200000000000003,True
5.786631,5,67.721848,0.9596663009906765,0.040000000000000036,True
5.460576,4,68.423962,0.9606829724553986,0.03200000000000003,True
5.810617,4,68.436277,0.959223181662161,0.03200000000000003,True
5.871974,4,68.447975,0.9610532147865039,0.03200000000000003,True
5.667215,4,68.460927,0.9626023649336077,0.03200000000000003,True
5.659246,3,68.469582,0.9620207995711487,0.02400000000000002,True
5.67217,4,68.481465,0.9611836418131543,0.03200000000000003,True
5.509303,4,68.493288,0.9589034847735092,0.03200000000000003,True
5.783197,4,68.505085,0.9630860106790516,0.03200000000000003,True
5.816537,4,68.516984,0.9612997787055968,0.03200000000000003,True
5.869106,5,68.532586,0.9581275529653972,0.040000000000000036,True
5.663002,4,68.54351,0.9604364611479823,0.03200000000000003,True
5.849887,4,68.556376,0.968013554982273,0.03200000000000003,True
6.052107,4,68.568324,0.9665810318314505,0.03200000000000003,True
5.637119,4,68.579848,0.9620177444156923,0.03200000000000003,True
5.788628,4,68.592525,0.9596878621035128,0.03200000000000003,True
5.856205,4,68.60423,0.9610301431075902,0.03200000000000003,True
5.582183,4,68.616037,0.9574370422318227,0.03200000000000003,True
5.391493,3,68.625289,0.9644526373912541,0.02400000000000002,True
5.456569,3,68.634298,0.9580401501206878,0.02400000000000002,True
5.489883,4,68.645909,0.9611809761136804,0.03200000000000003,True
5.842552,5,68.660975,0.9582913992711466,0.040000000000000036,True
6.07584,4,68.672783,0.9618189088600426,0.03200000000000003,True
5.436088,5,68.687202,0.9631208482306033,0.040000000000000036,True
5.687093,3,68.696147,0.964754748464244,0.02400000000000002,True
5.710381,5,68.71066,0.9637025102756068,0.040000000000000036,True
5.788288,3,68.719866,0.9589842465845078,0.02400000000000002,True
5.524976,4,68.733454,0.9582826517759554,0.03200000000000003,True
5.571696,3,68.746544,0.9632882564446107,0.02400000000000002,True
5.784099,2,68.753797,0.9608482388734501,0.016000000000000014,True
5.346233,3,68.764889,0.961623249692611,0.02400000000000002,True
5.514482,5,68.779698,0.9625823497846941,0.040000000000000036,True
5.518386,3,68.789203,0.9556078254734355,0.02400000000000002,True
5.490143,4,68.800962,0.9619036854211318,0.03200000000000003,True
5.502166,4,68.812979,0.9608407727595323,0.03200000000000003,True
5.751056,5,68.82697,0.9633644254116839,0.040000000000000036,True
5.615033,4,68.839027,0.9599985576503364,0.03200000000000003,True
5.69535,3,68.848956,0.9616836238796973,0.02400000000000002,True
5.744519,3,68.858216,0.9566485675617842,0.02400000000000002,True
5.62025,4,68.873912,0.963441719393674,0.03200000000000003,True
5.673551,5,68.89094,0.9608056582523217,0.040000000000000036,True
5.827702,5,68.906732,0.9647785881212776,0.040000000000000036,True
5.842348,4,68.922152,0.9613005563917094,0.03200000000000003,True
5.444058,3,68.932693,0.9566033477194725,0.02400000000000002,True
5.759979,4,68.946371,0.9608499366930422,0.03200000000000003,True
5.535209,3,68.956345,0.9606040408061063,0.02400000000000002,True
5.634646,3,68.965965,0.9607339307872949,0.02400000000000002,True
5.779166,4,68.980637,0.9637456888630882,0.03200000000000003,True
5.866268,4,69.09582,0.9640232658295556,0.03200000000000003,True
5.549677,5,69.110707,0.9618719434282998,0.040000000000000036,True
5.659102,3,69.119123,0.9603100534672904,0.02400000000000002,True
5.729266,3,69.128849,0.9641853838726206,0.02400000000000002,True
5.495151,4,69.141413,0.9597314892719759,0.03200000000000003,True
5.666099,5,69.156975,0.9635532354584633,0.040000000000000036,True
5.829712,4,69.169381,0.9618904984546786,0.03200000000000003,True
5.658094,4,69.181557,0.9592113205657583,0.03200000000000003,True
6.014678,4,69.195281,0.9630572795153626,0.03200000000000003,True
5.495739,5,69.214326,0.9601543522982983,0.040000000000000036,True
5.553159,5,69.23073,0.9641167082786073,0.040000000000000036,True
5.658222,5,69.245462,0.9612811906722974,0.040000000000000036,True
5.834659,4,69.257576,0.9653395457340317,0.03200000000000003,True
5.814546,5,69.272212,0.9628359604377787,0.040000000000000036,True
5.583523,4,69.284979,0.9654341820463286,0.03200000000000003,True
5.861316,4,69.297015,0.9612156409620225,0.03200000000000003,True
5.897896,3,69.307104,0.9659451287417357,0.02400000000000002,True
5.745891,4,69.319231,0.961406996148046,0.03200000000000003,True
5.498388,5,70.11119,0.9629523538763285,0.040000000000000036,True
5.635995,5,70.125948,0.9607923524345384,0.040000000000000036,True
6.010976,4,70.138742,0.96716867088362,0.03200000000000003,True
5.783269,5,70.153807,0.963374763589228,0.040000000000000036,True
5.737891,4,70.166949,0.9637760142888201,0.03200000000000003,True
5.370914,3,70.175155,0.9592292516550064,0.02400000000000002,True
5.534105,3,70.18475,0.9626309957967992,0.02400000000000002,True
5.667304,4,70.19581,0.9597608679924117,0.03200000000000003,True
5.598612,4,70.207133,0.9627721427542684,0.03200000000000003,True
5.412166,3,70.21734,0.9629171965074661,0.02400000000000002,True
5.708918,4,70.229685,0.9581033989184691,0.03200000000000003,True
5.497838,4,70.242626,0.9612237072059758,0.03200000000000003,True
5.419182,3,70.251109,0.9598883034230296,0.02400000000000002,True
5.48464,4,70.263253,0.9588628706468181,0.03200000000000003,True
5.732448,4,70.275652,0.9572251240458327,0.03200000000000003,True
5.962181,4,70.288023,0.962335970681875,0.03200000000000003,True
5.748327,4,70.299738,0.9571366703902917,0.03200000000000003,True
5.791178,5,70.314123,0.9626658108344479,0.040000000000000036,True
5.871569,5,70.329957,0.9615022555630682,0.040000000000000036,True
5.706211,4,70.341128,0.9605925152430024,0.03200000000000003,True
5.798275,3,70.350782,0.9573300502734012,0.02400000000000002,True
5.885867,4,70.361556,0.9618185258335443,0.03200000000000003,True
5.675864,5,70.377173,0.9660307551458147,0.040000000000000036,True
5.538458,4,70.387072,0.9575858348642451,0.03200000000000003,True
5.544428,3,70.396348,0.9625418838021572,0.02400000000000002,True
5.482213,4,70.410189,0.9633495023970698,0.03200000000000003,True
5.721781,3,70.419882,0.9664640004366826,0.02400000000000002,True
6.034914,4,70.432626,0.9678525563140845,0.03200000000000003,True
5.558214,5,70.446615,0.9625574832788883,0.040000000000000036,True
5.700899,3,70.456538,0.959622855229997,0.02400000000000002,True
5.586077,4,70.468375,0.9612266966328273,0.03200000000000003,True
5.775758,6,70.485385,0.9585770635025913,0.04800000000000004,True
5.542102,3,70.494739,0.9611415739235024,0.02400000000000002,True
5.440369,3,70.504369,0.9592533914993273,0.02400000000000002,True
5.652458,5,70.518508,0.9678856752528617,0.040000000000000036,True
5.989528,4,70.530435,0.9574307335710275,0.03200000000000003,True
5.790616,5,70.545959,0.9634401051738611,0.040000000000000036,True
5.734612,3,70.555955,0.9615130578036016,0.02400000000000002,True
5.586419,5,70.570224,0.9598227618043909,0.040000000000000036,True
5.53823,5,70.586095,0.9599817922248042,0.040000000000000036,True
5.540274,4,70.598496,0.9604897826571519,0.03200000000000003,True
5.639162,4,70.613153,0.9676077799221153,0.03200000000000003,True
5.623219,3,70.622935,0.9617576797137872,0.02400000000000002,True
5.693745,2,70.630441,0.9606541015053693,0.016000000000000014,True
5.692103,3,70.639079,0.9632728317867221,0.02400000000000002,True
5.924046,4,70.650454,0.9594163414201624,0.03200000000000003,True
5.483982,4,70.661736,0.9627310800677478,0.03200000000000003,True
5.434201,4,70.673857,0.9594470432300578,0.03200000000000003,True
5.480826,3,70.682965,0.9592059588132561,0.02400000000000002,True
5.63491,5,70.697535,0.958586137664342,0.040000000000000036,True
5.622817,4,70.708943,0.9596643063654287,0.03200000000000003,True
5.752172,5,70.724087,0.9612589155459808,0.040000000000000036,True
5.59908,4,70.735764,0.9587420043192629,0.03200000000000003,True
5.618883,4,70.746911,0.9617714730636673,0.03200000000000003,True
5.448268,4,70.762913,0.963369474080239,0.03200000000000003,True
5.812711,5,70.777211,0.9619149369434563,0.040000000000000036,True
5.669436,4,70.789008,0.9632857051131092,0.03200000000000003,True
6.073822,4,70.801712,0.9627938630804033,0.03200000000000003,True
5.682239,3,70.810672,0.9602317471234492,0.02400000000000002,True
5.543257,4,70.823197,0.9609035857283854,0.03200000000000003,True
5.747718,5,70.837972,0.9591766222206948,0.040000000000000036,True
5.852613,4,70.850085,0.9623686752485086,0.03200000000000003,True
5.791892,5,70.864477,0.9647322356527028,0.040000000000000036,True
5.801601,4,70.876508,0.9621140156013258,0.03200000000000003,True
5.73648,3,71.638714,0.9632554702653142,0.02400000000000002,True
5.75492,5,71.653417,0.9625751380626781,0.040000000000000036,True
5.913824,4,71.664112,0.9618560205918074,0.03200000000000003,True
5.762147,5,71.679113,0.9563881764857318,0.040000000000000036,True
5.87607,4,71.6912,0.9599015861789417,0.03200000000000003,True
5.564338,3,71.701695,0.959408884087881,0.02400000000000002,True
5.662385,5,71.718936,0.9627213543667891,0.040000000000000036,True
5.848911,4,71.732108,0.9640091723366697,0.03200000000000003,True
5.641298,4,71.74625,0.9566515202720369,0.03200000000000003,True
5.771743,5,71.763419,0.9632189933004549,0.040000000000000036,True
5.659663,5,71.784933,0.9607826130779402,0.040000000000000036,True
5.801076,5,71.800637,0.9576770429775869,0.040000000000000036,True
5.73578,4,71.81341,0.9592663659945794,0.03200000000000003,True
5.641771,4,71.827441,0.9601443701863577,0.03200000000000003,True
5.5571,4,71.841134,0.9622581538315869,0.03200000000000003,True
5.887877,5,71.858203,0.9606744653874286,0.040000000000000036,True
5.956144,5,71.876378,0.9640853669167835,0.040000000000000036,True
5.430503,5,71.894024,0.9574799661844808,0.040000000000000036,True
5.484715,3,71.903935,0.9628106924074487,0.02400000000000002,True
6.01342,5,71.923953,0.9567716732886145,0.040000000000000036,True
5.474359,3,71.933553,0.9591588503737236,0.02400000000000002,True
5.637723,3,71.944045,0.9659467448991139,0.02400000000000002,True
5.873981,5,71.960261,0.960335342006801,0.040000000000000036,True
5.790835,4,71.975264,0.961168959081497,0.03200000000000003,True
5.636221,4,71.989084,0.9708467901927343,0.03200000000000003,True
5.527899,3,71.999322,0.9647326847020599,0.02400000000000002,True
5.544725,3,72.010522,0.9653921864426259,0.02400000000000002,True
5.897077,5,72.028054,0.9578424481567471,0.040000000000000036,True
5.764622,4,72.041768,0.9620694621671125,0.03200000000000003,True
5.860814,3,72.052224,0.960157073773623,0.02400000000000002,True
5.667602,4,72.066014,0.958529897178122,0.03200000000000003,True
5.6874,3,72.076878,0.9638271012341852,0.02400000000000002,True
5.702921,4,72.090414,0.9641578334617584,0.03200000000000003,True
5.634901,4,72.103208,0.9570667085162389,0.03200000000000003,True
5.766421,3,72.112529,0.9613210065749682,0.02400000000000002,True
5.548682,4,72.124717,0.9609981448415239,0.03200000000000003,True
5.786448,4,72.138409,0.9593080012390356,0.03200000000000003,True
5.822231,4,72.15243,0.9601843475873908,0.03200000000000003,True
5.416956,2,72.159182,0.9606364223970003,0.016000000000000014,True
5.841525,3,72.16955,0.9592477668771272,0.02400000000000002,True
5.894025,5,72.187784,0.9614948965633723,0.040000000000000036,True
5.789153,3,72.199107,0.9682024965912884,0.02400000000000002,True
5.748121,3,72.212286,0.9588691132652865,0.02400000000000002,True
5.654198,5,72.232927,0.9603684197209432,0.040000000000000036,True
5.820154,4,72.246971,0.9590029961545271,0.03200000000000003,True
5.601543,4,72.26095,0.9594489884165807,0.03200000000000003,True
5.597214,5,72.27853,0.9594435796710942,0.040000000000000036,True
5.618172,5,72.292288,0.9567216397765922,0.040000000000000036,True
5.903242,5,72.304724,0.9582526529000236,0.040000000000000036,True
5.886604,5,72.315969,0.9589876869918538,0.040000000000000036,True
5.570965,5,72.327144,0.9588307735127725,0.040000000000000036,True
5.895961,3,72.334766,0.9620408642312396,0.02400000000000002,True
5.596695,5,72.346387,0.9585991782949627,0.040000000000000036,True
5.697816,3,72.353231,0.9595697480931429,0.02400000000000002,True
5.474806,3,72.360591,0.9613009470563476,0.02400000000000002,True
5.496361,3,72.368422,0.9633196287230712,0.02400000000000002,True
5.767023,4,72.376524,0.9591393337306806,0.03200000000000003,True
5.359996,3,72.384283,0.9615783878363167,0.02400000000000002,True
5.482245,3,72.391264,0.9610171253237046,0.02400000000000002,True
5.698264,3,72.398704,0.9617616325051683,0.02400000000000002,True
5.88888,4,72.40783,0.9641994365044768,0.03200000000000003,True
5.531191,5,72.419296,0.958956955995814,0.040000000000000036,True
5.558858,4,72.428415,0.9657682009033934,0.03200000000000003,True
5.713115,4,72.437725,0.959246145522729,0.03200000000000003,True
5.783627,5,72.98027,0.9587528380039673,0.040000000000000036,True
5.474956,3,72.987913,0.9624613343840457,0.02400000000000002,True
5.520467,3,72.994436,0.9586754917199412,0.02400000000000002,True
5.900017,4,73.004319,0.9605171045318573,0.03200000000000003,True
5.565789,4,73.014098,0.9630234439487542,0.03200000000000003,True
5.673661,4,73.023108,0.9603941846091406,0.03200000000000003,True
5.729703,4,73.032154,0.9666365404088405,0.03200000000000003,True
5.567095,5,73.045894,0.9656531484476792,0.040000000000000036,True
5.693472,4,73.061486,0.9588416297966695,0.03200000000000003,True
5.494566,3,73.069314,0.9632734778449173,0.02400000000000002,True
5.716563,4,73.079965,0.9593965724360749,0.03200000000000003,True
5.489278,3,73.086475,0.9646339181955054,0.02400000000000002,True
5.646901,5,73.097281,0.9610178655597053,0.040000000000000036,True
5.625692,4,73.105914,0.9578847847192054,0.03200000000000003,True
5.49093,3,73.113416,0.9629961024677909,0.02400000000000002,True
5.650753,3,73.121461,0.9618932921402507,0.02400000000000002,True
5.653059,5,73.131917,0.9605714569354611,0.040000000000000036,True
5.560203,4,73.141763,0.9601504634170959,0.03200000000000003,True
5.792864,5,73.152969,0.9570036502684647,0.040000000000000036,True
5.785692,5,73.168995,0.9596288148845878,0.040000000000000036,True
5.698328,4,73.177843,0.9682475078506758,0.03200000000000003,True
5.686476,5,73.189614,0.960011821652863,0.040000000000000036,True
5.496946,2,73.194577,0.9612463118731311,0.016000000000000014,True
5.617247,4,73.203387,0.9604454791507335,0.03200000000000003,True
5.773347,5,73.214618,0.9588540319446864,0.040000000000000036,True
5.817684,4,73.223249,0.9602806188064106,0.03200000000000003,True
5.61701,5,73.242773,0.9591829170006266,0.040000000000000036,True
5.593896,3,73.25264,0.9586675314154907,0.02400000000000002,True
5.61491,5,73.270499,0.9648089621299917,0.040000000000000036,True
5.649519,4,73.280322,0.9596395868924262,0.03200000000000003,True
5.879366,4,73.28988,0.9598717854632067,0.03200000000000003,True
5.460248,3,73.296726,0.9607986363953638,0.02400000000000002,True
5.658598,3,73.304152,0.9593230931387995,0.02400000000000002,True
5.380736,3,73.310211,0.9631229581314584,0.02400000000000002,True
5.57139,5,73.322557,0.9620701548865473,0.040000000000000036,True
5.716996,3,73.330003,0.962818025252343,0.02400000000000002,True
5.732909,4,73.339754,0.9660476992471692,0.03200000000000003,True
5.740445,4,73.347918,0.9599708655118953,0.03200000000000003,True
5.945728,5,73.360932,0.9610708432081492,0.040000000000000036,True
5.737913,4,73.372156,0.9609743913762583,0.03200000000000003,True
5.697231,3,73.381988,0.9599799866989007,0.02400000000000002,True
5.56558,5,73.393202,0.9590911093709542,0.040000000000000036,True
5.69546,4,73.402758,0.9600976586769736,0.03200000000000003,True
6.064264,5,73.414016,0.9631864799642165,0.040000000000000036,True
5.660431,3,73.421836,0.9605801746959406,0.02400000000000002,True
5.82792,5,73.433398,0.9604372419887799,0.040000000000000036,True
5.473493,3,73.44067,0.9581974071831679,0.02400000000000002,True
5.576373,4,73.449961,0.9599361968779467,0.03200000000000003,True
5.744872,4,73.458977,0.9661576305798321,0.03200000000000003,True
5.635934,4,73.467889,0.9610211816828357,0.03200000000000003,True
5.648112,4,73.476853,0.9571247889898808,0.03200000000000003,True
5.587115,4,73.486013,0.9588408317193788,0.03200000000000003,True
5.792224,4,73.495552,0.9626332725802286,0.03200000000000003,True
5.405475,3,73.503289,0.9601247392438381,0.02400000000000002,True
5.55733,5,73.515337,0.966628043993689,0.040000000000000036,True
5.588311,3,73.523174,0.9613948856179482,0.02400000000000002,True
5.671599,3,73.529944,0.9598149384493777,0.02400000000000002,True
5.924515,4,73.53966,0.9622981223215856,0.03200000000000003,True
5.693719,3,73.547664,0.9601230338164732,0.02400000000000002,True
5.624099,3,73.554857,0.9572884604192233,0.02400000000000002,True
5.845431,4,73.565457,0.9582019168589682,0.03200000000000003,True
5.830353,3,73.572899,0.9609692982215586,0.02400000000000002,True
5.884798,4,73.582694,0.9591576169572695,0.03200000000000003,True
5.521855,5,73.595839,0.9603020829194847,0.040000000000000036,True
5.704332,4,73.604891,0.9584954407472916,0.03200000000000003,True
5.60155,4,74.152606,0.9619249178642425,0.03200000000000003,True
5.502979,3,74.16003,0.9612484770571013,0.02400000000000002,True
5.478652,3,74.167379,0.959462686946573,0.02400000000000002,True
5.822732,5,74.17908,0.9625629693754563,0.040000000000000036,True
5.747699,5,74.191753,0.9627351437733336,0.040000000000000036,True
5.662865,3,74.199694,0.9625640328362831,0.02400000000000002,True
5.608901,5,74.210884,0.9634465197154893,0.040000000000000036,True
5.36267,4,74.22064,0.9612552466179805,0.03200000000000003,True
5.842422,5,74.232555,0.9583057341979063,0.040000000000000036,True
5.875058,5,74.246908,0.9618300448243486,0.040000000000000036,True
5.606883,4,74.257973,0.9634274059000796,0.03200000000000003,True
5.629411,5,74.276622,0.96151521668926,0.040000000000000036,True
5.769834,4,74.290957,0.9670805083513366,0.03200000000000003,True
5.844605,4,74.303115,0.9624690081500691,0.03200000000000003,True
5.485434,3,74.311556,0.9616043355046335,0.02400000000000002,True
5.849836,5,74.323943,0.9605090849408406,0.040000000000000036,True
5.652051,2,74.330985,0.9624980667284604,0.016000000000000014,True
5.443754,4,74.34123,0.9629750873837463,0.03200000000000003,True
5.750494,5,74.352664,0.9601414386669782,0.040000000000000036,True
5.845427,4,74.363081,0.9606377160928063,0.03200000000000003,True
5.734038,3,74.372686,0.9620911128574948,0.02400000000000002,True
5.705892,4,74.384299,0.9616634067631307,0.03200000000000003,True
5.880405,4,74.394175,0.9590034002009244,0.03200000000000003,True
5.514727,4,74.40369,0.9634794451753355,0.03200000000000003,True
5.816494,4,74.41271,0.9600584988677185,0.03200000000000003,True
5.744806,4,74.422312,0.9568392011702163,0.03200000000000003,True
5.910911,3,74.428132,0.961725052470155,0.02400000000000002,True
5.693081,4,74.437765,0.9607843306447728,0.03200000000000003,True
5.435939,4,74.4463,0.9605822533349728,0.03200000000000003,True
5.509445,3,74.454196,0.9563279974959009,0.02400000000000002,True
5.686792,3,74.462074,0.9589434579372768,0.02400000000000002,True
5.418074,4,74.47112,0.9581170489693244,0.03200000000000003,True
5.662506,3,74.476559,0.9637823041068478,0.02400000000000002,True
5.491682,4,74.487465,0.9632344304158704,0.03200000000000003,True
5.765258,3,74.494423,0.9632093512335503,0.02400000000000002,True
5.619757,5,74.505755,0.9630018774315812,0.040000000000000036,True
5.715514,4,74.51562,0.9612361048689727,0.03200000000000003,True
5.690268,5,74.527081,0.9587801732845859,0.040000000000000036,True
5.994112,5,74.539356,0.9650943407234273,0.040000000000000036,True
5.774522,4,74.548352,0.9598964909200115,0.03200000000000003,True
5.858338,4,74.558551,0.9589565538367144,0.03200000000000003,True
5.721557,4,74.56685,0.9598283116619102,0.03200000000000003,True
5.860541,4,74.575959,0.9581195562636367,0.03200000000000003,True
5.620178,4,74.585077,0.9632373733768852,0.03200000000000003,True
5.71925,4,74.595173,0.9607389476833424,0.03200000000000003,True
5.60034,4,74.602994,0.9645788995963713,0.03200000000000003,True
5.660881,4,74.612574,0.9642252847076562,0.03200000000000003,True
5.544746,3,74.619428,0.9647705090215567,0.02400000000000002,True
5.869202,5,74.63007,0.9663226948804575,0.040000000000000036,True
5.787458,5,74.641201,0.9631948357977518,0.040000000000000036,True
5.774078,4,74.650155,0.9614335236298481,0.03200000000000003,True
5.746676,3,74.656856,0.9618943076590475,0.02400000000000002,True
5.794412,4,74.666112,0.9612011361779924,0.03200000000000003,True
5.611897,4,74.675284,0.958975360066444,0.03200000000000003,True
5.567092,5,74.686869,0.958241119228101,0.040000000000000036,True
5.431197,3,74.693797,0.9608504182491948,0.02400000000000002,True
5.631911,5,74.705466,0.9657259611006518,0.040000000000000036,True
5.495,4,74.717525,0.9562703346522903,0.03200000000000003,True
5.768424,4,74.728908,0.9618901629760727,0.03200000000000003,True
5.447812,3,74.739262,0.9589544749921027,0.02400000000000002,True
6.052444,5,74.751941,0.9603368163553039,0.040000000000000036,True
5.599269,4,74.762849,0.9639125511991091,0.03200000000000003,True
5.762628,5,74.775153,0.9597082152987741,0.040000000000000036,True
5.403563,5,74.788504,0.964914611684252,0.040000000000000036,True
5.539639,2,75.324698,0.9588100517673974,0.016000000000000014,True
5.856893,5,75.341547,0.9571582895929815,0.040000000000000036,True
5.864944,4,75.351306,0.9624678190370954,0.03200000000000003,True
5.84829,4,75.360718,0.9585298680466072,0.03200000000000003,True
5.989632,3,75.369765,0.962475067760089,0.02400000000000002,True
5.458119,3,75.378039,0.9596805993154455,0.02400000000000002,True
5.660167,3,75.386197,0.9607140679973633,0.02400000000000002,True
5.503821,4,75.39557,0.9585938169140169,0.03200000000000003,True
5.550385,4,75.404781,0.9637950066679121,0.03200000000000003,True
5.419057,3,75.412314,0.9629557727389071,0.02400000000000002,True
5.768112,4,75.422473,0.9598876627906396,0.03200000000000003,True
5.498034,3,75.430283,0.9639979210635053,0.02400000000000002,True
5.967522,4,75.441357,0.9617495351410872,0.03200000000000003,True
5.483167,5,75.454218,0.9619601994963871,0.040000000000000036,True
5.819833,5,75.466651,0.9650168227467728,0.040000000000000036,True
5.842082,4,75.477188,0.9634689963868269,0.03200000000000003,True
5.787924,4,75.487504,0.9581816041172775,0.03200000000000003,True
5.644197,5,75.501653,0.9569033603215982,0.040000000000000036,True
5.582865,5,75.514722,0.9625393018492534,0.040000000000000036,True
5.80806,3,75.521927,0.9612471118610993,0.02400000000000002,True
5.559249,5,75.535808,0.9601969543346597,0.040000000000000036,True
5.595731,4,75.545833,0.9620268921387369,0.03200000000000003,True
5.614675,3,75.55331,0.959539055819494,0.02400000000000002,True
6.049118,5,75.565327,0.9590326811019934,0.040000000000000036,True
5.811996,4,75.574197,0.9626738872321237,0.03200000000000003,True
5.84883,4,75.582695,0.9601867734152085,0.03200000000000003,True
5.756067,4,75.592783,0.9614738414793096,0.03200000000000003,True
5.580081,4,75.60252,0.9595698828430713,0.03200000000000003,True
5.488838,4,75.611721,0.9582334042746766,0.03200000000000003,True
5.629398,3,75.619483,0.9661020389357433,0.02400000000000002,True
5.561878,3,75.626644,0.9599244633671911,0.02400000000000002,True
5.555605,4,75.637036,0.9649938364648659,0.03200000000000003,True
5.81243,5,75.647899,0.9605106232678464,0.040000000000000036,True
5.616973,3,75.655602,0.9571780631678948,0.02400000000000002,True
5.705178,4,75.664251,0.9640807351421352,0.03200000000000003,True
5.966709,4,75.674642,0.9606006607402331,0.03200000000000003,True
5.799961,3,75.681962,0.9568920164185948,0.02400000000000002,True
5.546823,4,75.691287,0.9622589574954032,0.03200000000000003,True
5.729888,4,75.701045,0.9667127995945524,0.03200000000000003,True
5.645023,4,75.79898,0.9594284705578829,0.03200000000000003,True
5.797519,4,75.809409,0.9624002550537113,0.03200000000000003,True
5.746972,3,75.816508,0.95781247697281,0.02400000000000002,True
5.685791,3,75.824155,0.9602946327151137,0.02400000000000002,True
5.745378,4,75.833336,0.9620980879462844,0.03200000000000003,True
5.815044,4,75.843655,0.9622139267456808,0.03200000000000003,True
5.77259,5,75.85518,0.9609801999373155,0.040000000000000036,True
5.449562,3,75.862428,0.9613724571754465,0.02400000000000002,True
5.66157,4,75.872767,0.9620169943672785,0.03200000000000003,True
5.515872,3,75.880813,0.9624875112165939,0.02400000000000002,True
5.775773,4,75.890206,0.9607983365963533,0.03200000000000003,True
5.727209,4,75.90149,0.9654855504554766,0.03200000000000003,True
5.745738,4,75.910923,0.9571720783165368,0.03200000000000003,True
5.528204,4,75.921323,0.9711589280917383,0.03200000000000003,True
5.572475,3,75.926695,0.9647466202224788,0.02400000000000002,True
5.590011,4,75.936157,0.9606007069621554,0.03200000000000003,True
5.623646,5,75.950263,0.9618268336484626,0.040000000000000036,True
5.890689,4,75.959548,0.9611193675861733,0.03200000000000003,True
5.669282,4,75.968903,0.9622501162627137,0.03200000000000003,True
5.382073,3,75.97715,0.9623837283999145,0.02400000000000002,True
5.764869,4,75.986377,0.9605106831129103,0.03200000000000003,True
5.846033,4,75.996106,0.9658298758729511,0.03200000000000003,True
6.000389,5,76.008241,0.9605649671260046,0.040000000000000036,True
5.436068,3,76.015455,0.9593418007489294,0.02400000000000002,True
5.859922,4,76.025373,0.9620602930537021,0.03200000000000003,True
5.427892,3,76.03237,0.960982755365961,0.02400000000000002,True
5.757459,4,76.041218,0.9602447103943585,0.03200000000000003,True
