#{"t_start": 1790446061.8496459, "env_id": "None"}
r,l,t,mean_uncertainty,energy_used,success
-2.191972,30,1.405655,0.9618526733499211,0.2400000000000002,False
-1.841628,30,1.456666,0.9640639818873429,0.2400000000000002,False
5.069962,28,1.517131,0.959499205860465,0.2240000000000002,True
-2.216611,30,1.573449,0.9622668538367581,0.2400000000000002,False
-1.804612,30,1.628477,0.9599610151089644,0.2400000000000002,False
-2.199776,30,1.678792,0.9597610976959896,0.2400000000000002,False
5.654325,6,1.690052,0.9572905398389838,0.04800000000000004,True
-2.485221,30,1.742398,0.9618183151282247,0.2400000000000002,False
-2.29016,30,1.794128,0.9612691675843518,0.2400000000000002,False
-2.080304,30,2.600002,0.9672757333451613,0.2400000000000002,False
-2.093902,30,2.650948,0.9629014772931166,0.2400000000000002,False
-2.040378,30,2.703708,0.9604825404234747,0.2400000000000002,False
-1.806872,30,2.758852,0.9623155986710985,0.2400000000000002,False
-1.936159,30,2.811956,0.9641794221239595,0.2400000000000002,False
-2.344271,30,2.865623,0.9611609968277302,0.2400000000000002,False
-2.230733,30,2.917647,0.9609528018077443,0.2400000000000002,False
-2.27581,30,2.96971,0.9628731675885283,0.2400000000000002,False
-2.199828,30,3.588005,0.9623733252018469,0.2400000000000002,False
-2.015842,30,3.640787,0.9635695709143086,0.2400000000000002,False
-2.328128,30,3.690037,0.9595469936450259,0.2400000000000002,False
-2.122734,30,3.741852,0.9610529139568222,0.2400000000000002,False
-2.168734,30,3.79412,0.9610413189169407,0.2400000000000002,False
-1.669736,30,3.846794,0.9623347470513566,0.2400000000000002,False
-1.730436,30,3.901398,0.9634984516862674,0.2400000000000002,False
5.372521,14,3.927362,0.9598139094977396,0.1120000000000001,True
5.564899,26,3.971846,0.9630457297292666,0.20800000000000018,True
-2.191999,30,4.023103,0.9630036375212542,0.2400000000000002,False
5.585171,17,4.587895,0.9609245136961932,0.13600000000000012,True
5.61511,22,4.638066,0.9616782670304109,0.17600000000000016,True
-2.255106,30,4.690894,0.9668783171008848,0.2400000000000002,False
5.431669,15,4.716527,0.9584066109603899,0.1200000000000001,True
-1.876939,30,4.767483,0.9594219262770126,0.2400000000000002,False
5.364798,24,4.809154,0.9625773130722677,0.19200000000000017,True
-2.001647,30,4.859991,0.961174385932509,0.2400000000000002,False
-2.009758,30,4.912575,0.9614204834934408,0.2400000000000002,False
5.294382,27,4.960453,0.9648594587709789,0.2160000000000002,True
5.484063,17,4.991069,0.9607096495880199,0.13600000000000012,True
5.254555,28,5.603702,0.9636816429998776,0.2240000000000002,True
5.490703,15,5.633774,0.9634011931355287,0.1200000000000001,True
5.153539,28,5.692516,0.9586211767965798,0.2240000000000002,True
5.609999,11,5.714792,0.9604647591499235,0.08800000000000008,True
-1.682368,30,5.767545,0.9638268819421698,0.2400000000000002,False
5.143529,24,5.808892,0.9624402400570854,0.19200000000000017,True
5.762312,8,5.824663,0.9627478727220873,0.06400000000000006,True
-2.075061,30,5.883529,0.9623428804884034,0.2400000000000002,False
5.829096,8,5.898138,0.9595556691809384,0.06400000000000006,True
5.482103,17,5.92774,0.9581504352954264,0.13600000000000012,True
5.654753,12,5.949343,0.9610911557277051,0.09600000000000009,True
5.355234,30,6.001632,0.9607709864643412,0.2400000000000002,True
-1.989924,30,6.255956,0.9593752825021563,0.2400000000000002,False
5.360628,30,6.862471,0.9625996547338517,0.2400000000000002,True
5.445941,7,6.875799,0.9592951771499844,0.05600000000000005,True
5.684386,18,6.907652,0.9609829189686019,0.14400000000000013,True
5.547557,14,6.933647,0.9599112743146966,0.1120000000000001,True
5.438394,13,6.95929,0.9632063073696682,0.10400000000000009,True
5.692148,13,6.984691,0.9610473177276372,0.10400000000000009,True
5.630371,16,7.015266,0.9611241859580171,0.1280000000000001,True
-2.026005,30,7.070698,0.963236825630264,0.2400000000000002,False
-1.915142,30,7.122566,0.9638872224656422,0.2400000000000002,False
5.458345,18,7.154286,0.9614188771570132,0.14400000000000013,True
-2.389471,30,7.207186,0.9625689041482574,0.2400000000000002,False
-1.754726,30,7.262049,0.9675397735558859,0.2400000000000002,False
5.292009,17,7.847394,0.9624453555886198,0.13600000000000012,True
5.635853,6,7.859992,0.9621553066703149,0.04800000000000004,True
5.763855,8,7.875835,0.962568485866554,0.06400000000000006,True
5.542652,12,7.896781,0.959689085099228,0.09600000000000009,True
5.730196,7,7.90885,0.9577770645724535,0.05600000000000005,True
5.252718,7,7.922532,0.9615573669555171,0.05600000000000005,True
5.683231,15,7.950151,0.9607615831442079,0.1200000000000001,True
5.379594,21,7.987936,0.9595726288906182,0.16800000000000015,True
5.196997,28,8.042853,0.9596290302037528,0.2240000000000002,True
5.265262,8,8.058238,0.9618118728441394,0.06400000000000006,True
5.270955,11,8.076218,0.9600776521163882,0.08800000000000008,True
5.447495,4,8.083509,0.9595809316356348,0.03200000000000003,True
5.563348,20,8.120788,0.9592130316209649,0.16000000000000014,True
5.649131,13,8.144205,0.9609637294056278,0.10400000000000009,True
5.333015,15,8.171294,0.9633229719244696,0.1200000000000001,True
5.55176,9,8.18664,0.9644096600536511,0.07200000000000006,True
5.573073,6,8.19963,0.9622385883036408,0.04800000000000004,True
5.5517,19,8.231963,0.9626679370037228,0.15200000000000014,True
5.577591,5,8.243112,0.9611982871984215,0.040000000000000036,True
5.535242,12,8.26601,0.9632958516568153,0.09600000000000009,True
5.594908,21,8.306561,0.9603102876667944,0.16800000000000015,True
5.544651,8,8.877114,0.961186217575625,0.06400000000000006,True
5.424255,15,8.903375,0.9623326278375406,0.1200000000000001,True
-2.032375,30,8.955625,0.9620748935872254,0.2400000000000002,False
5.467633,8,8.972378,0.9666814431802324,0.06400000000000006,True
5.64526,7,8.986049,0.9634742001290924,0.05600000000000005,True
5.65623,7,8.99982,0.9590959033272548,0.05600000000000005,True
5.424855,10,9.018657,0.9600638253734896,0.08000000000000007,True
5.592419,19,9.05553,0.9602231656987362,0.15200000000000014,True
5.566635,14,9.080089,0.9674923036043819,0.1120000000000001,True
5.730788,7,9.093558,0.9605065370494739,0.05600000000000005,True
5.854895,11,9.112541,0.9630771940383599,0.08800000000000008,True
5.526885,9,9.132066,0.963869512127947,0.07200000000000006,True
5.479854,4,9.141024,0.9659263182780844,0.03200000000000003,True
5.609425,6,9.151186,0.9632133098969675,0.04800000000000004,True
5.537055,13,9.176757,0.9630802076070671,0.10400000000000009,True
5.688948,15,9.207548,0.9602673884043651,0.1200000000000001,True
5.432753,10,9.227011,0.9633177258965981,0.08000000000000007,True
5.678919,13,9.249501,0.9611995379889953,0.10400000000000009,True
5.912241,5,9.259168,0.9604889790203933,0.040000000000000036,True
5.395046,12,9.280427,0.9627189373066372,0.09600000000000009,True
5.723469,7,9.29601,0.9650766276585769,0.05600000000000005,True
5.699858,6,9.306433,0.958971293267145,0.04800000000000004,True
5.720899,17,9.339009,0.960700608097332,0.13600000000000012,True
5.521066,12,9.994359,0.9588817601805968,0.09600000000000009,True
5.969969,12,10.027074,0.9575002155084804,0.09600000000000009,True
5.791363,10,10.051232,0.9609854056832715,0.08000000000000007,True
5.562965,5,10.067173,0.9635537071018458,0.040000000000000036,True
5.464155,14,10.102779,0.9573756718008757,0.1120000000000001,True
5.383103,12,10.133132,0.9569135498794338,0.09600000000000009,True
5.443691,8,10.153062,0.9576820813847366,0.06400000000000006,True
5.510921,10,10.17685,0.9599070101319018,0.08000000000000007,True
5.487399,7,10.194749,0.9588886755851755,0.05600000000000005,True
5.598232,14,10.229819,0.9656696140906318,0.1120000000000001,True
5.577149,15,10.266897,0.9610490808789292,0.1200000000000001,True
5.871856,7,10.28378,0.9609513109355071,0.05600000000000005,True
5.503155,8,10.307492,0.9627098616451556,0.06400000000000006,True
5.526618,8,10.327452,0.9609770253628489,0.06400000000000006,True
5.378879,11,10.354845,0.9604804430196782,0.08800000000000008,True
5.637959,9,10.37682,0.9596827112795964,0.07200000000000006,True
5.745633,12,10.406984,0.9612970704901461,0.09600000000000009,True
5.581424,5,10.419424,0.9647319875848688,0.040000000000000036,True
5.494874,13,10.453575,0.9615507802628354,0.10400000000000009,True
5.834555,4,10.463139,0.956590819356067,0.03200000000000003,True
5.653343,5,10.476216,0.9620201158103969,0.040000000000000036,True
5.762314,6,10.491212,0.9644338760784752,0.04800000000000004,True
5.859554,5,10.503608,0.9575537215664971,0.040000000000000036,True
5.532277,8,10.522758,0.9635136005544027,0.06400000000000006,True
5.491299,9,10.544897,0.9679640415329985,0.07200000000000006,True
5.555045,5,10.557358,0.9607375163750115,0.040000000000000036,True
5.593659,7,10.577947,0.9563460819092816,0.05600000000000005,True
5.813745,7,10.598449,0.9660835338532694,0.05600000000000005,True
5.476656,16,11.353841,0.959159731537397,0.1280000000000001,True
5.26049,12,11.389063,0.9640671038998894,0.09600000000000009,True
5.668328,5,11.403277,0.9588826964631575,0.040000000000000036,True
5.813179,5,11.417396,0.9589164397944696,0.040000000000000036,True
5.655338,7,11.437254,0.9610322553918487,0.05600000000000005,True
5.762527,5,11.451333,0.9618713129962165,0.040000000000000036,True
5.933166,4,11.462371,0.9637718342482957,0.03200000000000003,True
5.500408,9,11.488349,0.9592459558100932,0.07200000000000006,True
5.165651,27,11.555314,0.9589588393663682,0.2160000000000002,True
5.547478,6,11.571597,0.9638413660831084,0.04800000000000004,True
5.578193,9,11.595154,0.9666666506217616,0.07200000000000006,True
5.572696,4,11.609554,0.9592642850404205,0.03200000000000003,True
5.447422,9,11.632623,0.957521793990793,0.07200000000000006,True
5.763551,8,11.652324,0.9665818118308218,0.06400000000000006,True
5.735153,12,11.68035,0.9622276802908527,0.09600000000000009,True
5.556287,8,11.700314,0.9613219601028485,0.06400000000000006,True
5.661062,9,11.725659,0.9594500771071154,0.07200000000000006,True
5.523889,7,11.743973,0.9622747816217994,0.05600000000000005,True
5.936374,10,11.770332,0.9640732565105039,0.08000000000000007,True
5.363875,8,11.789077,0.9573852033070471,0.06400000000000006,True
5.452944,7,11.806425,0.9591833432310013,0.05600000000000005,True
5.663046,15,11.845044,0.9627458526179287,0.1200000000000001,True
5.514318,4,11.854964,0.9578318281721259,0.03200000000000003,True
5.423987,7,12.004415,0.9619672280236442,0.05600000000000005,True
5.52564,6,12.023908,0.9648189819538242,0.04800000000000004,True
5.415604,14,12.063296,0.9651335487759858,0.1120000000000001,True
6.089781,6,12.079847,0.962322465444008,0.04800000000000004,True
5.85914,8,12.104511,0.9568876080402637,0.06400000000000006,True
5.68764,10,12.1347,0.9632413267938316,0.08000000000000007,True
5.402431,10,12.160667,0.9610303056829819,0.08000000000000007,True
5.406748,9,12.945767,0.9612964084920601,0.07200000000000006,True
5.561597,4,12.955891,0.9605854652376462,0.03200000000000003,True
5.776957,5,12.970207,0.959605601900374,0.040000000000000036,True
5.649741,4,12.980813,0.9604905068384249,0.03200000000000003,True
5.526146,9,13.004611,0.9596340184316747,0.07200000000000006,True
5.533859,8,13.026314,0.9591738793848056,0.06400000000000006,True
5.774004,6,13.043648,0.9610157969616343,0.04800000000000004,True
5.651249,10,13.076623,0.9655244360040174,0.08000000000000007,True
5.550114,22,13.139256,0.9613156959170788,0.17600000000000016,True
5.602164,6,13.158466,0.9635526355702569,0.04800000000000004,True
5.447294,16,13.20599,0.9640221753174877,0.1280000000000001,True
5.42358,11,13.238574,0.96235098311725,0.08800000000000008,True
5.821576,5,13.25534,0.9649620578957911,0.040000000000000036,True
5.401197,9,13.282741,0.9600111016367865,0.07200000000000006,True
5.658624,4,13.295315,0.9668719380137083,0.03200000000000003,True
5.726772,7,13.315171,0.961377762194354,0.05600000000000005,True
5.902336,8,13.336501,0.9575295873461406,0.06400000000000006,True
5.569939,13,13.368988,0.9622452137728924,0.10400000000000009,True
5.580897,12,13.401222,0.9621115927060848,0.09600000000000009,True
5.622331,10,13.426612,0.9598950623010263,0.08000000000000007,True
5.549246,14,13.465322,0.9612452962349634,0.1120000000000001,True
5.356878,5,13.477704,0.9609201236897775,0.040000000000000036,True
5.547372,8,13.498847,0.96211670654194,0.06400000000000006,True
5.632886,7,13.51853,0.9607088310191002,0.05600000000000005,True
5.461612,8,13.538899,0.9613236424097528,0.06400000000000006,True
6.068513,9,13.562596,0.9577614799827059,0.07200000000000006,True
5.908667,9,13.587903,0.9595495423354479,0.07200000000000006,True
5.310836,14,13.623074,0.9588164808797419,0.1120000000000001,True
5.722433,4,13.633992,0.9590710306765453,0.03200000000000003,True
5.642648,4,14.428924,0.9615929917959529,0.03200000000000003,True
5.474724,3,14.435716,0.9627341092076863,0.02400000000000002,True
5.833955,8,14.452845,0.9646945006286007,0.06400000000000006,True
5.891822,4,14.46125,0.9598385052100454,0.03200000000000003,True
5.691036,13,14.487737,0.9604303441543123,0.10400000000000009,True
5.848572,7,14.502136,0.9651229179762523,0.05600000000000005,True
5.780792,6,14.514585,0.9588854402731335,0.04800000000000004,True
5.713134,5,14.525953,0.9608686101369494,0.040000000000000036,True
5.797929,10,14.547429,0.9579266846901753,0.08000000000000007,True
5.62863,5,14.557282,0.9587066804534303,0.040000000000000036,True
5.605743,7,14.571532,0.958472307483694,0.05600000000000005,True
5.719609,5,14.582308,0.962634960029764,0.040000000000000036,True
5.769409,5,14.59269,0.9593268651062407,0.040000000000000036,True
5.635495,5,14.603411,0.9624324079404113,0.040000000000000036,True
5.550647,7,14.617628,0.9614257436615137,0.05600000000000005,True
5.47456,7,14.63043,0.9598895348108809,0.05600000000000005,True
5.496552,6,14.64278,0.9616796181396443,0.04800000000000004,True
5.693663,6,14.655329,0.9613157635276107,0.04800000000000004,True
5.58473,6,14.667755,0.9654017526456915,0.04800000000000004,True
5.550381,7,14.681838,0.9621548120783912,0.05600000000000005,True
5.527562,4,14.689822,0.9579735309948784,0.03200000000000003,True
5.553839,6,14.702303,0.9627102419322096,0.04800000000000004,True
5.67012,8,14.718721,0.9645883786331779,0.06400000000000006,True
5.627572,5,14.730064,0.9626643550336424,0.040000000000000036,True
5.484052,6,14.742939,0.9596119652003255,0.04800000000000004,True
5.406507,4,14.751946,0.9666984619050456,0.03200000000000003,True
5.762211,7,14.766748,0.9606818666951522,0.05600000000000005,True
5.523741,4,14.775058,0.9611970687914879,0.03200000000000003,True
5.535265,8,14.791596,0.9627973780954,0.06400000000000006,True
5.47657,7,14.805301,0.966899605513354,0.05600000000000005,True
5.66509,5,14.81468,0.958608665720741,0.040000000000000036,True
5.486633,8,14.830731,0.9607020780958213,0.06400000000000006,True
5.774573,8,14.846846,0.96593606987422,0.06400000000000006,True
5.672697,5,14.858695,0.9640193714136993,0.040000000000000036,True
5.512857,10,14.881936,0.9631415777447934,0.08000000000000007,True
5.633282,5,14.891162,0.9604858585187026,0.040000000000000036,True
5.644965,6,14.905064,0.9608226709487055,0.04800000000000004,True
5.492421,4,14.913714,0.9578726134934545,0.03200000000000003,True
5.713181,8,14.929694,0.9639075014337408,0.06400000000000006,True
5.714924,5,14.939876,0.9597668017045882,0.040000000000000036,True
5.392088,6,14.952021,0.9600134714972204,0.04800000000000004,True
5.904695,6,15.546545,0.9632284185310741,0.04800000000000004,True
5.929947,6,15.558185,0.9597697407114973,0.04800000000000004,True
5.474698,6,15.57498,0.9626100385802425,0.04800000000000004,True
5.373814,8,15.593891,0.9605963727727671,0.06400000000000006,True
5.609581,7,15.608996,0.9587841087921458,0.05600000000000005,True
5.80446,6,15.620404,0.9613242447118069,0.04800000000000004,True
5.374008,5,15.631683,0.9618029384088187,0.040000000000000036,True
5.361506,8,15.648038,0.9644358010605683,0.06400000000000006,True
5.690398,4,15.657536,0.964251536989701,0.03200000000000003,True
5.656725,3,15.663002,0.9568681400832135,0.02400000000000002,True
5.361454,9,15.681253,0.9607205121605756,0.07200000000000006,True
5.743678,6,15.694672,0.9621712998974781,0.04800000000000004,True
5.607527,5,15.704589,0.9595831731548117,0.040000000000000036,True
5.7618,11,15.72816,0.962617239604102,0.08800000000000008,True
5.498066,5,15.73949,0.9580956080468622,0.040000000000000036,True
5.420517,7,15.754356,0.9635578099609337,0.05600000000000005,True
5.851282,7,15.768766,0.9643542741379794,0.05600000000000005,True
5.66556,6,15.78167,0.9594068542276369,0.04800000000000004,True
5.593708,5,15.791236,0.9639414536729445,0.040000000000000036,True
5.725998,8,15.807694,0.9618012507216531,0.06400000000000006,True
5.614433,4,15.816052,0.9577730350601391,0.03200000000000003,True
6.006848,5,15.828406,0.9576956024009098,0.040000000000000036,True
5.752857,10,15.853876,0.9579238848816551,0.08000000000000007,True
5.442886,5,15.864513,0.955947703552595,0.040000000000000036,True
5.656568,4,15.874455,0.9580548534176351,0.03200000000000003,True
5.815059,8,15.891531,0.9582203060960554,0.06400000000000006,True
5.788435,6,15.904664,0.9652050093352995,0.04800000000000004,True
5.542719,6,15.917516,0.9594616274047559,0.04800000000000004,True
5.494931,5,15.928852,0.961327412241274,0.040000000000000036,True
5.728127,5,15.94069,0.9588480748137714,0.040000000000000036,True
5.427456,6,15.953869,0.9601313356466536,0.04800000000000004,True
5.426964,7,15.969326,0.9591735056910751,0.05600000000000005,True
5.769337,5,15.980313,0.9659458066511214,0.040000000000000036,True
5.522264,3,15.986422,0.9651589911330585,0.02400000000000002,True
5.61787,8,16.003489,0.9583223079659284,0.06400000000000006,True
5.77235,6,16.016464,0.9659684316083855,0.04800000000000004,True
5.671254,7,16.032968,0.9623793730840425,0.05600000000000005,True
5.382984,4,16.04144,0.9623170292689531,0.03200000000000003,True
5.563846,6,16.054006,0.962095424167941,0.04800000000000004,True
5.376021,6,16.068041,0.9595437153217328,0.04800000000000004,True
5.662973,9,16.086481,0.9568046223742077,0.07200000000000006,True
5.736196,6,16.098217,0.9585883459362596,0.04800000000000004,True
5.437801,6,16.716023,0.9631084804595775,0.04800000000000004,True
5.698406,4,16.725245,0.9620021226288118,0.03200000000000003,True
5.956529,5,16.737064,0.9607930605469167,0.040000000000000036,True
5.726877,8,16.753896,0.967611895704078,0.06400000000000006,True
5.778707,4,16.764144,0.9603262095641769,0.03200000000000003,True
5.694455,7,16.780891,0.9598999655383331,0.05600000000000005,True
5.68789,4,16.789906,0.9580056494438307,0.03200000000000003,True
5.745556,4,16.797787,0.9576486121367889,0.03200000000000003,True
5.686322,7,16.815249,0.9597281561743627,0.05600000000000005,True
5.73555,5,16.826273,0.9607577800297331,0.040000000000000036,True
5.606788,4,16.835683,0.9625590312807978,0.03200000000000003,True
5.542689,6,16.850568,0.9651800177043575,0.04800000000000004,True
5.561463,6,16.864633,0.9626939322657906,0.04800000000000004,True
5.686145,3,16.871477,0.9597678683375566,0.02400000000000002,True
5.664369,4,16.880728,0.9623116619940835,0.03200000000000003,True
5.727135,5,16.89193,0.9584059665010907,0.040000000000000036,True
5.297639,4,16.90127,0.959391000731998,0.03200000000000003,True
5.494412,12,16.926471,0.9652698413190315,0.09600000000000009,True
5.925169,4,16.935381,0.9583875369819628,0.03200000000000003,True
5.470433,6,16.947876,0.964051815350661,0.04800000000000004,True
5.484394,9,16.967511,0.9612544515159651,0.07200000000000006,True
5.650942,6,16.979997,0.9608713850944361,0.04800000000000004,True
5.352498,3,16.987422,0.9593615953995401,0.02400000000000002,True
5.700344,7,17.003497,0.956442972858681,0.05600000000000005,True
5.669377,9,17.022594,0.9618423668726638,0.07200000000000006,True
5.687823,8,17.039016,0.9600635131222812,0.06400000000000006,True
5.670009,7,17.054898,0.9597552453747504,0.05600000000000005,True
5.672582,4,17.063859,0.95947407644733,0.03200000000000003,True
5.679313,5,17.074786,0.9605252329078603,0.040000000000000036,True
5.795714,4,17.083453,0.9586950699032952,0.03200000000000003,True
5.540556,8,17.100346,0.9620819462627309,0.06400000000000006,True
5.845681,6,17.112711,0.9638089140926944,0.04800000000000004,True
5.775539,5,17.123109,0.96010787394272,0.040000000000000036,True
5.500078,3,17.129614,0.962472727976333,0.02400000000000002,True
5.499061,7,17.144913,0.9626729068155921,0.05600000000000005,True
5.471084,4,17.153458,0.9586888913557432,0.03200000000000003,True
5.606832,6,17.166882,0.9619032567952822,0.04800000000000004,True
5.700369,8,17.184613,0.9582474509255712,0.06400000000000006,True
5.530192,4,17.194485,0.9638504545364925,0.03200000000000003,True
5.657578,7,17.210438,0.966445601827659,0.05600000000000005,True
5.758883,5,17.222297,0.9583008175720316,0.040000000000000036,True
5.809998,5,17.233994,0.962160519494567,0.040000000000000036,True
5.56706,9,17.25417,0.9596247114002889,0.07200000000000006,True
5.428178,4,17.263372,0.9633930102467216,0.03200000000000003,True
5.526463,5,17.273979,0.9571850369923326,0.040000000000000036,True
5.82582,4,17.858582,0.960009696681249,0.03200000000000003,True
5.499787,4,17.868875,0.9627747591912585,0.03200000000000003,True
5.762364,5,17.879854,0.9580322628018689,0.040000000000000036,True
5.797424,5,17.890779,0.9600652884815905,0.040000000000000036,True
5.951828,4,17.899886,0.9619670538699541,0.03200000000000003,True
5.535275,3,17.906058,0.9619389472798088,0.02400000000000002,True
5.487204,4,17.915764,0.9563719296357207,0.03200000000000003,True
5.466741,4,17.925204,0.9631467589371349,0.03200000000000003,True
5.77107,8,17.943089,0.9641202013619168,0.06400000000000006,True
5.546211,5,17.954359,0.9643049099680622,0.040000000000000036,True
5.706,6,17.96633,0.9597302505459784,0.04800000000000004,True
6.026953,6,17.978667,0.9639057772201546,0.04800000000000004,True
5.512555,3,17.985349,0.9600029502238322,0.02400000000000002,True
5.781371,10,18.006341,0.9579991909711294,0.08000000000000007,True
5.696093,4,18.015304,0.9624564251143752,0.03200000000000003,True
5.735518,6,18.029589,0.9610943635698163,0.04800000000000004,True
5.626089,5,18.041394,0.9594404754180014,0.040000000000000036,True
5.801287,6,18.054756,0.9602898631485897,0.04800000000000004,True
5.735936,5,18.066309,0.9595765723679173,0.040000000000000036,True
5.834154,5,18.077738,0.9578898927674316,0.040000000000000036,True
5.528838,4,18.087105,0.963140620118351,0.03200000000000003,True
5.451722,4,18.095083,0.9620158672191272,0.03200000000000003,True
5.5491,6,18.106832,0.9599196303986214,0.04800000000000004,True
5.743128,7,18.123926,0.9587926841240495,0.05600000000000005,True
5.798093,5,18.134959,0.9595497884920045,0.040000000000000036,True
5.685687,6,18.147926,0.9574408333523922,0.04800000000000004,True
5.596465,4,18.157226,0.9593417837462838,0.03200000000000003,True
5.767404,8,18.17336,0.9589795238238146,0.06400000000000006,True
5.698071,7,18.187949,0.9581787955531573,0.05600000000000005,True
5.625696,4,18.19632,0.9618652810365584,0.03200000000000003,True
5.513747,4,18.20519,0.9615613619155605,0.03200000000000003,True
5.446008,6,18.313285,0.9588687536617432,0.04800000000000004,True
5.677108,5,18.324344,0.9636983571544604,0.040000000000000036,True
5.604223,3,18.330346,0.9626019213731873,0.02400000000000002,True
5.763771,5,18.344374,0.9598780682907526,0.040000000000000036,True
5.518769,7,18.369219,0.9626692995790755,0.05600000000000005,True
5.510018,8,18.392273,0.9643276172506947,0.06400000000000006,True
5.408705,4,18.400093,0.9608681761881761,0.03200000000000003,True
5.809917,5,18.410938,0.9607324190261501,0.040000000000000036,True
5.627249,5,18.421891,0.963848508329771,0.040000000000000036,True
5.797362,6,18.43653,0.9590099668041983,0.04800000000000004,True
5.604953,6,18.449353,0.9598453256721151,0.04800000000000004,True
6.008034,5,18.461463,0.9581296049171697,0.040000000000000036,True
5.67495,3,18.467978,0.962299099235802,0.02400000000000002,True
5.726844,5,18.47941,0.9600148235385261,0.040000000000000036,True
5.653675,5,18.49156,0.9582540469550971,0.040000000000000036,True
5.688823,6,18.504555,0.9608788223977969,0.04800000000000004,True
5.665847,4,18.514691,0.961052384189977,0.03200000000000003,True
5.731723,4,18.522337,0.9573342369832393,0.03200000000000003,True
5.434874,4,19.076712,0.9606636657774408,0.03200000000000003,True
5.681269,3,19.084979,0.9656500753749544,0.02400000000000002,True
5.80983,3,19.09233,0.9565271395249604,0.02400000000000002,True
5.722683,5,19.103688,0.9568102396671625,0.040000000000000036,True
5.588689,7,19.118629,0.9659384170940917,0.05600000000000005,True
5.591081,10,19.139663,0.9597844460470191,0.08000000000000007,True
5.566375,5,19.150664,0.9609659276248748,0.040000000000000036,True
5.876,5,19.161644,0.9567836916739614,0.040000000000000036,True
5.727686,4,19.170206,0.957349310699761,0.03200000000000003,True
5.871066,4,19.178632,0.9612964346357391,0.03200000000000003,True
5.636688,6,19.192231,0.9606784225732569,0.04800000000000004,True
5.781087,5,19.203223,0.9661399484593419,0.040000000000000036,True
5.75037,4,19.212828,0.9597003864155934,0.03200000000000003,True
5.641246,5,19.22253,0.9631761534055057,0.040000000000000036,True
5.547478,4,19.231449,0.9669459746018911,0.03200000000000003,True
5.511914,3,19.239026,0.9590721396356299,0.02400000000000002,True
5.455489,4,19.247899,0.963708370130518,0.03200000000000003,True
5.830974,5,19.259247,0.9666042406427231,0.040000000000000036,True
5.614554,5,19.271837,0.9617261509458455,0.040000000000000036,True
5.693123,4,19.281215,0.9608327665983314,0.03200000000000003,True
5.699607,5,19.291707,0.9602341748030183,0.040000000000000036,True
5.804177,5,19.303084,0.961792604405759,0.040000000000000036,True
5.852547,4,19.312515,0.9639452445018182,0.03200000000000003,True
5.723748,5,19.322357,0.9602329330087015,0.040000000000000036,True
5.560352,7,19.337869,0.9612802431849042,0.05600000000000005,True
5.790709,5,19.348139,0.9604023597755913,0.040000000000000036,True
5.800216,4,19.357541,0.9578860920027367,0.03200000000000003,True
5.733893,4,19.366012,0.9678538233589422,0.03200000000000003,True
5.466149,4,19.376172,0.9606078274827792,0.03200000000000003,True
5.51802,3,19.385795,0.9601284628653717,0.02400000000000002,True
5.589343,4,19.397711,0.9641158257963107,0.03200000000000003,True
5.382242,3,19.408971,0.9622717009987037,0.02400000000000002,True
5.280889,3,19.417681,0.9671650158274497,0.02400000000000002,True
5.817129,6,19.431534,0.9633844591652929,0.04800000000000004,True
5.411345,4,19.440507,0.957644439649809,0.03200000000000003,True
5.437998,5,19.451503,0.9586345157354041,0.040000000000000036,True
5.810381,7,19.467014,0.9595578850853768,0.05600000000000005,True
5.346838,3,19.47364,0.9584911387621411,0.02400000000000002,True
5.763211,7,19.489222,0.9610742853538612,0.05600000000000005,True
5.492861,6,19.502596,0.9648432656754603,0.04800000000000004,True
5.69379,7,19.517668,0.9610045344305542,0.05600000000000005,True
5.991906,7,19.532542,0.9606978219410163,0.05600000000000005,True
5.39348,4,19.541887,0.9637543272091075,0.03200000000000003,True
5.767336,6,19.555681,0.959164613114581,0.04800000000000004,True
5.475437,4,19.56628,0.9617822914709658,0.03200000000000003,True
5.496497,8,19.590271,0.9600104756021648,0.06400000000000006,True
5.489241,5,19.602031,0.9638407330276451,0.040000000000000036,True
5.549731,6,19.614766,0.9643688484995229,0.04800000000000004,True
5.719716,4,19.623307,0.959555415546355,0.03200000000000003,True
5.455727,3,19.630685,0.9574735524832096,0.02400000000000002,True
5.633723,4,19.64036,0.9596183351331823,0.03200000000000003,True
5.82132,5,19.651742,0.964317075180614,0.040000000000000036,True
5.509568,5,19.663255,0.9595806618735507,0.040000000000000036,True
5.710362,5,20.213443,0.9596436072184636,0.040000000000000036,True
5.741135,3,20.218976,0.9587133901540936,0.02400000000000002,True
5.491358,3,20.225937,0.9596077745583595,0.02400000000000002,True
5.760453,5,20.237499,0.9611477154104644,0.040000000000000036,True
5.504131,5,20.249355,0.9687937785412624,0.040000000000000036,True
5.575357,2,20.255122,0.9592768223116513,0.016000000000000014,True
5.635484,3,20.261719,0.9592293467631869,0.02400000000000002,True
5.518483,4,20.271238,0.963098919179286,0.03200000000000003,True
5.56338,5,20.282002,0.9613326657560476,0.040000000000000036,True
5.578953,5,20.293026,0.9647265995194164,0.040000000000000036,True
5.581607,3,20.300798,0.961306974176907,0.02400000000000002,True
5.510306,5,20.311343,0.9625125624127344,0.040000000000000036,True
5.758944,4,20.320953,0.9569665098276143,0.03200000000000003,True
5.760056,3,20.327583,0.963762726431022,0.02400000000000002,True
5.676297,7,20.346991,0.9623602658767108,0.05600000000000005,True
5.625377,3,20.356806,0.9587347197993605,0.02400000000000002,True
5.800638,5,20.367113,0.9598818824546139,0.040000000000000036,True
5.633523,3,20.37417,0.9638034139401273,0.02400000000000002,True
5.427314,6,20.388878,0.9596311614943849,0.04800000000000004,True
5.875543,5,20.398921,0.9558309848847034,0.040000000000000036,True
5.823183,4,20.407833,0.963560982042313,0.03200000000000003,True
5.560607,6,20.423168,0.9627626272305965,0.04800000000000004,True
5.415892,8,20.44767,0.9616624140643623,0.06400000000000006,True
5.570845,5,20.461895,0.9610996103209941,0.040000000000000036,True
5.720715,3,20.46843,0.9607019256165749,0.02400000000000002,True
5.709162,4,20.477542,0.9606435761498493,0.03200000000000003,True
5.420844,4,20.486092,0.9561713670981502,0.03200000000000003,True
5.632433,5,20.497126,0.960964464410522,0.040000000000000036,True
5.6812,7,20.51193,0.958224440462401,0.05600000000000005,True
5.46416,4,20.521463,0.961915492104869,0.03200000000000003,True
5.782549,5,20.532546,0.9647997719544564,0.040000000000000036,True
5.813248,4,20.541946,0.9610630361072807,0.03200000000000003,True
5.763999,4,20.552511,0.963001388736792,0.03200000000000003,True
5.658356,5,20.564017,0.960125999866606,0.040000000000000036,True
5.981274,5,20.574758,0.9611446696692207,0.040000000000000036,True
5.665891,3,20.580444,0.9586582703927553,0.02400000000000002,True
6.001432,5,20.591186,0.9606819737288976,0.040000000000000036,True
5.841098,4,20.600484,0.9640868306400439,0.03200000000000003,True
5.688313,5,20.611497,0.9619064595549132,0.040000000000000036,True
5.662195,5,20.622533,0.9589332344172571,0.040000000000000036,True
5.741604,4,20.632666,0.9592494783585217,0.03200000000000003,True
5.779728,4,20.642455,0.9581060725390638,0.03200000000000003,True
5.388852,3,20.648356,0.9589254157234541,0.02400000000000002,True
5.377248,6,20.662643,0.9571679933262623,0.04800000000000004,True
5.521,6,20.676416,0.9598812194318777,0.04800000000000004,True
5.713883,3,20.683692,0.9657163180629048,0.02400000000000002,True
5.734649,4,20.69189,0.9617033697189645,0.03200000000000003,True
5.579784,5,20.703868,0.9607053613637856,0.040000000000000036,True
5.634142,5,20.715338,0.9656125196500106,0.040000000000000036,True
5.701182,5,20.726608,0.9614490952793369,0.040000000000000036,True
5.553964,3,20.734368,0.9595532811007672,0.02400000000000002,True
5.812681,6,20.747031,0.9595351343764887,0.04800000000000004,True
5.847873,3,20.753908,0.963811653036991,0.02400000000000002,True
5.765073,3,20.760887,0.9634918787064577,0.02400000000000002,True
5.483254,5,20.773469,0.9627286023847008,0.040000000000000036,True
5.507216,4,20.782801,0.9609056360327259,0.03200000000000003,True
5.682737,6,20.795563,0.960494457051748,0.04800000000000004,True
5.64836,7,21.379716,0.9635752001078537,0.05600000000000005,True
5.642949,5,21.391979,0.9606196814724473,0.040000000000000036,True
5.536166,6,21.405212,0.9613565905891064,0.04800000000000004,True
5.6907,5,21.4167,0.9634142851039567,0.040000000000000036,True
5.955577,4,21.426677,0.9628250359342954,0.03200000000000003,True
6.02115,6,21.439027,0.9590592425108881,0.04800000000000004,True
5.567045,3,21.446296,0.9627583715150745,0.02400000000000002,True
5.502448,4,21.45808,0.9617936480209088,0.03200000000000003,True
5.69043,3,21.466706,0.9592996025154973,0.02400000000000002,True
5.808706,5,21.484316,0.9627730060890132,0.040000000000000036,True
5.620926,5,21.497807,0.9655279757801428,0.040000000000000036,True
5.489911,5,21.509595,0.9602870106150512,0.040000000000000036,True
5.779124,5,21.520872,0.9648420997877631,0.040000000000000036,True
5.44982,3,21.527663,0.9628528344701076,0.02400000000000002,True
5.681357,3,21.539001,0.9576000364013805,0.02400000000000002,True
5.56338,6,21.553005,0.9595817864942576,0.04800000000000004,True
5.601306,4,21.560569,0.9594979347849526,0.03200000000000003,True
5.712641,4,21.571053,0.9628323144415105,0.03200000000000003,True
5.672467,4,21.579703,0.9616336745967207,0.03200000000000003,True
5.955467,6,21.593453,0.9607469756967155,0.04800000000000004,True
5.956782,5,21.604817,0.9625039047377482,0.040000000000000036,True
5.498338,5,21.615827,0.9618320163870261,0.040000000000000036,True
5.667481,5,21.627767,0.956969636466686,0.040000000000000036,True
5.501024,5,21.640334,0.9585222813694284,0.040000000000000036,True
5.791915,6,21.653944,0.9556623367669124,0.04800000000000004,True
5.536012,5,21.665511,0.9617813572999238,0.040000000000000036,True
5.843122,5,21.676574,0.9630371711385096,0.040000000000000036,True
5.64357,5,21.688649,0.9620107151820462,0.040000000000000036,True
5.419351,5,21.699893,0.9631472833242929,0.040000000000000036,True
5.503663,3,21.706864,0.9608284155058507,0.02400000000000002,True
5.677291,5,21.717612,0.9639610806569422,0.040000000000000036,True
5.503083,4,21.727263,0.9639584014046394,0.03200000000000003,True
5.449283,4,21.737133,0.957145629826083,0.03200000000000003,True
5.377476,3,21.744319,0.9581528263378079,0.02400000000000002,True
5.705138,8,21.761264,0.9654546563216163,0.06400000000000006,True
5.607735,4,21.770752,0.9626461817918828,0.03200000000000003,True
5.779814,7,21.788118,0.9617248774696141,0.05600000000000005,True
5.607216,5,21.799444,0.9595877042671876,0.040000000000000036,True
5.58661,3,21.806062,0.9641597477576676,0.02400000000000002,True
5.858463,5,21.817352,0.9641050462930603,0.040000000000000036,True
5.614805,4,21.827275,0.9600430233128312,0.03200000000000003,True
5.944005,3,21.834524,0.9631473874180696,0.02400000000000002,True
5.988002,4,21.843601,0.9599718476752848,0.03200000000000003,True
5.729203,4,21.85198,0.9609648394822103,0.03200000000000003,True
5.499664,4,21.861948,0.9644655821339194,0.03200000000000003,True
5.756694,5,21.873613,0.9654252729253584,0.040000000000000036,True
5.438242,3,21.881763,0.9581903363785405,0.02400000000000002,True
5.530761,5,21.892811,0.9595581755092384,0.040000000000000036,True
5.86958,5,21.903876,0.9639880808315661,0.040000000000000036,True
6.102185,4,21.913261,0.9582093549157897,0.03200000000000003,True
5.724663,4,21.920754,0.9590042510482195,0.03200000000000003,True
5.558809,4,21.930372,0.9656774629857678,0.03200000000000003,True
5.486225,4,21.939905,0.9598280646610272,0.03200000000000003,True
5.967566,4,21.949111,0.9623432058854934,0.03200000000000003,True
5.692728,4,21.959294,0.9611169766075707,0.03200000000000003,True
5.489835,4,21.969013,0.962600170155113,0.03200000000000003,True
5.763273,5,21.980483,0.9608448657587888,0.040000000000000036,True
5.722359,4,22.619836,0.9617533041257949,0.03200000000000003,True
5.560648,6,22.63393,0.9579871517094628,0.04800000000000004,True
5.701461,4,22.64194,0.9612716150436431,0.03200000000000003,True
5.729945,7,22.657944,0.9607022826161256,0.05600000000000005,True
5.781714,5,22.67077,0.9624654881929483,0.040000000000000036,True
5.583499,7,22.687635,0.9607725763489314,0.05600000000000005,True
5.660584,4,22.696891,0.9581723078684778,0.03200000000000003,True
5.47079,4,22.707748,0.9629874019164681,0.03200000000000003,True
5.752208,6,22.728784,0.9593592879956545,0.04800000000000004,True
5.863522,4,22.738435,0.9632180579115536,0.03200000000000003,True
5.497823,6,22.753246,0.9626984361790434,0.04800000000000004,True
5.55664,6,22.768979,0.9647468049505975,0.04800000000000004,True
5.738703,4,22.779316,0.9627908317396581,0.03200000000000003,True
5.450719,6,22.792787,0.9641369894940943,0.04800000000000004,True
5.914856,5,22.804344,0.961286466732238,0.040000000000000036,True
5.454768,6,22.818304,0.9572677184177638,0.04800000000000004,True
5.742873,4,22.82777,0.9607520921458887,0.03200000000000003,True
5.775721,6,22.84154,0.961056589687123,0.04800000000000004,True
5.626146,7,22.857215,0.9614059298841086,0.05600000000000005,True
5.531104,5,22.869379,0.9603952513853777,0.040000000000000036,True
5.871208,3,22.877565,0.9616019472532649,0.02400000000000002,True
5.795536,4,22.887043,0.9616456231051422,0.03200000000000003,True
5.627434,5,22.89854,0.9591925087416115,0.040000000000000036,True
5.526872,6,22.913271,0.9585099210935801,0.04800000000000004,True
5.714514,3,22.919757,0.95914035473601,0.02400000000000002,True
5.496449,5,22.930362,0.9657183908479003,0.040000000000000036,True
5.517045,5,22.941747,0.9612485820974307,0.040000000000000036,True
5.788376,5,22.953588,0.9602137702243818,0.040000000000000036,True
5.697638,3,22.959483,0.9630292602968182,0.02400000000000002,True
5.510984,4,22.969342,0.9614574358353299,0.03200000000000003,True
5.713339,4,22.977779,0.9627358758837979,0.03200000000000003,True
5.793466,5,22.98867,0.9633131742406501,0.040000000000000036,True
5.491743,4,22.999355,0.9594249481921978,0.03200000000000003,True
5.709282,5,23.011475,0.9580174498689282,0.040000000000000036,True
5.954212,4,23.02166,0.9591089022597538,0.03200000000000003,True
5.614878,3,23.028471,0.9600406953963232,0.02400000000000002,True
5.666229,4,23.03756,0.9650834428273137,0.03200000000000003,True
5.50197,3,23.045954,0.9623413005339809,0.02400000000000002,True
5.481632,5,23.058121,0.9651221572281257,0.040000000000000036,True
5.677577,4,23.067433,0.9594302176700877,0.03200000000000003,True
5.980373,5,23.07805,0.9630696838692283,0.040000000000000036,True
6.011907,5,23.090873,0.9634327657725803,0.040000000000000036,True
5.500415,3,23.097087,0.9591720999411176,0.02400000000000002,True
5.606889,4,23.106843,0.9597250150581058,0.03200000000000003,True
5.728381,3,23.114501,0.9604205824841435,0.02400000000000002,True
5.663804,4,23.123967,0.9641821411788629,0.03200000000000003,True
5.684281,4,23.133107,0.9603581807626832,0.03200000000000003,True
5.828259,5,23.146145,0.9607357965039823,0.040000000000000036,True
5.708993,4,23.156328,0.957982085560737,0.03200000000000003,True
5.404958,3,23.163769,0.9591982924825011,0.02400000000000002,True
5.523864,3,23.171063,0.9659228941073816,0.02400000000000002,True
5.388961,4,23.180971,0.9629879971416181,0.03200000000000003,True
6.018975,5,23.192713,0.9596149059719753,0.040000000000000036,True
5.732652,4,23.202677,0.9577592767085592,0.03200000000000003,True
5.798828,5,23.21418,0.9606465387356304,0.040000000000000036,True
5.734506,5,23.227329,0.9647505802342918,0.040000000000000036,True
5.516147,3,23.795939,0.9631528324780065,0.02400000000000002,True
5.634521,5,23.8073,0.9575428176713244,0.040000000000000036,True
5.636349,5,23.817777,0.9610984707885953,0.040000000000000036,True
5.675106,7,23.833766,0.9609471644451457,0.05600000000000005,True
5.53567,4,23.843556,0.9570542583699915,0.03200000000000003,True
5.954787,5,23.854867,0.958048967730736,0.040000000000000036,True
5.478622,5,23.86807,0.9593521271602223,0.040000000000000036,True
5.569446,4,23.878243,0.9604245945832766,0.03200000000000003,True
5.70917,5,23.889248,0.9634210202215563,0.040000000000000036,True
5.683235,5,23.900547,0.9634978006807344,0.040000000000000036,True
5.613532,3,23.907553,0.9638969253880061,0.02400000000000002,True
5.524085,6,23.921814,0.9644967982899386,0.04800000000000004,True
5.404764,3,23.927853,0.958527437574296,0.02400000000000002,True
5.88709,6,23.942542,0.9649719508292014,0.04800000000000004,True
5.586764,2,23.946561,0.9642608843562852,0.016000000000000014,True
5.757444,5,23.958078,0.9636660146228664,0.040000000000000036,True
5.828819,4,23.966924,0.959824445736303,0.03200000000000003,True
5.512737,4,23.976609,0.9598098579059455,0.03200000000000003,True
5.861126,5,23.988328,0.963406465960279,0.040000000000000036,True
5.719666,4,23.997924,0.9597361759956411,0.03200000000000003,True
5.705965,6,24.011866,0.9639313923323198,0.04800000000000004,True
5.806243,5,24.023553,0.9621719677958376,0.040000000000000036,True
5.473425,5,24.035241,0.9638122981781864,0.040000000000000036,True
6.078423,5,24.047525,0.9593501408205451,0.040000000000000036,True
5.541479,5,24.058903,0.9653272997391646,0.040000000000000036,True
5.822024,2,24.063704,0.9633392710386997,0.016000000000000014,True
5.699343,4,24.073101,0.9585352656823838,0.03200000000000003,True
5.647354,5,24.085078,0.9582154336022375,0.040000000000000036,True
5.741405,4,24.094085,0.9604325900082868,0.03200000000000003,True
5.757585,4,24.104511,0.9568103974994429,0.03200000000000003,True
5.775427,4,24.196543,0.9602497017198178,0.03200000000000003,True
5.633971,3,24.204678,0.9622988427128285,0.02400000000000002,True
5.614822,4,24.214059,0.9586412258556775,0.03200000000000003,True
5.484824,4,24.223475,0.9661366819699881,0.03200000000000003,True
5.574753,3,24.231365,0.9636258084596855,0.02400000000000002,True
5.686904,5,24.242742,0.9589693588459551,0.040000000000000036,True
5.810709,4,24.252439,0.9648776181790801,0.03200000000000003,True
5.833049,5,24.264806,0.961657944303387,0.040000000000000036,True
5.783571,5,24.275535,0.9589029862098364,0.040000000000000036,True
5.741919,4,24.285174,0.9627968864832273,0.03200000000000003,True
5.745887,4,24.294087,0.9631263298609817,0.03200000000000003,True
5.755424,5,24.30506,0.9616021251077173,0.040000000000000036,True
5.495613,4,24.315416,0.9618405207865208,0.03200000000000003,True
5.943472,3,24.326035,0.9595389184207144,0.02400000000000002,True
5.602338,4,24.340789,0.9667307800873215,0.03200000000000003,True
5.495833,5,24.356245,0.9570198125780938,0.040000000000000036,True
5.749679,5,24.372476,0.9590893926415155,0.040000000000000036,True
5.718355,6,24.393537,0.9627772533939309,0.04800000000000004,True
5.60935,5,24.412041,0.9595973548977355,0.040000000000000036,True
5.911943,3,24.422647,0.9584314552415447,0.02400000000000002,True
5.641858,3,24.433785,0.9648232807464487,0.02400000000000002,True
5.690542,4,24.447742,0.958407584060504,0.03200000000000003,True
5.591778,6,24.473214,0.9593491102133651,0.04800000000000004,True
5.537078,5,24.488433,0.9607677425247756,0.040000000000000036,True
5.468315,3,24.496687,0.9598709176426314,0.02400000000000002,True
5.506083,3,24.507542,0.9643109517023027,0.02400000000000002,True
5.449623,3,24.519297,0.9604193790122728,0.02400000000000002,True
5.467188,5,24.533883,0.9571424031178495,0.040000000000000036,True
5.721504,4,24.546431,0.9639572322010488,0.03200000000000003,True
5.787182,5,25.302885,0.9565554598896856,0.040000000000000036,True
5.720368,5,25.317794,0.9574516038309332,0.040000000000000036,True
5.750629,4,25.329291,0.9615307779561639,0.03200000000000003,True
5.617537,5,25.343765,0.9627313935197788,0.040000000000000036,True
5.546937,4,25.355817,0.9603218512416933,0.03200000000000003,True
5.638341,5,25.371352,0.959804806306667,0.040000000000000036,True
5.515725,4,25.383806,0.9617339575502719,0.03200000000000003,True
5.763096,4,25.396707,0.960595366155079,0.03200000000000003,True
5.778932,5,25.416006,0.9589765910087947,0.040000000000000036,True
5.452307,5,25.43304,0.9595758100301943,0.040000000000000036,True
5.732512,6,25.452428,0.9608820898150908,0.04800000000000004,True
5.913625,4,25.466527,0.9617278214581015,0.03200000000000003,True
5.647152,5,25.483079,0.9676281430322348,0.040000000000000036,True
5.920755,4,25.49695,0.9655237715355224,0.03200000000000003,True
5.514341,7,25.520932,0.9606755172580871,0.05600000000000005,True
5.386306,4,25.534267,0.9614458847962823,0.03200000000000003,True
5.80118,5,25.551761,0.9653050331641383,0.040000000000000036,True
5.618855,5,25.568396,0.9641757154789832,0.040000000000000036,True
5.496457,3,25.57729,0.9630725449668671,0.02400000000000002,True
5.4826,4,25.590127,0.958467110337979,0.03200000000000003,True
5.715662,4,25.602066,0.9634681767685542,0.03200000000000003,True
5.643592,5,25.616022,0.9620729619300715,0.040000000000000036,True
5.500271,5,25.630087,0.958839798852091,0.040000000000000036,True
5.820919,4,25.641904,0.9651342757271089,0.03200000000000003,True
5.818369,5,25.655967,0.9676666178651332,0.040000000000000036,True
5.963047,5,25.670921,0.9595601061043108,0.040000000000000036,True
5.74684,5,25.687895,0.9625886646463891,0.040000000000000036,True
5.581519,4,25.700741,0.9620913587574482,0.03200000000000003,True
5.833608,4,25.712151,0.959797497977132,0.03200000000000003,True
5.482966,4,25.724708,0.9621154624729142,0.03200000000000003,True
5.509889,5,25.741575,0.9625011694321057,0.040000000000000036,True
5.537743,5,25.757609,0.9621267846667241,0.040000000000000036,True
5.785324,4,25.771256,0.9627892772052904,0.03200000000000003,True
5.418467,3,25.782551,0.9661349630729337,0.02400000000000002,True
5.777212,6,25.800838,0.961837842264007,0.04800000000000004,True
6.102657,5,25.816033,0.9608040041428838,0.040000000000000036,True
5.484599,7,25.842031,0.9648893418142905,0.05600000000000005,True
5.566643,4,25.858502,0.9602558322067747,0.03200000000000003,True
5.825953,5,25.877498,0.9616519886328203,0.040000000000000036,True
5.37976,3,25.891983,0.9640446212850231,0.02400000000000002,True
5.836298,5,25.910088,0.961730424031995,0.040000000000000036,True
5.498749,3,25.922413,0.9613997781407444,0.02400000000000002,True
5.623477,4,25.934552,0.9628373743009824,0.03200000000000003,True
5.524049,5,25.949216,0.9576810500337068,0.040000000000000036,True
5.511299,5,25.96697,0.9578588110541135,0.040000000000000036,True
5.483036,5,25.98378,0.96428216574382,0.040000000000000036,True
5.81346,5,25.999115,0.961528869515739,0.040000000000000036,True
5.858095,4,26.013532,0.9621589834505602,0.03200000000000003,True
5.466327,3,26.025518,0.9564939205930727,0.02400000000000002,True
5.705145,5,26.04173,0.9644095937217276,0.040000000000000036,True
5.479801,4,26.055674,0.9600288315199526,0.03200000000000003,True
5.980423,4,26.069149,0.9582212271058972,0.03200000000000003,True
5.470158,4,26.082601,0.960728420718817,0.03200000000000003,True
5.513863,5,26.097434,0.9633640441503581,0.040000000000000036,True
5.595708,2,26.104058,0.9582298465785863,0.016000000000000014,True
6.094515,4,26.117197,0.9637255497518202,0.03200000000000003,True
5.724867,4,26.129957,0.9593494921481305,0.03200000000000003,True
5.597335,5,26.903988,0.965569697616984,0.040000000000000036,True
5.387101,2,26.910692,0.9598758528431311,0.016000000000000014,True
5.780302,6,26.928509,0.9611917120909481,0.04800000000000004,True
5.682514,2,26.934545,0.9625000455660845,0.016000000000000014,True
5.784972,5,26.94825,0.9587677238658692,0.040000000000000036,True
6.047868,4,26.959705,0.9602897961615515,0.03200000000000003,True
5.605285,5,26.975685,0.9633870232551913,0.040000000000000036,True
5.711809,3,26.984672,0.9689027151515124,0.02400000000000002,True
5.553968,5,26.998947,0.9646731408849099,0.040000000000000036,True
5.984777,4,27.010587,0.9601838205104645,0.03200000000000003,True
5.807267,5,27.027222,0.9650232652519484,0.040000000000000036,True
6.05179,4,27.039618,0.9621134284879982,0.03200000000000003,True
5.754698,4,27.050833,0.9633812191274187,0.03200000000000003,True
5.96093,3,27.060876,0.9594506274104421,0.02400000000000002,True
6.022049,5,27.076009,0.9615072847022065,0.040000000000000036,True
5.523829,5,27.089988,0.9590255031213342,0.040000000000000036,True
5.485239,5,27.109619,0.9643822680774492,0.040000000000000036,True
5.543537,4,27.125131,0.9648657619292829,0.03200000000000003,True
5.501812,3,27.135165,0.9603530857869841,0.02400000000000002,True
5.79984,5,27.150096,0.9650858989606529,0.040000000000000036,True
5.4615,3,27.159292,0.9600398510275826,0.02400000000000002,True
5.326717,3,27.169532,0.9612818139485,0.02400000000000002,True
5.827601,5,27.18424,0.9586658635962524,0.040000000000000036,True
5.613097,4,27.197141,0.9629885423116821,0.03200000000000003,True
5.540869,3,27.206718,0.9636141594609564,0.02400000000000002,True
5.65404,5,27.222471,0.9597344824455658,0.040000000000000036,True
5.793337,5,27.237958,0.9591287312250547,0.040000000000000036,True
5.809726,4,27.249736,0.9595278746705453,0.03200000000000003,True
5.672286,4,27.262727,0.9600187897753241,0.03200000000000003,True
5.869117,4,27.275951,0.9614580128273669,0.03200000000000003,True
5.683883,4,27.288291,0.9596977016804751,0.03200000000000003,True
5.802949,5,27.303952,0.9629502197930847,0.040000000000000036,True
5.674471,2,27.309398,0.9594673974592827,0.016000000000000014,True
5.813034,5,27.324324,0.960637805465341,0.040000000000000036,True
5.581956,5,27.339285,0.9616655078213338,0.040000000000000036,True
5.517257,3,27.349778,0.9624401826426873,0.02400000000000002,True
5.745463,3,27.360143,0.9617674254606083,0.02400000000000002,True
5.747033,5,27.37546,0.9595891043591627,0.040000000000000036,True
5.470042,5,27.391073,0.9621104116648034,0.040000000000000036,True
5.713276,4,27.404362,0.969605500383331,0.03200000000000003,True
5.496394,3,27.413271,0.9613593416046757,0.02400000000000002,True
5.51573,3,27.423601,0.9624290186148596,0.02400000000000002,True
5.738481,5,27.441428,0.9597886494090787,0.040000000000000036,True
5.747682,4,27.454353,0.96231096845963,0.03200000000000003,True
5.753521,5,27.468972,0.9574310424173437,0.040000000000000036,True
5.767989,3,27.479154,0.9630783945118878,0.02400000000000002,True
5.667564,4,27.497385,0.9573854773056273,0.03200000000000003,True
5.397387,3,27.506056,0.963562006812243,0.02400000000000002,True
5.992532,6,27.524518,0.9622171110066294,0.04800000000000004,True
5.56713,4,27.535876,0.9668806894649158,0.03200000000000003,True
5.734709,3,27.545831,0.9606786248928509,0.02400000000000002,True
5.503425,5,27.560053,0.965459866007921,0.040000000000000036,True
5.542613,3,27.569643,0.9604743146666483,0.02400000000000002,True
5.324093,3,27.578551,0.9621520733827997,0.02400000000000002,True
5.890339,5,27.594557,0.9642757051296801,0.040000000000000036,True
5.556375,4,27.605857,0.9621938872131031,0.03200000000000003,True
5.65597,6,27.62345,0.958426822441506,0.04800000000000004,True
5.894328,4,27.633859,0.9600629411671943,0.03200000000000003,True
5.646402,4,27.645235,0.960863161983726,0.03200000000000003,True
5.632714,5,27.661015,0.961591628324061,0.040000000000000036,True
5.677002,6,27.681252,0.9613811978100004,0.04800000000000004,True
5.445157,3,27.692168,0.9615185374605648,0.02400000000000002,True
5.334483,3,28.521918,0.9645431839272849,0.02400000000000002,True
5.832374,5,28.54053,0.9610971624930018,0.040000000000000036,True
5.55264,3,28.551888,0.9649098542682623,0.02400000000000002,True
5.811827,5,28.569533,0.9636873065948451,0.040000000000000036,True
5.694831,4,28.583317,0.9658851827659101,0.03200000000000003,True
5.814835,4,28.598415,0.9592840354553117,0.03200000000000003,True
5.74981,4,28.609751,0.9639009648675434,0.03200000000000003,True
5.584483,5,28.626906,0.9629532978291164,0.040000000000000036,True
5.699474,3,28.635697,0.9615756179328919,0.02400000000000002,True
5.811383,4,28.648774,0.9601068430537218,0.03200000000000003,True
5.758256,4,28.662008,0.9665974044196328,0.03200000000000003,True
5.463843,4,28.674552,0.9577872864360493,0.03200000000000003,True
5.551534,4,28.686718,0.9593484948380648,0.03200000000000003,True
5.752413,6,28.706081,0.9610956025613779,0.04800000000000004,True
5.614642,4,28.719803,0.9606939545195248,0.03200000000000003,True
5.708383,4,28.732989,0.9576303851292385,0.03200000000000003,True
5.643258,5,28.748904,0.9583371290162015,0.040000000000000036,True
5.860349,4,28.762232,0.9574731872643742,0.03200000000000003,True
5.742101,4,28.774246,0.9625131283446091,0.03200000000000003,True
5.681507,4,28.7877,0.9590125054880025,0.03200000000000003,True
5.380977,5,28.804932,0.9575511150165432,0.040000000000000036,True
5.839763,5,28.823287,0.959354001669927,0.040000000000000036,True
5.739169,5,28.840752,0.9633474133978867,0.040000000000000036,True
5.605073,5,28.853077,0.9637797824166106,0.040000000000000036,True
5.45142,4,28.863088,0.9609679409818029,0.03200000000000003,True
5.467476,3,28.870512,0.9621202078973154,0.02400000000000002,True
5.506817,4,28.879982,0.9658876073158597,0.03200000000000003,True
5.888877,7,28.896785,0.96239240796808,0.05600000000000005,True
5.94874,3,28.903914,0.9645117749976947,0.02400000000000002,True
5.871662,5,28.91668,0.9594884658116647,0.040000000000000036,True
5.951563,4,28.926049,0.9664782242432225,0.03200000000000003,True
5.649953,4,28.935812,0.9567327141302312,0.03200000000000003,True
5.561283,4,28.944987,0.9576741086308487,0.03200000000000003,True
5.492659,5,28.9572,0.9633373631562219,0.040000000000000036,True
5.677605,4,28.966262,0.9591767092899357,0.03200000000000003,True
5.543134,3,28.973627,0.9607754054502712,0.02400000000000002,True
5.517755,5,28.985653,0.9619577914953945,0.040000000000000036,True
5.573927,4,28.995472,0.9572153681590916,0.03200000000000003,True
5.607512,4,29.005812,0.9612972615692315,0.03200000000000003,True
5.427457,3,29.013738,0.9606435447774685,0.02400000000000002,True
5.560207,5,29.031975,0.9574223938091487,0.040000000000000036,True
5.533307,3,29.043009,0.9651910673414341,0.02400000000000002,True
5.833349,6,29.0633,0.9589779120081301,0.04800000000000004,True
5.64298,5,29.075236,0.9592327196188568,0.040000000000000036,True
5.526946,5,29.087308,0.9641137268275259,0.040000000000000036,True
5.680377,3,29.095374,0.9641148888257857,0.02400000000000002,True
5.715771,4,29.104331,0.9565264253524619,0.03200000000000003,True
5.718577,3,29.112274,0.9611691100924137,0.02400000000000002,True
5.960433,5,29.123374,0.9669181698806002,0.040000000000000036,True
5.618737,5,29.134861,0.9617556340170228,0.040000000000000036,True
5.701766,5,29.146339,0.9592660258702371,0.040000000000000036,True
5.727974,5,29.15817,0.9588504179832054,0.040000000000000036,True
5.895063,5,29.169032,0.9605206215980934,0.040000000000000036,True
5.384692,5,29.180803,0.9633185248204854,0.040000000000000036,True
5.607135,5,29.193356,0.9623911813156121,0.040000000000000036,True
5.557093,4,29.202713,0.9623247857295752,0.03200000000000003,True
5.70161,4,29.212311,0.9655204152288838,0.03200000000000003,True
5.592961,3,29.219338,0.9632578801292165,0.02400000000000002,True
5.54744,4,29.228251,0.962186969683023,0.03200000000000003,True
5.653397,3,29.23643,0.9650370357345198,0.02400000000000002,True
5.697093,4,29.799631,0.9618142399701792,0.03200000000000003,True
5.566257,4,29.809599,0.9579724865575368,0.03200000000000003,True
5.756047,5,29.823326,0.9598116378480493,0.040000000000000036,True
5.560879,4,29.831872,0.9671195163573753,0.03200000000000003,True
5.884294,5,29.845013,0.9608753680448356,0.040000000000000036,True
5.684011,5,29.858488,0.9657847498798374,0.040000000000000036,True
5.703661,5,29.870368,0.9638006237616963,0.040000000000000036,True
5.603733,3,29.877625,0.9587243107462184,0.02400000000000002,True
5.65613,4,29.887654,0.962507269131571,0.03200000000000003,True
5.463601,3,29.895376,0.9575428429868624,0.02400000000000002,True
5.666312,4,29.905069,0.9637258007607743,0.03200000000000003,True
5.997567,4,29.914435,0.9621935700305676,0.03200000000000003,True
5.778757,3,29.922751,0.9585419183144195,0.02400000000000002,True
6.027625,4,29.932412,0.9617912565385109,0.03200000000000003,True
5.881051,3,29.939502,0.9645536107056201,0.02400000000000002,True
5.412738,3,29.946623,0.9605545343643848,0.02400000000000002,True
5.435962,3,29.953671,0.9651396987518897,0.02400000000000002,True
5.480299,3,29.960997,0.9656034486082312,0.02400000000000002,True
5.466934,2,29.965737,0.9589425612066419,0.016000000000000014,True
5.600591,3,29.973791,0.9623672202260736,0.02400000000000002,True
5.678107,4,29.983669,0.9595191223935574,0.03200000000000003,True
5.580064,5,29.995011,0.9595291231589208,0.040000000000000036,True
5.780852,5,30.007071,0.9641358147648602,0.040000000000000036,True
5.757992,4,30.01556,0.9602997763759756,0.03200000000000003,True
5.613287,4,30.026202,0.9597159812451732,0.03200000000000003,True
5.652973,5,30.037614,0.956503341906292,0.040000000000000036,True
5.812952,5,30.049524,0.9584684757121844,0.040000000000000036,True
5.927038,3,30.057581,0.9613986168627775,0.02400000000000002,True
5.435785,4,30.071192,0.9642120394515656,0.03200000000000003,True
5.584056,3,30.081752,0.9550888403629799,0.02400000000000002,True
5.661804,6,30.10057,0.9566172317527382,0.04800000000000004,True
5.482095,5,30.112528,0.960188070752457,0.040000000000000036,True
5.725252,4,30.121808,0.9651826938754999,0.03200000000000003,True
5.587576,3,30.129041,0.9683095138919464,0.02400000000000002,True
5.623332,5,30.141117,0.9584444825717939,0.040000000000000036,True
5.506344,4,30.150702,0.9631621600622396,0.03200000000000003,True
5.510454,4,30.160367,0.9606071235642034,0.03200000000000003,True
5.978873,3,30.167316,0.9657143872460596,0.02400000000000002,True
5.654843,4,30.176472,0.9629441551571872,0.03200000000000003,True
5.599751,4,30.185463,0.9651505372378476,0.03200000000000003,True
5.790406,5,30.197829,0.9617493147540505,0.040000000000000036,True
5.456446,5,30.2094,0.9564835284746878,0.040000000000000036,True
5.581646,5,30.222412,0.9577002009730081,0.040000000000000036,True
5.809835,5,30.233775,0.9604424543142508,0.040000000000000036,True
5.546436,4,30.242402,0.9610124329168035,0.03200000000000003,True
5.382686,3,30.250356,0.9607056370924886,0.02400000000000002,True
5.466129,3,30.258552,0.9612378538086258,0.02400000000000002,True
5.547168,3,30.265593,0.9639251810424778,0.02400000000000002,True
5.646784,4,30.274788,0.9614539816365372,0.03200000000000003,True
5.592268,4,30.284333,0.9566672885337708,0.03200000000000003,True
5.506878,3,30.291725,0.9601399766936196,0.02400000000000002,True
5.848939,5,30.304693,0.9592250096686235,0.040000000000000036,True
5.731156,3,30.3119,0.9643105757274445,0.02400000000000002,True
5.676301,4,30.320355,0.9653322617281572,0.03200000000000003,True
5.897238,4,30.329766,0.9582009171111889,0.03200000000000003,True
5.686887,4,30.338461,0.9583414271187382,0.03200000000000003,True
5.605296,4,30.348515,0.963268321277567,0.03200000000000003,True
5.569665,2,30.352626,0.9643629904361393,0.016000000000000014,True
5.857149,5,30.363598,0.957808835722908,0.040000000000000036,True
5.740776,4,30.373276,0.9670275321023253,0.03200000000000003,True
5.50475,3,30.380818,0.9634771312779387,0.02400000000000002,True
5.754485,5,30.39218,0.9588794415112405,0.040000000000000036,True
5.465036,3,30.40044,0.9614531388135398,0.02400000000000002,True
5.486935,4,30.410007,0.967061559592423,0.03200000000000003,True
5.373364,3,30.41742,0.9606404829363222,0.02400000000000002,True
5.695096,5,30.992734,0.9589229057982864,0.040000000000000036,True
5.84915,4,31.002244,0.9600075684790752,0.03200000000000003,True
5.54696,4,31.01136,0.9618322234678847,0.03200000000000003,True
5.508688,3,31.019027,0.9596896443374685,0.02400000000000002,True
5.772726,4,31.028852,0.9618345525470475,0.03200000000000003,True
5.417813,3,31.036348,0.9645561746848613,0.02400000000000002,True
5.397299,3,31.044472,0.9639775448703559,0.02400000000000002,True
5.78883,5,31.0557,0.9596989957088973,0.040000000000000036,True
5.806443,6,31.070086,0.9582798248056817,0.04800000000000004,True
6.00312,5,31.081114,0.9590080186909682,0.040000000000000036,True
5.954856,4,31.090758,0.961084780269986,0.03200000000000003,True
5.795736,4,31.104897,0.9610728832233368,0.03200000000000003,True
5.725668,5,31.122541,0.9616080100939893,0.040000000000000036,True
5.828258,5,31.137037,0.9613552110068827,0.040000000000000036,True
5.600372,5,31.148052,0.963074493947214,0.040000000000000036,True
5.776225,5,31.159982,0.9614989353821164,0.040000000000000036,True
5.662095,3,31.166919,0.9621968011756477,0.02400000000000002,True
5.60719,3,31.174107,0.9593454651540634,0.02400000000000002,True
5.697814,5,31.18551,0.9649820864467824,0.040000000000000036,True
5.48706,3,31.193042,0.9616080177215416,0.02400000000000002,True
5.623368,4,31.202673,0.9613542753902021,0.03200000000000003,True
5.568939,4,31.212952,0.9613922111494758,0.03200000000000003,True
5.788895,4,31.222729,0.9600950686756966,0.03200000000000003,True
5.693323,4,31.232534,0.9585286611516618,0.03200000000000003,True
6.088639,5,31.243632,0.9601293040185488,0.040000000000000036,True
5.768307,5,31.344592,0.9639763369099882,0.040000000000000036,True
5.527593,3,31.351842,0.9632867368098232,0.02400000000000002,True
5.610848,5,31.36447,0.9647288489269209,0.040000000000000036,True
5.539487,5,31.376392,0.9620150866360059,0.040000000000000036,True
5.438742,5,31.387969,0.9601955008391669,0.040000000000000036,True
5.794901,6,31.402046,0.9612961583434104,0.04800000000000004,True
5.753945,4,31.411208,0.9638663020090668,0.03200000000000003,True
5.681417,3,31.418372,0.9602217756491792,0.02400000000000002,True
5.710751,4,31.42823,0.9579878895768184,0.03200000000000003,True
5.577362,4,31.439036,0.959807591076562,0.03200000000000003,True
5.658328,4,31.447678,0.9647442883842041,0.03200000000000003,True
5.709636,4,31.45923,0.9616277363737267,0.03200000000000003,True
5.545312,4,31.469545,0.9598899481415625,0.03200000000000003,True
5.590745,6,31.483593,0.9640393149665663,0.04800000000000004,True
5.988259,5,31.495018,0.9599571468309892,0.040000000000000036,True
5.535832,4,31.504449,0.9613908291866127,0.03200000000000003,True
5.478876,6,31.517354,0.9619512152791875,0.04800000000000004,True
5.947366,4,31.526091,0.9619295966814301,0.03200000000000003,True
5.434249,3,31.533814,0.9593163633162496,0.02400000000000002,True
5.775591,4,31.54335,0.9678501307490337,0.03200000000000003,True
5.60857,4,31.552945,0.9582450517006038,0.03200000000000003,True
5.654258,3,31.559042,0.962626294085944,0.02400000000000002,True
5.97531,5,31.572923,0.9634485959217236,0.040000000000000036,True
5.639694,4,31.584876,0.9614502520924851,0.03200000000000003,True
5.498317,3,31.591594,0.958561096417297,0.02400000000000002,True
5.743389,4,31.604608,0.9620432876832877,0.03200000000000003,True
5.815624,3,31.612428,0.9636585027348886,0.02400000000000002,True
5.78881,4,31.621685,0.9633876884076644,0.03200000000000003,True
5.666384,4,31.630805,0.9608832881906675,0.03200000000000003,True
5.563817,4,31.63916,0.9590780576371106,0.03200000000000003,True
5.702407,5,31.649941,0.9667488435688298,0.040000000000000036,True
5.585756,4,31.660172,0.9597900043590506,0.03200000000000003,True
5.798433,8,31.677658,0.9602884747136636,0.06400000000000006,True
5.936832,4,31.687385,0.9584487546124811,0.03200000000000003,True
5.797912,5,31.709362,0.9629917873824639,0.040000000000000036,True
5.77616,5,32.286461,0.9635915386743378,0.040000000000000036,True
5.612479,3,32.294629,0.9588469924243506,0.02400000000000002,True
5.698285,5,32.305844,0.9572488879286118,0.040000000000000036,True
5.68835,4,32.315452,0.958784157954281,0.03200000000000003,True
5.75299,3,32.321961,0.9647480674755959,0.02400000000000002,True
5.583298,5,32.334331,0.9595131301478188,0.040000000000000036,True
5.840058,4,32.34858,0.9621314246069285,0.03200000000000003,True
5.470046,2,32.356456,0.960298129169492,0.016000000000000014,True
5.515423,3,32.365667,0.9590114066770901,0.02400000000000002,True
5.38051,3,32.372836,0.965857145838082,0.02400000000000002,True
5.530057,4,32.382309,0.9638667611138725,0.03200000000000003,True
5.619731,4,32.397609,0.9623871140625033,0.03200000000000003,True
5.457332,4,32.409649,0.9619875535503374,0.03200000000000003,True
5.733032,5,32.428082,0.964190267755599,0.040000000000000036,True
5.757631,4,32.441279,0.9625241450818178,0.03200000000000003,True
5.58633,6,32.460219,0.9612556330195068,0.04800000000000004,True
5.747037,5,32.480319,0.9634556780804293,0.040000000000000036,True
5.525348,3,32.494291,0.9597871311019454,0.02400000000000002,True
5.829295,4,32.504074,0.9628584197452229,0.03200000000000003,True
5.509062,3,32.510195,0.9567092483651823,0.02400000000000002,True
5.736941,4,32.519737,0.9591607375382177,0.03200000000000003,True
5.759071,5,32.532712,0.9619147248168938,0.040000000000000036,True
5.728171,3,32.540198,0.9585373673729625,0.02400000000000002,True
5.539089,3,32.548597,0.9609835888793546,0.02400000000000002,True
5.841149,5,32.560427,0.9597783136353641,0.040000000000000036,True
5.755927,5,32.573563,0.9576653915083247,0.040000000000000036,True
5.450784,3,32.581098,0.9665212797758205,0.02400000000000002,True
5.788149,4,32.596717,0.9629140178220765,0.03200000000000003,True
5.473371,4,32.610297,0.9572376663779915,0.03200000000000003,True
5.820214,4,32.621498,0.965965745185338,0.03200000000000003,True
5.748779,4,32.637251,0.9595718645562963,0.03200000000000003,True
5.802319,6,32.657644,0.961232338567736,0.04800000000000004,True
5.720125,4,32.667375,0.9586393078641986,0.03200000000000003,True
5.740114,4,32.677473,0.9625884752410593,0.03200000000000003,True
5.72837,3,32.683964,0.9581050451979822,0.02400000000000002,True
5.805642,5,32.697291,0.961843576485958,0.040000000000000036,True
5.679348,3,32.705049,0.9609146624445952,0.02400000000000002,True
5.980841,4,32.721663,0.9602837067894053,0.03200000000000003,True
5.657802,4,32.736273,0.9585706599830888,0.03200000000000003,True
5.716805,5,32.74785,0.9579761997196484,0.040000000000000036,True
5.674683,3,32.756178,0.9588937618634461,0.02400000000000002,True
5.704889,4,32.765859,0.9621566878471361,0.03200000000000003,True
5.675778,4,32.775607,0.9582830535843594,0.03200000000000003,True
5.812914,5,32.786214,0.9598889064609584,0.040000000000000036,True
5.547264,3,32.793863,0.9590210411713366,0.02400000000000002,True
5.729725,4,32.802485,0.9607880282398926,0.03200000000000003,True
5.74149,3,32.809035,0.9632402114617801,0.02400000000000002,True
5.434596,3,32.816565,0.9637967040432383,0.02400000000000002,True
5.699212,3,32.830922,0.9568527773690222,0.02400000000000002,True
6.066927,4,32.842822,0.9580147978048612,0.03200000000000003,True
5.641314,4,32.851938,0.9587465949751132,0.03200000000000003,True
5.518953,4,32.862863,0.9590213915932275,0.03200000000000003,True
5.568894,4,32.871902,0.9631585950060013,0.03200000000000003,True
5.693157,5,32.883628,0.9612302343231273,0.040000000000000036,True
5.489773,3,32.88984,0.9608229231109555,0.02400000000000002,True
5.861257,4,32.900623,0.95841620423383,0.03200000000000003,True
5.588188,4,32.909629,0.9650803974702505,0.03200000000000003,True
5.774646,3,32.917015,0.9652863038327293,0.02400000000000002,True
6.041969,5,32.929879,0.9612623420919992,0.040000000000000036,True
5.556757,4,32.939592,0.9628603775775533,0.03200000000000003,True
5.59593,4,32.94953,0.9587569457024958,0.03200000000000003,True
5.735797,5,32.961675,0.9581586590255448,0.040000000000000036,True
5.848372,4,32.971494,0.9563876126150039,0.03200000000000003,True
5.692178,3,32.977736,0.9645719777649366,0.02400000000000002,True
5.792993,4,33.540887,0.9601453996971056,0.03200000000000003,True
6.08137,4,33.552959,0.965935628267381,0.03200000000000003,True
5.67954,4,33.561419,0.9597385853900702,0.03200000000000003,True
5.701152,4,33.58298,0.9639431085261374,0.03200000000000003,True
5.787499,4,33.593445,0.9634722778717508,0.03200000000000003,True
5.514611,3,33.601525,0.9622714384432457,0.02400000000000002,True
5.857046,4,33.611006,0.96029467675424,0.03200000000000003,True
5.820242,3,33.617898,0.9609802848020279,0.02400000000000002,True
5.584037,4,33.628434,0.9600710257752652,0.03200000000000003,True
5.797819,3,33.634787,0.960833659886157,0.02400000000000002,True
5.490032,5,33.647364,0.9614425639128437,0.040000000000000036,True
5.759979,4,33.657232,0.9610235048469973,0.03200000000000003,True
5.807671,4,33.666466,0.9592817926897967,0.03200000000000003,True
5.81266,7,33.683317,0.9588912278715624,0.05600000000000005,True
5.870482,4,33.692943,0.9590570960738446,0.03200000000000003,True
5.549363,4,33.702137,0.9613785019356327,0.03200000000000003,True
5.562429,4,33.710931,0.9671098058912841,0.03200000000000003,True
5.609403,3,33.718623,0.9625887304668561,0.02400000000000002,True
5.842749,4,33.728462,0.9590793116771898,0.03200000000000003,True
5.766314,6,33.742599,0.96133754655924,0.04800000000000004,True
5.761837,4,33.752425,0.9641306010494943,0.03200000000000003,True
5.672127,5,33.764368,0.9620512607949283,0.040000000000000036,True
5.756927,5,33.77574,0.9608660919486208,0.040000000000000036,True
5.971568,5,33.786872,0.9577599075234965,0.040000000000000036,True
5.466414,4,33.796045,0.9655165121964233,0.03200000000000003,True
5.738089,4,33.805508,0.9592300952209589,0.03200000000000003,True
5.434858,3,33.813271,0.9647075199742744,0.02400000000000002,True
5.420695,4,33.821651,0.9613804463247884,0.03200000000000003,True
5.669687,3,33.828664,0.9615397544359567,0.02400000000000002,True
5.763413,4,33.838898,0.9608980436082051,0.03200000000000003,True
5.796535,4,33.84973,0.9601282991199647,0.03200000000000003,True
5.525068,4,33.860176,0.9566106841041355,0.03200000000000003,True
5.769596,5,33.871867,0.9646987836909888,0.040000000000000036,True
5.355077,4,33.881194,0.9613344670038002,0.03200000000000003,True
5.463728,4,33.891508,0.9592865739003896,0.03200000000000003,True
5.774341,5,33.903353,0.9622514456186321,0.040000000000000036,True
5.553504,5,33.915514,0.95898744131159,0.040000000000000036,True
5.501086,4,33.926136,0.9606963857538356,0.03200000000000003,True
5.596765,4,33.936049,0.9610151127944473,0.03200000000000003,True
5.557698,4,33.94629,0.9627698607273133,0.03200000000000003,True
5.457923,4,33.95606,0.9640322801357799,0.03200000000000003,True
5.798349,4,33.966145,0.9657262330659977,0.03200000000000003,True
6.008132,4,33.976,0.9587936347649989,0.03200000000000003,True
5.732598,4,33.986293,0.9659390849770385,0.03200000000000003,True
5.682894,3,33.992709,0.963344609299799,0.02400000000000002,True
5.813963,4,34.001275,0.9596408243030246,0.03200000000000003,True
5.543755,5,34.014499,0.9605513885537175,0.040000000000000036,True
5.688983,4,34.024867,0.9649332689538326,0.03200000000000003,True
5.630928,5,34.037369,0.9606430178565797,0.040000000000000036,True
5.679299,5,34.050064,0.9625730386675071,0.040000000000000036,True
5.655452,3,34.058073,0.9607280732244693,0.02400000000000002,True
5.753004,4,34.066977,0.9599229308976047,0.03200000000000003,True
6.054112,4,34.076709,0.9611306732893684,0.03200000000000003,True
5.418245,3,34.08448,0.960505750794855,0.02400000000000002,True
5.510566,6,34.098699,0.9613248887397559,0.04800000000000004,True
5.666138,4,34.108742,0.9617990742137258,0.03200000000000003,True
5.660975,5,34.119873,0.9614006937563552,0.040000000000000036,True
5.421147,3,34.127156,0.9657757588460436,0.02400000000000002,True
5.628347,5,34.139323,0.9602164256306904,0.040000000000000036,True
5.913845,5,34.151785,0.9594737190885616,0.040000000000000036,True
5.784352,5,34.164,0.9598819481801102,0.040000000000000036,True
5.859672,3,34.171495,0.9577884299896002,0.02400000000000002,True
5.765975,6,34.740751,0.9624322317120249,0.04800000000000004,True
5.765665,4,34.751354,0.9612648524636274,0.03200000000000003,True
5.964975,3,34.758797,0.957876212710264,0.02400000000000002,True
5.70565,4,34.769122,0.9633689546892519,0.03200000000000003,True
5.585758,4,34.780324,0.9645234544503178,0.03200000000000003,True
5.550596,5,34.795681,0.9605033034204382,0.040000000000000036,True
5.671921,3,34.803977,0.9575524451127574,0.02400000000000002,True
5.618258,4,34.813209,0.9585467373426146,0.03200000000000003,True
5.385429,3,34.821268,0.9591549051742279,0.02400000000000002,True
5.851709,5,34.833848,0.9646415304024969,0.040000000000000036,True
5.579978,3,34.841986,0.9624137570441569,0.02400000000000002,True
5.68348,5,34.854389,0.9591472184795904,0.040000000000000036,True
5.755965,5,34.866437,0.9655351845773134,0.040000000000000036,True
5.750447,3,34.873391,0.9668003102592699,0.02400000000000002,True
5.792538,4,34.883337,0.9624692448642062,0.03200000000000003,True
5.420695,3,34.891479,0.9617312895737008,0.02400000000000002,True
5.81497,5,34.903333,0.961635432473243,0.040000000000000036,True
5.65711,3,34.910605,0.96041761903052,0.02400000000000002,True
5.728036,4,34.919657,0.9560729798010521,0.03200000000000003,True
5.673347,3,34.928167,0.9586854389839239,0.02400000000000002,True
5.604643,4,34.937985,0.965045950199271,0.03200000000000003,True
5.717747,4,34.947492,0.9613226841160432,0.03200000000000003,True
5.672389,4,34.95611,0.9596556356621482,0.03200000000000003,True
5.56034,5,34.969238,0.9629137078840913,0.040000000000000036,True
5.638226,3,34.975159,0.963375034878747,0.02400000000000002,True
5.75726,4,34.985002,0.965705925614611,0.03200000000000003,True
5.44185,4,34.994308,0.957696248859311,0.03200000000000003,True
5.789292,5,35.005708,0.9619929577671578,0.040000000000000036,True
5.874847,4,35.015865,0.960904535901578,0.03200000000000003,True
5.691771,3,35.023928,0.9625438026286496,0.02400000000000002,True
5.441199,3,35.032004,0.9646181365298965,0.02400000000000002,True
5.761679,3,35.040023,0.9596073155240377,0.02400000000000002,True
5.58846,4,35.04997,0.9583200964261087,0.03200000000000003,True
6.014948,4,35.059959,0.9608732947674727,0.03200000000000003,True
5.867784,5,35.072114,0.9610888776125892,0.040000000000000036,True
5.874901,4,35.081453,0.959545286933893,0.03200000000000003,True
5.419886,3,35.08841,0.956601727543118,0.02400000000000002,True
5.647639,5,35.099682,0.9621421152320739,0.040000000000000036,True
5.919192,4,35.109689,0.9651742333740512,0.03200000000000003,True
5.809637,4,35.118735,0.9605062498049889,0.03200000000000003,True
5.646092,4,35.128807,0.956435123831796,0.03200000000000003,True
5.686379,4,35.138836,0.961818991400228,0.03200000000000003,True
5.840369,4,35.147865,0.9637317118553071,0.03200000000000003,True
5.667487,4,35.157516,0.9608188945612549,0.03200000000000003,True
5.693347,3,35.16504,0.9630947240651533,0.02400000000000002,True
5.997442,3,35.172036,0.9635807585584018,0.02400000000000002,True
5.681459,4,35.182272,0.9617365025006026,0.03200000000000003,True
5.631106,3,35.188951,0.9619976772638108,0.02400000000000002,True
5.578787,4,35.198804,0.9625956863155207,0.03200000000000003,True
5.797638,5,35.211201,0.9614702663024322,0.040000000000000036,True
5.581295,5,35.222062,0.9587818367261431,0.040000000000000036,True
5.85926,4,35.232402,0.9599900112373289,0.03200000000000003,True
5.782921,3,35.23866,0.9637899948380033,0.02400000000000002,True
5.797393,3,35.245923,0.9612904539396343,0.02400000000000002,True
5.526474,5,35.259942,0.9610388842836479,0.040000000000000036,True
5.804867,4,35.273181,0.9630144624122032,0.03200000000000003,True
5.645551,3,35.283509,0.9635997726238448,0.02400000000000002,True
5.64157,4,35.295009,0.9634285484311731,0.03200000000000003,True
5.875636,3,35.303069,0.9593774513499398,0.02400000000000002,True
5.370233,3,35.309755,0.9642317793317531,0.02400000000000002,True
5.835566,5,35.321903,0.9580509497745686,0.040000000000000036,True
5.649493,3,35.328063,0.9608134692210485,0.02400000000000002,True
5.738182,4,35.337683,0.9571803642480277,0.03200000000000003,True
5.766959,4,35.347245,0.957755384884948,0.03200000000000003,True
5.665749,4,35.356749,0.959225080494208,0.03200000000000003,True
5.566866,4,35.365599,0.9621324377510233,0.03200000000000003,True
5.59338,4,35.948618,0.9565935723213492,0.03200000000000003,True
5.768194,5,35.959842,0.962594858992503,0.040000000000000036,True
5.703214,4,35.969576,0.9599516869485639,0.03200000000000003,True
5.648717,5,35.982306,0.9590111214192709,0.040000000000000036,True
5.776647,6,35.994031,0.9587321638826618,0.04800000000000004,True
6.006894,5,36.006395,0.9612467861583229,0.040000000000000036,True
5.831984,4,36.015797,0.96281483291737,0.03200000000000003,True
5.521058,3,36.024338,0.9650599375086555,0.02400000000000002,True
5.587701,5,36.037263,0.9575965268134677,0.040000000000000036,True
5.618404,3,36.04496,0.9611978721955323,0.02400000000000002,True
5.657817,4,36.054897,0.9616750651633841,0.03200000000000003,True
5.310883,3,36.062447,0.963997259074335,0.02400000000000002,True
5.74661,5,36.074054,0.9601381455365202,0.040000000000000036,True
5.683082,3,36.080572,0.9642832215140741,0.02400000000000002,True
5.541479,4,36.090461,0.9633538724645454,0.03200000000000003,True
5.456862,4,36.10078,0.9604020303354155,0.03200000000000003,True
5.694686,6,36.114701,0.9601004397119421,0.04800000000000004,True
5.70283,4,36.123945,0.9628017263284228,0.03200000000000003,True
5.693801,3,36.131806,0.9670690203643133,0.02400000000000002,True
5.572979,4,36.141077,0.9611623209073348,0.03200000000000003,True
5.643106,4,36.149966,0.9648290512297641,0.03200000000000003,True
5.313669,5,36.162573,0.9599484583196998,0.040000000000000036,True
5.477891,3,36.17077,0.9580914197199493,0.02400000000000002,True
5.810744,4,36.181675,0.9556591189909055,0.03200000000000003,True
5.403642,4,36.191542,0.9622165670255439,0.03200000000000003,True
5.555794,5,36.203323,0.959358793267849,0.040000000000000036,True
5.9923,4,36.212713,0.9626943784362845,0.03200000000000003,True
5.598554,4,36.222511,0.9600934971816615,0.03200000000000003,True
5.972437,4,36.232432,0.9654747455546233,0.03200000000000003,True
6.002548,5,36.245381,0.9619278950730467,0.040000000000000036,True
5.667651,5,36.257086,0.9599346161297784,0.040000000000000036,True
5.587093,5,36.268994,0.9587947075660179,0.040000000000000036,True
5.45,3,36.276736,0.9613927934290499,0.02400000000000002,True
5.5071,4,36.285896,0.9658531280337315,0.03200000000000003,True
5.444299,4,36.296138,0.9615386679492162,0.03200000000000003,True
5.784634,5,36.311806,0.9633889968481324,0.040000000000000036,True
5.915166,5,36.32795,0.9570123100996345,0.040000000000000036,True
5.697527,4,36.338301,0.9625854509487625,0.03200000000000003,True
5.93708,4,36.347917,0.9614766868382423,0.03200000000000003,True
5.802229,5,36.359982,0.9645602108767486,0.040000000000000036,True
5.558034,4,36.371553,0.9612222429035977,0.03200000000000003,True
5.753293,6,36.384637,0.9603006880646068,0.04800000000000004,True
5.923915,5,36.395747,0.9631067626925782,0.040000000000000036,True
5.461253,2,36.40199,0.9628333983762913,0.016000000000000014,True
5.747618,3,36.408685,0.9609710452166225,0.02400000000000002,True
5.659231,3,36.415778,0.9603174791658744,0.02400000000000002,True
5.526823,3,36.42287,0.9617133368817321,0.02400000000000002,True
5.595678,5,36.435015,0.9581880122355038,0.040000000000000036,True
5.726812,5,36.44653,0.9610093486835837,0.040000000000000036,True
5.573368,4,36.45445,0.9611969025441442,0.03200000000000003,True
5.603772,4,36.464782,0.9630869446685341,0.03200000000000003,True
5.644548,4,36.474749,0.9642632356484353,0.03200000000000003,True
5.548025,3,36.481826,0.9609178259641196,0.02400000000000002,True
5.46217,3,36.488683,0.9578851669440434,0.02400000000000002,True
5.550579,3,36.497287,0.9637262411932171,0.02400000000000002,True
5.47399,4,36.506642,0.963153846532434,0.03200000000000003,True
6.064292,4,36.516419,0.9631729099604999,0.03200000000000003,True
5.489816,3,36.523594,0.960112516634735,0.02400000000000002,True
5.709371,4,36.532417,0.9620997271618217,0.03200000000000003,True
5.695996,3,36.539338,0.9603027643685523,0.02400000000000002,True
5.654266,4,36.549291,0.9595402587402629,0.03200000000000003,True
5.861137,4,36.558784,0.9631994718591175,0.03200000000000003,True
5.844021,4,37.113279,0.9570211960345618,0.03200000000000003,True
5.581461,4,37.12358,0.9620755022346968,0.03200000000000003,True
5.515587,3,37.131383,0.9610654264270563,0.02400000000000002,True
5.622054,4,37.141863,0.9632167691045058,0.03200000000000003,True
5.827005,5,37.153369,0.9606598447154255,0.040000000000000036,True
5.622676,5,37.165698,0.9637966603172836,0.040000000000000036,True
5.53211,4,37.175889,0.9602418077336795,0.03200000000000003,True
5.600614,4,37.185598,0.965062631350275,0.03200000000000003,True
5.43859,4,37.19608,0.962483253958098,0.03200000000000003,True
5.568571,4,37.205639,0.9637015533420593,0.03200000000000003,True
5.617862,4,37.216351,0.9641150663852571,0.03200000000000003,True
5.644649,5,37.227859,0.9602948963242903,0.040000000000000036,True
5.752861,5,37.240442,0.9573614563895849,0.040000000000000036,True
5.622805,4,37.249597,0.9586422562068767,0.03200000000000003,True
5.568956,4,37.258554,0.9584991405798577,0.03200000000000003,True
5.817406,3,37.266624,0.9604742601380563,0.02400000000000002,True
5.433305,3,37.274693,0.967445682140062,0.02400000000000002,True
5.607874,4,37.283916,0.9569016085678097,0.03200000000000003,True
5.42983,6,37.297736,0.9627159380592246,0.04800000000000004,True
5.786557,5,37.396848,0.9601361911694731,0.040000000000000036,True
5.718335,4,37.407747,0.9573949094876708,0.03200000000000003,True
5.825458,4,37.418277,0.956796139279346,0.03200000000000003,True
5.924421,3,37.426617,0.9590981371821409,0.02400000000000002,True
5.641871,4,37.436838,0.9614116311184671,0.03200000000000003,True
5.791158,5,37.449315,0.9592998124564133,0.040000000000000036,True
5.455335,4,37.459683,0.9592680175719368,0.03200000000000003,True
5.983664,5,37.471546,0.9620518326967827,0.040000000000000036,True
5.568653,5,37.483381,0.9603885007892682,0.040000000000000036,True
5.471884,3,37.491166,0.9619619243925102,0.02400000000000002,True
5.715829,4,37.501451,0.9671950034612858,0.03200000000000003,True
5.468985,5,37.513045,0.9652677545338837,0.040000000000000036,True
5.716661,4,37.52252,0.9673498579657384,0.03200000000000003,True
5.490686,4,37.532364,0.9643409586904454,0.03200000000000003,True
5.739868,5,37.54488,0.9622519535871205,0.040000000000000036,True
5.834007,5,37.555649,0.9595553630953928,0.040000000000000036,True
5.491529,3,37.563226,0.9602646541664321,0.02400000000000002,True
5.744157,3,37.573086,0.9611427281144806,0.02400000000000002,True
5.639023,3,37.582805,0.9601146216582561,0.02400000000000002,True
5.861767,4,37.591204,0.957207869300613,0.03200000000000003,True
5.547441,5,37.603429,0.95955377023897,0.040000000000000036,True
5.66771,4,37.61269,0.9614906588074847,0.03200000000000003,True
5.866069,4,37.623321,0.9636476875212745,0.03200000000000003,True
5.820529,4,37.632454,0.9667669616430989,0.03200000000000003,True
5.775274,5,37.643496,0.9566746850262542,0.040000000000000036,True
5.503722,4,37.653501,0.9619026903056895,0.03200000000000003,True
5.830491,4,37.662608,0.9587558965549998,0.03200000000000003,True
5.586228,5,37.673582,0.9588110801891199,0.040000000000000036,True
5.575839,5,37.684942,0.9570972039620126,0.040000000000000036,True
5.764431,4,37.693681,0.9614886474761898,0.03200000000000003,True
5.645901,4,37.703755,0.9645882902061002,0.03200000000000003,True
5.595369,4,37.713701,0.9614723555825828,0.03200000000000003,True
5.776229,4,37.723316,0.9590856734073706,0.03200000000000003,True
5.418609,4,37.73189,0.9615858003802916,0.03200000000000003,True
5.355357,2,37.737323,0.961174919905736,0.016000000000000014,True
5.657739,4,37.746762,0.9606085471973735,0.03200000000000003,True
5.970884,3,37.754513,0.9611252880008077,0.02400000000000002,True
5.738399,4,37.764705,0.9631122916057908,0.03200000000000003,True
5.884752,5,37.776626,0.959309725027466,0.040000000000000036,True
5.725483,5,37.78762,0.960781779407442,0.040000000000000036,True
5.663458,4,37.797868,0.9640431736324434,0.03200000000000003,True
5.703657,5,37.810087,0.9589591580354055,0.040000000000000036,True
6.040598,4,37.8197,0.9584598833784541,0.03200000000000003,True
5.650108,4,38.378238,0.9629708897595266,0.03200000000000003,True
5.417993,3,38.38789,0.9659123848624955,0.02400000000000002,True
5.530541,3,38.398646,0.9614416004249412,0.02400000000000002,True
5.725662,4,38.409231,0.9594201989745436,0.03200000000000003,True
5.511753,3,38.41689,0.9626935215028101,0.02400000000000002,True
5.683306,3,38.423378,0.9599576377622002,0.02400000000000002,True
5.691418,4,38.432739,0.9604027071482912,0.03200000000000003,True
5.886758,4,38.442046,0.9601678708199444,0.03200000000000003,True
5.60301,3,38.448838,0.9624635967562284,0.02400000000000002,True
5.631681,5,38.460547,0.9601925085335775,0.040000000000000036,True
5.671888,3,38.467669,0.9599570790938994,0.02400000000000002,True
6.066792,4,38.477325,0.9604672476518721,0.03200000000000003,True
5.868956,5,38.489334,0.9582947131654789,0.040000000000000036,True
6.032157,4,38.499869,0.9640822383275216,0.03200000000000003,True
5.656192,5,38.512366,0.9622449328734967,0.040000000000000036,True
5.560803,5,38.523929,0.9609149046564849,0.040000000000000036,True
5.399276,3,38.531462,0.9634962315370476,0.02400000000000002,True
5.772377,4,38.540334,0.9607170033515341,0.03200000000000003,True
5.820431,5,38.551709,0.9656564404813661,0.040000000000000036,True
5.703123,4,38.560416,0.9590050783145248,0.03200000000000003,True
5.601816,4,38.573675,0.9620071078195738,0.03200000000000003,True
5.356379,3,38.583368,0.9630564924649407,0.02400000000000002,True
5.871877,4,38.594489,0.9631227419697654,0.03200000000000003,True
5.609639,4,38.604343,0.9631970125048233,0.03200000000000003,True
5.714665,4,38.613974,0.9579843141415305,0.03200000000000003,True
5.664945,5,38.625087,0.9586493741836264,0.040000000000000036,True
5.8955,3,38.632889,0.9601439572926838,0.02400000000000002,True
5.752484,4,38.642283,0.9653251917109752,0.03200000000000003,True
5.607726,3,38.64879,0.965154041584246,0.02400000000000002,True
5.614825,5,38.661248,0.9599333172001917,0.040000000000000036,True
5.631407,4,38.670662,0.9627909294796451,0.03200000000000003,True
5.687165,3,38.676848,0.9589826898646526,0.02400000000000002,True
5.353363,3,38.6847,0.9655326347434509,0.02400000000000002,True
5.46185,3,38.691419,0.9641465449895228,0.02400000000000002,True
5.668786,4,38.700506,0.9628568436173379,0.03200000000000003,True
5.770729,4,38.709454,0.9598886211285179,0.03200000000000003,True
5.498884,4,38.718846,0.9592576755680224,0.03200000000000003,True
5.636279,3,38.726334,0.9620902244168594,0.02400000000000002,True
5.767861,4,38.736532,0.9569604699841928,0.03200000000000003,True
5.905161,4,38.745785,0.9621654781904795,0.03200000000000003,True
5.578488,2,38.751834,0.9623481787072217,0.016000000000000014,True
5.495201,4,38.760173,0.9597742168386518,0.03200000000000003,True
5.408517,3,38.767294,0.9610795010676418,0.02400000000000002,True
5.904364,4,38.776224,0.9586469132201512,0.03200000000000003,True
6.021346,4,38.786853,0.9618671788596679,0.03200000000000003,True
5.953265,3,38.793365,0.9584411421076456,0.02400000000000002,True
6.075843,5,38.806318,0.9635593750424388,0.040000000000000036,True
5.764951,5,38.817936,0.958649893269237,0.040000000000000036,True
5.878902,3,38.824532,0.9578829552842569,0.02400000000000002,True
5.64695,4,38.834458,0.9661486254731841,0.03200000000000003,True
5.561794,4,38.846011,0.9675146631565206,0.03200000000000003,True
5.754213,5,38.868064,0.9612593840927135,0.040000000000000036,True
5.805301,4,38.885048,0.9633998111712321,0.03200000000000003,True
5.775702,5,38.902044,0.9644761532236946,0.040000000000000036,True
5.924045,5,38.919025,0.963588681079804,0.040000000000000036,True
5.707661,3,38.929785,0.9580345943028179,0.02400000000000002,True
5.78042,4,38.947907,0.9650164866019111,0.03200000000000003,True
5.446935,5,38.965836,0.9631783287243426,0.040000000000000036,True
5.323685,3,38.976195,0.9595068642470401,0.02400000000000002,True
5.814826,4,38.989666,0.958974343085423,0.03200000000000003,True
5.568382,4,39.001585,0.9580573622948976,0.03200000000000003,True
5.690847,3,39.010624,0.9642719173095224,0.02400000000000002,True
5.70709,4,39.027488,0.959893468378592,0.03200000000000003,True
5.651606,5,39.043562,0.9577541893512405,0.040000000000000036,True
5.832787,4,39.056987,0.9612796925726574,0.03200000000000003,True
5.814753,5,39.071271,0.9634988012238268,0.040000000000000036,True
5.751038,3,39.823626,0.9589870866873903,0.02400000000000002,True
5.754111,4,39.835346,0.9606070282735782,0.03200000000000003,True
5.711295,3,39.843248,0.9586892761990798,0.02400000000000002,True
5.573476,5,39.859205,0.9610689857203609,0.040000000000000036,True
5.595851,4,39.870604,0.9622378058453764,0.03200000000000003,True
5.675649,4,39.882643,0.9629692174790732,0.03200000000000003,True
5.593123,3,39.89231,0.9594073609773355,0.02400000000000002,True
5.59714,4,39.903105,0.9563625504822255,0.03200000000000003,True
5.626196,4,39.914955,0.9626424682903312,0.03200000000000003,True
5.583768,2,39.922493,0.95942874715006,0.016000000000000014,True
5.845537,4,39.934129,0.9611613303255184,0.03200000000000003,True
5.805134,4,39.945506,0.9606905051163112,0.03200000000000003,True
5.672086,4,39.957432,0.9598752927877703,0.03200000000000003,True
5.69985,3,39.966199,0.9613400119021082,0.02400000000000002,True
5.599114,4,39.978816,0.9625719888725032,0.03200000000000003,True
5.784486,6,39.995231,0.9622952796724793,0.04800000000000004,True
5.690481,6,40.013216,0.9660588502994621,0.04800000000000004,True
5.76571,3,40.0238,0.9563464258939987,0.02400000000000002,True
5.738613,4,40.036045,0.9591766097736385,0.03200000000000003,True
5.817631,4,40.049222,0.9616517408150247,0.03200000000000003,True
5.636993,5,40.064324,0.9619054987585001,0.040000000000000036,True
5.555105,4,40.076298,0.957563480879826,0.03200000000000003,True
5.593402,5,40.092022,0.9591792953652597,0.040000000000000036,True
5.768458,5,40.105898,0.9603512663618274,0.040000000000000036,True
5.763008,4,40.117746,0.9583431426782153,0.03200000000000003,True
5.579062,5,40.132737,0.9649026420049471,0.040000000000000036,True
5.616721,4,40.144946,0.9622899206376632,0.03200000000000003,True
5.763685,4,40.157557,0.9599013430528591,0.03200000000000003,True
5.765986,4,40.16921,0.9604156817665955,0.03200000000000003,True
5.534093,3,40.177725,0.9642621099083317,0.02400000000000002,True
5.610283,4,40.188884,0.958688608404539,0.03200000000000003,True
5.516025,3,40.198906,0.9572897152486514,0.02400000000000002,True
5.461596,4,40.211697,0.9653256523518774,0.03200000000000003,True
5.524523,2,40.217296,0.96310212932774,0.016000000000000014,True
5.567452,4,40.22817,0.9602094928050324,0.03200000000000003,True
5.556595,5,40.243517,0.9576271768073747,0.040000000000000036,True
5.784652,3,40.252752,0.9593656612799563,0.02400000000000002,True
5.662447,3,40.262304,0.9592829075260871,0.02400000000000002,True
5.731899,5,40.277215,0.960928044162328,0.040000000000000036,True
5.456539,3,40.286028,0.961929480647441,0.02400000000000002,True
5.543536,4,40.299182,0.9633256038047651,0.03200000000000003,True
5.695206,4,40.312525,0.9578960711203145,0.03200000000000003,True
5.517803,3,40.322404,0.9630159554794269,0.02400000000000002,True
5.519783,3,40.331529,0.9624832277342836,0.02400000000000002,True
5.762802,4,40.345199,0.9615049563016564,0.03200000000000003,True
5.454253,3,40.355886,0.9570446381477624,0.02400000000000002,True
5.720536,6,40.376439,0.9572688935265913,0.04800000000000004,True
5.727545,4,40.390963,0.9607378574212491,0.03200000000000003,True
5.417461,4,40.403545,0.9615452610641396,0.03200000000000003,True
5.519945,4,40.416125,0.9589755346396156,0.03200000000000003,True
5.58678,5,40.432711,0.9638624485362354,0.040000000000000036,True
5.707916,4,40.444861,0.9582784878404329,0.03200000000000003,True
5.72319,4,40.456879,0.961469751338562,0.03200000000000003,True
5.752057,4,40.469778,0.9630883460256403,0.03200000000000003,True
5.722984,4,40.484707,0.9596880180494964,0.03200000000000003,True
5.617081,4,40.496271,0.9590164503015334,0.03200000000000003,True
5.719066,4,40.515349,0.9599671245692971,0.03200000000000003,True
5.635069,4,40.534542,0.9589043216021212,0.03200000000000003,True
5.805769,3,40.546132,0.9613509681950726,0.02400000000000002,True
5.414189,4,40.566186,0.9598560903149367,0.03200000000000003,True
5.837267,4,40.581919,0.9627031160300399,0.03200000000000003,True
5.81208,4,40.595529,0.9637682253788182,0.03200000000000003,True
5.448915,3,40.604719,0.961268053169843,0.02400000000000002,True
5.576512,4,40.615581,0.962033479943937,0.03200000000000003,True
5.497688,4,40.62744,0.9577431180909315,0.03200000000000003,True
5.43919,3,41.362806,0.9600157104935412,0.02400000000000002,True
5.490155,3,41.37229,0.9610324512717148,0.02400000000000002,True
5.690957,5,41.385478,0.9612134743255631,0.040000000000000036,True
5.846738,4,41.397044,0.9629729738424968,0.03200000000000003,True
5.614832,4,41.407532,0.9633878061175081,0.03200000000000003,True
5.497217,4,41.41937,0.961621841468781,0.03200000000000003,True
5.735153,4,41.430788,0.9625601748349533,0.03200000000000003,True
6.0024,4,41.443538,0.9573362354169839,0.03200000000000003,True
6.002146,3,41.451524,0.9599052240021512,0.02400000000000002,True
5.605364,3,41.460989,0.9651308161874741,0.02400000000000002,True
5.58417,5,41.475139,0.965055907041799,0.040000000000000036,True
5.625885,4,41.486417,0.9678949435175292,0.03200000000000003,True
5.879154,3,41.496064,0.9591050809798656,0.02400000000000002,True
5.494055,4,41.50755,0.963432492892677,0.03200000000000003,True
5.549784,4,41.519251,0.9618532902598658,0.03200000000000003,True
5.457154,4,41.532878,0.9647044177438187,0.03200000000000003,True
5.696758,3,41.5426,0.9620080522039518,0.02400000000000002,True
5.586234,5,41.556795,0.9636597762316365,0.040000000000000036,True
5.78846,4,41.568867,0.9651971938241782,0.03200000000000003,True
5.778779,5,41.587129,0.965435421679201,0.040000000000000036,True
5.88573,5,41.601075,0.9600372442665558,0.040000000000000036,True
5.689744,4,41.613454,0.9616258857284801,0.03200000000000003,True
5.501636,4,41.626024,0.9599624878414588,0.03200000000000003,True
5.971546,6,41.644303,0.9631961464937516,0.04800000000000004,True
5.533513,4,41.658035,0.9579150136665744,0.03200000000000003,True
5.533277,4,41.672993,0.9572687888109608,0.03200000000000003,True
5.453407,3,41.682539,0.9611130579585141,0.02400000000000002,True
5.97469,4,41.693388,0.9609098831978782,0.03200000000000003,True
5.712001,3,41.702276,0.9643893509180117,0.02400000000000002,True
5.714762,3,41.711129,0.959582013317215,0.02400000000000002,True
5.578498,4,41.722583,0.9629713269895708,0.03200000000000003,True
5.485562,5,41.737837,0.962655424898076,0.040000000000000036,True
5.77723,4,41.74949,0.9650436979849532,0.03200000000000003,True
5.814545,4,41.761759,0.9584941499657911,0.03200000000000003,True
5.805864,4,41.773833,0.9658273770842438,0.03200000000000003,True
5.538244,4,41.784408,0.9620926818788234,0.03200000000000003,True
5.797439,3,41.793821,0.9574247415740361,0.02400000000000002,True
5.384451,5,41.808152,0.9664778805625583,0.040000000000000036,True
5.747958,4,41.820622,0.9625616828194485,0.03200000000000003,True
5.555716,4,41.832844,0.9584940826106374,0.03200000000000003,True
5.503187,3,41.841514,0.9594358764931032,0.02400000000000002,True
5.809481,5,41.857817,0.960947764846138,0.040000000000000036,True
5.656512,4,41.870723,0.9593071364642056,0.03200000000000003,True
5.767022,4,41.882561,0.9593382990167731,0.03200000000000003,True
5.471842,4,41.894493,0.9601913768277357,0.03200000000000003,True
5.959859,4,41.90535,0.9590295416987901,0.03200000000000003,True
5.622365,4,41.918808,0.9627385467365842,0.03200000000000003,True
5.314903,3,41.926556,0.9634709193333842,0.02400000000000002,True
5.43712,3,41.936463,0.9602656950696109,0.02400000000000002,True
5.600047,5,41.95044,0.96296384822669,0.040000000000000036,True
5.582834,4,41.963486,0.9603280645441168,0.03200000000000003,True
5.676773,4,41.975446,0.958496743572147,0.03200000000000003,True
5.581179,4,41.986892,0.9637463573429882,0.03200000000000003,True
5.772789,3,41.994849,0.9591440869221113,0.02400000000000002,True
5.66438,4,42.005718,0.966588019999492,0.03200000000000003,True
5.59277,5,42.022664,0.9612858559586739,0.040000000000000036,True
5.557788,4,42.034973,0.9581145386981604,0.03200000000000003,True
5.667434,4,42.04752,0.9596504037648157,0.03200000000000003,True
5.544054,3,42.056728,0.9617396503951434,0.02400000000000002,True
5.864004,4,42.068892,0.963402523120189,0.03200000000000003,True
5.482792,6,42.086858,0.9603376227335777,0.04800000000000004,True
5.78389,4,42.098857,0.958761611220907,0.03200000000000003,True
5.492885,4,42.113039,0.9650402815969077,0.03200000000000003,True
5.826693,4,42.12787,0.9592077311077287,0.03200000000000003,True
5.56051,4,42.982962,0.9621762425524404,0.03200000000000003,True
5.707785,3,42.993186,0.9587515578625444,0.02400000000000002,True
5.635131,4,43.009823,0.9576221586077918,0.03200000000000003,True
6.04433,3,43.026608,0.9604880704703526,0.02400000000000002,True
5.490226,4,43.041744,0.9618548248209872,0.03200000000000003,True
5.582923,4,43.055967,0.9603947033861953,0.03200000000000003,True
5.514935,3,43.066346,0.9579247198773335,0.02400000000000002,True
5.55197,5,43.083541,0.9571717692222574,0.040000000000000036,True
5.671284,4,43.096788,0.9686443721410803,0.03200000000000003,True
5.519171,4,43.110362,0.963245404737739,0.03200000000000003,True
5.608101,3,43.120193,0.9602626878924784,0.02400000000000002,True
5.868193,5,43.136287,0.960131112559454,0.040000000000000036,True
5.821919,5,43.154972,0.9598483915598001,0.040000000000000036,True
5.983409,4,43.174025,0.9617668248310438,0.03200000000000003,True
6.069397,4,43.191459,0.9564728333360442,0.03200000000000003,True
5.588972,5,43.209991,0.9639188341871476,0.040000000000000036,True
5.718145,4,43.223728,0.9614908453973514,0.03200000000000003,True
5.652613,4,43.238173,0.9589430736495708,0.03200000000000003,True
6.020577,4,43.252895,0.9638778810450905,0.03200000000000003,True
5.684053,4,43.26664,0.9604048986403992,0.03200000000000003,True
5.528448,4,43.280903,0.9608660818023604,0.03200000000000003,True
5.442788,5,43.299838,0.96582185223085,0.040000000000000036,True
5.474891,4,43.31506,0.9574725464989008,0.03200000000000003,True
5.784077,4,43.32747,0.9602259280142342,0.03200000000000003,True
5.398625,4,43.343924,0.9609089113272402,0.03200000000000003,True
5.497167,3,43.357934,0.9651022273708255,0.02400000000000002,True
5.531993,4,43.374877,0.9589770599440421,0.03200000000000003,True
5.470478,4,43.388003,0.9626887743676912,0.03200000000000003,True
5.876837,4,43.401587,0.9557604785603717,0.03200000000000003,True
5.591543,5,43.417001,0.9618502886054944,0.040000000000000036,True
5.684598,5,43.429735,0.9590474188413989,0.040000000000000036,True
5.914204,5,43.440622,0.9596067652902323,0.040000000000000036,True
5.690684,4,43.44967,0.9616356951436487,0.03200000000000003,True
5.925415,4,43.459023,0.9598143502233942,0.03200000000000003,True
5.509653,4,43.467721,0.9604045991419121,0.03200000000000003,True
5.671202,5,43.479523,0.9587830116453103,0.040000000000000036,True
5.804511,4,43.488575,0.9603266678444751,0.03200000000000003,True
5.783455,4,43.497796,0.9590164949077445,0.03200000000000003,True
5.885152,5,43.50851,0.9606453134613552,0.040000000000000036,True
5.551695,4,43.517518,0.9640775918641048,0.03200000000000003,True
5.608683,3,43.525196,0.9663418703066176,0.02400000000000002,True
5.816058,4,43.534643,0.9613987671663384,0.03200000000000003,True
6.0338,5,43.545763,0.9634158420261099,0.040000000000000036,True
5.94019,3,43.554107,0.9627009571167263,0.02400000000000002,True
5.504709,3,43.561879,0.9597997124874509,0.02400000000000002,True
5.570059,4,43.570877,0.9569454026566504,0.03200000000000003,True
5.553039,4,43.580401,0.9608170722213308,0.03200000000000003,True
5.367876,4,43.589994,0.9621598794759314,0.03200000000000003,True
5.518362,3,43.597082,0.9584292489076223,0.02400000000000002,True
5.808003,5,43.608341,0.9579054103758454,0.040000000000000036,True
5.540931,4,43.618266,0.9613080128774694,0.03200000000000003,True
5.698113,4,43.627414,0.9630098208507141,0.03200000000000003,True
5.600235,4,43.637215,0.9599241178820876,0.03200000000000003,True
5.622046,4,43.647452,0.9617967894458428,0.03200000000000003,True
5.783002,3,43.655715,0.9600157918153143,0.02400000000000002,True
5.482265,3,43.66344,0.9596872554764797,0.02400000000000002,True
5.83374,5,43.675492,0.9635769235532338,0.040000000000000036,True
5.846331,5,43.687369,0.9627483133739885,0.040000000000000036,True
5.816981,4,43.696382,0.963595446597792,0.03200000000000003,True
5.781565,4,43.706686,0.9591392857379337,0.03200000000000003,True
6.015549,4,43.71734,0.9623180608510387,0.03200000000000003,True
5.77508,5,43.728706,0.960913971083311,0.040000000000000036,True
5.640585,3,43.737265,0.9567150341037359,0.02400000000000002,True
5.678586,4,43.747216,0.9602640153994861,0.03200000000000003,True
5.551247,5,44.341198,0.9664604389634988,0.040000000000000036,True
5.577457,3,44.352762,0.9592482821575573,0.02400000000000002,True
5.561453,4,44.36453,0.9598391647239923,0.03200000000000003,True
5.898094,3,44.372757,0.9585302011175514,0.02400000000000002,True
5.359371,3,44.380362,0.9604566140401065,0.02400000000000002,True
5.818356,4,44.389876,0.9615125603485539,0.03200000000000003,True
5.549,4,44.399464,0.9572336150630252,0.03200000000000003,True
5.746091,3,44.405771,0.9609612514681694,0.02400000000000002,True
5.622741,3,44.413534,0.9572599445646445,0.02400000000000002,True
5.661508,4,44.423874,0.9639166654588505,0.03200000000000003,True
5.449196,4,44.43356,0.9631561503503459,0.03200000000000003,True
5.55639,4,44.442812,0.9574492422096548,0.03200000000000003,True
5.585715,3,44.529713,0.9631791124959335,0.02400000000000002,True
5.59818,4,44.540138,0.9653796447107149,0.03200000000000003,True
5.505308,4,44.550255,0.9638121259299532,0.03200000000000003,True
5.435397,4,44.561493,0.9602192877662241,0.03200000000000003,True
5.893963,5,44.573813,0.9581837321227739,0.040000000000000036,True
5.847341,4,44.583062,0.9631187235523013,0.03200000000000003,True
5.554648,4,44.592279,0.9580872843878834,0.03200000000000003,True
5.835742,4,44.601482,0.9619822961929295,0.03200000000000003,True
5.473905,4,44.610544,0.9607879625416653,0.03200000000000003,True
5.49932,4,44.62017,0.9640380390441547,0.03200000000000003,True
5.638261,4,44.629338,0.9586068571239541,0.03200000000000003,True
5.705467,4,44.638818,0.9603153272042407,0.03200000000000003,True
5.72752,3,44.645707,0.9604359329191631,0.02400000000000002,True
5.644676,4,44.654555,0.9615371241276283,0.03200000000000003,True
5.58211,4,44.664837,0.9611698001887676,0.03200000000000003,True
5.762067,4,44.674577,0.9614618378648991,0.03200000000000003,True
5.776518,5,44.685945,0.9617690309171307,0.040000000000000036,True
5.677616,3,44.693236,0.9614161483749459,0.02400000000000002,True
5.827509,5,44.704523,0.9653774025528391,0.040000000000000036,True
5.940098,4,44.712963,0.963103193061015,0.03200000000000003,True
5.795286,3,44.720645,0.9624305248036619,0.02400000000000002,True
5.635332,4,44.729807,0.9578517445022734,0.03200000000000003,True
5.555727,3,44.737142,0.9602677509671692,0.02400000000000002,True
5.807506,4,44.746836,0.9647843756527386,0.03200000000000003,True
5.707279,4,44.758984,0.9596203971940944,0.03200000000000003,True
5.78982,5,44.770733,0.9667345909708436,0.040000000000000036,True
5.523167,4,44.780536,0.9571172802608989,0.03200000000000003,True
5.521422,4,44.789514,0.9595075058316784,0.03200000000000003,True
5.724956,3,44.79534,0.9619841079915239,0.02400000000000002,True
5.892858,4,44.807643,0.9620103486008795,0.03200000000000003,True
5.819039,4,44.821223,0.9561988248068994,0.03200000000000003,True
5.537409,4,44.835543,0.9604552379912451,0.03200000000000003,True
5.766635,3,44.844666,0.9582650740506348,0.02400000000000002,True
5.67554,4,44.854669,0.9613477517806185,0.03200000000000003,True
5.707954,5,44.868182,0.9610467280508124,0.040000000000000036,True
5.462234,4,44.879233,0.9601825542965987,0.03200000000000003,True
5.655472,6,44.894343,0.9643299195594988,0.04800000000000004,True
5.605561,5,44.905908,0.9569840313031387,0.040000000000000036,True
5.641873,2,44.910075,0.9603658856701761,0.016000000000000014,True
5.730628,5,44.92357,0.9606090917663123,0.040000000000000036,True
5.387384,3,44.930849,0.9594326156919385,0.02400000000000002,True
5.531609,4,44.940014,0.9631415453201863,0.03200000000000003,True
5.684555,4,44.949626,0.958366555360475,0.03200000000000003,True
5.634372,3,44.958206,0.9621530223150232,0.02400000000000002,True
5.548964,4,44.96876,0.9631837981778302,0.03200000000000003,True
5.690544,4,44.97899,0.9594976110531079,0.03200000000000003,True
5.851247,5,44.990556,0.9619196719724727,0.040000000000000036,True
5.868815,4,45.00068,0.9643119027420084,0.03200000000000003,True
5.579257,4,45.009603,0.9625890109891942,0.03200000000000003,True
5.460838,4,45.020419,0.958976882638926,0.03200000000000003,True
5.529673,3,45.028246,0.9610841134413786,0.02400000000000002,True
5.529724,4,45.038258,0.9732522229024603,0.03200000000000003,True
5.669818,4,45.049026,0.9606946817104067,0.03200000000000003,True
5.500989,4,45.613866,0.9651605094606795,0.03200000000000003,True
5.4498,4,45.624327,0.9633382383611139,0.03200000000000003,True
5.574901,4,45.635527,0.9608550966877025,0.03200000000000003,True
5.852798,5,45.647618,0.9573008339630096,0.040000000000000036,True
5.816208,4,45.657866,0.9588451389082179,0.03200000000000003,True
5.560017,4,45.667712,0.9593543797741837,0.03200000000000003,True
5.748471,4,45.677083,0.96064529116627,0.03200000000000003,True
5.473779,5,45.688364,0.959979415809308,0.040000000000000036,True
5.608177,4,45.696398,0.9658383242795712,0.03200000000000003,True
5.680008,5,45.707496,0.9608052263056805,0.040000000000000036,True
5.71888,3,45.715647,0.9597379136235921,0.02400000000000002,True
5.404925,4,45.725802,0.9592870895796479,0.03200000000000003,True
5.706453,4,45.73545,0.9575771227369987,0.03200000000000003,True
5.749765,4,45.744931,0.9657907332859763,0.03200000000000003,True
5.643084,4,45.754307,0.9676028642117742,0.03200000000000003,True
5.752972,4,45.764839,0.9612262858764108,0.03200000000000003,True
5.485168,3,45.771689,0.956841899723543,0.02400000000000002,True
5.772592,4,45.781161,0.9635921003105626,0.03200000000000003,True
5.610088,4,45.790482,0.9571112778585154,0.03200000000000003,True
5.438691,3,45.798063,0.9608776241873324,0.02400000000000002,True
5.742575,4,45.80785,0.9609995741662114,0.03200000000000003,True
5.605501,3,45.814346,0.9603300102056855,0.02400000000000002,True
5.863793,5,45.826674,0.9583952736678629,0.040000000000000036,True
5.782321,4,45.837358,0.9609048742476848,0.03200000000000003,True
5.625082,3,45.847187,0.963263970290646,0.02400000000000002,True
5.843404,5,45.865769,0.9647904652805123,0.040000000000000036,True
5.548221,4,45.881089,0.963611376073866,0.03200000000000003,True
5.498168,3,45.891861,0.9579617185169387,0.02400000000000002,True
5.802619,4,45.9015,0.9639398222549616,0.03200000000000003,True
5.529459,4,45.912905,0.957469012186165,0.03200000000000003,True
5.747577,4,45.922792,0.9574286762376749,0.03200000000000003,True
5.663845,5,45.934362,0.9615500009238853,0.040000000000000036,True
5.532991,3,45.941548,0.9627228764185565,0.02400000000000002,True
5.421017,4,45.951276,0.9630175659463652,0.03200000000000003,True
5.771129,4,45.960873,0.9633699215995151,0.03200000000000003,True
5.777785,4,45.970309,0.960420252666001,0.03200000000000003,True
5.690505,4,45.979707,0.9603335911065685,0.03200000000000003,True
5.843265,5,45.990662,0.9575179038137401,0.040000000000000036,True
5.863549,4,46.001425,0.9617967406945191,0.03200000000000003,True
5.922068,3,46.008859,0.9609404366270838,0.02400000000000002,True
5.755022,3,46.016705,0.9594794352487204,0.02400000000000002,True
5.44525,4,46.027565,0.9628325475607584,0.03200000000000003,True
5.485735,5,46.039982,0.9644047170675304,0.040000000000000036,True
5.707339,4,46.050861,0.9611136237192373,0.03200000000000003,True
5.530114,5,46.063015,0.9570894582699658,0.040000000000000036,True
5.648273,4,46.071533,0.9584073833444807,0.03200000000000003,True
5.734162,5,46.082583,0.9594857465117994,0.040000000000000036,True
5.76831,4,46.092514,0.9618191979656804,0.03200000000000003,True
5.483127,3,46.100033,0.9608099517923417,0.02400000000000002,True
5.478014,3,46.107934,0.9594792451189603,0.02400000000000002,True
5.690596,4,46.117994,0.9600234400077374,0.03200000000000003,True
5.801188,6,46.13022,0.9597913334948106,0.04800000000000004,True
6.041529,5,46.143101,0.9593348617739641,0.040000000000000036,True
5.555159,5,46.154464,0.9638868089708347,0.040000000000000036,True
5.473907,5,46.168216,0.9591732205577008,0.040000000000000036,True
5.775596,3,46.175816,0.9562897100458968,0.02400000000000002,True
5.685303,4,46.184836,0.9577325613598251,0.03200000000000003,True
5.749337,4,46.195722,0.9600482027890365,0.03200000000000003,True
5.759157,4,46.204663,0.9587079941738194,0.03200000000000003,True
5.400047,4,46.215305,0.9587919354915956,0.03200000000000003,True
5.636415,4,46.224894,0.9644871870611763,0.03200000000000003,True
5.653547,3,46.232934,0.9655374543693808,0.02400000000000002,True
5.586686,3,46.240991,0.9597427323643067,0.02400000000000002,True
5.862893,5,46.253779,0.9578370591916037,0.040000000000000036,True
5.814678,5,46.805972,0.9667366757092422,0.040000000000000036,True
5.511042,3,46.812705,0.9598912601885358,0.02400000000000002,True
5.542865,4,46.822059,0.9610660344490878,0.03200000000000003,True
5.749186,4,46.832241,0.9590931424768336,0.03200000000000003,True
5.377541,5,46.844433,0.9632863134683112,0.040000000000000036,True
5.705645,4,46.854035,0.9718836071191965,0.03200000000000003,True
5.87345,5,46.865934,0.963316879230088,0.040000000000000036,True
6.010419,5,46.877918,0.9618868152004996,0.040000000000000036,True
5.892139,4,46.888286,0.9587621825576406,0.03200000000000003,True
5.599357,5,46.907559,0.9563680674352386,0.040000000000000036,True
5.959939,5,46.923688,0.9681209565102685,0.040000000000000036,True
5.711584,5,46.935042,0.9626394114828848,0.040000000000000036,True
5.496088,3,46.942974,0.9591780223737769,0.02400000000000002,True
5.462914,5,46.955334,0.9658562180026208,0.040000000000000036,True
5.902439,4,46.964668,0.9617515981613308,0.03200000000000003,True
5.783506,3,46.971531,0.9622606382542781,0.02400000000000002,True
5.657163,4,46.980711,0.9633019703920744,0.03200000000000003,True
6.011809,4,46.9898,0.9609461865268589,0.03200000000000003,True
5.791985,4,46.999005,0.9613963890490173,0.03200000000000003,True
5.473058,3,47.004594,0.959943808385047,0.02400000000000002,True
5.753677,3,47.012089,0.9643314269698187,0.02400000000000002,True
5.731417,4,47.02185,0.9600526671843517,0.03200000000000003,True
5.683025,4,47.032561,0.9635446902680479,0.03200000000000003,True
5.773378,4,47.042254,0.960839302318678,0.03200000000000003,True
5.426207,3,47.050647,0.9600351143014715,0.02400000000000002,True
5.365852,3,47.058279,0.9631885651194568,0.02400000000000002,True
5.651758,5,47.06944,0.969783956179992,0.040000000000000036,True
5.639848,5,47.08029,0.959190192020216,0.040000000000000036,True
5.716082,3,47.086975,0.9591809226407394,0.02400000000000002,True
5.78276,4,47.09638,0.9592202144498643,0.03200000000000003,True
5.911985,3,47.103553,0.9599793176813529,0.02400000000000002,True
5.62123,4,47.112672,0.9565195210229483,0.03200000000000003,True
5.570418,4,47.122718,0.959850457193894,0.03200000000000003,True
5.810951,3,47.130423,0.9633290599064392,0.02400000000000002,True
5.968939,3,47.137458,0.9583955129982267,0.02400000000000002,True
5.565965,5,47.148708,0.9661343840373698,0.040000000000000036,True
5.585394,5,47.159758,0.9619610171935216,0.040000000000000036,True
5.812089,5,47.171168,0.959320494736623,0.040000000000000036,True
5.766874,4,47.180738,0.9578361704932532,0.03200000000000003,True
5.836292,4,47.190499,0.9594874460202085,0.03200000000000003,True
5.720848,3,47.198616,0.9615780733505029,0.02400000000000002,True
5.626449,4,47.207496,0.9620347024041096,0.03200000000000003,True
5.87434,5,47.220526,0.9574565658771229,0.040000000000000036,True
5.519272,3,47.227924,0.9579613240610062,0.02400000000000002,True
5.540741,4,47.237829,0.966013956422932,0.03200000000000003,True
5.831844,4,47.24763,0.9582369466985067,0.03200000000000003,True
5.622519,4,47.257499,0.9638012710841662,0.03200000000000003,True
5.418711,4,47.266884,0.9612131191679258,0.03200000000000003,True
5.885758,5,47.278697,0.9611538916666985,0.040000000000000036,True
5.749337,4,47.287926,0.962752404399027,0.03200000000000003,True
5.694498,4,47.297101,0.9623830703778414,0.03200000000000003,True
5.536013,4,47.306293,0.9614006076479076,0.03200000000000003,True
5.524013,3,47.31442,0.9589155468282925,0.02400000000000002,True
5.816888,5,47.326255,0.9615061003600569,0.040000000000000036,True
5.64886,3,47.333746,0.9652776322902271,0.02400000000000002,True
5.553838,3,47.342492,0.9669049753024879,0.02400000000000002,True
5.503248,5,47.354851,0.9599258579045975,0.040000000000000036,True
5.433947,3,47.363657,0.9594291964908372,0.02400000000000002,True
5.859108,4,47.374153,0.9598894524842663,0.03200000000000003,True
5.933661,4,47.384526,0.963292841636107,0.03200000000000003,True
5.613213,5,47.39743,0.9627756302046234,0.040000000000000036,True
5.507974,4,47.407715,0.961519170615988,0.03200000000000003,True
5.605181,4,47.417061,0.9620666164550882,0.03200000000000003,True
5.536137,3,47.42563,0.9586618983503439,0.02400000000000002,True
5.511919,3,47.990964,0.9637273305935694,0.02400000000000002,True
5.624977,5,48.002213,0.9614643727320074,0.040000000000000036,True
5.820233,5,48.013684,0.9572914477895227,0.040000000000000036,True
5.694538,3,48.021909,0.9610915570841322,0.02400000000000002,True
5.630061,4,48.03224,0.9608827868576828,0.03200000000000003,True
5.847128,4,48.042039,0.9590065969874095,0.03200000000000003,True
5.79427,4,48.051684,0.9594609235393162,0.03200000000000003,True
5.599396,4,48.062267,0.9623595619322388,0.03200000000000003,True
5.618883,4,48.071161,0.963937877278774,0.03200000000000003,True
5.595966,4,48.080399,0.9600054083104458,0.03200000000000003,True
5.748646,3,48.088044,0.9562550043127009,0.02400000000000002,True
5.810476,5,48.098844,0.9576677891828884,0.040000000000000036,True
5.581721,5,48.110596,0.9596160704916398,0.040000000000000036,True
5.662019,3,48.11845,0.962559082386234,0.02400000000000002,True
5.422888,4,48.127074,0.9598087436487147,0.03200000000000003,True
5.457462,4,48.136995,0.9653485812532722,0.03200000000000003,True
5.777402,4,48.147278,0.9586977653781296,0.03200000000000003,True
5.452179,3,48.154323,0.9614720055275291,0.02400000000000002,True
5.642748,4,48.163023,0.9640645668700992,0.03200000000000003,True
5.646503,3,48.169931,0.9639304301791276,0.02400000000000002,True
5.705085,4,48.179301,0.9633481209157986,0.03200000000000003,True
5.702011,4,48.188221,0.9653682488682896,0.03200000000000003,True
5.507102,4,48.197961,0.9586674378233523,0.03200000000000003,True
5.57796,4,48.207745,0.9594950918526441,0.03200000000000003,True
5.494167,3,48.215512,0.9679029750403927,0.02400000000000002,True
5.427248,3,48.22324,0.9626779705302262,0.02400000000000002,True
5.575853,6,48.237689,0.961333656338274,0.04800000000000004,True
5.648034,4,48.247661,0.9610495605206355,0.03200000000000003,True
5.392064,3,48.255139,0.961401470561324,0.02400000000000002,True
5.627219,4,48.265162,0.9596710366484185,0.03200000000000003,True
5.837766,4,48.274273,0.9589657275418388,0.03200000000000003,True
5.43587,3,48.281205,0.9625354813782012,0.02400000000000002,True
5.95751,4,48.291364,0.9618511717734266,0.03200000000000003,True
5.556647,5,48.303397,0.9618312189342244,0.040000000000000036,True
5.578182,4,48.313379,0.9604240595691068,0.03200000000000003,True
5.886888,4,48.323339,0.971329694742092,0.03200000000000003,True
5.511188,6,48.336913,0.958575327122547,0.04800000000000004,True
5.537464,3,48.345107,0.9613797728412312,0.02400000000000002,True
5.703317,3,48.353687,0.9587576816757873,0.02400000000000002,True
5.54063,3,48.361242,0.9612061354690673,0.02400000000000002,True
5.605438,3,48.368824,0.9615731314361988,0.02400000000000002,True
5.653851,3,48.37693,0.9642028169098618,0.02400000000000002,True
5.823157,3,48.38431,0.9591237053730396,0.02400000000000002,True
5.639552,4,48.393913,0.9594655132503278,0.03200000000000003,True
5.500448,5,48.406342,0.9592618067735472,0.040000000000000036,True
5.948151,4,48.416037,0.9598443449407776,0.03200000000000003,True
5.472868,4,48.42541,0.9608742483196367,0.03200000000000003,True
5.646164,4,48.43476,0.9656955704711222,0.03200000000000003,True
5.493039,4,48.444547,0.9583971406771269,0.03200000000000003,True
5.725507,4,48.454386,0.9631264172423218,0.03200000000000003,True
5.650082,5,48.465764,0.959428259676465,0.040000000000000036,True
5.81794,5,48.476781,0.9616755823403285,0.040000000000000036,True
5.512336,3,48.484246,0.9633781868250334,0.02400000000000002,True
5.615446,5,48.495479,0.95686663786554,0.040000000000000036,True
5.815297,4,48.503859,0.966197031067241,0.03200000000000003,True
5.63004,3,48.511543,0.9582893553988217,0.02400000000000002,True
5.696477,4,48.520757,0.963341308181968,0.03200000000000003,True
5.476715,4,48.530276,0.957048867961662,0.03200000000000003,True
5.715624,4,48.540789,0.9590439413250211,0.03200000000000003,True
5.443985,5,48.552155,0.9621343864786053,0.040000000000000036,True
5.850617,5,48.565375,0.9651224798082226,0.040000000000000036,True
5.563008,4,48.5782,0.958558695393648,0.03200000000000003,True
5.91259,5,48.591045,0.9610657256784156,0.040000000000000036,True
5.541652,4,48.601051,0.9614484988629757,0.03200000000000003,True
5.520452,4,49.17161,0.9616565067524336,0.03200000000000003,True
5.622551,4,49.180959,0.9617780202031927,0.03200000000000003,True
5.74736,5,49.192983,0.9611683721351552,0.040000000000000036,True
5.8217,4,49.202518,0.9609925045034489,0.03200000000000003,True
5.729847,3,49.20843,0.9633640241966374,0.02400000000000002,True
5.72104,3,49.216193,0.9623221836210379,0.02400000000000002,True
6.046817,4,49.227052,0.9684567441607411,0.03200000000000003,True
5.795081,4,49.236656,0.9632930020474402,0.03200000000000003,True
5.598549,3,49.245191,0.967899868210242,0.02400000000000002,True
5.432014,2,49.250405,0.9656380984838702,0.016000000000000014,True
5.864327,5,49.264179,0.9718916088147818,0.040000000000000036,True
5.527236,3,49.271907,0.9597081693079905,0.02400000000000002,True
5.70902,5,49.284646,0.9602981677417834,0.040000000000000036,True
5.837828,4,49.295687,0.9610456283909727,0.03200000000000003,True
5.597206,4,49.305583,0.9604637689651914,0.03200000000000003,True
5.985588,5,49.318421,0.9577813423813947,0.040000000000000036,True
5.645037,5,49.330962,0.9616757909719916,0.040000000000000036,True
5.556536,3,49.339555,0.9650801798440727,0.02400000000000002,True
5.766513,4,49.352985,0.9563802225824071,0.03200000000000003,True
5.727814,4,49.364251,0.9612862847015969,0.03200000000000003,True
5.855301,4,49.373893,0.9622044196958196,0.03200000000000003,True
5.758594,4,49.383307,0.9634161014329499,0.03200000000000003,True
5.917997,3,49.390602,0.957120289408762,0.02400000000000002,True
5.586946,2,49.396026,0.962604670453248,0.016000000000000014,True
5.487938,3,49.403689,0.9600507265841223,0.02400000000000002,True
5.811583,5,49.41478,0.9616774041889938,0.040000000000000036,True
6.106593,4,49.424969,0.959262021695665,0.03200000000000003,True
5.468813,4,49.434574,0.9652348171947661,0.03200000000000003,True
5.667017,5,49.445965,0.9634130705080581,0.040000000000000036,True
5.674645,4,49.45719,0.9625912301914346,0.03200000000000003,True
5.73344,5,49.468337,0.9646878580267783,0.040000000000000036,True
5.481007,3,49.475638,0.9600211026901126,0.02400000000000002,True
5.700915,4,49.484287,0.96362545200153,0.03200000000000003,True
5.869821,4,49.493703,0.9607042771207972,0.03200000000000003,True
5.848346,5,49.505747,0.9599060747610667,0.040000000000000036,True
5.936859,4,49.514017,0.9602841315040129,0.03200000000000003,True
5.499706,5,49.525698,0.9591689433986859,0.040000000000000036,True
5.336789,4,49.534816,0.9629345733087722,0.03200000000000003,True
5.939043,3,49.541948,0.9594152916541095,0.02400000000000002,True
5.689869,4,49.551319,0.9628820440645823,0.03200000000000003,True
5.832475,5,49.562325,0.9593708374690553,0.040000000000000036,True
5.789336,3,49.570418,0.9605923605574539,0.02400000000000002,True
5.556685,5,49.582179,0.9595222060624382,0.040000000000000036,True
6.065022,5,49.59491,0.9615726706296601,0.040000000000000036,True
5.701637,4,49.603334,0.9656495095376291,0.03200000000000003,True
5.876341,5,49.614685,0.9608957060953252,0.040000000000000036,True
5.823143,4,49.624018,0.9683048845383804,0.03200000000000003,True
5.952617,4,49.633445,0.962798209707539,0.03200000000000003,True
5.674633,4,49.642742,0.9573506102390886,0.03200000000000003,True
5.96104,3,49.650248,0.9596377057401866,0.02400000000000002,True
5.810193,4,49.659716,0.9600468255052157,0.03200000000000003,True
5.611885,3,49.66549,0.9576310314808054,0.02400000000000002,True
5.795355,3,49.673944,0.9586533083839441,0.02400000000000002,True
5.652397,4,49.683812,0.9613935981807016,0.03200000000000003,True
5.497001,5,49.694949,0.9598043526968754,0.040000000000000036,True
5.556288,4,49.705363,0.9594379468213298,0.03200000000000003,True
5.791382,4,49.715368,0.9607531019669395,0.03200000000000003,True
5.578054,3,49.72375,0.9636565460733524,0.02400000000000002,True
5.749299,4,49.734467,0.9616668638558092,0.03200000000000003,True
5.83709,4,49.745162,0.9580647558439108,0.03200000000000003,True
5.676445,4,49.7562,0.960714234045584,0.03200000000000003,True
5.660562,4,49.765692,0.9623546461966485,0.03200000000000003,True
5.608193,5,49.77951,0.9658942753512314,0.040000000000000036,True
5.767785,4,49.78956,0.9575223338663201,0.03200000000000003,True
5.572678,4,49.798814,0.9605897173324329,0.03200000000000003,True
5.851613,5,50.381532,0.956831130217261,0.040000000000000036,True
5.475094,3,50.389328,0.960897123661165,0.02400000000000002,True
5.913846,4,50.397886,0.9634754239649288,0.03200000000000003,True
5.536604,5,50.486635,0.9627490963634487,0.040000000000000036,True
5.44465,3,50.494236,0.9588312175020028,0.02400000000000002,True
5.868523,5,50.505754,0.9596982654435915,0.040000000000000036,True
5.856567,4,50.515292,0.9659130703082026,0.03200000000000003,True
5.738758,3,50.523217,0.9608767101285135,0.02400000000000002,True
5.475937,3,50.530761,0.9613556950158222,0.02400000000000002,True
5.878941,4,50.539775,0.9592678095768252,0.03200000000000003,True
5.81343,4,50.549193,0.9658829934131965,0.03200000000000003,True
5.655575,3,50.556548,0.9625611247483516,0.02400000000000002,True
5.531399,4,50.566433,0.9574785858677609,0.03200000000000003,True
5.958213,5,50.579185,0.9668884378852034,0.040000000000000036,True
5.870213,4,50.589206,0.9594665747360787,0.03200000000000003,True
5.822382,4,50.598687,0.9575493138661169,0.03200000000000003,True
5.90488,4,50.608016,0.9603612048953563,0.03200000000000003,True
5.44467,3,50.615599,0.9651605155253546,0.02400000000000002,True
5.666857,4,50.624975,0.9633182665167106,0.03200000000000003,True
5.708406,4,50.633726,0.9625909037338234,0.03200000000000003,True
5.676276,5,50.645848,0.9593655156609958,0.040000000000000036,True
5.446609,4,50.65546,0.960288283862999,0.03200000000000003,True
5.640111,4,50.664794,0.9607321608786261,0.03200000000000003,True
5.583465,4,50.674425,0.9604533581787313,0.03200000000000003,True
5.531363,3,50.681265,0.9615749025626906,0.02400000000000002,True
5.833072,6,50.695719,0.9634658867213379,0.04800000000000004,True
5.641643,3,50.701603,0.9619402059039494,0.02400000000000002,True
5.506963,4,50.711774,0.9591858514181091,0.03200000000000003,True
5.691484,3,50.719373,0.9573870083187346,0.02400000000000002,True
5.622403,5,50.730773,0.9604202626840102,0.040000000000000036,True
5.451247,4,50.739897,0.9679123395477616,0.03200000000000003,True
5.599061,4,50.749177,0.9602707085001803,0.03200000000000003,True
5.641584,4,50.758943,0.9597909207070805,0.03200000000000003,True
5.719951,5,50.770499,0.9629504234972708,0.040000000000000036,True
5.676889,4,50.781831,0.9651820646212366,0.03200000000000003,True
6.082201,4,50.790358,0.9591149541734229,0.03200000000000003,True
5.498521,3,50.797255,0.9601592559025656,0.02400000000000002,True
5.61494,4,50.805873,0.9637683152732365,0.03200000000000003,True
5.672292,4,50.815084,0.9590825593548193,0.03200000000000003,True
5.832317,5,50.825675,0.9625906901862076,0.040000000000000036,True
5.838356,4,50.835855,0.9631971596749314,0.03200000000000003,True
5.745468,4,50.84506,0.9622347356127243,0.03200000000000003,True
5.641506,4,50.85442,0.962585117319394,0.03200000000000003,True
5.87417,5,50.867174,0.9636098316916015,0.040000000000000036,True
5.738832,5,50.879147,0.9615980257193251,0.040000000000000036,True
5.692579,3,50.887292,0.9624320613212896,0.02400000000000002,True
5.529924,4,50.897686,0.9595015599699692,0.03200000000000003,True
5.812214,4,50.906202,0.9599356774007475,0.03200000000000003,True
5.639961,3,50.913332,0.9575011155874593,0.02400000000000002,True
5.734565,4,50.922564,0.9589627125503969,0.03200000000000003,True
5.874919,4,50.932105,0.9603772624809941,0.03200000000000003,True
5.442683,4,50.940992,0.9595585039288071,0.03200000000000003,True
5.700827,3,50.947913,0.9615039882693922,0.02400000000000002,True
5.659014,5,50.959882,0.9574975375772192,0.040000000000000036,True
5.786551,4,50.969372,0.9573782161595463,0.03200000000000003,True
5.694052,3,50.975891,0.9571734996895034,0.02400000000000002,True
5.796225,5,50.987857,0.9596127202793502,0.040000000000000036,True
5.427826,3,50.995682,0.9695124234086713,0.02400000000000002,True
5.921959,3,51.000999,0.962591055299627,0.02400000000000002,True
5.415747,3,51.008662,0.962802567059369,0.02400000000000002,True
5.55176,4,51.018608,0.965135375984173,0.03200000000000003,True
5.527932,5,51.031387,0.9592487846438061,0.040000000000000036,True
5.847537,5,51.045753,0.9627217037207687,0.040000000000000036,True
5.528391,5,51.063186,0.9594536209711644,0.040000000000000036,True
5.433448,3,51.61582,0.9641884051750405,0.02400000000000002,True
5.559084,5,51.626959,0.9626905546196306,0.040000000000000036,True
5.76286,5,51.639601,0.9674441776699337,0.040000000000000036,True
5.678549,3,51.646673,0.9596012236350413,0.02400000000000002,True
5.841488,4,51.656318,0.9607490030387469,0.03200000000000003,True
5.706776,3,51.664134,0.9608564584940429,0.02400000000000002,True
5.689258,4,51.673844,0.9605244920412098,0.03200000000000003,True
5.830083,5,51.685439,0.9627705016881054,0.040000000000000036,True
5.547674,3,51.692918,0.9578089309525918,0.02400000000000002,True
5.796856,4,51.702366,0.9612560957071971,0.03200000000000003,True
5.685308,5,51.716044,0.9639953626108184,0.040000000000000036,True
5.812581,4,51.726002,0.958968721888324,0.03200000000000003,True
5.585456,5,51.738544,0.9586269313591426,0.040000000000000036,True
5.483215,3,51.746624,0.9659886261211911,0.02400000000000002,True
5.524829,3,51.753801,0.962167075871925,0.02400000000000002,True
5.671423,3,51.762017,0.9620408874879135,0.02400000000000002,True
5.650505,5,51.774742,0.9610320040788284,0.040000000000000036,True
5.573785,3,51.781466,0.9662500036486059,0.02400000000000002,True
5.563807,4,51.791711,0.9612090022253518,0.03200000000000003,True
5.57803,4,51.800497,0.9611462721275201,0.03200000000000003,True
5.764135,5,51.812501,0.9614334044718414,0.040000000000000036,True
5.478899,4,51.821724,0.9617692270991913,0.03200000000000003,True
5.812807,5,51.835551,0.9632960398013999,0.040000000000000036,True
5.511257,3,51.842401,0.9644521405677411,0.02400000000000002,True
5.853286,4,51.852504,0.9575055724439054,0.03200000000000003,True
5.554514,3,51.86054,0.9633472137933875,0.02400000000000002,True
5.789389,4,51.869974,0.9579687116361653,0.03200000000000003,True
5.539914,3,51.876582,0.957802851333577,0.02400000000000002,True
5.586012,4,51.885924,0.9636575808837935,0.03200000000000003,True
5.755504,3,51.894597,0.9588267341426422,0.02400000000000002,True
5.581882,5,51.905241,0.9666511578483247,0.040000000000000036,True
5.530975,3,51.913462,0.9606801232417064,0.02400000000000002,True
5.607501,4,51.922863,0.9606711472806304,0.03200000000000003,True
5.607316,4,51.931502,0.9572227639987247,0.03200000000000003,True
6.105185,4,51.940981,0.9576800609362937,0.03200000000000003,True
5.768429,3,51.947738,0.9584852532780308,0.02400000000000002,True
5.74687,4,51.957164,0.961798102967778,0.03200000000000003,True
5.598536,3,51.964784,0.961099617067105,0.02400000000000002,True
5.559432,4,51.973126,0.9611915086997429,0.03200000000000003,True
5.799114,5,51.984379,0.961059009883201,0.040000000000000036,True
5.665781,3,51.991501,0.9634320564901568,0.02400000000000002,True
5.665044,4,52.000824,0.9622400364022237,0.03200000000000003,True
5.658242,3,52.008595,0.9670213006001798,0.02400000000000002,True
5.808354,5,52.020063,0.959311541348632,0.040000000000000036,True
5.620835,2,52.025339,0.9583566979024574,0.016000000000000014,True
5.703395,4,52.03546,0.958071186782959,0.03200000000000003,True
5.603247,5,52.047669,0.9615433736038523,0.040000000000000036,True
5.818438,5,52.059528,0.963170376556812,0.040000000000000036,True
5.377637,4,52.068325,0.9617547089213022,0.03200000000000003,True
5.48444,3,52.076186,0.9623652862161223,0.02400000000000002,True
5.486471,4,52.088954,0.9592745161162184,0.03200000000000003,True
5.679192,5,52.105844,0.9631664420497892,0.040000000000000036,True
5.626348,4,52.117145,0.9606038815524762,0.03200000000000003,True
5.786126,4,52.1265,0.9620066131068508,0.03200000000000003,True
5.582036,3,52.133428,0.9629440375067619,0.02400000000000002,True
5.854665,3,52.139975,0.9655333711945968,0.02400000000000002,True
6.123321,4,52.149232,0.9588212473394281,0.03200000000000003,True
5.60683,5,52.160754,0.9620499968313404,0.040000000000000036,True
5.669441,3,52.167602,0.9605254207990174,0.02400000000000002,True
5.527127,4,52.177124,0.9594688466727035,0.03200000000000003,True
5.612129,4,52.186863,0.9611121388870145,0.03200000000000003,True
5.790919,5,52.198754,0.9576090030186971,0.040000000000000036,True
5.644254,2,52.204999,0.9620862113954656,0.016000000000000014,True
5.792698,4,52.214188,0.9664481493103741,0.03200000000000003,True
5.488132,4,52.225316,0.9661756311644987,0.03200000000000003,True
5.759856,4,52.233814,0.9636001037216747,0.03200000000000003,True
5.635082,3,52.78715,0.9623084050713993,0.02400000000000002,True
5.657816,4,52.796677,0.9609825918729926,0.03200000000000003,True
5.695969,4,52.806045,0.9621909156271404,0.03200000000000003,True
5.49908,4,52.815953,0.9594212418342336,0.03200000000000003,True
5.839648,5,52.827643,0.9596649754211634,0.040000000000000036,True
5.672582,3,52.834084,0.9628942098541947,0.02400000000000002,True
5.549132,4,52.846824,0.9617181505489917,0.03200000000000003,True
5.601831,5,52.863029,0.9630110960107592,0.040000000000000036,True
5.518028,4,52.87241,0.9592497506398542,0.03200000000000003,True
5.606072,5,52.884051,0.9588290160010704,0.040000000000000036,True
5.518747,4,52.893686,0.9631490735354287,0.03200000000000003,True
5.780904,4,52.90347,0.9630162136714349,0.03200000000000003,True
5.653526,3,52.910179,0.9586210101249537,0.02400000000000002,True
5.583678,4,52.919519,0.9585388662819171,0.03200000000000003,True
5.35882,4,52.928584,0.9581726633715266,0.03200000000000003,True
5.783581,3,52.93623,0.9592579483522791,0.02400000000000002,True
5.801366,5,52.947692,0.961644279262823,0.040000000000000036,True
5.684531,4,52.960338,0.9634094140060474,0.03200000000000003,True
5.760017,5,52.978786,0.9598744474772584,0.040000000000000036,True
5.754945,4,52.991296,0.9609033877708016,0.03200000000000003,True
5.79737,6,53.009555,0.959999966837486,0.04800000000000004,True
5.778373,5,53.023444,0.9619073002006604,0.040000000000000036,True
5.717387,3,53.031767,0.9609699340027409,0.02400000000000002,True
5.494884,3,53.039219,0.9611621556465512,0.02400000000000002,True
5.98044,6,53.05416,0.9572508406160147,0.04800000000000004,True
5.494039,4,53.063477,0.9621909524994435,0.03200000000000003,True
5.859888,5,53.080534,0.9605975940061895,0.040000000000000036,True
5.535387,4,53.090037,0.9596785157634699,0.03200000000000003,True
5.548578,5,53.102545,0.961274306881909,0.040000000000000036,True
5.742923,4,53.113153,0.9587231112755037,0.03200000000000003,True
5.382336,3,53.123689,0.9625218987746784,0.02400000000000002,True
5.712403,4,53.137847,0.9640765310501361,0.03200000000000003,True
5.812203,4,53.150871,0.9565827468208533,0.03200000000000003,True
5.616537,4,53.160297,0.9619253274831289,0.03200000000000003,True
5.547157,3,53.168036,0.957669743998566,0.02400000000000002,True
5.796249,4,53.177449,0.958569803013286,0.03200000000000003,True
5.61039,4,53.188236,0.9626018392407776,0.03200000000000003,True
5.751282,5,53.208282,0.9607950210472704,0.040000000000000036,True
5.544712,4,53.218461,0.9600044122191321,0.03200000000000003,True
5.850878,5,53.23088,0.9613342218006604,0.040000000000000036,True
5.649027,4,53.240574,0.9607737016268265,0.03200000000000003,True
5.70834,4,53.249103,0.9626910165680014,0.03200000000000003,True
5.646555,5,53.261648,0.9632257284790358,0.040000000000000036,True
5.669321,3,53.269078,0.9614465823183749,0.02400000000000002,True
5.733758,5,53.280354,0.9638941992791821,0.040000000000000036,True
5.558684,4,53.289694,0.9628272316321614,0.03200000000000003,True
5.835618,5,53.301337,0.9641099243882447,0.040000000000000036,True
5.791541,3,53.308788,0.9596868217622014,0.02400000000000002,True
5.90166,5,53.319665,0.9600827805255435,0.040000000000000036,True
5.65335,5,53.331024,0.9597461083992249,0.040000000000000036,True
5.538196,4,53.340171,0.9629325603519945,0.03200000000000003,True
5.521924,3,53.347687,0.9598503985357363,0.02400000000000002,True
5.662227,4,53.35726,0.9614739432896932,0.03200000000000003,True
5.637732,4,53.366348,0.9591028264106896,0.03200000000000003,True
5.580645,5,53.378228,0.9598753275833368,0.040000000000000036,True
5.755044,3,53.385635,0.9620023644636333,0.02400000000000002,True
5.511513,4,53.3954,0.9576509829073058,0.03200000000000003,True
5.489344,3,53.40279,0.9600002036613222,0.02400000000000002,True
5.614481,5,53.414215,0.9650008184748455,0.040000000000000036,True
5.897095,4,53.4265,0.9604272390500626,0.03200000000000003,True
5.992381,5,53.444707,0.9600049349351386,0.040000000000000036,True
5.701499,4,53.459953,0.9661907865030129,0.03200000000000003,True
5.678585,5,54.249874,0.9587310225414238,0.040000000000000036,True
5.823988,4,54.264463,0.9629911470683119,0.03200000000000003,True
5.439479,3,54.273736,0.9596467157074804,0.02400000000000002,True
5.586842,4,54.286952,0.9616063297002688,0.03200000000000003,True
5.656884,3,54.296633,0.9633292211890787,0.02400000000000002,True
5.64783,4,54.308322,0.9611166173650788,0.03200000000000003,True
5.55362,4,54.32122,0.9601732631835632,0.03200000000000003,True
5.581768,4,54.332865,0.9595398739597886,0.03200000000000003,True
5.661569,4,54.345313,0.9655471143796404,0.03200000000000003,True
5.459947,4,54.357094,0.9598522864577672,0.03200000000000003,True
5.89373,4,54.369303,0.963557251141391,0.03200000000000003,True
5.657766,3,54.379799,0.9559831418088023,0.02400000000000002,True
5.423435,4,54.392936,0.9608454472465457,0.03200000000000003,True
5.759485,4,54.405263,0.9590984959087605,0.03200000000000003,True
5.502544,3,54.414493,0.9605382368963625,0.02400000000000002,True
5.898125,4,54.427747,0.957844022611641,0.03200000000000003,True
5.686187,5,54.443349,0.9641223021439173,0.040000000000000036,True
5.566745,3,54.452927,0.9611531761016053,0.02400000000000002,True
5.586205,3,54.462397,0.9592076740702892,0.02400000000000002,True
5.580599,4,54.474609,0.959590478200004,0.03200000000000003,True
5.970993,4,54.486643,0.9597694569794054,0.03200000000000003,True
5.773926,4,54.498897,0.9628543348788754,0.03200000000000003,True
5.611397,4,54.511202,0.9571323834355091,0.03200000000000003,True
5.837614,5,54.525698,0.9630146064592817,0.040000000000000036,True
5.880551,4,54.537761,0.9658077301428107,0.03200000000000003,True
5.81754,4,54.550339,0.9603183123169479,0.03200000000000003,True
6.034394,5,54.566669,0.956049573387954,0.040000000000000036,True
5.634409,4,54.581718,0.9628188896870236,0.03200000000000003,True
5.808124,3,54.593854,0.9584972490807695,0.02400000000000002,True
5.671498,3,54.603879,0.9611660589706481,0.02400000000000002,True
5.922417,3,54.61369,0.9663749142455182,0.02400000000000002,True
5.590848,4,54.627841,0.9636345163107006,0.03200000000000003,True
5.746191,4,54.640811,0.9613014406407308,0.03200000000000003,True
6.01497,4,54.652388,0.9659182365850068,0.03200000000000003,True
5.715595,5,54.667267,0.9588420126154513,0.040000000000000036,True
5.816313,4,54.680874,0.9620098780548854,0.03200000000000003,True
5.490875,3,54.690178,0.9620735961263647,0.02400000000000002,True
5.698707,5,54.70528,0.9618895657973558,0.040000000000000036,True
5.495973,3,54.713453,0.9648113564073341,0.02400000000000002,True
5.551569,3,54.722749,0.9684305352814884,0.02400000000000002,True
5.673908,4,54.735957,0.958788556293163,0.03200000000000003,True
5.822148,4,54.74829,0.9655569298509165,0.03200000000000003,True
5.516232,4,54.760112,0.9597198263249457,0.03200000000000003,True
5.440478,4,54.772776,0.9596094576604963,0.03200000000000003,True
5.644239,4,54.78408,0.9606067433791627,0.03200000000000003,True
5.808885,4,54.795761,0.9582480822728225,0.03200000000000003,True
5.715643,4,54.807934,0.9604542918973364,0.03200000000000003,True
5.658005,3,54.816118,0.9589057789702637,0.02400000000000002,True
5.532822,3,54.826002,0.959089311961616,0.02400000000000002,True
6.066855,4,54.838557,0.9590395428132904,0.03200000000000003,True
5.318297,2,54.845515,0.9612917928866113,0.016000000000000014,True
5.697465,4,54.858396,0.9613624770782228,0.03200000000000003,True
5.935836,3,54.86759,0.9612591408233817,0.02400000000000002,True
5.820855,4,54.880793,0.958822492375887,0.03200000000000003,True
5.751974,5,54.896642,0.9593542250721961,0.040000000000000036,True
5.54241,4,54.91165,0.959537669611029,0.03200000000000003,True
5.602922,4,54.924769,0.9606186445776208,0.03200000000000003,True
5.693499,4,54.9379,0.959290060599751,0.03200000000000003,True
5.511659,3,54.950208,0.9573956489010054,0.02400000000000002,True
5.706383,3,54.96159,0.9632450413243326,0.02400000000000002,True
5.777914,5,54.980389,0.9599039070117209,0.040000000000000036,True
5.831489,4,54.995314,0.9584452461849666,0.03200000000000003,True
5.80633,3,55.005681,0.959751359764309,0.02400000000000002,True
5.5643,4,55.017657,0.9631279293494841,0.03200000000000003,True
5.542169,4,55.033163,0.9620855234740193,0.03200000000000003,True
5.899727,4,55.046585,0.9611810296549685,0.03200000000000003,True
5.67872,4,55.05906,0.9624820003835919,0.03200000000000003,True
5.572377,5,55.851249,0.9611373016315441,0.040000000000000036,True
5.619103,4,55.868711,0.9572667975454001,0.03200000000000003,True
5.831234,5,55.887443,0.9660470293964298,0.040000000000000036,True
5.889026,4,55.900902,0.9678038516624597,0.03200000000000003,True
5.83511,5,55.917444,0.9588598257189072,0.040000000000000036,True
5.765159,5,55.932377,0.959474137250691,0.040000000000000036,True
5.696487,3,55.941526,0.9627020137095303,0.02400000000000002,True
5.709147,4,55.953679,0.9633577993657669,0.03200000000000003,True
5.607175,4,55.965506,0.9620865530847331,0.03200000000000003,True
6.064231,4,55.98049,0.9594517007504071,0.03200000000000003,True
5.766376,4,55.9934,0.959926213416589,0.03200000000000003,True
5.696656,3,56.002099,0.9582810512201201,0.02400000000000002,True
5.61104,3,56.011441,0.9614078998197894,0.02400000000000002,True
5.69702,5,56.027545,0.9592543066611393,0.040000000000000036,True
5.765234,5,56.043217,0.9595133500326973,0.040000000000000036,True
5.6357,2,56.049736,0.9607972891708039,0.016000000000000014,True
5.472615,4,56.06227,0.9624425036316013,0.03200000000000003,True
5.829441,3,56.071234,0.9597901299218417,0.02400000000000002,True
5.552021,4,56.083553,0.9642881421734147,0.03200000000000003,True
5.799547,4,56.095306,0.9617596268081177,0.03200000000000003,True
5.763081,4,56.107618,0.9631170841265576,0.03200000000000003,True
5.445207,4,56.120167,0.9616268622001449,0.03200000000000003,True
5.557835,4,56.131024,0.9620301295746384,0.03200000000000003,True
5.69015,4,56.142541,0.9623218928512723,0.03200000000000003,True
5.544031,3,56.15112,0.9608442694986715,0.02400000000000002,True
5.569131,5,56.165747,0.962552283620991,0.040000000000000036,True
5.613126,4,56.177585,0.9600588723331398,0.03200000000000003,True
5.681518,4,56.189,0.9586190186559023,0.03200000000000003,True
5.496728,4,56.201573,0.9599820670462715,0.03200000000000003,True
5.621716,4,56.214093,0.9607606371898525,0.03200000000000003,True
5.508678,3,56.223254,0.9633420727004834,0.02400000000000002,True
5.719743,4,56.235461,0.9625389839123742,0.03200000000000003,True
5.716056,3,56.245645,0.9590125724810201,0.02400000000000002,True
5.592025,3,56.255367,0.9592348188880135,0.02400000000000002,True
5.612642,5,56.270474,0.9613792752795319,0.040000000000000036,True
5.42801,3,56.278879,0.9623687939831203,0.02400000000000002,True
5.513374,4,56.293011,0.9650654502342262,0.03200000000000003,True
5.393191,4,56.305758,0.959668084398667,0.03200000000000003,True
5.703815,3,56.314928,0.9666862426215183,0.02400000000000002,True
5.766994,5,56.329982,0.9649704318488178,0.040000000000000036,True
5.711384,3,56.339973,0.9616724648766005,0.02400000000000002,True
5.561617,4,56.35398,0.9592772324597306,0.03200000000000003,True
5.424947,4,56.366363,0.9646079750298435,0.03200000000000003,True
5.615156,3,56.376805,0.9571378237279531,0.02400000000000002,True
5.516825,4,56.389947,0.9594340651635843,0.03200000000000003,True
5.711168,4,56.401728,0.9624218347046825,0.03200000000000003,True
5.900002,3,56.411443,0.963730258841405,0.02400000000000002,True
5.621126,4,56.423166,0.9598985716666669,0.03200000000000003,True
5.763621,5,56.438278,0.959340699186794,0.040000000000000036,True
5.830921,4,56.449428,0.962473143174366,0.03200000000000003,True
5.874748,5,56.464489,0.9600668463225747,0.040000000000000036,True
5.473939,4,56.476255,0.961710704633064,0.03200000000000003,True
5.409047,3,56.4856,0.9605500061596175,0.02400000000000002,True
5.779388,4,56.49794,0.9580327377031533,0.03200000000000003,True
5.772857,5,56.513003,0.9631950773744082,0.040000000000000036,True
5.570339,3,56.522765,0.9612132231407181,0.02400000000000002,True
5.710753,3,56.531428,0.9662658720225616,0.02400000000000002,True
5.803312,3,56.540902,0.9596708239786285,0.02400000000000002,True
5.638935,3,56.551644,0.9615190964309974,0.02400000000000002,True
5.852691,4,56.564394,0.962278127958123,0.03200000000000003,True
5.622293,4,56.580161,0.9651849404942078,0.03200000000000003,True
5.841614,2,56.587828,0.9586593922652292,0.016000000000000014,True
5.786606,4,56.602569,0.9560153954956121,0.03200000000000003,True
5.564875,3,56.715012,0.9565878307702227,0.02400000000000002,True
5.529596,3,56.72474,0.9631261430576232,0.02400000000000002,True
5.784895,3,56.735266,0.9590636620457441,0.02400000000000002,True
5.45751,4,56.747374,0.9577404031829049,0.03200000000000003,True
5.824951,4,57.554791,0.9614493968226071,0.03200000000000003,True
5.881769,4,57.569083,0.9567484487297483,0.03200000000000003,True
5.478509,3,57.578537,0.9605839443207811,0.02400000000000002,True
5.780598,3,57.589322,0.9581776171123806,0.02400000000000002,True
5.786198,4,57.603388,0.9610029026010887,0.03200000000000003,True
5.864982,5,57.619423,0.9614176090959541,0.040000000000000036,True
5.837022,5,57.635856,0.9633852995399497,0.040000000000000036,True
5.847211,3,57.646798,0.9588971550834918,0.02400000000000002,True
5.681283,3,57.657631,0.961065114694432,0.02400000000000002,True
5.569106,5,57.678316,0.9617583041442019,0.040000000000000036,True
5.55423,2,57.686677,0.9650727832209025,0.016000000000000014,True
5.546953,3,57.696582,0.9581730819674448,0.02400000000000002,True
6.056349,5,57.715379,0.9597797158430978,0.040000000000000036,True
5.661011,3,57.724271,0.9614014451156734,0.02400000000000002,True
5.413915,3,57.735553,0.9635887526006706,0.02400000000000002,True
5.687194,4,57.748182,0.9578770241783816,0.03200000000000003,True
5.48946,3,57.758548,0.9626741245835613,0.02400000000000002,True
5.869409,4,57.771861,0.9589319515744181,0.03200000000000003,True
5.624648,3,57.780609,0.9609572376096693,0.02400000000000002,True
5.602652,3,57.790196,0.9605813953696001,0.02400000000000002,True
5.676909,4,57.804311,0.9576473426477972,0.03200000000000003,True
5.79201,4,57.817504,0.9592260631919978,0.03200000000000003,True
5.56859,4,57.829056,0.9613960356348032,0.03200000000000003,True
5.544635,4,57.84296,0.958653407510391,0.03200000000000003,True
5.493245,5,57.859913,0.9637080890290881,0.040000000000000036,True
5.503756,4,57.874769,0.9592455254986283,0.03200000000000003,True
5.560262,5,57.891189,0.9576924130858131,0.040000000000000036,True
5.831302,3,57.902024,0.9629835349798272,0.02400000000000002,True
5.990738,5,57.919999,0.9592666684314672,0.040000000000000036,True
5.564592,4,57.929534,0.9658189120257219,0.03200000000000003,True
5.736077,3,57.937032,0.961814755849288,0.02400000000000002,True
5.460501,4,57.946726,0.9585795677014504,0.03200000000000003,True
5.987121,4,57.956628,0.9675278249025999,0.03200000000000003,True
5.505336,3,57.9626,0.9631292010315864,0.02400000000000002,True
5.487788,3,57.969358,0.9601631755008168,0.02400000000000002,True
5.603724,3,57.976957,0.9592715192603904,0.02400000000000002,True
5.789937,4,57.985873,0.962308092338221,0.03200000000000003,True
5.54046,4,57.994942,0.9633866914291815,0.03200000000000003,True
5.627883,4,58.003496,0.963183448416217,0.03200000000000003,True
5.695652,4,58.012143,0.9613760030452662,0.03200000000000003,True
5.71003,4,58.021471,0.9609187746136505,0.03200000000000003,True
5.452569,4,58.031458,0.9633751311200329,0.03200000000000003,True
5.717438,5,58.043746,0.9661488875049002,0.040000000000000036,True
5.551002,5,58.056758,0.9646268878972526,0.040000000000000036,True
5.764501,5,58.067824,0.9633764387418682,0.040000000000000036,True
5.687099,5,58.079993,0.9592831871245249,0.040000000000000036,True
5.59935,3,58.087324,0.9617746225983572,0.02400000000000002,True
5.749801,5,58.098156,0.9595107205665563,0.040000000000000036,True
5.622366,2,58.103653,0.9598139148280722,0.016000000000000014,True
5.907002,4,58.112921,0.9635192813044073,0.03200000000000003,True
5.951673,4,58.12226,0.9667001153438673,0.03200000000000003,True
5.85681,4,58.132808,0.9613216250635022,0.03200000000000003,True
5.820499,4,58.142162,0.9617830041617007,0.03200000000000003,True
5.662895,5,58.15396,0.9642038974964899,0.040000000000000036,True
5.520422,4,58.163279,0.9597854424498766,0.03200000000000003,True
5.760565,3,58.170932,0.9648548130630369,0.02400000000000002,True
5.622436,5,58.185619,0.9590924031197683,0.040000000000000036,True
5.567463,4,58.195397,0.9647012336708679,0.03200000000000003,True
5.78447,4,58.205933,0.9649422244648194,0.03200000000000003,True
5.711486,3,58.214091,0.9605181694011128,0.02400000000000002,True
5.848755,4,58.222731,0.960886356320543,0.03200000000000003,True
5.568431,6,58.240199,0.9570041947262098,0.04800000000000004,True
5.991389,4,58.250288,0.9626847579328751,0.03200000000000003,True
5.581312,4,58.26061,0.9630375676569072,0.03200000000000003,True
5.833146,4,58.270396,0.9618639308568475,0.03200000000000003,True
5.755146,3,58.277774,0.9631330025466958,0.02400000000000002,True
5.532905,5,58.849882,0.9630137221580106,0.040000000000000036,True
5.665398,3,58.856846,0.9613920313147883,0.02400000000000002,True
5.62341,5,58.870451,0.9597522676076025,0.040000000000000036,True
5.581265,5,58.881934,0.963163353050976,0.040000000000000036,True
5.844698,5,58.89558,0.9590755337199843,0.040000000000000036,True
5.806243,3,58.902179,0.9624931724224879,0.02400000000000002,True
5.794781,4,58.912071,0.9617968533490175,0.03200000000000003,True
5.512456,4,58.923929,0.9582676156906965,0.03200000000000003,True
5.688491,4,58.934336,0.9639171021595558,0.03200000000000003,True
5.603854,4,58.942736,0.9629350966618335,0.03200000000000003,True
5.751136,4,58.95353,0.96146347570585,0.03200000000000003,True
5.983816,3,58.960813,0.959896007765676,0.02400000000000002,True
5.774558,4,58.969446,0.9597454533743618,0.03200000000000003,True
5.720541,4,58.978695,0.9606080611158059,0.03200000000000003,True
5.548284,4,58.987923,0.9654841522587893,0.03200000000000003,True
5.758486,5,58.998744,0.957804875765023,0.040000000000000036,True
5.530558,4,59.008404,0.9580126942714646,0.03200000000000003,True
5.565786,3,59.016446,0.9624237267771062,0.02400000000000002,True
5.887592,4,59.026319,0.966304098835358,0.03200000000000003,True
5.5424,4,59.036078,0.9623917853606985,0.03200000000000003,True
5.837844,5,59.048074,0.9571317601417745,0.040000000000000036,True
5.601049,4,59.058044,0.9621135391644575,0.03200000000000003,True
5.78211,5,59.06925,0.9575269930827458,0.040000000000000036,True
5.706594,3,59.07732,0.9614481672686384,0.02400000000000002,True
5.885862,4,59.087838,0.9580575194164251,0.03200000000000003,True
5.998264,5,59.098811,0.9589959228200482,0.040000000000000036,True
5.857455,5,59.109599,0.9586355354385011,0.040000000000000036,True
5.64192,5,59.121876,0.9603305729928138,0.040000000000000036,True
5.671973,5,59.133893,0.9629483656543565,0.040000000000000036,True
5.946735,3,59.141331,0.9584069896042395,0.02400000000000002,True
5.781727,4,59.15063,0.9607111451814563,0.03200000000000003,True
5.731764,5,59.161456,0.9589514602831768,0.040000000000000036,True
5.828184,5,59.173121,0.9636263947904941,0.040000000000000036,True
5.863286,4,59.18229,0.9603686140861054,0.03200000000000003,True
5.598401,4,59.191563,0.958458518858791,0.03200000000000003,True
5.761723,4,59.201477,0.9603013649951307,0.03200000000000003,True
5.461665,4,59.210993,0.9620501454885532,0.03200000000000003,True
5.846429,4,59.220756,0.9608543084742879,0.03200000000000003,True
5.719319,4,59.230239,0.9642601891000127,0.03200000000000003,True
6.01233,5,59.24259,0.9588292612337721,0.040000000000000036,True
5.652911,5,59.254001,0.9613720489170993,0.040000000000000036,True
5.426032,4,59.26381,0.9570502594526834,0.03200000000000003,True
5.652808,5,59.275078,0.965653266175452,0.040000000000000036,True
5.663288,3,59.282323,0.9594924625822041,0.02400000000000002,True
5.835763,4,59.290732,0.9638363100002532,0.03200000000000003,True
5.600486,5,59.301578,0.9616541430065275,0.040000000000000036,True
5.446771,3,59.309239,0.9636621123855733,0.02400000000000002,True
5.713701,3,59.316839,0.9633247952472729,0.02400000000000002,True
5.560174,5,59.327272,0.9606124221684416,0.040000000000000036,True
5.707604,4,59.336013,0.9639754263125908,0.03200000000000003,True
5.50675,4,59.345271,0.9631989628760775,0.03200000000000003,True
5.866814,4,59.35499,0.9584052709537891,0.03200000000000003,True
5.592446,4,59.364405,0.9611358890259176,0.03200000000000003,True
5.954169,4,59.373697,0.9644108088587128,0.03200000000000003,True
5.523066,4,59.38315,0.9583682013469877,0.03200000000000003,True
5.823599,4,59.392731,0.95909556986548,0.03200000000000003,True
5.507796,6,59.406334,0.9622592831823271,0.04800000000000004,True
5.785305,4,59.416423,0.9619905561488857,0.03200000000000003,True
5.602186,4,59.426515,0.9588333324087446,0.03200000000000003,True
5.788402,3,59.433778,0.9623681628264763,0.02400000000000002,True
5.469817,5,59.445503,0.9633568649801472,0.040000000000000036,True
5.590989,4,59.997184,0.9622470298264449,0.03200000000000003,True
5.823349,5,60.008553,0.9640921660733379,0.040000000000000036,True
5.513522,5,60.020737,0.9575357610119118,0.040000000000000036,True
5.929643,4,60.031023,0.9672633280990359,0.03200000000000003,True
5.604947,4,60.040846,0.9612583171802779,0.03200000000000003,True
5.704941,4,60.051007,0.963965213913463,0.03200000000000003,True
5.554171,4,60.060602,0.9594651903197228,0.03200000000000003,True
5.716229,3,60.06803,0.9590181057670025,0.02400000000000002,True
5.716974,3,60.074808,0.9624216175678953,0.02400000000000002,True
5.575342,4,60.083143,0.9632379021886626,0.03200000000000003,True
5.634043,3,60.092944,0.9655026477225477,0.02400000000000002,True
5.80628,5,60.104473,0.9581573208023111,0.040000000000000036,True
5.704148,3,60.11115,0.9582574792231427,0.02400000000000002,True
5.502078,4,60.120555,0.9603306967870232,0.03200000000000003,True
5.555148,3,60.12838,0.9686135181329796,0.02400000000000002,True
5.644735,3,60.136106,0.9589753164341637,0.02400000000000002,True
5.628652,3,60.143185,0.9637404982677378,0.02400000000000002,True
5.804882,4,60.151993,0.9585116471626232,0.03200000000000003,True
5.855905,4,60.160416,0.9674281665085043,0.03200000000000003,True
6.097937,4,60.169581,0.9614264900181366,0.03200000000000003,True
5.564206,4,60.179375,0.9641702299819391,0.03200000000000003,True
5.745866,4,60.188566,0.9560877062193841,0.03200000000000003,True
5.674328,3,60.195562,0.9657755575594291,0.02400000000000002,True
5.533427,4,60.204809,0.9599538795054189,0.03200000000000003,True
5.750282,3,60.212358,0.9584464539251814,0.02400000000000002,True
5.4851,4,60.221817,0.9575074396808416,0.03200000000000003,True
5.651142,3,60.229776,0.9621393842032543,0.02400000000000002,True
5.641001,4,60.239668,0.9579402198257028,0.03200000000000003,True
5.570104,2,60.24396,0.9574481427367041,0.016000000000000014,True
5.586908,4,60.253698,0.9621663031164319,0.03200000000000003,True
5.758461,4,60.26398,0.961718621504458,0.03200000000000003,True
5.405648,3,60.271101,0.9574855004620341,0.02400000000000002,True
5.901353,5,60.282644,0.957788960150484,0.040000000000000036,True
5.672105,4,60.29181,0.9620373568212366,0.03200000000000003,True
5.807008,4,60.300852,0.9611527296664429,0.03200000000000003,True
5.742525,5,60.311524,0.9597291792101754,0.040000000000000036,True
5.839795,4,60.320451,0.9597917641975815,0.03200000000000003,True
5.780021,5,60.331386,0.9640059668525437,0.040000000000000036,True
5.783556,5,60.343064,0.9631712349833466,0.040000000000000036,True
5.801505,3,60.349613,0.9604400483983616,0.02400000000000002,True
5.465292,4,60.358614,0.9576824644060482,0.03200000000000003,True
5.739843,4,60.368165,0.9602502433402063,0.03200000000000003,True
5.798238,5,60.378935,0.961312653237743,0.040000000000000036,True
5.809669,4,60.388205,0.957677665836292,0.03200000000000003,True
5.782867,4,60.397509,0.9588626170989383,0.03200000000000003,True
5.530554,4,60.406626,0.9628646733166687,0.03200000000000003,True
5.470234,2,60.411413,0.9581005715688943,0.016000000000000014,True
5.649362,3,60.418197,0.9630808005605538,0.02400000000000002,True
5.693434,3,60.426093,0.9629302862702858,0.02400000000000002,True
5.647609,3,60.432608,0.9563268428103022,0.02400000000000002,True
5.637373,3,60.440536,0.9564600528141166,0.02400000000000002,True
5.643107,4,60.449086,0.9567298311337625,0.03200000000000003,True
5.731661,4,60.45837,0.9593106105002279,0.03200000000000003,True
5.871038,4,60.467594,0.9609858458880278,0.03200000000000003,True
5.781706,4,60.476727,0.9592046835983554,0.03200000000000003,True
5.529265,4,60.486007,0.9618609385629078,0.03200000000000003,True
5.51565,4,60.495544,0.9597554911790326,0.03200000000000003,True
5.668824,4,60.505553,0.9615875619152533,0.03200000000000003,True
5.831434,4,60.514439,0.9612231108536824,0.03200000000000003,True
5.858746,3,60.521739,0.9612901066505872,0.02400000000000002,True
5.530846,4,60.531526,0.9618852254091868,0.03200000000000003,True
5.857465,4,60.541719,0.959497753066123,0.03200000000000003,True
5.436032,5,60.562208,0.96150178887951,0.040000000000000036,True
5.685434,3,60.573765,0.9596394065572955,0.02400000000000002,True
5.819684,5,60.587828,0.9592384365896623,0.040000000000000036,True
5.656272,4,60.59801,0.961103937144313,0.03200000000000003,True
5.611542,3,60.604232,0.9603613663286208,0.02400000000000002,True
6.0363,4,61.143747,0.959682824704054,0.03200000000000003,True
5.69291,4,61.152921,0.9617886086258395,0.03200000000000003,True
5.836967,4,61.161854,0.964378932904466,0.03200000000000003,True
5.731444,4,61.172245,0.9614404075517518,0.03200000000000003,True
5.72253,3,61.179047,0.9651846881652413,0.02400000000000002,True
5.520556,3,61.186778,0.9620539479140675,0.02400000000000002,True
5.738898,4,61.197074,0.9613457614629138,0.03200000000000003,True
5.711398,3,61.203939,0.9619457294881476,0.02400000000000002,True
5.749496,5,61.215191,0.959612826888417,0.040000000000000036,True
5.667013,4,61.224356,0.9601196672117569,0.03200000000000003,True
5.780542,5,61.236505,0.9589460729798381,0.040000000000000036,True
5.595321,2,61.241539,0.9617191617586319,0.016000000000000014,True
5.429638,3,61.248376,0.9578885626843344,0.02400000000000002,True
5.635978,5,61.259969,0.9637776628469302,0.040000000000000036,True
5.575158,3,61.267133,0.9590063993540623,0.02400000000000002,True
5.666165,3,61.275159,0.9571405960867303,0.02400000000000002,True
5.656126,5,61.285637,0.9594972531649207,0.040000000000000036,True
5.569971,3,61.292825,0.962262267900519,0.02400000000000002,True
5.813305,4,61.301682,0.959953935667466,0.03200000000000003,True
5.646283,5,61.313354,0.9628977119931685,0.040000000000000036,True
5.679973,3,61.32031,0.9602846054505981,0.02400000000000002,True
5.655641,4,61.330338,0.9596046572968957,0.03200000000000003,True
5.380875,3,61.338026,0.964456044879074,0.02400000000000002,True
5.697636,4,61.350156,0.9631597662508755,0.03200000000000003,True
5.813315,4,61.360436,0.9604421297218639,0.03200000000000003,True
5.450448,2,61.364978,0.9678873723160245,0.016000000000000014,True
5.630309,5,61.375577,0.9634397911157061,0.040000000000000036,True
5.740793,3,61.382775,0.9617357020121989,0.02400000000000002,True
5.948087,3,61.390263,0.9573854372430051,0.02400000000000002,True
6.026075,4,61.399441,0.9578837350318128,0.03200000000000003,True
5.68026,3,61.406272,0.9628651182152501,0.02400000000000002,True
5.773447,4,61.415596,0.9566493116190481,0.03200000000000003,True
5.520274,5,61.426207,0.959224500545631,0.040000000000000036,True
5.583142,5,61.438295,0.9605623374493597,0.040000000000000036,True
5.466039,3,61.44522,0.9638034888805005,0.02400000000000002,True
5.586552,4,61.454958,0.9613305433681965,0.03200000000000003,True
5.687575,3,61.462802,0.9615989839352244,0.02400000000000002,True
6.000733,5,61.474223,0.958944010672849,0.040000000000000036,True
5.512849,3,61.481654,0.9626164512151085,0.02400000000000002,True
5.722795,4,61.49068,0.9613337924876659,0.03200000000000003,True
5.961831,4,61.49982,0.9634136215717686,0.03200000000000003,True
5.825683,5,61.512081,0.9612736767575847,0.040000000000000036,True
5.598242,4,61.521177,0.9660572701198779,0.03200000000000003,True
5.409028,3,61.528695,0.9622964941531966,0.02400000000000002,True
5.6449,5,61.539271,0.9591941977723148,0.040000000000000036,True
5.762274,5,61.550411,0.9631043852952311,0.040000000000000036,True
5.545295,5,61.561638,0.9675205292672797,0.040000000000000036,True
5.418923,3,61.569293,0.9625894698021193,0.02400000000000002,True
5.566151,5,61.583716,0.9650473660620934,0.040000000000000036,True
5.382068,2,61.589973,0.96103698780798,0.016000000000000014,True
5.435621,3,61.600019,0.959187796658842,0.02400000000000002,True
5.910175,4,61.614217,0.9611622519455439,0.03200000000000003,True
5.615882,4,61.624034,0.9613303124679677,0.03200000000000003,True
5.682961,3,61.630695,0.9642131602849717,0.02400000000000002,True
5.758696,4,61.639785,0.9636902358290442,0.03200000000000003,True
5.576184,4,61.648668,0.9604218513153946,0.03200000000000003,True
5.525053,5,61.659651,0.9610672820708398,0.040000000000000036,True
5.375968,3,61.667447,0.961783417954488,0.02400000000000002,True
5.984409,4,61.677828,0.9615852334284696,0.03200000000000003,True
5.687387,4,61.687011,0.9617829818641717,0.03200000000000003,True
5.891371,4,61.701311,0.9611822525408431,0.03200000000000003,True
5.657741,5,61.713035,0.9582352168845361,0.040000000000000036,True
5.598025,6,61.726855,0.961470958195557,0.04800000000000004,True
5.639476,5,61.738494,0.9611970167290673,0.040000000000000036,True
5.438917,3,61.746597,0.9636312283258661,0.02400000000000002,True
5.478823,6,61.760276,0.9589075642580726,0.04800000000000004,True
5.726898,3,62.293275,0.9618718221022591,0.02400000000000002,True
5.722483,3,62.301074,0.9637295112419666,0.02400000000000002,True
5.688557,3,62.308377,0.9674212057517022,0.02400000000000002,True
5.781337,4,62.318161,0.9694674424523021,0.03200000000000003,True
5.724168,4,62.327513,0.9653094713356292,0.03200000000000003,True
5.81367,5,62.341076,0.9640797203814733,0.040000000000000036,True
5.796558,5,62.356438,0.9614038090793195,0.040000000000000036,True
5.344039,3,62.364045,0.9647453087282212,0.02400000000000002,True
5.640687,3,62.371613,0.9600418065538,0.02400000000000002,True
5.45439,3,62.378807,0.9632875557882374,0.02400000000000002,True
5.67785,4,62.388611,0.9621231958323042,0.03200000000000003,True
5.665629,6,62.40245,0.9632877365120618,0.04800000000000004,True
5.580279,5,62.415234,0.9595875552103451,0.040000000000000036,True
5.815054,4,62.424407,0.9593887337587017,0.03200000000000003,True
5.567918,3,62.430252,0.9615574831680891,0.02400000000000002,True
5.527433,5,62.443061,0.9596364884357648,0.040000000000000036,True
5.636228,4,62.452235,0.9576431106453229,0.03200000000000003,True
5.480801,4,62.46153,0.9620786103502857,0.03200000000000003,True
5.698721,5,62.47198,0.9640194394920947,0.040000000000000036,True
5.577307,4,62.481601,0.9608793249935639,0.03200000000000003,True
5.546325,5,62.492017,0.9606262736261979,0.040000000000000036,True
5.609263,4,62.501308,0.9622173439362441,0.03200000000000003,True
5.73316,4,62.509821,0.9595658937323659,0.03200000000000003,True
5.879177,5,62.521272,0.9644702571867182,0.040000000000000036,True
5.678017,4,62.530065,0.9593269234355114,0.03200000000000003,True
5.437403,3,62.537439,0.9620261607533263,0.02400000000000002,True
5.835927,5,62.548362,0.9602223360525218,0.040000000000000036,True
5.937189,4,62.558571,0.9620028446885898,0.03200000000000003,True
5.751805,4,62.569458,0.9591744257017378,0.03200000000000003,True
5.658566,5,62.580679,0.9610647570790362,0.040000000000000036,True
5.784281,5,62.591408,0.9604888612006757,0.040000000000000036,True
5.939493,4,62.600596,0.9647378617684593,0.03200000000000003,True
5.754754,3,62.607628,0.9572081050716228,0.02400000000000002,True
5.815653,5,62.623311,0.9612471792697506,0.040000000000000036,True
5.747907,3,62.633972,0.9582107983460756,0.02400000000000002,True
5.642906,4,62.648391,0.9619413294522816,0.03200000000000003,True
5.756424,3,62.656028,0.9637484565960587,0.02400000000000002,True
5.491317,3,62.663022,0.9608052854678166,0.02400000000000002,True
5.35927,4,62.674358,0.9611389369617672,0.03200000000000003,True
5.62155,4,62.683906,0.964309720919243,0.03200000000000003,True
5.467737,3,62.689824,0.961584480689639,0.02400000000000002,True
5.606288,4,62.699783,0.9609539486735492,0.03200000000000003,True
5.846127,5,62.711273,0.958601535410027,0.040000000000000036,True
5.643048,3,62.718874,0.964434649376948,0.02400000000000002,True
5.548087,4,62.728457,0.9626161852235474,0.03200000000000003,True
6.02251,4,62.738324,0.9607236144389179,0.03200000000000003,True
5.712296,3,62.745631,0.9638969776716668,0.02400000000000002,True
5.626157,5,62.757446,0.9619467437535296,0.040000000000000036,True
5.428189,3,62.764607,0.9590745693558032,0.02400000000000002,True
5.786951,4,62.775674,0.9622737571313544,0.03200000000000003,True
5.455913,3,62.782814,0.9638521692727988,0.02400000000000002,True
5.937699,3,62.790035,0.963242600711434,0.02400000000000002,True
5.434883,3,62.802076,0.9581367301829448,0.02400000000000002,True
5.589675,3,62.816624,0.9563467000968497,0.02400000000000002,True
5.492383,5,62.920448,0.9598891928159494,0.040000000000000036,True
5.644789,4,62.930693,0.9619140091341449,0.03200000000000003,True
5.771595,4,62.941278,0.9595055209709913,0.03200000000000003,True
5.736824,4,62.951727,0.9576002915211346,0.03200000000000003,True
5.557092,3,62.958866,0.9618885633058637,0.02400000000000002,True
5.645198,3,62.965937,0.9638613215290218,0.02400000000000002,True
5.550263,4,62.976002,0.9639995680622703,0.03200000000000003,True
5.485793,3,62.982758,0.9618484182762264,0.02400000000000002,True
5.856921,5,62.996165,0.9609067802316877,0.040000000000000036,True
5.55442,4,63.00837,0.9626286505763063,0.03200000000000003,True
5.657018,4,63.018903,0.9647300341398399,0.03200000000000003,True
5.660815,4,63.58219,0.9594677335517077,0.03200000000000003,True
5.721052,4,63.591673,0.9583293213040275,0.03200000000000003,True
5.575335,4,63.601131,0.9607859706816033,0.03200000000000003,True
5.787597,4,63.610559,0.9658225472887567,0.03200000000000003,True
5.695345,3,63.6179,0.9697716317230826,0.02400000000000002,True
5.504984,3,63.624255,0.9588206208903127,0.02400000000000002,True
5.780793,3,63.632009,0.9641047612383606,0.02400000000000002,True
5.734897,3,63.638994,0.9592314353150879,0.02400000000000002,True
5.801796,5,63.651613,0.9616003869548637,0.040000000000000036,True
5.573557,4,63.666656,0.9694051288295281,0.03200000000000003,True
5.790114,3,63.675864,0.9595860908652066,0.02400000000000002,True
5.658012,6,63.695318,0.9596666913916441,0.04800000000000004,True
5.642757,3,63.701294,0.9619017511567755,0.02400000000000002,True
5.648767,4,63.710778,0.9622314823896073,0.03200000000000003,True
5.475392,4,63.720219,0.9611938406626162,0.03200000000000003,True
5.734667,3,63.727818,0.9583708608170357,0.02400000000000002,True
5.844954,4,63.737139,0.9576875275573753,0.03200000000000003,True
5.682801,4,63.746462,0.9652260370450239,0.03200000000000003,True
5.793646,4,63.756859,0.9614534316459356,0.03200000000000003,True
5.793607,4,63.766568,0.9635514558905434,0.03200000000000003,True
5.520385,3,63.774552,0.9616536885346939,0.02400000000000002,True
5.570923,4,63.784358,0.9608239032006359,0.03200000000000003,True
5.709384,4,63.792928,0.9598219841640295,0.03200000000000003,True
5.796088,4,63.803243,0.9623009878907209,0.03200000000000003,True
5.837576,3,63.810842,0.9644939625914217,0.02400000000000002,True
5.529325,3,63.818772,0.9630216100997527,0.02400000000000002,True
5.821566,4,63.828455,0.9629194124922419,0.03200000000000003,True
5.671432,4,63.838466,0.9582693376391132,0.03200000000000003,True
5.498436,4,63.847898,0.9673326231281038,0.03200000000000003,True
5.511158,3,63.856054,0.9608821745989339,0.02400000000000002,True
5.702626,3,63.862046,0.9601418597956101,0.02400000000000002,True
5.493299,5,63.873823,0.959084831939196,0.040000000000000036,True
5.741038,3,63.880704,0.9668945706114749,0.02400000000000002,True
5.677613,5,63.893431,0.9588416336169863,0.040000000000000036,True
5.330877,4,63.902561,0.9651593863317987,0.03200000000000003,True
5.355027,5,63.914448,0.9629247272046288,0.040000000000000036,True
5.922989,4,63.923793,0.9601544899877728,0.03200000000000003,True
5.544027,4,63.932949,0.9660068367033982,0.03200000000000003,True
5.817826,4,63.943434,0.9596518399619003,0.03200000000000003,True
5.500136,4,63.952843,0.968519732443038,0.03200000000000003,True
5.802338,5,63.967415,0.9617258191159178,0.040000000000000036,True
5.610831,5,63.978352,0.9689096889173097,0.040000000000000036,True
5.786403,5,63.988907,0.9592265361744479,0.040000000000000036,True
5.839763,4,63.998052,0.9583779252313679,0.03200000000000003,True
5.749812,3,64.005752,0.9573493082989094,0.02400000000000002,True
5.803536,5,64.017571,0.9635917391257531,0.040000000000000036,True
5.719223,4,64.027331,0.9602880564680222,0.03200000000000003,True
5.685983,3,64.035429,0.9601334967197024,0.02400000000000002,True
6.071322,4,64.045166,0.962546179833608,0.03200000000000003,True
5.924716,3,64.052283,0.9600888541155176,0.02400000000000002,True
6.01467,5,64.064013,0.9606152354242344,0.040000000000000036,True
5.596177,5,64.075826,0.959145346830611,0.040000000000000036,True
5.711504,5,64.087245,0.958735796386101,0.040000000000000036,True
5.794434,4,64.096621,0.9632133463402683,0.03200000000000003,True
5.474514,4,64.105669,0.9631764724326317,0.03200000000000003,True
5.586989,4,64.115608,0.9625676414392208,0.03200000000000003,True
5.561871,4,64.125714,0.9590322675233627,0.03200000000000003,True
5.349395,3,64.131855,0.9566851713006876,0.02400000000000002,True
5.557454,5,64.144695,0.965541693806647,0.040000000000000036,True
5.799029,6,64.157742,0.9614631936873195,0.04800000000000004,True
5.831002,5,64.16863,0.9622833011562153,0.040000000000000036,True
5.662804,3,64.175711,0.9641809552690099,0.02400000000000002,True
5.7309,5,64.187034,0.9639694427377223,0.040000000000000036,True
5.734746,5,64.199549,0.9636569719966579,0.040000000000000036,True
5.477343,3,64.754115,0.9635202981569853,0.02400000000000002,True
5.654504,3,64.761812,0.9589946000767976,0.02400000000000002,True
5.695036,3,64.76995,0.9675322059684579,0.02400000000000002,True
5.423236,5,64.780905,0.961509625850227,0.040000000000000036,True
5.564925,4,64.790071,0.9624351990105104,0.03200000000000003,True
5.707124,4,64.799032,0.9561243563114026,0.03200000000000003,True
5.62519,5,64.810439,0.9572047038191596,0.040000000000000036,True
5.771121,3,64.817765,0.9654753222292046,0.02400000000000002,True
5.578395,5,64.828926,0.9614072725972402,0.040000000000000036,True
5.609132,3,64.836838,0.9604323641975437,0.02400000000000002,True
5.97141,4,64.846035,0.9618674149862487,0.03200000000000003,True
5.706279,4,64.856085,0.963231190079523,0.03200000000000003,True
5.978254,3,64.863029,0.9608215548232157,0.02400000000000002,True
5.565537,3,64.870168,0.9626752723908983,0.02400000000000002,True
5.445738,4,64.879406,0.9634094407185367,0.03200000000000003,True
5.737932,3,64.886888,0.9636804475248143,0.02400000000000002,True
6.028003,5,64.897725,0.9571477246822891,0.040000000000000036,True
5.901738,5,64.909039,0.9596814214993716,0.040000000000000036,True
5.495659,3,64.91613,0.9566545079499107,0.02400000000000002,True
5.739256,5,64.927501,0.9597980289864226,0.040000000000000036,True
5.465911,3,64.93544,0.9674103415730313,0.02400000000000002,True
5.519239,5,64.947254,0.9589634698915784,0.040000000000000036,True
5.516173,4,64.95708,0.9712885038159909,0.03200000000000003,True
5.768651,4,64.965898,0.9607208381011906,0.03200000000000003,True
5.457604,2,64.971969,0.9580340081280443,0.016000000000000014,True
5.832901,5,64.982678,0.9614066384068797,0.040000000000000036,True
5.798421,4,64.991904,0.9590260214791062,0.03200000000000003,True
5.821826,4,65.001214,0.957613222832612,0.03200000000000003,True
5.783766,4,65.010535,0.9636446879121001,0.03200000000000003,True
5.551817,5,65.023489,0.9587870288789393,0.040000000000000036,True
5.704544,3,65.032021,0.9599722462219908,0.02400000000000002,True
5.834782,4,65.041663,0.9573923476578952,0.03200000000000003,True
5.557861,3,65.049401,0.96354532097731,0.02400000000000002,True
5.617995,5,65.060559,0.9589408195959206,0.040000000000000036,True
5.771896,3,65.068623,0.9589084910253145,0.02400000000000002,True
5.764398,3,65.075717,0.9629704505791132,0.02400000000000002,True
5.602679,4,65.085519,0.9610396936611318,0.03200000000000003,True
5.801877,3,65.094586,0.9620506886228071,0.02400000000000002,True
5.85361,5,65.107291,0.959139513176321,0.040000000000000036,True
5.425126,4,65.116505,0.9651961868690921,0.03200000000000003,True
5.722082,4,65.12501,0.9618376963281563,0.03200000000000003,True
5.513456,4,65.135288,0.958372292687753,0.03200000000000003,True
5.743033,5,65.146157,0.9603587892244874,0.040000000000000036,True
5.781412,5,65.157938,0.9586400035494079,0.040000000000000036,True
5.738258,4,65.166567,0.9636983600686756,0.03200000000000003,True
5.529074,3,65.174461,0.962729988952239,0.02400000000000002,True
5.784821,4,65.182534,0.9625821809879549,0.03200000000000003,True
5.741067,4,65.19209,0.9607767416161407,0.03200000000000003,True
5.532576,3,65.199028,0.9633603861787472,0.02400000000000002,True
5.703337,4,65.20843,0.9617815455375098,0.03200000000000003,True
5.571602,3,65.216283,0.9588113727874482,0.02400000000000002,True
5.56612,4,65.225527,0.9572420707474509,0.03200000000000003,True
5.594398,5,65.23653,0.9626082593243475,0.040000000000000036,True
5.649667,5,65.248066,0.960858645122953,0.040000000000000036,True
5.805181,5,65.259966,0.9615948582496883,0.040000000000000036,True
5.448223,4,65.269512,0.9655174067225762,0.03200000000000003,True
5.783482,3,65.277497,0.9606176843431292,0.02400000000000002,True
5.482083,3,65.285043,0.9603660934932183,0.02400000000000002,True
5.38221,4,65.294397,0.9637752961329369,0.03200000000000003,True
5.798324,5,65.305884,0.9603367368924078,0.040000000000000036,True
5.578714,3,65.312849,0.9606394465383912,0.02400000000000002,True
5.60801,5,65.324491,0.9595820722028784,0.040000000000000036,True
5.498512,4,65.334233,0.9580973289708195,0.03200000000000003,True
5.862973,5,65.346546,0.9583381606961696,0.040000000000000036,True
5.806676,4,65.356661,0.9638059720794424,0.03200000000000003,True
5.698014,5,65.933723,0.9606389808816299,0.040000000000000036,True
5.54301,4,65.944023,0.9610750782272437,0.03200000000000003,True
5.55002,3,65.950816,0.9567826069277401,0.02400000000000002,True
5.655714,3,65.957802,0.960618283821854,0.02400000000000002,True
5.807198,4,65.967177,0.9614076634055511,0.03200000000000003,True
5.762269,5,65.978911,0.96234455281639,0.040000000000000036,True
5.572904,4,65.988253,0.9652185502868583,0.03200000000000003,True
5.822583,3,65.995499,0.9702284661619299,0.02400000000000002,True
5.678092,4,66.005436,0.958377938364432,0.03200000000000003,True
5.579907,4,66.01435,0.9656308949855871,0.03200000000000003,True
5.663799,5,66.026612,0.9605777751657162,0.040000000000000036,True
5.60024,5,66.039237,0.9638781104369707,0.040000000000000036,True
5.858958,5,66.051403,0.9624021417556525,0.040000000000000036,True
5.378074,2,66.056479,0.9625500965508738,0.016000000000000014,True
5.765505,4,66.066506,0.956916830856861,0.03200000000000003,True
5.651058,4,66.07584,0.9600711033698828,0.03200000000000003,True
5.908281,4,66.085898,0.9633122229131796,0.03200000000000003,True
5.752129,3,66.094281,0.965896549180461,0.02400000000000002,True
5.715845,3,66.101449,0.9637761447529429,0.02400000000000002,True
5.579821,4,66.110467,0.9567371823585713,0.03200000000000003,True
5.762168,4,66.119779,0.958671264104594,0.03200000000000003,True
5.737404,4,66.130439,0.9564607232633073,0.03200000000000003,True
5.76008,4,66.139057,0.9617809037283815,0.03200000000000003,True
5.785443,4,66.148716,0.9579186877854416,0.03200000000000003,True
5.809413,4,66.158624,0.9630265632216624,0.03200000000000003,True
5.500822,4,66.167305,0.9625059565483095,0.03200000000000003,True
5.794116,3,66.174747,0.9617121585363143,0.02400000000000002,True
5.673249,3,66.181438,0.9614118038032227,0.02400000000000002,True
5.669727,4,66.191074,0.9594643242877678,0.03200000000000003,True
5.842833,4,66.200252,0.9607424656310114,0.03200000000000003,True
5.644269,5,66.212008,0.9575374065693154,0.040000000000000036,True
5.65597,3,66.219719,0.956638669881112,0.02400000000000002,True
5.813025,3,66.227513,0.9663672598240984,0.02400000000000002,True
5.568792,5,66.239618,0.9639332810021837,0.040000000000000036,True
5.673484,3,66.246971,0.9643415462762466,0.02400000000000002,True
6.109343,5,66.259463,0.9607105660298285,0.040000000000000036,True
5.762475,5,66.270447,0.9669190521068352,0.040000000000000036,True
5.817931,3,66.278327,0.9656495837501292,0.02400000000000002,True
5.831259,4,66.287887,0.9593918477022003,0.03200000000000003,True
5.563219,5,66.298924,0.9591276550345379,0.040000000000000036,True
5.73472,4,66.307787,0.963087522171922,0.03200000000000003,True
5.779589,3,66.315678,0.9625245095305788,0.02400000000000002,True
5.527333,3,66.323246,0.962049906113811,0.02400000000000002,True
5.790331,4,66.332351,0.9605914031775159,0.03200000000000003,True
5.82285,4,66.341583,0.9619087897984246,0.03200000000000003,True
5.798074,5,66.352813,0.9622159273489219,0.040000000000000036,True
5.4686,4,66.362068,0.9648512082592225,0.03200000000000003,True
5.463084,3,66.369486,0.9581874856512455,0.02400000000000002,True
5.753811,4,66.379225,0.9624442249282438,0.03200000000000003,True
5.754855,5,66.392233,0.9597914572663537,0.040000000000000036,True
5.450329,3,66.400594,0.961112594972109,0.02400000000000002,True
5.663335,3,66.407094,0.9634893503196558,0.02400000000000002,True
5.716223,3,66.414551,0.966604057782191,0.02400000000000002,True
5.686296,3,66.422215,0.9570341735194849,0.02400000000000002,True
5.770659,4,66.431818,0.9627649351125389,0.03200000000000003,True
5.572302,4,66.441083,0.9632346300011536,0.03200000000000003,True
6.055302,5,66.451965,0.9645146113338146,0.040000000000000036,True
5.427231,4,66.461724,0.9634662008216204,0.03200000000000003,True
5.701029,3,66.46946,0.9634411837570012,0.02400000000000002,True
5.52866,5,66.480348,0.9610441713792299,0.040000000000000036,True
5.5483,3,66.487972,0.9655625051023362,0.02400000000000002,True
5.450278,4,66.496372,0.9578152402180399,0.03200000000000003,True
5.600921,4,66.505738,0.9606024996956242,0.03200000000000003,True
5.979256,4,66.515903,0.9665760708967825,0.03200000000000003,True
5.442192,4,66.524783,0.9624285390041771,0.03200000000000003,True
5.695499,4,66.533907,0.960204727013162,0.03200000000000003,True
5.714212,4,67.096988,0.9606471691439489,0.03200000000000003,True
5.865567,4,67.107094,0.961169042747547,0.03200000000000003,True
5.713194,5,67.118839,0.9595689217997907,0.040000000000000036,True
5.55521,2,67.123274,0.9592890654641097,0.016000000000000014,True
5.688541,4,67.132488,0.9640000718796737,0.03200000000000003,True
5.755939,4,67.142227,0.9597898072445603,0.03200000000000003,True
5.490149,4,67.151524,0.9589398282392128,0.03200000000000003,True
5.757625,3,67.158409,0.964961862752034,0.02400000000000002,True
5.506067,3,67.165931,0.961492643948597,0.02400000000000002,True
5.56142,4,67.177429,0.9595321481372583,0.03200000000000003,True
5.504231,3,67.185588,0.958748269780076,0.02400000000000002,True
5.983449,4,67.195613,0.9611738182959408,0.03200000000000003,True
5.764285,4,67.204812,0.9572650077401326,0.03200000000000003,True
5.684853,4,67.214088,0.9655327674266981,0.03200000000000003,True
6.089998,4,67.223404,0.9592203844130363,0.03200000000000003,True
5.514127,4,67.233212,0.9619845848958285,0.03200000000000003,True
5.80223,4,67.24238,0.9604701679011696,0.03200000000000003,True
5.786271,3,67.248729,0.9609275812226086,0.02400000000000002,True
5.738478,3,67.255988,0.9569061596766122,0.02400000000000002,True
5.616464,4,67.266452,0.9577891581080386,0.03200000000000003,True
5.769888,5,67.277577,0.9613347932003673,0.040000000000000036,True
5.501898,4,67.287667,0.9599244164743965,0.03200000000000003,True
5.576362,3,67.294632,0.9662594814831873,0.02400000000000002,True
5.987162,5,67.306247,0.9597361597180567,0.040000000000000036,True
5.917149,3,67.313772,0.9621854221857863,0.02400000000000002,True
5.829014,4,67.322251,0.9603240998244302,0.03200000000000003,True
5.902749,4,67.330975,0.9624921464248832,0.03200000000000003,True
5.555951,3,67.338804,0.9578921412205014,0.02400000000000002,True
5.584231,2,67.343432,0.9636625364083042,0.016000000000000014,True
5.773907,5,67.356079,0.9575853848464131,0.040000000000000036,True
5.451043,4,67.365626,0.9636365999170146,0.03200000000000003,True
5.656086,4,67.374461,0.9608134332157848,0.03200000000000003,True
5.846831,5,67.386582,0.9617381100644807,0.040000000000000036,True
5.573496,4,67.396694,0.958062720376717,0.03200000000000003,True
5.496274,3,67.405264,0.9603420480752094,0.02400000000000002,True
5.476389,3,67.41262,0.9594253296540763,0.02400000000000002,True
5.37865,3,67.420801,0.9570929230836387,0.02400000000000002,True
5.756732,3,67.428432,0.9587658332354982,0.02400000000000002,True
5.725072,4,67.438579,0.961889697025253,0.03200000000000003,True
5.617353,3,67.446751,0.9625144538051403,0.02400000000000002,True
5.477099,3,67.454829,0.963222750743456,0.02400000000000002,True
5.686088,3,67.461304,0.9588122909153489,0.02400000000000002,True
5.839259,4,67.471509,0.9631717565238358,0.03200000000000003,True
5.479093,5,67.482437,0.9602936458232939,0.040000000000000036,True
5.545953,4,67.491398,0.9621755992114206,0.03200000000000003,True
5.630893,4,67.500309,0.9613366487532493,0.03200000000000003,True
5.46654,3,67.507929,0.9602019773127499,0.02400000000000002,True
5.698842,4,67.517024,0.9653797586510755,0.03200000000000003,True
5.719485,3,67.523863,0.9605097242321814,0.02400000000000002,True
5.779372,4,67.532948,0.963263209654441,0.03200000000000003,True
5.556632,4,67.541789,0.9599207775119925,0.03200000000000003,True
5.442372,3,67.547851,0.9622820956855016,0.02400000000000002,True
5.685476,3,67.555298,0.9617349249380405,0.02400000000000002,True
5.832574,3,67.562198,0.9580018259727245,0.02400000000000002,True
5.777948,5,67.576385,0.9581946054873223,0.040000000000000036,True
5.770017,4,67.586066,0.9662254713846509,0.03200000000000003,True
5.998322,5,67.597675,0.9637860746142933,0.040000000000000036,True
5.447281,5,67.608448,0.9583245405076943,0.040000000000000036,True
5.578334,5,67.62056,0.9674628849464348,0.040000000000000036,True
6.04844,3,67.626683,0.9601770140743787,0.02400000000000002,True
5.632831,3,67.634186,0.9640371396085722,0.02400000000000002,True
5.440628,3,67.640651,0.9623997533526507,0.02400000000000002,True
5.511551,3,67.648286,0.9592320078411429,0.02400000000000002,True
5.372238,2,67.652707,0.9601716279677849,0.016000000000000014,True
5.605388,3,67.66064,0.9627500506936164,0.02400000000000002,True
5.781861,5,67.671922,0.9632523533775064,0.040000000000000036,True
5.789161,5,67.683451,0.9626022096982527,0.040000000000000036,True
5.580683,4,67.691782,0.9597350859460351,0.03200000000000003,True
5.49279,4,67.700675,0.9625531720393183,0.03200000000000003,True
5.884433,3,68.40151,0.9600770493451314,0.02400000000000002,True
5.809042,4,68.414253,0.9576783350771014,0.03200000000000003,True
5.738651,4,68.425972,0.9574472227336821,0.03200000000000003,True
6.061401,5,68.440709,0.9601066213259297,0.040000000000000036,True
5.61753,4,68.452291,0.9660514859042855,0.03200000000000003,True
5.661553,4,68.464575,0.9639299192414528,0.03200000000000003,True
5.415973,3,68.473926,0.9621276500232485,0.02400000000000002,True
5.682922,4,68.485797,0.9655420810846046,0.03200000000000003,True
5.791597,5,68.500223,0.9645200444996405,0.040000000000000036,True
5.78707,4,68.511773,0.9587501966206309,0.03200000000000003,True
5.752858,4,68.523618,0.9614885221032623,0.03200000000000003,True
5.861383,3,68.533707,0.9638581569768447,0.02400000000000002,True
6.006274,4,68.545564,0.9638040878494398,0.03200000000000003,True
5.622303,4,68.55819,0.9633770554224056,0.03200000000000003,True
5.522344,3,68.565804,0.9628330782617895,0.02400000000000002,True
5.7485,5,68.581308,0.9632670049799753,0.040000000000000036,True
5.55804,4,68.593914,0.9605987390028075,0.03200000000000003,True
5.475864,4,68.604703,0.9588407087484376,0.03200000000000003,True
5.480658,5,68.619448,0.9643953870575173,0.040000000000000036,True
5.7364,5,68.634319,0.958558119304165,0.040000000000000036,True
5.47385,4,68.646282,0.9635341555801086,0.03200000000000003,True
5.488736,5,68.660701,0.9581965394125539,0.040000000000000036,True
5.624391,4,68.673134,0.9614201634629331,0.03200000000000003,True
5.603015,4,68.684183,0.9617987549932092,0.03200000000000003,True
5.679734,4,68.696832,0.9632587536743091,0.03200000000000003,True
5.663154,4,68.712517,0.9625977440731539,0.03200000000000003,True
5.756398,3,68.723447,0.9567690803942205,0.02400000000000002,True
5.588696,3,68.733811,0.9624654622179203,0.02400000000000002,True
5.762501,4,68.74749,0.9607424598124024,0.03200000000000003,True
5.452699,4,68.759634,0.9676870005903561,0.03200000000000003,True
5.60524,3,68.768495,0.9622761976529934,0.02400000000000002,True
5.588033,4,68.779999,0.9610475393375812,0.03200000000000003,True
5.552997,5,68.79635,0.9588700793998202,0.040000000000000036,True
5.880226,4,68.807918,0.9576161809803593,0.03200000000000003,True
5.777013,5,68.822248,0.9586344286102102,0.040000000000000036,True
5.504073,5,68.838034,0.9597102741272938,0.040000000000000036,True
5.608345,3,68.851365,0.9592250973843518,0.02400000000000002,True
5.544719,4,68.863504,0.9642158335650981,0.03200000000000003,True
5.666274,4,68.877572,0.9616193013015069,0.03200000000000003,True
5.703433,4,68.891584,0.9649740712223037,0.03200000000000003,True
5.622933,3,68.902363,0.9621159818377675,0.02400000000000002,True
5.735825,3,68.913801,0.9611500138172552,0.02400000000000002,True
5.435626,3,68.924489,0.9580345133061368,0.02400000000000002,True
5.417603,3,68.933629,0.9625482068865994,0.02400000000000002,True
5.492391,3,68.943994,0.9584106084033095,0.02400000000000002,True
5.788178,4,68.958715,0.9592206683728407,0.03200000000000003,True
6.003981,4,69.072809,0.9621759526678358,0.03200000000000003,True
5.973415,4,69.083992,0.9633149203265665,0.03200000000000003,True
5.542085,4,69.096799,0.9585742412077185,0.03200000000000003,True
5.632676,4,69.109273,0.9591589547777531,0.03200000000000003,True
5.627704,4,69.121332,0.9614195339048113,0.03200000000000003,True
5.797788,3,69.130444,0.9559420990729749,0.02400000000000002,True
5.594056,5,69.146558,0.9654176215090962,0.040000000000000036,True
5.5417,3,69.154978,0.9640373868651407,0.02400000000000002,True
5.792204,4,69.168324,0.9595518328354437,0.03200000000000003,True
5.796444,5,69.187308,0.9628538978630936,0.040000000000000036,True
5.653565,4,69.201255,0.9628442820401746,0.03200000000000003,True
6.084561,4,69.214499,0.9575392869763455,0.03200000000000003,True
5.737932,4,69.226374,0.9604358484942168,0.03200000000000003,True
5.637549,4,69.238884,0.9635153483274395,0.03200000000000003,True
5.476923,4,69.25083,0.9609898895661328,0.03200000000000003,True
5.792066,3,69.258506,0.9595677857287367,0.02400000000000002,True
5.451729,2,69.265983,0.9573122594613774,0.016000000000000014,True
5.565725,5,69.280418,0.9634745834214715,0.040000000000000036,True
5.396535,3,69.289499,0.9602222933650386,0.02400000000000002,True
5.622575,4,70.078419,0.962677874166161,0.03200000000000003,True
5.690101,4,70.090585,0.961450118466372,0.03200000000000003,True
5.945888,3,70.099432,0.9607654335167632,0.02400000000000002,True
5.724597,3,70.108577,0.9651551439208562,0.02400000000000002,True
5.427732,3,70.119745,0.958859465300368,0.02400000000000002,True
5.829934,4,70.13148,0.9592533360745631,0.03200000000000003,True
5.400583,3,70.140483,0.9606666758244866,0.02400000000000002,True
5.700707,4,70.152908,0.9606023481406959,0.03200000000000003,True
5.590017,5,70.166941,0.9597256553125522,0.040000000000000036,True
5.706189,2,70.173582,0.9616409088172718,0.016000000000000014,True
5.591921,4,70.184451,0.9591145586324428,0.03200000000000003,True
5.719451,4,70.197664,0.9604790461064872,0.03200000000000003,True
5.521504,3,70.20678,0.9640979613317275,0.02400000000000002,True
5.462042,3,70.216039,0.96131619546774,0.02400000000000002,True
5.528255,4,70.228074,0.96023460311191,0.03200000000000003,True
6.060389,4,70.240393,0.9611476339489347,0.03200000000000003,True
5.529593,4,70.252625,0.959439396715001,0.03200000000000003,True
5.512025,3,70.261506,0.958586951845108,0.02400000000000002,True
5.761541,5,70.276834,0.9615701838801227,0.040000000000000036,True
5.59896,3,70.285604,0.9595639245818435,0.02400000000000002,True
5.770077,5,70.299798,0.9605422543519944,0.040000000000000036,True
5.585776,4,70.31236,0.9594579329027956,0.03200000000000003,True
5.687729,4,70.324314,0.961238336332588,0.03200000000000003,True
5.882126,5,70.339979,0.9620832813713279,0.040000000000000036,True
5.803023,4,70.350553,0.9651921695287177,0.03200000000000003,True
6.007598,4,70.360644,0.9579422035677589,0.03200000000000003,True
5.959503,3,70.369939,0.95874119480932,0.02400000000000002,True
5.661288,4,70.383274,0.9624958107381616,0.03200000000000003,True
5.778796,3,70.392788,0.9610502848271327,0.02400000000000002,True
5.824028,4,70.406097,0.9591206860018173,0.03200000000000003,True
5.789705,4,70.417994,0.9594477748272288,0.03200000000000003,True
5.763566,3,70.427713,0.9568840602802761,0.02400000000000002,True
5.765246,4,70.439634,0.9581691712671566,0.03200000000000003,True
5.644162,5,70.453462,0.9682274029077271,0.040000000000000036,True
5.497075,3,70.463067,0.9638629601681032,0.02400000000000002,True
5.519901,3,70.471857,0.9680528112418294,0.02400000000000002,True
5.584781,5,70.486882,0.9617848887371901,0.040000000000000036,True
5.755495,4,70.498403,0.9649263823146011,0.03200000000000003,True
5.413965,3,70.507568,0.9643327499704393,0.02400000000000002,True
5.52297,4,70.519357,0.9568740076484047,0.03200000000000003,True
5.734685,3,70.52917,0.9594209569611056,0.02400000000000002,True
5.854881,3,70.538269,0.959748044973064,0.02400000000000002,True
5.831962,3,70.54721,0.9620669078730377,0.02400000000000002,True
5.959071,4,70.559415,0.9583472473880428,0.03200000000000003,True
5.781338,5,70.576794,0.9625908432692998,0.040000000000000036,True
5.568411,4,70.590537,0.9601286679422253,0.03200000000000003,True
5.438993,4,70.603675,0.9589426150140486,0.03200000000000003,True
5.733264,3,70.612293,0.9591529138766846,0.02400000000000002,True
5.568478,3,70.621598,0.9648009869817253,0.02400000000000002,True
5.605597,2,70.62878,0.9643000968100695,0.016000000000000014,True
5.775384,5,70.642367,0.9605556302279706,0.040000000000000036,True
5.684123,3,70.651017,0.9590168907499002,0.02400000000000002,True
5.594144,4,70.663017,0.9676663773637879,0.03200000000000003,True
5.655503,4,70.67485,0.9632790826630941,0.03200000000000003,True
5.76081,4,70.686614,0.9613907285887873,0.03200000000000003,True
5.621945,3,70.693973,0.9639134081292623,0.02400000000000002,True
6.029936,3,70.70308,0.9612269981779149,0.02400000000000002,True
5.920206,3,70.712731,0.9566637320913196,0.02400000000000002,True
5.834285,5,70.72769,0.9614293949513262,0.040000000000000036,True
5.958741,4,70.743001,0.9580355314810098,0.03200000000000003,True
5.74802,4,70.75533,0.9615636633090541,0.03200000000000003,True
5.935823,4,70.766926,0.9604164594171102,0.03200000000000003,True
5.889604,5,70.781582,0.9587469350320973,0.040000000000000036,True
5.803127,5,70.796659,0.9578187468191759,0.040000000000000036,True
5.512082,4,70.809281,0.9605776205104011,0.03200000000000003,True
5.625369,5,70.823251,0.9581540472239898,0.040000000000000036,True
5.633263,3,70.832841,0.9611101748491814,0.02400000000000002,True
5.636194,2,70.838055,0.9669253263428189,0.016000000000000014,True
5.579017,4,70.849735,0.9579024937146997,0.03200000000000003,True
5.766013,4,71.615894,0.9624737234130785,0.03200000000000003,True
5.774222,4,71.626955,0.9578546294235369,0.03200000000000003,True
5.543409,5,71.641113,0.9574812543996456,0.040000000000000036,True
5.421897,4,71.652368,0.9603242584801885,0.03200000000000003,True
6.034467,4,71.664561,0.960416372367565,0.03200000000000003,True
5.64834,3,71.675031,0.965233166898948,0.02400000000000002,True
5.643468,4,71.688754,0.9669821443138005,0.03200000000000003,True
5.772912,3,71.69847,0.9579851273163609,0.02400000000000002,True
5.838963,4,71.711964,0.9616037021922681,0.03200000000000003,True
5.7283,3,71.723679,0.9594381737303954,0.02400000000000002,True
5.668525,3,71.733343,0.9671011853510684,0.02400000000000002,True
5.618176,5,71.753117,0.9618705683704845,0.040000000000000036,True
5.722062,4,71.767143,0.9634460224909738,0.03200000000000003,True
5.554708,4,71.782018,0.9600942074748804,0.03200000000000003,True
5.895226,4,71.794883,0.9615766542359436,0.03200000000000003,True
5.748395,4,71.808185,0.9638186079922866,0.03200000000000003,True
5.757315,3,71.819052,0.9617117607786669,0.02400000000000002,True
5.689269,3,71.828229,0.9636150070649258,0.02400000000000002,True
5.425341,3,71.838908,0.9599128199483773,0.02400000000000002,True
5.758759,3,71.848415,0.957889245415474,0.02400000000000002,True
5.472068,4,71.863888,0.9588897785652297,0.03200000000000003,True
5.588169,3,71.873783,0.9612414559992066,0.02400000000000002,True
5.702062,3,71.885701,0.9604976521648099,0.02400000000000002,True
5.610064,3,71.89704,0.960871634765414,0.02400000000000002,True
5.625494,4,71.911958,0.9590616252804636,0.03200000000000003,True
5.575986,4,71.925748,0.9606589097650116,0.03200000000000003,True
5.608271,5,71.941663,0.9578782646779668,0.040000000000000036,True
5.669856,2,71.948455,0.9670377471351539,0.016000000000000014,True
5.563444,3,71.958766,0.9612892813830909,0.02400000000000002,True
5.543792,3,71.969511,0.9592810560685339,0.02400000000000002,True
5.720083,4,71.983641,0.95663483304568,0.03200000000000003,True
5.694088,4,71.998076,0.9614504292298214,0.03200000000000003,True
5.683047,3,72.007967,0.9594601577979709,0.02400000000000002,True
5.650967,3,72.019215,0.9640535458043915,0.02400000000000002,True
5.669244,4,72.033139,0.9608489051950551,0.03200000000000003,True
5.735709,3,72.044252,0.9622973642368603,0.02400000000000002,True
5.790243,5,72.061155,0.9587375989574328,0.040000000000000036,True
5.616305,5,72.076621,0.9615355243873575,0.040000000000000036,True
5.612005,5,72.092067,0.9612982899991842,0.040000000000000036,True
5.810754,4,72.10558,0.9612649330384107,0.03200000000000003,True
5.592578,3,72.116576,0.9605867546570632,0.02400000000000002,True
5.714882,5,72.132248,0.9611744975461174,0.040000000000000036,True
5.82448,5,72.149087,0.9592884067996643,0.040000000000000036,True
5.821257,4,72.165312,0.9580807704870963,0.03200000000000003,True
5.759451,4,72.180492,0.9588354685682431,0.03200000000000003,True
5.848414,4,72.197483,0.9561904775812586,0.03200000000000003,True
5.529527,4,72.21285,0.9594508869833529,0.03200000000000003,True
5.79608,4,72.227019,0.959044991840551,0.03200000000000003,True
5.545192,4,72.241084,0.9653513088527138,0.03200000000000003,True
5.749361,4,72.256212,0.9595002493830169,0.03200000000000003,True
5.518855,5,72.269838,0.9619039314080954,0.040000000000000036,True
5.758354,4,72.278582,0.959787566919678,0.03200000000000003,True
5.439338,5,72.289841,0.9600315673108863,0.040000000000000036,True
5.510238,4,72.299208,0.9595206159169398,0.03200000000000003,True
5.631559,5,72.311699,0.9627425790460312,0.040000000000000036,True
5.623146,5,72.323088,0.9584630282987388,0.040000000000000036,True
5.952837,4,72.332485,0.9581421988428401,0.03200000000000003,True
5.809058,4,72.342077,0.9608577106459544,0.03200000000000003,True
5.81274,5,72.354832,0.959278281098124,0.040000000000000036,True
5.983406,4,72.363426,0.9662690738138912,0.03200000000000003,True
5.546244,4,72.372432,0.966255361517482,0.03200000000000003,True
5.72221,4,72.381728,0.9627849238126052,0.03200000000000003,True
5.768077,5,72.392861,0.9603313799442221,0.040000000000000036,True
5.755684,4,72.402139,0.9582689894027377,0.03200000000000003,True
5.468638,3,72.409193,0.9623192073144622,0.02400000000000002,True
5.846417,4,72.949702,0.9589701325103045,0.03200000000000003,True
5.885342,4,72.959297,0.9614610228872498,0.03200000000000003,True
5.665454,4,72.968233,0.9622959416186493,0.03200000000000003,True
5.687347,5,72.981696,0.9644072214463438,0.040000000000000036,True
5.904452,3,72.987992,0.9625757940864672,0.02400000000000002,True
5.754035,3,72.995491,0.9605380897261053,0.02400000000000002,True
5.411212,3,73.001954,0.9630784058687046,0.02400000000000002,True
5.77823,4,73.011215,0.9640245492248696,0.03200000000000003,True
6.006841,4,73.026545,0.9576925644090782,0.03200000000000003,True
5.7593,4,73.039597,0.960059176500915,0.03200000000000003,True
5.499592,3,73.047654,0.9637760191330702,0.02400000000000002,True
5.696742,4,73.057466,0.9595975818591234,0.03200000000000003,True
5.741077,4,73.066371,0.9695982392955436,0.03200000000000003,True
5.542109,5,73.077001,0.9582928533518462,0.040000000000000036,True
5.691991,4,73.085786,0.9683711865125039,0.03200000000000003,True
5.666851,4,73.094871,0.9635466887462041,0.03200000000000003,True
5.935419,3,73.102509,0.9580963885332011,0.02400000000000002,True
5.563511,4,73.111297,0.9596167985015884,0.03200000000000003,True
5.564081,4,73.120604,0.9638385885472458,0.03200000000000003,True
6.02088,4,73.129682,0.962858390362584,0.03200000000000003,True
5.770949,5,73.146404,0.9590979822585856,0.040000000000000036,True
5.76103,4,73.154854,0.9612323348756644,0.03200000000000003,True
5.526059,4,73.163268,0.9587296905450875,0.03200000000000003,True
5.735669,4,73.172762,0.9635278031908845,0.03200000000000003,True
5.656786,4,73.181662,0.9634431084641077,0.03200000000000003,True
6.066042,3,73.188494,0.9619689973003922,0.02400000000000002,True
5.621438,5,73.200783,0.9658790512616027,0.040000000000000036,True
5.740232,4,73.215708,0.9599763203170164,0.03200000000000003,True
5.677378,4,73.231221,0.9633981896165243,0.03200000000000003,True
5.421893,3,73.241596,0.9628151737473375,0.02400000000000002,True
5.411003,3,73.24896,0.9627554089853526,0.02400000000000002,True
5.652791,3,73.257129,0.9613210066943125,0.02400000000000002,True
5.578164,5,73.268878,0.9635279784812499,0.040000000000000036,True
5.550511,4,73.278006,0.9576716516673138,0.03200000000000003,True
5.611774,4,73.287673,0.9616108078036253,0.03200000000000003,True
5.618531,3,73.29493,0.9598417326019112,0.02400000000000002,True
5.585522,4,73.30369,0.9583005696871754,0.03200000000000003,True
5.629856,4,73.313339,0.9616417254043222,0.03200000000000003,True
5.868699,5,73.325515,0.9634826035198248,0.040000000000000036,True
5.642874,4,73.334352,0.9601628757763101,0.03200000000000003,True
5.720978,3,73.34345,0.9603010709618054,0.02400000000000002,True
5.624544,4,73.355254,0.9634623969052412,0.03200000000000003,True
5.444072,4,73.365586,0.9567345546282872,0.03200000000000003,True
5.728991,3,73.372995,0.9634749690849971,0.02400000000000002,True
5.663945,4,73.382551,0.9618929228776696,0.03200000000000003,True
5.529098,4,73.390905,0.9653786496625021,0.03200000000000003,True
5.493369,3,73.398554,0.9619484634216289,0.02400000000000002,True
6.034661,4,73.407185,0.9589973747334197,0.03200000000000003,True
5.547554,4,73.417449,0.9599319898638701,0.03200000000000003,True
5.61921,5,73.428357,0.9641703511547012,0.040000000000000036,True
5.833346,4,73.438116,0.9570874768971354,0.03200000000000003,True
5.552431,4,73.447086,0.9571293848673497,0.03200000000000003,True
5.797736,5,73.458151,0.9590025388969131,0.040000000000000036,True
5.962655,3,73.466039,0.9616881200224054,0.02400000000000002,True
5.647728,5,73.477109,0.9598023418251271,0.040000000000000036,True
5.648718,3,73.484951,0.9594571227395354,0.02400000000000002,True
5.753395,5,73.496954,0.9614282973376146,0.040000000000000036,True
5.796498,5,73.509111,0.960385918283327,0.040000000000000036,True
5.743717,4,73.518696,0.9585123632267019,0.03200000000000003,True
5.880169,5,73.533284,0.960100460077905,0.040000000000000036,True
5.687315,3,73.539224,0.9608119669129617,0.02400000000000002,True
5.730588,4,73.550379,0.962301879821645,0.03200000000000003,True
5.596376,4,73.560547,0.9577449556833191,0.03200000000000003,True
5.585769,4,73.569493,0.9636118704834734,0.03200000000000003,True
5.593125,4,73.578815,0.96269995785416,0.03200000000000003,True
5.824636,5,74.129465,0.9615312925250266,0.040000000000000036,True
5.662932,3,74.137621,0.9617255204441191,0.02400000000000002,True
5.520007,4,74.147406,0.9606076603970977,0.03200000000000003,True
5.611295,4,74.155853,0.9611558398917757,0.03200000000000003,True
5.842963,3,74.162983,0.9595134347767771,0.02400000000000002,True
5.762421,4,74.173179,0.960268573992328,0.03200000000000003,True
5.737764,3,74.180504,0.9619400165681332,0.02400000000000002,True
5.553538,3,74.187664,0.9631318625733672,0.02400000000000002,True
5.525475,4,74.197568,0.9613498450312588,0.03200000000000003,True
5.828482,5,74.210229,0.9560527948835642,0.040000000000000036,True
5.768883,3,74.218526,0.9630361297478897,0.02400000000000002,True
5.839251,3,74.226714,0.9608187628733995,0.02400000000000002,True
5.884367,4,74.238645,0.9645965504539155,0.03200000000000003,True
5.776908,5,74.257752,0.9648554831368057,0.040000000000000036,True
5.97268,4,74.271789,0.9621228355537144,0.03200000000000003,True
5.808489,4,74.28333,0.9631041530177098,0.03200000000000003,True
5.786073,4,74.294075,0.9583863472737566,0.03200000000000003,True
5.623013,4,74.304469,0.9578130591783129,0.03200000000000003,True
5.836436,4,74.314938,0.9612131676249696,0.03200000000000003,True
5.506383,4,74.323786,0.9593970907347793,0.03200000000000003,True
5.823474,3,74.331921,0.9612599816214827,0.02400000000000002,True
5.804423,5,74.345947,0.9579937282175903,0.040000000000000036,True
5.775298,3,74.35529,0.9568036869019663,0.02400000000000002,True
5.382676,4,74.365417,0.964067840497854,0.03200000000000003,True
5.856707,4,74.375177,0.963513226228008,0.03200000000000003,True
5.88916,3,74.38191,0.9647224995678378,0.02400000000000002,True
5.403959,4,74.391441,0.9578301780442473,0.03200000000000003,True
5.867153,4,74.400522,0.9600463511152286,0.03200000000000003,True
5.609348,3,74.407982,0.9602467385932475,0.02400000000000002,True
5.793441,4,74.416921,0.9614082962227803,0.03200000000000003,True
5.609637,3,74.424748,0.9590199480689644,0.02400000000000002,True
5.691236,5,74.435862,0.9647451041157262,0.040000000000000036,True
5.82599,4,74.445013,0.9619509682294026,0.03200000000000003,True
5.58034,4,74.454831,0.9655482705768657,0.03200000000000003,True
5.628446,3,74.461258,0.9587373994618904,0.02400000000000002,True
5.550863,4,74.471251,0.9627817346172677,0.03200000000000003,True
5.595888,4,74.479646,0.9625521971104894,0.03200000000000003,True
5.605379,3,74.487731,0.9636424626561944,0.02400000000000002,True
5.720426,5,74.499177,0.95908323499859,0.040000000000000036,True
5.770421,4,74.509066,0.9584002118693343,0.03200000000000003,True
5.572901,3,74.516023,0.9592991790545333,0.02400000000000002,True
5.756662,4,74.525292,0.9632095951350002,0.03200000000000003,True
5.497302,3,74.532306,0.9582821838910995,0.02400000000000002,True
5.759487,4,74.540777,0.9634253640157275,0.03200000000000003,True
5.49291,4,74.549758,0.9657084578159644,0.03200000000000003,True
5.735516,4,74.558917,0.9605156105639263,0.03200000000000003,True
5.61424,4,74.568909,0.9607923145336376,0.03200000000000003,True
5.989609,3,74.575433,0.9637408026646688,0.02400000000000002,True
5.940099,5,74.586509,0.9605505486185532,0.040000000000000036,True
5.653785,4,74.596069,0.9605719053947395,0.03200000000000003,True
5.973682,5,74.606771,0.9601684338723203,0.040000000000000036,True
5.757506,3,74.613279,0.9634775778523144,0.02400000000000002,True
5.754146,4,74.622228,0.9629117211606026,0.03200000000000003,True
5.741209,4,74.630766,0.965411472131595,0.03200000000000003,True
5.461968,4,74.640043,0.9596286834874288,0.03200000000000003,True
5.478839,4,74.649088,0.9594703335518452,0.03200000000000003,True
5.401947,3,74.656771,0.9633212573629217,0.02400000000000002,True
5.655256,4,74.666247,0.9675602117310635,0.03200000000000003,True
5.938225,4,74.675388,0.9568341821908766,0.03200000000000003,True
5.664965,4,74.685737,0.9620884718745675,0.03200000000000003,True
5.562891,4,74.696812,0.9607663953853369,0.03200000000000003,True
5.702033,4,74.708992,0.9602716545563392,0.03200000000000003,True
5.664831,3,74.719012,0.9625360012321588,0.02400000000000002,True
5.706803,4,74.728741,0.958644129275615,0.03200000000000003,True
5.542606,3,74.736165,0.9628786228372648,0.02400000000000002,True
5.535529,3,74.743471,0.961919906984184,0.02400000000000002,True
5.606697,4,74.754009,0.9616542481225053,0.03200000000000003,True
5.622034,4,74.765471,0.9628478818831123,0.03200000000000003,True
5.591697,2,75.302875,0.9568614858549165,0.016000000000000014,True
5.710948,4,75.315424,0.9611853832479198,0.03200000000000003,True
5.55978,3,75.322515,0.961175966438059,0.02400000000000002,True
5.509294,4,75.332058,0.9579875774896001,0.03200000000000003,True
5.804639,4,75.342811,0.9611935711306658,0.03200000000000003,True
5.6352,4,75.356097,0.9638279928616242,0.03200000000000003,True
5.550606,5,75.367015,0.963881965080708,0.040000000000000036,True
5.644753,4,75.376253,0.9579246553362402,0.03200000000000003,True
5.51044,3,75.384194,0.9661974900508172,0.02400000000000002,True
5.790639,4,75.394423,0.9588412309689777,0.03200000000000003,True
5.548012,5,75.407284,0.96450214048731,0.040000000000000036,True
5.442868,3,75.414999,0.965418837632369,0.02400000000000002,True
5.498236,3,75.422544,0.9661550494952276,0.02400000000000002,True
5.643533,5,75.435,0.9621554915820285,0.040000000000000036,True
5.435187,4,75.446276,0.9565884946585705,0.03200000000000003,True
5.522888,4,75.456788,0.9604978411085225,0.03200000000000003,True
5.434277,3,75.465303,0.9580248067616735,0.02400000000000002,True
5.475558,3,75.472384,0.9638702642290302,0.02400000000000002,True
5.418783,2,75.478589,0.9572497309292497,0.016000000000000014,True
6.000843,3,75.485587,0.959626546152458,0.02400000000000002,True
5.749572,5,75.499591,0.9628789660678885,0.040000000000000036,True
5.557165,4,75.509331,0.9630030238605286,0.03200000000000003,True
5.498009,4,75.51947,0.9620619087462354,0.03200000000000003,True
5.908276,3,75.527088,0.9625864133782467,0.02400000000000002,True
5.997662,4,75.536529,0.9637104259391442,0.03200000000000003,True
5.816398,3,75.543604,0.9587965685761738,0.02400000000000002,True
5.723499,4,75.552538,0.9591308551457587,0.03200000000000003,True
5.760953,4,75.56166,0.9592291482173543,0.03200000000000003,True
5.435497,3,75.569593,0.9618732709080344,0.02400000000000002,True
5.589771,4,75.579293,0.9615563036931769,0.03200000000000003,True
5.786063,4,75.588709,0.9620213733042788,0.03200000000000003,True
5.579347,4,75.599002,0.9588891316677093,0.03200000000000003,True
5.690407,4,75.608624,0.9588567379449486,0.03200000000000003,True
5.46271,3,75.616369,0.9592661810221348,0.02400000000000002,True
5.728575,4,75.625608,0.9579222555070774,0.03200000000000003,True
5.635177,5,75.636498,0.9625747096542994,0.040000000000000036,True
5.802087,4,75.645966,0.9593770121811416,0.03200000000000003,True
5.803155,4,75.65583,0.9644999751620005,0.03200000000000003,True
5.712709,3,75.663311,0.9652601847436437,0.02400000000000002,True
5.524001,5,75.674964,0.9583462320660145,0.040000000000000036,True
5.821299,5,75.776751,0.9578584143996478,0.040000000000000036,True
5.672377,3,75.782999,0.9658512119958991,0.02400000000000002,True
5.627582,3,75.790242,0.966638345979191,0.02400000000000002,True
5.95479,3,75.798044,0.9612807608799598,0.02400000000000002,True
5.593311,5,75.81023,0.9610059981277574,0.040000000000000036,True
5.521729,3,75.817451,0.9647220839979369,0.02400000000000002,True
5.515533,4,75.827402,0.9648063547679706,0.03200000000000003,True
5.827822,5,75.839263,0.9661684889624994,0.040000000000000036,True
5.525762,3,75.846578,0.9645269887524999,0.02400000000000002,True
5.667175,3,75.854294,0.960974282437533,0.02400000000000002,True
5.682645,4,75.863526,0.962025061254641,0.03200000000000003,True
5.67383,3,75.872311,0.9577817028288185,0.02400000000000002,True
5.494023,5,75.88465,0.9579775286180143,0.040000000000000036,True
5.834977,3,75.891863,0.9642261866388397,0.02400000000000002,True
5.752756,5,75.904184,0.9603080368594538,0.040000000000000036,True
5.778182,4,75.912947,0.9607568031000626,0.03200000000000003,True
5.853093,4,75.923809,0.9635929378835695,0.03200000000000003,True
5.953706,5,75.936431,0.9658594786370277,0.040000000000000036,True
5.590229,4,75.945798,0.9641757952542415,0.03200000000000003,True
5.453365,5,75.958608,0.9595296870926113,0.040000000000000036,True
5.489172,4,75.967503,0.9633183255960991,0.03200000000000003,True
5.414199,3,75.974745,0.9627024909493709,0.02400000000000002,True
5.592835,4,75.98526,0.9611845033734026,0.03200000000000003,True
5.544266,4,75.994687,0.9641693959235049,0.03200000000000003,True
5.788203,3,76.002063,0.9622141847800039,0.02400000000000002,True
5.573798,4,76.011429,0.9607347388945418,0.03200000000000003,True
5.612308,4,76.021499,0.9591934380616592,0.03200000000000003,True
