#{"t_start": 1790494772.4671028, "env_id": "None"}
r,l,t,coverage,mean_uncertainty,defects_found,miou,energy_used,success
11.869,8,11.400832,0.46875,0.6514950394630432,7,0.15095774829387665,0.2620000000000001,True
11.889,7,11.601392,0.3515625,0.7565004229545593,9,0.23187638819217682,0.2220000000000002,True
1.972,3,11.620044,0.0703125,0.956064760684967,2,0.046352531760931015,0.05600000000000005,True
7.926,5,11.649317,0.234375,0.8312231302261353,4,0.07940013706684113,0.14800000000000013,True
-0.049,4,11.675847,0.1171875,0.9124900102615356,0,0.0,0.09800000000000009,True
3.955,4,11.695471,0.1171875,0.9122326970100403,2,0.06249244511127472,0.09000000000000008,True
29.869,9,11.753737,0.5859375,0.5845925807952881,15,0.34330812096595764,0.26200000000000023,True
43.593,31,11.988773,1.0,0.3027217388153076,23,0.5977985858917236,0.8140000000000007,True
23.873,8,12.044028,0.5859375,0.6138200759887695,14,0.37758079171180725,0.2540000000000002,True
43.579,34,12.30735,1.0,0.28641754388809204,22,0.4228011667728424,0.8420000000000006,True
41.517,39,12.589438,1.0,0.3420144319534302,22,0.574865460395813,0.9660000000000009,True
27.4995,40,12.899666,1.0,0.29423993825912476,20,0.44628387689590454,1.0010000000000008,False
29.463,40,13.212543,1.0,0.2998200058937073,22,0.5582708120346069,1.0740000000000007,False
29.502,40,13.530406,1.0,0.2754162847995758,15,0.35218197107315063,0.9960000000000008,False
31.4995,40,13.85986,1.0,0.30429530143737793,21,0.6025074124336243,1.0010000000000008,False
27.499,40,14.159794,1.0,0.3097810745239258,21,0.52546626329422,1.002000000000001,False
29.5,40,14.484358,1.0,0.3187316656112671,21,0.5320743322372437,1.0000000000000009,False
29.4985,40,14.799146,1.0,0.28324440121650696,22,0.49634817242622375,1.0030000000000008,False
29.5,40,15.172842,1.0,0.3287333846092224,20,0.44614994525909424,1.0000000000000009,False
41.798,16,15.321521,1.0,0.30533909797668457,21,0.5441673994064331,0.40400000000000036,True
29.4995,40,15.626708,1.0,0.28539973497390747,20,0.4833955764770508,1.0010000000000008,False
31.4995,40,15.936838,1.0,0.30135655403137207,22,0.49362608790397644,1.0010000000000008,False
35.498,40,16.25575,1.0,0.322021484375,24,0.5735585689544678,1.004000000000001,False
35.5,40,16.586356,1.0,0.3121155798435211,24,0.5585330724716187,1.0000000000000009,False
25.5,40,16.900199,1.0,0.3036150336265564,18,0.3985503315925598,1.0000000000000009,False
33.498,40,17.204449,1.0,0.29621610045433044,22,0.5115430951118469,1.004000000000001,False
37.5,40,17.541033,1.0,0.2989548444747925,24,0.5137089490890503,1.0000000000000009,False
33.5,40,17.969922,1.0,0.31970569491386414,22,0.5372002720832825,1.0000000000000009,False
33.5,40,18.455689,1.0,0.301816463470459,22,0.5229649543762207,1.0000000000000009,False
23.499,40,18.927772,1.0,0.2602657973766327,17,0.4184058606624603,1.002000000000001,False
29.499,40,19.427445,1.0,0.3223193883895874,22,0.5656744241714478,1.002000000000001,False
41.729,20,19.690999,1.0,0.2982870638370514,22,0.5817508101463318,0.5420000000000005,True
39.729,21,19.948298,1.0,0.27834925055503845,20,0.4497755765914917,0.5420000000000005,True
33.5,40,20.418069,1.0,0.30558130145072937,22,0.5480903387069702,1.0000000000000009,False
29.5,40,20.88106,1.0,0.312562495470047,20,0.5021253228187561,1.0000000000000009,False
31.499,40,21.355579,1.0,0.29932308197021484,21,0.4911399483680725,1.002000000000001,False
31.4995,40,21.869813,1.0,0.2910553216934204,22,0.45014408230781555,1.0010000000000008,False
35.4995,40,22.251622,1.0,0.32854169607162476,23,0.6252135038375854,1.0010000000000008,False
31.499,40,22.578716,1.0,0.30745017528533936,22,0.5506818294525146,1.002000000000001,False
33.498,40,23.204877,1.0,0.3217547833919525,24,0.5298429727554321,1.004000000000001,False
35.5,40,26.378695,1.0,0.30572038888931274,23,0.48066699504852295,1.0000000000000009,False
41.825,14,26.486787,1.0,0.3116213083267212,23,0.4922559857368469,0.3500000000000003,True
23.4995,39,26.776631,1.0,0.2949222922325134,17,0.3742695152759552,1.0010000000000008,False
33.4995,40,27.096759,1.0,0.2806796431541443,22,0.4977995753288269,1.0010000000000008,False
31.498,40,27.39903,1.0,0.3225376605987549,21,0.4178241193294525,1.004000000000001,False
43.561,33,27.65243,1.0,0.3100477457046509,22,0.5514090657234192,0.8780000000000007,True
41.744,18,27.794198,1.0,0.3013560473918915,21,0.44239795207977295,0.5120000000000005,True
47.701,23,27.978196,1.0,0.303295761346817,25,0.5676968097686768,0.5980000000000005,True
35.865,9,28.057969,0.875,0.391905814409256,19,0.47552987933158875,0.27000000000000024,True
37.605,28,28.269954,1.0,0.31413811445236206,21,0.5144752860069275,0.7900000000000006,True
45.748,18,28.410201,1.0,0.3087013065814972,24,0.583800733089447,0.5040000000000004,True
45.825,12,28.512473,1.0,0.302950918674469,24,0.5475093126296997,0.3500000000000003,True
39.713,22,28.682,1.0,0.32029685378074646,21,0.44040393829345703,0.5740000000000005,True
13.925,4,28.708345,0.3515625,0.7523308992385864,7,0.09496169537305832,0.15000000000000013,True
43.613,31,28.962873,1.0,0.3052974343299866,23,0.5667725205421448,0.7740000000000007,True
0.0,1,28.970042,0.0703125,0.9535567760467529,0,0.0,0.0,True
39.789,15,29.088043,1.0,0.28713059425354004,21,0.4532221257686615,0.42200000000000026,True
45.794,16,29.213048,1.0,0.3001991808414459,24,0.5864855051040649,0.41200000000000037,True
41.785,16,29.344717,1.0,0.2943862974643707,21,0.4821999669075012,0.4300000000000004,True
23.905,6,29.392421,0.5859375,0.5949854850769043,13,0.3028743267059326,0.19000000000000017,True
25.905,6,29.435663,0.5859375,0.5860448479652405,13,0.29481884837150574,0.19000000000000017,True
43.733,19,29.60207,1.0,0.2941414713859558,24,0.5569831132888794,0.5340000000000005,True
31.905,7,29.659598,0.703125,0.47887933254241943,16,0.4126540422439575,0.19000000000000017,True
31.878,9,29.73019,0.796875,0.455000638961792,16,0.40855538845062256,0.24400000000000022,True
35.748,18,29.872556,1.0,0.325191468000412,19,0.4706187844276428,0.5040000000000004,True
31.584,32,30.139107,1.0,0.2627977430820465,17,0.3959539532661438,0.8320000000000007,True
43.555,33,30.393928,1.0,0.3204291760921478,22,0.5734664797782898,0.8900000000000007,True
35.89,8,30.455909,0.796875,0.42959272861480713,18,0.36443254351615906,0.2200000000000002,True
37.874,9,30.524349,0.796875,0.4542365074157715,20,0.4442211985588074,0.2520000000000002,True
21.905,7,30.576686,0.703125,0.4908759593963623,12,0.29931575059890747,0.19000000000000017,True
19.905,5,30.614834,0.46875,0.6802401542663574,11,0.23783856630325317,0.19000000000000006,True
39.645,28,30.825487,1.0,0.3020753264427185,20,0.3982197940349579,0.7100000000000006,True
35.76,17,30.959154,1.0,0.3079596161842346,20,0.46246176958084106,0.4800000000000003,True
35.737,21,31.141003,1.0,0.2898792326450348,19,0.4756391644477844,0.5260000000000005,True
35.649,25,31.32844,1.0,0.30541619658470154,19,0.43113404512405396,0.7020000000000005,True
41.659,24,31.527141,1.0,0.3026388883590698,22,0.6320616602897644,0.6820000000000005,True
45.809,15,31.640537,1.0,0.31159210205078125,23,0.5337889790534973,0.38200000000000034,True
45.81,15,31.749835,1.0,0.2882108688354492,24,0.5566533207893372,0.38000000000000034,True
41.635,26,31.940674,1.0,0.2987777590751648,21,0.5284231901168823,0.7300000000000005,True
41.84,10,32.034439,0.953125,0.3275546431541443,21,0.39038312435150146,0.3200000000000002,True
33.825,14,32.219886,1.0,0.2760157883167267,18,0.4682280421257019,0.3500000000000003,True
37.717,20,32.439863,1.0,0.3131849467754364,20,0.45625707507133484,0.5660000000000005,True
35.865,9,32.544615,0.875,0.3986906409263611,19,0.42623791098594666,0.27000000000000024,True
23.905,7,32.616675,0.703125,0.5085417032241821,12,0.28043192625045776,0.19000000000000017,True
35.813,15,32.775203,1.0,0.31966298818588257,18,0.44702741503715515,0.37400000000000033,True
43.7,22,33.015799,1.0,0.318471223115921,24,0.5469678640365601,0.6000000000000005,True
39.733,20,33.250916,1.0,0.28689777851104736,20,0.49361374974250793,0.5340000000000005,True
41.785,16,33.440059,1.0,0.28826087713241577,21,0.4756135642528534,0.4300000000000004,True
37.825,13,33.597079,1.0,0.2985037565231323,21,0.44725412130355835,0.3500000000000003,True
43.865,9,33.710625,0.875,0.38858267664909363,22,0.44754743576049805,0.27000000000000024,True
43.748,18,33.917642,1.0,0.30705952644348145,22,0.5801453590393066,0.5040000000000004,True
41.773,17,34.10656,1.0,0.30814868211746216,21,0.3782239556312561,0.4540000000000004,True
43.809,13,34.272271,1.0,0.3194192051887512,23,0.5791231393814087,0.38200000000000034,True
41.809,13,34.412484,1.0,0.31029462814331055,22,0.5201328992843628,0.38200000000000034,True
45.825,14,34.571093,1.0,0.2625284492969513,23,0.5546924471855164,0.3500000000000003,True
47.805,12,34.700161,1.0,0.30759966373443604,25,0.5501528978347778,0.39000000000000024,True
37.825,12,34.840179,1.0,0.3039156198501587,19,0.36949947476387024,0.3500000000000003,True
39.778,17,35.031122,1.0,0.3084762990474701,21,0.5037990212440491,0.4440000000000004,True
39.785,16,35.210155,1.0,0.3235960602760315,20,0.5061280727386475,0.4300000000000004,True
37.793,15,35.406221,1.0,0.28907448053359985,19,0.41863206028938293,0.41400000000000037,True
45.813,15,35.574604,1.0,0.3147324323654175,23,0.5131938457489014,0.37400000000000033,True
31.701,23,35.835526,1.0,0.2807895541191101,18,0.43396589159965515,0.5980000000000005,True
39.809,14,36.010609,1.0,0.2881384491920471,20,0.4536677896976471,0.38200000000000034,True
45.825,12,36.160268,1.0,0.29379406571388245,23,0.4881858229637146,0.3500000000000003,True
39.809,13,36.292591,1.0,0.31710079312324524,21,0.43316900730133057,0.38200000000000034,True
47.794,16,36.446374,1.0,0.2974276542663574,24,0.5550956726074219,0.41200000000000037,True
43.813,14,36.566658,1.0,0.31422722339630127,23,0.5259463787078857,0.37400000000000033,True
45.813,15,36.679454,1.0,0.3110509514808655,24,0.5708513855934143,0.37400000000000033,True
35.809,14,36.789078,1.0,0.3265061378479004,22,0.5132086277008057,0.38200000000000034,True
39.825,13,36.888986,1.0,0.2861310541629791,20,0.4307714104652405,0.3500000000000003,True
41.81,15,37.001614,1.0,0.29253098368644714,23,0.4636410176753998,0.38000000000000034,True
41.825,13,37.108708,1.0,0.29326748847961426,22,0.4778841733932495,0.3500000000000003,True
39.825,11,37.185555,1.0,0.28633785247802734,21,0.47086477279663086,0.3500000000000002,True
1.975,2,37.203181,0.1171875,0.9206681251525879,1,0.025078173726797104,0.050000000000000044,True
39.824,11,37.814473,0.953125,0.31975987553596497,22,0.5174594521522522,0.3520000000000002,True
39.7,21,37.968817,1.0,0.2990892231464386,21,0.5142925977706909,0.6000000000000005,True
43.809,12,38.055692,1.0,0.28712695837020874,23,0.5398160219192505,0.38200000000000023,True
41.865,9,38.127211,0.875,0.377616822719574,21,0.4600268602371216,0.27000000000000024,True
43.84,10,38.206574,0.953125,0.3536626398563385,22,0.5560547709465027,0.3200000000000002,True
43.809,13,38.302625,1.0,0.33217841386795044,22,0.5288888216018677,0.38200000000000034,True
41.84,10,38.381328,0.953125,0.3530203700065613,21,0.5365463495254517,0.3200000000000002,True
39.736,20,38.567322,1.0,0.33746519684791565,23,0.5376082062721252,0.5280000000000005,True
41.809,14,38.670137,1.0,0.28244748711586,21,0.515964686870575,0.38200000000000034,True
45.813,14,38.769125,1.0,0.2857794761657715,24,0.6386108994483948,0.37400000000000033,True
41.84,10,38.845317,0.953125,0.3135797381401062,21,0.5054255127906799,0.3200000000000002,True
33.825,12,38.933176,1.0,0.289188027381897,17,0.412384033203125,0.3500000000000003,True
45.825,11,39.017596,1.0,0.2791472375392914,23,0.5318577289581299,0.3500000000000002,True
39.794,16,39.148454,1.0,0.2796410322189331,21,0.46039071679115295,0.41200000000000037,True
39.769,17,39.2799,1.0,0.2927122414112091,20,0.4178430736064911,0.4620000000000004,True
45.825,14,39.380797,1.0,0.3037608861923218,23,0.4771791994571686,0.3500000000000003,True
33.89,8,39.458269,0.796875,0.48703715205192566,17,0.49398452043533325,0.2200000000000002,True
35.81,15,39.569893,1.0,0.29700469970703125,18,0.407432496547699,0.38000000000000034,True
33.785,16,39.6896,1.0,0.30533286929130554,18,0.4519486725330353,0.4300000000000004,True
39.84,10,39.792092,0.953125,0.33857619762420654,21,0.5183209180831909,0.3200000000000002,True
35.785,16,39.916601,1.0,0.28679358959198,18,0.4614172577857971,0.4300000000000004,True
39.84,10,39.992271,0.953125,0.3230673670768738,22,0.5473392009735107,0.3200000000000002,True
39.81,15,40.114132,1.0,0.30746686458587646,21,0.5211907029151917,0.38000000000000034,True
27.905,7,40.169122,0.703125,0.514463484287262,18,0.38701361417770386,0.19000000000000017,True
43.81,15,40.276478,1.0,0.3144449293613434,22,0.5440004467964172,0.38000000000000034,True
39.865,9,40.346137,0.875,0.4023877680301666,20,0.4646233320236206,0.27000000000000024,True
43.813,12,40.435215,1.0,0.2900349497795105,22,0.5513063073158264,0.3740000000000002,True
41.813,12,40.538697,1.0,0.30695223808288574,23,0.532872200012207,0.3740000000000002,True
33.89,8,40.596132,0.796875,0.4517993927001953,19,0.4857545495033264,0.2200000000000002,True
39.81,15,40.705956,1.0,0.2875046133995056,21,0.5108181238174438,0.38000000000000034,True
39.809,15,40.817348,1.0,0.32221317291259766,22,0.5431731939315796,0.38200000000000034,True
43.825,11,40.903823,1.0,0.35098379850387573,23,0.5221267342567444,0.3500000000000002,True
41.744,18,41.041374,1.0,0.3231470584869385,21,0.5020989179611206,0.5120000000000005,True
33.828,11,41.126206,0.953125,0.30021584033966064,18,0.40009909868240356,0.3440000000000002,True
39.813,13,41.224727,1.0,0.28946876525878906,21,0.47138622403144836,0.37400000000000033,True
41.781,15,41.340398,1.0,0.27959418296813965,21,0.546442985534668,0.4380000000000003,True
39.833,11,41.426371,0.875,0.3828197717666626,21,0.5937628149986267,0.3340000000000003,True
25.853,10,41.500563,0.875,0.3392028212547302,13,0.289692759513855,0.29400000000000026,True
37.825,14,41.629322,1.0,0.289762020111084,21,0.5504311919212341,0.3500000000000003,True
35.81,15,41.744,1.0,0.28184014558792114,19,0.4898115396499634,0.38000000000000034,True
37.825,12,41.833061,1.0,0.2893250286579132,21,0.47407737374305725,0.3500000000000003,True
41.745,20,41.992056,1.0,0.28298240900039673,21,0.5082657933235168,0.5100000000000005,True
41.729,19,42.133819,1.0,0.3026607930660248,21,0.5088045597076416,0.5420000000000005,True
33.84,10,42.211671,0.953125,0.32112765312194824,18,0.42189979553222656,0.3200000000000002,True
47.797,16,42.337635,1.0,0.32821404933929443,24,0.4887782335281372,0.40600000000000036,True
41.713,20,42.490594,1.0,0.2912329435348511,22,0.5254484415054321,0.5740000000000005,True
37.825,13,42.608181,1.0,0.300591379404068,22,0.6211045384407043,0.3500000000000003,True
41.798,16,42.724658,1.0,0.3189343214035034,22,0.5201785564422607,0.40400000000000036,True
43.809,16,42.852197,1.0,0.317953497171402,22,0.5205686092376709,0.38200000000000034,True
37.789,15,42.963292,1.0,0.27434638142585754,20,0.4435364603996277,0.4220000000000004,True
47.793,16,43.084263,1.0,0.3254857659339905,25,0.5378432869911194,0.41400000000000037,True
41.825,13,43.177746,1.0,0.2862847149372101,22,0.5552821159362793,0.3500000000000003,True
45.825,12,43.269739,1.0,0.2944873571395874,23,0.5844482779502869,0.3500000000000003,True
43.825,14,43.377383,1.0,0.312009334564209,22,0.49711355566978455,0.3500000000000003,True
31.825,12,43.469728,1.0,0.3027191162109375,18,0.3652820885181427,0.3500000000000003,True
43.813,14,43.575503,1.0,0.32389503717422485,22,0.5584875345230103,0.37400000000000033,True
39.825,14,43.699459,1.0,0.29143714904785156,21,0.5231305360794067,0.3500000000000003,True
43.84,10,43.770092,0.953125,0.34807735681533813,22,0.5672350525856018,0.3200000000000002,True
43.825,11,43.857652,1.0,0.27091026306152344,23,0.5925711393356323,0.3500000000000002,True
43.813,12,43.95011,1.0,0.3050302267074585,22,0.45012617111206055,0.3740000000000002,True
41.825,12,44.038605,1.0,0.3194374442100525,22,0.5474218130111694,0.3500000000000003,True
37.825,11,44.121412,1.0,0.3071001470088959,20,0.453421413898468,0.3500000000000002,True
39.825,11,44.200252,1.0,0.3115864098072052,20,0.4482758343219757,0.3500000000000002,True
43.81,15,44.309536,1.0,0.3219490647315979,22,0.462902694940567,0.38000000000000034,True
41.825,11,44.389563,1.0,0.2705305218696594,23,0.42290642857551575,0.3500000000000002,True
43.81,15,44.505305,1.0,0.2931554615497589,22,0.5118780136108398,0.38000000000000034,True
41.781,16,44.628541,1.0,0.2932013273239136,21,0.41216957569122314,0.4380000000000004,True
33.809,13,44.741046,1.0,0.2944774329662323,19,0.5049214363098145,0.38200000000000034,True
35.798,16,44.86154,1.0,0.3020644187927246,19,0.39679262042045593,0.40400000000000036,True
41.825,12,44.94909,1.0,0.29851627349853516,21,0.4903014600276947,0.3500000000000003,True
39.825,12,45.047575,1.0,0.2873920500278473,21,0.5380693674087524,0.3500000000000003,True
37.825,13,45.151137,1.0,0.3107561469078064,20,0.46193334460258484,0.3500000000000003,True
39.809,13,45.249674,1.0,0.30510106682777405,20,0.4716298282146454,0.38200000000000034,True
39.84,10,45.325125,0.953125,0.3412841856479645,20,0.4240493178367615,0.3200000000000002,True
47.757,18,45.464904,1.0,0.28216779232025146,25,0.6076251268386841,0.48600000000000043,True
41.729,21,45.629511,1.0,0.2774752676486969,21,0.5414614081382751,0.5420000000000005,True
45.825,13,45.745342,1.0,0.3169330954551697,25,0.5918067097663879,0.3500000000000003,True
41.813,15,45.857371,1.0,0.2835162878036499,23,0.5312930345535278,0.37400000000000033,True
37.794,16,45.983916,1.0,0.2875858545303345,19,0.43770933151245117,0.41200000000000037,True
41.786,17,46.139445,1.0,0.32918962836265564,21,0.44067031145095825,0.4280000000000004,True
37.753,18,46.29498,1.0,0.2797618806362152,19,0.4910358190536499,0.49400000000000044,True
41.745,20,46.558016,1.0,0.31185203790664673,22,0.549319863319397,0.5100000000000005,True
43.825,13,46.709227,1.0,0.32039061188697815,24,0.5269214510917664,0.3500000000000003,True
41.778,17,46.910872,1.0,0.295789510011673,22,0.5016497373580933,0.4440000000000004,True
43.825,12,47.043974,1.0,0.2658291757106781,22,0.5004798173904419,0.3500000000000003,True
39.729,20,47.261887,1.0,0.30601781606674194,20,0.5263632535934448,0.5420000000000005,True
37.84,10,47.369821,0.953125,0.34164363145828247,20,0.5197732448577881,0.3200000000000002,True
41.725,21,47.617245,1.0,0.29128503799438477,21,0.49697068333625793,0.5500000000000005,True
41.793,16,47.81475,1.0,0.31912752985954285,21,0.4719412922859192,0.41400000000000037,True
43.825,13,47.991402,1.0,0.2901047468185425,23,0.5087718963623047,0.3500000000000003,True
39.785,16,48.181056,1.0,0.33003395795822144,20,0.528991162776947,0.4300000000000004,True
45.825,11,48.871112,1.0,0.3049640655517578,23,0.5665784478187561,0.3500000000000002,True
33.778,18,49.085085,1.0,0.2748766839504242,17,0.4254416823387146,0.4440000000000004,True
43.76,17,49.27657,1.0,0.2972588539123535,22,0.4786107838153839,0.4800000000000003,True
35.785,16,49.46181,1.0,0.3200218677520752,20,0.532976508140564,0.4300000000000004,True
43.825,12,49.609988,1.0,0.318450391292572,22,0.5067098140716553,0.3500000000000003,True
35.84,10,49.725712,0.953125,0.3252492845058441,18,0.4616600275039673,0.3200000000000002,True
47.825,13,49.87338,1.0,0.295802503824234,24,0.5628831386566162,0.3500000000000003,True
41.785,16,50.106322,1.0,0.3068152368068695,21,0.5385823845863342,0.4300000000000004,True
39.777,17,50.32636,1.0,0.28182452917099,20,0.47153425216674805,0.4460000000000004,True
39.773,17,50.541108,1.0,0.31426990032196045,21,0.52491295337677,0.4540000000000004,True
35.825,11,50.620588,1.0,0.29205435514450073,19,0.473202645778656,0.3500000000000002,True
41.785,16,50.746264,1.0,0.304057776927948,21,0.559552788734436,0.4300000000000004,True
41.84,10,50.826839,0.953125,0.3173472285270691,22,0.5164754390716553,0.3200000000000002,True
41.809,15,50.937598,1.0,0.3067454695701599,22,0.5061257481575012,0.38200000000000034,True
39.785,16,51.0591,1.0,0.311226487159729,20,0.4546153247356415,0.4300000000000004,True
33.825,12,51.168458,1.0,0.2855982184410095,19,0.4258626103401184,0.3500000000000003,True
41.785,16,51.289776,1.0,0.31801703572273254,21,0.44849586486816406,0.4300000000000004,True
41.84,10,51.363692,0.953125,0.31399333477020264,21,0.461357444524765,0.3200000000000002,True
39.75,19,51.518695,1.0,0.2865748405456543,22,0.49816247820854187,0.5000000000000004,True
41.81,15,51.639342,1.0,0.30011481046676636,22,0.47986653447151184,0.38000000000000034,True
41.825,11,51.719522,1.0,0.3116483688354492,23,0.5525694489479065,0.3500000000000002,True
31.865,9,51.786784,0.875,0.37391501665115356,16,0.34380239248275757,0.27000000000000024,True
41.773,17,51.91304,1.0,0.324216365814209,23,0.5311331152915955,0.4540000000000004,True
35.785,16,52.031691,1.0,0.2830938696861267,18,0.42551568150520325,0.4300000000000004,True
33.76,17,52.186575,1.0,0.283657431602478,17,0.3911095857620239,0.4800000000000003,True
49.825,11,52.271033,1.0,0.2978776693344116,25,0.48482367396354675,0.3500000000000002,True
35.825,13,52.366113,1.0,0.2774997353553772,19,0.4327058792114258,0.3500000000000003,True
43.825,13,52.464161,1.0,0.32617437839508057,22,0.5533132553100586,0.3500000000000003,True
41.825,14,52.583408,1.0,0.29416388273239136,23,0.5417667627334595,0.3500000000000003,True
33.825,13,52.680041,1.0,0.29311537742614746,18,0.3782726526260376,0.3500000000000003,True
35.865,9,52.747163,0.875,0.3879737854003906,19,0.47676658630371094,0.27000000000000024,True
39.705,24,52.929803,1.0,0.30175238847732544,20,0.5407485365867615,0.5900000000000005,True
43.825,11,53.014624,1.0,0.32419243454933167,23,0.5233068466186523,0.3500000000000002,True
37.825,13,53.115862,1.0,0.3254393935203552,19,0.43542036414146423,0.3500000000000003,True
35.825,12,53.229299,1.0,0.3164367377758026,20,0.5163102746009827,0.3500000000000003,True
37.84,10,53.303115,0.953125,0.3141225278377533,20,0.45505544543266296,0.3200000000000002,True
37.825,12,53.395302,1.0,0.2881452441215515,20,0.4991112947463989,0.3500000000000003,True
43.81,15,53.510677,1.0,0.3018289804458618,22,0.5315781831741333,0.38000000000000034,True
43.825,11,53.590364,1.0,0.2968900799751282,23,0.5853676199913025,0.3500000000000002,True
41.793,16,53.710886,1.0,0.29622966051101685,22,0.5242955684661865,0.41400000000000037,True
37.769,17,53.838633,1.0,0.29737192392349243,19,0.3733215630054474,0.4620000000000004,True
43.84,10,53.914083,0.953125,0.359354168176651,23,0.42422860860824585,0.3200000000000002,True
41.825,12,54.006389,1.0,0.3202083110809326,22,0.5419855713844299,0.3500000000000003,True
45.825,14,54.118768,1.0,0.30178573727607727,23,0.5533364415168762,0.3500000000000003,True
37.825,13,54.2199,1.0,0.2989084720611572,20,0.4228895604610443,0.3500000000000003,True
41.809,15,54.348523,1.0,0.29107096791267395,23,0.5596882700920105,0.38200000000000034,True
41.825,12,54.439919,1.0,0.31245315074920654,21,0.5297348499298096,0.3500000000000003,True
47.825,11,54.5295,1.0,0.29740315675735474,24,0.47900450229644775,0.3500000000000002,True
45.825,12,54.618989,1.0,0.2921455204486847,23,0.5370138883590698,0.3500000000000003,True
35.825,14,54.72633,1.0,0.30020907521247864,19,0.3967725336551666,0.3500000000000003,True
35.89,8,54.786335,0.796875,0.4418284296989441,19,0.39326074719429016,0.2200000000000002,True
43.825,14,54.89969,1.0,0.30265820026397705,22,0.45088016986846924,0.3500000000000003,True
45.825,12,54.988797,1.0,0.32148027420043945,23,0.5806883573532104,0.3500000000000003,True
41.81,15,55.111702,1.0,0.32705461978912354,22,0.47234442830085754,0.38000000000000034,True
35.825,12,55.211287,1.0,0.3034447133541107,20,0.44843605160713196,0.3500000000000003,True
41.825,11,55.30941,1.0,0.3163414001464844,22,0.5961999297142029,0.3500000000000002,True
41.81,15,55.422635,1.0,0.3080950081348419,22,0.5171270966529846,0.38000000000000034,True
35.825,14,55.530405,1.0,0.3013148903846741,19,0.40822264552116394,0.3500000000000003,True
47.76,17,55.656735,1.0,0.3339545726776123,25,0.6324163675308228,0.4800000000000003,True
45.81,15,55.768006,1.0,0.3043484389781952,24,0.49642106890678406,0.38000000000000034,True
31.905,7,55.821262,0.703125,0.4941673278808594,16,0.3403140604496002,0.19000000000000017,True
47.745,19,55.958674,1.0,0.32797396183013916,24,0.6204487681388855,0.5100000000000005,True
47.81,15,56.071646,1.0,0.2969202995300293,24,0.5547405481338501,0.38000000000000034,True
39.81,15,56.18328,1.0,0.3185102939605713,22,0.502483606338501,0.38000000000000034,True
35.745,20,56.349654,1.0,0.32581913471221924,20,0.501940131187439,0.5100000000000005,True
37.745,18,56.490968,1.0,0.2894146144390106,20,0.43994125723838806,0.5100000000000005,True
41.813,14,56.601467,1.0,0.2882082462310791,21,0.4861590266227722,0.37400000000000033,True
37.825,13,56.70003,1.0,0.29137617349624634,20,0.4624837636947632,0.3500000000000003,True
37.84,10,56.77453,0.953125,0.3460918068885803,19,0.47984203696250916,0.3200000000000002,True
47.825,13,56.87519,1.0,0.3051891028881073,25,0.6116259098052979,0.3500000000000003,True
45.81,15,56.98805,1.0,0.29224658012390137,23,0.5273946523666382,0.38000000000000034,True
41.744,18,57.12816,1.0,0.2863216996192932,21,0.4259029030799866,0.5120000000000005,True
37.773,17,57.263434,1.0,0.3016248345375061,21,0.5083785653114319,0.4540000000000004,True
45.825,11,57.364151,1.0,0.30686575174331665,24,0.5641612410545349,0.3500000000000002,True
47.794,16,57.486601,1.0,0.34548813104629517,24,0.5129023194313049,0.41200000000000037,True
41.825,13,57.59977,1.0,0.30244362354278564,23,0.4249356687068939,0.3500000000000003,True
43.725,19,57.748194,1.0,0.2896536886692047,23,0.558323860168457,0.5500000000000005,True
41.809,13,57.848263,1.0,0.31680288910865784,22,0.508595883846283,0.38200000000000034,True
39.76,17,57.977693,1.0,0.3218792676925659,21,0.5151646733283997,0.4800000000000003,True
47.825,12,58.072296,1.0,0.30470991134643555,24,0.5472016930580139,0.3500000000000003,True
39.825,14,58.175629,1.0,0.3137604892253876,22,0.5334616303443909,0.3500000000000003,True
39.785,16,58.297597,1.0,0.32083022594451904,20,0.45477601885795593,0.4300000000000004,True
45.825,13,58.420919,1.0,0.3111186623573303,23,0.5363308191299438,0.3500000000000003,True
43.721,20,58.574322,1.0,0.2883530855178833,24,0.5337055325508118,0.5580000000000005,True
37.825,11,58.653378,1.0,0.27239733934402466,20,0.4629782438278198,0.3500000000000002,True
41.809,14,58.766551,1.0,0.30152374505996704,22,0.4740009307861328,0.38200000000000034,True
35.84,10,58.851831,0.953125,0.3402586281299591,19,0.46630075573921204,0.3200000000000002,True
37.825,13,58.964118,1.0,0.29551082849502563,19,0.48217809200286865,0.3500000000000003,True
47.84,10,59.04306,0.953125,0.3488779664039612,25,0.579741358757019,0.3200000000000002,True
41.825,13,59.146729,1.0,0.27218323945999146,21,0.5538926124572754,0.3500000000000003,True
41.809,15,59.715756,1.0,0.27460840344429016,22,0.49340108036994934,0.38200000000000034,True
39.825,14,59.828168,1.0,0.3077434301376343,21,0.49859410524368286,0.3500000000000003,True
41.81,15,59.941765,1.0,0.3003695011138916,21,0.41754260659217834,0.38000000000000034,True
33.825,14,60.050822,1.0,0.2647983431816101,17,0.4011138379573822,0.3500000000000003,True
37.825,14,60.156459,1.0,0.3056953549385071,19,0.40356317162513733,0.3500000000000003,True
39.84,10,60.259,0.953125,0.3023316264152527,21,0.47081440687179565,0.3200000000000002,True
37.825,12,60.348075,1.0,0.2818109691143036,19,0.491507351398468,0.3500000000000003,True
33.744,18,60.501713,1.0,0.30437028408050537,18,0.45008930563926697,0.5120000000000005,True
33.825,11,60.640167,1.0,0.27979937195777893,20,0.42476776242256165,0.3500000000000002,True
35.805,14,60.80422,1.0,0.2813812494277954,20,0.4698343276977539,0.39000000000000035,True
39.785,16,60.977311,1.0,0.28699466586112976,21,0.490497887134552,0.4300000000000004,True
41.813,13,61.113849,1.0,0.29982781410217285,22,0.4876165986061096,0.37400000000000033,True
39.825,11,61.237297,1.0,0.3132266104221344,21,0.491916298866272,0.3500000000000002,True
41.825,13,61.380812,1.0,0.2569895386695862,21,0.4542378783226013,0.3500000000000003,True
39.785,16,61.575803,1.0,0.28891927003860474,21,0.49367424845695496,0.4300000000000004,True
37.798,16,61.755934,1.0,0.28476378321647644,20,0.4691699743270874,0.40400000000000036,True
41.825,11,61.879631,1.0,0.27509647607803345,21,0.4438219666481018,0.3500000000000002,True
45.825,12,62.014004,1.0,0.3270551562309265,24,0.5479841232299805,0.3500000000000003,True
47.825,11,62.151089,1.0,0.2956082820892334,24,0.5261714458465576,0.3500000000000002,True
43.825,11,62.287619,1.0,0.29371178150177,23,0.5197038054466248,0.3500000000000002,True
35.809,12,62.414808,1.0,0.2835928499698639,19,0.4486703872680664,0.38200000000000023,True
37.809,15,62.590375,1.0,0.30140915513038635,21,0.5093101263046265,0.38200000000000034,True
39.81,15,62.788096,1.0,0.28743115067481995,20,0.41486483812332153,0.38000000000000034,True
33.865,9,62.8864,0.875,0.363638311624527,18,0.43769583106040955,0.27000000000000024,True
37.84,10,62.997282,0.953125,0.3353874683380127,20,0.511613130569458,0.3200000000000002,True
41.825,14,63.167237,1.0,0.30657410621643066,21,0.4563921391963959,0.3500000000000003,True
39.825,13,63.317532,1.0,0.3111301064491272,20,0.5348600149154663,0.3500000000000003,True
43.798,16,63.493049,1.0,0.28383713960647583,22,0.5804030895233154,0.40400000000000036,True
41.825,13,63.638234,1.0,0.32155269384384155,22,0.541625440120697,0.3500000000000003,True
33.81,15,63.835491,1.0,0.282944917678833,19,0.4841000437736511,0.38000000000000034,True
41.813,14,64.012911,1.0,0.3032587766647339,21,0.500432550907135,0.37400000000000033,True
43.809,13,64.163074,1.0,0.29793912172317505,22,0.4628300368785858,0.38200000000000034,True
47.825,13,64.309402,1.0,0.29509830474853516,24,0.5825324654579163,0.3500000000000003,True
45.825,13,64.477242,1.0,0.29071521759033203,23,0.41798242926597595,0.3500000000000003,True
37.825,14,64.667686,1.0,0.2801488935947418,19,0.43382930755615234,0.3500000000000003,True
43.76,17,64.879724,1.0,0.30474427342414856,23,0.5828738212585449,0.4800000000000003,True
45.825,13,64.976397,1.0,0.31830090284347534,24,0.5138225555419922,0.3500000000000003,True
33.825,13,65.079673,1.0,0.26001888513565063,18,0.4299953281879425,0.3500000000000003,True
37.825,12,65.175501,1.0,0.2806379795074463,21,0.49377015233039856,0.3500000000000003,True
39.825,11,65.25522,1.0,0.3038390278816223,23,0.581469714641571,0.3500000000000002,True
43.81,15,65.371783,1.0,0.26550883054733276,22,0.5893734693527222,0.38000000000000034,True
41.825,13,65.469656,1.0,0.2964484393596649,22,0.44317278265953064,0.3500000000000003,True
43.84,10,65.553681,0.953125,0.30374211072921753,22,0.43344032764434814,0.3200000000000002,True
39.79,16,65.676215,1.0,0.30111172795295715,20,0.4364628493785858,0.4200000000000004,True
39.825,12,65.765785,1.0,0.2651822566986084,22,0.4578705430030823,0.3500000000000003,True
43.825,14,65.890646,1.0,0.30212900042533875,22,0.48902639746665955,0.3500000000000003,True
33.809,15,66.002583,1.0,0.28950369358062744,19,0.428291380405426,0.38200000000000034,True
41.825,13,66.105389,1.0,0.2621716260910034,22,0.4823177456855774,0.3500000000000003,True
37.825,12,66.202197,1.0,0.28862446546554565,20,0.4821576774120331,0.3500000000000003,True
39.833,11,66.282212,0.875,0.4080803096294403,21,0.5341426730155945,0.3340000000000003,True
33.785,16,66.404256,1.0,0.2968427240848541,18,0.44376593828201294,0.4300000000000004,True
45.825,14,66.510495,1.0,0.2907641530036926,23,0.5743896961212158,0.3500000000000003,True
43.81,15,66.638473,1.0,0.31327974796295166,23,0.5497020483016968,0.38000000000000034,True
37.825,11,66.719357,1.0,0.30646470189094543,20,0.4499169886112213,0.3500000000000002,True
37.825,14,66.826257,1.0,0.2823698818683624,20,0.509941816329956,0.3500000000000003,True
43.825,14,66.948408,1.0,0.3403627872467041,23,0.555941641330719,0.3500000000000003,True
47.785,16,67.067846,1.0,0.32309967279434204,25,0.6303734183311462,0.4300000000000004,True
27.825,14,67.179816,1.0,0.30062371492385864,16,0.39563292264938354,0.3500000000000003,True
41.81,15,67.288721,1.0,0.32795360684394836,24,0.5434898734092712,0.38000000000000034,True
37.809,15,67.400025,1.0,0.29157620668411255,20,0.500004231929779,0.38200000000000034,True
41.81,15,67.512919,1.0,0.3052760660648346,21,0.462009459733963,0.38000000000000034,True
39.825,11,67.5969,1.0,0.3146907687187195,21,0.5152498483657837,0.3500000000000002,True
43.825,14,67.70545,1.0,0.3077778220176697,22,0.503666341304779,0.3500000000000003,True
43.744,18,67.84227,1.0,0.316084623336792,24,0.607594907283783,0.5120000000000005,True
39.809,15,67.967874,1.0,0.2907511591911316,21,0.4733847975730896,0.38200000000000034,True
39.825,11,68.054049,1.0,0.2869102954864502,21,0.5346553325653076,0.3500000000000002,True
37.825,14,68.165212,1.0,0.3025535047054291,21,0.48906153440475464,0.3500000000000003,True
41.825,12,68.253032,1.0,0.2787519097328186,22,0.5028761029243469,0.3500000000000003,True
43.825,11,68.337058,1.0,0.3038707971572876,22,0.5511718988418579,0.3500000000000002,True
43.825,14,68.446145,1.0,0.32039326429367065,22,0.5794840455055237,0.3500000000000003,True
35.865,9,68.52036,0.875,0.37862420082092285,19,0.44700372219085693,0.27000000000000024,True
43.825,11,68.612596,1.0,0.3171945810317993,22,0.49814048409461975,0.3500000000000002,True
45.825,13,68.714214,1.0,0.2967411279678345,23,0.47025948762893677,0.3500000000000003,True
43.825,11,68.803313,1.0,0.29454100131988525,22,0.5581777691841125,0.3500000000000002,True
37.813,15,68.917863,1.0,0.277706503868103,19,0.40333259105682373,0.37400000000000033,True
33.825,12,69.022683,1.0,0.3061850070953369,18,0.45571455359458923,0.3500000000000003,True
39.84,10,69.097308,0.953125,0.3479945659637451,21,0.5226275324821472,0.3200000000000002,True
41.825,13,69.205251,1.0,0.31330057978630066,22,0.48589032888412476,0.3500000000000003,True
41.865,9,69.275456,0.875,0.3995594382286072,21,0.5127357840538025,0.27000000000000024,True
45.825,13,69.37551,1.0,0.29321590065956116,24,0.5841485857963562,0.3500000000000003,True
31.825,12,69.466969,1.0,0.26690375804901123,16,0.3842906653881073,0.3500000000000003,True
41.769,17,69.606695,1.0,0.29757609963417053,21,0.4385206997394562,0.4620000000000004,True
39.745,18,69.751337,1.0,0.33886581659317017,22,0.47323834896087646,0.5100000000000005,True
33.81,15,69.862759,1.0,0.26945966482162476,18,0.40279608964920044,0.38000000000000034,True
45.825,12,69.9574,1.0,0.29754638671875,23,0.5535672903060913,0.3500000000000003,True
39.825,11,70.059773,1.0,0.29375916719436646,22,0.48172029852867126,0.3500000000000002,True
41.825,12,70.158385,1.0,0.3415940999984741,24,0.5518819093704224,0.3500000000000003,True
41.769,17,70.291176,1.0,0.32241368293762207,22,0.5155200958251953,0.4620000000000004,True
33.825,13,70.39195,1.0,0.2782096862792969,17,0.3727048337459564,0.3500000000000003,True
41.785,16,70.538209,1.0,0.31530123949050903,21,0.4113394618034363,0.4300000000000004,True
47.825,14,70.644581,1.0,0.34334060549736023,24,0.5965061783790588,0.3500000000000003,True
35.794,17,70.776909,1.0,0.3004601299762726,20,0.4896049201488495,0.41200000000000037,True
43.825,14,70.890306,1.0,0.31862539052963257,22,0.4965774416923523,0.3500000000000003,True
43.81,15,71.392061,1.0,0.2993730902671814,22,0.548727810382843,0.38000000000000034,True
37.769,17,71.528134,1.0,0.28190526366233826,20,0.4746741056442261,0.4620000000000004,True
39.825,12,71.634878,1.0,0.3150460124015808,20,0.5278379917144775,0.3500000000000003,True
47.825,13,71.734207,1.0,0.29959964752197266,24,0.49709776043891907,0.3500000000000003,True
41.825,12,71.830693,1.0,0.31736281514167786,21,0.46669623255729675,0.3500000000000003,True
37.825,13,71.927258,1.0,0.28504714369773865,19,0.46556684374809265,0.3500000000000003,True
27.798,16,72.049704,1.0,0.2896406650543213,15,0.3312482237815857,0.40400000000000036,True
41.825,14,72.187315,1.0,0.30017364025115967,21,0.5343257188796997,0.3500000000000003,True
41.825,12,72.28307,1.0,0.3082616925239563,22,0.592346727848053,0.3500000000000003,True
43.81,15,72.402397,1.0,0.28440749645233154,22,0.5300712585449219,0.38000000000000034,True
37.865,9,72.470578,0.875,0.36962831020355225,19,0.37890270352363586,0.27000000000000024,True
37.809,15,72.59208,1.0,0.30023616552352905,20,0.4832523763179779,0.38200000000000034,True
43.825,14,72.703174,1.0,0.3190660774707794,23,0.5526271462440491,0.3500000000000003,True
39.825,14,72.823179,1.0,0.30804866552352905,21,0.4716532826423645,0.3500000000000003,True
39.813,15,72.942788,1.0,0.28970733284950256,20,0.45572611689567566,0.37400000000000033,True
41.744,18,73.079499,1.0,0.3213573694229126,21,0.530390202999115,0.5120000000000005,True
39.825,13,73.200194,1.0,0.2835990786552429,20,0.5102916955947876,0.3500000000000003,True
45.798,16,73.326106,1.0,0.3043411374092102,23,0.4630177915096283,0.40400000000000036,True
39.809,15,73.438197,1.0,0.2917345464229584,21,0.47488832473754883,0.38200000000000034,True
45.825,13,73.538614,1.0,0.2834402322769165,23,0.5500597953796387,0.3500000000000003,True
41.825,14,73.649892,1.0,0.295490026473999,22,0.5439028143882751,0.3500000000000003,True
35.825,14,73.777078,1.0,0.24589242041110992,19,0.5167510509490967,0.3500000000000003,True
45.825,14,73.892577,1.0,0.2985037565231323,24,0.5473069548606873,0.3500000000000003,True
41.825,14,73.997351,1.0,0.30583131313323975,22,0.5452518463134766,0.3500000000000003,True
45.785,16,74.122082,1.0,0.31459182500839233,23,0.4838164448738098,0.4300000000000004,True
37.81,15,74.255336,1.0,0.2873879075050354,19,0.4252041280269623,0.38000000000000034,True
45.809,15,74.369766,1.0,0.3268941640853882,23,0.49870502948760986,0.38200000000000034,True
39.825,14,74.48173,1.0,0.2841939628124237,21,0.4423990249633789,0.3500000000000003,True
41.825,14,74.596383,1.0,0.3008820414543152,21,0.5065485239028931,0.3500000000000003,True
43.825,14,74.701575,1.0,0.31155985593795776,23,0.6252337098121643,0.3500000000000003,True
37.825,13,74.804774,1.0,0.2805369198322296,19,0.41216471791267395,0.3500000000000003,True
37.825,12,74.946072,1.0,0.29260021448135376,20,0.4560755491256714,0.3500000000000003,True
49.809,14,75.114806,1.0,0.3243861794471741,25,0.6452643871307373,0.38200000000000034,True
45.825,14,75.300594,1.0,0.2953087389469147,23,0.4858940839767456,0.3500000000000003,True
39.809,13,75.447081,1.0,0.3009757995605469,21,0.48583903908729553,0.38200000000000034,True
35.825,14,75.604073,1.0,0.270357608795166,18,0.4050585627555847,0.3500000000000003,True
43.794,16,75.789983,1.0,0.30822834372520447,23,0.5508387088775635,0.41200000000000037,True
43.825,11,75.915916,1.0,0.2959687113761902,22,0.4792322516441345,0.3500000000000002,True
45.825,13,76.052428,1.0,0.2940768897533417,24,0.4946645498275757,0.3500000000000003,True
35.825,13,76.196006,1.0,0.29661664366722107,21,0.4752295911312103,0.3500000000000003,True
39.825,11,76.318452,1.0,0.2906886339187622,21,0.5166954398155212,0.3500000000000002,True
45.825,12,76.478623,1.0,0.2901177704334259,23,0.5367481708526611,0.3500000000000003,True
41.825,13,76.628199,1.0,0.2944290041923523,21,0.42260292172431946,0.3500000000000003,True
41.798,16,76.811407,1.0,0.30044710636138916,21,0.5285465717315674,0.40400000000000036,True
35.745,19,77.040047,1.0,0.2803504467010498,18,0.47998669743537903,0.5100000000000005,True
43.825,14,77.236252,1.0,0.29845061898231506,23,0.546318769454956,0.3500000000000003,True
39.81,15,77.415578,1.0,0.27548450231552124,20,0.4579021632671356,0.38000000000000034,True
39.745,20,77.645528,1.0,0.28906404972076416,20,0.44747793674468994,0.5100000000000005,True
37.745,19,77.86337,1.0,0.28659358620643616,19,0.4736051559448242,0.5100000000000005,True
33.745,19,78.08771,1.0,0.284217894077301,18,0.36382538080215454,0.5100000000000005,True
41.809,15,78.284786,1.0,0.29168665409088135,22,0.5427544116973877,0.38200000000000034,True
41.81,15,78.455187,1.0,0.3150673508644104,25,0.49336183071136475,0.38000000000000034,True
35.745,20,78.72203,1.0,0.34851282835006714,19,0.4360235929489136,0.5100000000000005,True
31.744,18,78.954452,1.0,0.26988932490348816,16,0.33972132205963135,0.5120000000000005,True
37.825,14,79.133146,1.0,0.2821536958217621,20,0.47412145137786865,0.3500000000000003,True
29.745,19,79.287062,1.0,0.27129361033439636,15,0.3736248314380646,0.5100000000000005,True
45.825,14,79.393622,1.0,0.3262733221054077,23,0.49901649355888367,0.3500000000000003,True
39.825,13,79.49541,1.0,0.28763946890830994,22,0.5365890264511108,0.3500000000000003,True
45.825,14,79.614085,1.0,0.2683731019496918,23,0.5019299983978271,0.3500000000000003,True
39.745,20,79.772479,1.0,0.3171716630458832,20,0.45304304361343384,0.5100000000000005,True
43.745,20,79.921205,1.0,0.28366318345069885,22,0.4453415870666504,0.5100000000000005,True
39.745,18,80.062389,1.0,0.2981172800064087,20,0.48861920833587646,0.5100000000000005,True
45.745,19,80.208515,1.0,0.3035072088241577,23,0.4567796289920807,0.5100000000000005,True
39.733,20,80.364458,1.0,0.3115202784538269,21,0.4413195252418518,0.5340000000000005,True
43.825,14,80.471189,1.0,0.2698633074760437,23,0.5346218347549438,0.3500000000000003,True
43.825,13,80.581448,1.0,0.31429803371429443,22,0.4832647740840912,0.3500000000000003,True
39.745,20,80.777348,1.0,0.32128289341926575,22,0.5627301931381226,0.5100000000000005,True
41.745,18,80.919624,1.0,0.31581220030784607,22,0.5687722563743591,0.5100000000000005,True
43.825,13,81.018866,1.0,0.3224032521247864,23,0.5282894968986511,0.3500000000000003,True
45.825,12,81.117241,1.0,0.31285157799720764,23,0.5865636467933655,0.3500000000000003,True
37.825,13,81.217677,1.0,0.29199081659317017,20,0.5225545167922974,0.3500000000000003,True
47.785,16,81.342425,1.0,0.30326712131500244,24,0.46426865458488464,0.4300000000000004,True
39.825,14,81.452148,1.0,0.2849065065383911,20,0.4802367091178894,0.3500000000000003,True
43.81,15,81.567795,1.0,0.2844470739364624,23,0.5222824811935425,0.38000000000000034,True
43.745,20,81.746806,1.0,0.31708988547325134,22,0.5396164059638977,0.5100000000000005,True
39.794,16,81.869259,1.0,0.2981620728969574,20,0.4751802086830139,0.41200000000000037,True
41.825,14,81.973017,1.0,0.30242693424224854,21,0.5471506118774414,0.3500000000000003,True
37.81,15,82.087912,1.0,0.30630895495414734,21,0.4460846781730652,0.38000000000000034,True
39.825,13,82.192349,1.0,0.32158130407333374,22,0.4901049733161926,0.3500000000000003,True
41.825,13,82.29065,1.0,0.2984667718410492,23,0.5786949992179871,0.3500000000000003,True
41.825,13,82.389127,1.0,0.3099701404571533,24,0.5413566827774048,0.3500000000000003,True
39.81,15,82.500286,1.0,0.29937154054641724,21,0.5152602791786194,0.38000000000000034,True
41.825,11,82.588223,1.0,0.32141101360321045,22,0.4858773946762085,0.3500000000000002,True
35.825,13,82.687815,1.0,0.30483540892601013,18,0.41239574551582336,0.3500000000000003,True
39.813,15,82.818854,1.0,0.2834392189979553,20,0.4693162143230438,0.37400000000000033,True
45.825,13,83.245147,1.0,0.33135855197906494,23,0.536378800868988,0.3500000000000003,True
41.825,14,83.355321,1.0,0.3139021694660187,22,0.4992585778236389,0.3500000000000003,True
37.825,14,83.47046,1.0,0.2926080524921417,19,0.4767519235610962,0.3500000000000003,True
39.825,14,83.579822,1.0,0.30163729190826416,22,0.5391174554824829,0.3500000000000003,True
39.825,14,83.685466,1.0,0.29451805353164673,20,0.4755132794380188,0.3500000000000003,True
37.825,11,83.794142,1.0,0.3334956765174866,21,0.4117176830768585,0.3500000000000002,True
37.825,14,83.910338,1.0,0.3279114365577698,20,0.5442687273025513,0.3500000000000003,True
43.825,12,83.998321,1.0,0.3014253079891205,23,0.5391905307769775,0.3500000000000003,True
37.81,15,84.111871,1.0,0.29351332783699036,19,0.4058474004268646,0.38000000000000034,True
41.825,12,84.202126,1.0,0.3108811378479004,22,0.5299355983734131,0.3500000000000003,True
43.813,13,84.301649,1.0,0.329419881105423,22,0.5827052593231201,0.37400000000000033,True
47.825,11,84.38798,1.0,0.2910923361778259,24,0.5055190324783325,0.3500000000000002,True
35.782,19,84.536629,1.0,0.2953379154205322,20,0.4492565989494324,0.4360000000000004,True
41.825,13,84.635425,1.0,0.28577011823654175,22,0.5444803833961487,0.3500000000000003,True
41.825,13,84.7399,1.0,0.297988623380661,21,0.4783942401409149,0.3500000000000003,True
41.825,13,84.86558,1.0,0.27041855454444885,22,0.46552032232284546,0.3500000000000003,True
41.825,11,84.946963,1.0,0.27583298087120056,22,0.47202616930007935,0.3500000000000002,True
39.825,11,85.033504,1.0,0.2988334894180298,21,0.496736079454422,0.3500000000000002,True
43.825,12,85.128904,1.0,0.2946633994579315,23,0.5198912620544434,0.3500000000000003,True
39.825,13,85.235039,1.0,0.3050880432128906,20,0.4648556113243103,0.3500000000000003,True
37.825,12,85.333666,1.0,0.32956311106681824,20,0.5313718914985657,0.3500000000000003,True
33.825,13,85.436893,1.0,0.26742249727249146,17,0.3828023374080658,0.3500000000000003,True
45.825,12,85.53107,1.0,0.3005601167678833,26,0.5801951885223389,0.3500000000000003,True
39.805,16,85.656948,1.0,0.3025415539741516,22,0.4764503240585327,0.39000000000000035,True
45.825,13,85.761289,1.0,0.3222016990184784,24,0.5196648836135864,0.3500000000000003,True
45.825,11,85.866608,1.0,0.304078072309494,24,0.5530992150306702,0.3500000000000002,True
43.825,14,85.976938,1.0,0.264351487159729,22,0.47177770733833313,0.3500000000000003,True
37.825,13,86.079637,1.0,0.32267463207244873,19,0.4370521306991577,0.3500000000000003,True
45.825,12,86.171334,1.0,0.32160425186157227,23,0.5467469692230225,0.3500000000000003,True
35.81,15,86.291805,1.0,0.2939310669898987,21,0.4516630172729492,0.38000000000000034,True
29.905,6,86.340159,0.5859375,0.6153920888900757,16,0.3450200855731964,0.19000000000000017,True
43.809,15,86.456717,1.0,0.302126407623291,22,0.529666006565094,0.38200000000000034,True
45.825,12,86.553046,1.0,0.3214266300201416,24,0.6354359984397888,0.3500000000000003,True
41.76,17,86.681172,1.0,0.3102482557296753,22,0.5107842683792114,0.4800000000000003,True
45.825,14,86.79376,1.0,0.3132651746273041,24,0.5456410646438599,0.3500000000000003,True
43.81,15,86.926605,1.0,0.2790050506591797,22,0.4349452555179596,0.38000000000000034,True
39.745,18,87.061043,1.0,0.3154371976852417,22,0.5412655472755432,0.5100000000000005,True
33.81,15,87.17796,1.0,0.3053130805492401,17,0.3509795367717743,0.38000000000000034,True
33.785,16,87.299029,1.0,0.32018333673477173,18,0.4105008840560913,0.4300000000000004,True
43.745,18,87.437171,1.0,0.30021220445632935,22,0.530323326587677,0.5100000000000005,True
43.825,14,87.554844,1.0,0.30323585867881775,22,0.5107438564300537,0.3500000000000003,True
43.81,15,87.66899,1.0,0.3021696209907532,23,0.5513643026351929,0.38000000000000034,True
41.785,16,87.789587,1.0,0.2840241491794586,21,0.4513663947582245,0.4300000000000004,True
45.81,15,87.913588,1.0,0.2977505922317505,23,0.5677553415298462,0.38000000000000034,True
35.794,16,88.042586,1.0,0.29311275482177734,19,0.4202837646007538,0.41200000000000037,True
47.825,14,88.146599,1.0,0.26782462000846863,24,0.5974903702735901,0.3500000000000003,True
43.825,13,88.249338,1.0,0.32459402084350586,24,0.4980281591415405,0.3500000000000003,True
33.725,21,88.40741,1.0,0.3288229703903198,18,0.48421812057495117,0.5500000000000005,True
37.825,13,88.501318,1.0,0.30745697021484375,19,0.4515487849712372,0.3500000000000003,True
39.809,15,88.6186,1.0,0.29951268434524536,22,0.5467560291290283,0.38200000000000034,True
43.825,14,88.725457,1.0,0.3060714602470398,22,0.5008148550987244,0.3500000000000003,True
43.825,13,88.82891,1.0,0.32769423723220825,22,0.5116224884986877,0.3500000000000003,True
39.825,12,88.91845,1.0,0.2876160740852356,20,0.4119703471660614,0.3500000000000003,True
35.825,14,89.045851,1.0,0.28857290744781494,18,0.40195342898368835,0.3500000000000003,True
41.825,14,89.155573,1.0,0.3046015501022339,21,0.4665733575820923,0.3500000000000003,True
35.785,16,89.374973,1.0,0.3175920248031616,19,0.45585134625434875,0.4300000000000004,True
35.825,14,89.543916,1.0,0.31717008352279663,19,0.4334126114845276,0.3500000000000003,True
35.81,15,89.718451,1.0,0.3186264634132385,20,0.5078011155128479,0.38000000000000034,True
43.825,14,89.8915,1.0,0.28691181540489197,22,0.5315586924552917,0.3500000000000003,True
41.825,12,90.035664,1.0,0.26636672019958496,21,0.48594141006469727,0.3500000000000003,True
41.825,13,90.187042,1.0,0.3132328391075134,22,0.4035934805870056,0.3500000000000003,True
43.825,14,90.344999,1.0,0.294675350189209,22,0.5536593794822693,0.3500000000000003,True
35.825,13,90.492936,1.0,0.2867477536201477,19,0.4907853901386261,0.3500000000000003,True
43.825,14,90.654566,1.0,0.33557549118995667,23,0.5115047693252563,0.3500000000000003,True
37.84,10,90.776298,0.953125,0.31489336490631104,21,0.4703616499900818,0.3200000000000002,True
37.825,14,90.968862,1.0,0.29609888792037964,19,0.4239106774330139,0.3500000000000003,True
39.785,16,91.18468,1.0,0.3029295802116394,20,0.502739429473877,0.4300000000000004,True
47.825,14,91.343773,1.0,0.33287739753723145,25,0.6594492197036743,0.3500000000000003,True
39.825,14,91.505008,1.0,0.30892109870910645,20,0.4106624722480774,0.3500000000000003,True
39.825,14,91.657633,1.0,0.291968435049057,20,0.4560319483280182,0.3500000000000003,True
39.825,14,91.83567,1.0,0.33240658044815063,21,0.4902389943599701,0.3500000000000003,True
41.825,13,91.98714,1.0,0.31141871213912964,22,0.5493362545967102,0.3500000000000003,True
41.825,13,92.127634,1.0,0.30134302377700806,22,0.5060672163963318,0.3500000000000003,True
39.809,13,92.295334,1.0,0.2978365421295166,20,0.4591655135154724,0.38200000000000034,True
39.825,12,92.43325,1.0,0.28569769859313965,20,0.4453083574771881,0.3500000000000003,True
43.825,14,92.612823,1.0,0.31739145517349243,22,0.5288386344909668,0.3500000000000003,True
39.825,12,92.757273,1.0,0.2955155074596405,21,0.48823514580726624,0.3500000000000003,True
37.81,15,92.928617,1.0,0.28550758957862854,20,0.5144402980804443,0.38000000000000034,True
43.825,12,93.07726,1.0,0.32136985659599304,22,0.48718786239624023,0.3500000000000003,True
39.798,16,93.303991,1.0,0.2671719789505005,20,0.497256338596344,0.40400000000000036,True
41.81,15,93.512476,1.0,0.31489288806915283,23,0.5687474012374878,0.38000000000000034,True
47.81,15,93.649261,1.0,0.311247318983078,24,0.5681300759315491,0.38000000000000034,True
45.825,13,93.751405,1.0,0.29883554577827454,23,0.5160920023918152,0.3500000000000003,True
41.825,14,93.859792,1.0,0.32665979862213135,21,0.4843789339065552,0.3500000000000003,True
47.825,14,93.968458,1.0,0.29521602392196655,24,0.5741320848464966,0.3500000000000003,True
45.785,16,94.090979,1.0,0.3404185175895691,24,0.5664014220237732,0.4300000000000004,True
47.825,14,94.201262,1.0,0.32551127672195435,25,0.604235053062439,0.3500000000000003,True
45.825,14,94.308436,1.0,0.30177271366119385,24,0.5977441072463989,0.3500000000000003,True
41.825,14,94.432432,1.0,0.30201804637908936,21,0.5192948579788208,0.3500000000000003,True
37.7,22,94.606918,1.0,0.3345488905906677,20,0.49646636843681335,0.6000000000000005,True
37.785,16,95.188908,1.0,0.2714587152004242,19,0.42959487438201904,0.4300000000000004,True
39.745,19,95.334589,1.0,0.26055851578712463,20,0.5188587307929993,0.5100000000000005,True
41.825,11,95.438694,1.0,0.31113481521606445,21,0.43170931935310364,0.3500000000000002,True
35.733,21,95.611626,1.0,0.3353864252567291,20,0.4942519962787628,0.5340000000000005,True
41.76,17,95.747013,1.0,0.3305548429489136,22,0.5527405142784119,0.4800000000000003,True
41.81,15,95.862342,1.0,0.297518253326416,23,0.5433138608932495,0.38000000000000034,True
39.825,13,95.960529,1.0,0.29343515634536743,21,0.5161888599395752,0.3500000000000003,True
39.81,15,96.076129,1.0,0.2792394459247589,20,0.5341421961784363,0.38000000000000034,True
41.825,14,96.184674,1.0,0.32213395833969116,23,0.5906803011894226,0.3500000000000003,True
41.81,15,96.29977,1.0,0.3248456120491028,22,0.5017678737640381,0.38000000000000034,True
41.81,15,96.41961,1.0,0.3338123559951782,22,0.5851750373840332,0.38000000000000034,True
41.825,14,96.542664,1.0,0.31863531470298767,21,0.5057898163795471,0.3500000000000003,True
41.825,12,96.637125,1.0,0.2892672121524811,21,0.49486711621284485,0.3500000000000003,True
31.825,14,96.740391,1.0,0.3011023700237274,17,0.4013531804084778,0.3500000000000003,True
39.825,14,96.85212,1.0,0.3105034828186035,22,0.4572027623653412,0.3500000000000003,True
43.825,14,96.957823,1.0,0.28164899349212646,23,0.5271607041358948,0.3500000000000003,True
45.825,14,97.065464,1.0,0.2895156443119049,23,0.5036916136741638,0.3500000000000003,True
45.825,14,97.171118,1.0,0.29179131984710693,23,0.48097655177116394,0.3500000000000003,True
37.745,18,97.3143,1.0,0.3026113212108612,19,0.4697360396385193,0.5100000000000005,True
47.825,14,97.421615,1.0,0.31287139654159546,24,0.5254849791526794,0.3500000000000003,True
37.825,13,97.545767,1.0,0.28454864025115967,20,0.4981524348258972,0.3500000000000003,True
49.825,13,97.645918,1.0,0.27933424711227417,25,0.5162941813468933,0.3500000000000003,True
39.794,16,97.768686,1.0,0.2685084939002991,20,0.4181239902973175,0.41200000000000037,True
47.825,12,97.858326,1.0,0.2985073924064636,24,0.5361735820770264,0.3500000000000003,True
37.809,14,97.962908,1.0,0.2512902021408081,19,0.4441974461078644,0.38200000000000034,True
43.825,14,98.067468,1.0,0.28010094165802,22,0.5053228139877319,0.3500000000000003,True
43.785,16,98.190142,1.0,0.30839088559150696,23,0.5659751892089844,0.4300000000000004,True
37.81,15,98.303554,1.0,0.28797438740730286,21,0.4102473258972168,0.38000000000000034,True
41.825,14,98.408404,1.0,0.30924928188323975,22,0.5488544702529907,0.3500000000000003,True
43.825,14,98.535941,1.0,0.2915954887866974,22,0.47474512457847595,0.3500000000000003,True
41.825,14,98.645637,1.0,0.2878650426864624,21,0.482269823551178,0.3500000000000003,True
45.825,14,98.752145,1.0,0.27189573645591736,24,0.5770069360733032,0.3500000000000003,True
35.825,13,98.854732,1.0,0.2632331848144531,19,0.44683295488357544,0.3500000000000003,True
45.825,12,98.945936,1.0,0.2885114252567291,23,0.5220150351524353,0.3500000000000003,True
41.825,13,99.043519,1.0,0.30046170949935913,23,0.4878912568092346,0.3500000000000003,True
41.825,14,99.155165,1.0,0.27810239791870117,23,0.5484514832496643,0.3500000000000003,True
43.825,13,99.257406,1.0,0.3104868531227112,23,0.5430777072906494,0.3500000000000003,True
41.813,15,99.379631,1.0,0.2841939330101013,21,0.45984190702438354,0.37400000000000033,True
43.825,13,99.477909,1.0,0.2735588550567627,22,0.39810946583747864,0.3500000000000003,True
37.825,13,99.602682,1.0,0.2939372956752777,20,0.4711152911186218,0.3500000000000003,True
39.825,13,99.701762,1.0,0.283028244972229,20,0.4407975971698761,0.3500000000000003,True
49.825,13,99.809686,1.0,0.32573577761650085,26,0.5969105362892151,0.3500000000000003,True
43.825,14,99.922515,1.0,0.30046844482421875,22,0.5087746977806091,0.3500000000000003,True
41.81,15,100.038044,1.0,0.29830896854400635,22,0.49998652935028076,0.38000000000000034,True
43.825,14,100.143016,1.0,0.32333770394325256,22,0.5811926126480103,0.3500000000000003,True
35.825,14,100.251155,1.0,0.2871946692466736,18,0.3755941092967987,0.3500000000000003,True
45.825,11,100.337155,1.0,0.29385918378829956,23,0.5395250916481018,0.3500000000000002,True
41.825,13,100.436364,1.0,0.3279213309288025,22,0.5530663132667542,0.3500000000000003,True
41.825,13,100.540713,1.0,0.30681315064430237,21,0.45329931378364563,0.3500000000000003,True
47.825,12,100.647586,1.0,0.31486111879348755,25,0.619924008846283,0.3500000000000003,True
47.809,13,100.750088,1.0,0.3152424097061157,24,0.5676769018173218,0.38200000000000034,True
41.825,12,100.847101,1.0,0.31533145904541016,21,0.4893682301044464,0.3500000000000003,True
41.825,14,100.955571,1.0,0.30862006545066833,21,0.5341138243675232,0.3500000000000003,True
45.825,12,101.049357,1.0,0.3031368851661682,23,0.5302253365516663,0.3500000000000003,True
37.825,14,101.177447,1.0,0.3003970980644226,21,0.5511823892593384,0.3500000000000003,True
37.813,14,101.295984,1.0,0.2892604470252991,19,0.4302663803100586,0.37400000000000033,True
29.825,14,101.416174,1.0,0.3339956998825073,16,0.41785138845443726,0.3500000000000003,True
45.84,10,101.496279,0.953125,0.32368457317352295,23,0.5131545662879944,0.3200000000000002,True
37.825,13,101.623949,1.0,0.27559491991996765,19,0.4767606854438782,0.3500000000000003,True
45.825,11,101.713123,1.0,0.3091549873352051,23,0.5518486499786377,0.3500000000000002,True
41.825,13,101.815437,1.0,0.31344956159591675,22,0.5326378345489502,0.3500000000000003,True
37.813,15,101.93813,1.0,0.29630982875823975,21,0.5567824840545654,0.37400000000000033,True
39.84,10,102.018205,0.953125,0.35102081298828125,21,0.5195775628089905,0.3200000000000002,True
39.825,12,102.108292,1.0,0.31622055172920227,21,0.539672315120697,0.3500000000000003,True
39.825,12,102.204687,1.0,0.27397555112838745,20,0.5094931125640869,0.3500000000000003,True
43.825,12,102.298331,1.0,0.2951269745826721,22,0.5027384161949158,0.3500000000000003,True
37.825,12,102.392815,1.0,0.286904513835907,20,0.42832282185554504,0.3500000000000003,True
41.809,14,102.501725,1.0,0.3000611662864685,22,0.5113774538040161,0.38200000000000034,True
39.825,14,102.615808,1.0,0.29134857654571533,21,0.4847792088985443,0.3500000000000003,True
43.825,11,102.724349,1.0,0.30156123638153076,22,0.4979696273803711,0.3500000000000002,True
47.825,11,102.811808,1.0,0.2822703719139099,24,0.5216875076293945,0.3500000000000002,True
47.825,12,102.908684,1.0,0.29339298605918884,24,0.46960023045539856,0.3500000000000003,True
39.825,13,103.007775,1.0,0.2806161046028137,22,0.49963080883026123,0.3500000000000003,True
39.825,13,103.110705,1.0,0.31062954664230347,20,0.4172016978263855,0.3500000000000003,True
43.825,13,103.214376,1.0,0.2980307936668396,22,0.544261634349823,0.3500000000000003,True
39.825,14,103.320508,1.0,0.3005502223968506,21,0.4775492250919342,0.3500000000000003,True
41.825,12,103.423645,1.0,0.311219722032547,21,0.44242510199546814,0.3500000000000003,True
39.825,13,103.526352,1.0,0.3113754391670227,22,0.5389976501464844,0.3500000000000003,True
43.817,14,103.723427,1.0,0.3003773093223572,24,0.6053043603897095,0.3660000000000003,True
41.825,14,103.902969,1.0,0.2844299077987671,22,0.5294860005378723,0.3500000000000003,True
43.825,11,104.026384,1.0,0.3213776648044586,23,0.5775758028030396,0.3500000000000002,True
45.81,15,104.200983,1.0,0.307026743888855,24,0.5652744174003601,0.38000000000000034,True
43.825,13,104.344074,1.0,0.30285561084747314,23,0.5175014734268188,0.3500000000000003,True
45.825,13,104.490908,1.0,0.31984683871269226,23,0.541059672832489,0.3500000000000003,True
33.81,15,104.667623,1.0,0.3071131706237793,17,0.3491629362106323,0.38000000000000034,True
45.81,15,104.850008,1.0,0.32628220319747925,24,0.5689824819564819,0.38000000000000034,True
43.825,12,104.989729,1.0,0.31116968393325806,22,0.543107807636261,0.3500000000000003,True
43.825,14,105.154809,1.0,0.2925148010253906,23,0.5529903769493103,0.3500000000000003,True
37.825,14,105.330129,1.0,0.26931795477867126,19,0.4251120686531067,0.3500000000000003,True
47.809,14,105.488692,1.0,0.31154629588127136,25,0.5061502456665039,0.38200000000000034,True
41.809,14,105.651972,1.0,0.30496981739997864,22,0.5198608040809631,0.38200000000000034,True
31.825,14,105.803476,1.0,0.29062873125076294,17,0.39397987723350525,0.3500000000000003,True
41.825,14,106.429413,1.0,0.3199629783630371,21,0.5045154094696045,0.3500000000000003,True
39.769,17,106.624479,1.0,0.32498985528945923,22,0.5146395564079285,0.4620000000000004,True
37.813,14,106.780354,1.0,0.312997430562973,20,0.4743398427963257,0.37400000000000033,True
35.825,14,106.966107,1.0,0.3179144263267517,19,0.4676666557788849,0.3500000000000003,True
47.825,14,107.143086,1.0,0.29705002903938293,24,0.5778254866600037,0.3500000000000003,True
45.809,13,107.288038,1.0,0.2984521985054016,24,0.5402144193649292,0.38200000000000034,True
45.825,12,107.450465,1.0,0.30873364210128784,23,0.5037873387336731,0.3500000000000003,True
39.825,14,107.631819,1.0,0.31343650817871094,20,0.45170482993125916,0.3500000000000003,True
41.84,10,107.766787,0.953125,0.31796756386756897,21,0.5131888389587402,0.3200000000000002,True
45.825,14,107.913292,1.0,0.2989058792591095,24,0.4942784011363983,0.3500000000000003,True
39.825,14,108.032889,1.0,0.30047887563705444,21,0.5553799867630005,0.3500000000000003,True
45.825,12,108.133605,1.0,0.29947566986083984,24,0.5491235852241516,0.3500000000000003,True
37.825,12,108.222219,1.0,0.30632561445236206,19,0.433091938495636,0.3500000000000003,True
45.825,12,108.315546,1.0,0.2961067259311676,23,0.5374749898910522,0.3500000000000003,True
37.825,14,108.420848,1.0,0.33354514837265015,21,0.5081825852394104,0.3500000000000003,True
43.825,12,108.519946,1.0,0.29397010803222656,24,0.5710511803627014,0.3500000000000003,True
41.825,12,108.609735,1.0,0.3119155764579773,22,0.44060102105140686,0.3500000000000003,True
37.825,14,108.719546,1.0,0.3074975907802582,20,0.39640122652053833,0.3500000000000003,True
35.81,15,108.838317,1.0,0.28597790002822876,19,0.44254815578460693,0.38000000000000034,True
39.825,14,108.946099,1.0,0.2961171269416809,21,0.4870244860649109,0.3500000000000003,True
37.825,14,109.062946,1.0,0.32176676392555237,20,0.42012903094291687,0.3500000000000003,True
45.813,15,109.183956,1.0,0.2883942127227783,23,0.5336721539497375,0.37400000000000033,True
39.825,11,109.274785,1.0,0.287423312664032,22,0.588408887386322,0.3500000000000002,True
43.825,14,109.390754,1.0,0.32379400730133057,24,0.5693360567092896,0.3500000000000003,True
35.825,13,109.489859,1.0,0.27876079082489014,19,0.4984341263771057,0.3500000000000003,True
37.825,11,109.578979,1.0,0.28878331184387207,20,0.5045486688613892,0.3500000000000002,True
43.81,15,109.692851,1.0,0.2916184067726135,22,0.5616282224655151,0.38000000000000034,True
35.76,17,109.826089,1.0,0.2967812418937683,18,0.4076527953147888,0.4800000000000003,True
33.74,19,109.973295,1.0,0.3010205626487732,17,0.3826177418231964,0.5200000000000005,True
35.825,14,110.08849,1.0,0.29141005873680115,20,0.44395577907562256,0.3500000000000003,True
39.825,14,110.207381,1.0,0.34167173504829407,22,0.5787289142608643,0.3500000000000003,True
43.825,11,110.295302,1.0,0.2905292809009552,23,0.5573598146438599,0.3500000000000002,True
41.825,11,110.380256,1.0,0.30469268560409546,23,0.5817253589630127,0.3500000000000002,True
41.84,10,110.456628,0.953125,0.3258311152458191,21,0.520561933517456,0.3200000000000002,True
41.825,13,110.57239,1.0,0.3113442063331604,22,0.5060052871704102,0.3500000000000003,True
43.825,11,110.658915,1.0,0.30510836839675903,23,0.5811313390731812,0.3500000000000002,True
47.825,12,110.752905,1.0,0.33113038539886475,24,0.5674155950546265,0.3500000000000003,True
39.825,13,110.857172,1.0,0.3448787331581116,21,0.5307188630104065,0.3500000000000003,True
39.825,13,110.958181,1.0,0.3143136501312256,21,0.43706586956977844,0.3500000000000003,True
39.825,14,111.069285,1.0,0.34941598773002625,20,0.4545336365699768,0.3500000000000003,True
39.825,12,111.183088,1.0,0.28742021322250366,21,0.5015385150909424,0.3500000000000003,True
41.825,14,111.294837,1.0,0.31843477487564087,21,0.43090149760246277,0.3500000000000003,True
41.813,14,111.426198,1.0,0.305696964263916,22,0.492075115442276,0.37400000000000033,True
35.81,15,111.543436,1.0,0.2843840718269348,18,0.4255363345146179,0.38000000000000034,True
43.825,11,111.629636,1.0,0.3248206377029419,23,0.4758046865463257,0.3500000000000002,True
43.801,16,111.754802,1.0,0.30066537857055664,22,0.4950084388256073,0.39800000000000035,True
47.825,14,111.868216,1.0,0.3247690498828888,25,0.5843656063079834,0.3500000000000003,True
39.825,14,111.978115,1.0,0.32601916790008545,21,0.4918358623981476,0.3500000000000003,True
33.825,14,112.083679,1.0,0.2945706844329834,19,0.4924037754535675,0.3500000000000003,True
33.785,16,112.222734,1.0,0.30628448724746704,18,0.4282646179199219,0.4300000000000004,True
41.825,13,112.321963,1.0,0.29499831795692444,21,0.5140178203582764,0.3500000000000003,True
39.825,13,112.424537,1.0,0.28880101442337036,20,0.4524240791797638,0.3500000000000003,True
37.825,14,112.527564,1.0,0.31219685077667236,20,0.4776359796524048,0.3500000000000003,True
39.81,15,112.644641,1.0,0.28294283151626587,20,0.49775612354278564,0.38000000000000034,True
49.825,12,112.745231,1.0,0.30591416358947754,25,0.619063138961792,0.3500000000000003,True
49.825,12,112.835732,1.0,0.29217728972435,25,0.6330922245979309,0.3500000000000003,True
41.825,13,112.935749,1.0,0.31128689646720886,21,0.4599654972553253,0.3500000000000003,True
31.825,13,113.033916,1.0,0.2891838550567627,18,0.4370436370372772,0.3500000000000003,True
47.825,14,113.144317,1.0,0.30022940039634705,24,0.5457983613014221,0.3500000000000003,True
49.798,16,113.28516,1.0,0.3255508840084076,25,0.5646446943283081,0.40400000000000036,True
33.745,18,113.427701,1.0,0.3084481358528137,20,0.5050626397132874,0.5100000000000005,True
43.81,15,113.543115,1.0,0.27425941824913025,22,0.5278926491737366,0.38000000000000034,True
37.745,18,113.684129,1.0,0.2851007878780365,19,0.39209407567977905,0.5100000000000005,True
43.825,14,113.791884,1.0,0.25991472601890564,22,0.46002906560897827,0.3500000000000003,True
43.813,15,113.910706,1.0,0.30651313066482544,22,0.536725640296936,0.37400000000000033,True
43.825,14,114.018056,1.0,0.3038291335105896,22,0.5387985706329346,0.3500000000000003,True
39.805,14,114.124626,1.0,0.2937956154346466,21,0.5010380148887634,0.39000000000000035,True
39.825,13,114.219588,1.0,0.3180842399597168,21,0.5340650081634521,0.3500000000000003,True
39.801,16,114.356208,1.0,0.2839798629283905,21,0.5432911515235901,0.39800000000000035,True
39.825,14,114.466932,1.0,0.33068299293518066,21,0.40542057156562805,0.3500000000000003,True
31.825,13,114.569153,1.0,0.28232768177986145,17,0.4336395263671875,0.3500000000000003,True
37.825,13,114.668649,1.0,0.26182007789611816,19,0.4296623766422272,0.3500000000000003,True
41.825,13,114.772121,1.0,0.28383195400238037,21,0.4727248549461365,0.3500000000000003,True
39.825,14,114.879427,1.0,0.3038046360015869,21,0.4431391954421997,0.3500000000000003,True
41.825,13,114.979179,1.0,0.2755652368068695,21,0.493899405002594,0.3500000000000003,True
37.825,14,115.090802,1.0,0.2890687584877014,19,0.5130109190940857,0.3500000000000003,True
41.825,12,115.184979,1.0,0.3007888197898865,23,0.5429971218109131,0.3500000000000003,True
41.825,11,115.269676,1.0,0.3021237850189209,21,0.5281462669372559,0.3500000000000002,True
45.813,14,115.395478,1.0,0.3190942108631134,23,0.52745121717453,0.37400000000000033,True
41.825,12,115.484807,1.0,0.306507408618927,21,0.4161176383495331,0.3500000000000003,True
41.825,14,115.601852,1.0,0.27857378125190735,21,0.48672211170196533,0.3500000000000003,True
39.745,19,115.747735,1.0,0.3184431195259094,23,0.5245168805122375,0.5100000000000005,True
39.81,15,115.862386,1.0,0.3008257746696472,22,0.5127342343330383,0.38000000000000034,True
37.81,15,115.979161,1.0,0.29566866159439087,19,0.3889312446117401,0.38000000000000034,True
31.825,14,116.086231,1.0,0.294999361038208,18,0.46417728066444397,0.3500000000000003,True
43.809,15,116.201023,1.0,0.3018779158592224,23,0.5450674295425415,0.38200000000000034,True
37.825,14,116.311036,1.0,0.30792418122291565,19,0.48100802302360535,0.3500000000000003,True
41.813,14,116.430498,1.0,0.31334173679351807,22,0.5479793548583984,0.37400000000000033,True
39.81,15,116.552516,1.0,0.3224412798881531,21,0.5048986077308655,0.38000000000000034,True
39.81,15,116.670288,1.0,0.30307960510253906,20,0.5126057863235474,0.38000000000000034,True
41.785,16,117.172176,1.0,0.30060023069381714,22,0.5051864981651306,0.4300000000000004,True
45.794,16,117.296203,1.0,0.29903191328048706,23,0.528496265411377,0.41200000000000037,True
45.825,12,117.422974,1.0,0.2897193133831024,24,0.5075697302818298,0.3500000000000003,True
41.825,14,117.530048,1.0,0.30129143595695496,22,0.4685913622379303,0.3500000000000003,True
45.825,13,117.631886,1.0,0.3109597861766815,23,0.5818342566490173,0.3500000000000003,True
39.745,18,117.765549,1.0,0.3214547634124756,22,0.5519870519638062,0.5100000000000005,True
39.745,20,117.982695,1.0,0.29672864079475403,20,0.433181494474411,0.5100000000000005,True
39.81,15,118.162095,1.0,0.27912068367004395,20,0.46780455112457275,0.38000000000000034,True
45.813,14,118.316993,1.0,0.2919449806213379,23,0.5226026177406311,0.37400000000000033,True
33.825,14,118.487187,1.0,0.27384117245674133,18,0.42543041706085205,0.3500000000000003,True
45.825,12,118.621843,1.0,0.31586480140686035,23,0.5486218333244324,0.3500000000000003,True
41.81,15,118.789002,1.0,0.30567508935928345,22,0.5471177697181702,0.38000000000000034,True
43.825,14,118.949225,1.0,0.3069339990615845,23,0.5827955007553101,0.3500000000000003,True
39.81,15,119.119432,1.0,0.30054450035095215,21,0.4801386594772339,0.38000000000000034,True
31.745,20,119.356226,1.0,0.32194799184799194,18,0.4461250901222229,0.5100000000000005,True
41.825,14,119.526856,1.0,0.3132344186306,22,0.46748092770576477,0.3500000000000003,True
41.825,13,119.694168,1.0,0.313745379447937,21,0.5253077745437622,0.3500000000000003,True
37.745,18,119.902857,1.0,0.2928575277328491,21,0.531762957572937,0.5100000000000005,True
33.825,13,120.050813,1.0,0.2606434226036072,18,0.3437343239784241,0.3500000000000003,True
41.825,13,120.208254,1.0,0.30169665813446045,22,0.4331755042076111,0.3500000000000003,True
35.84,10,120.320135,0.953125,0.33212628960609436,20,0.4789277911186218,0.3200000000000002,True
41.825,14,120.471977,1.0,0.27729088068008423,22,0.4385518431663513,0.3500000000000003,True
41.825,13,120.645356,1.0,0.2747735381126404,21,0.5115566849708557,0.3500000000000003,True
43.825,14,120.810954,1.0,0.2900323271751404,22,0.5521716475486755,0.3500000000000003,True
47.825,13,120.952016,1.0,0.32435131072998047,26,0.7085692882537842,0.3500000000000003,True
41.813,15,121.12058,1.0,0.2991730570793152,23,0.5844641923904419,0.37400000000000033,True
41.825,14,121.294496,1.0,0.2872816324234009,21,0.4909270107746124,0.3500000000000003,True
47.825,13,121.443115,1.0,0.2691825330257416,24,0.6246012449264526,0.3500000000000003,True
43.825,13,121.58648,1.0,0.293697714805603,22,0.5005319714546204,0.3500000000000003,True
39.825,14,121.775641,1.0,0.27688461542129517,21,0.45814502239227295,0.3500000000000003,True
39.825,12,121.934747,1.0,0.30962273478507996,20,0.4927583336830139,0.3500000000000003,True
39.825,14,122.112993,1.0,0.3161080479621887,22,0.5415956377983093,0.3500000000000003,True
41.825,14,122.228919,1.0,0.2937721908092499,22,0.5430634021759033,0.3500000000000003,True
41.825,13,122.326751,1.0,0.28585344552993774,23,0.4518245458602905,0.3500000000000003,True
41.825,12,122.415159,1.0,0.2972661852836609,22,0.5354584455490112,0.3500000000000003,True
37.825,13,122.521241,1.0,0.29120951890945435,20,0.45367538928985596,0.3500000000000003,True
43.825,13,122.616477,1.0,0.2890828251838684,23,0.6103874444961548,0.3500000000000003,True
49.825,14,122.727391,1.0,0.3004356622695923,25,0.5792116522789001,0.3500000000000003,True
41.825,12,122.841276,1.0,0.29256272315979004,23,0.5564426779747009,0.3500000000000003,True
41.825,13,122.939538,1.0,0.30289363861083984,24,0.5276160836219788,0.3500000000000003,True
47.825,14,123.052049,1.0,0.2922241687774658,24,0.5967276096343994,0.3500000000000003,True
47.825,13,123.174929,1.0,0.2814015746116638,24,0.5199379324913025,0.3500000000000003,True
39.809,14,123.277977,1.0,0.3110150098800659,21,0.5513980388641357,0.38200000000000034,True
37.825,14,123.39267,1.0,0.2598256468772888,19,0.42376378178596497,0.3500000000000003,True
39.825,13,123.492735,1.0,0.2816094160079956,20,0.5399518609046936,0.3500000000000003,True
43.825,13,123.603065,1.0,0.29393470287323,23,0.5887894630432129,0.3500000000000003,True
41.825,13,123.71544,1.0,0.3164658844470978,21,0.4509902000427246,0.3500000000000003,True
37.825,14,123.84121,1.0,0.3065485954284668,19,0.427141398191452,0.3500000000000003,True
39.825,14,123.947778,1.0,0.32815831899642944,20,0.4367855191230774,0.3500000000000003,True
41.809,15,124.064347,1.0,0.33171483874320984,23,0.5344120860099792,0.38200000000000034,True
35.825,13,124.164747,1.0,0.27859097719192505,19,0.4523791968822479,0.3500000000000003,True
31.809,15,124.278625,1.0,0.2888926863670349,19,0.4891934394836426,0.38200000000000034,True
43.825,14,124.386543,1.0,0.3203916549682617,22,0.5082347393035889,0.3500000000000003,True
45.825,14,124.488424,1.0,0.3252779245376587,23,0.5406843423843384,0.3500000000000003,True
43.825,12,124.582226,1.0,0.30922895669937134,23,0.5089098811149597,0.3500000000000003,True
43.813,15,124.697679,1.0,0.2803129553794861,23,0.5587133169174194,0.37400000000000033,True
41.825,13,124.805686,1.0,0.25067296624183655,21,0.49251285195350647,0.3500000000000003,True
43.825,13,124.936172,1.0,0.3045973777770996,22,0.527826726436615,0.3500000000000003,True
35.813,15,125.057277,1.0,0.31690913438796997,19,0.4765796661376953,0.37400000000000033,True
29.825,13,125.158392,1.0,0.29681718349456787,17,0.3965236246585846,0.3500000000000003,True
43.809,15,125.269849,1.0,0.30423903465270996,23,0.5851234197616577,0.38200000000000034,True
39.825,14,125.38857,1.0,0.2981235384941101,21,0.5443612933158875,0.3500000000000003,True
43.825,13,125.491161,1.0,0.33600103855133057,24,0.5674494504928589,0.3500000000000003,True
37.81,15,125.604568,1.0,0.28100985288619995,20,0.46412959694862366,0.38000000000000034,True
47.825,13,125.702361,1.0,0.2948566675186157,24,0.4630221724510193,0.3500000000000003,True
43.825,14,125.809915,1.0,0.3182295560836792,22,0.44347870349884033,0.3500000000000003,True
39.825,14,125.930475,1.0,0.34047842025756836,21,0.5424863696098328,0.3500000000000003,True
41.825,14,126.037563,1.0,0.31623098254203796,21,0.495141863822937,0.3500000000000003,True
43.825,14,126.139004,1.0,0.3056771755218506,22,0.4988500773906708,0.3500000000000003,True
45.825,14,126.244561,1.0,0.31736958026885986,23,0.52979576587677,0.3500000000000003,True
43.825,14,126.34975,1.0,0.30821844935417175,22,0.5024889707565308,0.3500000000000003,True
29.81,15,126.464087,1.0,0.2685199975967407,16,0.35923850536346436,0.38000000000000034,True
43.825,13,126.563751,1.0,0.3330893814563751,24,0.5819284915924072,0.3500000000000003,True
43.825,14,126.670672,1.0,0.2933346629142761,22,0.4750760793685913,0.3500000000000003,True
39.825,14,126.781922,1.0,0.28503096103668213,20,0.38840895891189575,0.3500000000000003,True
31.825,13,126.882843,1.0,0.2829897105693817,19,0.43947547674179077,0.3500000000000003,True
41.825,13,127.001666,1.0,0.2927205562591553,21,0.49853387475013733,0.3500000000000003,True
43.825,13,127.105551,1.0,0.30503594875335693,22,0.4722699820995331,0.3500000000000003,True
41.825,11,127.190045,1.0,0.29852095246315,22,0.5204817056655884,0.3500000000000002,True
45.825,12,127.282648,1.0,0.32993656396865845,23,0.6043779850006104,0.3500000000000003,True
35.825,12,127.37393,1.0,0.2800978124141693,18,0.4132499396800995,0.3500000000000003,True
43.813,13,127.490258,1.0,0.32550451159477234,23,0.5678226947784424,0.37400000000000033,True
39.825,13,127.596219,1.0,0.2981870770454407,22,0.5733361840248108,0.3500000000000003,True
39.84,10,127.677528,0.953125,0.32316839694976807,21,0.5000455379486084,0.3200000000000002,True
35.825,14,127.785201,1.0,0.2999955415725708,18,0.42613455653190613,0.3500000000000003,True
37.825,12,127.875887,1.0,0.3218652009963989,20,0.4241330027580261,0.3500000000000003,True
47.825,12,127.979261,1.0,0.30260974168777466,24,0.4603232741355896,0.3500000000000003,True
29.825,13,128.079986,1.0,0.2936117649078369,15,0.3794574737548828,0.3500000000000003,True
37.825,14,128.185625,1.0,0.3080517649650574,20,0.4566551446914673,0.3500000000000003,True
45.825,13,128.279391,1.0,0.3141605257987976,23,0.5670633912086487,0.3500000000000003,True
43.809,13,128.377714,1.0,0.2851710915565491,24,0.5766780376434326,0.38200000000000034,True
45.825,13,128.475605,1.0,0.2984324097633362,24,0.4761887788772583,0.3500000000000003,True
37.825,13,128.887303,1.0,0.2712706923484802,20,0.47445109486579895,0.3500000000000003,True
45.825,12,128.985639,1.0,0.2978094220161438,23,0.5541690587997437,0.3500000000000003,True
39.825,13,129.094376,1.0,0.294529527425766,20,0.43698692321777344,0.3500000000000003,True
41.825,12,129.184695,1.0,0.32295066118240356,22,0.4964951276779175,0.3500000000000003,True
45.825,12,129.270612,1.0,0.3085554540157318,23,0.5902950167655945,0.3500000000000003,True
43.825,12,129.36855,1.0,0.31415480375289917,22,0.5308451056480408,0.3500000000000003,True
47.825,11,129.449507,1.0,0.3027613162994385,24,0.5610232949256897,0.3500000000000002,True
37.825,13,129.546201,1.0,0.28605812788009644,20,0.5040284991264343,0.3500000000000003,True
45.825,13,129.641431,1.0,0.3182780146598816,26,0.6027432084083557,0.3500000000000003,True
41.825,12,129.740901,1.0,0.2948858141899109,22,0.4911143183708191,0.3500000000000003,True
47.809,14,129.849711,1.0,0.2968739867210388,24,0.5657081007957458,0.38200000000000034,True
31.825,14,129.953638,1.0,0.27501416206359863,17,0.3967035412788391,0.3500000000000003,True
43.825,11,130.05849,1.0,0.32577013969421387,22,0.5262746214866638,0.3500000000000002,True
47.825,13,130.154273,1.0,0.3043942451477051,24,0.5710408687591553,0.3500000000000003,True
35.825,13,130.252397,1.0,0.3005351424217224,19,0.45190340280532837,0.3500000000000003,True
37.825,12,130.34426,1.0,0.2799879312515259,20,0.48692113161087036,0.3500000000000003,True
39.825,13,130.439274,1.0,0.319247841835022,21,0.5181642770767212,0.3500000000000003,True
33.825,13,130.5435,1.0,0.3265441358089447,17,0.41820427775382996,0.3500000000000003,True
43.825,13,130.637623,1.0,0.3027259111404419,23,0.5568594336509705,0.3500000000000003,True
37.825,14,130.749932,1.0,0.3079673945903778,20,0.4697687029838562,0.3500000000000003,True
43.825,13,130.858757,1.0,0.3021060824394226,24,0.5443554520606995,0.3500000000000003,True
39.825,12,130.945227,1.0,0.308651864528656,22,0.513555109500885,0.3500000000000003,True
41.825,14,131.057117,1.0,0.29107460379600525,22,0.46777042746543884,0.3500000000000003,True
41.825,14,131.178792,1.0,0.3367703855037689,23,0.575025200843811,0.3500000000000003,True
37.825,14,131.284602,1.0,0.2950655221939087,19,0.43039676547050476,0.3500000000000003,True
47.825,12,131.379218,1.0,0.32254600524902344,24,0.5419400930404663,0.3500000000000003,True
37.825,13,131.490745,1.0,0.29965800046920776,19,0.4467732012271881,0.3500000000000003,True
33.809,14,131.601046,1.0,0.2931414246559143,19,0.4865474998950958,0.38200000000000034,True
41.825,13,131.71203,1.0,0.3393080234527588,22,0.5003955364227295,0.3500000000000003,True
41.825,11,131.799096,1.0,0.3014586567878723,21,0.5738431215286255,0.3500000000000002,True
41.825,14,131.906425,1.0,0.3027394413948059,22,0.47927555441856384,0.3500000000000003,True
43.825,14,132.017198,1.0,0.3197968602180481,24,0.5881273150444031,0.3500000000000003,True
35.825,13,132.147328,1.0,0.2875847816467285,19,0.46997788548469543,0.3500000000000003,True
39.825,14,132.323466,1.0,0.32217931747436523,20,0.4294544458389282,0.3500000000000003,True
37.794,16,132.503049,1.0,0.3095070719718933,20,0.4474315941333771,0.41200000000000037,True
47.813,15,132.657974,1.0,0.3171534240245819,24,0.5583670139312744,0.37400000000000033,True
35.81,15,132.827233,1.0,0.289511501789093,19,0.48188045620918274,0.38000000000000034,True
41.81,15,132.996594,1.0,0.29238462448120117,21,0.4775012731552124,0.38000000000000034,True
39.825,13,133.149084,1.0,0.2862294912338257,20,0.4719456434249878,0.3500000000000003,True
45.825,14,133.320036,1.0,0.31572625041007996,24,0.6209941506385803,0.3500000000000003,True
39.825,13,133.479908,1.0,0.2878853380680084,21,0.5583805441856384,0.3500000000000003,True
37.809,14,133.637322,1.0,0.28657329082489014,19,0.4393466114997864,0.38200000000000034,True
39.81,15,133.859403,1.0,0.32990220189094543,21,0.5318586826324463,0.38000000000000034,True
47.825,13,134.002109,1.0,0.27502354979515076,24,0.6137292385101318,0.3500000000000003,True
39.825,14,134.161146,1.0,0.2782602310180664,20,0.4765625298023224,0.3500000000000003,True
37.81,15,134.345236,1.0,0.3296162784099579,21,0.5256163477897644,0.38000000000000034,True
43.825,14,134.494949,1.0,0.3173643946647644,22,0.5141429305076599,0.3500000000000003,True
41.809,14,134.646008,1.0,0.30513545870780945,24,0.6438516974449158,0.38200000000000034,True
49.825,14,134.814379,1.0,0.2892249822616577,25,0.547879159450531,0.3500000000000003,True
39.745,19,135.02199,1.0,0.3102675676345825,20,0.4387790858745575,0.5100000000000005,True
43.809,14,135.179116,1.0,0.2922939658164978,24,0.5900745987892151,0.38200000000000034,True
47.825,13,135.322825,1.0,0.2847523093223572,24,0.5380598306655884,0.3500000000000003,True
39.825,14,135.497984,1.0,0.3005663752555847,22,0.5486028790473938,0.3500000000000003,True
35.709,20,135.724658,1.0,0.3195728659629822,19,0.4737071692943573,0.5820000000000005,True
49.793,15,135.892957,1.0,0.2974385619163513,25,0.6357033848762512,0.41400000000000037,True
39.81,15,136.084607,1.0,0.2892182469367981,21,0.4758400619029999,0.38000000000000034,True
39.825,14,136.268198,1.0,0.2685002088546753,20,0.4255296289920807,0.3500000000000003,True
41.825,14,136.433769,1.0,0.31238123774528503,23,0.564443051815033,0.3500000000000003,True
37.76,17,136.570015,1.0,0.28123074769973755,20,0.43587538599967957,0.4800000000000003,True
35.745,20,136.718544,1.0,0.3107592463493347,19,0.4713912606239319,0.5100000000000005,True
33.745,19,136.864029,1.0,0.2928882837295532,17,0.44373857975006104,0.5100000000000005,True
39.825,13,136.96185,1.0,0.30943989753723145,20,0.526961088180542,0.3500000000000003,True
41.825,13,137.059659,1.0,0.33180856704711914,23,0.4826916456222534,0.3500000000000003,True
31.825,14,137.166175,1.0,0.26365819573402405,17,0.35674160718917847,0.3500000000000003,True
41.813,14,137.270102,1.0,0.30781325697898865,21,0.4682543873786926,0.37400000000000033,True
43.825,14,137.375477,1.0,0.31887543201446533,22,0.4289419949054718,0.3500000000000003,True
43.809,14,137.498311,1.0,0.336678683757782,23,0.5166808366775513,0.38200000000000034,True
45.825,13,137.601241,1.0,0.3363599181175232,23,0.5868536233901978,0.3500000000000003,True
39.825,12,137.693313,1.0,0.29035684466362,20,0.4469349682331085,0.3500000000000003,True
47.825,13,137.790738,1.0,0.3278453052043915,24,0.54229736328125,0.3500000000000003,True
37.825,11,137.878408,1.0,0.28567999601364136,19,0.48483145236968994,0.3500000000000002,True
39.825,13,137.973202,1.0,0.28295791149139404,20,0.52686607837677,0.3500000000000003,True
39.825,14,138.084301,1.0,0.28170162439346313,21,0.5151997804641724,0.3500000000000003,True
43.825,13,138.189085,1.0,0.29371488094329834,22,0.5003167390823364,0.3500000000000003,True
43.825,13,138.286807,1.0,0.3043276071548462,23,0.5823100805282593,0.3500000000000003,True
47.825,13,138.388437,1.0,0.3137141466140747,25,0.6116051077842712,0.3500000000000003,True
41.825,14,138.517424,1.0,0.3176591992378235,23,0.48450586199760437,0.3500000000000003,True
39.813,15,138.634039,1.0,0.29155534505844116,21,0.4538145065307617,0.37400000000000033,True
35.825,13,138.731302,1.0,0.312507301568985,20,0.4619133770465851,0.3500000000000003,True
45.825,14,138.841331,1.0,0.31522777676582336,23,0.5603709816932678,0.3500000000000003,True
45.825,14,138.949233,1.0,0.2935992479324341,25,0.6257728934288025,0.3500000000000003,True
43.825,14,139.053083,1.0,0.31608718633651733,22,0.5236760973930359,0.3500000000000003,True
35.79,16,139.176888,1.0,0.2969953119754791,19,0.4726986885070801,0.4200000000000004,True
41.825,13,139.274359,1.0,0.2854059934616089,22,0.45667630434036255,0.3500000000000003,True
45.809,14,139.382781,1.0,0.31985780596733093,24,0.5626159906387329,0.38200000000000034,True
45.825,13,139.48722,1.0,0.3216026723384857,24,0.5758234858512878,0.3500000000000003,True
39.825,13,139.612865,1.0,0.2826167643070221,20,0.4274366796016693,0.3500000000000003,True
37.825,14,139.717908,1.0,0.2902599573135376,20,0.46181342005729675,0.3500000000000003,True
45.825,14,139.829665,1.0,0.33452802896499634,23,0.5181543827056885,0.3500000000000003,True
41.813,15,139.940754,1.0,0.3012586236000061,22,0.5224682092666626,0.37400000000000033,True
39.825,14,140.04747,1.0,0.3193504512310028,22,0.5177996158599854,0.3500000000000003,True
47.825,13,140.458282,1.0,0.30566203594207764,24,0.5004220604896545,0.3500000000000003,True
41.865,9,140.525512,0.875,0.41049402952194214,22,0.5245644450187683,0.27000000000000024,True
31.825,14,140.648689,1.0,0.28189900517463684,16,0.33298569917678833,0.3500000000000003,True
37.76,17,140.776436,1.0,0.323419988155365,19,0.45338815450668335,0.4800000000000003,True
43.825,14,140.887181,1.0,0.2526152729988098,22,0.5013160705566406,0.3500000000000003,True
31.825,13,140.981674,1.0,0.3108139634132385,17,0.4280007481575012,0.3500000000000003,True
39.825,13,141.08232,1.0,0.29816675186157227,22,0.5253229141235352,0.3500000000000003,True
37.825,14,141.190092,1.0,0.31792327761650085,21,0.47625258564949036,0.3500000000000003,True
37.813,14,141.290256,1.0,0.26236802339553833,20,0.4100046753883362,0.37400000000000033,True
47.825,13,141.388803,1.0,0.31825247406959534,24,0.5482900738716125,0.3500000000000003,True
33.825,12,141.481178,1.0,0.300542950630188,17,0.40284350514411926,0.3500000000000003,True
39.825,12,141.573872,1.0,0.25628843903541565,22,0.5026665925979614,0.3500000000000003,True
41.825,14,141.694161,1.0,0.304770827293396,22,0.5116834044456482,0.3500000000000003,True
45.825,13,141.793319,1.0,0.3128088712692261,26,0.6461966037750244,0.3500000000000003,True
41.825,14,141.905776,1.0,0.3436505198478699,21,0.5246756672859192,0.3500000000000003,True
35.825,13,142.008794,1.0,0.2925570011138916,19,0.4449768662452698,0.3500000000000003,True
41.825,13,142.109284,1.0,0.2945024371147156,21,0.45256710052490234,0.3500000000000003,True
41.825,14,142.220646,1.0,0.33816730976104736,21,0.5289198160171509,0.3500000000000003,True
37.825,14,142.329962,1.0,0.2882176637649536,19,0.46806764602661133,0.3500000000000003,True
47.825,13,142.426932,1.0,0.27897799015045166,24,0.574867844581604,0.3500000000000003,True
47.825,11,142.516093,1.0,0.31344693899154663,24,0.5283548831939697,0.3500000000000002,True
39.825,14,142.623845,1.0,0.2960129380226135,20,0.39619529247283936,0.3500000000000003,True
47.825,12,142.729878,1.0,0.3040744364261627,24,0.5942156314849854,0.3500000000000003,True
45.825,12,142.824414,1.0,0.30155134201049805,24,0.5581181049346924,0.3500000000000003,True
37.825,13,142.922782,1.0,0.28945261240005493,20,0.5022163391113281,0.3500000000000003,True
45.825,11,143.008571,1.0,0.2776747941970825,24,0.5350579619407654,0.3500000000000002,True
41.825,13,143.102405,1.0,0.27994418144226074,22,0.5162121057510376,0.3500000000000003,True
39.825,14,143.212345,1.0,0.3421863615512848,21,0.4244244694709778,0.3500000000000003,True
39.813,14,143.315729,1.0,0.23742622137069702,20,0.42075425386428833,0.37400000000000033,True
45.825,12,143.40365,1.0,0.30322909355163574,23,0.4726645350456238,0.3500000000000003,True
37.81,15,143.532053,1.0,0.3007330894470215,19,0.4361776113510132,0.38000000000000034,True
43.825,12,143.625007,1.0,0.29391855001449585,23,0.49498432874679565,0.3500000000000003,True
47.813,15,143.754712,1.0,0.3214917480945587,24,0.5078047513961792,0.37400000000000033,True
41.825,14,143.87097,1.0,0.30780333280563354,21,0.48584410548210144,0.3500000000000003,True
33.825,14,143.986573,1.0,0.3077528178691864,20,0.4960816502571106,0.3500000000000003,True
43.825,14,144.097773,1.0,0.3069126605987549,22,0.5889846682548523,0.3500000000000003,True
39.825,14,144.202592,1.0,0.297028124332428,21,0.571408212184906,0.3500000000000003,True
33.825,13,144.301269,1.0,0.32077139616012573,19,0.4236193001270294,0.3500000000000003,True
37.809,15,144.42071,1.0,0.27755075693130493,20,0.48853129148483276,0.38200000000000034,True
43.825,14,144.539785,1.0,0.3012070655822754,22,0.5538026690483093,0.3500000000000003,True
43.81,15,144.653812,1.0,0.28219902515411377,22,0.5085235834121704,0.38000000000000034,True
43.825,14,144.771871,1.0,0.32747235894203186,23,0.5375381112098694,0.3500000000000003,True
39.825,13,144.87639,1.0,0.31460636854171753,20,0.45384153723716736,0.3500000000000003,True
37.825,14,144.986482,1.0,0.3151189088821411,20,0.47203877568244934,0.3500000000000003,True
51.825,13,145.085845,1.0,0.32249021530151367,26,0.5747445821762085,0.3500000000000003,True
45.825,13,145.191598,1.0,0.3225167989730835,23,0.494170218706131,0.3500000000000003,True
47.825,11,145.274275,1.0,0.29126837849617004,24,0.5136709809303284,0.3500000000000002,True
39.825,13,145.375441,1.0,0.3147209882736206,21,0.4920627474784851,0.3500000000000003,True
35.825,13,145.484399,1.0,0.2845757305622101,18,0.4689754247665405,0.3500000000000003,True
43.825,12,145.578608,1.0,0.33124813437461853,23,0.5748612880706787,0.3500000000000003,True
39.825,12,145.673881,1.0,0.2775476574897766,20,0.4219839870929718,0.3500000000000003,True
37.825,12,145.790323,1.0,0.2703862488269806,19,0.4424822926521301,0.3500000000000003,True
41.825,12,145.885734,1.0,0.30372387170791626,21,0.5236057043075562,0.3500000000000003,True
39.825,13,145.981181,1.0,0.2762392461299896,21,0.4506538212299347,0.3500000000000003,True
37.825,13,146.085978,1.0,0.30716264247894287,19,0.48376336693763733,0.3500000000000003,True
41.825,12,146.180985,1.0,0.3074105978012085,23,0.5669838786125183,0.3500000000000003,True
41.825,12,146.277376,1.0,0.3150387108325958,22,0.5032516717910767,0.3500000000000003,True
39.825,13,146.373758,1.0,0.2885082960128784,20,0.5189570188522339,0.3500000000000003,True
37.825,13,146.544721,1.0,0.28237560391426086,19,0.4150095582008362,0.3500000000000003,True
35.825,12,146.689015,1.0,0.26944711804389954,20,0.4447881281375885,0.3500000000000003,True
45.825,13,146.848719,1.0,0.31477200984954834,24,0.5159807205200195,0.3500000000000003,True
37.809,15,147.014615,1.0,0.3015872836112976,20,0.5174733400344849,0.38200000000000034,True
41.825,13,147.161988,1.0,0.3027009069919586,22,0.5609786510467529,0.3500000000000003,True
41.825,13,147.30077,1.0,0.27601996064186096,21,0.5164244174957275,0.3500000000000003,True
43.825,14,147.460716,1.0,0.32596495747566223,22,0.5659147500991821,0.3500000000000003,True
45.825,14,147.620392,1.0,0.3142235577106476,24,0.5226417779922485,0.3500000000000003,True
39.809,15,147.784791,1.0,0.2936992645263672,20,0.4430851340293884,0.38200000000000034,True
39.81,15,147.986982,1.0,0.31786906719207764,21,0.49913451075553894,0.38000000000000034,True
43.825,14,148.146457,1.0,0.29859021306037903,22,0.4888778030872345,0.3500000000000003,True
47.825,13,148.297768,1.0,0.33976951241493225,24,0.5348853468894958,0.3500000000000003,True
31.745,20,148.572505,1.0,0.2805936932563782,17,0.37225526571273804,0.5100000000000005,True
45.825,13,148.726608,1.0,0.3236887454986572,24,0.5659812092781067,0.3500000000000003,True
41.825,14,148.888083,1.0,0.3056052625179291,22,0.4997927248477936,0.3500000000000003,True
45.825,14,149.067907,1.0,0.28268760442733765,24,0.5753883719444275,0.3500000000000003,True
43.825,13,149.220724,1.0,0.28649985790252686,22,0.45246076583862305,0.3500000000000003,True
45.813,13,149.371823,1.0,0.298799604177475,24,0.5534849762916565,0.37400000000000033,True
45.825,12,149.504865,1.0,0.328921377658844,24,0.5064663290977478,0.3500000000000003,True
41.825,14,149.667273,1.0,0.2783878445625305,21,0.4747902452945709,0.3500000000000003,True
43.81,15,149.862854,1.0,0.3080918788909912,22,0.48845311999320984,0.38000000000000034,True
41.825,14,150.040883,1.0,0.2907824218273163,22,0.5215491652488708,0.3500000000000003,True
37.798,16,150.239038,1.0,0.30060285329818726,20,0.512147068977356,0.40400000000000036,True
43.81,15,150.422259,1.0,0.3125239610671997,22,0.5415039658546448,0.38000000000000034,True
39.825,14,150.603185,1.0,0.29979968070983887,22,0.5121748447418213,0.3500000000000003,True
39.825,14,150.781617,1.0,0.3069887161254883,21,0.5123417973518372,0.3500000000000003,True
29.825,14,150.901474,1.0,0.3000814616680145,19,0.4558432996273041,0.3500000000000003,True
39.825,14,151.011018,1.0,0.27970874309539795,22,0.5549834370613098,0.3500000000000003,True
43.825,14,151.114841,1.0,0.30220869183540344,22,0.5279082655906677,0.3500000000000003,True
39.813,15,151.250033,1.0,0.3121306896209717,22,0.5431476831436157,0.37400000000000033,True
41.825,14,151.359399,1.0,0.31846654415130615,22,0.5131593346595764,0.3500000000000003,True
39.825,14,151.470237,1.0,0.3147907853126526,21,0.4911043047904968,0.3500000000000003,True
43.825,14,151.588192,1.0,0.2601095139980316,23,0.5568518042564392,0.3500000000000003,True
41.825,14,151.700646,1.0,0.3143543004989624,22,0.4951018989086151,0.3500000000000003,True
41.825,14,152.127325,1.0,0.2888124883174896,21,0.5217577219009399,0.3500000000000003,True
39.825,14,152.250402,1.0,0.297637015581131,21,0.47963204979896545,0.3500000000000003,True
43.81,15,152.369239,1.0,0.3182300627231598,22,0.5240143537521362,0.38000000000000034,True
35.825,14,152.472683,1.0,0.29529470205307007,20,0.5082988142967224,0.3500000000000003,True
45.825,13,152.578686,1.0,0.3023664951324463,23,0.5162046551704407,0.3500000000000003,True
37.825,14,152.6899,1.0,0.26698967814445496,19,0.44433486461639404,0.3500000000000003,True
43.825,14,152.791012,1.0,0.2651854157447815,22,0.41867369413375854,0.3500000000000003,True
37.825,14,152.906844,1.0,0.2987256348133087,21,0.5259449481964111,0.3500000000000003,True
43.805,15,153.024098,1.0,0.3059641420841217,22,0.4958525002002716,0.39000000000000035,True
39.825,14,153.134278,1.0,0.28209954500198364,20,0.4244357943534851,0.3500000000000003,True
37.809,15,153.268365,1.0,0.3082314729690552,19,0.42939111590385437,0.38200000000000034,True
45.825,13,153.368469,1.0,0.3157689571380615,24,0.5847702026367188,0.3500000000000003,True
39.825,13,153.471005,1.0,0.30609750747680664,21,0.5229877233505249,0.3500000000000003,True
37.825,13,153.572117,1.0,0.2845205068588257,21,0.4203076660633087,0.3500000000000003,True
33.745,19,153.718411,1.0,0.3353254795074463,19,0.45517805218696594,0.5100000000000005,True
37.81,15,153.837917,1.0,0.3038160800933838,21,0.5467672944068909,0.38000000000000034,True
41.745,20,153.989392,1.0,0.2963483929634094,21,0.512170672416687,0.5100000000000005,True
41.745,19,154.135128,1.0,0.29778701066970825,21,0.4132322072982788,0.5100000000000005,True
35.773,17,154.264375,1.0,0.29197779297828674,18,0.43588513135910034,0.4540000000000004,True
41.813,15,154.400343,1.0,0.2785716950893402,22,0.46758317947387695,0.37400000000000033,True
49.825,13,154.496531,1.0,0.30786269903182983,25,0.6086236834526062,0.3500000000000003,True
43.81,15,154.611976,1.0,0.3119838237762451,22,0.541130781173706,0.38000000000000034,True
39.825,14,154.718223,1.0,0.2965244650840759,21,0.4945775270462036,0.3500000000000003,True
45.825,11,154.803516,1.0,0.32103651762008667,24,0.5647913813591003,0.3500000000000002,True
39.825,14,154.91481,1.0,0.26724696159362793,20,0.49063995480537415,0.3500000000000003,True
45.825,13,155.017183,1.0,0.31376779079437256,23,0.49399441480636597,0.3500000000000003,True
47.825,13,155.113966,1.0,0.2875332534313202,24,0.5630042552947998,0.3500000000000003,True
43.825,14,155.22401,1.0,0.29812091588974,24,0.495071679353714,0.3500000000000003,True
41.825,12,155.330616,1.0,0.26484215259552,22,0.4954446256160736,0.3500000000000003,True
37.825,14,155.438124,1.0,0.2858659327030182,19,0.4768301546573639,0.3500000000000003,True
35.825,14,155.549126,1.0,0.29340600967407227,19,0.3952874541282654,0.3500000000000003,True
39.825,12,155.641423,1.0,0.32133394479751587,21,0.5330862998962402,0.3500000000000003,True
33.825,13,155.733887,1.0,0.296791136264801,20,0.4788370430469513,0.3500000000000003,True
45.805,15,155.845332,1.0,0.2898448407649994,23,0.4749939739704132,0.39000000000000035,True
39.825,13,155.943976,1.0,0.29511964321136475,20,0.48564383387565613,0.3500000000000003,True
47.825,13,156.03817,1.0,0.3304715156555176,24,0.6012402772903442,0.3500000000000003,True
33.825,13,156.133912,1.0,0.31590646505355835,18,0.4074499309062958,0.3500000000000003,True
39.809,14,156.241468,1.0,0.2933362126350403,20,0.3749387860298157,0.38200000000000034,True
37.813,13,156.333889,1.0,0.2736161947250366,21,0.4655854105949402,0.37400000000000033,True
39.825,12,156.443306,1.0,0.32279860973358154,21,0.4916923940181732,0.3500000000000003,True
45.825,14,156.552306,1.0,0.3041161000728607,24,0.6498622298240662,0.3500000000000003,True
35.825,14,156.653557,1.0,0.29065585136413574,18,0.45978879928588867,0.3500000000000003,True
45.825,13,156.750913,1.0,0.33015429973602295,23,0.6119651198387146,0.3500000000000003,True
37.825,12,156.838488,1.0,0.3197421431541443,20,0.5020765066146851,0.3500000000000003,True
41.809,14,156.940757,1.0,0.33613958954811096,21,0.5217510461807251,0.38200000000000034,True
45.825,13,157.035202,1.0,0.3082194924354553,23,0.5437508225440979,0.3500000000000003,True
41.809,13,157.127607,1.0,0.2938034236431122,23,0.6143338680267334,0.38200000000000034,True
45.825,11,157.210196,1.0,0.313129723072052,24,0.5224799513816833,0.3500000000000002,True
33.825,13,157.305547,1.0,0.28587841987609863,18,0.3557753264904022,0.3500000000000003,True
37.825,13,157.42074,1.0,0.33236902952194214,19,0.4877341091632843,0.3500000000000003,True
45.825,12,157.51756,1.0,0.3159913718700409,23,0.5369523763656616,0.3500000000000003,True
39.89,8,157.581548,0.796875,0.4615802466869354,20,0.4797707200050354,0.2200000000000002,True
39.825,11,157.662713,1.0,0.2910235822200775,22,0.4829708933830261,0.3500000000000002,True
47.825,11,157.739931,1.0,0.2995808720588684,24,0.5741929411888123,0.3500000000000002,True
35.825,12,157.84203,1.0,0.2591235339641571,18,0.43237993121147156,0.3500000000000003,True
35.825,12,157.934704,1.0,0.2828860282897949,18,0.39557206630706787,0.3500000000000003,True
45.825,12,158.026184,1.0,0.32639312744140625,23,0.557889997959137,0.3500000000000003,True
39.825,12,158.114874,1.0,0.2817422151565552,21,0.46820229291915894,0.3500000000000003,True
41.813,12,158.204159,1.0,0.28646963834762573,21,0.5089585781097412,0.3740000000000002,True
39.813,13,158.301444,1.0,0.3197338283061981,22,0.5704997181892395,0.37400000000000033,True
43.825,11,158.385731,1.0,0.3248591423034668,24,0.5131964087486267,0.3500000000000002,True
45.825,11,158.486396,1.0,0.3110358417034149,23,0.5473353266716003,0.3500000000000002,True
37.813,14,158.612391,1.0,0.29710835218429565,20,0.45500579476356506,0.37400000000000033,True
37.817,14,158.714918,1.0,0.3045385479927063,21,0.5644322037696838,0.3660000000000003,True
41.825,11,158.797835,1.0,0.3066079318523407,21,0.48663991689682007,0.3500000000000002,True
39.825,13,158.90054,1.0,0.32758331298828125,21,0.5157261490821838,0.3500000000000003,True
33.813,13,158.996438,1.0,0.2676636576652527,18,0.41322803497314453,0.37400000000000033,True
43.817,14,159.105821,1.0,0.32130002975463867,22,0.5212924480438232,0.3660000000000003,True
45.825,12,159.195869,1.0,0.29783496260643005,23,0.5542883276939392,0.3500000000000003,True
45.809,13,159.290588,1.0,0.31641536951065063,23,0.556613564491272,0.38200000000000034,True
37.825,12,159.380741,1.0,0.31637004017829895,21,0.5875385999679565,0.3500000000000003,True
45.825,12,159.48541,1.0,0.3174581527709961,24,0.6042485237121582,0.3500000000000003,True
41.805,14,159.59139,1.0,0.307725191116333,23,0.5991320013999939,0.39000000000000035,True
37.809,14,159.693485,1.0,0.31612628698349,20,0.4130799174308777,0.38200000000000034,True
41.825,13,159.789848,1.0,0.3200452923774719,22,0.48524588346481323,0.3500000000000003,True
41.809,13,159.894932,1.0,0.2945815920829773,22,0.5625398755073547,0.38200000000000034,True
45.825,11,159.979537,1.0,0.3000408411026001,23,0.5889763236045837,0.3500000000000002,True
47.825,13,160.080782,1.0,0.3164710998535156,24,0.6163806915283203,0.3500000000000003,True
45.797,15,160.1981,1.0,0.27438390254974365,24,0.5915952324867249,0.40600000000000036,True
41.825,13,160.293094,1.0,0.34375888109207153,25,0.575571596622467,0.3500000000000003,True
37.809,15,160.405405,1.0,0.2996981143951416,21,0.44858700037002563,0.38200000000000034,True
41.825,13,160.518904,1.0,0.32025623321533203,22,0.4904380440711975,0.3500000000000003,True
43.825,13,160.630717,1.0,0.308887779712677,22,0.5160454511642456,0.3500000000000003,True
41.825,13,160.730015,1.0,0.31346985697746277,23,0.5558657050132751,0.3500000000000003,True
39.825,13,160.867628,1.0,0.2731265425682068,20,0.4713937044143677,0.3500000000000003,True
39.809,15,161.053362,1.0,0.30153989791870117,20,0.5092659592628479,0.38200000000000034,True
41.825,13,161.20381,1.0,0.31119000911712646,21,0.5207639336585999,0.3500000000000003,True
43.825,14,161.368164,1.0,0.26817047595977783,22,0.4490034282207489,0.3500000000000003,True
41.825,13,161.532308,1.0,0.26734596490859985,21,0.39346030354499817,0.3500000000000003,True
37.81,15,161.726617,1.0,0.3322586119174957,21,0.48280268907546997,0.38000000000000034,True
39.825,13,161.866258,1.0,0.3242111802101135,20,0.45909494161605835,0.3500000000000003,True
45.825,14,162.022859,1.0,0.30048254132270813,23,0.5702736377716064,0.3500000000000003,True
35.809,15,162.18423,1.0,0.2968708276748657,18,0.4278111457824707,0.38200000000000034,True
43.809,15,162.367373,1.0,0.29747921228408813,23,0.5237579941749573,0.38200000000000034,True
43.825,14,162.986032,1.0,0.3010684847831726,23,0.5195428133010864,0.3500000000000003,True
41.81,15,163.155579,1.0,0.30718401074409485,22,0.5358016490936279,0.38000000000000034,True
47.825,14,163.31035,1.0,0.31216925382614136,24,0.6094527840614319,0.3500000000000003,True
39.794,16,163.485071,1.0,0.3043307065963745,21,0.5191314220428467,0.41200000000000037,True
41.813,14,163.643449,1.0,0.3008195161819458,22,0.5255969166755676,0.37400000000000033,True
45.825,14,163.805773,1.0,0.29744118452072144,23,0.48419931530952454,0.3500000000000003,True
45.825,14,163.951784,1.0,0.30573755502700806,23,0.5213606357574463,0.3500000000000003,True
43.825,13,164.115097,1.0,0.2981651723384857,22,0.5287960767745972,0.3500000000000003,True
41.825,13,164.265413,1.0,0.31841498613357544,21,0.5222353339195251,0.3500000000000003,True
43.825,13,164.402871,1.0,0.3261071443557739,23,0.5743631720542908,0.3500000000000003,True
49.825,13,164.551659,1.0,0.29823601245880127,25,0.5926771759986877,0.3500000000000003,True
41.825,13,164.706363,1.0,0.29277992248535156,21,0.5271422266960144,0.3500000000000003,True
33.825,14,164.894188,1.0,0.32487165927886963,18,0.41351133584976196,0.3500000000000003,True
39.825,13,165.031764,1.0,0.2881942391395569,22,0.5221992135047913,0.3500000000000003,True
49.809,14,165.136755,1.0,0.31067854166030884,26,0.5852077007293701,0.38200000000000034,True
33.825,13,165.230738,1.0,0.31234270334243774,20,0.48722171783447266,0.3500000000000003,True
41.825,13,165.329954,1.0,0.2862294912338257,21,0.474956214427948,0.3500000000000003,True
45.825,13,165.424934,1.0,0.2938821017742157,23,0.5379166007041931,0.3500000000000003,True
41.825,12,165.521017,1.0,0.31605178117752075,21,0.48817843198776245,0.3500000000000003,True
47.825,12,165.610592,1.0,0.3025206923484802,24,0.5688011050224304,0.3500000000000003,True
45.825,13,165.707134,1.0,0.2931002676486969,23,0.5066486597061157,0.3500000000000003,True
39.825,13,165.806518,1.0,0.2982141375541687,21,0.4632919132709503,0.3500000000000003,True
41.825,12,165.909939,1.0,0.29570043087005615,22,0.42553478479385376,0.3500000000000003,True
39.825,12,166.001684,1.0,0.2737703323364258,20,0.5290350317955017,0.3500000000000003,True
39.825,13,166.100238,1.0,0.3314715623855591,21,0.564781129360199,0.3500000000000003,True
41.825,13,166.201436,1.0,0.30163055658340454,21,0.5164394378662109,0.3500000000000003,True
39.825,14,166.309224,1.0,0.3273363709449768,20,0.4331554174423218,0.3500000000000003,True
37.825,14,166.41064,1.0,0.30386191606521606,19,0.4258113205432892,0.3500000000000003,True
39.825,12,166.501882,1.0,0.2850528359413147,22,0.5930934548377991,0.3500000000000003,True
43.825,13,166.60782,1.0,0.31212759017944336,22,0.5451668500900269,0.3500000000000003,True
35.825,13,166.702001,1.0,0.28895312547683716,19,0.4370593726634979,0.3500000000000003,True
41.825,12,166.790305,1.0,0.30152323842048645,23,0.5203501582145691,0.3500000000000003,True
43.801,16,166.92179,1.0,0.3133208751678467,24,0.5817403197288513,0.39800000000000035,True
39.825,13,167.015075,1.0,0.26700788736343384,20,0.4768725633621216,0.3500000000000003,True
43.825,12,167.10925,1.0,0.3241539001464844,23,0.4927515983581543,0.3500000000000003,True
41.825,13,167.203565,1.0,0.3209380507469177,21,0.5716882348060608,0.3500000000000003,True
37.825,12,167.296012,1.0,0.32214492559432983,20,0.5089539885520935,0.3500000000000003,True
37.809,14,167.400132,1.0,0.3341732919216156,21,0.4994395673274994,0.38200000000000034,True
41.825,13,167.499253,1.0,0.304701566696167,21,0.5839459300041199,0.3500000000000003,True
35.825,13,167.610593,1.0,0.2958337664604187,20,0.5008819699287415,0.3500000000000003,True
43.825,13,167.709505,1.0,0.314208984375,23,0.490170419216156,0.3500000000000003,True
37.825,13,167.805391,1.0,0.2805764973163605,19,0.4446773827075958,0.3500000000000003,True
37.825,13,167.904654,1.0,0.2918027639389038,21,0.4583621621131897,0.3500000000000003,True
41.825,12,168.007007,1.0,0.31368288397789,22,0.5949814319610596,0.3500000000000003,True
37.825,11,168.098528,1.0,0.2654130160808563,20,0.44509565830230713,0.3500000000000002,True
45.825,12,168.187831,1.0,0.29646819829940796,23,0.49840691685676575,0.3500000000000003,True
43.825,14,168.294936,1.0,0.32634520530700684,22,0.47191551327705383,0.3500000000000003,True
41.825,12,168.386202,1.0,0.3321065306663513,21,0.5159146785736084,0.3500000000000003,True
37.813,13,168.481598,1.0,0.2798624038696289,19,0.4194817841053009,0.37400000000000033,True
43.825,13,168.589919,1.0,0.31468451023101807,22,0.4511016011238098,0.3500000000000003,True
43.825,12,168.682839,1.0,0.2855570614337921,23,0.583735466003418,0.3500000000000003,True
43.825,13,168.779972,1.0,0.32559406757354736,23,0.5855098366737366,0.3500000000000003,True
39.825,13,168.877534,1.0,0.2892953157424927,21,0.43435239791870117,0.3500000000000003,True
37.825,13,168.989468,1.0,0.2944316267967224,20,0.4399147629737854,0.3500000000000003,True
39.825,13,169.093563,1.0,0.2899380624294281,21,0.5068272352218628,0.3500000000000003,True
45.809,13,169.189795,1.0,0.3175232410430908,24,0.5915123224258423,0.38200000000000034,True
45.825,11,169.271769,1.0,0.3250763416290283,23,0.5538529753684998,0.3500000000000002,True
41.809,14,169.372128,1.0,0.3199765384197235,21,0.5582122802734375,0.38200000000000034,True
43.825,14,169.476742,1.0,0.3016805052757263,22,0.5229381322860718,0.3500000000000003,True
39.825,13,169.575213,1.0,0.337169885635376,23,0.5848803520202637,0.3500000000000003,True
41.825,12,169.662444,1.0,0.2896234691143036,22,0.5065015554428101,0.3500000000000003,True
39.825,12,169.75339,1.0,0.30021896958351135,20,0.5411015748977661,0.3500000000000003,True
47.825,12,169.846291,1.0,0.26044395565986633,24,0.5771396160125732,0.3500000000000003,True
33.825,14,169.951253,1.0,0.28811296820640564,17,0.38999301195144653,0.3500000000000003,True
45.825,12,170.062996,1.0,0.3190702199935913,24,0.5675424933433533,0.3500000000000003,True
41.813,12,170.151796,1.0,0.310001403093338,21,0.4902324676513672,0.3740000000000002,True
41.825,11,170.234725,1.0,0.313088059425354,21,0.5208515524864197,0.3500000000000002,True
41.825,12,170.327954,1.0,0.30751630663871765,22,0.5605457425117493,0.3500000000000003,True
39.825,12,170.412537,1.0,0.28538310527801514,20,0.38878029584884644,0.3500000000000003,True
45.825,12,170.502443,1.0,0.28991255164146423,23,0.53755784034729,0.3500000000000003,True
41.825,12,170.590521,1.0,0.29795214533805847,21,0.46691086888313293,0.3500000000000003,True
39.825,12,170.70559,1.0,0.2878895103931427,21,0.5433350801467896,0.3500000000000003,True
35.84,10,170.78118,0.953125,0.31416523456573486,20,0.4668365716934204,0.3200000000000002,True
39.84,10,170.854914,0.953125,0.3233252167701721,23,0.5308572053909302,0.3200000000000002,True
47.825,11,170.938937,1.0,0.2984907031059265,24,0.538381814956665,0.3500000000000002,True
39.825,13,171.034793,1.0,0.2733781337738037,21,0.49573105573654175,0.3500000000000003,True
41.825,13,171.152185,1.0,0.26562604308128357,21,0.4888721704483032,0.3500000000000003,True
45.825,12,171.242577,1.0,0.30003821849823,23,0.572691798210144,0.3500000000000003,True
41.825,12,171.331615,1.0,0.28521642088890076,22,0.5119745135307312,0.3500000000000003,True
41.825,12,171.428084,1.0,0.3084138035774231,21,0.5092081427574158,0.3500000000000003,True
39.825,12,171.517533,1.0,0.3049395978450775,20,0.4371750056743622,0.3500000000000003,True
45.825,11,171.600637,1.0,0.32968759536743164,24,0.5823571681976318,0.3500000000000002,True
35.825,12,171.695681,1.0,0.30088672041893005,19,0.4409600496292114,0.3500000000000003,True
33.825,13,171.796798,1.0,0.2948957085609436,18,0.4276406466960907,0.3500000000000003,True
39.825,12,171.88778,1.0,0.29155173897743225,21,0.5296335816383362,0.3500000000000003,True
33.825,12,171.980269,1.0,0.2701612114906311,18,0.387238085269928,0.3500000000000003,True
39.825,13,172.081731,1.0,0.31954318284988403,21,0.5083069801330566,0.3500000000000003,True
39.825,12,172.188692,1.0,0.2899651527404785,20,0.4566322863101959,0.3500000000000003,True
37.825,12,172.277562,1.0,0.2806583046913147,20,0.4383639991283417,0.3500000000000003,True
39.825,13,172.377746,1.0,0.2691512703895569,20,0.4610440135002136,0.3500000000000003,True
33.825,12,172.464475,1.0,0.281782865524292,19,0.41962528228759766,0.3500000000000003,True
41.825,13,172.569345,1.0,0.30973416566848755,21,0.5287925004959106,0.3500000000000003,True
43.825,13,172.668738,1.0,0.29592233896255493,22,0.5839845538139343,0.3500000000000003,True
45.825,12,172.75902,1.0,0.3105139434337616,23,0.5416080951690674,0.3500000000000003,True
43.825,12,172.85162,1.0,0.29515403509140015,23,0.5590957403182983,0.3500000000000003,True
35.809,14,172.955764,1.0,0.2875811457633972,19,0.410960853099823,0.38200000000000034,True
43.825,12,173.050471,1.0,0.2815442979335785,22,0.5185622572898865,0.3500000000000003,True
41.825,13,173.174528,1.0,0.3300892114639282,22,0.5570541024208069,0.3500000000000003,True
37.825,12,173.555353,1.0,0.3323846459388733,23,0.5895028710365295,0.3500000000000003,True
35.825,12,173.647789,1.0,0.30096435546875,18,0.41554054617881775,0.3500000000000003,True
43.809,15,173.758936,1.0,0.36092042922973633,23,0.5379742383956909,0.38200000000000034,True
37.825,14,173.868456,1.0,0.285534143447876,20,0.4532919228076935,0.3500000000000003,True
39.825,13,173.967058,1.0,0.30195868015289307,21,0.46485471725463867,0.3500000000000003,True
39.825,14,174.07053,1.0,0.33522287011146545,21,0.49677833914756775,0.3500000000000003,True
45.825,13,174.189647,1.0,0.29295650124549866,23,0.562023401260376,0.3500000000000003,True
45.825,14,174.294224,1.0,0.344407856464386,23,0.5154968500137329,0.3500000000000003,True
43.825,14,174.402073,1.0,0.3315580487251282,22,0.45409032702445984,0.3500000000000003,True
41.825,14,174.507579,1.0,0.31549912691116333,23,0.5542811155319214,0.3500000000000003,True
41.825,13,174.606588,1.0,0.30380409955978394,22,0.522528350353241,0.3500000000000003,True
37.825,14,174.716841,1.0,0.2904209494590759,19,0.3763286769390106,0.3500000000000003,True
41.825,13,174.819826,1.0,0.31924891471862793,21,0.39916738867759705,0.3500000000000003,True
37.805,15,174.935181,1.0,0.2790243327617645,19,0.44748640060424805,0.39000000000000035,True
35.745,19,175.150776,1.0,0.3102951645851135,19,0.3849884569644928,0.5100000000000005,True
45.825,14,175.323357,1.0,0.27920764684677124,24,0.5589421391487122,0.3500000000000003,True
45.825,13,175.477033,1.0,0.29072144627571106,23,0.5897009968757629,0.3500000000000003,True
41.825,13,175.622094,1.0,0.30227380990982056,21,0.46453559398651123,0.3500000000000003,True
41.825,14,175.771252,1.0,0.32130736112594604,23,0.5264756679534912,0.3500000000000003,True
43.825,14,175.936142,1.0,0.3126338720321655,22,0.44983386993408203,0.3500000000000003,True
39.81,15,176.107157,1.0,0.313662052154541,21,0.48631763458251953,0.38000000000000034,True
45.825,14,176.266778,1.0,0.3172023892402649,23,0.5526049137115479,0.3500000000000003,True
33.825,14,176.437183,1.0,0.2763371765613556,18,0.43884313106536865,0.3500000000000003,True
43.825,14,176.619416,1.0,0.2995527982711792,22,0.46533939242362976,0.3500000000000003,True
43.81,15,176.803593,1.0,0.3006986975669861,22,0.5318394303321838,0.38000000000000034,True
39.825,14,176.971395,1.0,0.26472389698028564,22,0.5027211308479309,0.3500000000000003,True
37.825,14,177.131356,1.0,0.31838321685791016,19,0.4938196837902069,0.3500000000000003,True
41.825,14,177.285159,1.0,0.29199862480163574,21,0.41090136766433716,0.3500000000000003,True
37.813,15,177.479264,1.0,0.30313897132873535,21,0.45009979605674744,0.37400000000000033,True
39.81,15,177.662673,1.0,0.2816755473613739,21,0.431732177734375,0.38000000000000034,True
39.825,14,177.827099,1.0,0.2664203643798828,20,0.4760735332965851,0.3500000000000003,True
39.825,14,177.988872,1.0,0.300432026386261,20,0.4893212616443634,0.3500000000000003,True
43.825,13,178.131896,1.0,0.28820255398750305,22,0.46349892020225525,0.3500000000000003,True
45.809,15,178.310408,1.0,0.30540627241134644,24,0.6215216517448425,0.38200000000000034,True
45.825,14,178.484777,1.0,0.2940482497215271,23,0.5477672815322876,0.3500000000000003,True
43.825,13,178.646448,1.0,0.2961405813694,22,0.48159849643707275,0.3500000000000003,True
39.825,14,178.813643,1.0,0.30011793971061707,20,0.49337372183799744,0.3500000000000003,True
31.825,14,178.999287,1.0,0.30992794036865234,17,0.40340086817741394,0.3500000000000003,True
41.813,15,179.207006,1.0,0.3089909255504608,21,0.5166392922401428,0.37400000000000033,True
47.825,13,179.339069,1.0,0.3198046386241913,25,0.5738441944122314,0.3500000000000003,True
31.825,13,179.443852,1.0,0.306072473526001,18,0.3834417760372162,0.3500000000000003,True
35.825,14,179.555015,1.0,0.2816510796546936,20,0.44061213731765747,0.3500000000000003,True
41.809,13,179.701478,1.0,0.2703305184841156,21,0.44383013248443604,0.38200000000000034,True
39.825,14,179.810163,1.0,0.331653892993927,20,0.43150264024734497,0.3500000000000003,True
41.825,14,179.917168,1.0,0.3367432951927185,22,0.518886923789978,0.3500000000000003,True
43.825,14,180.025456,1.0,0.2954316735267639,22,0.551771879196167,0.3500000000000003,True
39.825,13,180.128675,1.0,0.32475030422210693,22,0.5278787612915039,0.3500000000000003,True
35.825,14,180.235644,1.0,0.31842225790023804,21,0.5139915943145752,0.3500000000000003,True
41.825,14,180.341265,1.0,0.3087919354438782,21,0.5391086935997009,0.3500000000000003,True
35.825,13,180.436537,1.0,0.286316454410553,19,0.4234115481376648,0.3500000000000003,True
31.785,16,180.554583,1.0,0.26053664088249207,16,0.3909916877746582,0.4300000000000004,True
41.81,15,180.669931,1.0,0.34983009099960327,24,0.5410316586494446,0.38000000000000034,True
39.825,14,180.803126,1.0,0.3308303952217102,22,0.5349441170692444,0.3500000000000003,True
41.825,13,180.90882,1.0,0.2755053639411926,22,0.5004017353057861,0.3500000000000003,True
43.825,14,181.013929,1.0,0.2959509789943695,22,0.488314151763916,0.3500000000000003,True
41.825,14,181.127428,1.0,0.30946701765060425,21,0.49456673860549927,0.3500000000000003,True
41.813,15,181.241365,1.0,0.30240869522094727,22,0.5156983733177185,0.37400000000000033,True
45.825,13,181.339797,1.0,0.3104654848575592,23,0.5277933478355408,0.3500000000000003,True
43.825,14,181.445981,1.0,0.3173550069332123,23,0.5713475942611694,0.3500000000000003,True
43.809,15,181.560139,1.0,0.3423462510108948,22,0.5094007849693298,0.38200000000000034,True
39.825,14,181.668927,1.0,0.2796722948551178,20,0.401589035987854,0.3500000000000003,True
39.813,15,181.798762,1.0,0.3139052987098694,20,0.4006952941417694,0.37400000000000033,True
41.825,14,181.907803,1.0,0.30202847719192505,22,0.5889529585838318,0.3500000000000003,True
33.81,15,182.021875,1.0,0.29761672019958496,18,0.4950581192970276,0.38000000000000034,True
45.813,15,182.135115,1.0,0.31460219621658325,23,0.5075349807739258,0.37400000000000033,True
43.825,13,182.237344,1.0,0.29504260420799255,23,0.5314676761627197,0.3500000000000003,True
39.825,14,182.347825,1.0,0.3093273937702179,21,0.5070921182632446,0.3500000000000003,True
33.825,14,182.455685,1.0,0.29098451137542725,18,0.4184311330318451,0.3500000000000003,True
35.809,14,182.564372,1.0,0.3256065845489502,19,0.47480839490890503,0.38200000000000034,True
43.825,13,182.665654,1.0,0.28970420360565186,23,0.516446590423584,0.3500000000000003,True
39.825,13,182.782391,1.0,0.31258174777030945,21,0.4786795973777771,0.3500000000000003,True
35.825,14,182.892026,1.0,0.3389298915863037,21,0.4722369611263275,0.3500000000000003,True
39.825,13,182.991818,1.0,0.2919897735118866,21,0.48994582891464233,0.3500000000000003,True
41.825,13,183.094304,1.0,0.3173550069332123,22,0.555536687374115,0.3500000000000003,True
35.825,13,183.203376,1.0,0.2973385453224182,22,0.5635018944740295,0.3500000000000003,True
41.809,14,183.316808,1.0,0.3190571963787079,21,0.47830742597579956,0.38200000000000034,True
37.825,13,183.426048,1.0,0.2931075692176819,19,0.5148703455924988,0.3500000000000003,True
39.825,13,183.524156,1.0,0.2811359167098999,21,0.497974693775177,0.3500000000000003,True
47.825,13,183.63189,1.0,0.3124937415122986,25,0.6084514260292053,0.3500000000000003,True
35.825,13,183.729703,1.0,0.2842887341976166,19,0.4829810857772827,0.3500000000000003,True
39.825,14,183.857111,1.0,0.3122093379497528,20,0.5044636130332947,0.3500000000000003,True
39.825,13,183.961451,1.0,0.31378602981567383,21,0.43584299087524414,0.3500000000000003,True
33.825,14,184.07165,1.0,0.26059550046920776,18,0.42042702436447144,0.3500000000000003,True
39.825,13,184.171582,1.0,0.3221433758735657,22,0.5005035400390625,0.3500000000000003,True
39.825,14,184.283553,1.0,0.2825824022293091,20,0.49622341990470886,0.3500000000000003,True
39.825,13,184.388485,1.0,0.30177587270736694,20,0.42893117666244507,0.3500000000000003,True
39.825,13,184.487536,1.0,0.2722931504249573,20,0.4227404296398163,0.3500000000000003,True
35.825,14,184.602069,1.0,0.2831740975379944,18,0.3932638168334961,0.3500000000000003,True
47.825,13,184.700832,1.0,0.2762819528579712,24,0.5710741281509399,0.3500000000000003,True
37.825,14,184.806437,1.0,0.2811083197593689,20,0.4737686514854431,0.3500000000000003,True
43.825,13,185.231359,1.0,0.3128458261489868,22,0.533683180809021,0.3500000000000003,True
41.809,13,185.329907,1.0,0.3055844306945801,23,0.581021249294281,0.38200000000000034,True
45.825,13,185.429847,1.0,0.2798317074775696,24,0.5379348397254944,0.3500000000000003,True
41.825,13,185.536247,1.0,0.29377061128616333,21,0.5092820525169373,0.3500000000000003,True
43.813,14,185.647126,1.0,0.29337215423583984,22,0.4852599799633026,0.37400000000000033,True
43.805,15,185.761025,1.0,0.3147241175174713,22,0.5394284129142761,0.39000000000000035,True
47.825,13,185.883484,1.0,0.31028372049331665,24,0.49548372626304626,0.3500000000000003,True
45.809,15,185.999383,1.0,0.3057016134262085,23,0.5425450801849365,0.38200000000000034,True
35.825,14,186.106971,1.0,0.3019232451915741,18,0.4146965742111206,0.3500000000000003,True
37.825,14,186.210366,1.0,0.30088096857070923,20,0.40556690096855164,0.3500000000000003,True
43.825,12,186.305359,1.0,0.2720993757247925,23,0.5781210660934448,0.3500000000000003,True
43.825,12,186.398654,1.0,0.32623735070228577,22,0.4931095540523529,0.3500000000000003,True
37.825,14,186.507584,1.0,0.28032857179641724,19,0.4158814251422882,0.3500000000000003,True
41.825,14,186.613081,1.0,0.30160343647003174,22,0.5428125858306885,0.3500000000000003,True
37.825,14,186.720774,1.0,0.30937010049819946,19,0.37488076090812683,0.3500000000000003,True
41.825,14,186.820791,1.0,0.3182196617126465,21,0.4565024673938751,0.3500000000000003,True
43.825,11,186.922019,1.0,0.298639714717865,23,0.4481331706047058,0.3500000000000002,True
39.84,10,186.998221,0.953125,0.3031816780567169,21,0.4961681365966797,0.3200000000000002,True
39.809,13,187.095673,1.0,0.30296915769577026,21,0.5269027352333069,0.38200000000000034,True
37.809,13,187.190964,1.0,0.28377828001976013,20,0.504983127117157,0.38200000000000034,True
35.825,12,187.286448,1.0,0.28638002276420593,18,0.369439959526062,0.3500000000000003,True
41.825,13,187.380817,1.0,0.2975844144821167,21,0.5118030309677124,0.3500000000000003,True
35.825,13,187.482672,1.0,0.2812609374523163,19,0.44845104217529297,0.3500000000000003,True
45.813,13,187.595284,1.0,0.3072308897972107,24,0.5540208220481873,0.37400000000000033,True
37.825,12,187.687063,1.0,0.2735057473182678,20,0.4532000720500946,0.3500000000000003,True
47.825,13,187.78567,1.0,0.33322951197624207,24,0.566173791885376,0.3500000000000003,True
45.825,13,187.882134,1.0,0.2990902364253998,23,0.5942330956459045,0.3500000000000003,True
37.825,14,188.008453,1.0,0.29379981756210327,20,0.4586816430091858,0.3500000000000003,True
45.825,13,188.108312,1.0,0.29100900888442993,23,0.45254892110824585,0.3500000000000003,True
43.825,13,188.205337,1.0,0.2908162772655487,22,0.5500062704086304,0.3500000000000003,True
39.825,14,188.314013,1.0,0.2824506163597107,22,0.4746239483356476,0.3500000000000003,True
43.825,13,188.416271,1.0,0.27975720167160034,22,0.4383566081523895,0.3500000000000003,True
47.825,14,188.52637,1.0,0.31130462884902954,24,0.5726032257080078,0.3500000000000003,True
35.825,14,188.631576,1.0,0.29187726974487305,18,0.35909679532051086,0.3500000000000003,True
45.825,13,188.732872,1.0,0.29399147629737854,23,0.5393978357315063,0.3500000000000003,True
41.825,14,188.838554,1.0,0.3180769383907318,21,0.4823102653026581,0.3500000000000003,True
27.825,14,188.948312,1.0,0.26980650424957275,14,0.36095529794692993,0.3500000000000003,True
39.825,14,189.072877,1.0,0.3102878928184509,20,0.4587191045284271,0.3500000000000003,True
37.825,14,189.182968,1.0,0.29118242859840393,20,0.4671528935432434,0.3500000000000003,True
41.825,13,189.287076,1.0,0.28605395555496216,22,0.5581496953964233,0.3500000000000003,True
43.825,14,189.471405,1.0,0.30186647176742554,22,0.4714825749397278,0.3500000000000003,True
35.825,14,189.643947,1.0,0.29973143339157104,20,0.4917986989021301,0.3500000000000003,True
39.825,14,189.808248,1.0,0.29714950919151306,21,0.5290994644165039,0.3500000000000003,True
45.825,14,189.965043,1.0,0.32284286618232727,23,0.6012875437736511,0.3500000000000003,True
39.81,15,190.141977,1.0,0.28401583433151245,20,0.4561803936958313,0.38000000000000034,True
43.825,14,190.299428,1.0,0.3101159930229187,22,0.5474674105644226,0.3500000000000003,True
41.825,14,190.459238,1.0,0.27842533588409424,22,0.4520403742790222,0.3500000000000003,True
41.825,14,190.61852,1.0,0.3080304265022278,23,0.5827585458755493,0.3500000000000003,True
41.825,14,190.776504,1.0,0.2874301075935364,22,0.5344939231872559,0.3500000000000003,True
43.825,14,190.972696,1.0,0.29764431715011597,22,0.5656222701072693,0.3500000000000003,True
39.825,13,191.149026,1.0,0.26417437195777893,20,0.4864473342895508,0.3500000000000003,True
35.825,14,191.32089,1.0,0.2769361734390259,20,0.506415605545044,0.3500000000000003,True
41.825,14,191.48063,1.0,0.3014320731163025,23,0.5437319278717041,0.3500000000000003,True
39.825,14,191.648338,1.0,0.30600476264953613,21,0.5365817546844482,0.3500000000000003,True
43.825,14,191.817234,1.0,0.285575807094574,22,0.4561106562614441,0.3500000000000003,True
45.825,13,191.963216,1.0,0.32209542393684387,25,0.6414108276367188,0.3500000000000003,True
35.81,15,192.131889,1.0,0.3267197012901306,18,0.46091821789741516,0.38000000000000034,True
39.825,14,192.310272,1.0,0.28148698806762695,20,0.39990174770355225,0.3500000000000003,True
43.825,12,192.452156,1.0,0.303911417722702,22,0.45955324172973633,0.3500000000000003,True
41.825,13,192.596488,1.0,0.31299012899398804,21,0.46704164147377014,0.3500000000000003,True
35.825,13,192.762488,1.0,0.3043692409992218,18,0.44653064012527466,0.3500000000000003,True
35.825,13,192.907031,1.0,0.29226168990135193,19,0.4935084879398346,0.3500000000000003,True
47.825,13,193.061579,1.0,0.314326673746109,24,0.5309467911720276,0.3500000000000003,True
47.825,13,193.223472,1.0,0.31595075130462646,24,0.5866959095001221,0.3500000000000003,True
41.825,14,193.421895,1.0,0.3127797245979309,21,0.4947943389415741,0.3500000000000003,True
43.825,13,193.599549,1.0,0.30742570757865906,23,0.5085077881813049,0.3500000000000003,True
41.825,14,193.73235,1.0,0.3283151388168335,21,0.5530186891555786,0.3500000000000003,True
47.825,13,193.833626,1.0,0.308762788772583,24,0.4971579909324646,0.3500000000000003,True
51.825,12,193.933542,1.0,0.2839793264865875,26,0.6131231188774109,0.3500000000000003,True
35.825,13,194.048219,1.0,0.287395179271698,18,0.3927224278450012,0.3500000000000003,True
45.825,13,194.163271,1.0,0.30562663078308105,24,0.579398512840271,0.3500000000000003,True
41.825,13,194.266094,1.0,0.3015185296535492,21,0.4528093934059143,0.3500000000000003,True
45.825,13,194.381686,1.0,0.2937789559364319,24,0.5564463138580322,0.3500000000000003,True
43.825,13,194.484185,1.0,0.3013690412044525,22,0.5362196564674377,0.3500000000000003,True
43.825,12,194.581518,1.0,0.29288148880004883,22,0.48293453454971313,0.3500000000000003,True
47.825,12,194.672879,1.0,0.3049719035625458,25,0.6691227555274963,0.3500000000000003,True
43.825,12,194.767695,1.0,0.33967316150665283,23,0.5339607000350952,0.3500000000000003,True
47.825,12,194.857042,1.0,0.3071397542953491,24,0.5278748273849487,0.3500000000000003,True
45.825,12,194.950866,1.0,0.29551398754119873,23,0.5237396955490112,0.3500000000000003,True
41.825,12,195.043202,1.0,0.29627859592437744,22,0.4407203495502472,0.3500000000000003,True
41.84,10,195.119896,0.953125,0.3062417507171631,22,0.49953386187553406,0.3200000000000002,True
39.825,13,195.220208,1.0,0.3195270299911499,22,0.5685047507286072,0.3500000000000003,True
47.825,12,195.312789,1.0,0.30490002036094666,24,0.5766319632530212,0.3500000000000003,True
31.825,12,195.424713,1.0,0.2648327350616455,17,0.42330530285835266,0.3500000000000003,True
37.825,13,195.534683,1.0,0.29630154371261597,20,0.49785882234573364,0.3500000000000003,True
41.825,13,195.633244,1.0,0.32465028762817383,22,0.5253604650497437,0.3500000000000003,True
39.825,12,195.728629,1.0,0.3025050461292267,20,0.5207884311676025,0.3500000000000003,True
41.825,13,195.82649,1.0,0.2776648700237274,22,0.5158941149711609,0.3500000000000003,True
45.825,13,195.927324,1.0,0.30539485812187195,23,0.5410497188568115,0.3500000000000003,True
41.809,15,196.045085,1.0,0.3066970109939575,21,0.5169274806976318,0.38200000000000034,True
37.825,14,196.155615,1.0,0.319703072309494,20,0.47846779227256775,0.3500000000000003,True
45.825,13,196.253186,1.0,0.31153014302253723,25,0.6079484820365906,0.3500000000000003,True
35.825,14,196.363599,1.0,0.3058667480945587,19,0.42313846945762634,0.3500000000000003,True
37.825,14,196.487348,1.0,0.2915397584438324,20,0.3988981544971466,0.3500000000000003,True
41.825,14,196.597996,1.0,0.30535733699798584,22,0.5178147554397583,0.3500000000000003,True
43.825,13,197.012142,1.0,0.3025081753730774,25,0.5891515016555786,0.3500000000000003,True
45.825,13,197.112028,1.0,0.2680095136165619,23,0.5132297873497009,0.3500000000000003,True
45.825,13,197.211801,1.0,0.28361785411834717,24,0.5621861219406128,0.3500000000000003,True
43.825,14,197.317907,1.0,0.33281072974205017,22,0.5333217978477478,0.3500000000000003,True
39.825,13,197.420662,1.0,0.28421998023986816,20,0.48342543840408325,0.3500000000000003,True
45.825,13,197.54383,1.0,0.31334012746810913,24,0.538905918598175,0.3500000000000003,True
45.825,13,197.651278,1.0,0.2937164604663849,25,0.6165234446525574,0.3500000000000003,True
37.825,14,197.759025,1.0,0.29544001817703247,19,0.4842945635318756,0.3500000000000003,True
45.825,13,197.858594,1.0,0.3069433569908142,23,0.4740714430809021,0.3500000000000003,True
37.813,15,197.981124,1.0,0.3118666410446167,22,0.533645510673523,0.37400000000000033,True
35.825,14,198.091273,1.0,0.2786790132522583,18,0.41820719838142395,0.3500000000000003,True
39.825,14,198.204283,1.0,0.3027196526527405,21,0.5422659516334534,0.3500000000000003,True
41.825,13,198.302653,1.0,0.28824058175086975,22,0.5069657564163208,0.3500000000000003,True
45.825,12,198.402992,1.0,0.2921694815158844,24,0.562727689743042,0.3500000000000003,True
37.825,13,198.501231,1.0,0.2721666097640991,19,0.475854754447937,0.3500000000000003,True
35.825,13,198.613723,1.0,0.2607330083847046,19,0.4384012520313263,0.3500000000000003,True
45.825,14,198.724516,1.0,0.3117624521255493,24,0.5248427987098694,0.3500000000000003,True
47.825,13,198.827773,1.0,0.32182562351226807,24,0.6103752851486206,0.3500000000000003,True
45.825,12,198.917647,1.0,0.2959364056587219,24,0.6228863596916199,0.3500000000000003,True
41.809,14,199.028048,1.0,0.3146965205669403,23,0.6181421279907227,0.38200000000000034,True
37.825,12,199.115768,1.0,0.28008899092674255,20,0.4320530593395233,0.3500000000000003,True
35.825,14,199.224324,1.0,0.3077324628829956,18,0.3972533345222473,0.3500000000000003,True
43.825,13,199.325856,1.0,0.32787656784057617,22,0.455997496843338,0.3500000000000003,True
37.825,13,199.42677,1.0,0.29614317417144775,22,0.5500509738922119,0.3500000000000003,True
39.825,14,199.54784,1.0,0.2816093862056732,20,0.5484753847122192,0.3500000000000003,True
45.817,15,199.671832,1.0,0.294901967048645,24,0.5558395385742188,0.3660000000000003,True
39.825,14,199.78531,1.0,0.27819615602493286,20,0.49345773458480835,0.3500000000000003,True
37.825,14,199.889114,1.0,0.2965947687625885,19,0.3935580551624298,0.3500000000000003,True
37.825,14,200.000133,1.0,0.3049046993255615,20,0.5033582448959351,0.3500000000000003,True
41.825,14,200.112144,1.0,0.3050963878631592,22,0.4687517285346985,0.3500000000000003,True
27.81,15,200.231645,1.0,0.29855895042419434,16,0.399227499961853,0.38000000000000034,True
39.825,14,200.334351,1.0,0.3109503984451294,21,0.44637569785118103,0.3500000000000003,True
31.825,14,200.442105,1.0,0.26766735315322876,17,0.4214131534099579,0.3500000000000003,True
43.825,14,200.557525,1.0,0.29633796215057373,22,0.4629010856151581,0.3500000000000003,True
41.825,13,200.677016,1.0,0.3170331120491028,22,0.5173740983009338,0.3500000000000003,True
37.825,14,200.77958,1.0,0.29823338985443115,22,0.5502339005470276,0.3500000000000003,True
45.825,12,200.874238,1.0,0.289698988199234,24,0.5789738297462463,0.3500000000000003,True
43.825,13,200.971901,1.0,0.3123989701271057,23,0.5381039977073669,0.3500000000000003,True
41.825,13,201.072919,1.0,0.2704716920852661,21,0.5793023109436035,0.3500000000000003,True
27.825,13,201.176061,1.0,0.26653391122817993,16,0.37286269664764404,0.3500000000000003,True
35.825,13,201.271087,1.0,0.30577611923217773,19,0.4462907910346985,0.3500000000000003,True
37.825,13,201.374475,1.0,0.2778179943561554,20,0.4343414306640625,0.3500000000000003,True
39.825,13,201.476869,1.0,0.30575162172317505,22,0.4907802939414978,0.3500000000000003,True
39.825,13,201.579105,1.0,0.30077993869781494,21,0.4750494658946991,0.3500000000000003,True
37.825,13,201.695443,1.0,0.3206864893436432,20,0.48054900765419006,0.3500000000000003,True
39.825,13,201.791677,1.0,0.29984498023986816,20,0.4744839072227478,0.3500000000000003,True
39.825,13,201.895768,1.0,0.3165002763271332,22,0.528580904006958,0.3500000000000003,True
47.825,13,202.004349,1.0,0.32999804615974426,24,0.5799627304077148,0.3500000000000003,True
39.825,13,202.105113,1.0,0.2861695885658264,21,0.4695739150047302,0.3500000000000003,True
39.809,14,202.215572,1.0,0.31443867087364197,22,0.5472279787063599,0.38200000000000034,True
47.825,13,202.317792,1.0,0.30469271540641785,24,0.5529637932777405,0.3500000000000003,True
41.825,12,202.409224,1.0,0.27985355257987976,21,0.4399450421333313,0.3500000000000003,True
43.825,13,202.518369,1.0,0.2904610335826874,23,0.5227912664413452,0.3500000000000003,True
37.825,13,202.619284,1.0,0.3321726620197296,21,0.5059934854507446,0.3500000000000003,True
45.825,12,202.729401,1.0,0.3053942918777466,23,0.5270313024520874,0.3500000000000003,True
43.825,12,202.820507,1.0,0.28302302956581116,22,0.5436689853668213,0.3500000000000003,True
47.825,13,202.922162,1.0,0.3184123635292053,24,0.6058974266052246,0.3500000000000003,True
43.825,13,203.026745,1.0,0.29218560457229614,22,0.5096145868301392,0.3500000000000003,True
41.809,13,203.125903,1.0,0.2888333201408386,21,0.5268949270248413,0.38200000000000034,True
35.825,13,203.224382,1.0,0.31039202213287354,19,0.5058238506317139,0.3500000000000003,True
31.825,13,203.324776,1.0,0.2820396423339844,18,0.45295923948287964,0.3500000000000003,True
35.825,13,203.424976,1.0,0.28660348057746887,18,0.418304443359375,0.3500000000000003,True
39.825,14,203.547212,1.0,0.30038774013519287,20,0.48245084285736084,0.3500000000000003,True
39.825,13,203.653693,1.0,0.317413330078125,21,0.5292536616325378,0.3500000000000003,True
35.825,13,203.843606,1.0,0.3133687973022461,20,0.44903796911239624,0.3500000000000003,True
37.825,12,203.989313,1.0,0.2761470675468445,20,0.5024985671043396,0.3500000000000003,True
39.825,11,204.114694,1.0,0.3061448931694031,22,0.5526324510574341,0.3500000000000002,True
41.825,12,204.249221,1.0,0.28885623812675476,21,0.47536057233810425,0.3500000000000003,True
33.825,13,204.391406,1.0,0.2903943657875061,19,0.48572009801864624,0.3500000000000003,True
45.825,13,204.547462,1.0,0.3014044761657715,23,0.5288637280464172,0.3500000000000003,True
41.825,13,204.686086,1.0,0.3163830637931824,22,0.5773507952690125,0.3500000000000003,True
39.825,13,204.846617,1.0,0.31544965505599976,21,0.5063876509666443,0.3500000000000003,True
45.825,13,204.997597,1.0,0.28552475571632385,23,0.5041654706001282,0.3500000000000003,True
35.825,13,205.15017,1.0,0.2807999849319458,20,0.4423353970050812,0.3500000000000003,True
35.825,13,205.315346,1.0,0.32311320304870605,19,0.45276954770088196,0.3500000000000003,True
43.825,13,205.482267,1.0,0.2892073094844818,22,0.5188489556312561,0.3500000000000003,True
37.825,12,205.628366,1.0,0.28148338198661804,19,0.47359079122543335,0.3500000000000003,True
43.825,13,205.792081,1.0,0.3006648123264313,25,0.5586878657341003,0.3500000000000003,True
35.825,14,205.970745,1.0,0.2786216735839844,18,0.4146905243396759,0.3500000000000003,True
45.825,13,206.120795,1.0,0.3155793845653534,23,0.5294913649559021,0.3500000000000003,True
45.825,11,206.250166,1.0,0.30480313301086426,24,0.6083976030349731,0.3500000000000002,True
41.825,13,206.405205,1.0,0.28877705335617065,21,0.4438335597515106,0.3500000000000003,True
43.825,13,206.565407,1.0,0.30398327112197876,22,0.46428316831588745,0.3500000000000003,True
43.825,12,206.701675,1.0,0.3007091283798218,23,0.5605248808860779,0.3500000000000003,True
37.825,13,206.852565,1.0,0.26907262206077576,19,0.3969998061656952,0.3500000000000003,True
41.809,13,207.008705,1.0,0.3201432228088379,22,0.5509020090103149,0.38200000000000034,True
41.825,12,207.162037,1.0,0.31522834300994873,22,0.5326658487319946,0.3500000000000003,True
41.825,13,207.323126,1.0,0.26811420917510986,22,0.5450640916824341,0.3500000000000003,True
37.813,14,207.480225,1.0,0.30316710472106934,19,0.4232230484485626,0.37400000000000033,True
35.825,14,207.657803,1.0,0.2859763503074646,18,0.4439760446548462,0.3500000000000003,True
37.809,14,207.848126,1.0,0.31028059124946594,20,0.5228641629219055,0.38200000000000034,True
41.825,13,208.02571,1.0,0.2912147045135498,21,0.351319819688797,0.3500000000000003,True
41.825,14,208.171605,1.0,0.32941934466362,23,0.6072410345077515,0.3500000000000003,True
45.825,13,208.273236,1.0,0.31276512145996094,23,0.5161064863204956,0.3500000000000003,True
49.825,13,208.376502,1.0,0.29526084661483765,25,0.5654499530792236,0.3500000000000003,True
35.825,13,208.790735,1.0,0.2859591543674469,19,0.4126903712749481,0.3500000000000003,True
45.825,13,208.893736,1.0,0.33306077122688293,23,0.6212130188941956,0.3500000000000003,True
49.825,13,208.993884,1.0,0.3013492524623871,25,0.5882009267807007,0.3500000000000003,True
41.825,12,209.100268,1.0,0.2912214994430542,22,0.5906216502189636,0.3500000000000003,True
41.825,14,209.22407,1.0,0.29127877950668335,23,0.4742811620235443,0.3500000000000003,True
35.825,14,209.335632,1.0,0.3045176863670349,18,0.4055786430835724,0.3500000000000003,True
39.825,13,209.436632,1.0,0.3014039397239685,21,0.4548965096473694,0.3500000000000003,True
39.825,13,209.538122,1.0,0.2815156579017639,22,0.5420584082603455,0.3500000000000003,True
39.825,13,209.642512,1.0,0.3132510781288147,23,0.540759801864624,0.3500000000000003,True
45.825,11,209.73744,1.0,0.2758772373199463,24,0.5561038255691528,0.3500000000000002,True
45.825,12,209.835893,1.0,0.3031056225299835,24,0.5442571640014648,0.3500000000000003,True
39.825,13,209.938133,1.0,0.31405583024024963,20,0.4795653223991394,0.3500000000000003,True
47.809,14,210.087522,1.0,0.29435765743255615,24,0.5644469261169434,0.38200000000000034,True
41.825,13,210.209023,1.0,0.27588194608688354,21,0.47643837332725525,0.3500000000000003,True
35.789,15,210.330105,1.0,0.2773507833480835,18,0.4267638921737671,0.4220000000000004,True
43.825,13,210.432524,1.0,0.3298506736755371,24,0.5948024392127991,0.3500000000000003,True
37.825,13,210.530777,1.0,0.282972514629364,19,0.47765442728996277,0.3500000000000003,True
47.825,13,210.637898,1.0,0.30933678150177,24,0.5576044321060181,0.3500000000000003,True
35.825,14,210.75122,1.0,0.3433624505996704,19,0.46016284823417664,0.3500000000000003,True
39.825,13,210.853309,1.0,0.3034322261810303,21,0.4484468996524811,0.3500000000000003,True
43.825,12,210.949688,1.0,0.28535863757133484,23,0.5218394994735718,0.3500000000000003,True
29.798,16,211.079322,1.0,0.3129385709762573,16,0.42259982228279114,0.40400000000000036,True
37.825,14,211.207621,1.0,0.32586339116096497,22,0.5163596868515015,0.3500000000000003,True
39.825,13,211.311972,1.0,0.2622305154800415,20,0.4499344527721405,0.3500000000000003,True
37.825,14,211.423654,1.0,0.2811124920845032,19,0.3965224623680115,0.3500000000000003,True
37.825,13,211.532746,1.0,0.3122119605541229,22,0.5022430419921875,0.3500000000000003,True
41.825,14,211.645394,1.0,0.2815479338169098,21,0.473835825920105,0.3500000000000003,True
43.825,14,211.758307,1.0,0.32585349678993225,22,0.5536960959434509,0.3500000000000003,True
41.825,14,211.877911,1.0,0.2912766933441162,21,0.4383745789527893,0.3500000000000003,True
33.825,14,211.982955,1.0,0.3062610626220703,19,0.44825661182403564,0.3500000000000003,True
39.825,14,212.098049,1.0,0.299885630607605,22,0.49366986751556396,0.3500000000000003,True
41.825,14,212.210143,1.0,0.29356592893600464,21,0.4956613779067993,0.3500000000000003,True
35.785,16,212.356693,1.0,0.29590150713920593,19,0.4343845546245575,0.4300000000000004,True
35.825,13,212.459383,1.0,0.31365007162094116,20,0.5323962569236755,0.3500000000000003,True
33.825,14,212.566288,1.0,0.27617311477661133,17,0.36927762627601624,0.3500000000000003,True
39.809,14,212.677151,1.0,0.2807197570800781,20,0.5185145139694214,0.38200000000000034,True
43.825,13,212.776655,1.0,0.282579243183136,22,0.5262332558631897,0.3500000000000003,True
41.825,13,212.875839,1.0,0.29591190814971924,21,0.4708270728588104,0.3500000000000003,True
37.825,13,212.977216,1.0,0.301593542098999,21,0.5153443813323975,0.3500000000000003,True
39.825,14,213.089464,1.0,0.3113968074321747,20,0.43269965052604675,0.3500000000000003,True
37.825,13,213.190043,1.0,0.31672215461730957,19,0.4950738251209259,0.3500000000000003,True
39.825,14,213.317254,1.0,0.27642935514450073,20,0.4512251317501068,0.3500000000000003,True
35.825,14,213.429183,1.0,0.30206337571144104,18,0.423528254032135,0.3500000000000003,True
37.825,13,213.536419,1.0,0.279976487159729,21,0.45410844683647156,0.3500000000000003,True
43.825,14,213.644699,1.0,0.30176854133605957,23,0.5357167720794678,0.3500000000000003,True
31.745,20,213.806077,1.0,0.31048113107681274,17,0.3548511862754822,0.5100000000000005,True
37.825,14,213.915085,1.0,0.3360197842121124,20,0.45845815539360046,0.3500000000000003,True
35.745,19,214.064565,1.0,0.26671725511550903,18,0.46302908658981323,0.5100000000000005,True
41.809,14,214.175185,1.0,0.3143105208873749,24,0.5588337182998657,0.38200000000000034,True
37.81,15,214.294932,1.0,0.2969296872615814,19,0.41358682513237,0.38000000000000034,True
39.809,15,214.419231,1.0,0.3000543713569641,20,0.4213295578956604,0.38200000000000034,True
45.825,13,214.521026,1.0,0.33878612518310547,24,0.5409168601036072,0.3500000000000003,True
35.81,15,214.632861,1.0,0.271687388420105,19,0.3939357399940491,0.38000000000000034,True
43.825,13,214.727658,1.0,0.29742032289505005,23,0.5527570247650146,0.3500000000000003,True
41.825,14,214.836136,1.0,0.28871506452560425,21,0.537763237953186,0.3500000000000003,True
33.825,14,214.943268,1.0,0.31040871143341064,21,0.5206392407417297,0.3500000000000003,True
43.825,14,215.052607,1.0,0.29992103576660156,22,0.4736939072608948,0.3500000000000003,True
43.809,14,215.155631,1.0,0.3191051483154297,23,0.5104614496231079,0.38200000000000034,True
41.825,13,215.255448,1.0,0.2827824056148529,21,0.5122591257095337,0.3500000000000003,True
47.813,15,215.38386,1.0,0.32170528173446655,24,0.5962311029434204,0.37400000000000033,True
39.809,14,215.491448,1.0,0.3017388582229614,22,0.4953036606311798,0.38200000000000034,True
35.825,14,215.603657,1.0,0.28182452917099,19,0.46702760457992554,0.3500000000000003,True
35.825,14,215.709465,1.0,0.2855132818222046,19,0.5152850151062012,0.3500000000000003,True
37.825,14,215.816906,1.0,0.3002377152442932,20,0.48818567395210266,0.3500000000000003,True
39.825,13,215.916624,1.0,0.29894334077835083,22,0.5233141779899597,0.3500000000000003,True
35.825,14,216.017536,1.0,0.31053268909454346,21,0.5404979586601257,0.3500000000000003,True
37.813,15,216.129859,1.0,0.2977427542209625,19,0.39467933773994446,0.37400000000000033,True
41.825,13,216.227045,1.0,0.27578142285346985,22,0.474075585603714,0.3500000000000003,True
37.825,14,216.333896,1.0,0.2952103018760681,20,0.4721745252609253,0.3500000000000003,True
43.825,13,216.44748,1.0,0.30301082134246826,22,0.6182689070701599,0.3500000000000003,True
41.825,13,216.550096,1.0,0.2853565216064453,21,0.46215173602104187,0.3500000000000003,True
45.825,13,216.649035,1.0,0.30663973093032837,23,0.5798763632774353,0.3500000000000003,True
35.825,14,216.753788,1.0,0.271499365568161,18,0.3938750922679901,0.3500000000000003,True
47.825,13,216.85032,1.0,0.3161804676055908,24,0.5314300060272217,0.3500000000000003,True
41.825,13,216.943146,1.0,0.31053426861763,21,0.5395687818527222,0.3500000000000003,True
37.825,14,217.048738,1.0,0.32190895080566406,19,0.4551234245300293,0.3500000000000003,True
39.825,14,217.152164,1.0,0.2963249683380127,20,0.47663480043411255,0.3500000000000003,True
45.825,13,217.250418,1.0,0.31177443265914917,25,0.6110790967941284,0.3500000000000003,True
47.825,13,217.344847,1.0,0.32519978284835815,24,0.6016967296600342,0.3500000000000003,True
45.825,13,217.462831,1.0,0.31423449516296387,24,0.5582212209701538,0.3500000000000003,True
33.825,13,217.564045,1.0,0.30518075823783875,18,0.42568933963775635,0.3500000000000003,True
33.825,14,217.67034,1.0,0.3180258870124817,20,0.5005135536193848,0.3500000000000003,True
33.825,14,217.774558,1.0,0.28859996795654297,18,0.47143083810806274,0.3500000000000003,True
43.809,14,217.881565,1.0,0.3028545677661896,22,0.5164013504981995,0.38200000000000034,True
41.825,13,217.976006,1.0,0.31850874423980713,21,0.5123287439346313,0.3500000000000003,True
47.825,12,218.072289,1.0,0.3040447235107422,24,0.5177876949310303,0.3500000000000003,True
45.825,12,218.222646,1.0,0.30903780460357666,24,0.6004042625427246,0.3500000000000003,True
47.825,11,218.356513,1.0,0.2987470030784607,25,0.6281952261924744,0.3500000000000002,True
41.825,12,218.503688,1.0,0.29330235719680786,21,0.4891752600669861,0.3500000000000003,True
35.825,13,218.661513,1.0,0.31324172019958496,18,0.35839393734931946,0.3500000000000003,True
39.825,12,218.789381,1.0,0.3144412636756897,21,0.5373374223709106,0.3500000000000003,True
37.825,13,218.935999,1.0,0.280425488948822,19,0.3945067226886749,0.3500000000000003,True
39.825,12,219.480464,1.0,0.3021065890789032,21,0.45981067419052124,0.3500000000000003,True
43.825,13,219.652323,1.0,0.2971270978450775,22,0.4362875521183014,0.3500000000000003,True
43.825,14,219.820377,1.0,0.28825879096984863,22,0.5279223322868347,0.3500000000000003,True
43.825,14,219.974105,1.0,0.28972089290618896,22,0.5088850855827332,0.3500000000000003,True
37.825,14,220.135913,1.0,0.30125340819358826,21,0.5172626972198486,0.3500000000000003,True
37.809,15,220.296095,1.0,0.28855985403060913,19,0.4954290986061096,0.38200000000000034,True
39.825,14,220.448119,1.0,0.31576430797576904,21,0.5458978414535522,0.3500000000000003,True
33.825,14,220.602788,1.0,0.3208146095275879,18,0.49449679255485535,0.3500000000000003,True
35.825,14,220.769114,1.0,0.2933429777622223,20,0.43251365423202515,0.3500000000000003,True
39.825,14,220.94902,1.0,0.3209417164325714,20,0.5234495401382446,0.3500000000000003,True
39.825,14,221.106242,1.0,0.2820312976837158,22,0.5075088739395142,0.3500000000000003,True
41.825,13,221.251061,1.0,0.26105284690856934,21,0.46552717685699463,0.3500000000000003,True
43.825,14,221.4245,1.0,0.3380855321884155,22,0.5218679904937744,0.3500000000000003,True
45.825,13,221.571131,1.0,0.295041024684906,24,0.5244860053062439,0.3500000000000003,True
45.825,14,221.7397,1.0,0.27701324224472046,23,0.5408343076705933,0.3500000000000003,True
43.825,14,221.90788,1.0,0.32604414224624634,22,0.5273101329803467,0.3500000000000003,True
45.825,14,222.087393,1.0,0.30917006731033325,23,0.534245491027832,0.3500000000000003,True
43.825,14,222.261607,1.0,0.2903662323951721,23,0.5223041772842407,0.3500000000000003,True
37.825,14,222.371326,1.0,0.27997076511383057,21,0.5172122120857239,0.3500000000000003,True
39.825,14,222.473068,1.0,0.3210292458534241,22,0.4578372836112976,0.3500000000000003,True
39.825,14,222.582442,1.0,0.31491005420684814,21,0.4562566876411438,0.3500000000000003,True
49.825,14,222.688434,1.0,0.3333675265312195,25,0.6428394913673401,0.3500000000000003,True
33.825,14,222.797702,1.0,0.2976875603199005,19,0.4545252025127411,0.3500000000000003,True
43.825,14,222.909618,1.0,0.29782506823539734,22,0.47186872363090515,0.3500000000000003,True
37.825,14,223.013792,1.0,0.3045385181903839,20,0.5101289749145508,0.3500000000000003,True
37.825,14,223.119642,1.0,0.30856066942214966,21,0.4815332293510437,0.3500000000000003,True
35.809,15,223.229211,1.0,0.2802317142486572,20,0.4493880867958069,0.38200000000000034,True
45.825,14,223.333393,1.0,0.3183613419532776,23,0.5302039384841919,0.3500000000000003,True
33.825,14,223.434841,1.0,0.30541515350341797,18,0.43977370858192444,0.3500000000000003,True
39.825,14,223.54542,1.0,0.31032174825668335,21,0.47319844365119934,0.3500000000000003,True
39.825,14,223.652873,1.0,0.3012622892856598,21,0.4656853973865509,0.3500000000000003,True
47.825,14,223.758511,1.0,0.3289234936237335,24,0.489623486995697,0.3500000000000003,True
37.825,13,223.883257,1.0,0.33423060178756714,21,0.5561971068382263,0.3500000000000003,True
39.825,14,223.997839,1.0,0.2711998224258423,20,0.4869854152202606,0.3500000000000003,True
41.825,14,224.107571,1.0,0.29515978693962097,21,0.4011753499507904,0.3500000000000003,True
31.729,20,224.255805,1.0,0.29174911975860596,16,0.4272925555706024,0.5420000000000005,True
41.825,14,224.360614,1.0,0.2918856143951416,21,0.4440542459487915,0.3500000000000003,True
47.825,14,224.467847,1.0,0.29952311515808105,24,0.5744514465332031,0.3500000000000003,True
41.825,14,224.581987,1.0,0.3281807005405426,23,0.48530372977256775,0.3500000000000003,True
39.825,14,224.689354,1.0,0.2955295741558075,20,0.43030884861946106,0.3500000000000003,True
43.825,13,224.786497,1.0,0.31449073553085327,23,0.5979160070419312,0.3500000000000003,True
43.825,14,224.907021,1.0,0.2986188530921936,22,0.5420255661010742,0.3500000000000003,True
37.825,14,225.011173,1.0,0.30243682861328125,20,0.4477490782737732,0.3500000000000003,True
47.825,13,225.11102,1.0,0.3147079348564148,25,0.5827720165252686,0.3500000000000003,True
39.825,14,225.215787,1.0,0.28623050451278687,21,0.5036619305610657,0.3500000000000003,True
33.825,14,225.316653,1.0,0.30441299080848694,17,0.41725003719329834,0.3500000000000003,True
41.825,14,225.420767,1.0,0.2673969864845276,21,0.529072105884552,0.3500000000000003,True
45.825,14,225.532034,1.0,0.30495578050613403,23,0.5498275756835938,0.3500000000000003,True
39.825,14,225.636889,1.0,0.2904537320137024,21,0.5173649191856384,0.3500000000000003,True
39.825,13,225.736285,1.0,0.2816833555698395,20,0.4782296419143677,0.3500000000000003,True
43.813,14,225.850896,1.0,0.3061693608760834,23,0.5238574743270874,0.37400000000000033,True
35.825,14,225.965774,1.0,0.29704636335372925,18,0.3010648488998413,0.3500000000000003,True
39.825,13,226.062711,1.0,0.2841251790523529,21,0.5329762101173401,0.3500000000000003,True
41.825,13,226.160739,1.0,0.2893114686012268,22,0.4241488575935364,0.3500000000000003,True
35.825,13,226.258297,1.0,0.30494949221611023,20,0.4593218266963959,0.3500000000000003,True
43.825,13,226.355318,1.0,0.3171638548374176,22,0.5195252299308777,0.3500000000000003,True
35.825,13,226.454661,1.0,0.28070518374443054,18,0.37840649485588074,0.3500000000000003,True
41.825,13,226.552647,1.0,0.27237701416015625,22,0.45582759380340576,0.3500000000000003,True
41.825,13,226.648037,1.0,0.290301114320755,21,0.49929457902908325,0.3500000000000003,True
37.825,13,226.747523,1.0,0.3013862371444702,19,0.3850416839122772,0.3500000000000003,True
41.825,13,226.846525,1.0,0.32861459255218506,21,0.49521273374557495,0.3500000000000003,True
45.825,14,226.977178,1.0,0.32670876383781433,23,0.49119406938552856,0.3500000000000003,True
37.809,15,227.100871,1.0,0.29199549555778503,21,0.4636971652507782,0.38200000000000034,True
35.825,14,227.217145,1.0,0.30077213048934937,19,0.49670785665512085,0.3500000000000003,True
37.809,13,227.310376,1.0,0.25024479627609253,20,0.4309835731983185,0.38200000000000034,True
39.809,14,227.412769,1.0,0.3135662078857422,20,0.44487127661705017,0.38200000000000034,True
37.825,13,227.511698,1.0,0.2823714017868042,20,0.4905538558959961,0.3500000000000003,True
41.825,13,227.610604,1.0,0.2983318567276001,21,0.5152076482772827,0.3500000000000003,True
45.825,13,227.708638,1.0,0.31189319491386414,25,0.5979723334312439,0.3500000000000003,True
37.825,14,227.814687,1.0,0.31461000442504883,20,0.508603572845459,0.3500000000000003,True
41.825,13,227.906616,1.0,0.3059849739074707,21,0.464255690574646,0.3500000000000003,True
37.825,13,228.018627,1.0,0.2887020409107208,20,0.44997960329055786,0.3500000000000003,True
45.825,13,228.117873,1.0,0.32689782977104187,23,0.5620633363723755,0.3500000000000003,True
43.825,13,228.211998,1.0,0.28982192277908325,23,0.5425235629081726,0.3500000000000003,True
37.825,14,228.316847,1.0,0.29506808519363403,21,0.4659123420715332,0.3500000000000003,True
35.825,14,228.42063,1.0,0.30036062002182007,19,0.48648709058761597,0.3500000000000003,True
35.809,14,228.531052,1.0,0.3113176226615906,21,0.43054547905921936,0.38200000000000034,True
35.825,14,228.634006,1.0,0.2871076464653015,18,0.4072238802909851,0.3500000000000003,True
39.825,14,228.737986,1.0,0.3116098642349243,22,0.4861029386520386,0.3500000000000003,True
43.825,14,228.841708,1.0,0.33331912755966187,24,0.6074362993240356,0.3500000000000003,True
45.825,13,228.931879,1.0,0.29277682304382324,23,0.5069106817245483,0.3500000000000003,True
35.825,14,229.052584,1.0,0.28807181119918823,18,0.412618488073349,0.3500000000000003,True
37.825,13,229.151541,1.0,0.292639821767807,20,0.5223085284233093,0.3500000000000003,True
41.825,14,229.256897,1.0,0.28689152002334595,22,0.5426679849624634,0.3500000000000003,True
29.825,14,229.356161,1.0,0.3082882761955261,17,0.4383811950683594,0.3500000000000003,True
45.809,15,229.467579,1.0,0.3229564428329468,23,0.6044573187828064,0.38200000000000034,True
37.825,14,229.577786,1.0,0.2838631868362427,19,0.4613618552684784,0.3500000000000003,True
37.825,13,229.680049,1.0,0.2838517427444458,19,0.47535303235054016,0.3500000000000003,True
41.825,14,229.780601,1.0,0.2900870442390442,21,0.5053694248199463,0.3500000000000003,True
35.825,14,229.886462,1.0,0.2771987020969391,18,0.36745962500572205,0.3500000000000003,True
41.825,13,230.302965,1.0,0.3048599064350128,22,0.5160815715789795,0.3500000000000003,True
43.825,13,230.396787,1.0,0.2863565683364868,22,0.5364440083503723,0.3500000000000003,True
41.825,13,230.497563,1.0,0.2857101857662201,22,0.5626242160797119,0.3500000000000003,True
41.825,13,230.601423,1.0,0.27726954221725464,22,0.5787922739982605,0.3500000000000003,True
43.825,13,230.698358,1.0,0.29713231325149536,23,0.6303955316543579,0.3500000000000003,True
43.825,13,230.797709,1.0,0.31486472487449646,22,0.624291181564331,0.3500000000000003,True
35.825,12,230.89168,1.0,0.27546370029449463,19,0.371674120426178,0.3500000000000003,True
37.825,13,230.989921,1.0,0.2797900140285492,20,0.43410733342170715,0.3500000000000003,True
39.825,14,231.118213,1.0,0.33118247985839844,21,0.48458725214004517,0.3500000000000003,True
41.825,14,231.241462,1.0,0.32692232728004456,22,0.5249367952346802,0.3500000000000003,True
45.809,14,231.347933,1.0,0.30058932304382324,23,0.5067930817604065,0.38200000000000034,True
49.809,14,231.454045,1.0,0.3102784752845764,25,0.5181764960289001,0.38200000000000034,True
47.825,13,231.551958,1.0,0.3094492554664612,25,0.5929704308509827,0.3500000000000003,True
41.825,14,231.654606,1.0,0.31391674280166626,21,0.49449798464775085,0.3500000000000003,True
45.825,13,231.757129,1.0,0.28971773386001587,25,0.563731849193573,0.3500000000000003,True
43.813,15,231.878554,1.0,0.30932164192199707,22,0.4443146884441376,0.37400000000000033,True
35.825,14,231.985023,1.0,0.28975576162338257,19,0.4896177649497986,0.3500000000000003,True
35.825,14,232.093368,1.0,0.2888614535331726,19,0.400471031665802,0.3500000000000003,True
45.825,14,232.224913,1.0,0.2996251881122589,24,0.6039418578147888,0.3500000000000003,True
41.825,14,232.386019,1.0,0.31703001260757446,22,0.47353217005729675,0.3500000000000003,True
33.81,15,232.565272,1.0,0.29635727405548096,19,0.4626722037792206,0.38000000000000034,True
41.825,13,232.708008,1.0,0.30949094891548157,21,0.5144358277320862,0.3500000000000003,True
41.825,14,232.868425,1.0,0.2775966227054596,21,0.4320376217365265,0.3500000000000003,True
41.825,14,233.019272,1.0,0.3156517744064331,21,0.49812957644462585,0.3500000000000003,True
45.825,13,233.164041,1.0,0.31388914585113525,24,0.5725589394569397,0.3500000000000003,True
41.825,14,233.33708,1.0,0.2925231456756592,21,0.47622019052505493,0.3500000000000003,True
43.825,13,233.483021,1.0,0.30152428150177,22,0.49249759316444397,0.3500000000000003,True
43.809,15,233.647206,1.0,0.30932480096817017,22,0.5666741132736206,0.38200000000000034,True
37.825,14,233.823148,1.0,0.30377545952796936,20,0.5491251945495605,0.3500000000000003,True
39.825,14,233.994367,1.0,0.2947884202003479,21,0.5464645028114319,0.3500000000000003,True
43.785,16,234.176141,1.0,0.27939051389694214,22,0.4684540927410126,0.4300000000000004,True
35.745,20,234.424638,1.0,0.3010002672672272,18,0.4163612127304077,0.5100000000000005,True
45.825,14,234.575751,1.0,0.2736244797706604,24,0.5440329313278198,0.3500000000000003,True
45.825,14,234.742427,1.0,0.3123406171798706,24,0.5458583235740662,0.3500000000000003,True
45.825,13,234.898492,1.0,0.3070168197154999,23,0.525156557559967,0.3500000000000003,True
41.809,15,235.064328,1.0,0.3211807906627655,22,0.5427387952804565,0.38200000000000034,True
39.745,19,235.280015,1.0,0.3063761293888092,21,0.4805980920791626,0.5100000000000005,True
41.809,15,235.467885,1.0,0.3086601793766022,21,0.48937538266181946,0.38200000000000034,True
41.825,14,235.650681,1.0,0.3108316659927368,23,0.5690646767616272,0.3500000000000003,True
33.825,14,235.80568,1.0,0.2787701487541199,18,0.38698121905326843,0.3500000000000003,True
39.825,13,235.962806,1.0,0.2905126214027405,20,0.41426798701286316,0.3500000000000003,True
39.825,14,236.13751,1.0,0.26826268434524536,20,0.40480056405067444,0.3500000000000003,True
33.825,14,236.317532,1.0,0.29225748777389526,17,0.33587950468063354,0.3500000000000003,True
39.825,14,236.511749,1.0,0.30785852670669556,21,0.46123453974723816,0.3500000000000003,True
47.825,14,236.628049,1.0,0.3265186548233032,24,0.5622069835662842,0.3500000000000003,True
35.809,15,236.744699,1.0,0.27602100372314453,19,0.4062761962413788,0.38200000000000034,True
43.825,14,236.852905,1.0,0.30606311559677124,23,0.5511530041694641,0.3500000000000003,True
41.81,15,236.966937,1.0,0.31364381313323975,21,0.43198326230049133,0.38000000000000034,True
41.825,13,237.07333,1.0,0.29433315992355347,22,0.5015742182731628,0.3500000000000003,True
39.825,14,237.2007,1.0,0.2798139452934265,20,0.3760394752025604,0.3500000000000003,True
39.825,14,237.310008,1.0,0.2847445011138916,21,0.5161246657371521,0.3500000000000003,True
39.825,14,237.416761,1.0,0.3288917541503906,20,0.4204961955547333,0.3500000000000003,True
39.825,13,237.533269,1.0,0.28952866792678833,23,0.5275107026100159,0.3500000000000003,True
39.809,14,237.64581,1.0,0.3036421239376068,21,0.5830274224281311,0.38200000000000034,True
47.825,13,237.744903,1.0,0.31547001004219055,24,0.5588636994361877,0.3500000000000003,True
45.825,14,237.85939,1.0,0.2968828082084656,23,0.5174910426139832,0.3500000000000003,True
37.825,14,237.965913,1.0,0.34495633840560913,21,0.48626628518104553,0.3500000000000003,True
45.825,13,238.064845,1.0,0.2874019742012024,23,0.5365812182426453,0.3500000000000003,True
41.825,14,238.171205,1.0,0.2767491936683655,21,0.49518781900405884,0.3500000000000003,True
35.825,14,238.27826,1.0,0.32680511474609375,19,0.41954100131988525,0.3500000000000003,True
43.825,14,238.389212,1.0,0.2986490726470947,23,0.5486842393875122,0.3500000000000003,True
41.809,14,238.494716,1.0,0.28167349100112915,21,0.49046385288238525,0.38200000000000034,True
35.825,14,238.612228,1.0,0.28171098232269287,18,0.46584081649780273,0.3500000000000003,True
41.825,13,238.710221,1.0,0.30118727684020996,23,0.541573166847229,0.3500000000000003,True
45.825,12,238.801708,1.0,0.2928101420402527,25,0.6302217245101929,0.3500000000000003,True
45.825,13,238.89819,1.0,0.30940553545951843,24,0.5859985947608948,0.3500000000000003,True
31.825,14,239.005911,1.0,0.2900000810623169,18,0.41555434465408325,0.3500000000000003,True
41.825,13,239.106663,1.0,0.34374481439590454,21,0.49402186274528503,0.3500000000000003,True
43.825,13,239.210695,1.0,0.3075413107872009,22,0.5063462853431702,0.3500000000000003,True
31.825,14,239.314656,1.0,0.3042296767234802,17,0.34249013662338257,0.3500000000000003,True
43.825,12,239.404183,1.0,0.29485663771629333,24,0.4652377963066101,0.3500000000000003,True
35.825,13,239.504892,1.0,0.308818519115448,19,0.4517871141433716,0.3500000000000003,True
37.825,13,239.627415,1.0,0.26263728737831116,20,0.43787574768066406,0.3500000000000003,True
37.809,15,239.7353,1.0,0.32761403918266296,21,0.45371243357658386,0.38200000000000034,True
45.825,14,239.844811,1.0,0.3327919840812683,23,0.5539785027503967,0.3500000000000003,True
47.825,13,239.946013,1.0,0.3087768256664276,24,0.5460814237594604,0.3500000000000003,True
31.825,14,240.055692,1.0,0.31972336769104004,20,0.46048814058303833,0.3500000000000003,True
47.825,13,240.154772,1.0,0.2752261757850647,24,0.5393391251564026,0.3500000000000003,True
45.825,14,240.267495,1.0,0.3135339021682739,23,0.5613694787025452,0.3500000000000003,True
37.825,14,240.414013,1.0,0.2762157917022705,20,0.46131178736686707,0.3500000000000003,True
43.825,14,240.527214,1.0,0.310784250497818,22,0.5876967310905457,0.3500000000000003,True
37.782,17,240.684607,1.0,0.29365184903144836,20,0.4440361261367798,0.4360000000000004,True
45.825,14,240.79425,1.0,0.3242049217224121,24,0.6027878522872925,0.3500000000000003,True
37.825,14,240.90186,1.0,0.2502729296684265,20,0.4400984048843384,0.3500000000000003,True
41.825,14,241.009244,1.0,0.2618575692176819,21,0.44289547204971313,0.3500000000000003,True
37.825,14,241.119998,1.0,0.28920310735702515,21,0.5107044577598572,0.3500000000000003,True
39.825,14,241.234538,1.0,0.3041161298751831,22,0.5174373388290405,0.3500000000000003,True
39.825,14,241.360308,1.0,0.2899760901927948,21,0.5491054058074951,0.3500000000000003,True
41.825,14,241.468078,1.0,0.28435230255126953,21,0.46921566128730774,0.3500000000000003,True
41.825,13,241.572549,1.0,0.2995798587799072,22,0.5249766707420349,0.3500000000000003,True
