#{"t_start": 1790494774.6444921, "env_id": "None"}
r,l,t,coverage,mean_uncertainty,defects_found,miou,energy_used,success
1.975,2,9.193858,0.1171875,0.9221724271774292,2,0.05169928818941116,0.050000000000000044,True
1.975,2,9.203771,0.1171875,0.9251652956008911,2,0.058897390961647034,0.050000000000000044,True
3.951,4,9.226094,0.1171875,0.9309985637664795,4,0.10658502578735352,0.09800000000000009,True
1.972,5,9.413713,0.0703125,0.9562257528305054,1,0.026328561827540398,0.05600000000000005,True
0.0,1,9.419877,0.0703125,0.9495612382888794,1,0.024548493325710297,0.0,True
0.0,1,9.426647,0.0703125,0.94294673204422,0,0.0,0.0,True
21.845,11,9.49482,0.703125,0.5106366872787476,12,0.2869737446308136,0.3100000000000003,True
21.841,11,9.560021,0.46875,0.6870176792144775,12,0.3030243217945099,0.31800000000000017,True
45.809,15,9.675447,1.0,0.32864588499069214,24,0.6473725438117981,0.38200000000000034,True
45.628,27,9.869493,1.0,0.299393892288208,23,0.5363638401031494,0.7440000000000007,True
1.95,3,9.894889,0.234375,0.8249341249465942,2,0.03595370426774025,0.10000000000000009,True
33.778,17,10.027061,1.0,0.2630607485771179,17,0.3538880944252014,0.4440000000000004,True
27.499,39,10.316067,1.0,0.2694064974784851,20,0.48612186312675476,1.002000000000001,False
41.589,29,10.529188,1.0,0.2952108383178711,22,0.5174044370651245,0.8220000000000006,True
31.499,40,10.836545,1.0,0.3037848472595215,21,0.562363862991333,1.002000000000001,False
31.489,39,11.147996,1.0,0.3124614655971527,23,0.5226410627365112,1.022000000000001,False
31.498,40,11.462866,1.0,0.31705188751220703,21,0.5237959027290344,1.004000000000001,False
35.5,40,11.791829,1.0,0.33544373512268066,23,0.5975898504257202,1.0000000000000009,False
35.809,15,11.904133,1.0,0.304044246673584,19,0.40408530831336975,0.38200000000000034,True
29.4995,40,12.22758,1.0,0.25669628381729126,20,0.47533494234085083,1.0010000000000008,False
41.733,20,12.386629,1.0,0.29171058535575867,21,0.5023093819618225,0.5340000000000005,True
41.825,11,12.469639,1.0,0.2912184000015259,21,0.5076494812965393,0.3500000000000002,True
27.5,40,12.812878,1.0,0.28796032071113586,20,0.4082750976085663,1.0000000000000009,False
27.5,40,13.18145,1.0,0.25953033566474915,19,0.40742117166519165,1.0000000000000009,False
33.499,40,13.486076,1.0,0.2976646423339844,22,0.5606802701950073,1.002000000000001,False
29.5,40,13.795622,1.0,0.272898405790329,21,0.5233674645423889,1.0000000000000009,False
29.5,40,14.125357,1.0,0.3038358986377716,21,0.4680684208869934,1.0000000000000009,False
33.499,40,14.44949,1.0,0.3048286437988281,23,0.559288740158081,1.002000000000001,False
27.5,40,14.757234,1.0,0.31526267528533936,20,0.4164293110370636,1.0000000000000009,False
35.5,40,15.061818,1.0,0.33128875494003296,23,0.46034640073776245,1.0000000000000009,False
33.502,40,15.40022,1.0,0.30354416370391846,17,0.4059254825115204,0.9960000000000008,False
31.499,40,15.847323,1.0,0.3123572766780853,23,0.5730029344558716,1.002000000000001,False
35.502,40,16.331357,1.0,0.282053679227829,18,0.42758285999298096,0.9960000000000008,False
23.498,40,16.801017,1.0,0.30986911058425903,20,0.43287399411201477,1.004000000000001,False
39.5,40,17.332525,1.0,0.3281744718551636,25,0.5805976986885071,1.0000000000000009,False
17.5,40,17.808917,1.0,0.28094998002052307,14,0.37628376483917236,1.0000000000000009,False
47.585,31,18.175971,1.0,0.3036072254180908,24,0.5157765746116638,0.8300000000000007,True
41.653,28,18.50249,1.0,0.3038369417190552,21,0.45844748616218567,0.6940000000000006,True
31.499,40,18.960656,1.0,0.28227245807647705,22,0.5248576998710632,1.002000000000001,False
23.4995,40,19.450752,1.0,0.2919101119041443,19,0.4110729396343231,1.0010000000000008,False
43.825,14,19.641903,1.0,0.2918127179145813,23,0.46629539132118225,0.3500000000000003,True
43.825,13,19.814914,1.0,0.304882287979126,22,0.4258475601673126,0.3500000000000003,True
27.5,40,20.149654,1.0,0.3163372278213501,20,0.42266830801963806,1.0000000000000009,False
31.5,40,20.476308,1.0,0.3086460828781128,21,0.45088428258895874,1.0000000000000009,False
33.499,40,23.947632,1.0,0.33897989988327026,23,0.5635642409324646,1.002000000000001,False
39.5025,40,24.274485,1.0,0.28503307700157166,20,0.5259680151939392,0.9950000000000008,False
39.645,28,24.485845,1.0,0.2835027575492859,21,0.48313385248184204,0.7100000000000006,True
13.905,5,24.523152,0.46875,0.6534555554389954,8,0.20101165771484375,0.19000000000000006,True
29.499,40,24.840677,1.0,0.3036910891532898,21,0.5515297651290894,1.002000000000001,False
39.665,26,25.035313,1.0,0.3025394380092621,24,0.6434555649757385,0.6700000000000006,True
29.4965,39,25.335874,1.0,0.31330162286758423,21,0.42387837171554565,1.0070000000000008,False
33.473,40,25.639211,1.0,0.30902111530303955,24,0.6027176380157471,1.0540000000000007,False
41.745,18,25.78792,1.0,0.3218063712120056,21,0.5671157240867615,0.5100000000000005,True
35.4985,40,26.103351,1.0,0.2960160970687866,23,0.5288827419281006,1.0030000000000008,False
5.975,2,26.117633,0.1171875,0.9137135148048401,3,0.07871462404727936,0.050000000000000044,True
39.865,9,26.192613,0.875,0.38678309321403503,21,0.5478818416595459,0.27000000000000024,True
39.825,14,26.299427,1.0,0.3185165524482727,22,0.6071836352348328,0.3500000000000003,True
37.825,13,26.411921,1.0,0.2880145311355591,20,0.5148543119430542,0.3500000000000003,True
39.531,37,26.687333,1.0,0.3187624216079712,20,0.49373114109039307,0.9380000000000007,True
47.81,15,26.816807,1.0,0.3156830072402954,24,0.5751555562019348,0.38000000000000034,True
39.825,12,26.913618,1.0,0.2717019319534302,20,0.4211168587207794,0.3500000000000003,True
41.797,14,27.02064,1.0,0.27101337909698486,21,0.47512486577033997,0.40600000000000036,True
41.84,10,27.100248,0.953125,0.3829989433288574,23,0.5815895795822144,0.3200000000000002,True
37.825,12,27.200678,1.0,0.2982209324836731,19,0.47803065180778503,0.3500000000000003,True
33.84,10,27.279962,0.953125,0.3478263318538666,19,0.48135650157928467,0.3200000000000002,True
39.825,14,27.388617,1.0,0.30597925186157227,20,0.46214279532432556,0.3500000000000003,True
45.809,14,27.513064,1.0,0.3135896623134613,23,0.5615437626838684,0.38200000000000034,True
39.865,9,27.588024,0.875,0.38591063022613525,21,0.5066694617271423,0.27000000000000024,True
43.633,30,27.835899,1.0,0.31466835737228394,22,0.5586613416671753,0.7340000000000007,True
41.825,14,27.950415,1.0,0.3037015199661255,22,0.5505859851837158,0.3500000000000003,True
17.905,7,28.005982,0.703125,0.5026564002037048,9,0.22688840329647064,0.19000000000000017,True
45.81,15,28.121413,1.0,0.2988053560256958,23,0.49538347125053406,0.38000000000000034,True
35.81,15,28.234463,1.0,0.3001590967178345,21,0.47643592953681946,0.38000000000000034,True
3.975,2,28.252627,0.1171875,0.931855320930481,4,0.12155859172344208,0.050000000000000044,True
45.813,12,28.342962,1.0,0.32944226264953613,23,0.6053661704063416,0.3740000000000002,True
35.584,31,28.574513,1.0,0.26320919394493103,19,0.38971802592277527,0.8320000000000007,True
43.653,25,28.76475,1.0,0.28906145691871643,22,0.5368547439575195,0.6940000000000005,True
45.729,19,28.937068,1.0,0.2967911660671234,23,0.5600926876068115,0.5420000000000005,True
43.76,17,29.066991,1.0,0.31088635325431824,22,0.5102255940437317,0.4800000000000003,True
27.905,7,29.120242,0.703125,0.4970347285270691,15,0.35341665148735046,0.19000000000000017,True
41.721,21,29.282336,1.0,0.290757954120636,21,0.5254567861557007,0.5580000000000005,True
33.865,9,29.359539,0.875,0.4037868082523346,18,0.4276838004589081,0.27000000000000024,True
43.769,17,29.486499,1.0,0.29222989082336426,22,0.5015259981155396,0.4620000000000004,True
45.825,12,29.57518,1.0,0.31215623021125793,23,0.48651573061943054,0.3500000000000003,True
35.89,8,29.636352,0.796875,0.4473058581352234,19,0.4544428288936615,0.2200000000000002,True
9.95,3,29.656213,0.234375,0.8415998220443726,6,0.13116171956062317,0.10000000000000009,True
43.693,24,29.850065,1.0,0.32668113708496094,22,0.4820837378501892,0.6140000000000005,True
43.825,12,30.014232,1.0,0.2749907374382019,22,0.5094924569129944,0.3500000000000003,True
33.825,12,30.148665,1.0,0.28075987100601196,19,0.4835992455482483,0.3500000000000003,True
41.841,11,30.265515,0.875,0.4042258858680725,21,0.5242519974708557,0.3180000000000003,True
41.793,15,30.434456,1.0,0.2928653359413147,21,0.5483631491661072,0.41400000000000037,True
41.825,13,30.568182,1.0,0.2969677448272705,21,0.4624311327934265,0.3500000000000003,True
43.745,18,30.764743,1.0,0.3304439187049866,24,0.577879786491394,0.5100000000000005,True
41.729,19,30.99298,1.0,0.28625452518463135,21,0.4409007430076599,0.5420000000000005,True
27.865,9,31.088157,0.875,0.4112081527709961,16,0.4069490432739258,0.27000000000000024,True
41.705,23,31.368309,1.0,0.3120077848434448,21,0.4687855839729309,0.5900000000000005,True
39.825,13,31.52146,1.0,0.3067933917045593,22,0.5179700255393982,0.3500000000000003,True
39.76,17,31.723645,1.0,0.2628112733364105,20,0.4247687757015228,0.4800000000000003,True
47.713,23,31.977274,1.0,0.28638315200805664,24,0.4945111572742462,0.5740000000000005,True
41.76,17,32.185851,1.0,0.28763583302497864,22,0.5102038383483887,0.4800000000000003,True
41.769,17,32.377713,1.0,0.32212769985198975,23,0.5607529878616333,0.4620000000000004,True
35.865,9,32.477663,0.875,0.3905145823955536,19,0.46148285269737244,0.27000000000000024,True
35.828,11,32.597127,0.953125,0.3230277895927429,18,0.4408591687679291,0.3440000000000002,True
37.825,14,32.758686,1.0,0.31980884075164795,20,0.4512966275215149,0.3500000000000003,True
41.832,11,32.877384,0.953125,0.3383350372314453,22,0.4509015679359436,0.3360000000000002,True
35.825,13,33.027594,1.0,0.2827928066253662,18,0.43585050106048584,0.3500000000000003,True
41.809,14,33.209817,1.0,0.29635047912597656,23,0.5657562017440796,0.38200000000000034,True
33.865,9,33.313698,0.875,0.40983355045318604,19,0.4220432937145233,0.27000000000000024,True
41.785,16,33.496777,1.0,0.3244502544403076,22,0.5004532337188721,0.4300000000000004,True
39.825,12,33.622249,1.0,0.2767001986503601,20,0.4629432260990143,0.3500000000000003,True
7.925,4,33.675279,0.3515625,0.7482123374938965,5,0.14442530274391174,0.15000000000000013,True
35.773,17,33.889785,1.0,0.3232918381690979,19,0.44662871956825256,0.4540000000000004,True
45.798,16,34.080148,1.0,0.3139610290527344,26,0.6410374045372009,0.40400000000000036,True
37.709,22,34.280242,1.0,0.2748808264732361,19,0.4923507273197174,0.5820000000000005,True
35.865,9,34.364375,0.875,0.3693673610687256,18,0.3771190941333771,0.27000000000000024,True
43.824,12,34.452229,0.953125,0.3384454846382141,22,0.4884238839149475,0.3520000000000002,True
35.84,10,34.529574,0.953125,0.3314773142337799,19,0.39941805601119995,0.3200000000000002,True
37.825,12,34.622374,1.0,0.2641103267669678,20,0.4976937174797058,0.3500000000000003,True
27.89,8,34.6831,0.796875,0.45887959003448486,15,0.3489132225513458,0.2200000000000002,True
43.786,17,34.812203,1.0,0.2984980344772339,22,0.4897001087665558,0.4280000000000004,True
39.84,10,34.895269,0.953125,0.3299719989299774,21,0.48525193333625793,0.3200000000000002,True
41.825,13,34.989441,1.0,0.31472617387771606,22,0.49348151683807373,0.3500000000000003,True
35.794,16,35.639815,1.0,0.2788342237472534,19,0.42063432931900024,0.41200000000000037,True
43.813,14,35.743463,1.0,0.3068391978740692,22,0.5738688111305237,0.37400000000000033,True
39.813,14,35.847174,1.0,0.28866350650787354,20,0.4135185778141022,0.37400000000000033,True
47.817,14,35.952681,1.0,0.3290010988712311,24,0.6373563408851624,0.3660000000000003,True
37.801,14,36.058812,1.0,0.3048713803291321,20,0.49664056301116943,0.39800000000000035,True
41.729,19,36.207177,1.0,0.34316298365592957,21,0.49403586983680725,0.5420000000000005,True
45.76,17,36.366776,1.0,0.31416311860084534,24,0.47668692469596863,0.4800000000000003,True
41.817,14,36.472874,1.0,0.2930002510547638,23,0.5959837436676025,0.3660000000000003,True
37.825,12,36.559625,1.0,0.30093151330947876,20,0.5133042931556702,0.3500000000000003,True
31.89,8,36.617165,0.796875,0.461526095867157,16,0.3940191864967346,0.2200000000000002,True
25.809,14,36.724074,1.0,0.2618408799171448,13,0.29584842920303345,0.38200000000000034,True
43.809,13,36.818133,1.0,0.3134542405605316,23,0.564789354801178,0.38200000000000034,True
43.745,19,36.975236,1.0,0.31569552421569824,22,0.5332476496696472,0.5100000000000005,True
39.809,15,37.088526,1.0,0.29526394605636597,20,0.5174922943115234,0.38200000000000034,True
37.809,12,37.178151,1.0,0.2968375086784363,20,0.5206106901168823,0.38200000000000023,True
31.89,8,37.241626,0.796875,0.40466028451919556,17,0.34774234890937805,0.2200000000000002,True
37.708,22,37.416903,1.0,0.3165034055709839,19,0.39253637194633484,0.5840000000000005,True
37.825,14,37.522015,1.0,0.2959692180156708,20,0.49573689699172974,0.3500000000000003,True
41.84,10,37.625706,0.953125,0.3585129380226135,21,0.5045682191848755,0.3200000000000002,True
37.789,17,37.755416,1.0,0.2872055768966675,20,0.4854167699813843,0.4220000000000004,True
35.785,16,37.881,1.0,0.28819215297698975,19,0.45732641220092773,0.4300000000000004,True
43.84,10,37.961828,0.953125,0.32658636569976807,22,0.5650481581687927,0.3200000000000002,True
39.849,10,38.035369,0.875,0.3772772550582886,21,0.5029670000076294,0.30200000000000027,True
45.84,10,38.112778,0.953125,0.3590609133243561,23,0.5391812324523926,0.3200000000000002,True
37.825,14,38.213445,1.0,0.2898099422454834,19,0.45691582560539246,0.3500000000000003,True
31.712,21,38.383896,1.0,0.2929830551147461,17,0.3668059706687927,0.5760000000000005,True
35.832,11,38.463358,0.953125,0.32130423188209534,20,0.44909918308258057,0.3360000000000002,True
41.825,14,38.568789,1.0,0.3092102110385895,21,0.4809992015361786,0.3500000000000003,True
41.825,12,38.660873,1.0,0.2976984977722168,21,0.412870854139328,0.3500000000000003,True
39.84,10,38.736368,0.953125,0.33179971575737,21,0.5449900031089783,0.3200000000000002,True
39.825,12,38.826671,1.0,0.30032312870025635,23,0.568981409072876,0.3500000000000003,True
43.761,18,38.970515,1.0,0.2975432872772217,23,0.5608721375465393,0.4780000000000004,True
39.809,14,39.072796,1.0,0.289678156375885,21,0.4675754904747009,0.38200000000000034,True
43.813,12,39.16574,1.0,0.30147477984428406,22,0.5725964903831482,0.3740000000000002,True
39.825,13,39.266065,1.0,0.32142454385757446,20,0.4815663993358612,0.3500000000000003,True
35.825,14,39.392977,1.0,0.2932695150375366,20,0.44721534848213196,0.3500000000000003,True
39.785,16,39.514714,1.0,0.2932033836841583,20,0.501789927482605,0.4300000000000004,True
45.794,16,39.634299,1.0,0.2938295006752014,23,0.5996689200401306,0.41200000000000037,True
33.89,8,39.693286,0.796875,0.4648851752281189,17,0.3809851109981537,0.2200000000000002,True
39.745,19,39.849805,1.0,0.2829975187778473,20,0.4142293930053711,0.5100000000000005,True
41.733,19,39.990627,1.0,0.30597561597824097,22,0.5416973829269409,0.5340000000000005,True
43.825,12,40.078056,1.0,0.3304235637187958,22,0.6016634702682495,0.3500000000000003,True
45.794,16,40.209418,1.0,0.2724608778953552,24,0.5761480331420898,0.41200000000000037,True
43.76,17,40.342645,1.0,0.3034347891807556,24,0.5244045853614807,0.4800000000000003,True
39.825,13,40.453728,1.0,0.31785768270492554,21,0.5047844648361206,0.3500000000000003,True
41.797,16,40.569901,1.0,0.3163054585456848,21,0.49799060821533203,0.40600000000000036,True
39.744,18,40.712472,1.0,0.31302136182785034,21,0.49162131547927856,0.5120000000000005,True
33.84,10,40.788774,0.953125,0.33555832505226135,19,0.5008556842803955,0.3200000000000002,True
35.853,10,40.864578,0.875,0.40468114614486694,19,0.3799659311771393,0.29400000000000026,True
43.809,12,40.950957,1.0,0.3011971712112427,22,0.5197849869728088,0.38200000000000023,True
35.825,13,41.048466,1.0,0.281271368265152,18,0.41118940711021423,0.3500000000000003,True
31.825,14,41.157155,1.0,0.3171570897102356,17,0.4160265624523163,0.3500000000000003,True
37.825,11,41.240081,1.0,0.3050338625907898,20,0.4845905900001526,0.3500000000000002,True
43.785,16,41.363055,1.0,0.2951561212539673,22,0.5701451301574707,0.4300000000000004,True
41.793,13,41.480192,1.0,0.29741567373275757,22,0.5634374022483826,0.41400000000000026,True
35.825,14,41.581905,1.0,0.30642667412757874,20,0.44813933968544006,0.3500000000000003,True
43.825,11,41.669553,1.0,0.29463163018226624,22,0.5366010665893555,0.3500000000000002,True
43.825,14,41.775508,1.0,0.31963953375816345,22,0.5123820304870605,0.3500000000000003,True
41.825,11,41.857378,1.0,0.3136870563030243,21,0.4914257228374481,0.3500000000000002,True
45.825,12,41.946721,1.0,0.3187488317489624,23,0.5068987607955933,0.3500000000000003,True
31.905,7,41.994182,0.703125,0.514184832572937,17,0.3862285912036896,0.19000000000000017,True
39.801,13,42.089216,1.0,0.3182087242603302,20,0.5302138924598694,0.39800000000000024,True
41.84,10,42.163024,0.953125,0.32157403230667114,21,0.5058038234710693,0.3200000000000002,True
37.817,14,42.270657,1.0,0.3122609257698059,20,0.5177711248397827,0.3660000000000003,True
37.865,9,42.337847,0.875,0.4298849105834961,20,0.45902448892593384,0.27000000000000024,True
43.84,10,42.412016,0.953125,0.31665030121803284,24,0.5223332643508911,0.3200000000000002,True
29.865,9,42.499313,0.875,0.3727852702140808,15,0.37672391533851624,0.27000000000000024,True
33.865,9,42.566503,0.875,0.3783189654350281,18,0.38859617710113525,0.27000000000000024,True
41.825,12,42.656847,1.0,0.3100326359272003,21,0.45600616931915283,0.3500000000000003,True
43.825,11,42.739388,1.0,0.2908443808555603,23,0.5300121903419495,0.3500000000000002,True
43.809,13,42.838745,1.0,0.31440791487693787,23,0.6074727773666382,0.38200000000000034,True
41.865,9,42.910251,0.875,0.3864757716655731,21,0.480676531791687,0.27000000000000024,True
31.794,16,43.037023,1.0,0.2911011576652527,17,0.38258159160614014,0.41200000000000037,True
35.825,11,43.121892,1.0,0.30140864849090576,20,0.45267215371131897,0.3500000000000002,True
27.89,8,43.182708,0.796875,0.44939401745796204,14,0.38245075941085815,0.2200000000000002,True
45.825,12,43.276482,1.0,0.2809239625930786,24,0.6139603853225708,0.3500000000000003,True
45.745,18,43.417838,1.0,0.30921435356140137,23,0.5669986009597778,0.5100000000000005,True
37.733,19,43.577786,1.0,0.30812472105026245,21,0.4897635877132416,0.5340000000000005,True
43.76,17,43.703138,1.0,0.32815155386924744,23,0.547739565372467,0.4800000000000003,True
45.765,17,43.859616,1.0,0.302446186542511,23,0.5547681450843811,0.4700000000000004,True
47.825,12,43.958304,1.0,0.29328519105911255,25,0.5448172688484192,0.3500000000000003,True
31.89,8,44.015982,0.796875,0.44487082958221436,18,0.47570741176605225,0.2200000000000002,True
37.825,13,44.152992,1.0,0.28823068737983704,19,0.47790390253067017,0.3500000000000003,True
35.84,10,44.288711,0.953125,0.355271577835083,19,0.40551164746284485,0.3200000000000002,True
39.825,12,44.435948,1.0,0.2864670157432556,22,0.506511926651001,0.3500000000000003,True
45.76,17,44.643373,1.0,0.3170091509819031,24,0.6149107813835144,0.4800000000000003,True
35.745,20,44.861613,1.0,0.299310564994812,18,0.40579769015312195,0.5100000000000005,True
43.865,9,44.961683,0.875,0.4130176305770874,22,0.4871310591697693,0.27000000000000024,True
39.745,20,45.176672,1.0,0.3054412007331848,20,0.4539948105812073,0.5100000000000005,True
39.729,20,45.411816,1.0,0.32133805751800537,21,0.5406339168548584,0.5420000000000005,True
39.825,11,45.540411,1.0,0.30985763669013977,21,0.461011677980423,0.3500000000000002,True
37.825,11,45.682329,1.0,0.30865076184272766,21,0.4588319659233093,0.3500000000000002,True
39.76,17,45.904554,1.0,0.27352190017700195,20,0.42100393772125244,0.4800000000000003,True
35.809,13,46.046634,1.0,0.2930799424648285,19,0.49619990587234497,0.38200000000000023,True
41.729,19,46.853081,1.0,0.30651623010635376,23,0.5671516060829163,0.5420000000000005,True
41.825,14,47.003888,1.0,0.2966156005859375,21,0.40965408086776733,0.3500000000000003,True
41.825,13,47.153656,1.0,0.2696596384048462,21,0.5405095815658569,0.3500000000000003,True
33.794,16,47.33459,1.0,0.27483606338500977,19,0.44073036313056946,0.41200000000000037,True
37.809,12,47.484894,1.0,0.30815285444259644,20,0.45805543661117554,0.38200000000000023,True
37.793,16,47.664185,1.0,0.2997772693634033,19,0.43211790919303894,0.41400000000000037,True
39.81,15,47.863321,1.0,0.3000726103782654,21,0.4804899990558624,0.38000000000000034,True
35.81,15,48.072206,1.0,0.3011721670627594,18,0.4546816945075989,0.38000000000000034,True
37.825,11,48.219234,1.0,0.3277442455291748,21,0.43400728702545166,0.3500000000000002,True
43.825,11,48.359954,1.0,0.3045593798160553,22,0.518480658531189,0.3500000000000002,True
41.825,14,48.463353,1.0,0.2889161705970764,21,0.4727657437324524,0.3500000000000003,True
41.825,11,48.550563,1.0,0.304715633392334,22,0.49571117758750916,0.3500000000000002,True
39.825,11,48.634436,1.0,0.2925122082233429,22,0.5104601383209229,0.3500000000000002,True
37.809,13,48.732031,1.0,0.2709024250507355,20,0.49975985288619995,0.38200000000000034,True
33.89,8,48.790954,0.796875,0.4228719472885132,17,0.4284341633319855,0.2200000000000002,True
45.825,12,48.884482,1.0,0.31106501817703247,24,0.5330942869186401,0.3500000000000003,True
39.825,11,48.987206,1.0,0.3137657046318054,22,0.4898594617843628,0.3500000000000002,True
43.84,10,49.061865,0.953125,0.33668598532676697,22,0.46675872802734375,0.3200000000000002,True
43.825,14,49.168378,1.0,0.3197588324546814,22,0.5397947430610657,0.3500000000000003,True
35.825,11,49.253616,1.0,0.28016239404678345,18,0.41758617758750916,0.3500000000000002,True
37.825,12,49.353218,1.0,0.2876441478729248,20,0.505804717540741,0.3500000000000003,True
41.785,16,49.479576,1.0,0.33356648683547974,22,0.5287779569625854,0.4300000000000004,True
41.825,11,49.55933,1.0,0.3023623526096344,22,0.538690447807312,0.3500000000000002,True
41.825,14,49.666888,1.0,0.30731528997421265,21,0.48322317004203796,0.3500000000000003,True
35.736,19,49.802901,1.0,0.28007856011390686,18,0.3949161767959595,0.5280000000000005,True
37.805,14,49.917412,1.0,0.32409554719924927,21,0.5325653553009033,0.39000000000000035,True
37.773,17,50.065228,1.0,0.30513283610343933,20,0.47610238194465637,0.4540000000000004,True
43.825,14,50.17088,1.0,0.303428053855896,22,0.588238537311554,0.3500000000000003,True
39.813,14,50.276196,1.0,0.304092675447464,20,0.490749716758728,0.37400000000000033,True
31.825,11,50.364411,1.0,0.2942841947078705,18,0.43009698390960693,0.3500000000000002,True
37.825,14,50.47676,1.0,0.25500085949897766,19,0.44025054574012756,0.3500000000000003,True
41.84,10,50.552037,0.953125,0.31823161244392395,22,0.3969251811504364,0.3200000000000002,True
43.785,16,50.678629,1.0,0.324526846408844,22,0.5607470273971558,0.4300000000000004,True
45.744,18,50.807672,1.0,0.31697529554367065,23,0.5955783128738403,0.5120000000000005,True
43.809,15,50.927349,1.0,0.289692223072052,23,0.5663865208625793,0.38200000000000034,True
41.745,19,51.094265,1.0,0.32203763723373413,21,0.4689728617668152,0.5100000000000005,True
35.801,16,51.214308,1.0,0.3135422468185425,18,0.42034056782722473,0.39800000000000035,True
41.809,13,51.310016,1.0,0.27070605754852295,22,0.5143928527832031,0.38200000000000034,True
39.89,8,51.371706,0.796875,0.4664930999279022,22,0.484598845243454,0.2200000000000002,True
43.84,10,51.446374,0.953125,0.32293349504470825,22,0.46398112177848816,0.3200000000000002,True
43.825,11,51.529745,1.0,0.27101755142211914,23,0.5167033672332764,0.3500000000000002,True
47.81,15,51.644015,1.0,0.3151788115501404,24,0.5313447713851929,0.38000000000000034,True
41.825,12,51.732929,1.0,0.2863664925098419,23,0.5338155031204224,0.3500000000000003,True
39.809,12,51.824709,1.0,0.2872524857521057,21,0.473486065864563,0.38200000000000023,True
45.825,11,51.910741,1.0,0.2843892574310303,24,0.5718101263046265,0.3500000000000002,True
33.865,9,51.980642,0.875,0.3837016224861145,17,0.3558039963245392,0.27000000000000024,True
37.825,11,52.083922,1.0,0.3016112446784973,19,0.45784810185432434,0.3500000000000002,True
39.76,17,52.21171,1.0,0.3057901859283447,20,0.4708540141582489,0.4800000000000003,True
43.825,12,52.30168,1.0,0.2928575277328491,23,0.465126633644104,0.3500000000000003,True
37.825,13,52.406864,1.0,0.2890234589576721,20,0.4806780219078064,0.3500000000000003,True
41.84,10,52.485434,0.953125,0.3331039845943451,23,0.4147447347640991,0.3200000000000002,True
45.84,10,52.558393,0.953125,0.343659371137619,24,0.5872722268104553,0.3200000000000002,True
43.785,16,52.686665,1.0,0.29374247789382935,22,0.5282251834869385,0.4300000000000004,True
37.865,9,52.752863,0.875,0.37211960554122925,19,0.4529065489768982,0.27000000000000024,True
43.825,12,52.847654,1.0,0.27260202169418335,22,0.48187753558158875,0.3500000000000003,True
47.825,13,52.957723,1.0,0.3242565393447876,24,0.6011205911636353,0.3500000000000003,True
41.825,11,53.043612,1.0,0.2595428228378296,21,0.49492233991622925,0.3500000000000002,True
43.813,14,53.167304,1.0,0.3036561608314514,22,0.5257987976074219,0.37400000000000033,True
39.809,13,53.262205,1.0,0.31677737832069397,22,0.4996740520000458,0.38200000000000034,True
43.725,22,53.429841,1.0,0.29820895195007324,23,0.4463854432106018,0.5500000000000005,True
41.81,15,53.541823,1.0,0.2904704213142395,22,0.5014576315879822,0.38000000000000034,True
39.825,12,53.62937,1.0,0.31321096420288086,20,0.4681001305580139,0.3500000000000003,True
45.825,14,53.732051,1.0,0.31724250316619873,23,0.4983024299144745,0.3500000000000003,True
47.761,18,53.864489,1.0,0.30195972323417664,24,0.5667398571968079,0.4780000000000004,True
39.805,15,53.976878,1.0,0.30373483896255493,22,0.520516574382782,0.39000000000000035,True
41.809,15,54.090599,1.0,0.2795451879501343,21,0.5042742490768433,0.38200000000000034,True
43.729,19,54.254076,1.0,0.3233642578125,22,0.4305918514728546,0.5420000000000005,True
41.825,14,54.368178,1.0,0.3037051558494568,21,0.5405431389808655,0.3500000000000003,True
39.825,13,54.465359,1.0,0.2918230891227722,20,0.413085013628006,0.3500000000000003,True
43.825,13,54.564724,1.0,0.28120675683021545,22,0.5040989518165588,0.3500000000000003,True
43.733,19,54.707758,1.0,0.3051578402519226,22,0.5218570232391357,0.5340000000000005,True
41.798,16,54.826423,1.0,0.31534963846206665,21,0.5035754442214966,0.40400000000000036,True
41.825,14,54.93983,1.0,0.29250961542129517,22,0.4528880715370178,0.3500000000000003,True
49.81,15,55.060974,1.0,0.3127796947956085,25,0.6326300501823425,0.38000000000000034,True
39.825,13,55.168087,1.0,0.3113686740398407,21,0.5396751761436462,0.3500000000000003,True
35.825,14,55.28414,1.0,0.2953561544418335,18,0.42236918210983276,0.3500000000000003,True
41.825,13,55.395328,1.0,0.2944050431251526,22,0.5766727328300476,0.3500000000000003,True
31.84,10,55.474657,0.953125,0.31762897968292236,17,0.4202154874801636,0.3200000000000002,True
39.748,18,55.612675,1.0,0.30862265825271606,21,0.5390864014625549,0.5040000000000004,True
35.865,9,55.680512,0.875,0.3624819815158844,19,0.38570016622543335,0.27000000000000024,True
41.76,17,55.809574,1.0,0.30839869379997253,21,0.5135855078697205,0.4800000000000003,True
45.729,20,55.965585,1.0,0.2740052342414856,23,0.5722962617874146,0.5420000000000005,True
35.825,13,56.060918,1.0,0.2871248722076416,19,0.4007115662097931,0.3500000000000003,True
43.809,13,56.172228,1.0,0.31516891717910767,23,0.5359389185905457,0.38200000000000034,True
37.737,19,56.327425,1.0,0.2856409251689911,19,0.4849558472633362,0.5260000000000005,True
43.825,12,56.421035,1.0,0.3056250512599945,23,0.489481657743454,0.3500000000000003,True
41.825,12,56.507405,1.0,0.29773128032684326,22,0.4351460039615631,0.3500000000000003,True
47.809,14,56.626062,1.0,0.35070672631263733,24,0.5428146123886108,0.38200000000000034,True
39.825,14,56.746704,1.0,0.31683099269866943,21,0.5349858403205872,0.3500000000000003,True
39.809,13,56.854401,1.0,0.28984326124191284,21,0.538434624671936,0.38200000000000034,True
31.825,14,56.96547,1.0,0.28662848472595215,17,0.397255003452301,0.3500000000000003,True
33.825,14,57.527655,1.0,0.2893192768096924,19,0.4305737316608429,0.3500000000000003,True
41.809,13,57.629024,1.0,0.3365151286125183,21,0.5145708322525024,0.38200000000000034,True
41.785,16,57.753651,1.0,0.30264729261398315,22,0.5125265121459961,0.4300000000000004,True
49.798,16,57.876158,1.0,0.2563348114490509,25,0.5863229036331177,0.40400000000000036,True
39.825,13,57.975293,1.0,0.31375426054000854,22,0.5498735308647156,0.3500000000000003,True
47.825,13,58.098889,1.0,0.30624958872795105,24,0.46515676379203796,0.3500000000000003,True
39.81,15,58.213105,1.0,0.30816948413848877,21,0.5154111385345459,0.38000000000000034,True
41.825,14,58.338678,1.0,0.3007768392562866,22,0.4547538161277771,0.3500000000000003,True
39.74,19,58.575096,1.0,0.30523595213890076,21,0.5191125273704529,0.5200000000000005,True
43.825,13,58.724983,1.0,0.29196685552597046,23,0.5356132388114929,0.3500000000000003,True
41.825,11,58.835224,1.0,0.3116728663444519,22,0.5272949934005737,0.3500000000000002,True
39.825,11,58.950418,1.0,0.31627264618873596,23,0.5778260827064514,0.3500000000000002,True
45.825,11,59.073329,1.0,0.3240325450897217,24,0.5714946985244751,0.3500000000000002,True
43.809,14,59.229164,1.0,0.32357001304626465,23,0.5172442197799683,0.38200000000000034,True
45.825,13,59.391723,1.0,0.32545608282089233,23,0.5362159609794617,0.3500000000000003,True
45.817,14,59.554811,1.0,0.3169706165790558,25,0.6105272769927979,0.3660000000000003,True
45.825,13,59.69266,1.0,0.3125802278518677,24,0.5190672874450684,0.3500000000000003,True
39.81,15,59.865789,1.0,0.30357909202575684,20,0.5365065932273865,0.38000000000000034,True
39.81,15,60.055722,1.0,0.29401126503944397,21,0.4875067472457886,0.38000000000000034,True
37.801,16,60.232577,1.0,0.29650309681892395,19,0.43463531136512756,0.39800000000000035,True
43.825,12,60.374744,1.0,0.2851664125919342,22,0.5061334371566772,0.3500000000000003,True
45.76,17,60.596141,1.0,0.31860458850860596,24,0.4900262951850891,0.4800000000000003,True
41.825,14,60.748909,1.0,0.33686673641204834,22,0.5598249435424805,0.3500000000000003,True
35.745,18,60.962874,1.0,0.28934168815612793,20,0.44187256693840027,0.5100000000000005,True
45.825,14,61.124886,1.0,0.3107722997665405,23,0.49638766050338745,0.3500000000000003,True
43.813,15,61.284862,1.0,0.29273098707199097,22,0.5644991397857666,0.37400000000000033,True
39.825,14,61.445867,1.0,0.29237937927246094,22,0.5616226196289062,0.3500000000000003,True
31.745,19,61.693304,1.0,0.28869372606277466,18,0.37743690609931946,0.5100000000000005,True
41.825,11,61.829932,1.0,0.29764848947525024,21,0.5737400650978088,0.3500000000000002,True
45.81,15,62.00088,1.0,0.31694406270980835,24,0.5249879360198975,0.38000000000000034,True
43.81,15,62.176601,1.0,0.30772101879119873,23,0.5730389356613159,0.38000000000000034,True
49.825,12,62.331711,1.0,0.29566866159439087,26,0.6353965997695923,0.3500000000000003,True
41.825,14,62.517518,1.0,0.3222251236438751,21,0.48531967401504517,0.3500000000000003,True
41.825,14,62.698627,1.0,0.3403008282184601,22,0.5322871804237366,0.3500000000000003,True
39.825,11,62.780984,1.0,0.29860010743141174,20,0.46161478757858276,0.3500000000000002,True
37.825,11,62.863264,1.0,0.2968812584877014,21,0.5256450176239014,0.3500000000000002,True
35.725,19,63.015945,1.0,0.29715678095817566,18,0.46538421511650085,0.5500000000000005,True
41.81,15,63.129092,1.0,0.2930043935775757,22,0.449646919965744,0.38000000000000034,True
45.825,11,63.211704,1.0,0.29777559638023376,24,0.5298589468002319,0.3500000000000002,True
37.825,14,63.321353,1.0,0.28187137842178345,21,0.4520309567451477,0.3500000000000003,True
37.865,9,63.393501,0.875,0.38974523544311523,19,0.5022714138031006,0.27000000000000024,True
37.825,12,63.484749,1.0,0.31573930382728577,21,0.48210832476615906,0.3500000000000003,True
41.825,11,63.57025,1.0,0.3319070339202881,22,0.4692787826061249,0.3500000000000002,True
39.81,15,63.696276,1.0,0.28250738978385925,21,0.466240257024765,0.38000000000000034,True
37.794,17,63.828316,1.0,0.2894672155380249,19,0.4124860465526581,0.41200000000000037,True
39.825,11,63.916967,1.0,0.30230557918548584,20,0.5233618021011353,0.3500000000000002,True
39.81,15,64.035026,1.0,0.2834480404853821,21,0.4876389801502228,0.38000000000000034,True
41.825,13,64.132765,1.0,0.29753443598747253,21,0.5133520364761353,0.3500000000000003,True
43.773,17,64.260512,1.0,0.32803696393966675,23,0.6380547881126404,0.4540000000000004,True
45.825,12,64.355179,1.0,0.2809947729110718,24,0.607292652130127,0.3500000000000003,True
37.825,14,64.470743,1.0,0.29013389348983765,20,0.48119598627090454,0.3500000000000003,True
43.773,17,64.597419,1.0,0.29929494857788086,23,0.5690325498580933,0.4540000000000004,True
43.81,15,64.712996,1.0,0.31024932861328125,23,0.5666247010231018,0.38000000000000034,True
41.825,13,64.826579,1.0,0.2997220754623413,22,0.4220849275588989,0.3500000000000003,True
35.76,17,64.956269,1.0,0.30585843324661255,20,0.5053786635398865,0.4800000000000003,True
43.825,13,65.055348,1.0,0.299773633480072,23,0.5071648359298706,0.3500000000000003,True
43.81,15,65.166335,1.0,0.3385637402534485,23,0.5344619750976562,0.38000000000000034,True
43.825,11,65.249764,1.0,0.3075564503669739,23,0.5411404967308044,0.3500000000000002,True
41.745,18,65.383704,1.0,0.29552125930786133,21,0.4573385417461395,0.5100000000000005,True
45.825,11,65.468898,1.0,0.31544655561447144,23,0.532927393913269,0.3500000000000002,True
35.745,20,65.623742,1.0,0.28941774368286133,18,0.423828125,0.5100000000000005,True
27.785,16,65.742257,1.0,0.2858237326145172,17,0.4067017138004303,0.4300000000000004,True
41.825,11,65.841261,1.0,0.28779885172843933,22,0.5121893286705017,0.3500000000000002,True
31.825,13,65.944228,1.0,0.28670454025268555,17,0.4308314919471741,0.3500000000000003,True
45.813,13,66.039923,1.0,0.28131407499313354,23,0.551889181137085,0.37400000000000033,True
41.76,17,66.17385,1.0,0.3189004361629486,21,0.48398083448410034,0.4800000000000003,True
33.817,14,66.277851,1.0,0.3085659146308899,20,0.4332483112812042,0.3660000000000003,True
37.825,12,66.380404,1.0,0.32462215423583984,21,0.5055027604103088,0.3500000000000003,True
35.825,12,66.477919,1.0,0.2860425114631653,21,0.5514887571334839,0.3500000000000003,True
39.805,14,66.588171,1.0,0.2869446575641632,20,0.45163121819496155,0.39000000000000035,True
39.825,13,66.690451,1.0,0.30238574743270874,20,0.500744104385376,0.3500000000000003,True
39.825,12,66.778578,1.0,0.311358779668808,21,0.49819737672805786,0.3500000000000003,True
31.825,13,66.895213,1.0,0.2745411992073059,17,0.3824133574962616,0.3500000000000003,True
35.825,11,66.980966,1.0,0.2888760268688202,22,0.5229129791259766,0.3500000000000002,True
43.81,15,67.101,1.0,0.312085896730423,22,0.5331601500511169,0.38000000000000034,True
37.825,13,67.200829,1.0,0.29577285051345825,19,0.4208110272884369,0.3500000000000003,True
35.825,14,67.307399,1.0,0.29195958375930786,19,0.44893738627433777,0.3500000000000003,True
41.825,14,67.42535,1.0,0.2893255352973938,21,0.5154475569725037,0.3500000000000003,True
35.745,19,67.576243,1.0,0.2993355989456177,18,0.36465325951576233,0.5100000000000005,True
45.825,11,67.659877,1.0,0.29928091168403625,24,0.5952497720718384,0.3500000000000002,True
43.825,12,67.751025,1.0,0.29268878698349,22,0.4567527174949646,0.3500000000000003,True
41.813,13,67.870648,1.0,0.30434322357177734,23,0.546485960483551,0.37400000000000033,True
41.825,11,67.956645,1.0,0.29655519127845764,21,0.5321677923202515,0.3500000000000002,True
39.825,11,68.04783,1.0,0.30667203664779663,23,0.5573165416717529,0.3500000000000002,True
45.825,12,68.137689,1.0,0.33180442452430725,24,0.5534359812736511,0.3500000000000003,True
41.825,14,68.244524,1.0,0.32094326615333557,22,0.5831180214881897,0.3500000000000003,True
41.825,11,68.350301,1.0,0.28580498695373535,22,0.45118337869644165,0.3500000000000002,True
33.825,13,68.456195,1.0,0.29624372720718384,20,0.3840971291065216,0.3500000000000003,True
35.825,14,68.567784,1.0,0.2718113660812378,18,0.40976715087890625,0.3500000000000003,True
45.825,13,68.669989,1.0,0.2848236858844757,24,0.6380130052566528,0.3500000000000003,True
39.81,15,68.78138,1.0,0.30914196372032166,22,0.5832723379135132,0.38000000000000034,True
39.825,12,69.265838,1.0,0.323447585105896,21,0.5315160155296326,0.3500000000000003,True
45.825,14,69.379804,1.0,0.30922114849090576,24,0.5041545629501343,0.3500000000000003,True
43.825,12,69.482594,1.0,0.2906849980354309,23,0.5577379465103149,0.3500000000000003,True
49.825,12,69.577911,1.0,0.27954885363578796,25,0.5214239954948425,0.3500000000000003,True
41.825,13,69.677904,1.0,0.2722723186016083,22,0.5180742144584656,0.3500000000000003,True
37.825,12,69.770639,1.0,0.3009820580482483,21,0.5090067982673645,0.3500000000000003,True
37.84,10,69.84491,0.953125,0.31122493743896484,20,0.44297468662261963,0.3200000000000002,True
31.825,13,69.974999,1.0,0.29685157537460327,16,0.35834646224975586,0.3500000000000003,True
43.825,14,70.083147,1.0,0.30138570070266724,23,0.5024784803390503,0.3500000000000003,True
43.825,13,70.187242,1.0,0.27707940340042114,22,0.5440921783447266,0.3500000000000003,True
39.809,12,70.278154,1.0,0.3125213384628296,21,0.515828013420105,0.38200000000000023,True
39.84,10,70.361487,0.953125,0.3270342946052551,21,0.44920045137405396,0.3200000000000002,True
41.825,13,70.465321,1.0,0.305801123380661,23,0.5730059146881104,0.3500000000000003,True
43.825,12,70.562175,1.0,0.30277955532073975,23,0.5274170637130737,0.3500000000000003,True
37.84,10,70.648691,0.953125,0.32724058628082275,19,0.3852802813053131,0.3200000000000002,True
43.825,13,70.753937,1.0,0.27944883704185486,23,0.520973801612854,0.3500000000000003,True
37.773,17,70.882628,1.0,0.34925711154937744,21,0.45530083775520325,0.4540000000000004,True
39.825,13,70.999988,1.0,0.2795920968055725,21,0.515770673751831,0.3500000000000003,True
43.825,12,71.094848,1.0,0.30168989300727844,22,0.5056086182594299,0.3500000000000003,True
39.825,13,71.198094,1.0,0.3298886716365814,20,0.49300602078437805,0.3500000000000003,True
41.825,13,71.292979,1.0,0.3312945067882538,22,0.5418948531150818,0.3500000000000003,True
41.798,16,71.417754,1.0,0.30593758821487427,22,0.44723543524742126,0.40400000000000036,True
39.81,15,71.54713,1.0,0.2972599267959595,21,0.49174368381500244,0.38000000000000034,True
37.825,13,71.664478,1.0,0.3330899178981781,20,0.5031524300575256,0.3500000000000003,True
41.825,14,71.768661,1.0,0.2833464741706848,22,0.5377635359764099,0.3500000000000003,True
41.825,14,71.878688,1.0,0.30409425497055054,22,0.5763912200927734,0.3500000000000003,True
35.84,10,71.954555,0.953125,0.33893924951553345,20,0.4455415904521942,0.3200000000000002,True
37.809,15,72.087493,1.0,0.28991255164146423,19,0.46942123770713806,0.38200000000000034,True
33.76,17,72.217291,1.0,0.3038786053657532,18,0.4504821002483368,0.4800000000000003,True
41.825,11,72.307583,1.0,0.28725770115852356,23,0.5794832706451416,0.3500000000000002,True
45.825,12,72.404661,1.0,0.3323497772216797,23,0.5424684286117554,0.3500000000000003,True
45.825,14,72.513669,1.0,0.28025463223457336,23,0.47871577739715576,0.3500000000000003,True
43.81,15,72.629807,1.0,0.310397744178772,23,0.5627726912498474,0.38000000000000034,True
37.825,13,72.792771,1.0,0.3091331124305725,21,0.48531562089920044,0.3500000000000003,True
35.825,13,72.940186,1.0,0.2979058027267456,18,0.4108474850654602,0.3500000000000003,True
39.81,15,73.138095,1.0,0.30975866317749023,22,0.5288347601890564,0.38000000000000034,True
41.825,13,73.28311,1.0,0.2787378430366516,22,0.4319052994251251,0.3500000000000003,True
37.785,16,73.466945,1.0,0.27007007598876953,20,0.42315128445625305,0.4300000000000004,True
41.785,16,73.654448,1.0,0.29801517724990845,21,0.4606568217277527,0.4300000000000004,True
45.825,12,73.782972,1.0,0.28562891483306885,23,0.48748505115509033,0.3500000000000003,True
41.825,14,73.935171,1.0,0.2862003445625305,21,0.49992483854293823,0.3500000000000003,True
39.813,13,74.078521,1.0,0.23556777834892273,21,0.5591747164726257,0.37400000000000033,True
49.825,13,74.249756,1.0,0.30315667390823364,25,0.5764563083648682,0.3500000000000003,True
31.865,9,74.355456,0.875,0.3604828715324402,16,0.3453335464000702,0.27000000000000024,True
37.76,17,74.54893,1.0,0.3269343078136444,19,0.42704424262046814,0.4800000000000003,True
39.76,17,74.739179,1.0,0.29395395517349243,20,0.49669474363327026,0.4800000000000003,True
45.785,16,74.951095,1.0,0.31139159202575684,24,0.5726176500320435,0.4300000000000004,True
37.745,20,75.205987,1.0,0.29973089694976807,20,0.48164066672325134,0.5100000000000005,True
39.745,19,75.426887,1.0,0.3086981773376465,20,0.4429164528846741,0.5100000000000005,True
39.733,21,75.668569,1.0,0.2825365364551544,21,0.46823814511299133,0.5340000000000005,True
47.81,15,75.844384,1.0,0.2985292971134186,24,0.537794828414917,0.38000000000000034,True
41.825,14,76.020753,1.0,0.336664617061615,22,0.5503460764884949,0.3500000000000003,True
45.76,17,76.227299,1.0,0.3029826879501343,24,0.5277370810508728,0.4800000000000003,True
37.81,15,76.426543,1.0,0.293809175491333,19,0.39535850286483765,0.38000000000000034,True
43.81,15,76.615146,1.0,0.30634960532188416,22,0.49018844962120056,0.38000000000000034,True
35.729,21,76.881805,1.0,0.2893213629722595,18,0.3541643023490906,0.5420000000000005,True
43.785,16,77.042994,1.0,0.35088640451431274,24,0.5386191010475159,0.4300000000000004,True
37.733,20,77.198273,1.0,0.27379587292671204,19,0.49469858407974243,0.5340000000000005,True
39.733,19,77.341218,1.0,0.27518707513809204,20,0.4862859845161438,0.5340000000000005,True
45.825,13,77.460061,1.0,0.2884942293167114,23,0.49882128834724426,0.3500000000000003,True
39.81,15,77.576933,1.0,0.3065808415412903,20,0.44910961389541626,0.38000000000000034,True
35.725,21,77.733183,1.0,0.28169792890548706,18,0.38411760330200195,0.5500000000000005,True
43.725,21,77.895105,1.0,0.2934148907661438,23,0.5301489233970642,0.5500000000000005,True
45.745,19,78.040963,1.0,0.29698801040649414,24,0.5638185739517212,0.5100000000000005,True
41.76,17,78.172009,1.0,0.3072053790092468,23,0.5581309199333191,0.4800000000000003,True
35.76,17,78.304065,1.0,0.30031272768974304,20,0.5360031723976135,0.4800000000000003,True
41.785,16,78.436716,1.0,0.28173962235450745,21,0.544797956943512,0.4300000000000004,True
39.825,14,78.588881,1.0,0.2972557544708252,21,0.5232658386230469,0.3500000000000003,True
39.76,17,78.720327,1.0,0.28643733263015747,21,0.38990581035614014,0.4800000000000003,True
47.81,15,78.83726,1.0,0.29646769165992737,24,0.5522179007530212,0.38000000000000034,True
41.825,11,78.928649,1.0,0.32264286279678345,21,0.47413942217826843,0.3500000000000002,True
41.825,13,79.029655,1.0,0.3039530813694,22,0.5756829380989075,0.3500000000000003,True
41.81,15,79.146695,1.0,0.25635042786598206,21,0.46548402309417725,0.38000000000000034,True
43.825,14,79.256765,1.0,0.31672266125679016,23,0.5051342248916626,0.3500000000000003,True
33.825,14,79.362709,1.0,0.2649332880973816,18,0.38333794474601746,0.3500000000000003,True
35.81,15,79.478969,1.0,0.26763296127319336,19,0.35927385091781616,0.38000000000000034,True
35.745,18,79.641497,1.0,0.29361122846603394,19,0.4451850354671478,0.5100000000000005,True
33.825,14,79.744617,1.0,0.3214203715324402,19,0.4681004285812378,0.3500000000000003,True
45.782,17,79.877559,1.0,0.32025521993637085,25,0.6478485465049744,0.4360000000000004,True
43.809,15,79.991981,1.0,0.3326305150985718,22,0.5290512442588806,0.38200000000000034,True
39.785,16,80.116115,1.0,0.31937336921691895,22,0.4893384277820587,0.4300000000000004,True
39.81,15,80.228269,1.0,0.3135141134262085,20,0.4739918112754822,0.38000000000000034,True
43.809,14,80.334706,1.0,0.29926109313964844,23,0.5368959307670593,0.38200000000000034,True
39.825,14,80.445422,1.0,0.2738141119480133,21,0.46590936183929443,0.3500000000000003,True
39.825,13,80.555465,1.0,0.29968559741973877,20,0.4803889989852905,0.3500000000000003,True
43.76,17,81.022482,1.0,0.3270936608314514,22,0.5259304642677307,0.4800000000000003,True
41.825,12,81.111479,1.0,0.27520066499710083,23,0.46955057978630066,0.3500000000000003,True
45.81,15,81.228645,1.0,0.3351520299911499,24,0.547881007194519,0.38000000000000034,True
39.825,13,81.334958,1.0,0.30973106622695923,21,0.49367374181747437,0.3500000000000003,True
39.825,13,81.43495,1.0,0.3188275098800659,20,0.49514642357826233,0.3500000000000003,True
39.825,14,81.543699,1.0,0.340656578540802,21,0.44731247425079346,0.3500000000000003,True
39.825,14,81.682406,1.0,0.3021623194217682,20,0.4331865906715393,0.3500000000000003,True
47.825,13,81.778246,1.0,0.3299521803855896,24,0.5089507102966309,0.3500000000000003,True
35.825,14,81.883974,1.0,0.31307607889175415,19,0.47349339723587036,0.3500000000000003,True
43.825,11,81.965502,1.0,0.2959124445915222,23,0.5914921164512634,0.3500000000000002,True
43.813,15,82.080488,1.0,0.30636364221572876,23,0.5616705417633057,0.37400000000000033,True
41.825,14,82.191773,1.0,0.32071250677108765,22,0.524600625038147,0.3500000000000003,True
41.798,16,82.318007,1.0,0.2961442470550537,21,0.4428894817829132,0.40400000000000036,True
41.825,12,82.410641,1.0,0.3135724663734436,21,0.4481312334537506,0.3500000000000003,True
41.825,14,82.516071,1.0,0.26521193981170654,21,0.44891417026519775,0.3500000000000003,True
35.825,13,82.640494,1.0,0.3295459449291229,19,0.4802137613296509,0.3500000000000003,True
41.84,10,82.719909,0.953125,0.3516526222229004,22,0.5310625433921814,0.3200000000000002,True
43.825,12,82.815245,1.0,0.28299179673194885,22,0.5354782938957214,0.3500000000000003,True
39.81,15,82.933068,1.0,0.33223098516464233,20,0.4492189586162567,0.38000000000000034,True
41.825,11,83.019497,1.0,0.3007533848285675,22,0.49064555764198303,0.3500000000000002,True
33.825,14,83.137348,1.0,0.3018961548805237,18,0.39572590589523315,0.3500000000000003,True
39.825,13,83.237133,1.0,0.3224303424358368,20,0.43353593349456787,0.3500000000000003,True
37.825,13,83.341886,1.0,0.3136276602745056,19,0.42565983533859253,0.3500000000000003,True
43.825,11,83.429442,1.0,0.3009710907936096,22,0.5345845818519592,0.3500000000000002,True
39.825,14,83.536834,1.0,0.29992157220840454,21,0.3848479092121124,0.3500000000000003,True
47.825,11,83.625724,1.0,0.2938612699508667,25,0.5732178092002869,0.3500000000000002,True
39.785,16,83.769465,1.0,0.3021133542060852,20,0.4869488477706909,0.4300000000000004,True
37.825,14,83.879151,1.0,0.30589228868484497,21,0.5230001211166382,0.3500000000000003,True
39.825,12,83.975765,1.0,0.30180031061172485,21,0.4911532700061798,0.3500000000000003,True
41.825,14,84.082456,1.0,0.3267931342124939,22,0.5628092288970947,0.3500000000000003,True
43.825,12,84.179738,1.0,0.33198046684265137,22,0.5344852209091187,0.3500000000000003,True
39.825,13,84.282663,1.0,0.30457186698913574,21,0.6257086396217346,0.3500000000000003,True
41.84,10,84.364384,0.953125,0.35481321811676025,21,0.4562632441520691,0.3200000000000002,True
39.825,13,84.461028,1.0,0.30933207273483276,20,0.4603671729564667,0.3500000000000003,True
45.825,11,84.547683,1.0,0.3336024284362793,24,0.5596056580543518,0.3500000000000002,True
43.825,12,84.641695,1.0,0.3162434697151184,23,0.5415070056915283,0.3500000000000003,True
43.825,14,84.766385,1.0,0.32293298840522766,23,0.5778919458389282,0.3500000000000003,True
43.825,13,84.865396,1.0,0.31928741931915283,22,0.5063873529434204,0.3500000000000003,True
47.825,13,84.960174,1.0,0.2964744567871094,24,0.5831664204597473,0.3500000000000003,True
41.745,20,85.117853,1.0,0.3163132667541504,22,0.4509085416793823,0.5100000000000005,True
35.745,20,85.269675,1.0,0.3042682111263275,18,0.45568782091140747,0.5100000000000005,True
41.81,15,85.39643,1.0,0.2879650294780731,22,0.5194864869117737,0.38000000000000034,True
39.825,14,85.500849,1.0,0.3168804943561554,21,0.5233752727508545,0.3500000000000003,True
43.825,14,85.608469,1.0,0.3168799877166748,22,0.4630357325077057,0.3500000000000003,True
41.825,13,85.709651,1.0,0.30846795439720154,22,0.49904492497444153,0.3500000000000003,True
41.785,16,85.844446,1.0,0.2796071767807007,21,0.5032163262367249,0.4300000000000004,True
45.825,13,85.944218,1.0,0.29413577914237976,23,0.5220159888267517,0.3500000000000003,True
45.745,18,86.082328,1.0,0.309517502784729,24,0.6075443625450134,0.5100000000000005,True
37.785,16,86.201732,1.0,0.2903193533420563,20,0.4628911018371582,0.4300000000000004,True
33.785,16,86.320384,1.0,0.2833569049835205,18,0.480313241481781,0.4300000000000004,True
39.825,14,86.431014,1.0,0.27462923526763916,21,0.5257416367530823,0.3500000000000003,True
39.825,13,86.530018,1.0,0.2915423512458801,20,0.45107603073120117,0.3500000000000003,True
37.81,15,86.644001,1.0,0.3280286490917206,20,0.49788621068000793,0.38000000000000034,True
45.825,14,86.751406,1.0,0.338450163602829,24,0.6234275102615356,0.3500000000000003,True
41.825,14,86.878865,1.0,0.2819932699203491,22,0.5111064910888672,0.3500000000000003,True
37.76,17,87.038262,1.0,0.2933726906776428,21,0.48813608288764954,0.4800000000000003,True
35.81,15,87.235251,1.0,0.308748722076416,20,0.44839927554130554,0.38000000000000034,True
41.825,12,87.381334,1.0,0.2792404890060425,21,0.5186823010444641,0.3500000000000003,True
43.825,14,87.545114,1.0,0.33491241931915283,22,0.45818302035331726,0.3500000000000003,True
33.745,19,87.775954,1.0,0.2849684953689575,17,0.41600412130355835,0.5100000000000005,True
39.825,14,87.943287,1.0,0.30736997723579407,21,0.5713445544242859,0.3500000000000003,True
43.825,13,88.092104,1.0,0.30624696612358093,22,0.5590008497238159,0.3500000000000003,True
45.825,11,88.217816,1.0,0.30904144048690796,23,0.5245413184165955,0.3500000000000002,True
35.825,11,88.346663,1.0,0.28741708397865295,20,0.42065179347991943,0.3500000000000002,True
39.825,13,88.49132,1.0,0.3080325126647949,21,0.4897204637527466,0.3500000000000003,True
39.817,14,88.66624,1.0,0.29780423641204834,20,0.4898950457572937,0.3660000000000003,True
39.825,14,88.866577,1.0,0.31406939029693604,21,0.4784637689590454,0.3500000000000003,True
39.81,15,89.05648,1.0,0.32627588510513306,21,0.44169023633003235,0.38000000000000034,True
37.825,14,89.211551,1.0,0.3265405297279358,20,0.4277347922325134,0.3500000000000003,True
39.825,13,89.360711,1.0,0.31175410747528076,23,0.5810327529907227,0.3500000000000003,True
43.825,12,89.501375,1.0,0.2995975911617279,23,0.5630179047584534,0.3500000000000003,True
39.825,14,89.673993,1.0,0.3031170964241028,20,0.45611995458602905,0.3500000000000003,True
41.825,12,89.813483,1.0,0.30368638038635254,23,0.5256210565567017,0.3500000000000003,True
35.825,11,89.934351,1.0,0.2927132546901703,19,0.43635526299476624,0.3500000000000002,True
43.825,12,90.091112,1.0,0.30095914006233215,23,0.5578232407569885,0.3500000000000003,True
43.825,13,90.234715,1.0,0.2917095422744751,22,0.4967196583747864,0.3500000000000003,True
39.825,14,90.415759,1.0,0.27986136078834534,21,0.48223668336868286,0.3500000000000003,True
37.825,14,90.584127,1.0,0.31570959091186523,20,0.41482189297676086,0.3500000000000003,True
37.825,14,90.745955,1.0,0.2928580641746521,20,0.42311805486679077,0.3500000000000003,True
35.725,20,90.992167,1.0,0.276337206363678,18,0.4470793902873993,0.5500000000000005,True
45.81,15,91.217893,1.0,0.31177860498428345,24,0.5274433493614197,0.38000000000000034,True
37.825,14,91.396734,1.0,0.29474255442619324,20,0.4300253987312317,0.3500000000000003,True
47.813,15,91.513512,1.0,0.3083752691745758,24,0.5515297651290894,0.37400000000000033,True
39.745,19,91.664022,1.0,0.2979021370410919,21,0.529059886932373,0.5100000000000005,True
39.825,13,91.765238,1.0,0.2617950439453125,21,0.4535324275493622,0.3500000000000003,True
37.825,12,91.854527,1.0,0.2820396423339844,19,0.378874272108078,0.3500000000000003,True
47.76,17,91.985315,1.0,0.30702880024909973,24,0.49013519287109375,0.4800000000000003,True
49.825,13,92.087651,1.0,0.3341082036495209,25,0.5756484270095825,0.3500000000000003,True
47.745,18,92.243789,1.0,0.3111957311630249,25,0.619205892086029,0.5100000000000005,True
41.825,13,92.347471,1.0,0.3174722194671631,22,0.48708879947662354,0.3500000000000003,True
31.745,20,92.960911,1.0,0.29646873474121094,18,0.45925161242485046,0.5100000000000005,True
41.745,19,93.107378,1.0,0.3183342516422272,21,0.5007911920547485,0.5100000000000005,True
43.81,15,93.23922,1.0,0.34746068716049194,24,0.6233805418014526,0.38000000000000034,True
37.745,18,93.393655,1.0,0.3162997364997864,20,0.518915057182312,0.5100000000000005,True
39.745,19,93.539261,1.0,0.2875233292579651,20,0.4301791191101074,0.5100000000000005,True
43.825,14,93.652768,1.0,0.3158632516860962,22,0.4988851547241211,0.3500000000000003,True
45.785,16,93.772484,1.0,0.3121025562286377,23,0.48137494921684265,0.4300000000000004,True
41.794,16,93.894495,1.0,0.33350715041160583,22,0.5904715657234192,0.41200000000000037,True
35.81,15,94.010075,1.0,0.28233760595321655,19,0.46119391918182373,0.38000000000000034,True
43.825,13,94.107098,1.0,0.2908714711666107,22,0.44338589906692505,0.3500000000000003,True
43.825,13,94.21085,1.0,0.31911396980285645,22,0.5291890501976013,0.3500000000000003,True
45.81,15,94.343257,1.0,0.3058110177516937,23,0.5566640496253967,0.38000000000000034,True
35.825,14,94.456399,1.0,0.2935539484024048,18,0.47089236974716187,0.3500000000000003,True
39.825,13,94.551819,1.0,0.3085252642631531,20,0.47865229845046997,0.3500000000000003,True
45.825,14,94.6643,1.0,0.311504602432251,23,0.47537559270858765,0.3500000000000003,True
41.825,12,94.752605,1.0,0.30601730942726135,22,0.4835698902606964,0.3500000000000003,True
47.825,13,94.852035,1.0,0.33619171380996704,24,0.4900347590446472,0.3500000000000003,True
37.825,14,94.961378,1.0,0.3176477253437042,21,0.4859280586242676,0.3500000000000003,True
39.81,15,95.078189,1.0,0.30531045794487,21,0.47989144921302795,0.38000000000000034,True
43.76,17,95.20892,1.0,0.31058424711227417,22,0.46817368268966675,0.4800000000000003,True
39.81,15,95.351088,1.0,0.29663383960723877,21,0.502242386341095,0.38000000000000034,True
37.813,15,95.464781,1.0,0.30213940143585205,19,0.4875425100326538,0.37400000000000033,True
39.81,15,95.577394,1.0,0.3320346474647522,22,0.5183029770851135,0.38000000000000034,True
41.825,13,95.677332,1.0,0.27768674492836,21,0.42680293321609497,0.3500000000000003,True
41.81,15,95.788281,1.0,0.2855164408683777,21,0.4624985158443451,0.38000000000000034,True
41.785,16,95.908091,1.0,0.33634692430496216,22,0.5232504606246948,0.4300000000000004,True
31.81,15,96.023132,1.0,0.32160425186157227,18,0.47035089135169983,0.38000000000000034,True
37.745,19,96.165645,1.0,0.3236158490180969,21,0.5237791538238525,0.5100000000000005,True
47.81,15,96.280458,1.0,0.29794174432754517,24,0.5527856349945068,0.38000000000000034,True
37.81,15,96.416466,1.0,0.2964358925819397,21,0.4870055019855499,0.38000000000000034,True
39.825,13,96.51685,1.0,0.3199562430381775,21,0.466281533241272,0.3500000000000003,True
45.825,13,96.614152,1.0,0.313198983669281,23,0.5578275322914124,0.3500000000000003,True
37.825,14,96.72556,1.0,0.2809249758720398,20,0.38582727313041687,0.3500000000000003,True
37.81,15,96.84145,1.0,0.29917043447494507,21,0.5223286151885986,0.38000000000000034,True
39.825,14,96.951906,1.0,0.3082616925239563,22,0.5085316300392151,0.3500000000000003,True
43.785,16,97.076516,1.0,0.3198624849319458,23,0.5719656944274902,0.4300000000000004,True
41.785,16,97.205043,1.0,0.3164241909980774,21,0.44466060400009155,0.4300000000000004,True
35.81,15,97.317188,1.0,0.275250643491745,19,0.4559612572193146,0.38000000000000034,True
43.825,12,97.43711,1.0,0.2742542028427124,23,0.512721836566925,0.3500000000000003,True
41.825,12,97.527197,1.0,0.3089919686317444,21,0.49116453528404236,0.3500000000000003,True
39.825,12,97.626304,1.0,0.30017417669296265,22,0.4965053200721741,0.3500000000000003,True
45.825,12,97.723089,1.0,0.28484296798706055,23,0.5639538764953613,0.3500000000000003,True
35.825,13,97.823684,1.0,0.26715272665023804,19,0.4782799184322357,0.3500000000000003,True
39.825,14,97.933067,1.0,0.29571813344955444,20,0.4613969922065735,0.3500000000000003,True
37.825,14,98.041754,1.0,0.2824370563030243,19,0.391899049282074,0.3500000000000003,True
43.825,12,98.130687,1.0,0.2986147403717041,22,0.55208420753479,0.3500000000000003,True
45.825,13,98.231932,1.0,0.3374084234237671,24,0.6358986496925354,0.3500000000000003,True
41.825,11,98.31708,1.0,0.29827094078063965,23,0.5582268238067627,0.3500000000000002,True
29.825,12,98.429245,1.0,0.29358935356140137,18,0.4025004804134369,0.3500000000000003,True
41.825,13,98.52888,1.0,0.29706302285194397,22,0.5356543064117432,0.3500000000000003,True
49.825,11,98.616294,1.0,0.3158153295516968,25,0.5227347016334534,0.3500000000000002,True
39.809,15,98.734545,1.0,0.30887892842292786,20,0.46351754665374756,0.38200000000000034,True
49.825,12,98.828972,1.0,0.2924184799194336,25,0.5203301310539246,0.3500000000000003,True
41.825,13,98.929677,1.0,0.27158111333847046,21,0.4742138683795929,0.3500000000000003,True
49.825,11,99.037881,1.0,0.280529648065567,25,0.566056489944458,0.3500000000000002,True
35.825,13,99.151352,1.0,0.30303165316581726,19,0.4380897879600525,0.3500000000000003,True
41.825,14,99.264494,1.0,0.3019790053367615,21,0.5550363063812256,0.3500000000000003,True
35.825,13,99.380111,1.0,0.3131953775882721,19,0.4587891697883606,0.3500000000000003,True
45.809,12,99.491299,1.0,0.2892448306083679,24,0.5296298265457153,0.38200000000000023,True
41.809,13,99.59327,1.0,0.29069024324417114,21,0.5208452343940735,0.38200000000000034,True
39.825,13,99.701216,1.0,0.29591453075408936,21,0.47278955578804016,0.3500000000000003,True
41.825,12,99.794643,1.0,0.31973329186439514,23,0.6444799900054932,0.3500000000000003,True
37.825,12,99.890843,1.0,0.27839043736457825,20,0.4222331643104553,0.3500000000000003,True
43.825,13,99.989661,1.0,0.31479963660240173,22,0.4958047866821289,0.3500000000000003,True
33.825,11,100.079843,1.0,0.27055448293685913,19,0.428470641374588,0.3500000000000002,True
41.825,12,100.171759,1.0,0.3060964345932007,22,0.5013364553451538,0.3500000000000003,True
39.825,12,100.265258,1.0,0.2949024736881256,21,0.48655080795288086,0.3500000000000003,True
39.825,14,100.375513,1.0,0.31966662406921387,20,0.46466949582099915,0.3500000000000003,True
41.84,10,100.460815,0.953125,0.2926543951034546,21,0.4485374689102173,0.3200000000000002,True
43.825,13,100.579927,1.0,0.2962114214897156,22,0.5198600888252258,0.3500000000000003,True
37.825,13,100.6873,1.0,0.2921762466430664,19,0.43605226278305054,0.3500000000000003,True
35.825,13,100.789052,1.0,0.2746943533420563,18,0.42664843797683716,0.3500000000000003,True
37.825,12,100.880946,1.0,0.30521824955940247,20,0.48882579803466797,0.3500000000000003,True
39.825,12,100.977597,1.0,0.31249165534973145,20,0.406186580657959,0.3500000000000003,True
35.798,16,101.102112,1.0,0.30472344160079956,20,0.4707871973514557,0.40400000000000036,True
37.785,16,101.232906,1.0,0.3216172456741333,20,0.4910443425178528,0.4300000000000004,True
39.825,13,101.337811,1.0,0.2959963083267212,20,0.5274462699890137,0.3500000000000003,True
43.798,16,101.550236,1.0,0.2850763201713562,23,0.6123539805412292,0.40400000000000036,True
41.825,14,101.730167,1.0,0.3042827546596527,22,0.5233701467514038,0.3500000000000003,True
45.81,15,101.903315,1.0,0.3020722270011902,24,0.5601991415023804,0.38000000000000034,True
41.825,14,102.063958,1.0,0.3089981973171234,23,0.5690597295761108,0.3500000000000003,True
41.825,14,102.214267,1.0,0.2978516221046448,23,0.5155170559883118,0.3500000000000003,True
49.825,14,102.379419,1.0,0.2975599467754364,25,0.6857980489730835,0.3500000000000003,True
45.81,15,102.554024,1.0,0.3193676471710205,24,0.5325173139572144,0.38000000000000034,True
39.825,13,102.716279,1.0,0.3104269504547119,22,0.46140745282173157,0.3500000000000003,True
29.825,13,102.860009,1.0,0.2730062007904053,17,0.4086747467517853,0.3500000000000003,True
45.825,14,103.031094,1.0,0.2849346101284027,24,0.5615429282188416,0.3500000000000003,True
41.825,12,103.179205,1.0,0.29043394327163696,21,0.49199920892715454,0.3500000000000003,True
45.813,14,103.338171,1.0,0.2977229654788971,23,0.5446924567222595,0.37400000000000033,True
43.825,14,103.500377,1.0,0.3240981698036194,22,0.5461920499801636,0.3500000000000003,True
37.825,14,104.123249,1.0,0.2766319811344147,21,0.4468735456466675,0.3500000000000003,True
39.825,13,104.2669,1.0,0.29367271065711975,20,0.464775025844574,0.3500000000000003,True
37.745,18,104.47634,1.0,0.3013268709182739,20,0.45859798789024353,0.5100000000000005,True
41.825,11,104.599254,1.0,0.28961825370788574,21,0.4860309064388275,0.3500000000000002,True
33.825,13,104.772069,1.0,0.3043130040168762,18,0.38238775730133057,0.3500000000000003,True
45.825,12,104.921401,1.0,0.33648964762687683,23,0.5076178312301636,0.3500000000000003,True
41.825,12,105.059788,1.0,0.30408692359924316,21,0.44521552324295044,0.3500000000000003,True
39.825,12,105.210379,1.0,0.3164033889770508,22,0.49484238028526306,0.3500000000000003,True
45.825,12,105.36816,1.0,0.30024033784866333,24,0.5449931621551514,0.3500000000000003,True
47.825,11,105.517005,1.0,0.312044233083725,24,0.5672623515129089,0.3500000000000002,True
35.825,12,105.675709,1.0,0.29648852348327637,19,0.47998782992362976,0.3500000000000003,True
35.825,13,105.777844,1.0,0.2791284918785095,20,0.49712949991226196,0.3500000000000003,True
39.825,11,105.876651,1.0,0.31767117977142334,21,0.49048808217048645,0.3500000000000002,True
33.825,12,105.973342,1.0,0.2873665690422058,19,0.4779855012893677,0.3500000000000003,True
41.825,13,106.073003,1.0,0.28398507833480835,21,0.4899667203426361,0.3500000000000003,True
39.825,13,106.171543,1.0,0.27651268243789673,21,0.5666087865829468,0.3500000000000003,True
33.825,13,106.270857,1.0,0.2807348370552063,18,0.42658260464668274,0.3500000000000003,True
41.865,9,106.346206,0.875,0.38923272490501404,22,0.4251095652580261,0.27000000000000024,True
43.825,11,106.428514,1.0,0.2760184109210968,22,0.4827533960342407,0.3500000000000002,True
35.84,10,106.509233,0.953125,0.3495873808860779,18,0.4385084807872772,0.3200000000000002,True
35.825,13,106.60508,1.0,0.29978978633880615,20,0.5326244831085205,0.3500000000000003,True
37.794,16,106.732709,1.0,0.27906861901283264,21,0.48651817440986633,0.41200000000000037,True
43.825,14,106.841377,1.0,0.3456084728240967,23,0.549453854560852,0.3500000000000003,True
49.825,13,106.959371,1.0,0.3368234932422638,25,0.5119500160217285,0.3500000000000003,True
47.813,15,107.073261,1.0,0.3141230344772339,24,0.5394812822341919,0.37400000000000033,True
37.825,12,107.177093,1.0,0.3246825933456421,20,0.5216172933578491,0.3500000000000003,True
45.825,13,107.280549,1.0,0.3278172016143799,23,0.5420540571212769,0.3500000000000003,True
31.745,19,107.425914,1.0,0.2952181100845337,16,0.385009765625,0.5100000000000005,True
43.825,13,107.529272,1.0,0.3200708031654358,24,0.5219303369522095,0.3500000000000003,True
39.81,15,107.640991,1.0,0.302797794342041,20,0.4855364263057709,0.38000000000000034,True
45.825,13,107.745956,1.0,0.26568907499313354,23,0.48499202728271484,0.3500000000000003,True
39.825,13,107.847357,1.0,0.2965015470981598,20,0.48481816053390503,0.3500000000000003,True
41.81,15,107.981801,1.0,0.31575852632522583,21,0.46681344509124756,0.38000000000000034,True
43.825,13,108.081766,1.0,0.3052005171775818,22,0.5673547983169556,0.3500000000000003,True
41.825,11,108.169991,1.0,0.3246622681617737,23,0.5920491814613342,0.3500000000000002,True
41.825,12,108.260736,1.0,0.29466700553894043,21,0.5689933896064758,0.3500000000000003,True
39.825,13,108.371115,1.0,0.26417386531829834,20,0.41236525774002075,0.3500000000000003,True
41.825,11,108.46037,1.0,0.31089574098587036,22,0.5565482378005981,0.3500000000000002,True
41.825,11,108.546021,1.0,0.30619439482688904,21,0.4271928071975708,0.3500000000000002,True
41.825,12,108.641361,1.0,0.3353322446346283,22,0.48048046231269836,0.3500000000000003,True
37.825,11,108.726645,1.0,0.2741781771183014,19,0.40849214792251587,0.3500000000000002,True
45.825,12,108.82464,1.0,0.30392181873321533,23,0.49232789874076843,0.3500000000000003,True
43.825,12,108.920227,1.0,0.28995269536972046,23,0.4572395980358124,0.3500000000000003,True
45.825,12,109.033702,1.0,0.2958791255950928,23,0.5365170836448669,0.3500000000000003,True
41.825,14,109.145925,1.0,0.29057562351226807,22,0.5172568559646606,0.3500000000000003,True
49.825,13,109.265319,1.0,0.30714964866638184,25,0.6276496648788452,0.3500000000000003,True
39.825,13,109.368947,1.0,0.30435049533843994,20,0.5107537508010864,0.3500000000000003,True
37.825,14,109.483067,1.0,0.297574520111084,19,0.43824049830436707,0.3500000000000003,True
31.825,13,109.580339,1.0,0.2998059391975403,17,0.4252133369445801,0.3500000000000003,True
41.825,13,109.687456,1.0,0.3090497851371765,23,0.5496148467063904,0.3500000000000003,True
39.813,14,109.797233,1.0,0.2680095434188843,20,0.487426221370697,0.37400000000000033,True
47.825,13,109.895565,1.0,0.30980974435806274,24,0.4796704053878784,0.3500000000000003,True
27.81,15,110.028476,1.0,0.28639984130859375,16,0.3981892466545105,0.38000000000000034,True
37.825,14,110.134012,1.0,0.3172200918197632,20,0.5060181021690369,0.3500000000000003,True
41.825,13,110.232782,1.0,0.2892010509967804,21,0.3964470326900482,0.3500000000000003,True
43.825,13,110.331466,1.0,0.32033073902130127,22,0.4860277771949768,0.3500000000000003,True
35.81,15,110.448631,1.0,0.28501275181770325,20,0.40786832571029663,0.38000000000000034,True
45.81,15,110.57057,1.0,0.3209484815597534,24,0.4949893355369568,0.38000000000000034,True
41.825,14,110.678231,1.0,0.29579994082450867,22,0.5162167549133301,0.3500000000000003,True
31.825,13,110.775108,1.0,0.2965260148048401,16,0.3301127254962921,0.3500000000000003,True
35.825,13,110.875375,1.0,0.2834184169769287,19,0.4593181014060974,0.3500000000000003,True
31.825,14,110.988573,1.0,0.29423314332962036,17,0.42815372347831726,0.3500000000000003,True
45.81,15,111.117883,1.0,0.32782864570617676,24,0.5834189057350159,0.38000000000000034,True
43.81,15,111.236072,1.0,0.29955747723579407,22,0.47493571043014526,0.38000000000000034,True
47.785,16,111.360132,1.0,0.2946644425392151,24,0.5248075127601624,0.4300000000000004,True
39.81,15,111.477148,1.0,0.28037703037261963,20,0.43452563881874084,0.38000000000000034,True
41.825,13,111.581516,1.0,0.31350892782211304,22,0.5451375246047974,0.3500000000000003,True
45.825,12,111.67695,1.0,0.29552698135375977,23,0.5188071727752686,0.3500000000000003,True
35.825,14,111.783534,1.0,0.3157106339931488,20,0.4542427659034729,0.3500000000000003,True
45.825,13,111.883127,1.0,0.3072850704193115,23,0.5246400833129883,0.3500000000000003,True
51.825,12,111.971213,1.0,0.3309267461299896,26,0.6432211399078369,0.3500000000000003,True
39.813,14,112.091295,1.0,0.28253239393234253,20,0.4407617151737213,0.37400000000000033,True
47.825,12,112.18165,1.0,0.3121265172958374,25,0.605892539024353,0.3500000000000003,True
39.825,13,112.285429,1.0,0.2909751236438751,22,0.514733076095581,0.3500000000000003,True
43.825,14,112.394524,1.0,0.2917814254760742,23,0.5543198585510254,0.3500000000000003,True
45.825,13,112.493951,1.0,0.28561174869537354,24,0.5552678108215332,0.3500000000000003,True
47.825,12,112.591092,1.0,0.2999762296676636,24,0.600517213344574,0.3500000000000003,True
41.825,14,112.698444,1.0,0.30036795139312744,22,0.49526548385620117,0.3500000000000003,True
45.825,12,112.790339,1.0,0.327053040266037,23,0.47938352823257446,0.3500000000000003,True
39.798,16,112.916272,1.0,0.3061099946498871,21,0.4353133738040924,0.40400000000000036,True
41.825,13,113.017559,1.0,0.30832579731941223,22,0.5224714279174805,0.3500000000000003,True
35.825,14,113.144174,1.0,0.2782847285270691,20,0.5012518167495728,0.3500000000000003,True
39.825,12,113.236058,1.0,0.3003106117248535,21,0.4925043284893036,0.3500000000000003,True
45.825,14,113.350071,1.0,0.30297020077705383,24,0.633435845375061,0.3500000000000003,True
39.825,14,113.459528,1.0,0.28256675601005554,21,0.49909937381744385,0.3500000000000003,True
39.81,15,113.573636,1.0,0.314319908618927,20,0.4529465436935425,0.38000000000000034,True
43.76,17,113.70557,1.0,0.32225897908210754,24,0.5737203359603882,0.4800000000000003,True
41.809,15,113.817417,1.0,0.3502785861492157,22,0.4177541434764862,0.38200000000000034,True
43.825,14,113.925866,1.0,0.2936846613883972,22,0.4983136057853699,0.3500000000000003,True
43.81,15,114.040773,1.0,0.3216339349746704,22,0.5279262661933899,0.38000000000000034,True
39.81,15,114.170136,1.0,0.28585344552993774,22,0.5274535417556763,0.38000000000000034,True
39.785,16,114.29678,1.0,0.3138865530490875,21,0.47138139605522156,0.4300000000000004,True
43.757,18,114.440118,1.0,0.3110910654067993,22,0.5381006002426147,0.48600000000000043,True
49.81,15,114.557776,1.0,0.3188946843147278,25,0.5679029226303101,0.38000000000000034,True
35.825,14,115.045288,1.0,0.2962583005428314,19,0.4509521722793579,0.3500000000000003,True
43.825,14,115.161633,1.0,0.30418694019317627,22,0.5190771818161011,0.3500000000000003,True
43.785,16,115.309064,1.0,0.30884870886802673,22,0.5451683402061462,0.4300000000000004,True
41.825,14,115.418176,1.0,0.275188148021698,21,0.4475957155227661,0.3500000000000003,True
41.825,13,115.516628,1.0,0.2669287323951721,22,0.5520468354225159,0.3500000000000003,True
41.813,15,115.634966,1.0,0.3039988875389099,21,0.5095250010490417,0.37400000000000033,True
39.825,13,115.779062,1.0,0.29864227771759033,20,0.532697319984436,0.3500000000000003,True
41.81,15,115.963325,1.0,0.3058813214302063,23,0.5460964441299438,0.38000000000000034,True
39.729,19,116.178643,1.0,0.2933284044265747,20,0.3536164164543152,0.5420000000000005,True
43.81,15,116.35992,1.0,0.292702853679657,22,0.37624087929725647,0.38000000000000034,True
41.825,13,116.505791,1.0,0.30154716968536377,21,0.4635615348815918,0.3500000000000003,True
41.825,14,116.663722,1.0,0.29499101638793945,21,0.47798553109169006,0.3500000000000003,True
43.825,14,116.824139,1.0,0.32519668340682983,23,0.5436704158782959,0.3500000000000003,True
37.745,19,117.036735,1.0,0.3096466660499573,19,0.43919986486434937,0.5100000000000005,True
37.81,15,117.22577,1.0,0.29547855257987976,21,0.5083262920379639,0.38000000000000034,True
39.825,14,117.403573,1.0,0.2774893045425415,21,0.40603354573249817,0.3500000000000003,True
39.825,14,117.565855,1.0,0.28798848390579224,20,0.5003475546836853,0.3500000000000003,True
39.813,15,117.738818,1.0,0.28458666801452637,20,0.5046434998512268,0.37400000000000033,True
45.84,10,117.858975,0.953125,0.3369787335395813,23,0.45677295327186584,0.3200000000000002,True
37.825,11,117.994498,1.0,0.2898849546909332,19,0.44246524572372437,0.3500000000000002,True
37.825,13,118.137578,1.0,0.2789321541786194,20,0.45579904317855835,0.3500000000000003,True
47.825,12,118.267588,1.0,0.27579963207244873,24,0.5204297304153442,0.3500000000000003,True
41.76,17,118.484746,1.0,0.3052208721637726,22,0.5892237424850464,0.4800000000000003,True
39.84,10,118.603123,0.953125,0.3351202607154846,20,0.4369446337223053,0.3200000000000002,True
41.825,13,118.748057,1.0,0.2757590115070343,21,0.6029061675071716,0.3500000000000003,True
37.84,10,118.860878,0.953125,0.3410857617855072,19,0.46605920791625977,0.3200000000000002,True
31.745,19,119.091303,1.0,0.2953014671802521,17,0.3869999051094055,0.5100000000000005,True
45.825,13,119.232344,1.0,0.31750035285949707,23,0.5301948189735413,0.3500000000000003,True
37.785,16,119.412914,1.0,0.3352307081222534,21,0.542271614074707,0.4300000000000004,True
41.809,14,119.602236,1.0,0.28830721974372864,21,0.45299461483955383,0.38200000000000034,True
39.825,14,119.785597,1.0,0.3204645812511444,22,0.47275015711784363,0.3500000000000003,True
47.825,14,119.964689,1.0,0.3031681478023529,24,0.49586817622184753,0.3500000000000003,True
45.805,14,120.067798,1.0,0.2752985656261444,24,0.5277534127235413,0.39000000000000035,True
43.825,13,120.166686,1.0,0.3051125407218933,22,0.48877355456352234,0.3500000000000003,True
43.825,13,120.266532,1.0,0.31340160965919495,22,0.5833490490913391,0.3500000000000003,True
41.825,13,120.367693,1.0,0.2973802089691162,22,0.5119176506996155,0.3500000000000003,True
37.825,13,120.468205,1.0,0.314389169216156,22,0.5743756294250488,0.3500000000000003,True
39.785,16,120.611248,1.0,0.2724275588989258,20,0.5006555318832397,0.4300000000000004,True
45.825,14,120.721811,1.0,0.3082611858844757,23,0.5515429973602295,0.3500000000000003,True
43.825,13,120.822107,1.0,0.3050411343574524,23,0.5622559785842896,0.3500000000000003,True
35.825,14,120.934686,1.0,0.29167985916137695,18,0.3769354224205017,0.3500000000000003,True
37.825,13,121.054051,1.0,0.2667146623134613,20,0.4559705853462219,0.3500000000000003,True
41.825,12,121.144205,1.0,0.310119092464447,23,0.5209861397743225,0.3500000000000003,True
39.825,14,121.259695,1.0,0.3182154893875122,21,0.4955001473426819,0.3500000000000003,True
45.817,14,121.372322,1.0,0.2918584942817688,23,0.5581720471382141,0.3660000000000003,True
37.825,14,121.486218,1.0,0.305463582277298,20,0.35949575901031494,0.3500000000000003,True
39.825,14,121.603263,1.0,0.3254539966583252,21,0.46982747316360474,0.3500000000000003,True
39.825,13,121.720293,1.0,0.2916017174720764,21,0.5114182233810425,0.3500000000000003,True
41.825,13,121.82006,1.0,0.2764970660209656,21,0.4723820090293884,0.3500000000000003,True
39.825,13,121.923851,1.0,0.2832610607147217,20,0.4771694540977478,0.3500000000000003,True
45.81,15,122.037163,1.0,0.31146398186683655,24,0.5470684766769409,0.38000000000000034,True
43.825,13,122.133219,1.0,0.28296107053756714,22,0.46970951557159424,0.3500000000000003,True
35.825,14,122.239653,1.0,0.27635228633880615,19,0.4354704022407532,0.3500000000000003,True
39.825,13,122.340658,1.0,0.2551831603050232,20,0.4704655408859253,0.3500000000000003,True
39.825,12,122.429354,1.0,0.2931023836135864,22,0.5136096477508545,0.3500000000000003,True
43.825,14,122.539986,1.0,0.3108149766921997,23,0.5909864902496338,0.3500000000000003,True
43.825,13,122.666687,1.0,0.3070152699947357,23,0.6178083419799805,0.3500000000000003,True
49.825,12,122.769736,1.0,0.32140424847602844,25,0.5558633208274841,0.3500000000000003,True
45.825,11,122.862133,1.0,0.29367324709892273,23,0.573162317276001,0.3500000000000002,True
43.825,13,122.959669,1.0,0.3062725067138672,23,0.5585329532623291,0.3500000000000003,True
41.825,14,123.067381,1.0,0.3262665569782257,22,0.5327940583229065,0.3500000000000003,True
43.825,14,123.18382,1.0,0.3036952316761017,22,0.5430392622947693,0.3500000000000003,True
41.825,14,123.292042,1.0,0.27577048540115356,22,0.4823608696460724,0.3500000000000003,True
43.825,14,123.39786,1.0,0.2929137945175171,22,0.48610031604766846,0.3500000000000003,True
41.825,14,123.506012,1.0,0.29420140385627747,21,0.481334388256073,0.3500000000000003,True
43.825,13,123.606894,1.0,0.29191267490386963,23,0.5485917925834656,0.3500000000000003,True
43.825,13,123.718276,1.0,0.30762988328933716,23,0.578544557094574,0.3500000000000003,True
37.825,14,123.822202,1.0,0.3008471429347992,21,0.5254731178283691,0.3500000000000003,True
43.813,15,123.936123,1.0,0.29480454325675964,23,0.5439068078994751,0.37400000000000033,True
39.825,14,124.042441,1.0,0.3309798836708069,20,0.5080254077911377,0.3500000000000003,True
35.825,14,124.142912,1.0,0.2804228663444519,18,0.3792276382446289,0.3500000000000003,True
43.825,12,124.237298,1.0,0.28378453850746155,22,0.5032454133033752,0.3500000000000003,True
47.825,13,124.33515,1.0,0.31005871295928955,24,0.5502957105636597,0.3500000000000003,True
45.825,14,124.443016,1.0,0.3264467716217041,24,0.6578561067581177,0.3500000000000003,True
43.825,13,124.545756,1.0,0.30763351917266846,24,0.49854058027267456,0.3500000000000003,True
37.825,14,124.657184,1.0,0.303842157125473,20,0.4697616696357727,0.3500000000000003,True
29.745,18,124.81331,1.0,0.29701563715934753,15,0.3775275945663452,0.5100000000000005,True
39.825,11,124.899966,1.0,0.28176721930503845,21,0.47527673840522766,0.3500000000000002,True
45.813,14,125.009172,1.0,0.31468555331230164,24,0.6322134733200073,0.37400000000000033,True
37.825,13,125.108334,1.0,0.2943602204322815,20,0.419852614402771,0.3500000000000003,True
37.825,14,125.214122,1.0,0.3228762149810791,20,0.40917491912841797,0.3500000000000003,True
45.825,13,125.335808,1.0,0.31174319982528687,24,0.6030817627906799,0.3500000000000003,True
41.825,13,125.43911,1.0,0.3234845697879791,22,0.5804615020751953,0.3500000000000003,True
39.825,13,125.541743,1.0,0.2858690619468689,20,0.5064567923545837,0.3500000000000003,True
41.825,13,125.643647,1.0,0.2784925401210785,21,0.554444432258606,0.3500000000000003,True
41.825,13,125.735929,1.0,0.2875056266784668,22,0.5266796350479126,0.3500000000000003,True
35.825,13,125.853479,1.0,0.2989746034145355,21,0.5010470151901245,0.3500000000000003,True
39.825,13,125.952511,1.0,0.31477147340774536,20,0.41952741146087646,0.3500000000000003,True
39.825,12,126.039148,1.0,0.30603551864624023,20,0.44197729229927063,0.3500000000000003,True
39.825,13,126.137164,1.0,0.29833394289016724,21,0.4896991550922394,0.3500000000000003,True
41.825,14,126.240868,1.0,0.32215166091918945,22,0.5233076810836792,0.3500000000000003,True
33.825,14,126.655836,1.0,0.2931309938430786,18,0.41600725054740906,0.3500000000000003,True
37.825,13,126.758714,1.0,0.2923142611980438,22,0.5706828832626343,0.3500000000000003,True
35.825,13,126.878445,1.0,0.27776435017585754,20,0.43938958644866943,0.3500000000000003,True
37.825,14,126.978503,1.0,0.29670414328575134,19,0.40345054864883423,0.3500000000000003,True
41.825,12,127.067993,1.0,0.33577343821525574,23,0.585432231426239,0.3500000000000003,True
41.825,11,127.154962,1.0,0.32268714904785156,23,0.4882521629333496,0.3500000000000002,True
47.84,10,127.228387,0.953125,0.3317200243473053,24,0.5048441290855408,0.3200000000000002,True
47.825,11,127.314637,1.0,0.33112624287605286,24,0.5696591734886169,0.3500000000000002,True
37.825,12,127.400232,1.0,0.27349376678466797,20,0.469819575548172,0.3500000000000003,True
41.825,14,127.508264,1.0,0.26147109270095825,21,0.4671556353569031,0.3500000000000003,True
43.825,13,127.614312,1.0,0.26177942752838135,22,0.46328017115592957,0.3500000000000003,True
39.809,14,127.717413,1.0,0.29527437686920166,20,0.5067565441131592,0.38200000000000034,True
37.825,13,127.820081,1.0,0.31896814703941345,19,0.4698792099952698,0.3500000000000003,True
39.825,13,127.938799,1.0,0.3156491816043854,21,0.5159775018692017,0.3500000000000003,True
45.813,14,128.039804,1.0,0.29190748929977417,23,0.5202286839485168,0.37400000000000033,True
49.825,12,128.132283,1.0,0.3139417767524719,25,0.5817387700080872,0.3500000000000003,True
39.825,14,128.237649,1.0,0.279969722032547,20,0.4485989212989807,0.3500000000000003,True
47.825,11,128.317039,1.0,0.2936924695968628,24,0.48537927865982056,0.3500000000000002,True
43.825,13,128.421008,1.0,0.3209875226020813,23,0.5583781599998474,0.3500000000000003,True
37.825,12,128.510604,1.0,0.304673433303833,19,0.44378238916397095,0.3500000000000003,True
47.825,14,128.628502,1.0,0.3115343153476715,24,0.5264667272567749,0.3500000000000003,True
43.825,12,128.719623,1.0,0.26653653383255005,22,0.46493223309516907,0.3500000000000003,True
31.825,14,128.822664,1.0,0.29703906178474426,17,0.3215565085411072,0.3500000000000003,True
37.825,14,128.95063,1.0,0.28588050603866577,19,0.4951861500740051,0.3500000000000003,True
43.825,13,129.047716,1.0,0.31171971559524536,23,0.45865631103515625,0.3500000000000003,True
49.825,13,129.14763,1.0,0.326712429523468,25,0.5718219876289368,0.3500000000000003,True
41.825,12,129.248325,1.0,0.30412548780441284,22,0.5037912130355835,0.3500000000000003,True
43.809,14,129.368252,1.0,0.3038504719734192,23,0.5289924144744873,0.38200000000000034,True
39.825,12,129.460334,1.0,0.274130254983902,20,0.4396054148674011,0.3500000000000003,True
37.825,13,129.575308,1.0,0.2710425555706024,20,0.48498260974884033,0.3500000000000003,True
39.809,14,129.678731,1.0,0.30185189843177795,20,0.4873032867908478,0.38200000000000034,True
37.825,13,129.780929,1.0,0.29246532917022705,19,0.4243302643299103,0.3500000000000003,True
47.825,13,129.886019,1.0,0.31066447496414185,24,0.5158806443214417,0.3500000000000003,True
45.825,14,130.051674,1.0,0.3106253743171692,24,0.591344952583313,0.3500000000000003,True
35.825,14,130.221325,1.0,0.3059583902359009,19,0.4645896553993225,0.3500000000000003,True
39.825,14,130.373209,1.0,0.2985381484031677,21,0.5105735659599304,0.3500000000000003,True
41.825,14,130.519779,1.0,0.2888004779815674,21,0.4834950268268585,0.3500000000000003,True
39.825,12,130.653461,1.0,0.29476600885391235,22,0.5438572764396667,0.3500000000000003,True
37.825,14,130.814057,1.0,0.31678104400634766,20,0.4760802984237671,0.3500000000000003,True
47.825,13,130.959613,1.0,0.3348098397254944,25,0.6197869181632996,0.3500000000000003,True
37.825,14,131.13694,1.0,0.295691579580307,19,0.38577425479888916,0.3500000000000003,True
41.817,15,131.316582,1.0,0.3177737593650818,22,0.5164105296134949,0.3660000000000003,True
41.809,14,131.477501,1.0,0.3096284568309784,22,0.5360690355300903,0.38200000000000034,True
39.825,14,131.686226,1.0,0.31070560216903687,21,0.5001705884933472,0.3500000000000003,True
39.825,14,131.839586,1.0,0.29541656374931335,21,0.49899816513061523,0.3500000000000003,True
41.813,15,132.00809,1.0,0.29754483699798584,22,0.4873253405094147,0.37400000000000033,True
37.745,19,132.236138,1.0,0.31926554441452026,20,0.3780071437358856,0.5100000000000005,True
45.825,14,132.384615,1.0,0.2623247802257538,24,0.5134806632995605,0.3500000000000003,True
41.825,14,132.546963,1.0,0.3014174699783325,21,0.47118285298347473,0.3500000000000003,True
39.745,19,132.760359,1.0,0.2687793970108032,20,0.41146528720855713,0.5100000000000005,True
43.794,16,132.940516,1.0,0.32890942692756653,22,0.448116272687912,0.41200000000000037,True
39.825,14,133.094122,1.0,0.2956165671348572,20,0.45054757595062256,0.3500000000000003,True
45.825,14,133.26464,1.0,0.3107624053955078,23,0.614581823348999,0.3500000000000003,True
41.81,15,133.445634,1.0,0.3142615854740143,21,0.4911821484565735,0.38000000000000034,True
35.81,15,133.611419,1.0,0.29193246364593506,18,0.3625890016555786,0.38000000000000034,True
39.825,12,133.741723,1.0,0.34231555461883545,21,0.4964318573474884,0.3500000000000003,True
39.745,20,134.007948,1.0,0.2800452411174774,20,0.46954408288002014,0.5100000000000005,True
39.769,17,134.215984,1.0,0.2866133451461792,20,0.5179082155227661,0.4620000000000004,True
39.825,13,134.332998,1.0,0.2832714915275574,21,0.42881280183792114,0.3500000000000003,True
35.825,14,134.441129,1.0,0.2984672784805298,19,0.48006823658943176,0.3500000000000003,True
37.729,20,134.591912,1.0,0.3015221953392029,19,0.5099579691886902,0.5420000000000005,True
47.813,15,134.706988,1.0,0.30499690771102905,25,0.5597326755523682,0.37400000000000033,True
35.825,14,134.808194,1.0,0.29297369718551636,19,0.5435800552368164,0.3500000000000003,True
39.809,15,134.92298,1.0,0.2654791474342346,20,0.5188695192337036,0.38200000000000034,True
43.825,14,135.030055,1.0,0.2846507430076599,23,0.5074645280838013,0.3500000000000003,True
41.825,14,135.1341,1.0,0.2927262783050537,22,0.5233983993530273,0.3500000000000003,True
43.825,12,135.221745,1.0,0.28241777420043945,22,0.4919207990169525,0.3500000000000003,True
37.825,13,135.342022,1.0,0.3047083616256714,19,0.4285958707332611,0.3500000000000003,True
43.825,14,135.451347,1.0,0.27990615367889404,24,0.5701448917388916,0.3500000000000003,True
43.825,13,135.546185,1.0,0.2971791923046112,23,0.5152567028999329,0.3500000000000003,True
47.825,13,135.649713,1.0,0.3039947748184204,24,0.5689836144447327,0.3500000000000003,True
43.825,12,135.738822,1.0,0.2868759036064148,22,0.5493494272232056,0.3500000000000003,True
31.825,12,135.832843,1.0,0.29433003067970276,19,0.5077033638954163,0.3500000000000003,True
41.825,13,135.934736,1.0,0.27056387066841125,21,0.4737553894519806,0.3500000000000003,True
37.825,14,136.043161,1.0,0.3009341359138489,20,0.4607858955860138,0.3500000000000003,True
35.825,14,136.152165,1.0,0.30868151783943176,19,0.42589882016181946,0.3500000000000003,True
43.825,14,136.264494,1.0,0.30730798840522766,22,0.510296106338501,0.3500000000000003,True
45.825,14,136.388489,1.0,0.3063923120498657,23,0.5679223537445068,0.3500000000000003,True
45.825,14,136.496484,1.0,0.29247522354125977,23,0.4704750180244446,0.3500000000000003,True
47.825,12,136.591107,1.0,0.2710331678390503,24,0.5199423432350159,0.3500000000000003,True
45.825,14,136.696377,1.0,0.29801779985427856,24,0.5429627895355225,0.3500000000000003,True
37.825,14,136.803996,1.0,0.3076809346675873,20,0.4671817421913147,0.3500000000000003,True
39.825,12,136.896753,1.0,0.33252114057540894,20,0.42896512150764465,0.3500000000000003,True
45.825,14,137.002249,1.0,0.30005908012390137,23,0.5447757840156555,0.3500000000000003,True
43.825,13,137.099761,1.0,0.28659358620643616,24,0.5284795761108398,0.3500000000000003,True
43.825,13,137.201801,1.0,0.30975085496902466,22,0.4806987941265106,0.3500000000000003,True
35.809,15,137.324269,1.0,0.2914074659347534,19,0.412392258644104,0.38200000000000034,True
43.825,14,137.451272,1.0,0.30825597047805786,24,0.5981441736221313,0.3500000000000003,True
43.825,14,137.557115,1.0,0.3231074810028076,23,0.5483633279800415,0.3500000000000003,True
45.825,13,137.662516,1.0,0.30634281039237976,25,0.6003789901733398,0.3500000000000003,True
43.825,14,137.766264,1.0,0.30486512184143066,22,0.45518094301223755,0.3500000000000003,True
41.81,15,138.193105,1.0,0.31707894802093506,21,0.45492881536483765,0.38000000000000034,True
45.825,12,138.283511,1.0,0.2741542160511017,24,0.5409001708030701,0.3500000000000003,True
33.794,16,138.42067,1.0,0.30792364478111267,18,0.38583263754844666,0.41200000000000037,True
43.825,12,138.510157,1.0,0.27142953872680664,23,0.48567068576812744,0.3500000000000003,True
45.825,14,138.616203,1.0,0.3004559874534607,23,0.5561584830284119,0.3500000000000003,True
37.825,14,138.726701,1.0,0.3123229146003723,19,0.46975934505462646,0.3500000000000003,True
41.81,15,138.837592,1.0,0.3257831931114197,21,0.5280245542526245,0.38000000000000034,True
39.825,14,138.946379,1.0,0.29958975315093994,20,0.46767017245292664,0.3500000000000003,True
39.825,13,139.043566,1.0,0.28403767943382263,21,0.5136647820472717,0.3500000000000003,True
47.825,13,139.140134,1.0,0.2941961884498596,24,0.542206346988678,0.3500000000000003,True
41.825,13,139.236737,1.0,0.31081080436706543,23,0.5036464929580688,0.3500000000000003,True
37.825,11,139.32433,1.0,0.31303703784942627,21,0.5408214330673218,0.3500000000000002,True
43.813,15,139.449299,1.0,0.3105045557022095,22,0.5685054659843445,0.37400000000000033,True
39.825,14,139.55405,1.0,0.3103691339492798,20,0.4280800521373749,0.3500000000000003,True
41.813,14,139.668408,1.0,0.3132604956626892,22,0.4674058258533478,0.37400000000000033,True
43.809,14,139.778994,1.0,0.30788928270339966,23,0.4825516939163208,0.38200000000000034,True
37.825,13,139.876652,1.0,0.28795304894447327,19,0.4193955063819885,0.3500000000000003,True
39.825,14,139.992064,1.0,0.3112780451774597,20,0.46300381422042847,0.3500000000000003,True
35.825,13,140.092889,1.0,0.2989308834075928,20,0.4715771973133087,0.3500000000000003,True
37.825,14,140.202751,1.0,0.29978352785110474,20,0.5184618830680847,0.3500000000000003,True
41.825,13,140.300283,1.0,0.31370943784713745,22,0.5000338554382324,0.3500000000000003,True
37.825,14,140.410153,1.0,0.27644968032836914,20,0.4566459357738495,0.3500000000000003,True
35.825,13,140.527128,1.0,0.2889661490917206,18,0.3964933753013611,0.3500000000000003,True
41.825,13,140.625157,1.0,0.3076585531234741,22,0.5528355240821838,0.3500000000000003,True
39.825,13,140.727037,1.0,0.31066498160362244,21,0.5639901757240295,0.3500000000000003,True
41.825,12,140.816948,1.0,0.3040619492530823,22,0.527222752571106,0.3500000000000003,True
35.825,13,140.913763,1.0,0.274808406829834,18,0.43753573298454285,0.3500000000000003,True
41.825,13,141.017502,1.0,0.2908584475517273,23,0.5880034565925598,0.3500000000000003,True
47.825,12,141.103485,1.0,0.33526867628097534,25,0.5886226296424866,0.3500000000000003,True
39.809,14,141.208745,1.0,0.3093836307525635,20,0.5084421038627625,0.38200000000000034,True
41.825,14,141.322431,1.0,0.27895450592041016,22,0.5595468878746033,0.3500000000000003,True
43.809,15,141.43999,1.0,0.3054083585739136,23,0.5517629981040955,0.38200000000000034,True
39.825,14,141.566764,1.0,0.2954978346824646,20,0.5030072927474976,0.3500000000000003,True
49.825,12,141.666687,1.0,0.3111957311630249,25,0.5435157418251038,0.3500000000000003,True
37.825,12,141.763875,1.0,0.322540283203125,20,0.518726110458374,0.3500000000000003,True
45.825,14,141.875524,1.0,0.3132328689098358,24,0.5939112305641174,0.3500000000000003,True
47.825,13,141.977582,1.0,0.27428704500198364,24,0.5846530199050903,0.3500000000000003,True
39.81,15,142.087426,1.0,0.3038614094257355,20,0.507554292678833,0.38000000000000034,True
45.825,14,142.199943,1.0,0.3028441369533539,23,0.4809092879295349,0.3500000000000003,True
33.825,13,142.303614,1.0,0.3026289939880371,19,0.4299476742744446,0.3500000000000003,True
43.81,15,142.426252,1.0,0.30253735184669495,22,0.479021817445755,0.38000000000000034,True
45.809,15,142.543812,1.0,0.3071168065071106,23,0.5110266208648682,0.38200000000000034,True
47.825,13,142.657084,1.0,0.28258758783340454,24,0.5191289186477661,0.3500000000000003,True
35.81,15,142.771055,1.0,0.2995225489139557,20,0.47112077474594116,0.38000000000000034,True
45.825,12,142.866883,1.0,0.2802712917327881,23,0.5237632989883423,0.3500000000000003,True
31.825,14,142.97598,1.0,0.3042234182357788,18,0.4150490164756775,0.3500000000000003,True
39.825,13,143.078786,1.0,0.29982051253318787,21,0.5426825881004333,0.3500000000000003,True
41.825,13,143.179404,1.0,0.28310948610305786,22,0.5049577355384827,0.3500000000000003,True
39.825,14,143.289698,1.0,0.28764885663986206,22,0.5142662525177002,0.3500000000000003,True
43.809,12,143.390208,1.0,0.2980818450450897,23,0.5483985543251038,0.38200000000000023,True
35.825,12,143.480942,1.0,0.28272613883018494,18,0.3731577694416046,0.3500000000000003,True
39.825,12,143.594634,1.0,0.2955113649368286,22,0.5726308226585388,0.3500000000000003,True
41.813,13,143.700516,1.0,0.32971155643463135,22,0.6116598844528198,0.37400000000000033,True
35.813,13,143.799705,1.0,0.30079713463783264,19,0.4179789125919342,0.37400000000000033,True
35.825,13,143.904392,1.0,0.30592769384384155,18,0.43131643533706665,0.3500000000000003,True
45.825,12,143.99956,1.0,0.28684568405151367,23,0.489641934633255,0.3500000000000003,True
37.825,12,144.09612,1.0,0.2972349226474762,22,0.5458585023880005,0.3500000000000003,True
39.825,12,144.185269,1.0,0.2745891213417053,22,0.5644116997718811,0.3500000000000003,True
39.825,12,144.33539,1.0,0.2884056866168976,20,0.4479133188724518,0.3500000000000003,True
43.825,12,144.47676,1.0,0.2963635325431824,22,0.503804087638855,0.3500000000000003,True
45.825,11,144.611709,1.0,0.3130943179130554,23,0.6163320541381836,0.3500000000000002,True
45.809,15,144.78579,1.0,0.30825960636138916,23,0.5062944889068604,0.38200000000000034,True
45.825,14,144.937832,1.0,0.28433144092559814,23,0.5866997838020325,0.3500000000000003,True
39.809,16,145.118403,1.0,0.30286240577697754,21,0.5457059741020203,0.38200000000000034,True
45.825,13,145.265898,1.0,0.3024206757545471,23,0.5435330867767334,0.3500000000000003,True
37.825,14,145.427672,1.0,0.29192256927490234,20,0.4944222569465637,0.3500000000000003,True
39.825,14,145.576132,1.0,0.31602317094802856,20,0.5353981256484985,0.3500000000000003,True
33.81,15,145.772974,1.0,0.30596986413002014,20,0.5748279094696045,0.38000000000000034,True
39.81,15,145.952193,1.0,0.2989136576652527,21,0.5314949750900269,0.38000000000000034,True
45.81,15,146.12508,1.0,0.3136412501335144,23,0.5206762552261353,0.38000000000000034,True
43.81,15,146.332184,1.0,0.3081059455871582,23,0.5541899800300598,0.38000000000000034,True
41.825,14,146.512794,1.0,0.30642250180244446,21,0.4857528805732727,0.3500000000000003,True
41.825,14,146.668108,1.0,0.2957530617713928,22,0.5575128793716431,0.3500000000000003,True
41.825,13,146.824374,1.0,0.2730390429496765,21,0.4468977749347687,0.3500000000000003,True
43.825,13,146.993874,1.0,0.3097362816333771,23,0.5596924424171448,0.3500000000000003,True
39.825,13,147.141195,1.0,0.3042103946208954,22,0.4758245348930359,0.3500000000000003,True
45.809,14,147.301314,1.0,0.29288774728775024,23,0.5216532945632935,0.38200000000000034,True
41.825,13,147.451592,1.0,0.31040140986442566,22,0.5119909644126892,0.3500000000000003,True
39.825,14,147.621822,1.0,0.2848320007324219,22,0.5086092352867126,0.3500000000000003,True
45.81,15,147.819955,1.0,0.32004213333129883,23,0.557460367679596,0.38000000000000034,True
49.825,14,147.999718,1.0,0.32397469878196716,25,0.572856068611145,0.3500000000000003,True
41.76,17,148.197043,1.0,0.30387961864471436,23,0.45990657806396484,0.4800000000000003,True
43.825,14,148.381709,1.0,0.29399824142456055,22,0.514655590057373,0.3500000000000003,True
39.825,12,148.530324,1.0,0.32044273614883423,21,0.4954856038093567,0.3500000000000003,True
41.745,19,148.72017,1.0,0.30525678396224976,21,0.5486401915550232,0.5100000000000005,True
41.785,16,148.843713,1.0,0.31368914246559143,22,0.5045044422149658,0.4300000000000004,True
45.825,14,148.94784,1.0,0.3129495084285736,23,0.5517259836196899,0.3500000000000003,True
43.81,15,149.082492,1.0,0.2791394293308258,22,0.49971702694892883,0.38000000000000034,True
39.825,13,149.185025,1.0,0.33109188079833984,21,0.48612573742866516,0.3500000000000003,True
43.825,13,149.288786,1.0,0.30572402477264404,23,0.5118018388748169,0.3500000000000003,True
41.81,15,149.413293,1.0,0.312652587890625,22,0.5485861301422119,0.38000000000000034,True
45.825,14,149.526018,1.0,0.2922621965408325,23,0.5868756771087646,0.3500000000000003,True
37.825,14,149.952543,1.0,0.29174184799194336,19,0.38863974809646606,0.3500000000000003,True
45.825,14,150.075619,1.0,0.2822698652744293,23,0.48105019330978394,0.3500000000000003,True
41.825,14,150.184248,1.0,0.34526991844177246,21,0.5440072417259216,0.3500000000000003,True
39.825,14,150.2918,1.0,0.3063099980354309,20,0.5099862217903137,0.3500000000000003,True
39.81,15,150.411731,1.0,0.29007506370544434,21,0.4658544659614563,0.38000000000000034,True
41.825,14,150.522432,1.0,0.26718708872795105,22,0.5052366256713867,0.3500000000000003,True
37.825,13,150.616199,1.0,0.29622912406921387,20,0.4739730656147003,0.3500000000000003,True
39.825,14,150.732369,1.0,0.275692880153656,21,0.5114710927009583,0.3500000000000003,True
47.825,14,150.842902,1.0,0.31099051237106323,24,0.5167881846427917,0.3500000000000003,True
41.825,14,150.953436,1.0,0.31996458768844604,21,0.49717801809310913,0.3500000000000003,True
35.825,13,151.058779,1.0,0.2783190608024597,19,0.4985530972480774,0.3500000000000003,True
41.825,13,151.172792,1.0,0.32106828689575195,25,0.5388318300247192,0.3500000000000003,True
39.794,16,151.296511,1.0,0.3418129086494446,23,0.6314047574996948,0.41200000000000037,True
43.825,14,151.404355,1.0,0.32615038752555847,22,0.48550650477409363,0.3500000000000003,True
47.81,15,151.523518,1.0,0.29642340540885925,24,0.5763050317764282,0.38000000000000034,True
49.825,14,151.629815,1.0,0.2969713509082794,25,0.603744387626648,0.3500000000000003,True
43.81,15,151.74917,1.0,0.2879134714603424,22,0.4521818161010742,0.38000000000000034,True
33.745,20,151.899699,1.0,0.32112348079681396,18,0.44696590304374695,0.5100000000000005,True
41.825,14,152.003455,1.0,0.2905297875404358,22,0.5038095712661743,0.3500000000000003,True
45.825,14,152.129997,1.0,0.3157939612865448,23,0.4776706397533417,0.3500000000000003,True
43.813,14,152.239159,1.0,0.29049694538116455,23,0.4904989004135132,0.37400000000000033,True
41.825,13,152.342655,1.0,0.3410899043083191,23,0.5549676418304443,0.3500000000000003,True
35.825,14,152.444387,1.0,0.261748731136322,18,0.40003567934036255,0.3500000000000003,True
45.825,13,152.543766,1.0,0.30557140707969666,24,0.5953792333602905,0.3500000000000003,True
43.825,11,152.629899,1.0,0.2770809829235077,22,0.506183385848999,0.3500000000000002,True
47.825,12,152.726133,1.0,0.2749152183532715,24,0.47201621532440186,0.3500000000000003,True
37.825,12,152.817398,1.0,0.266620397567749,19,0.4943406879901886,0.3500000000000003,True
39.825,13,152.918404,1.0,0.29434671998023987,20,0.4925176501274109,0.3500000000000003,True
35.825,13,153.021265,1.0,0.2924392819404602,21,0.4542865753173828,0.3500000000000003,True
39.825,14,153.127686,1.0,0.3071225583553314,21,0.5314410924911499,0.3500000000000003,True
47.825,13,153.242851,1.0,0.3016711473464966,24,0.5640352964401245,0.3500000000000003,True
47.84,10,153.319414,0.953125,0.32820573449134827,24,0.5229443311691284,0.3200000000000002,True
39.825,12,153.413005,1.0,0.3270759582519531,21,0.5156607031822205,0.3500000000000003,True
39.825,13,153.507788,1.0,0.30158936977386475,21,0.5391798615455627,0.3500000000000003,True
35.825,13,153.603876,1.0,0.28721755743026733,19,0.4236149191856384,0.3500000000000003,True
43.825,12,153.690782,1.0,0.2850278615951538,22,0.46692517399787903,0.3500000000000003,True
45.825,13,153.789958,1.0,0.3174888789653778,23,0.5557031035423279,0.3500000000000003,True
39.809,13,153.886648,1.0,0.2886406183242798,20,0.48317036032676697,0.38200000000000034,True
45.809,13,153.980039,1.0,0.2627810537815094,24,0.5691366791725159,0.38200000000000034,True
45.809,13,154.080047,1.0,0.3116390109062195,24,0.5879994630813599,0.38200000000000034,True
47.825,12,154.172016,1.0,0.31196561455726624,24,0.5472015738487244,0.3500000000000003,True
43.825,12,154.275786,1.0,0.2865409851074219,23,0.4564756155014038,0.3500000000000003,True
41.825,13,154.377674,1.0,0.2837751507759094,21,0.4803050756454468,0.3500000000000003,True
41.824,11,154.458138,0.953125,0.31865769624710083,22,0.5442826747894287,0.3520000000000002,True
31.825,13,154.555958,1.0,0.24402564764022827,17,0.42259180545806885,0.3500000000000003,True
43.825,13,154.650825,1.0,0.3338727653026581,24,0.5403702855110168,0.3500000000000003,True
41.825,12,154.738527,1.0,0.3193019926548004,22,0.5801701545715332,0.3500000000000003,True
45.813,13,154.829992,1.0,0.304784893989563,24,0.5011281371116638,0.37400000000000033,True
45.825,11,154.912592,1.0,0.30436354875564575,23,0.5268567800521851,0.3500000000000002,True
41.797,14,155.008795,1.0,0.3345905542373657,23,0.6527217030525208,0.40600000000000036,True
43.825,13,155.110215,1.0,0.31485432386398315,22,0.4866447150707245,0.3500000000000003,True
45.825,11,155.191377,1.0,0.27470946311950684,23,0.5543099045753479,0.3500000000000002,True
33.825,13,155.306673,1.0,0.29591765999794006,17,0.43591928482055664,0.3500000000000003,True
39.825,12,155.406891,1.0,0.28670400381088257,22,0.5615526437759399,0.3500000000000003,True
43.825,12,155.495057,1.0,0.29387322068214417,23,0.5596770644187927,0.3500000000000003,True
37.84,10,155.565166,0.953125,0.34328797459602356,20,0.46763351559638977,0.3200000000000002,True
47.825,11,155.660183,1.0,0.31581583619117737,24,0.5577860474586487,0.3500000000000002,True
41.825,11,155.746404,1.0,0.31669455766677856,22,0.5756862163543701,0.3500000000000002,True
39.809,13,155.844988,1.0,0.2998403012752533,22,0.5404276251792908,0.38200000000000023,True
35.825,12,155.934095,1.0,0.3537381887435913,20,0.43382638692855835,0.3500000000000003,True
45.825,12,156.022978,1.0,0.3340285122394562,24,0.552369236946106,0.3500000000000003,True
39.825,13,156.120299,1.0,0.26993101835250854,20,0.4535239338874817,0.3500000000000003,True
39.865,9,156.187401,0.875,0.3653264343738556,21,0.43693864345550537,0.27000000000000024,True
37.793,14,156.311637,1.0,0.33928561210632324,21,0.5219922065734863,0.41400000000000037,True
45.84,10,156.398503,0.953125,0.33607345819473267,23,0.5883815884590149,0.3200000000000002,True
39.825,12,156.496022,1.0,0.3167117238044739,20,0.5190140008926392,0.3500000000000003,True
45.813,13,156.593527,1.0,0.30682358145713806,23,0.586897075176239,0.37400000000000033,True
41.825,11,156.68205,1.0,0.3260977864265442,22,0.5654125213623047,0.3500000000000002,True
41.809,12,156.768028,1.0,0.30367231369018555,22,0.5501770377159119,0.38200000000000023,True
41.825,12,156.861809,1.0,0.29136526584625244,22,0.5186984539031982,0.3500000000000003,True
45.825,13,156.961806,1.0,0.34351977705955505,23,0.5702418088912964,0.3500000000000003,True
43.825,12,157.049607,1.0,0.3041681945323944,23,0.5298199653625488,0.3500000000000003,True
43.825,12,157.138985,1.0,0.29771775007247925,22,0.5259227752685547,0.3500000000000003,True
45.825,12,157.227716,1.0,0.3361557722091675,23,0.611817479133606,0.3500000000000003,True
39.825,14,157.350376,1.0,0.29780057072639465,21,0.4253797233104706,0.3500000000000003,True
45.809,14,157.453104,1.0,0.272226482629776,23,0.5223957300186157,0.38200000000000034,True
37.825,13,157.546877,1.0,0.30883097648620605,21,0.45632368326187134,0.3500000000000003,True
41.825,13,157.650864,1.0,0.31865352392196655,22,0.5584475994110107,0.3500000000000003,True
35.825,12,157.742577,1.0,0.28076404333114624,19,0.46105149388313293,0.3500000000000003,True
39.825,12,157.838666,1.0,0.3195337951183319,22,0.5288317203521729,0.3500000000000003,True
39.825,13,157.936257,1.0,0.2983151972293854,21,0.5001992583274841,0.3500000000000003,True
45.825,13,158.039335,1.0,0.3295506238937378,24,0.5829896330833435,0.3500000000000003,True
37.825,12,158.129681,1.0,0.3119463324546814,22,0.5417418479919434,0.3500000000000003,True
37.825,13,158.224439,1.0,0.3161543905735016,20,0.45828965306282043,0.3500000000000003,True
45.825,12,158.321448,1.0,0.2778981924057007,23,0.46290212869644165,0.3500000000000003,True
45.825,13,158.438668,1.0,0.3142063617706299,24,0.49812400341033936,0.3500000000000003,True
41.825,13,158.541144,1.0,0.28788483142852783,21,0.5057610869407654,0.3500000000000003,True
37.825,14,158.682646,1.0,0.2918090224266052,19,0.4188547730445862,0.3500000000000003,True
49.825,13,158.845881,1.0,0.32087814807891846,25,0.48707395792007446,0.3500000000000003,True
41.825,13,158.999176,1.0,0.3282838463783264,22,0.5497826337814331,0.3500000000000003,True
45.825,13,159.150723,1.0,0.2977776527404785,24,0.5575527548789978,0.3500000000000003,True
43.825,14,159.312528,1.0,0.29927101731300354,22,0.46638280153274536,0.3500000000000003,True
41.825,13,159.496919,1.0,0.27289631962776184,21,0.3674657940864563,0.3500000000000003,True
45.809,15,159.663617,1.0,0.2989928722381592,24,0.5318581461906433,0.38200000000000034,True
39.825,14,159.819645,1.0,0.29948192834854126,21,0.4941418766975403,0.3500000000000003,True
37.825,14,159.966256,1.0,0.2884614169597626,21,0.5293768644332886,0.3500000000000003,True
41.825,14,160.135247,1.0,0.3143865764141083,22,0.47170835733413696,0.3500000000000003,True
35.825,14,160.761332,1.0,0.3075418472290039,18,0.4211728274822235,0.3500000000000003,True
43.825,14,160.917093,1.0,0.2982094883918762,23,0.5187258720397949,0.3500000000000003,True
43.825,14,161.071887,1.0,0.29383835196495056,22,0.5359162092208862,0.3500000000000003,True
41.802,16,161.248296,1.0,0.3005252480506897,22,0.5859388709068298,0.39600000000000035,True
29.745,20,161.469899,1.0,0.28952035307884216,16,0.4375593364238739,0.5100000000000005,True
41.825,13,161.618418,1.0,0.2966812252998352,22,0.5299683809280396,0.3500000000000003,True
41.825,14,161.76919,1.0,0.3220428228378296,21,0.4697931110858917,0.3500000000000003,True
37.825,14,161.941836,1.0,0.31377559900283813,20,0.42023003101348877,0.3500000000000003,True
41.825,14,162.101952,1.0,0.31009775400161743,23,0.5221368074417114,0.3500000000000003,True
31.793,16,162.275255,1.0,0.2957113981246948,18,0.35425060987472534,0.41400000000000037,True
47.825,13,162.423894,1.0,0.31720447540283203,24,0.5118119716644287,0.3500000000000003,True
33.825,14,162.601326,1.0,0.3230808973312378,17,0.45547038316726685,0.3500000000000003,True
37.81,15,162.802678,1.0,0.3122520446777344,21,0.5374687910079956,0.38000000000000034,True
39.825,13,162.904011,1.0,0.29931941628456116,20,0.4718601405620575,0.3500000000000003,True
35.825,14,163.004665,1.0,0.2979891300201416,18,0.4588634669780731,0.3500000000000003,True
33.813,15,163.117923,1.0,0.3117838203907013,17,0.4265844523906708,0.37400000000000033,True
31.825,14,163.22333,1.0,0.28168338537216187,16,0.35426628589630127,0.3500000000000003,True
47.813,13,163.320977,1.0,0.31290730834007263,25,0.5817022323608398,0.37400000000000033,True
39.825,13,163.422186,1.0,0.31845664978027344,21,0.5128592252731323,0.3500000000000003,True
43.825,13,163.519137,1.0,0.3031785488128662,22,0.5274405479431152,0.3500000000000003,True
39.825,12,163.607058,1.0,0.3083518147468567,21,0.4668445885181427,0.3500000000000003,True
43.825,13,163.72213,1.0,0.310762882232666,23,0.5214041471481323,0.3500000000000003,True
45.825,12,163.809775,1.0,0.3107113242149353,23,0.5878551602363586,0.3500000000000003,True
41.825,13,163.911201,1.0,0.2930132746696472,21,0.43170759081840515,0.3500000000000003,True
39.825,13,164.013121,1.0,0.28669774532318115,20,0.48392024636268616,0.3500000000000003,True
35.825,12,164.103663,1.0,0.2882488965988159,18,0.45305681228637695,0.3500000000000003,True
39.825,12,164.194559,1.0,0.29853343963623047,21,0.46414265036582947,0.3500000000000003,True
41.825,13,164.289565,1.0,0.30042731761932373,21,0.47370755672454834,0.3500000000000003,True
41.825,12,164.387804,1.0,0.30517762899398804,24,0.585163950920105,0.3500000000000003,True
43.825,13,164.482786,1.0,0.3160856366157532,22,0.5320830941200256,0.3500000000000003,True
35.825,14,164.585456,1.0,0.2887817621231079,18,0.39382970333099365,0.3500000000000003,True
39.825,13,164.683869,1.0,0.2792806029319763,21,0.49621298909187317,0.3500000000000003,True
41.825,12,164.781094,1.0,0.26470881700515747,21,0.5286816358566284,0.3500000000000003,True
41.825,12,164.873895,1.0,0.2999059557914734,21,0.481999933719635,0.3500000000000003,True
41.825,13,164.969621,1.0,0.2841220796108246,21,0.4768710434436798,0.3500000000000003,True
41.813,13,165.065977,1.0,0.30296289920806885,22,0.523746132850647,0.37400000000000033,True
43.825,13,165.167048,1.0,0.2810182273387909,22,0.4658052623271942,0.3500000000000003,True
41.825,13,165.265449,1.0,0.32327520847320557,23,0.5281602740287781,0.3500000000000003,True
41.825,12,165.366261,1.0,0.32891881465911865,21,0.5101577639579773,0.3500000000000003,True
41.825,13,165.465072,1.0,0.2592834234237671,22,0.49487972259521484,0.3500000000000003,True
39.825,14,165.569717,1.0,0.334312379360199,20,0.49109596014022827,0.3500000000000003,True
37.825,13,165.669631,1.0,0.3234752118587494,20,0.5202314853668213,0.3500000000000003,True
37.825,13,165.780289,1.0,0.2899547517299652,19,0.40555763244628906,0.3500000000000003,True
43.825,12,165.871012,1.0,0.2996366620063782,22,0.5007355809211731,0.3500000000000003,True
43.825,12,165.968323,1.0,0.326977014541626,23,0.5205672979354858,0.3500000000000003,True
39.825,12,166.059446,1.0,0.3081549108028412,20,0.48091623187065125,0.3500000000000003,True
41.825,12,166.149142,1.0,0.32701605558395386,22,0.5274108052253723,0.3500000000000003,True
39.825,12,166.243226,1.0,0.30430206656455994,22,0.5771119594573975,0.3500000000000003,True
41.825,11,166.320856,1.0,0.2863185703754425,22,0.5448293089866638,0.3500000000000002,True
49.825,12,166.422668,1.0,0.31133273243904114,25,0.6404825448989868,0.3500000000000003,True
41.825,14,166.532643,1.0,0.27860137820243835,23,0.4725247025489807,0.3500000000000003,True
43.825,13,166.627387,1.0,0.30172061920166016,23,0.5594702959060669,0.3500000000000003,True
47.825,12,166.720943,1.0,0.29652079939842224,24,0.6077438592910767,0.3500000000000003,True
33.825,13,166.830209,1.0,0.2988261580467224,19,0.4679545760154724,0.3500000000000003,True
43.825,13,166.933656,1.0,0.2669818699359894,22,0.4969974756240845,0.3500000000000003,True
43.825,14,167.039865,1.0,0.31793212890625,22,0.5107340812683105,0.3500000000000003,True
41.813,14,167.139854,1.0,0.29856938123703003,22,0.45530131459236145,0.37400000000000033,True
43.825,12,167.228363,1.0,0.2765023112297058,22,0.5258444547653198,0.3500000000000003,True
37.825,13,167.326102,1.0,0.26414990425109863,20,0.41815266013145447,0.3500000000000003,True
45.825,12,167.414643,1.0,0.3108712434768677,24,0.6225653886795044,0.3500000000000003,True
29.825,12,167.506335,1.0,0.2902880907058716,16,0.35010001063346863,0.3500000000000003,True
41.809,13,167.598361,1.0,0.29617026448249817,22,0.5554289817810059,0.38200000000000034,True
33.825,13,167.704001,1.0,0.298750102519989,18,0.4172665476799011,0.3500000000000003,True
43.825,12,167.790785,1.0,0.30167222023010254,23,0.5041555166244507,0.3500000000000003,True
33.825,13,167.909268,1.0,0.2838824689388275,21,0.5447730422019958,0.3500000000000003,True
31.825,13,168.009162,1.0,0.29333728551864624,17,0.32387006282806396,0.3500000000000003,True
43.825,13,168.108791,1.0,0.3293381333351135,23,0.5440771579742432,0.3500000000000003,True
39.809,13,168.202926,1.0,0.3075481057167053,21,0.473164439201355,0.38200000000000023,True
45.817,13,168.297238,1.0,0.2873972952365875,23,0.5853304266929626,0.3660000000000003,True
41.825,12,168.388324,1.0,0.3182566165924072,22,0.5363120436668396,0.3500000000000003,True
37.813,13,168.509235,1.0,0.316000759601593,21,0.5476542115211487,0.37400000000000033,True
29.84,10,168.585075,0.953125,0.31829777359962463,15,0.38257789611816406,0.3200000000000002,True
37.825,13,168.680233,1.0,0.3093279004096985,21,0.5934967398643494,0.3500000000000003,True
43.825,12,168.770793,1.0,0.2964807152748108,23,0.5653316974639893,0.3500000000000003,True
39.825,14,168.892803,1.0,0.2966234087944031,20,0.49493408203125,0.3500000000000003,True
45.809,13,168.991559,1.0,0.3073522448539734,23,0.49130237102508545,0.38200000000000034,True
37.825,12,169.082068,1.0,0.2885187268257141,20,0.48382723331451416,0.3500000000000003,True
39.825,11,169.164324,1.0,0.2971583604812622,21,0.4629914164543152,0.3500000000000002,True
45.825,11,169.253492,1.0,0.26240551471710205,23,0.4978920817375183,0.3500000000000002,True
39.825,13,169.351059,1.0,0.31025922298431396,20,0.49657386541366577,0.3500000000000003,True
39.809,13,169.450672,1.0,0.3040129542350769,20,0.5037029981613159,0.38200000000000034,True
37.809,12,169.542369,1.0,0.29399561882019043,21,0.5020931959152222,0.38200000000000023,True
35.825,13,169.643888,1.0,0.3268582224845886,19,0.3938412070274353,0.3500000000000003,True
41.825,12,169.734908,1.0,0.32732129096984863,22,0.531518816947937,0.3500000000000003,True
47.84,10,169.81212,0.953125,0.32287049293518066,25,0.5354835391044617,0.3200000000000002,True
43.825,12,169.908662,1.0,0.26565781235694885,22,0.462959349155426,0.3500000000000003,True
37.825,12,170.014127,1.0,0.29112303256988525,19,0.4594651758670807,0.3500000000000003,True
35.825,12,170.102819,1.0,0.26722145080566406,18,0.37150949239730835,0.3500000000000003,True
43.813,14,170.209317,1.0,0.29276013374328613,23,0.49065259099006653,0.37400000000000033,True
43.825,12,170.296555,1.0,0.3169018626213074,23,0.5268335938453674,0.3500000000000003,True
41.825,14,170.408352,1.0,0.31651121377944946,22,0.5590206384658813,0.3500000000000003,True
33.813,14,170.514929,1.0,0.2940925359725952,18,0.4449632465839386,0.37400000000000033,True
39.825,13,170.61644,1.0,0.28675350546836853,21,0.4650465250015259,0.3500000000000003,True
41.84,10,170.691509,0.953125,0.34113213419914246,21,0.4453131854534149,0.3200000000000002,True
43.825,12,170.781372,1.0,0.2904126048088074,23,0.5753457546234131,0.3500000000000003,True
41.825,12,170.875934,1.0,0.31139105558395386,22,0.5305792689323425,0.3500000000000003,True
43.825,13,170.999929,1.0,0.3226751685142517,23,0.5022196173667908,0.3500000000000003,True
33.825,12,171.381898,1.0,0.32805728912353516,19,0.4877052307128906,0.3500000000000003,True
45.813,15,171.49614,1.0,0.2838481068611145,23,0.542819082736969,0.37400000000000033,True
37.825,14,171.604038,1.0,0.2902068495750427,21,0.4792851209640503,0.3500000000000003,True
41.825,13,171.701987,1.0,0.28772804141044617,21,0.521979570388794,0.3500000000000003,True
45.825,13,171.799608,1.0,0.3285021185874939,23,0.5792461037635803,0.3500000000000003,True
43.809,15,171.914719,1.0,0.30005958676338196,23,0.5389282703399658,0.38200000000000034,True
37.805,16,172.052665,1.0,0.29435086250305176,19,0.4161197245121002,0.39000000000000035,True
45.825,13,172.149783,1.0,0.2791368365287781,24,0.5798269510269165,0.3500000000000003,True
43.825,13,172.248211,1.0,0.2858247756958008,23,0.4797704517841339,0.3500000000000003,True
37.785,16,172.372603,1.0,0.3153621554374695,20,0.48798230290412903,0.4300000000000004,True
39.825,14,172.480002,1.0,0.3009341359138489,20,0.5097364783287048,0.3500000000000003,True
39.785,16,172.604497,1.0,0.2991412878036499,20,0.4289587438106537,0.4300000000000004,True
35.825,14,172.714134,1.0,0.29471445083618164,18,0.3799651265144348,0.3500000000000003,True
43.825,14,172.835684,1.0,0.33122050762176514,22,0.5425239205360413,0.3500000000000003,True
47.825,14,173.014995,1.0,0.31726542115211487,25,0.6147362589836121,0.3500000000000003,True
39.825,14,173.189931,1.0,0.29626452922821045,21,0.5289517045021057,0.3500000000000003,True
43.825,14,173.345438,1.0,0.28791865706443787,22,0.5387754440307617,0.3500000000000003,True
35.81,15,173.511722,1.0,0.29331174492836,19,0.45397311449050903,0.38000000000000034,True
47.825,13,173.660877,1.0,0.30479896068573,24,0.5067307353019714,0.3500000000000003,True
43.825,13,173.809381,1.0,0.32802343368530273,24,0.6191080808639526,0.3500000000000003,True
41.825,14,173.966047,1.0,0.29904335737228394,21,0.5402150750160217,0.3500000000000003,True
43.825,14,174.127817,1.0,0.29156577587127686,22,0.4822729527950287,0.3500000000000003,True
43.825,14,174.305868,1.0,0.3134828805923462,24,0.5319606065750122,0.3500000000000003,True
45.81,15,174.503906,1.0,0.2930716276168823,23,0.4670371413230896,0.38000000000000034,True
33.825,14,174.662207,1.0,0.2642582356929779,19,0.348615437746048,0.3500000000000003,True
47.825,13,174.818937,1.0,0.3165211081504822,25,0.6299359202384949,0.3500000000000003,True
39.825,14,174.979596,1.0,0.3000960350036621,22,0.5250343680381775,0.3500000000000003,True
35.825,14,175.142358,1.0,0.2837928533554077,20,0.41284844279289246,0.3500000000000003,True
39.809,15,175.330177,1.0,0.31354016065597534,22,0.5268748998641968,0.38200000000000034,True
37.825,14,175.499944,1.0,0.2853190302848816,19,0.4073347747325897,0.3500000000000003,True
37.81,15,175.675114,1.0,0.2893015742301941,19,0.450823038816452,0.38000000000000034,True
39.825,14,175.837328,1.0,0.3037561774253845,21,0.47922733426094055,0.3500000000000003,True
37.825,14,175.995398,1.0,0.28500235080718994,21,0.5330116748809814,0.3500000000000003,True
41.825,14,176.159526,1.0,0.29538896679878235,22,0.4941394031047821,0.3500000000000003,True
45.825,13,176.329329,1.0,0.2841736376285553,23,0.5672937035560608,0.3500000000000003,True
37.825,14,176.500193,1.0,0.3159528374671936,20,0.48564612865448,0.3500000000000003,True
43.805,14,176.668649,1.0,0.2894750237464905,23,0.47151196002960205,0.39000000000000035,True
39.825,13,176.840688,1.0,0.3136141300201416,20,0.45824331045150757,0.3500000000000003,True
33.825,14,177.034509,1.0,0.2566394805908203,19,0.43737858533859253,0.3500000000000003,True
39.825,14,177.178037,1.0,0.2995944619178772,20,0.41939932107925415,0.3500000000000003,True
47.825,14,177.283934,1.0,0.2987126410007477,24,0.546770453453064,0.3500000000000003,True
43.825,13,177.391786,1.0,0.32669103145599365,22,0.5101260542869568,0.3500000000000003,True
43.825,13,177.538239,1.0,0.2799795866012573,23,0.5550769567489624,0.3500000000000003,True
45.825,14,177.642776,1.0,0.31996092200279236,24,0.5244415402412415,0.3500000000000003,True
39.825,14,177.749826,1.0,0.2656489312648773,21,0.504385232925415,0.3500000000000003,True
45.825,13,177.850733,1.0,0.2960937023162842,23,0.5208471417427063,0.3500000000000003,True
39.809,14,177.961246,1.0,0.2933846712112427,21,0.4995543360710144,0.38200000000000034,True
41.825,14,178.068117,1.0,0.2847200036048889,21,0.5218536257743835,0.3500000000000003,True
51.809,14,178.175295,1.0,0.3182811141014099,26,0.6457135677337646,0.38200000000000034,True
43.825,13,178.272932,1.0,0.2983933687210083,23,0.6144819855690002,0.3500000000000003,True
41.825,14,178.374376,1.0,0.2954087555408478,22,0.5215238332748413,0.3500000000000003,True
49.825,13,178.47024,1.0,0.27239784598350525,25,0.6189189553260803,0.3500000000000003,True
45.825,13,178.585248,1.0,0.31255051493644714,25,0.6364523768424988,0.3500000000000003,True
35.825,14,178.707225,1.0,0.2837272584438324,20,0.4405336380004883,0.3500000000000003,True
45.825,14,178.817624,1.0,0.3247414231300354,24,0.5654340982437134,0.3500000000000003,True
37.825,14,178.931069,1.0,0.30067628622055054,20,0.4968816339969635,0.3500000000000003,True
37.825,14,179.040689,1.0,0.29288148880004883,20,0.47798359394073486,0.3500000000000003,True
45.825,14,179.141005,1.0,0.29450559616088867,24,0.6012845039367676,0.3500000000000003,True
35.825,13,179.241952,1.0,0.3267790675163269,21,0.5544348359107971,0.3500000000000003,True
37.825,14,179.351751,1.0,0.299802303314209,21,0.4151111841201782,0.3500000000000003,True
37.825,14,179.455493,1.0,0.3021446466445923,21,0.4631967544555664,0.3500000000000003,True
41.81,15,179.585438,1.0,0.2941758632659912,21,0.5451868772506714,0.38000000000000034,True
43.825,13,179.68505,1.0,0.33196431398391724,23,0.5959540605545044,0.3500000000000003,True
35.729,20,179.836833,1.0,0.30338117480278015,19,0.48345720767974854,0.5420000000000005,True
29.81,15,179.954132,1.0,0.2712686061859131,18,0.4693879783153534,0.38000000000000034,True
43.825,14,180.062684,1.0,0.3004002273082733,22,0.46134787797927856,0.3500000000000003,True
43.813,14,180.173111,1.0,0.3004069924354553,23,0.49067258834838867,0.37400000000000033,True
41.825,14,180.281486,1.0,0.32142505049705505,21,0.6162087321281433,0.3500000000000003,True
41.825,13,180.383338,1.0,0.2797452211380005,22,0.5511499643325806,0.3500000000000003,True
35.809,15,180.497199,1.0,0.3189837336540222,19,0.47490641474723816,0.38200000000000034,True
39.825,14,180.624395,1.0,0.32098388671875,21,0.5149103403091431,0.3500000000000003,True
43.825,13,180.724644,1.0,0.2994840145111084,22,0.4804537892341614,0.3500000000000003,True
43.825,13,180.824291,1.0,0.3073241114616394,23,0.5695674419403076,0.3500000000000003,True
39.825,14,180.934346,1.0,0.30164095759391785,21,0.5448248386383057,0.3500000000000003,True
35.81,15,181.063467,1.0,0.28399914503097534,18,0.4252524673938751,0.38000000000000034,True
43.825,13,181.163922,1.0,0.2962910830974579,22,0.49704277515411377,0.3500000000000003,True
43.825,14,181.281159,1.0,0.26873981952667236,22,0.5306227207183838,0.3500000000000003,True
43.809,14,181.3906,1.0,0.31275367736816406,23,0.532619059085846,0.38200000000000034,True
41.813,15,181.511659,1.0,0.2907751202583313,21,0.5144219994544983,0.37400000000000033,True
41.825,13,181.623279,1.0,0.29109907150268555,22,0.5142773985862732,0.3500000000000003,True
39.825,13,181.731277,1.0,0.2938674986362457,20,0.4687848687171936,0.3500000000000003,True
45.825,14,181.842997,1.0,0.3324773609638214,24,0.5993108749389648,0.3500000000000003,True
39.825,13,181.942045,1.0,0.2670953869819641,20,0.40634697675704956,0.3500000000000003,True
47.825,13,182.044956,1.0,0.30145758390426636,24,0.5538502335548401,0.3500000000000003,True
37.825,13,182.149726,1.0,0.31352508068084717,20,0.42230841517448425,0.3500000000000003,True
41.825,13,182.249838,1.0,0.3064277172088623,21,0.4249003529548645,0.3500000000000003,True
41.825,13,182.360343,1.0,0.2892463803291321,21,0.5311658978462219,0.3500000000000003,True
39.825,13,182.455328,1.0,0.3072965145111084,20,0.46912527084350586,0.3500000000000003,True
37.809,14,182.561647,1.0,0.28628993034362793,19,0.468833327293396,0.38200000000000034,True
35.825,14,182.686544,1.0,0.28482580184936523,18,0.46031519770622253,0.3500000000000003,True
43.825,13,183.095943,1.0,0.26130908727645874,22,0.4640018343925476,0.3500000000000003,True
39.825,14,183.199835,1.0,0.2954728305339813,20,0.42981454730033875,0.3500000000000003,True
41.825,14,183.309041,1.0,0.3200697898864746,21,0.525890052318573,0.3500000000000003,True
45.825,13,183.416911,1.0,0.29950016736984253,23,0.5661603212356567,0.3500000000000003,True
45.825,13,183.517414,1.0,0.3193192183971405,23,0.5699277520179749,0.3500000000000003,True
41.825,13,183.618776,1.0,0.3162710666656494,22,0.5281136631965637,0.3500000000000003,True
35.825,13,183.741446,1.0,0.30584484338760376,21,0.5275911688804626,0.3500000000000003,True
39.825,13,183.838928,1.0,0.3075736165046692,21,0.5060377717018127,0.3500000000000003,True
41.825,14,183.94622,1.0,0.32286059856414795,22,0.5457680821418762,0.3500000000000003,True
43.825,13,184.046646,1.0,0.2918053865432739,22,0.5753482580184937,0.3500000000000003,True
29.825,14,184.152771,1.0,0.3003382682800293,18,0.4306526184082031,0.3500000000000003,True
41.825,13,184.257076,1.0,0.2900594472885132,21,0.49507781863212585,0.3500000000000003,True
43.825,12,184.346348,1.0,0.31533142924308777,22,0.49491769075393677,0.3500000000000003,True
39.825,14,184.453141,1.0,0.2960124611854553,21,0.48225218057632446,0.3500000000000003,True
41.825,13,184.552587,1.0,0.2850914001464844,22,0.5027464032173157,0.3500000000000003,True
47.825,12,184.640179,1.0,0.3047260642051697,24,0.6473888754844666,0.3500000000000003,True
39.825,12,184.74776,1.0,0.3117457628250122,21,0.5210694074630737,0.3500000000000003,True
39.825,13,184.844935,1.0,0.29180067777633667,20,0.46593862771987915,0.3500000000000003,True
37.825,12,184.93485,1.0,0.3004950284957886,20,0.4323495030403137,0.3500000000000003,True
43.825,12,185.024041,1.0,0.3040030598640442,22,0.5645980834960938,0.3500000000000003,True
35.825,12,185.118427,1.0,0.2914944291114807,18,0.46250101923942566,0.3500000000000003,True
39.825,14,185.226236,1.0,0.31540799140930176,21,0.506105363368988,0.3500000000000003,True
39.825,12,185.315184,1.0,0.29136577248573303,20,0.4268656373023987,0.3500000000000003,True
39.825,12,185.420938,1.0,0.32231467962265015,20,0.45799529552459717,0.3500000000000003,True
39.825,13,185.519485,1.0,0.2389732003211975,20,0.4181119203567505,0.3500000000000003,True
37.825,12,185.610904,1.0,0.3016331195831299,19,0.42521756887435913,0.3500000000000003,True
43.825,13,185.707833,1.0,0.3148725628852844,22,0.5431868433952332,0.3500000000000003,True
41.825,13,185.827319,1.0,0.30687981843948364,22,0.5980290174484253,0.3500000000000003,True
39.809,14,185.933638,1.0,0.2848960757255554,20,0.47694188356399536,0.38200000000000034,True
39.825,14,186.042128,1.0,0.2788998484611511,22,0.49912649393081665,0.3500000000000003,True
45.813,14,186.145865,1.0,0.3223860561847687,24,0.5518290400505066,0.37400000000000033,True
43.825,12,186.241659,1.0,0.31224894523620605,23,0.59136962890625,0.3500000000000003,True
43.825,13,186.339217,1.0,0.33554530143737793,22,0.5715614557266235,0.3500000000000003,True
43.825,14,186.450497,1.0,0.31602993607521057,22,0.4932255744934082,0.3500000000000003,True
45.813,16,186.571398,1.0,0.3151548504829407,23,0.5507677793502808,0.37400000000000033,True
39.825,13,186.67114,1.0,0.29600465297698975,20,0.48644348978996277,0.3500000000000003,True
43.825,13,186.774503,1.0,0.2938618063926697,22,0.48826155066490173,0.3500000000000003,True
43.825,14,186.898602,1.0,0.31316304206848145,23,0.4543877840042114,0.3500000000000003,True
45.809,15,187.015323,1.0,0.31932544708251953,23,0.485514760017395,0.38200000000000034,True
39.773,17,187.183196,1.0,0.31042224168777466,22,0.534544050693512,0.4540000000000004,True
43.825,14,187.360379,1.0,0.32431432604789734,23,0.36837339401245117,0.3500000000000003,True
41.825,14,187.53269,1.0,0.3109191656112671,21,0.4699668884277344,0.3500000000000003,True
39.825,14,187.690472,1.0,0.2954353094100952,22,0.49379074573516846,0.3500000000000003,True
39.825,13,187.838397,1.0,0.3073991537094116,21,0.4942554831504822,0.3500000000000003,True
41.825,14,188.005518,1.0,0.27676689624786377,21,0.47054749727249146,0.3500000000000003,True
43.825,14,188.162991,1.0,0.3199635148048401,22,0.5558440685272217,0.3500000000000003,True
39.825,14,188.318595,1.0,0.29790008068084717,20,0.3702578544616699,0.3500000000000003,True
37.825,14,188.477546,1.0,0.2738458514213562,19,0.37447389960289,0.3500000000000003,True
43.825,13,188.639604,1.0,0.2680392265319824,22,0.4536147713661194,0.3500000000000003,True
43.825,14,188.830343,1.0,0.3213479816913605,23,0.5303260087966919,0.3500000000000003,True
39.825,13,189.000703,1.0,0.26896533370018005,21,0.5187510848045349,0.3500000000000003,True
41.825,14,189.169549,1.0,0.30152010917663574,22,0.5035496950149536,0.3500000000000003,True
45.825,14,189.337152,1.0,0.2949107885360718,23,0.561277449131012,0.3500000000000003,True
45.825,14,189.498324,1.0,0.2890697717666626,23,0.5199505090713501,0.3500000000000003,True
37.825,14,189.666522,1.0,0.2805092930793762,20,0.4650348424911499,0.3500000000000003,True
47.809,14,189.825801,1.0,0.3108420968055725,24,0.6197093725204468,0.38200000000000034,True
39.825,14,189.984233,1.0,0.301733136177063,21,0.5687151551246643,0.3500000000000003,True
37.825,13,190.147733,1.0,0.29798704385757446,21,0.45637020468711853,0.3500000000000003,True
41.825,13,190.299132,1.0,0.2929450571537018,22,0.46681150794029236,0.3500000000000003,True
43.825,13,190.446424,1.0,0.2807478606700897,22,0.47255074977874756,0.3500000000000003,True
39.825,13,190.609409,1.0,0.31421780586242676,21,0.4588104784488678,0.3500000000000003,True
39.825,14,190.771901,1.0,0.2795577049255371,20,0.5188858509063721,0.3500000000000003,True
39.825,14,190.935083,1.0,0.3300100266933441,20,0.4522566795349121,0.3500000000000003,True
39.825,14,191.122142,1.0,0.27991241216659546,20,0.47405925393104553,0.3500000000000003,True
37.825,13,191.307397,1.0,0.2792920470237732,21,0.49519675970077515,0.3500000000000003,True
43.825,13,191.481277,1.0,0.3145386874675751,23,0.5923771262168884,0.3500000000000003,True
35.825,14,191.587027,1.0,0.29759377241134644,18,0.41628172993659973,0.3500000000000003,True
43.825,13,191.69339,1.0,0.305982381105423,23,0.5520381331443787,0.3500000000000003,True
35.81,15,191.820706,1.0,0.29241374135017395,20,0.5073457956314087,0.38000000000000034,True
37.809,14,191.947785,1.0,0.31577053666114807,21,0.46912291646003723,0.38200000000000034,True
41.825,13,192.051533,1.0,0.30203524231910706,22,0.5355286002159119,0.3500000000000003,True
45.825,13,192.154423,1.0,0.31798577308654785,23,0.584697961807251,0.3500000000000003,True
43.809,13,192.270194,1.0,0.28750354051589966,22,0.48267507553100586,0.38200000000000034,True
37.825,13,192.375682,1.0,0.3025868535041809,19,0.405538409948349,0.3500000000000003,True
41.825,12,192.469493,1.0,0.32080572843551636,22,0.5784621834754944,0.3500000000000003,True
47.809,13,192.566952,1.0,0.3297089636325836,24,0.5409201383590698,0.38200000000000034,True
43.825,12,192.661622,1.0,0.300292432308197,22,0.5459361672401428,0.3500000000000003,True
39.825,13,192.757281,1.0,0.3433176875114441,20,0.5059680342674255,0.3500000000000003,True
37.825,13,192.861995,1.0,0.31966298818588257,20,0.40415728092193604,0.3500000000000003,True
47.809,14,192.969818,1.0,0.29514938592910767,24,0.5721204876899719,0.38200000000000034,True
43.825,13,193.06797,1.0,0.3265092670917511,24,0.5371859073638916,0.3500000000000003,True
35.825,14,193.179265,1.0,0.32409870624542236,18,0.40129244327545166,0.3500000000000003,True
45.825,13,193.299798,1.0,0.2892286479473114,24,0.5604384541511536,0.3500000000000003,True
41.825,12,193.396112,1.0,0.29407116770744324,24,0.5183351039886475,0.3500000000000003,True
47.825,13,193.499885,1.0,0.31203171610832214,24,0.49972936511039734,0.3500000000000003,True
37.825,13,193.598058,1.0,0.3074033260345459,21,0.5319168567657471,0.3500000000000003,True
41.825,14,193.705428,1.0,0.28408247232437134,21,0.4407978057861328,0.3500000000000003,True
45.825,13,193.809313,1.0,0.2915913164615631,24,0.5174000859260559,0.3500000000000003,True
41.825,14,193.919241,1.0,0.2835136950016022,21,0.526498556137085,0.3500000000000003,True
41.81,15,194.033158,1.0,0.29193925857543945,21,0.3741771876811981,0.38000000000000034,True
39.825,13,194.13275,1.0,0.31054362654685974,22,0.5236119031906128,0.3500000000000003,True
39.825,14,194.24462,1.0,0.3059886395931244,20,0.4648003578186035,0.3500000000000003,True
35.825,14,194.372652,1.0,0.30783355236053467,20,0.4865822494029999,0.3500000000000003,True
41.825,13,194.782903,1.0,0.31320473551750183,21,0.4877547025680542,0.3500000000000003,True
47.813,14,194.8917,1.0,0.2726994454860687,24,0.4879996180534363,0.37400000000000033,True
35.825,14,195.00039,1.0,0.30449843406677246,18,0.4357706904411316,0.3500000000000003,True
39.825,13,195.097747,1.0,0.33288106322288513,21,0.5816481709480286,0.3500000000000003,True
41.825,13,195.199155,1.0,0.29607856273651123,23,0.5907151699066162,0.3500000000000003,True
35.81,15,195.335318,1.0,0.30390721559524536,18,0.3578173518180847,0.38000000000000034,True
41.825,13,195.443725,1.0,0.3037869334220886,22,0.5101047158241272,0.3500000000000003,True
47.825,14,195.552271,1.0,0.3157236576080322,24,0.5724611878395081,0.3500000000000003,True
39.825,13,195.656006,1.0,0.29332005977630615,21,0.4743916392326355,0.3500000000000003,True
37.825,14,195.766415,1.0,0.32899796962738037,19,0.5123323202133179,0.3500000000000003,True
43.825,13,195.86848,1.0,0.3110155165195465,24,0.56243497133255,0.3500000000000003,True
39.825,13,195.974506,1.0,0.2924767732620239,22,0.49660417437553406,0.3500000000000003,True
33.825,14,196.084699,1.0,0.3016461431980133,19,0.5249456167221069,0.3500000000000003,True
35.825,13,196.187796,1.0,0.2868107855319977,21,0.5798383951187134,0.3500000000000003,True
37.825,13,196.286481,1.0,0.28788480162620544,20,0.5038197040557861,0.3500000000000003,True
43.825,13,196.400162,1.0,0.30629855394363403,22,0.4935227632522583,0.3500000000000003,True
39.825,14,196.509605,1.0,0.3183092474937439,21,0.5219178795814514,0.3500000000000003,True
43.825,14,196.619623,1.0,0.29966893792152405,22,0.4745470881462097,0.3500000000000003,True
39.825,14,196.729717,1.0,0.27809664607048035,21,0.467825710773468,0.3500000000000003,True
31.825,13,196.828446,1.0,0.27135610580444336,16,0.3849671185016632,0.3500000000000003,True
41.825,13,196.927699,1.0,0.29170483350753784,24,0.5801016092300415,0.3500000000000003,True
45.825,13,197.028817,1.0,0.2861836552619934,23,0.5214150547981262,0.3500000000000003,True
43.825,13,197.126147,1.0,0.30348116159439087,22,0.5136516094207764,0.3500000000000003,True
41.825,13,197.23055,1.0,0.29072147607803345,21,0.4648433327674866,0.3500000000000003,True
37.825,11,197.319893,1.0,0.29122617840766907,19,0.3978646397590637,0.3500000000000002,True
33.825,12,197.428294,1.0,0.2852325439453125,19,0.3987388610839844,0.3500000000000003,True
39.825,14,197.536321,1.0,0.29503685235977173,21,0.5667240619659424,0.3500000000000003,True
43.825,14,197.64772,1.0,0.33306074142456055,22,0.5938076376914978,0.3500000000000003,True
35.81,15,197.761395,1.0,0.29080167412757874,19,0.4764396846294403,0.38000000000000034,True
43.825,14,197.873519,1.0,0.290910005569458,22,0.4971790909767151,0.3500000000000003,True
39.825,14,197.986669,1.0,0.30556046962738037,23,0.5044158697128296,0.3500000000000003,True
41.809,15,198.099472,1.0,0.3158460259437561,23,0.5471535921096802,0.38200000000000034,True
35.825,14,198.207231,1.0,0.2926153540611267,19,0.4596472978591919,0.3500000000000003,True
41.825,14,198.317031,1.0,0.31484442949295044,22,0.5207705497741699,0.3500000000000003,True
31.769,17,198.468191,1.0,0.3021414875984192,17,0.4433163106441498,0.4620000000000004,True
41.825,13,198.570899,1.0,0.3217308223247528,23,0.5120887160301208,0.3500000000000003,True
35.825,14,198.674744,1.0,0.2871972918510437,19,0.43909817934036255,0.3500000000000003,True
39.825,13,198.774016,1.0,0.260913223028183,21,0.5200463533401489,0.3500000000000003,True
43.825,13,198.877381,1.0,0.3302454650402069,22,0.5319133400917053,0.3500000000000003,True
43.825,12,198.969371,1.0,0.2798098027706146,22,0.4989655911922455,0.3500000000000003,True
35.825,14,199.075337,1.0,0.27066129446029663,18,0.4881194531917572,0.3500000000000003,True
45.825,13,199.178878,1.0,0.30935031175613403,24,0.5925129652023315,0.3500000000000003,True
37.825,13,199.277289,1.0,0.30507969856262207,20,0.505959153175354,0.3500000000000003,True
39.813,14,199.39146,1.0,0.27003103494644165,20,0.4240437150001526,0.37400000000000033,True
41.825,13,199.50734,1.0,0.2945597469806671,21,0.5056097507476807,0.3500000000000003,True
43.825,13,199.603265,1.0,0.3150121569633484,23,0.5002102255821228,0.3500000000000003,True
35.825,13,199.70695,1.0,0.3037009835243225,19,0.5115636587142944,0.3500000000000003,True
45.825,13,199.810898,1.0,0.29675209522247314,23,0.47424042224884033,0.3500000000000003,True
29.825,14,199.923404,1.0,0.26989561319351196,17,0.42666882276535034,0.3500000000000003,True
41.825,13,200.027007,1.0,0.2886604070663452,21,0.5170468688011169,0.3500000000000003,True
43.825,12,200.118196,1.0,0.29151734709739685,22,0.42143556475639343,0.3500000000000003,True
35.825,13,200.221194,1.0,0.30810022354125977,19,0.47254565358161926,0.3500000000000003,True
37.825,13,200.325806,1.0,0.2878535985946655,20,0.4603847861289978,0.3500000000000003,True
41.825,13,200.430617,1.0,0.3056641221046448,21,0.532733678817749,0.3500000000000003,True
33.809,15,200.561336,1.0,0.27414900064468384,17,0.4410054087638855,0.38200000000000034,True
49.825,12,200.656538,1.0,0.2811124920845032,25,0.59392911195755,0.3500000000000003,True
45.825,13,200.754312,1.0,0.3034941852092743,23,0.5044102668762207,0.3500000000000003,True
39.825,13,200.859147,1.0,0.2836934030056,20,0.4548799395561218,0.3500000000000003,True
41.825,13,200.958077,1.0,0.31242135167121887,22,0.526195764541626,0.3500000000000003,True
43.825,12,201.049176,1.0,0.2786560654640198,22,0.5111803412437439,0.3500000000000003,True
45.825,13,201.149773,1.0,0.2961270213127136,24,0.5099810361862183,0.3500000000000003,True
35.825,12,201.243695,1.0,0.29315340518951416,20,0.47321173548698425,0.3500000000000003,True
33.825,14,201.36603,1.0,0.31788575649261475,18,0.42298629879951477,0.3500000000000003,True
41.825,12,201.457115,1.0,0.30227380990982056,21,0.5571475625038147,0.3500000000000003,True
43.825,12,201.636711,1.0,0.31141921877861023,23,0.5155254602432251,0.3500000000000003,True
41.825,12,201.776671,1.0,0.3087835907936096,22,0.49288251996040344,0.3500000000000003,True
35.825,12,201.921354,1.0,0.2892724275588989,18,0.3916105628013611,0.3500000000000003,True
41.825,12,202.051825,1.0,0.319689005613327,22,0.5229440927505493,0.3500000000000003,True
41.853,10,202.164966,0.875,0.3758885860443115,21,0.4533616602420807,0.29400000000000026,True
39.813,14,202.324391,1.0,0.2936992645263672,20,0.5011414289474487,0.37400000000000033,True
39.809,14,202.483545,1.0,0.29442429542541504,22,0.5544152855873108,0.38200000000000034,True
39.809,13,202.644345,1.0,0.281838595867157,22,0.5235503911972046,0.38200000000000034,True
43.825,13,202.786332,1.0,0.3207698166370392,22,0.5004271864891052,0.3500000000000003,True
43.825,13,202.943376,1.0,0.31188276410102844,22,0.48555663228034973,0.3500000000000003,True
45.825,13,203.110762,1.0,0.3433827757835388,23,0.5554749369621277,0.3500000000000003,True
47.825,13,203.272649,1.0,0.30859559774398804,24,0.5232552289962769,0.3500000000000003,True
41.825,13,203.435782,1.0,0.33331233263015747,21,0.45674848556518555,0.3500000000000003,True
45.825,13,203.592645,1.0,0.3259790241718292,23,0.5082560777664185,0.3500000000000003,True
35.825,13,203.768553,1.0,0.300936222076416,18,0.45111146569252014,0.3500000000000003,True
39.825,13,203.915029,1.0,0.27914726734161377,21,0.48239198327064514,0.3500000000000003,True
33.825,14,204.076968,1.0,0.3218589723110199,19,0.434978187084198,0.3500000000000003,True
41.809,14,204.24296,1.0,0.3032374382019043,21,0.5329815149307251,0.38200000000000034,True
41.825,13,204.403377,1.0,0.28656232357025146,21,0.52614825963974,0.3500000000000003,True
37.825,13,204.550612,1.0,0.27891600131988525,19,0.4078846275806427,0.3500000000000003,True
47.825,12,204.690395,1.0,0.3211177587509155,24,0.6184439063072205,0.3500000000000003,True
37.809,13,204.851157,1.0,0.29917722940444946,21,0.5232591032981873,0.38200000000000034,True
45.825,13,205.023652,1.0,0.2921835482120514,23,0.5463985204696655,0.3500000000000003,True
43.825,13,205.173192,1.0,0.3004221022129059,22,0.4770466387271881,0.3500000000000003,True
37.813,14,205.331461,1.0,0.2883671522140503,20,0.5268232822418213,0.37400000000000033,True
37.825,14,205.507358,1.0,0.3097899258136749,19,0.42513972520828247,0.3500000000000003,True
37.825,13,205.689463,1.0,0.31764668226242065,20,0.5276458859443665,0.3500000000000003,True
39.825,13,205.880122,1.0,0.3052765727043152,20,0.4952205419540405,0.3500000000000003,True
45.825,13,205.99703,1.0,0.3220422863960266,23,0.5213202238082886,0.3500000000000003,True
49.825,13,206.098747,1.0,0.3214579224586487,25,0.5668505430221558,0.3500000000000003,True
43.825,13,206.201921,1.0,0.30408746004104614,23,0.5510023832321167,0.3500000000000003,True
35.825,14,206.623845,1.0,0.3125520944595337,19,0.4429349899291992,0.3500000000000003,True
35.825,14,206.7342,1.0,0.28798478841781616,18,0.4279995560646057,0.3500000000000003,True
39.825,13,206.841908,1.0,0.3060271739959717,21,0.524879515171051,0.3500000000000003,True
43.813,14,206.967181,1.0,0.29272472858428955,22,0.5342729091644287,0.37400000000000033,True
43.825,13,207.071303,1.0,0.299968957901001,23,0.5952944755554199,0.3500000000000003,True
33.825,13,207.179668,1.0,0.30532607436180115,17,0.43389037251472473,0.3500000000000003,True
37.809,14,207.283876,1.0,0.2907537519931793,19,0.3862234354019165,0.38200000000000034,True
37.825,13,207.388363,1.0,0.3027941584587097,22,0.5064833164215088,0.3500000000000003,True
51.825,12,207.484711,1.0,0.3215120732784271,26,0.5188530683517456,0.3500000000000003,True
27.825,13,207.594043,1.0,0.2770991921424866,15,0.36003726720809937,0.3500000000000003,True
37.825,12,207.694593,1.0,0.29875272512435913,19,0.4199385941028595,0.3500000000000003,True
41.825,13,207.820115,1.0,0.29545098543167114,23,0.551344096660614,0.3500000000000003,True
45.825,13,207.940424,1.0,0.32526490092277527,25,0.5653012990951538,0.3500000000000003,True
35.825,13,208.056012,1.0,0.3211807906627655,20,0.49545639753341675,0.3500000000000003,True
37.825,12,208.154979,1.0,0.2551065981388092,19,0.45340731739997864,0.3500000000000003,True
41.825,13,208.258062,1.0,0.31342923641204834,22,0.5413796901702881,0.3500000000000003,True
45.825,13,208.356092,1.0,0.2892692983150482,24,0.5811525583267212,0.3500000000000003,True
43.809,15,208.47775,1.0,0.3099993169307709,23,0.512428879737854,0.38200000000000034,True
35.825,14,208.591415,1.0,0.3063927888870239,19,0.43461287021636963,0.3500000000000003,True
37.825,14,208.704372,1.0,0.3162851333618164,21,0.4749298095703125,0.3500000000000003,True
39.825,14,208.812373,1.0,0.2874186336994171,20,0.5429602265357971,0.3500000000000003,True
45.825,13,208.920298,1.0,0.2997225821018219,25,0.6709598898887634,0.3500000000000003,True
39.825,14,209.051966,1.0,0.3066798150539398,21,0.46228840947151184,0.3500000000000003,True
35.825,14,209.158877,1.0,0.290336012840271,19,0.4736415445804596,0.3500000000000003,True
43.825,14,209.272109,1.0,0.2729536294937134,22,0.5734480619430542,0.3500000000000003,True
45.813,15,209.400165,1.0,0.322887659072876,25,0.6151114702224731,0.37400000000000033,True
47.825,14,209.511065,1.0,0.3198145627975464,26,0.6019155979156494,0.3500000000000003,True
47.797,16,209.645422,1.0,0.29453837871551514,24,0.6222261786460876,0.40600000000000036,True
43.825,14,209.7584,1.0,0.33580729365348816,22,0.5538703203201294,0.3500000000000003,True
43.825,13,209.858795,1.0,0.2973291873931885,22,0.4707390069961548,0.3500000000000003,True
45.813,15,209.977917,1.0,0.30504167079925537,23,0.5474668741226196,0.37400000000000033,True
31.825,14,210.103982,1.0,0.29145747423171997,18,0.3928561806678772,0.3500000000000003,True
41.825,14,210.222751,1.0,0.30166804790496826,23,0.5978206992149353,0.3500000000000003,True
41.825,13,210.320502,1.0,0.28431111574172974,23,0.4918754994869232,0.3500000000000003,True
41.825,13,210.426526,1.0,0.319303035736084,21,0.5030710697174072,0.3500000000000003,True
37.825,14,210.53474,1.0,0.29035529494285583,22,0.5375511646270752,0.3500000000000003,True
39.825,13,210.631964,1.0,0.2940550446510315,21,0.5153499245643616,0.3500000000000003,True
43.825,13,210.734374,1.0,0.3140673041343689,24,0.5645766258239746,0.3500000000000003,True
41.825,14,210.845467,1.0,0.3322013020515442,21,0.47124627232551575,0.3500000000000003,True
45.825,14,210.952439,1.0,0.2990751266479492,23,0.5098825693130493,0.3500000000000003,True
41.825,13,211.056884,1.0,0.2991683781147003,21,0.46385353803634644,0.3500000000000003,True
35.81,15,211.190933,1.0,0.28248655796051025,19,0.4598313868045807,0.38000000000000034,True
41.825,13,211.292752,1.0,0.2832537889480591,21,0.4912552833557129,0.3500000000000003,True
43.825,14,211.410328,1.0,0.30206233263015747,24,0.6053431630134583,0.3500000000000003,True
47.825,14,211.5183,1.0,0.29784277081489563,24,0.5769137144088745,0.3500000000000003,True
39.825,14,211.632383,1.0,0.2569546401500702,20,0.3854271173477173,0.3500000000000003,True
41.81,15,211.751322,1.0,0.3238007426261902,22,0.46987560391426086,0.38000000000000034,True
43.81,15,211.865602,1.0,0.29782718420028687,22,0.5013198852539062,0.38000000000000034,True
45.825,14,211.975861,1.0,0.3197562098503113,23,0.5625104904174805,0.3500000000000003,True
43.81,15,212.092557,1.0,0.2909407615661621,22,0.5446428060531616,0.38000000000000034,True
43.825,13,212.209975,1.0,0.3156585693359375,24,0.54197096824646,0.3500000000000003,True
47.825,14,212.314929,1.0,0.3332878649234772,24,0.5469995141029358,0.3500000000000003,True
35.825,14,212.421573,1.0,0.27602308988571167,18,0.4476860463619232,0.3500000000000003,True
47.825,13,212.518849,1.0,0.28467053174972534,24,0.6288174986839294,0.3500000000000003,True
39.825,13,212.614213,1.0,0.2629711627960205,21,0.45904892683029175,0.3500000000000003,True
41.825,14,212.722519,1.0,0.34231242537498474,22,0.4851749837398529,0.3500000000000003,True
33.825,13,212.823841,1.0,0.3113994002342224,18,0.45964619517326355,0.3500000000000003,True
29.825,14,212.933032,1.0,0.2649494409561157,16,0.38328981399536133,0.3500000000000003,True
39.825,13,213.028217,1.0,0.2791003882884979,20,0.4730796813964844,0.3500000000000003,True
39.813,14,213.132759,1.0,0.3007117509841919,22,0.5282104015350342,0.37400000000000033,True
43.825,14,213.256092,1.0,0.3195176422595978,22,0.6062687039375305,0.3500000000000003,True
41.825,14,213.366189,1.0,0.2875394821166992,22,0.5252746343612671,0.3500000000000003,True
35.825,14,213.475517,1.0,0.28759312629699707,19,0.4752945303916931,0.3500000000000003,True
33.825,14,213.579189,1.0,0.28603363037109375,17,0.3304422199726105,0.3500000000000003,True
43.825,13,213.682228,1.0,0.3075871467590332,23,0.5669121146202087,0.3500000000000003,True
43.809,14,213.782526,1.0,0.27329790592193604,22,0.5080836415290833,0.38200000000000034,True
45.825,13,213.88186,1.0,0.29868918657302856,23,0.5862278342247009,0.3500000000000003,True
39.805,15,213.991493,1.0,0.3151298761367798,22,0.5311480760574341,0.39000000000000035,True
37.825,14,214.099278,1.0,0.3074007034301758,19,0.47791588306427,0.3500000000000003,True
39.825,13,214.208802,1.0,0.3004658818244934,20,0.5001024603843689,0.3500000000000003,True
45.809,15,214.323563,1.0,0.32075005769729614,23,0.5149050951004028,0.38200000000000034,True
39.825,13,214.431743,1.0,0.2888932228088379,23,0.507117748260498,0.3500000000000003,True
35.825,14,214.534888,1.0,0.29108762741088867,18,0.40635421872138977,0.3500000000000003,True
41.825,14,214.638078,1.0,0.3086872398853302,21,0.45163455605506897,0.3500000000000003,True
35.825,14,214.740429,1.0,0.3067767024040222,18,0.3833097219467163,0.3500000000000003,True
37.825,14,214.84627,1.0,0.3273296356201172,19,0.49088940024375916,0.3500000000000003,True
41.825,13,214.939401,1.0,0.2802644968032837,22,0.561051070690155,0.3500000000000003,True
35.825,14,215.044546,1.0,0.2940852642059326,19,0.5054618120193481,0.3500000000000003,True
31.81,15,215.157035,1.0,0.30693918466567993,17,0.36579692363739014,0.38000000000000034,True
33.825,13,215.274233,1.0,0.259120911359787,20,0.42939645051956177,0.3500000000000003,True
43.825,13,215.375882,1.0,0.3127515912055969,22,0.572594165802002,0.3500000000000003,True
37.825,14,215.48206,1.0,0.2987433671951294,19,0.5279771089553833,0.3500000000000003,True
45.817,14,215.585942,1.0,0.3097081482410431,23,0.5357155799865723,0.3660000000000003,True
37.825,13,215.683173,1.0,0.3057537078857422,19,0.44730380177497864,0.3500000000000003,True
45.825,13,215.780981,1.0,0.332955539226532,23,0.4867459535598755,0.3500000000000003,True
35.825,13,215.882919,1.0,0.29799747467041016,18,0.3385646939277649,0.3500000000000003,True
43.825,13,216.039578,1.0,0.29784172773361206,23,0.5328301191329956,0.3500000000000003,True
37.825,12,216.182325,1.0,0.28714776039123535,19,0.44594237208366394,0.3500000000000003,True
43.825,12,216.329945,1.0,0.3140631318092346,22,0.5428164005279541,0.3500000000000003,True
39.825,12,216.47897,1.0,0.31885719299316406,20,0.4413079619407654,0.3500000000000003,True
41.825,12,216.607049,1.0,0.29940223693847656,22,0.49965742230415344,0.3500000000000003,True
41.825,14,216.762121,1.0,0.302979052066803,22,0.4811735153198242,0.3500000000000003,True
37.825,14,217.336884,1.0,0.32578420639038086,20,0.44997355341911316,0.3500000000000003,True
41.825,14,217.515436,1.0,0.3274259865283966,21,0.5035068392753601,0.3500000000000003,True
41.825,13,217.666734,1.0,0.30439841747283936,21,0.4740602672100067,0.3500000000000003,True
39.825,13,217.811281,1.0,0.27590590715408325,20,0.48834630846977234,0.3500000000000003,True
43.825,13,217.962284,1.0,0.2895651161670685,22,0.512070894241333,0.3500000000000003,True
37.825,14,218.113556,1.0,0.28958338499069214,21,0.5522873401641846,0.3500000000000003,True
47.825,14,218.265967,1.0,0.32657960057258606,24,0.5712994337081909,0.3500000000000003,True
37.825,14,218.420417,1.0,0.2892770767211914,19,0.47464480996131897,0.3500000000000003,True
45.825,14,218.587101,1.0,0.2953431010246277,24,0.5929407477378845,0.3500000000000003,True
39.81,15,218.775958,1.0,0.27730339765548706,20,0.39215561747550964,0.38000000000000034,True
47.81,15,218.943113,1.0,0.31212079524993896,24,0.5690317749977112,0.38000000000000034,True
39.825,14,219.098814,1.0,0.3411003351211548,22,0.5327823162078857,0.3500000000000003,True
37.813,15,219.29222,1.0,0.3121890425682068,20,0.4634438753128052,0.37400000000000033,True
29.813,15,219.45881,1.0,0.26709747314453125,16,0.37887901067733765,0.37400000000000033,True
49.825,13,219.61496,1.0,0.3182368278503418,25,0.617293655872345,0.3500000000000003,True
37.825,14,219.787303,1.0,0.27870815992355347,20,0.45927947759628296,0.3500000000000003,True
39.825,14,219.966341,1.0,0.27994316816329956,20,0.4738045334815979,0.3500000000000003,True
41.825,13,220.112137,1.0,0.3063662648200989,22,0.5436998605728149,0.3500000000000003,True
43.825,14,220.217861,1.0,0.31482359766960144,22,0.4860464632511139,0.3500000000000003,True
39.809,16,220.340139,1.0,0.2709982991218567,20,0.4128949046134949,0.38200000000000034,True
47.825,14,220.446923,1.0,0.3140053153038025,24,0.5743148326873779,0.3500000000000003,True
37.825,14,220.551068,1.0,0.32155945897102356,19,0.49905169010162354,0.3500000000000003,True
37.825,14,220.670165,1.0,0.311842143535614,19,0.45198947191238403,0.3500000000000003,True
43.825,14,220.773684,1.0,0.32153913378715515,23,0.5140083432197571,0.3500000000000003,True
39.81,15,220.886187,1.0,0.2979406714439392,22,0.5662898421287537,0.38000000000000034,True
37.825,14,220.990606,1.0,0.2955712676048279,20,0.5169796347618103,0.3500000000000003,True
43.825,14,221.088799,1.0,0.32067036628723145,23,0.5871390104293823,0.3500000000000003,True
43.809,15,221.200834,1.0,0.29924285411834717,23,0.5576425790786743,0.38200000000000034,True
39.825,13,221.298517,1.0,0.2844892740249634,22,0.5264824628829956,0.3500000000000003,True
39.825,14,221.409489,1.0,0.3057329058647156,21,0.5172753930091858,0.3500000000000003,True
39.825,14,221.513437,1.0,0.3074548840522766,23,0.5472080707550049,0.3500000000000003,True
47.825,14,221.623476,1.0,0.31612837314605713,24,0.5953260660171509,0.3500000000000003,True
35.825,13,221.755189,1.0,0.2958472967147827,19,0.48500221967697144,0.3500000000000003,True
37.81,15,221.87014,1.0,0.28294283151626587,20,0.49078452587127686,0.38000000000000034,True
41.825,14,221.976041,1.0,0.2825896739959717,21,0.5600424408912659,0.3500000000000003,True
43.825,14,222.080889,1.0,0.31502726674079895,23,0.5556002259254456,0.3500000000000003,True
35.825,14,222.186006,1.0,0.28953179717063904,19,0.5229793190956116,0.3500000000000003,True
41.825,13,222.286473,1.0,0.3106842637062073,23,0.5655704140663147,0.3500000000000003,True
37.81,15,222.407358,1.0,0.32120630145072937,19,0.4416937530040741,0.38000000000000034,True
45.825,14,222.514596,1.0,0.31863269209861755,24,0.6483058929443359,0.3500000000000003,True
41.825,13,222.611822,1.0,0.2800244092941284,22,0.46146583557128906,0.3500000000000003,True
43.825,13,222.720132,1.0,0.31764930486679077,22,0.4751735031604767,0.3500000000000003,True
43.825,13,222.822718,1.0,0.3052099347114563,22,0.4712580144405365,0.3500000000000003,True
45.825,13,222.922962,1.0,0.31026390194892883,24,0.5409411191940308,0.3500000000000003,True
45.813,14,223.024376,1.0,0.2836001515388489,23,0.5439385771751404,0.37400000000000033,True
41.825,13,223.121905,1.0,0.31735867261886597,24,0.443718284368515,0.3500000000000003,True
41.825,13,223.21973,1.0,0.3048843741416931,23,0.5253177881240845,0.3500000000000003,True
47.825,14,223.319007,1.0,0.28586798906326294,24,0.5196737051010132,0.3500000000000003,True
45.825,13,223.424198,1.0,0.31162023544311523,24,0.5437771677970886,0.3500000000000003,True
45.825,13,223.525471,1.0,0.29940953850746155,23,0.5237383246421814,0.3500000000000003,True
43.825,13,223.630617,1.0,0.3190942108631134,23,0.540675938129425,0.3500000000000003,True
41.817,14,223.738234,1.0,0.28994640707969666,23,0.5528819561004639,0.3660000000000003,True
31.825,14,223.852625,1.0,0.25483888387680054,16,0.3785097002983093,0.3500000000000003,True
41.825,13,223.948328,1.0,0.3122890591621399,23,0.5784086585044861,0.3500000000000003,True
43.825,13,224.046185,1.0,0.2786795198917389,22,0.4883115589618683,0.3500000000000003,True
41.809,14,224.15235,1.0,0.30497294664382935,22,0.5644797086715698,0.38200000000000034,True
31.825,14,224.260052,1.0,0.275201678276062,16,0.3722634017467499,0.3500000000000003,True
37.825,13,224.353774,1.0,0.30676472187042236,20,0.4787244498729706,0.3500000000000003,True
39.825,13,224.45261,1.0,0.2944696247577667,20,0.5651580691337585,0.3500000000000003,True
49.825,13,224.548615,1.0,0.313453733921051,25,0.5199849605560303,0.3500000000000003,True
35.81,15,224.665524,1.0,0.3197233974933624,19,0.41589608788490295,0.38000000000000034,True
35.825,13,224.775773,1.0,0.30119404196739197,19,0.4610665440559387,0.3500000000000003,True
41.813,14,224.905436,1.0,0.3046770691871643,21,0.5484562516212463,0.37400000000000033,True
49.825,13,225.007838,1.0,0.3276129961013794,26,0.6423718929290771,0.3500000000000003,True
33.825,13,225.109239,1.0,0.29325029253959656,19,0.4283744692802429,0.3500000000000003,True
41.825,13,225.203855,1.0,0.30818095803260803,22,0.555246889591217,0.3500000000000003,True
41.825,13,225.296662,1.0,0.29187414050102234,21,0.5398754477500916,0.3500000000000003,True
39.825,13,225.402241,1.0,0.3189139664173126,21,0.5288282036781311,0.3500000000000003,True
39.825,13,225.497362,1.0,0.27375417947769165,20,0.5013752579689026,0.3500000000000003,True
41.825,13,225.593301,1.0,0.3183134198188782,22,0.47956737875938416,0.3500000000000003,True
43.825,13,225.69138,1.0,0.3206479549407959,22,0.47636348009109497,0.3500000000000003,True
41.825,13,225.784097,1.0,0.31950464844703674,22,0.5420664548873901,0.3500000000000003,True
37.825,13,225.897051,1.0,0.2953597903251648,20,0.5326376557350159,0.3500000000000003,True
39.809,14,226.003309,1.0,0.3061995804309845,21,0.48891356587409973,0.38200000000000034,True
45.809,14,226.104396,1.0,0.2810947895050049,23,0.4226190745830536,0.38200000000000034,True
45.813,14,226.207859,1.0,0.3110426068305969,23,0.5265176296234131,0.37400000000000033,True
47.825,13,226.305458,1.0,0.2982547879219055,24,0.5176709294319153,0.3500000000000003,True
33.825,14,226.415719,1.0,0.31641119718551636,19,0.48350632190704346,0.3500000000000003,True
47.825,14,226.51921,1.0,0.302839994430542,25,0.5685390830039978,0.3500000000000003,True
43.825,13,226.614271,1.0,0.27192074060440063,23,0.5509113669395447,0.3500000000000003,True
37.809,15,226.723887,1.0,0.31270158290863037,22,0.5643308162689209,0.38200000000000034,True
39.825,14,226.826612,1.0,0.31648463010787964,20,0.4062352478504181,0.3500000000000003,True
35.825,14,226.945697,1.0,0.30123674869537354,18,0.4283207058906555,0.3500000000000003,True
45.809,14,227.051575,1.0,0.27196604013442993,23,0.5295674800872803,0.38200000000000034,True
45.813,14,227.154149,1.0,0.3154121935367584,24,0.6189236044883728,0.37400000000000033,True
39.825,13,227.248991,1.0,0.2987605333328247,21,0.49551355838775635,0.3500000000000003,True
33.825,14,227.358521,1.0,0.2797103226184845,17,0.43633243441581726,0.3500000000000003,True
41.825,13,227.457151,1.0,0.3024451732635498,22,0.49808385968208313,0.3500000000000003,True
45.825,13,227.554054,1.0,0.3130161762237549,24,0.565775990486145,0.3500000000000003,True
39.825,14,227.660563,1.0,0.2848137617111206,20,0.48138296604156494,0.3500000000000003,True
43.825,13,227.757103,1.0,0.2776346504688263,22,0.44288700819015503,0.3500000000000003,True
37.825,14,228.180953,1.0,0.3167482018470764,22,0.517428994178772,0.3500000000000003,True
47.825,13,228.273272,1.0,0.2883661091327667,24,0.5197567343711853,0.3500000000000003,True
41.825,13,228.381036,1.0,0.2961233854293823,21,0.5121267437934875,0.3500000000000003,True
37.825,13,228.4758,1.0,0.30494585633277893,21,0.48171424865722656,0.3500000000000003,True
41.825,13,228.57566,1.0,0.287886381149292,22,0.5302709341049194,0.3500000000000003,True
41.825,12,228.675343,1.0,0.301760196685791,23,0.5393936634063721,0.3500000000000003,True
41.825,13,228.769326,1.0,0.28009992837905884,21,0.530359148979187,0.3500000000000003,True
45.825,13,228.873616,1.0,0.3058318495750427,23,0.585456371307373,0.3500000000000003,True
43.825,13,229.007867,1.0,0.32124483585357666,24,0.6184300184249878,0.3500000000000003,True
45.825,13,229.106002,1.0,0.31463712453842163,23,0.5340004563331604,0.3500000000000003,True
41.825,13,229.205423,1.0,0.3012794554233551,21,0.4360443949699402,0.3500000000000003,True
37.825,12,229.293315,1.0,0.27679604291915894,20,0.4207227826118469,0.3500000000000003,True
35.825,14,229.3991,1.0,0.27459070086479187,18,0.41218483448028564,0.3500000000000003,True
37.825,14,229.507785,1.0,0.2754516899585724,20,0.45152169466018677,0.3500000000000003,True
43.825,14,229.61295,1.0,0.3185920715332031,24,0.547423243522644,0.3500000000000003,True
37.825,14,229.725473,1.0,0.3056844472885132,20,0.48393380641937256,0.3500000000000003,True
39.825,13,229.825819,1.0,0.29662132263183594,21,0.4838349223136902,0.3500000000000003,True
37.825,14,229.93885,1.0,0.32169175148010254,19,0.4390198886394501,0.3500000000000003,True
37.825,14,230.065131,1.0,0.29050377011299133,19,0.39152368903160095,0.3500000000000003,True
41.825,14,230.238461,1.0,0.3130713701248169,21,0.5030333995819092,0.3500000000000003,True
47.825,14,230.402336,1.0,0.30583810806274414,24,0.497749388217926,0.3500000000000003,True
39.825,14,230.56021,1.0,0.2893911600112915,21,0.4643404185771942,0.3500000000000003,True
37.825,14,230.714967,1.0,0.2736906409263611,19,0.37478750944137573,0.3500000000000003,True
37.825,14,230.867014,1.0,0.2641816735267639,19,0.4302164316177368,0.3500000000000003,True
45.825,14,231.029798,1.0,0.3238445222377777,23,0.5342820286750793,0.3500000000000003,True
41.825,14,231.200524,1.0,0.27609550952911377,21,0.5208521485328674,0.3500000000000003,True
37.825,14,231.352512,1.0,0.29467537999153137,21,0.5123320817947388,0.3500000000000003,True
35.825,14,231.5065,1.0,0.32444244623184204,19,0.48494476079940796,0.3500000000000003,True
37.81,15,231.700252,1.0,0.28766971826553345,19,0.4729081690311432,0.38000000000000034,True
47.813,15,231.881865,1.0,0.27516523003578186,24,0.5261959433555603,0.37400000000000033,True
39.825,14,232.042959,1.0,0.26207685470581055,20,0.49071791768074036,0.3500000000000003,True
39.825,14,232.21527,1.0,0.30525368452072144,21,0.4572696387767792,0.3500000000000003,True
39.798,16,232.3933,1.0,0.33464521169662476,22,0.5168019533157349,0.40400000000000036,True
35.825,14,232.559305,1.0,0.31928586959838867,20,0.46681058406829834,0.3500000000000003,True
47.825,14,232.72496,1.0,0.3165174722671509,24,0.5765624046325684,0.3500000000000003,True
37.825,14,232.881827,1.0,0.2941967248916626,19,0.5181819796562195,0.3500000000000003,True
41.825,14,233.037632,1.0,0.30691421031951904,22,0.5005285739898682,0.3500000000000003,True
43.813,15,233.20821,1.0,0.3088117241859436,22,0.5545210838317871,0.37400000000000033,True
45.825,13,233.388338,1.0,0.34953945875167847,23,0.5052443146705627,0.3500000000000003,True
31.809,16,233.577485,1.0,0.28110989928245544,16,0.3399737477302551,0.38200000000000034,True
43.825,13,233.732222,1.0,0.26925182342529297,23,0.5436087250709534,0.3500000000000003,True
43.794,16,233.924802,1.0,0.2996908128261566,24,0.5573694109916687,0.41200000000000037,True
45.825,14,234.102462,1.0,0.3043140172958374,23,0.44252026081085205,0.3500000000000003,True
37.825,14,234.296571,1.0,0.3248549699783325,20,0.5004748106002808,0.3500000000000003,True
47.809,15,234.439266,1.0,0.3262852728366852,25,0.6052243709564209,0.38200000000000034,True
41.825,14,234.547291,1.0,0.28815513849258423,21,0.4742332696914673,0.3500000000000003,True
45.825,14,234.654649,1.0,0.33119499683380127,24,0.601990282535553,0.3500000000000003,True
41.825,13,234.751717,1.0,0.3088190257549286,23,0.490945965051651,0.3500000000000003,True
39.825,14,234.869558,1.0,0.29885536432266235,21,0.4771387279033661,0.3500000000000003,True
41.809,15,235.002793,1.0,0.33427488803863525,23,0.6157775521278381,0.38200000000000034,True
39.825,14,235.1108,1.0,0.30966126918792725,20,0.5214009881019592,0.3500000000000003,True
33.81,15,235.228303,1.0,0.30247068405151367,18,0.4590687155723572,0.38000000000000034,True
47.813,14,235.348469,1.0,0.2825506329536438,25,0.564879834651947,0.37400000000000033,True
43.825,14,235.464678,1.0,0.2844892740249634,22,0.5280097723007202,0.3500000000000003,True
41.825,13,235.563496,1.0,0.31885668635368347,22,0.5492061972618103,0.3500000000000003,True
41.813,15,235.684843,1.0,0.2939748167991638,23,0.578159749507904,0.37400000000000033,True
37.809,15,235.798988,1.0,0.28918126225471497,20,0.46524879336357117,0.38200000000000034,True
29.825,14,235.904601,1.0,0.283035010099411,17,0.41269296407699585,0.3500000000000003,True
45.825,13,236.004131,1.0,0.3041624426841736,23,0.5754252076148987,0.3500000000000003,True
37.809,14,236.110936,1.0,0.2836887240409851,21,0.4767000377178192,0.38200000000000034,True
45.825,13,236.214634,1.0,0.3170351982116699,23,0.6171363592147827,0.3500000000000003,True
45.825,13,236.310415,1.0,0.33947107195854187,24,0.5765129327774048,0.3500000000000003,True
41.825,13,236.424324,1.0,0.296391099691391,22,0.5485602617263794,0.3500000000000003,True
37.825,14,236.529193,1.0,0.2815400958061218,19,0.48982885479927063,0.3500000000000003,True
39.825,14,236.637606,1.0,0.2907756567001343,20,0.5240767598152161,0.3500000000000003,True
41.825,13,236.730716,1.0,0.30592507123947144,21,0.5918008089065552,0.3500000000000003,True
37.825,13,236.831364,1.0,0.30865809321403503,19,0.3972437083721161,0.3500000000000003,True
41.825,14,236.943104,1.0,0.32121047377586365,22,0.5760236382484436,0.3500000000000003,True
41.813,14,237.04939,1.0,0.28728529810905457,22,0.5147386789321899,0.37400000000000033,True
41.825,13,237.147628,1.0,0.2864909768104553,21,0.4350774884223938,0.3500000000000003,True
47.825,12,237.236752,1.0,0.3261873722076416,25,0.5173380374908447,0.3500000000000003,True
41.809,14,237.350363,1.0,0.29424357414245605,22,0.5382548570632935,0.38200000000000034,True
41.825,13,237.467236,1.0,0.2855205833911896,21,0.47199776768684387,0.3500000000000003,True
43.825,13,237.560574,1.0,0.2888583242893219,22,0.43149232864379883,0.3500000000000003,True
37.825,13,237.663586,1.0,0.32593995332717896,20,0.4809778928756714,0.3500000000000003,True
41.825,14,237.771333,1.0,0.30727618932724,22,0.49780336022377014,0.3500000000000003,True
41.825,14,237.881176,1.0,0.29219135642051697,22,0.5156323909759521,0.3500000000000003,True
39.81,15,237.994572,1.0,0.31639453768730164,20,0.47112545371055603,0.38000000000000034,True
43.825,14,238.108651,1.0,0.2980412244796753,23,0.47958052158355713,0.3500000000000003,True
39.825,14,238.255099,1.0,0.2985115647315979,20,0.4683355987071991,0.3500000000000003,True
43.825,13,238.363649,1.0,0.3117483854293823,23,0.5547503232955933,0.3500000000000003,True
43.825,14,238.492756,1.0,0.29098033905029297,23,0.5086687207221985,0.3500000000000003,True
43.825,14,238.605816,1.0,0.30130186676979065,23,0.515010416507721,0.3500000000000003,True
31.745,19,238.748967,1.0,0.28268760442733765,17,0.3304363787174225,0.5100000000000005,True
41.825,14,238.857573,1.0,0.31376832723617554,22,0.5302376747131348,0.3500000000000003,True
41.729,20,239.024741,1.0,0.29124438762664795,21,0.48847371339797974,0.5420000000000005,True
43.825,14,239.142584,1.0,0.30903881788253784,22,0.48541274666786194,0.3500000000000003,True
43.825,14,239.253712,1.0,0.30779656767845154,22,0.502153754234314,0.3500000000000003,True
43.825,14,239.363661,1.0,0.2926616966724396,22,0.44198575615882874,0.3500000000000003,True
