#{"t_start": 1790445977.4666238, "env_id": "None"}
r,l,t,mean_uncertainty,energy_used,success
-2.328192,30,1.416749,0.969024119144021,0.2400000000000002,False
-2.256286,30,1.469535,0.9619083936419697,0.2400000000000002,False
5.598385,21,1.521538,0.958992932600015,0.16800000000000015,True
-2.345072,30,1.580404,0.9654675968401831,0.2400000000000002,False
-2.351958,30,1.64103,0.961741911931218,0.2400000000000002,False
-2.423154,30,1.693732,0.9619181087545245,0.2400000000000002,False
-2.409814,30,1.748572,0.962899866949336,0.2400000000000002,False
-2.483047,30,1.804814,0.9601803541914591,0.2400000000000002,False
-2.105766,30,2.456674,0.9638250915939772,0.2400000000000002,False
-1.897403,30,2.51297,0.9640885622043347,0.2400000000000002,False
-2.256854,30,2.57707,0.958319588031484,0.2400000000000002,False
-2.030934,30,2.627916,0.96635263291669,0.2400000000000002,False
-1.852398,30,2.680997,0.9672361762555319,0.2400000000000002,False
-2.113163,30,2.732726,0.9699329143570283,0.2400000000000002,False
-1.810707,30,2.785647,0.9612361562397596,0.2400000000000002,False
-2.025167,30,2.83741,0.9646549661254047,0.2400000000000002,False
5.526798,19,2.87007,0.9605665720577748,0.15200000000000014,True
-2.016837,30,3.436218,0.9662392196459582,0.2400000000000002,False
-2.055222,30,3.490272,0.9617049431241318,0.2400000000000002,False
-2.016007,30,3.542869,0.965122549187412,0.2400000000000002,False
5.546939,27,3.610541,0.9627474316666516,0.2160000000000002,True
-2.139103,30,3.663098,0.9635343778304356,0.2400000000000002,False
5.49667,24,3.703339,0.9624395663707053,0.19200000000000017,True
-2.014775,30,3.755961,0.9642288171688349,0.2400000000000002,False
-2.208174,30,3.810338,0.9631528626716765,0.2400000000000002,False
-1.876606,30,3.861152,0.9622977330279221,0.2400000000000002,False
-2.157243,30,4.417112,0.9621045249992085,0.2400000000000002,False
5.620659,18,4.449575,0.9609091333520442,0.14400000000000013,True
-1.923328,30,4.50466,0.959281350199638,0.2400000000000002,False
-2.042289,30,4.561641,0.9621644660761168,0.2400000000000002,False
-1.772684,30,4.631888,0.9599764503720034,0.2400000000000002,False
5.531301,15,4.657757,0.9573379326292122,0.1200000000000001,True
-1.960397,30,4.70886,0.9603265820467799,0.2400000000000002,False
-1.652956,30,4.760548,0.9606624904024377,0.2400000000000002,False
5.150177,26,4.806085,0.958838574598798,0.20800000000000018,True
-1.75203,30,4.857665,0.9589616982849772,0.2400000000000002,False
-1.911146,30,5.439561,0.9662921280800978,0.2400000000000002,False
5.581676,22,5.477341,0.9628718061695449,0.17600000000000016,True
5.571411,13,5.501468,0.9624514665383188,0.10400000000000009,True
5.486899,15,5.52923,0.9584974493247509,0.1200000000000001,True
5.829284,8,5.54246,0.9605138190151594,0.06400000000000006,True
5.431366,13,5.565459,0.9611581544179142,0.10400000000000009,True
5.569341,4,5.573907,0.9617594917398197,0.03200000000000003,True
5.244183,23,5.615087,0.9592918332951588,0.18400000000000016,True
5.054072,25,5.670572,0.969432689430221,0.20000000000000018,True
5.428368,21,5.70612,0.9616678622306827,0.16800000000000015,True
5.489222,7,5.71942,0.9645917804334334,0.05600000000000005,True
5.53072,17,5.748574,0.956054000407712,0.13600000000000012,True
5.30046,13,5.77017,0.9592792939405715,0.10400000000000009,True
5.601075,12,5.791807,0.9627621188417097,0.09600000000000009,True
5.562333,19,5.99878,0.963446293083208,0.15200000000000014,True
-2.01566,30,6.58368,0.9601971228762096,0.2400000000000002,False
5.534661,15,6.610481,0.9618867106426143,0.1200000000000001,True
5.668534,22,6.653316,0.9606028877945376,0.17600000000000016,True
5.353152,8,6.668772,0.958711729914179,0.06400000000000006,True
5.494447,17,6.709392,0.9575858970397837,0.13600000000000012,True
5.436672,7,6.721277,0.9642832457689383,0.05600000000000005,True
5.184093,26,6.767954,0.9607288700618444,0.20800000000000018,True
5.640166,9,6.783567,0.9621133354854303,0.07200000000000006,True
5.489926,18,6.818511,0.9606535781605658,0.14400000000000013,True
5.232609,19,6.853714,0.9609789436292222,0.15200000000000014,True
5.531997,22,6.892595,0.9586329415846452,0.17600000000000016,True
5.531354,25,6.93673,0.9596408463960275,0.20000000000000018,True
5.324745,24,6.98476,0.9622516822434017,0.19200000000000017,True
5.223977,17,7.014777,0.9635352988239347,0.13600000000000012,True
5.599385,7,7.027502,0.9608998560739923,0.05600000000000005,True
5.90383,13,7.711846,0.9584589607377219,0.10400000000000009,True
5.440027,14,7.778287,0.9579006639943666,0.1120000000000001,True
5.612525,8,7.809403,0.9594780598955287,0.06400000000000006,True
5.520085,27,7.879613,0.9663663109697304,0.2160000000000002,True
5.090106,25,7.96105,0.9637972047508412,0.20000000000000018,True
5.439689,11,7.989554,0.9568467959085782,0.08800000000000008,True
5.460259,15,8.031996,0.9591069977415598,0.1200000000000001,True
5.268496,24,8.091929,0.9595146883499482,0.19200000000000017,True
-1.686059,30,8.178748,0.9611451891255958,0.2400000000000002,False
5.739573,22,8.235335,0.958030180112044,0.17600000000000016,True
5.900425,8,8.256069,0.9570835578836508,0.06400000000000006,True
5.863018,13,8.290804,0.962072536058567,0.10400000000000009,True
5.615532,13,8.324672,0.9571371896954358,0.10400000000000009,True
5.480661,5,8.338541,0.960552811017284,0.040000000000000036,True
5.791675,8,8.357136,0.961819880986844,0.06400000000000006,True
5.636783,11,8.384344,0.9567583632271781,0.08800000000000008,True
5.375363,19,9.146448,0.9609550743451941,0.15200000000000014,True
5.469284,7,9.164785,0.9585833833997872,0.05600000000000005,True
5.524338,13,9.198825,0.961400309920836,0.10400000000000009,True
5.777309,11,9.227828,0.9655588378830737,0.08800000000000008,True
-1.621646,30,9.307486,0.9656878946908645,0.2400000000000002,False
5.807176,13,9.340695,0.9622876512385282,0.10400000000000009,True
5.558691,9,9.364763,0.9629563001531948,0.07200000000000006,True
5.673037,8,9.384393,0.9633210109691277,0.06400000000000006,True
5.496131,7,9.403672,0.9653483712248738,0.05600000000000005,True
5.835599,8,9.425748,0.9594788061152275,0.06400000000000006,True
5.652906,13,9.461768,0.9618205129016189,0.10400000000000009,True
5.752324,5,9.475537,0.9637741703435023,0.040000000000000036,True
5.769891,12,9.509208,0.9653690483287561,0.09600000000000009,True
5.467617,10,9.537569,0.9588653177352982,0.08000000000000007,True
5.613626,17,9.579341,0.9600765041385988,0.13600000000000012,True
5.73685,9,9.613245,0.9606461615090431,0.07200000000000006,True
5.484796,10,9.640418,0.9601289639834324,0.08000000000000007,True
5.678846,6,9.657321,0.9618144993098842,0.04800000000000004,True
5.380456,15,9.696487,0.9578815669408887,0.1200000000000001,True
5.447574,10,9.722211,0.9628386177954413,0.08000000000000007,True
5.518739,23,9.783349,0.9570618777434956,0.18400000000000016,True
5.704635,12,9.817576,0.9643009142485905,0.09600000000000009,True
5.686653,7,10.562066,0.9619373209120075,0.05600000000000005,True
5.38449,7,10.580904,0.9636862084197608,0.05600000000000005,True
5.727629,9,10.604299,0.9615929421885903,0.07200000000000006,True
5.597664,10,10.63134,0.9624272265351992,0.08000000000000007,True
5.610351,3,10.640181,0.9610951794190873,0.02400000000000002,True
5.631601,5,10.653518,0.9613312729034625,0.040000000000000036,True
5.312413,22,10.708922,0.9572274720210512,0.17600000000000016,True
5.156816,24,10.77193,0.9599110775826685,0.19200000000000017,True
5.560651,5,10.784782,0.961980189859586,0.040000000000000036,True
5.6758,4,10.797536,0.9588898407672345,0.03200000000000003,True
5.310664,16,10.844335,0.9586401041530965,0.1280000000000001,True
5.251414,12,10.878496,0.9602306688162566,0.09600000000000009,True
5.528048,10,10.914277,0.9573607332773528,0.08000000000000007,True
5.631527,10,10.942581,0.9598195222847943,0.08000000000000007,True
5.624548,5,10.959952,0.9631058014845223,0.040000000000000036,True
5.428816,7,10.98184,0.9641073458413341,0.05600000000000005,True
5.365281,12,11.021273,0.9607907358594833,0.09600000000000009,True
5.612502,3,11.033467,0.9651907590446938,0.02400000000000002,True
5.501426,12,11.07554,0.9599911727629173,0.09600000000000009,True
5.289964,9,11.103463,0.9632548969190797,0.07200000000000006,True
5.550927,4,11.116575,0.9593956280371374,0.03200000000000003,True
5.802364,8,11.142431,0.9623679924281339,0.06400000000000006,True
5.734995,15,11.183455,0.9573349230448918,0.1200000000000001,True
5.639893,5,11.197495,0.9582699755744905,0.040000000000000036,True
5.381401,6,11.213356,0.9617827814116859,0.04800000000000004,True
5.341678,22,11.271549,0.9602445397281867,0.17600000000000016,True
5.918636,11,12.100864,0.9599611231317339,0.08800000000000008,True
5.985842,8,12.134303,0.9632354479598253,0.06400000000000006,True
5.464284,14,12.169666,0.9595330203316713,0.1120000000000001,True
5.666566,13,12.196663,0.9628587343647759,0.10400000000000009,True
5.5146,11,12.218014,0.9621203112647596,0.08800000000000008,True
5.586327,11,12.240484,0.9616605693378655,0.08800000000000008,True
5.498652,5,12.250176,0.9609645979084758,0.040000000000000036,True
5.848139,6,12.263308,0.9590733479206861,0.04800000000000004,True
5.616422,7,12.277237,0.9575159466124663,0.05600000000000005,True
5.637831,5,12.287107,0.9614564068954702,0.040000000000000036,True
5.933877,3,12.29318,0.965058452788387,0.02400000000000002,True
5.874351,6,12.305138,0.9572320710437907,0.04800000000000004,True
5.71807,7,12.318651,0.9660795715251673,0.05600000000000005,True
5.549886,6,12.330827,0.9610921558795034,0.04800000000000004,True
5.720517,7,12.344266,0.9654766359381668,0.05600000000000005,True
5.365442,11,12.364361,0.9619195109990084,0.08800000000000008,True
5.712851,9,12.381061,0.9590050586147805,0.07200000000000006,True
5.513865,4,12.389724,0.9641345451583996,0.03200000000000003,True
5.749113,6,12.401463,0.9629487726230612,0.04800000000000004,True
5.468762,9,12.419806,0.9597042850646865,0.07200000000000006,True
5.44269,10,12.439057,0.9633650234592906,0.08000000000000007,True
5.724959,11,12.461334,0.9589414537154928,0.08800000000000008,True
5.835312,7,12.475348,0.9601593455914517,0.05600000000000005,True
5.361841,11,12.497062,0.9635398928237292,0.08800000000000008,True
5.466679,9,12.612759,0.9644413674061177,0.07200000000000006,True
5.828805,8,12.63026,0.9654618602304663,0.06400000000000006,True
5.474693,5,12.641329,0.9604211479499332,0.040000000000000036,True
5.600907,9,12.658926,0.9666391469820202,0.07200000000000006,True
5.735905,11,12.681209,0.9582609624747829,0.08800000000000008,True
5.602024,5,12.692234,0.9614816314169687,0.040000000000000036,True
5.750113,10,12.711,0.961413638282144,0.08000000000000007,True
5.719941,7,12.726613,0.9617767947785534,0.05600000000000005,True
5.546479,5,13.27961,0.9597227086213812,0.040000000000000036,True
5.372422,7,13.294528,0.9614318276288929,0.05600000000000005,True
5.680646,7,13.309985,0.9647244978799756,0.05600000000000005,True
5.480347,5,13.320504,0.9599913409666567,0.040000000000000036,True
5.453804,3,13.327677,0.9605666737091423,0.02400000000000002,True
5.712929,6,13.340649,0.9656679912660229,0.04800000000000004,True
5.594745,5,13.351848,0.9658130849148286,0.040000000000000036,True
5.657146,4,13.359327,0.9646001850803743,0.03200000000000003,True
5.656483,5,13.370279,0.9627123695254345,0.040000000000000036,True
5.643745,8,13.387114,0.9635649000896778,0.06400000000000006,True
5.744325,8,13.403994,0.9619542861083857,0.06400000000000006,True
5.362669,7,13.419268,0.9574931346428033,0.05600000000000005,True
5.61211,8,13.437317,0.9602160594599094,0.06400000000000006,True
5.703737,6,13.450481,0.960800943532639,0.04800000000000004,True
5.544011,8,13.467437,0.9623543187205601,0.06400000000000006,True
5.55807,6,13.480796,0.958888742867053,0.04800000000000004,True
5.698625,6,13.493261,0.9623500010637387,0.04800000000000004,True
5.592199,9,13.510977,0.9574943086701364,0.07200000000000006,True
5.969078,7,13.524751,0.9593691252015667,0.05600000000000005,True
5.454779,7,13.539857,0.9603062037890674,0.05600000000000005,True
5.687862,7,13.555185,0.9588744021918787,0.05600000000000005,True
5.547809,7,13.568592,0.961613633395167,0.05600000000000005,True
5.823796,7,13.584325,0.9614285681512105,0.05600000000000005,True
5.591507,4,13.592865,0.9610265834593135,0.03200000000000003,True
5.648777,8,13.609543,0.9598017805508898,0.06400000000000006,True
5.485382,5,13.618389,0.9635607737323476,0.040000000000000036,True
5.982828,5,13.629227,0.9606698318277975,0.040000000000000036,True
6.019988,5,13.639742,0.9607150713791521,0.040000000000000036,True
5.751785,6,13.652612,0.958859554859307,0.04800000000000004,True
5.416416,9,13.670379,0.9652135382575988,0.07200000000000006,True
5.485453,5,13.68008,0.9634050180200262,0.040000000000000036,True
5.61866,11,13.701391,0.96165997018131,0.08800000000000008,True
5.639833,6,13.714687,0.9620585840043344,0.04800000000000004,True
5.414446,11,13.737218,0.9600068894975045,0.08800000000000008,True
5.438849,7,13.752017,0.9623148189623161,0.05600000000000005,True
5.53936,9,13.771561,0.9579639140152794,0.07200000000000006,True
5.828821,10,13.790835,0.9597466744740635,0.08000000000000007,True
5.72593,9,13.808366,0.9571844407233356,0.07200000000000006,True
5.555121,7,14.352331,0.9601286004656748,0.05600000000000005,True
5.712531,4,14.360191,0.9636000008759702,0.03200000000000003,True
5.676576,7,14.37422,0.9619570384929659,0.05600000000000005,True
5.554616,5,14.383912,0.9614319787762214,0.040000000000000036,True
5.587607,5,14.393931,0.9632361907190344,0.040000000000000036,True
6.038874,7,14.410629,0.9574361353721896,0.05600000000000005,True
5.711222,9,14.429083,0.9648623875859884,0.07200000000000006,True
5.3388,7,14.443669,0.96232623969949,0.05600000000000005,True
5.748044,4,14.453047,0.9606480856538506,0.03200000000000003,True
6.033913,6,14.465389,0.9597322876361176,0.04800000000000004,True
5.684713,7,14.482526,0.9657542536112874,0.05600000000000005,True
5.608528,5,14.492383,0.9632214749449625,0.040000000000000036,True
5.601092,5,14.502741,0.960851570463601,0.040000000000000036,True
5.458804,4,14.512405,0.9645213099441147,0.03200000000000003,True
5.739062,8,14.530404,0.9591211699326669,0.06400000000000006,True
5.506989,8,14.545149,0.9623857095341868,0.06400000000000006,True
5.566308,6,14.559558,0.9596077902574245,0.04800000000000004,True
5.361229,3,14.566806,0.9654630461775261,0.02400000000000002,True
5.70296,8,14.587485,0.9651453513684431,0.06400000000000006,True
5.796764,4,14.596656,0.9612267942194122,0.03200000000000003,True
5.363857,9,14.615095,0.9665933232717848,0.07200000000000006,True
5.861346,9,14.635683,0.9673615275965137,0.07200000000000006,True
5.344122,5,14.64805,0.9656741836635665,0.040000000000000036,True
5.868321,7,14.662549,0.9626045229342708,0.05600000000000005,True
5.604518,6,14.675261,0.9658923054073005,0.04800000000000004,True
5.546074,6,14.687768,0.9575344439115027,0.04800000000000004,True
5.775654,8,14.705541,0.9595838136126336,0.06400000000000006,True
5.588407,6,14.717106,0.9604492041746416,0.04800000000000004,True
5.7933,6,14.729588,0.9640758428018052,0.04800000000000004,True
5.675561,5,14.740243,0.9630378186615274,0.040000000000000036,True
5.489457,6,14.751521,0.9617459760401353,0.04800000000000004,True
5.343192,5,14.762473,0.9593426332725503,0.040000000000000036,True
5.516322,4,14.769592,0.9588516832286592,0.03200000000000003,True
5.7192,7,14.783854,0.9617041066571845,0.05600000000000005,True
5.762354,8,14.800076,0.9597629755882586,0.06400000000000006,True
5.713763,6,14.812793,0.962749011898616,0.04800000000000004,True
5.699709,7,14.82684,0.9613188853422379,0.05600000000000005,True
5.524725,6,14.839499,0.9589631948712275,0.04800000000000004,True
5.51883,4,14.849485,0.9606558674184386,0.03200000000000003,True
5.640375,5,14.860011,0.9631299479305002,0.040000000000000036,True
5.588649,6,14.872475,0.9653578698545378,0.04800000000000004,True
5.484718,5,14.88337,0.9625967576958333,0.040000000000000036,True
5.620601,10,15.430384,0.9608381612416158,0.08000000000000007,True
5.646595,5,15.441677,0.9643108016828095,0.040000000000000036,True
5.976192,7,15.456972,0.9595691622906521,0.05600000000000005,True
5.824064,3,15.462778,0.9619927138868121,0.02400000000000002,True
5.737534,6,15.476437,0.9636014632532078,0.04800000000000004,True
5.990007,6,15.48852,0.9619340710784439,0.04800000000000004,True
5.783634,4,15.496543,0.9613852617661418,0.03200000000000003,True
5.787812,9,15.515063,0.9647294264095354,0.07200000000000006,True
5.879215,5,15.526991,0.9614432966437165,0.040000000000000036,True
5.56987,7,15.540572,0.9623294971451721,0.05600000000000005,True
5.835483,5,15.550945,0.9606741086948332,0.040000000000000036,True
5.370949,4,15.560188,0.959197017380809,0.03200000000000003,True
5.740458,4,15.569499,0.9576961927169831,0.03200000000000003,True
5.521164,6,15.583642,0.9662100980555806,0.04800000000000004,True
5.471925,4,15.59193,0.9609661569610582,0.03200000000000003,True
5.795301,9,15.612504,0.9605314029542005,0.07200000000000006,True
5.751327,6,15.62533,0.9634705576015514,0.04800000000000004,True
5.484866,5,15.63646,0.964363570372564,0.040000000000000036,True
5.809926,4,15.645332,0.9599161701360104,0.03200000000000003,True
5.388024,5,15.655797,0.964994798807689,0.040000000000000036,True
5.665896,4,15.664447,0.9593237560611299,0.03200000000000003,True
5.614711,3,15.671181,0.9602021374409891,0.02400000000000002,True
5.672605,10,15.691356,0.9618232497035346,0.08000000000000007,True
5.755378,5,15.701818,0.9626694822907517,0.040000000000000036,True
5.823541,4,15.710006,0.9695778805094666,0.03200000000000003,True
5.579935,7,15.723808,0.9570357428430818,0.05600000000000005,True
5.823598,7,15.738835,0.9579536645397415,0.05600000000000005,True
5.486435,5,15.749599,0.9638006714755213,0.040000000000000036,True
5.669889,5,15.76017,0.9571841472807457,0.040000000000000036,True
5.800099,7,15.774065,0.9575235318590106,0.05600000000000005,True
5.642552,3,15.780556,0.9605429605639969,0.02400000000000002,True
5.635174,4,15.789043,0.9593359412600749,0.03200000000000003,True
5.722785,5,15.800157,0.9623137573666243,0.040000000000000036,True
5.500018,6,15.812361,0.9587545367863118,0.04800000000000004,True
5.805929,5,15.823221,0.9603437897314177,0.040000000000000036,True
5.513667,5,15.832997,0.9615125807702206,0.040000000000000036,True
5.565935,7,15.84907,0.9591006616789359,0.05600000000000005,True
5.852411,6,15.861779,0.9632214925877282,0.04800000000000004,True
5.833998,6,15.874421,0.9637280820539804,0.04800000000000004,True
5.497641,10,15.895476,0.9578283385853511,0.08000000000000007,True
5.639132,4,15.904226,0.9586666648491554,0.03200000000000003,True
5.889443,5,15.915252,0.958361528655163,0.040000000000000036,True
5.704674,4,15.923418,0.9603661369319534,0.03200000000000003,True
5.462091,4,15.931771,0.9592862632867538,0.03200000000000003,True
5.804397,11,15.956298,0.9617386310458793,0.08800000000000008,True
5.810848,4,16.528029,0.9589960730616323,0.03200000000000003,True
5.760561,5,16.538371,0.9613098701410778,0.040000000000000036,True
5.583496,5,16.550075,0.9638539676530107,0.040000000000000036,True
5.772685,5,16.560805,0.9607989356735229,0.040000000000000036,True
5.747089,5,16.57171,0.959037221390314,0.040000000000000036,True
5.959172,6,16.584607,0.9641582868635251,0.04800000000000004,True
5.546581,6,16.597549,0.9599331668901532,0.04800000000000004,True
5.843021,8,16.616206,0.9656420734684728,0.06400000000000006,True
5.820243,4,16.62543,0.9646537159780035,0.03200000000000003,True
5.637167,4,16.633794,0.9571965805455183,0.03200000000000003,True
5.660629,5,16.64495,0.9616772792868258,0.040000000000000036,True
5.730058,6,16.657713,0.9582338985654768,0.04800000000000004,True
5.599648,5,16.669393,0.9651573867209203,0.040000000000000036,True
5.782171,5,16.681181,0.9609846123887691,0.040000000000000036,True
5.608839,5,16.692582,0.9643932887378484,0.040000000000000036,True
5.439872,5,16.703283,0.9602088337866823,0.040000000000000036,True
5.735292,6,16.716026,0.9589416203239777,0.04800000000000004,True
5.990222,7,16.730397,0.9595157129506121,0.05600000000000005,True
6.07098,6,16.743885,0.9572944452880776,0.04800000000000004,True
5.924014,6,16.756471,0.9640847320604249,0.04800000000000004,True
5.706303,5,16.767435,0.9600794857115402,0.040000000000000036,True
5.655126,5,16.779044,0.9607448031589989,0.040000000000000036,True
5.327977,6,16.799446,0.9672885281450936,0.04800000000000004,True
5.711849,5,16.817009,0.9595924924725154,0.040000000000000036,True
5.77607,4,16.827236,0.9610098446552107,0.03200000000000003,True
5.604724,7,16.842731,0.9650879115303024,0.05600000000000005,True
5.739377,4,16.852808,0.9600755933829173,0.03200000000000003,True
5.674318,3,16.860782,0.9604351299562406,0.02400000000000002,True
5.500145,5,16.871835,0.9601532920260116,0.040000000000000036,True
5.621701,5,16.882632,0.9602950344835754,0.040000000000000036,True
5.753679,5,16.902289,0.9651863108561713,0.040000000000000036,True
6.037379,5,16.91307,0.9577954311333026,0.040000000000000036,True
5.485206,4,16.922029,0.9637182442398835,0.03200000000000003,True
5.498218,5,16.933718,0.961176972953719,0.040000000000000036,True
5.59738,7,16.948844,0.9602908933056599,0.05600000000000005,True
5.803015,6,16.964968,0.9619531746793476,0.04800000000000004,True
5.780108,10,16.985975,0.956507752363018,0.08000000000000007,True
5.764495,6,16.998045,0.964143188494174,0.04800000000000004,True
5.437439,5,17.008649,0.9620189673722963,0.040000000000000036,True
5.792467,3,17.016082,0.9590544462559955,0.02400000000000002,True
5.557933,8,17.032407,0.9601553940229866,0.06400000000000006,True
5.668612,7,17.048264,0.9622912425609211,0.05600000000000005,True
5.544376,4,17.055011,0.9655857102032899,0.03200000000000003,True
5.610148,5,17.066243,0.9592132894461232,0.040000000000000036,True
5.361334,4,17.075382,0.9570425126354756,0.03200000000000003,True
5.681428,5,17.087226,0.9603320657561686,0.040000000000000036,True
5.715318,7,17.101302,0.9655628665681634,0.05600000000000005,True
5.790059,6,17.113618,0.9656478734502201,0.04800000000000004,True
5.562539,5,17.650094,0.9641273036830924,0.040000000000000036,True
5.699554,9,17.668768,0.9581071569461835,0.07200000000000006,True
6.055937,6,17.681467,0.9609795733903547,0.04800000000000004,True
5.748204,7,17.695604,0.964445502129679,0.05600000000000005,True
5.394591,4,17.704711,0.9647599818318442,0.03200000000000003,True
5.653887,3,17.712207,0.9583229563035157,0.02400000000000002,True
5.655418,5,17.722307,0.9596836159786011,0.040000000000000036,True
5.687309,4,17.732678,0.9642500277072729,0.03200000000000003,True
5.622866,4,17.742843,0.9677521690010946,0.03200000000000003,True
5.749172,7,17.757777,0.9589940421408377,0.05600000000000005,True
5.384317,7,17.773519,0.9591315185826943,0.05600000000000005,True
5.51446,4,17.782753,0.9621915098352417,0.03200000000000003,True
5.719057,5,17.793713,0.9612312453350033,0.040000000000000036,True
5.793657,6,17.807713,0.9588555613488556,0.04800000000000004,True
5.799864,4,17.815815,0.9615627015146344,0.03200000000000003,True
5.596502,5,17.826782,0.9584130786619568,0.040000000000000036,True
5.558495,5,17.838797,0.9612571257998118,0.040000000000000036,True
5.636991,5,17.848653,0.9581071608567555,0.040000000000000036,True
5.619874,5,17.861311,0.9635759738174949,0.040000000000000036,True
5.554968,3,17.867725,0.9594728223686777,0.02400000000000002,True
5.796003,5,17.879009,0.9577432245630573,0.040000000000000036,True
5.497036,6,17.891429,0.9607992143925179,0.04800000000000004,True
5.622012,3,17.897646,0.9624098528643127,0.02400000000000002,True
5.707786,6,17.912042,0.9638991409027379,0.04800000000000004,True
5.765784,4,17.919678,0.9595554734850753,0.03200000000000003,True
5.817122,3,17.926309,0.9565338548786473,0.02400000000000002,True
5.366425,4,17.933092,0.9590207512604234,0.03200000000000003,True
5.759833,8,17.950457,0.9594328471964876,0.06400000000000006,True
5.350373,5,17.961921,0.9573079540855552,0.040000000000000036,True
5.544319,5,17.972678,0.9588527723336091,0.040000000000000036,True
5.763932,5,17.983578,0.9594383333643298,0.040000000000000036,True
5.626492,5,17.994426,0.959991238630439,0.040000000000000036,True
5.488996,4,18.002043,0.9600066992189968,0.03200000000000003,True
5.765472,6,18.088321,0.963959240126204,0.04800000000000004,True
5.760624,6,18.1018,0.9629948484442017,0.04800000000000004,True
5.698921,4,18.110289,0.964519009310121,0.03200000000000003,True
5.683625,5,18.121461,0.961157389207502,0.040000000000000036,True
5.500253,4,18.130744,0.9590861313828065,0.03200000000000003,True
5.742164,5,18.14234,0.9592870496847024,0.040000000000000036,True
5.709609,4,18.151871,0.9679656272690798,0.03200000000000003,True
5.698996,6,18.163785,0.9568739268738596,0.04800000000000004,True
6.029107,6,18.179327,0.9634628189884658,0.04800000000000004,True
5.748886,5,18.190006,0.9612999933049744,0.040000000000000036,True
5.83455,5,18.200446,0.9638322668958879,0.040000000000000036,True
5.656725,4,18.209478,0.9613812152133911,0.03200000000000003,True
5.915482,5,18.221901,0.960199247360447,0.040000000000000036,True
5.524756,4,18.230453,0.9568895787270715,0.03200000000000003,True
5.797768,8,18.24646,0.9603450115517702,0.06400000000000006,True
5.775922,6,18.258754,0.9655188722490837,0.04800000000000004,True
5.634478,3,18.266661,0.9641449223288809,0.02400000000000002,True
5.858521,7,18.808394,0.9634747897000261,0.05600000000000005,True
5.600469,6,18.822139,0.9597187092065333,0.04800000000000004,True
5.598445,5,18.832879,0.9625175284749797,0.040000000000000036,True
5.556657,5,18.843896,0.9657397654515227,0.040000000000000036,True
5.900437,4,18.853225,0.9635320898140368,0.03200000000000003,True
5.501171,3,18.860573,0.958121196421754,0.02400000000000002,True
6.015915,7,18.875134,0.9619268176404802,0.05600000000000005,True
5.726509,5,18.886415,0.9609682536587247,0.040000000000000036,True
5.754131,5,18.898252,0.9660854415369521,0.040000000000000036,True
5.789294,7,18.913694,0.9585339887432318,0.05600000000000005,True
5.57557,5,18.925704,0.9624858802850247,0.040000000000000036,True
5.587046,5,18.936866,0.9593285526338561,0.040000000000000036,True
5.473772,7,18.952452,0.9640241442204829,0.05600000000000005,True
5.46576,4,18.961081,0.9602363826813954,0.03200000000000003,True
5.839876,7,18.975837,0.9589697472540882,0.05600000000000005,True
5.562986,5,18.988338,0.9615900730992875,0.040000000000000036,True
5.732514,9,19.00572,0.9595303240750985,0.07200000000000006,True
5.710491,7,19.020444,0.9605514981942227,0.05600000000000005,True
5.646227,4,19.029678,0.9618988062530672,0.03200000000000003,True
5.756646,5,19.039805,0.9595508363771356,0.040000000000000036,True
5.761156,6,19.052957,0.959685978169907,0.04800000000000004,True
5.747023,6,19.065718,0.961432220929349,0.04800000000000004,True
5.487626,4,19.074052,0.9578978368821716,0.03200000000000003,True
5.911307,5,19.086026,0.9583591455370293,0.040000000000000036,True
5.704959,4,19.094826,0.9642523749539557,0.03200000000000003,True
5.74415,4,19.104581,0.9611134385628052,0.03200000000000003,True
5.600204,6,19.11718,0.960101206219941,0.04800000000000004,True
5.432264,5,19.127545,0.9650919014297555,0.040000000000000036,True
5.593562,6,19.139923,0.9582186393115093,0.04800000000000004,True
5.744249,5,19.151451,0.9605643944060693,0.040000000000000036,True
5.934378,6,19.164367,0.9663766597622685,0.04800000000000004,True
5.588098,4,19.175335,0.9584927965494765,0.03200000000000003,True
5.480678,3,19.182819,0.9618880935224392,0.02400000000000002,True
5.513863,4,19.191871,0.9612964405394204,0.03200000000000003,True
5.84491,4,19.200922,0.9618848935090616,0.03200000000000003,True
5.763084,5,19.211565,0.9634508676408138,0.040000000000000036,True
5.880063,5,19.222593,0.9625691849940821,0.040000000000000036,True
5.489354,3,19.229984,0.958591406347092,0.02400000000000002,True
5.801413,3,19.236413,0.957900492615067,0.02400000000000002,True
5.737492,4,19.245165,0.962814971441775,0.03200000000000003,True
5.747077,5,19.256534,0.957940495162132,0.040000000000000036,True
5.699279,5,19.267833,0.95989913441375,0.040000000000000036,True
5.848872,5,19.278975,0.9612171606838127,0.040000000000000036,True
5.73854,6,19.291179,0.9654334206775965,0.04800000000000004,True
5.640779,5,19.302245,0.9702800167763865,0.040000000000000036,True
5.599539,7,19.317461,0.9615610075834854,0.05600000000000005,True
5.528896,4,19.326095,0.9713415882073431,0.03200000000000003,True
5.420554,4,19.335029,0.960081021699561,0.03200000000000003,True
5.692905,4,19.343388,0.9641481449162146,0.03200000000000003,True
5.97622,5,19.352844,0.9620303890573896,0.040000000000000036,True
5.746926,6,19.365289,0.9639668685090652,0.04800000000000004,True
5.560445,4,19.925312,0.9626595034847154,0.03200000000000003,True
5.801294,5,19.937672,0.9619989010640431,0.040000000000000036,True
5.751975,5,19.949953,0.9587201616872468,0.040000000000000036,True
5.714293,5,19.963898,0.9606204971644872,0.040000000000000036,True
5.668531,5,19.976485,0.9598824150293701,0.040000000000000036,True
5.734845,6,19.989245,0.9589768667190957,0.04800000000000004,True
5.649813,3,19.996071,0.9624304880440929,0.02400000000000002,True
5.527722,6,20.009963,0.9588234184536397,0.04800000000000004,True
5.452154,6,20.022841,0.9617824448179108,0.04800000000000004,True
5.902958,4,20.031456,0.9599360343416392,0.03200000000000003,True
5.628935,5,20.043075,0.9610421908864761,0.040000000000000036,True
5.83096,5,20.053007,0.9618721366994512,0.040000000000000036,True
5.753214,3,20.05982,0.961405046672121,0.02400000000000002,True
5.59074,5,20.070909,0.9605997131069951,0.040000000000000036,True
6.015725,4,20.079632,0.9577854537453921,0.03200000000000003,True
5.539062,4,20.087947,0.9597531999380663,0.03200000000000003,True
5.678758,6,20.10155,0.9612942786150589,0.04800000000000004,True
5.678466,3,20.108961,0.95925111214672,0.02400000000000002,True
5.609608,5,20.120607,0.961311118602459,0.040000000000000036,True
5.555093,5,20.130641,0.9620648412382959,0.040000000000000036,True
5.409921,3,20.138253,0.9568182944140238,0.02400000000000002,True
5.597641,5,20.14901,0.958081538813353,0.040000000000000036,True
5.564717,6,20.161861,0.959370230966727,0.04800000000000004,True
5.821391,5,20.173397,0.9607657779006331,0.040000000000000036,True
5.980501,5,20.187752,0.961338471043933,0.040000000000000036,True
5.653817,4,20.195032,0.9598860561076819,0.03200000000000003,True
5.627463,4,20.205482,0.9629145243071167,0.03200000000000003,True
5.388951,4,20.214036,0.9607044326873014,0.03200000000000003,True
5.55427,5,20.227766,0.9611169913499918,0.040000000000000036,True
5.81813,4,20.237501,0.9604328935454327,0.03200000000000003,True
5.572288,4,20.248622,0.9598951249671515,0.03200000000000003,True
5.577161,5,20.2625,0.9640236648648632,0.040000000000000036,True
5.599913,5,20.275427,0.9641256458572394,0.040000000000000036,True
5.465656,7,20.291666,0.962913062782335,0.05600000000000005,True
5.662099,4,20.301879,0.964031670932162,0.03200000000000003,True
5.815447,6,20.314664,0.9646333400815287,0.04800000000000004,True
5.853354,5,20.32526,0.959053502664621,0.040000000000000036,True
5.664412,5,20.335933,0.9614797919206088,0.040000000000000036,True
5.526846,5,20.347339,0.9596135106933328,0.040000000000000036,True
5.477516,7,20.361244,0.9592009111874724,0.05600000000000005,True
5.510714,4,20.370343,0.9633057794322708,0.03200000000000003,True
5.661656,4,20.37943,0.9595198810989695,0.03200000000000003,True
5.494824,3,20.385043,0.9615734379775999,0.02400000000000002,True
5.594909,5,20.395967,0.9656590055695254,0.040000000000000036,True
5.411189,4,20.405599,0.9644007839423959,0.03200000000000003,True
5.699922,7,20.429893,0.9619491175711379,0.05600000000000005,True
5.348226,5,20.445453,0.9637687635560017,0.040000000000000036,True
5.618682,6,20.459498,0.9609742692708441,0.04800000000000004,True
5.852212,5,20.470456,0.9606274041716079,0.040000000000000036,True
5.417648,4,20.47965,0.9607374417299295,0.03200000000000003,True
5.60373,6,20.491667,0.9572322188905749,0.04800000000000004,True
5.890664,3,20.499247,0.9628616921530071,0.02400000000000002,True
5.945453,5,20.509173,0.9568717735339315,0.040000000000000036,True
5.794419,5,21.021291,0.9588691248981767,0.040000000000000036,True
5.565929,4,21.030689,0.9608571722580475,0.03200000000000003,True
5.701545,5,21.041618,0.9619902496467634,0.040000000000000036,True
5.674931,5,21.051676,0.9577662392318069,0.040000000000000036,True
5.693178,4,21.060816,0.9636308384856109,0.03200000000000003,True
5.572951,4,21.069081,0.9583654531556367,0.03200000000000003,True
5.782681,4,21.078332,0.9628820385379635,0.03200000000000003,True
5.825066,5,21.088367,0.9583466913676426,0.040000000000000036,True
5.456263,5,21.099306,0.9587413785239898,0.040000000000000036,True
5.582509,5,21.110094,0.9641926485388582,0.040000000000000036,True
5.682495,5,21.121086,0.9601196714828785,0.040000000000000036,True
5.748819,4,21.129868,0.9606662378536542,0.03200000000000003,True
5.457926,5,21.140227,0.9595444752810822,0.040000000000000036,True
5.711967,5,21.152357,0.9610641476465732,0.040000000000000036,True
5.590703,6,21.165972,0.9582843825997953,0.04800000000000004,True
5.512348,4,21.175835,0.9593533206214662,0.03200000000000003,True
5.660197,5,21.187934,0.9585839512771677,0.040000000000000036,True
5.690253,4,21.196718,0.9647810190999635,0.03200000000000003,True
5.444786,3,21.203357,0.9583050120037075,0.02400000000000002,True
5.868752,5,21.213885,0.9609424005905092,0.040000000000000036,True
5.4596,3,21.221651,0.9624875240226691,0.02400000000000002,True
5.771143,7,21.236969,0.9625039842549453,0.05600000000000005,True
5.782152,4,21.245723,0.9561507044295314,0.03200000000000003,True
5.799143,5,21.257416,0.9645524485905828,0.040000000000000036,True
5.800874,4,21.265727,0.9562119233581743,0.03200000000000003,True
5.553088,5,21.277795,0.9628154997770572,0.040000000000000036,True
5.64762,4,21.287227,0.9615378595546455,0.03200000000000003,True
5.610074,4,21.297109,0.9630274174097652,0.03200000000000003,True
5.724882,6,21.309338,0.9653142250165465,0.04800000000000004,True
5.438826,9,21.327932,0.9637980753379699,0.07200000000000006,True
5.798571,4,21.335889,0.9662232040479255,0.03200000000000003,True
5.740951,5,21.34625,0.9606213681955287,0.040000000000000036,True
5.690172,6,21.358485,0.9643102515411983,0.04800000000000004,True
5.776204,5,21.370143,0.9597059901217153,0.040000000000000036,True
5.676736,4,21.379335,0.9588454107929558,0.03200000000000003,True
5.454899,3,21.385839,0.9599516343988197,0.02400000000000002,True
5.721635,4,21.394277,0.9605307315206446,0.03200000000000003,True
5.43743,4,21.403978,0.9604457129616726,0.03200000000000003,True
5.683318,5,21.415252,0.9581626515753137,0.040000000000000036,True
5.954038,5,21.426062,0.9583897914234787,0.040000000000000036,True
5.555499,5,21.438305,0.960488266603913,0.040000000000000036,True
5.861001,6,21.45352,0.960569097493976,0.04800000000000004,True
5.608361,6,21.474063,0.9612401491515852,0.04800000000000004,True
5.645061,6,21.489311,0.96379494030312,0.04800000000000004,True
5.667559,3,21.496804,0.961941719174195,0.02400000000000002,True
5.699322,3,21.502709,0.9631332192640708,0.02400000000000002,True
6.103984,4,21.51137,0.9608137034048612,0.03200000000000003,True
5.409357,3,21.518322,0.9618228279240009,0.02400000000000002,True
5.68125,5,21.529572,0.961894507513207,0.040000000000000036,True
5.80694,4,21.539098,0.9638155337430931,0.03200000000000003,True
5.408921,6,21.552026,0.9613256257467244,0.04800000000000004,True
5.431259,4,21.561789,0.9592308719230696,0.03200000000000003,True
5.668992,3,21.568006,0.9637406677227454,0.02400000000000002,True
5.427024,4,21.57743,0.9635806280682182,0.03200000000000003,True
5.758037,7,21.591819,0.9592887239626032,0.05600000000000005,True
5.700234,5,22.113192,0.9587865730595293,0.040000000000000036,True
5.66137,5,22.124934,0.9565510411731051,0.040000000000000036,True
5.885967,6,22.138413,0.961136959843945,0.04800000000000004,True
5.965318,4,22.148652,0.9637003073640735,0.03200000000000003,True
5.743932,4,22.16184,0.9614058057202124,0.03200000000000003,True
5.661174,3,22.172768,0.967039857679347,0.02400000000000002,True
5.627806,5,22.190435,0.9639035604932642,0.040000000000000036,True
5.341321,3,22.202645,0.9611709430179802,0.02400000000000002,True
5.362084,3,22.212512,0.9642899644618156,0.02400000000000002,True
5.711473,5,22.231227,0.9573270637476126,0.040000000000000036,True
5.509016,4,22.246219,0.9577085813044428,0.03200000000000003,True
5.673719,4,22.25951,0.961758349603141,0.03200000000000003,True
5.903656,5,22.280494,0.9589198608871581,0.040000000000000036,True
5.440093,4,22.294205,0.9617010115456421,0.03200000000000003,True
5.46806,3,22.303673,0.9613850336051724,0.02400000000000002,True
5.792753,4,22.315812,0.9599076940254225,0.03200000000000003,True
5.878432,5,22.329768,0.9653150789938054,0.040000000000000036,True
5.61241,5,22.343877,0.9596122716490937,0.040000000000000036,True
5.585888,4,22.355434,0.9597589919696257,0.03200000000000003,True
5.709825,5,22.371493,0.9609445293190977,0.040000000000000036,True
5.837918,5,22.385672,0.9597729301563952,0.040000000000000036,True
5.537789,4,22.396864,0.9593281466622914,0.03200000000000003,True
5.436742,5,22.411823,0.9637963845175308,0.040000000000000036,True
5.438143,5,22.429251,0.9611625857304171,0.040000000000000036,True
5.691171,5,22.445699,0.9639224268498894,0.040000000000000036,True
5.419239,4,22.45778,0.961339956263402,0.03200000000000003,True
5.770663,4,22.469648,0.9592111275555275,0.03200000000000003,True
6.031766,4,22.48275,0.9657430260817406,0.03200000000000003,True
5.499584,3,22.492767,0.9602828496455407,0.02400000000000002,True
5.71822,5,22.509318,0.9632345832889313,0.040000000000000036,True
5.948481,4,22.522481,0.9622553159409395,0.03200000000000003,True
6.076805,5,22.538609,0.9645689656274521,0.040000000000000036,True
5.745074,5,22.553754,0.959356495819106,0.040000000000000036,True
5.48207,4,22.56624,0.9626136765299125,0.03200000000000003,True
5.742552,3,22.576586,0.9629534350293356,0.02400000000000002,True
5.324558,3,22.585734,0.9626656611036917,0.02400000000000002,True
5.663455,2,22.591862,0.958522707855657,0.016000000000000014,True
5.782763,4,22.604444,0.9595429303744893,0.03200000000000003,True
5.63189,4,22.61766,0.9573250497459669,0.03200000000000003,True
5.499917,5,22.636805,0.9613103635989055,0.040000000000000036,True
5.91729,6,22.654402,0.9600738269598441,0.04800000000000004,True
5.466648,4,22.665885,0.9610849706681804,0.03200000000000003,True
5.441738,6,22.684515,0.9591419820267728,0.04800000000000004,True
5.562005,5,22.698878,0.9644133889334993,0.040000000000000036,True
5.532697,6,22.715503,0.9603511261452942,0.04800000000000004,True
5.420851,3,22.724403,0.9628761817119322,0.02400000000000002,True
5.465997,5,22.740748,0.9585898025880835,0.040000000000000036,True
5.857412,5,22.755553,0.9664233564446488,0.040000000000000036,True
5.60564,3,22.764937,0.9572367112335455,0.02400000000000002,True
5.451496,3,22.775188,0.9575414651316736,0.02400000000000002,True
6.00774,6,22.792215,0.9600628614891251,0.04800000000000004,True
5.727116,3,22.802538,0.9614048733986574,0.02400000000000002,True
5.559518,5,22.816801,0.9613319629640701,0.040000000000000036,True
5.566851,5,22.831802,0.9583311202574994,0.040000000000000036,True
5.74841,4,22.844072,0.9580255568273149,0.03200000000000003,True
5.769891,6,22.862053,0.9617484406895646,0.04800000000000004,True
5.541115,5,22.877463,0.9567901540263741,0.040000000000000036,True
5.444127,4,22.88847,0.9598190170243086,0.03200000000000003,True
5.949406,4,22.89995,0.9625852340337024,0.03200000000000003,True
5.70179,5,23.640224,0.9572842897031525,0.040000000000000036,True
5.727374,4,23.651297,0.961495277058532,0.03200000000000003,True
5.82851,5,23.66513,0.9645212348583543,0.040000000000000036,True
5.36258,4,23.677595,0.9586297754178541,0.03200000000000003,True
5.355171,3,23.689712,0.961970701792665,0.02400000000000002,True
5.515965,4,23.702647,0.9632623666058662,0.03200000000000003,True
5.381115,3,23.711248,0.9563536926974945,0.02400000000000002,True
5.457551,3,23.720781,0.9618775410147024,0.02400000000000002,True
5.62533,5,23.739217,0.9634982179084537,0.040000000000000036,True
5.758291,4,23.754177,0.9573445145868875,0.03200000000000003,True
5.45538,3,23.764204,0.9614853346885415,0.02400000000000002,True
5.819205,3,23.774869,0.962009998148796,0.02400000000000002,True
5.454587,2,23.781618,0.9598914748894731,0.016000000000000014,True
5.484372,3,23.790362,0.9614332268661547,0.02400000000000002,True
5.942319,4,23.804086,0.9657696691104036,0.03200000000000003,True
5.796387,5,23.81911,0.9614388199353706,0.040000000000000036,True
5.762826,5,23.832931,0.9623272605114488,0.040000000000000036,True
5.637484,4,23.845114,0.9595571854177594,0.03200000000000003,True
5.790901,5,23.861222,0.9629296810183424,0.040000000000000036,True
5.769441,6,23.880939,0.9608013968362122,0.04800000000000004,True
5.711641,4,23.893841,0.9607538744938138,0.03200000000000003,True
5.819328,4,23.907641,0.9608047964267226,0.03200000000000003,True
5.774849,5,23.922405,0.9638861774006686,0.040000000000000036,True
5.705877,5,23.936314,0.9640333885044415,0.040000000000000036,True
5.536129,4,23.948637,0.9608928886094585,0.03200000000000003,True
5.546034,5,23.963626,0.9578586024059096,0.040000000000000036,True
5.686386,4,23.975424,0.9630715475306961,0.03200000000000003,True
5.952617,4,23.987544,0.9629559783854,0.03200000000000003,True
5.731679,5,24.001997,0.9623258205597571,0.040000000000000036,True
5.98203,4,24.014809,0.9617030888121372,0.03200000000000003,True
5.879553,3,24.023677,0.9598148559869851,0.02400000000000002,True
5.674506,5,24.038649,0.9590854277363039,0.040000000000000036,True
5.847989,4,24.04973,0.9579257494811493,0.03200000000000003,True
5.444984,4,24.171652,0.960647060888185,0.03200000000000003,True
5.513345,4,24.184185,0.9618763251059241,0.03200000000000003,True
5.794509,4,24.197023,0.9571492751805387,0.03200000000000003,True
5.55637,4,24.2086,0.9592921118121691,0.03200000000000003,True
5.76512,4,24.223586,0.9618601206976691,0.03200000000000003,True
6.005201,4,24.234898,0.961568394804883,0.03200000000000003,True
5.414724,3,24.242691,0.9628085455541026,0.02400000000000002,True
5.829799,4,24.25572,0.9595032998840669,0.03200000000000003,True
5.95669,5,24.270682,0.9619961835042945,0.040000000000000036,True
6.062033,4,24.284686,0.959560571436835,0.03200000000000003,True
5.595437,6,24.304121,0.9639103771263982,0.04800000000000004,True
5.686928,4,24.316909,0.9602033609167953,0.03200000000000003,True
5.653381,3,24.325733,0.9603931762919657,0.02400000000000002,True
6.061338,4,24.337867,0.9577509859679763,0.03200000000000003,True
5.60974,6,24.355279,0.9632736291885717,0.04800000000000004,True
5.809545,6,24.372233,0.9661136524539097,0.04800000000000004,True
5.646841,4,24.383512,0.9599434541054102,0.03200000000000003,True
5.598797,6,24.40138,0.9631072797386285,0.04800000000000004,True
5.690484,4,24.416501,0.9574227489122742,0.03200000000000003,True
5.391481,4,24.43125,0.9588564382723604,0.03200000000000003,True
5.508735,4,24.443899,0.9617012808303744,0.03200000000000003,True
5.775992,4,24.455252,0.9622375235435088,0.03200000000000003,True
5.454801,5,24.469361,0.959503799783604,0.040000000000000036,True
5.550952,4,24.480999,0.9566787111185517,0.03200000000000003,True
5.595249,4,24.493133,0.960059826153415,0.03200000000000003,True
5.431987,3,24.502797,0.957754157470063,0.02400000000000002,True
5.817937,5,24.517566,0.9617500912476061,0.040000000000000036,True
5.466333,5,24.532757,0.9651471553348361,0.040000000000000036,True
5.590988,4,25.236113,0.9655586537677651,0.03200000000000003,True
5.831609,6,25.255738,0.9652325795313572,0.04800000000000004,True
5.691678,3,25.264813,0.9625226721324351,0.02400000000000002,True
5.794635,6,25.282118,0.9626353811274346,0.04800000000000004,True
5.711933,5,25.296534,0.959836838720245,0.040000000000000036,True
5.622471,5,25.311044,0.9625316465305638,0.040000000000000036,True
5.709221,6,25.329475,0.9650655989315426,0.04800000000000004,True
5.663555,4,25.34113,0.9585650469782174,0.03200000000000003,True
5.755137,4,25.352784,0.9598079282654037,0.03200000000000003,True
5.73805,5,25.366322,0.9611211061162364,0.040000000000000036,True
5.61766,6,25.383072,0.9611714445957986,0.04800000000000004,True
5.766998,5,25.396797,0.9576930409172251,0.040000000000000036,True
5.694888,6,25.41542,0.9601755769956839,0.04800000000000004,True
5.768256,4,25.426447,0.9626201117677325,0.03200000000000003,True
5.459931,3,25.439328,0.9613140251395695,0.02400000000000002,True
5.874372,3,25.449072,0.9574945240210938,0.02400000000000002,True
5.794066,5,25.463302,0.959731744008191,0.040000000000000036,True
5.742374,5,25.478675,0.9620812013452856,0.040000000000000036,True
5.630684,5,25.493618,0.9562507519611917,0.040000000000000036,True
5.737298,4,25.50892,0.9588413290093666,0.03200000000000003,True
5.766646,4,25.522699,0.9667954017900767,0.03200000000000003,True
5.98582,5,25.540169,0.9600125212020718,0.040000000000000036,True
5.675605,5,25.553958,0.9610643110305521,0.040000000000000036,True
5.775596,5,25.568935,0.9594447215248569,0.040000000000000036,True
5.607552,3,25.581416,0.9616367278989062,0.02400000000000002,True
5.353479,3,25.590854,0.9609865188768536,0.02400000000000002,True
5.61737,3,25.60151,0.96502195077437,0.02400000000000002,True
6.03363,4,25.614955,0.9606882308470629,0.03200000000000003,True
5.708223,4,25.629783,0.9676683732516145,0.03200000000000003,True
5.581506,6,25.648877,0.9591818545375135,0.04800000000000004,True
5.8412,4,25.660814,0.9635345738345038,0.03200000000000003,True
5.665213,3,25.670262,0.9605885606138307,0.02400000000000002,True
5.667157,3,25.680175,0.9634976885343616,0.02400000000000002,True
5.883541,4,25.69383,0.9610797141280442,0.03200000000000003,True
5.631893,5,25.709479,0.9655095497039922,0.040000000000000036,True
5.535817,4,25.721969,0.9619379061749248,0.03200000000000003,True
5.733253,4,25.734405,0.9631598823773742,0.03200000000000003,True
5.956284,4,25.746504,0.9633009929693923,0.03200000000000003,True
5.640674,4,25.758493,0.9565117217880084,0.03200000000000003,True
5.821264,4,25.770453,0.962347252329312,0.03200000000000003,True
5.865174,5,25.78648,0.9622502090304177,0.040000000000000036,True
5.686068,4,25.802921,0.9611018557792971,0.03200000000000003,True
5.698091,4,25.817129,0.9636267987926703,0.03200000000000003,True
5.720486,6,25.839081,0.9596043686918241,0.04800000000000004,True
5.41874,2,25.846013,0.9618161078413117,0.016000000000000014,True
5.527783,4,25.867949,0.9591796150374508,0.03200000000000003,True
5.731016,5,25.883168,0.9604841206919291,0.040000000000000036,True
5.684501,3,25.892367,0.9575302681305426,0.02400000000000002,True
5.672444,4,25.904191,0.9612723339883631,0.03200000000000003,True
5.350434,5,25.918164,0.960255784273679,0.040000000000000036,True
5.89719,5,25.931771,0.9629761839929125,0.040000000000000036,True
5.650564,3,25.941815,0.9571084692369991,0.02400000000000002,True
5.831078,4,25.95467,0.9593729486688735,0.03200000000000003,True
5.452128,4,25.968168,0.9613972454265091,0.03200000000000003,True
6.041601,4,25.982317,0.9667674692643262,0.03200000000000003,True
5.57018,3,25.99118,0.9614581527919372,0.02400000000000002,True
5.795379,5,26.004014,0.9621542373566818,0.040000000000000036,True
5.971482,4,26.016271,0.9602273366136667,0.03200000000000003,True
5.374312,5,26.032122,0.957719162266699,0.040000000000000036,True
5.925122,3,26.763237,0.9593015998788557,0.02400000000000002,True
5.499211,5,26.775078,0.9631213709305675,0.040000000000000036,True
5.691955,3,26.781343,0.9605487417523495,0.02400000000000002,True
5.822933,5,26.793443,0.9599921602628978,0.040000000000000036,True
5.960609,4,26.802024,0.960237726193992,0.03200000000000003,True
5.670516,5,26.812968,0.9607473697308138,0.040000000000000036,True
5.498999,4,26.822503,0.96231609745385,0.03200000000000003,True
5.611444,5,26.83316,0.9621183895515772,0.040000000000000036,True
5.408124,4,26.842603,0.9615034381763516,0.03200000000000003,True
5.815654,4,26.858037,0.9577135853943161,0.03200000000000003,True
5.824148,5,26.873584,0.9595599341808267,0.040000000000000036,True
5.434491,6,26.888812,0.9591772553739952,0.04800000000000004,True
5.546884,3,26.896336,0.9628744688369939,0.02400000000000002,True
5.846269,5,26.907505,0.964220348120783,0.040000000000000036,True
5.637702,4,26.916828,0.9611722102024749,0.03200000000000003,True
5.550877,5,26.92775,0.9608505500083492,0.040000000000000036,True
5.840918,5,26.939254,0.9566845226908642,0.040000000000000036,True
5.851746,5,26.952,0.968527487876359,0.040000000000000036,True
5.829448,7,26.970912,0.9566638195551469,0.05600000000000005,True
5.628549,5,26.985236,0.9690458483084529,0.040000000000000036,True
5.525262,3,26.997675,0.9637023278939044,0.02400000000000002,True
5.428062,4,27.008332,0.9594684515000602,0.03200000000000003,True
5.597272,4,27.018261,0.9614911030592997,0.03200000000000003,True
5.465791,5,27.029687,0.9591908471536628,0.040000000000000036,True
5.6278,4,27.038966,0.9591686068679302,0.03200000000000003,True
5.6694,4,27.047294,0.9611398991567746,0.03200000000000003,True
5.908741,4,27.056172,0.9641510399370068,0.03200000000000003,True
5.756658,4,27.065609,0.9605675990356322,0.03200000000000003,True
5.707823,4,27.074723,0.9614684443881539,0.03200000000000003,True
5.999264,5,27.085089,0.9620651311282393,0.040000000000000036,True
5.582919,4,27.094294,0.9596099087727173,0.03200000000000003,True
5.406231,3,27.101694,0.9643967685268879,0.02400000000000002,True
5.661762,4,27.110861,0.9635829494063799,0.03200000000000003,True
5.665561,5,27.121632,0.9608581023093186,0.040000000000000036,True
5.68825,4,27.130833,0.9593791953861978,0.03200000000000003,True
5.748729,3,27.13701,0.9623483353647759,0.02400000000000002,True
5.743739,3,27.143738,0.9598418317321192,0.02400000000000002,True
5.610576,4,27.153856,0.9604089631243589,0.03200000000000003,True
5.79195,4,27.163009,0.9609698754676388,0.03200000000000003,True
5.688992,5,27.174918,0.9591081392416001,0.040000000000000036,True
5.500263,5,27.186714,0.9630662369811165,0.040000000000000036,True
5.635572,3,27.194774,0.9566959375862472,0.02400000000000002,True
5.741008,4,27.204638,0.9626740977044516,0.03200000000000003,True
5.350602,2,27.209688,0.9578195947398838,0.016000000000000014,True
5.470441,4,27.219698,0.9635628326224187,0.03200000000000003,True
5.824895,5,27.231795,0.9569767637384802,0.040000000000000036,True
5.929794,4,27.242234,0.9565600815396064,0.03200000000000003,True
5.838017,4,27.254075,0.9589978869654208,0.03200000000000003,True
5.867079,4,27.263427,0.9595000446749684,0.03200000000000003,True
5.648484,4,27.272859,0.960817769106289,0.03200000000000003,True
5.500145,5,27.283913,0.9615667492402951,0.040000000000000036,True
5.446067,5,27.295603,0.9596438299195623,0.040000000000000036,True
5.835385,4,27.304585,0.9584491286275717,0.03200000000000003,True
5.699487,4,27.314092,0.9594779114848868,0.03200000000000003,True
5.703445,5,27.325659,0.9636925900095319,0.040000000000000036,True
5.516254,5,27.33746,0.9581533801768349,0.040000000000000036,True
5.368294,4,27.34644,0.9595743276060645,0.03200000000000003,True
5.782807,4,27.355762,0.9583314433390889,0.03200000000000003,True
5.948889,3,27.361996,0.9621613162957878,0.02400000000000002,True
5.846062,4,27.3709,0.9626213563523474,0.03200000000000003,True
5.671616,4,27.379604,0.9591186989080821,0.03200000000000003,True
5.627118,4,27.897009,0.9575863718552862,0.03200000000000003,True
5.669252,5,27.918624,0.9633011010974021,0.040000000000000036,True
5.608635,6,27.932433,0.9681235908444568,0.04800000000000004,True
5.700951,4,27.941882,0.9601542579105744,0.03200000000000003,True
5.476621,4,27.952643,0.9587595311864089,0.03200000000000003,True
5.835437,4,27.964382,0.9625709867085549,0.03200000000000003,True
5.66081,6,27.977626,0.9620854432010908,0.04800000000000004,True
5.424938,4,27.987514,0.9657431829524434,0.03200000000000003,True
5.703962,3,27.99422,0.9573702109213417,0.02400000000000002,True
5.793305,4,28.00353,0.9579826803830992,0.03200000000000003,True
5.490741,4,28.012839,0.9583702965278756,0.03200000000000003,True
5.409843,4,28.022032,0.9607752499656272,0.03200000000000003,True
5.553046,3,28.029477,0.9611583108527821,0.02400000000000002,True
5.695848,4,28.03859,0.9587809958069953,0.03200000000000003,True
5.838799,5,28.048842,0.9608798263624687,0.040000000000000036,True
5.522262,4,28.058591,0.9591403814930703,0.03200000000000003,True
5.519777,4,28.066016,0.9572609148629541,0.03200000000000003,True
5.716015,3,28.073553,0.9649744072799835,0.02400000000000002,True
5.888408,5,28.084371,0.9599952656647717,0.040000000000000036,True
5.684802,5,28.095718,0.9609449480932986,0.040000000000000036,True
5.632889,4,28.104833,0.9619650060462621,0.03200000000000003,True
5.711748,5,28.116256,0.9578176950004963,0.040000000000000036,True
5.838576,4,28.126191,0.9601701643176535,0.03200000000000003,True
5.793961,5,28.137795,0.9595238328106036,0.040000000000000036,True
5.79063,5,28.149006,0.9615151952712839,0.040000000000000036,True
5.78531,5,28.159665,0.9587767555079145,0.040000000000000036,True
5.485564,4,28.169004,0.9587883473271643,0.03200000000000003,True
5.571044,4,28.178211,0.9636820034518645,0.03200000000000003,True
5.621665,4,28.187862,0.9639450632164821,0.03200000000000003,True
5.682444,4,28.197129,0.958872357535619,0.03200000000000003,True
5.845797,5,28.208798,0.9563532675011898,0.040000000000000036,True
5.549859,6,28.22364,0.9583088776568581,0.04800000000000004,True
5.665871,5,28.235927,0.956787115331745,0.040000000000000036,True
5.691232,5,28.248594,0.9590432719435732,0.040000000000000036,True
5.873123,3,28.256231,0.9604036407372193,0.02400000000000002,True
5.642176,3,28.262612,0.9590078693283222,0.02400000000000002,True
5.811292,4,28.272943,0.9580666694171955,0.03200000000000003,True
5.99319,4,28.281889,0.9601737076325509,0.03200000000000003,True
5.442825,3,28.289177,0.9629355346507147,0.02400000000000002,True
5.512927,4,28.298089,0.9617764999808793,0.03200000000000003,True
5.881019,5,28.308916,0.9641842845377208,0.040000000000000036,True
5.797419,5,28.321556,0.9664750192069484,0.040000000000000036,True
5.657104,3,28.328096,0.9631078118452226,0.02400000000000002,True
5.768642,5,28.340097,0.9571129237604767,0.040000000000000036,True
5.505972,5,28.351437,0.9640091477526159,0.040000000000000036,True
5.806009,5,28.36226,0.9617780086642369,0.040000000000000036,True
5.774295,3,28.369324,0.9653942511459297,0.02400000000000002,True
5.787832,4,28.379718,0.9618737508148487,0.03200000000000003,True
5.532692,4,28.388092,0.9600637728274984,0.03200000000000003,True
5.687256,5,28.400664,0.959700736997494,0.040000000000000036,True
5.629566,5,28.412431,0.9595227886159743,0.040000000000000036,True
5.420435,4,28.421114,0.9612459940197942,0.03200000000000003,True
5.984675,4,28.430576,0.9638132062678719,0.03200000000000003,True
5.795,4,28.439921,0.9588661455479457,0.03200000000000003,True
5.694794,4,28.448887,0.9615691877925776,0.03200000000000003,True
6.022024,3,28.455606,0.9634223196275115,0.02400000000000002,True
5.427312,3,28.46225,0.9595881095526014,0.02400000000000002,True
5.694046,5,28.472961,0.9612900741311206,0.040000000000000036,True
5.452065,4,28.482131,0.9599820355885306,0.03200000000000003,True
5.533278,4,28.491616,0.9637727448045663,0.03200000000000003,True
5.560782,4,29.016744,0.9651873137281928,0.03200000000000003,True
5.831784,5,29.029698,0.9592153857816644,0.040000000000000036,True
5.518343,5,29.040872,0.9615601460282039,0.040000000000000036,True
5.661884,5,29.051626,0.9647819011013679,0.040000000000000036,True
5.817465,5,29.062862,0.9578896743175542,0.040000000000000036,True
5.619179,5,29.074928,0.9651425974111787,0.040000000000000036,True
5.645256,6,29.087976,0.9587946336801922,0.04800000000000004,True
5.786011,3,29.094593,0.9597144927401973,0.02400000000000002,True
5.857838,4,29.103835,0.9620106323524997,0.03200000000000003,True
5.87173,4,29.112871,0.9629597659908102,0.03200000000000003,True
5.870918,3,29.120885,0.9555904861154592,0.02400000000000002,True
5.792564,3,29.127794,0.9614644902484235,0.02400000000000002,True
5.706208,5,29.139168,0.9675649256390573,0.040000000000000036,True
5.786076,5,29.15026,0.9669020489217968,0.040000000000000036,True
5.754626,4,29.160005,0.9645397691204719,0.03200000000000003,True
5.500901,5,29.170792,0.957805915570707,0.040000000000000036,True
5.692964,3,29.17832,0.9574900747027223,0.02400000000000002,True
5.741548,5,29.189666,0.9604662811637533,0.040000000000000036,True
5.500195,4,29.198684,0.9627819397720772,0.03200000000000003,True
5.627501,3,29.20499,0.9626572775839168,0.02400000000000002,True
5.552331,4,29.214761,0.9632439554544912,0.03200000000000003,True
5.802079,4,29.224483,0.9638718375699622,0.03200000000000003,True
5.356061,4,29.233725,0.9623719642024807,0.03200000000000003,True
5.820396,4,29.243034,0.9587036099130202,0.03200000000000003,True
5.56065,5,29.256334,0.9619077618190119,0.040000000000000036,True
5.631903,4,29.265841,0.9588358387967231,0.03200000000000003,True
5.923252,4,29.275134,0.9617313914641561,0.03200000000000003,True
5.516497,4,29.284495,0.9618398444756556,0.03200000000000003,True
5.81279,5,29.296432,0.9682147233844672,0.040000000000000036,True
5.693648,4,29.306072,0.959093358954693,0.03200000000000003,True
5.52064,5,29.317002,0.9566282995396282,0.040000000000000036,True
5.645372,4,29.32678,0.9610205599198895,0.03200000000000003,True
5.48074,3,29.333268,0.9610574822141063,0.02400000000000002,True
5.779031,4,29.343224,0.9604778356053888,0.03200000000000003,True
5.641359,5,29.354402,0.9595136995193583,0.040000000000000036,True
5.534449,4,29.363463,0.9562924515703599,0.03200000000000003,True
5.69881,4,29.372428,0.9631931046141371,0.03200000000000003,True
5.47727,4,29.38189,0.9639490997475346,0.03200000000000003,True
5.445177,4,29.390985,0.9558729922343163,0.03200000000000003,True
5.476557,4,29.400797,0.9599986447481337,0.03200000000000003,True
5.534939,4,29.410503,0.9614513883664532,0.03200000000000003,True
5.412875,2,29.415323,0.9636328044489549,0.016000000000000014,True
5.911801,5,29.427219,0.9601642140433041,0.040000000000000036,True
5.63819,3,29.434013,0.9565900904124176,0.02400000000000002,True
5.671386,4,29.443268,0.9585084878079654,0.03200000000000003,True
5.615027,4,29.452559,0.963077162889211,0.03200000000000003,True
5.564695,2,29.457998,0.9581674550271824,0.016000000000000014,True
5.617902,3,29.464501,0.9601874312623045,0.02400000000000002,True
5.467387,4,29.473523,0.965764641648839,0.03200000000000003,True
5.710941,5,29.484992,0.9623898487446662,0.040000000000000036,True
5.57954,3,29.492642,0.9658144857705695,0.02400000000000002,True
5.508438,4,29.501947,0.9605046920952348,0.03200000000000003,True
5.482979,4,29.509696,0.9623915125762992,0.03200000000000003,True
5.556312,4,29.520356,0.9572770916955211,0.03200000000000003,True
5.638165,5,29.531238,0.9611954508264218,0.040000000000000036,True
5.771555,3,29.539855,0.9600631605299428,0.02400000000000002,True
5.608217,5,29.552637,0.9612833622357658,0.040000000000000036,True
5.573045,4,29.563708,0.9609987374678447,0.03200000000000003,True
5.723276,3,29.572806,0.9594104612426056,0.02400000000000002,True
5.424749,2,29.577363,0.9604698375396907,0.016000000000000014,True
5.51527,3,29.585999,0.9629054153855208,0.02400000000000002,True
5.54902,3,29.593717,0.967009257655753,0.02400000000000002,True
5.596135,4,29.602632,0.9575916465018097,0.03200000000000003,True
5.647736,4,29.611192,0.9591153462284796,0.03200000000000003,True
5.675726,3,30.154199,0.9611926776622524,0.02400000000000002,True
5.842711,4,30.162782,0.9644141876237129,0.03200000000000003,True
5.635885,4,30.17251,0.9654720632568459,0.03200000000000003,True
5.779792,4,30.181587,0.966880525478161,0.03200000000000003,True
5.375039,5,30.19403,0.9585796515728489,0.040000000000000036,True
5.819166,5,30.205516,0.9584429705285751,0.040000000000000036,True
5.602456,4,30.215306,0.9614304481936842,0.03200000000000003,True
5.563974,4,30.224777,0.9649396977014177,0.03200000000000003,True
5.471763,3,30.231433,0.963424613345276,0.02400000000000002,True
5.816871,4,30.241073,0.9609816183723022,0.03200000000000003,True
5.601752,5,30.252389,0.9596202881994731,0.040000000000000036,True
5.493707,4,30.264439,0.9592110415988679,0.03200000000000003,True
5.723831,4,30.274508,0.9588249342431016,0.03200000000000003,True
5.524146,4,30.283477,0.9616494119830081,0.03200000000000003,True
5.65888,4,30.292653,0.9584653227123725,0.03200000000000003,True
5.862459,6,30.306222,0.960225889767806,0.04800000000000004,True
5.800269,4,30.315732,0.9633473143446878,0.03200000000000003,True
5.796463,4,30.325159,0.9620854594037747,0.03200000000000003,True
5.600488,3,30.331519,0.9595135693080399,0.02400000000000002,True
5.457753,3,30.339301,0.9579192359453333,0.02400000000000002,True
5.848534,4,30.347592,0.9617776608570217,0.03200000000000003,True
5.485583,3,30.355158,0.9603694716494704,0.02400000000000002,True
5.714797,4,30.363982,0.9601170412609378,0.03200000000000003,True
5.523604,4,30.37313,0.9574266255390239,0.03200000000000003,True
5.567997,4,30.382256,0.9618068532615726,0.03200000000000003,True
5.773008,3,30.388336,0.9609178272252634,0.02400000000000002,True
5.60577,4,30.397835,0.9672442184946085,0.03200000000000003,True
5.776934,4,30.484469,0.9563688147711272,0.03200000000000003,True
5.530675,3,30.490682,0.9612052555864612,0.02400000000000002,True
5.527465,5,30.502473,0.9587133749161367,0.040000000000000036,True
5.528556,4,30.512631,0.9592362068329133,0.03200000000000003,True
5.514146,4,30.52206,0.9635995823530106,0.03200000000000003,True
5.647721,4,30.530724,0.9575330438562955,0.03200000000000003,True
5.784243,4,30.541322,0.9631152871235508,0.03200000000000003,True
5.866268,3,30.548357,0.95742474634514,0.02400000000000002,True
5.519941,5,30.559398,0.9630184471207504,0.040000000000000036,True
5.539623,6,30.573267,0.9646754532059796,0.04800000000000004,True
5.817253,5,30.585972,0.958407729214168,0.040000000000000036,True
5.693795,3,30.593235,0.9623195781152387,0.02400000000000002,True
5.66806,5,30.604578,0.9618679687163578,0.040000000000000036,True
5.722922,4,30.614376,0.9627954624102251,0.03200000000000003,True
5.638407,4,30.624235,0.9589977534013554,0.03200000000000003,True
5.369717,5,30.636636,0.9638458619233712,0.040000000000000036,True
5.554009,4,30.646597,0.9587826563157813,0.03200000000000003,True
5.499906,4,30.656486,0.9633511427719647,0.03200000000000003,True
5.732106,4,30.665514,0.9582688928927892,0.03200000000000003,True
5.674829,5,30.675898,0.9641435517307362,0.040000000000000036,True
5.734169,4,30.685486,0.961022439791066,0.03200000000000003,True
5.55377,4,30.694573,0.9605614697068917,0.03200000000000003,True
5.674233,4,30.704528,0.9627191213746992,0.03200000000000003,True
5.580351,4,30.713073,0.9595986081174911,0.03200000000000003,True
5.657167,3,30.720731,0.9569759329886295,0.02400000000000002,True
5.599277,4,30.730625,0.9627809998012005,0.03200000000000003,True
5.692417,4,30.741951,0.9562224607276313,0.03200000000000003,True
5.45551,3,30.749335,0.9629489321271876,0.02400000000000002,True
5.572381,4,30.759085,0.9626792747257051,0.03200000000000003,True
5.574575,3,30.767406,0.9585862979068038,0.02400000000000002,True
5.890853,3,30.774802,0.9624136743022885,0.02400000000000002,True
5.678066,4,30.783613,0.9607204040443045,0.03200000000000003,True
5.711242,4,30.793165,0.9557915073773673,0.03200000000000003,True
5.77381,4,30.80373,0.9611585659697153,0.03200000000000003,True
5.623837,5,30.814717,0.9577219450528056,0.040000000000000036,True
5.508477,3,30.822735,0.9567446416727212,0.02400000000000002,True
5.812499,4,30.831575,0.9577763824880778,0.03200000000000003,True
5.830295,4,31.369164,0.9664514480629063,0.03200000000000003,True
5.907884,4,31.377937,0.9599736807322192,0.03200000000000003,True
5.927747,3,31.384735,0.9640792063727476,0.02400000000000002,True
5.592764,4,31.394315,0.9615674369530992,0.03200000000000003,True
5.607059,4,31.40453,0.962067329680185,0.03200000000000003,True
5.502842,4,31.414013,0.960921941412521,0.03200000000000003,True
5.634121,4,31.42403,0.9627276326437401,0.03200000000000003,True
5.807498,4,31.43358,0.959482900542961,0.03200000000000003,True
5.518757,4,31.444345,0.9631597805302177,0.03200000000000003,True
5.769113,4,31.452957,0.9597120810690898,0.03200000000000003,True
5.813126,4,31.462547,0.9599373618264828,0.03200000000000003,True
5.602499,4,31.472446,0.9620395228508744,0.03200000000000003,True
5.730612,4,31.481268,0.9628553545416276,0.03200000000000003,True
5.639587,6,31.495306,0.9620977761979814,0.04800000000000004,True
5.514627,4,31.505024,0.9621272748378271,0.03200000000000003,True
5.660642,2,31.510714,0.9618136403472313,0.016000000000000014,True
5.921146,5,31.522608,0.9596150268413457,0.040000000000000036,True
5.822678,4,31.531417,0.961523585039881,0.03200000000000003,True
5.593579,6,31.545031,0.9636734301955465,0.04800000000000004,True
5.782812,5,31.557483,0.9632257821990038,0.040000000000000036,True
5.6377,4,31.566709,0.9593733711878143,0.03200000000000003,True
5.697148,4,31.575451,0.9677545942541562,0.03200000000000003,True
5.607708,2,31.581264,0.9622419888695134,0.016000000000000014,True
5.854539,4,31.590602,0.9582392232903881,0.03200000000000003,True
5.848385,4,31.600231,0.9596796845354296,0.03200000000000003,True
5.600304,4,31.609558,0.9626264483208493,0.03200000000000003,True
6.00394,3,31.61744,0.9622893699224371,0.02400000000000002,True
5.810383,3,31.624918,0.9620697191512324,0.02400000000000002,True
5.709826,4,31.634195,0.9580940710025942,0.03200000000000003,True
5.825545,3,31.640695,0.960093194157914,0.02400000000000002,True
5.563076,4,31.650568,0.9585425996584809,0.03200000000000003,True
5.653125,5,31.661425,0.9567258131897416,0.040000000000000036,True
5.737233,4,31.671432,0.9596275500708642,0.03200000000000003,True
5.683991,4,31.680017,0.9601688611528184,0.03200000000000003,True
5.603335,3,31.685657,0.9570138205861195,0.02400000000000002,True
5.939132,5,31.697107,0.9615856906580067,0.040000000000000036,True
5.508364,4,31.706236,0.9601344290302696,0.03200000000000003,True
5.567167,4,31.716343,0.9611033175824337,0.03200000000000003,True
5.752847,4,31.726053,0.963875802002707,0.03200000000000003,True
5.582355,4,31.735171,0.9588375385960872,0.03200000000000003,True
5.732826,4,31.744807,0.9625359008025853,0.03200000000000003,True
5.492632,3,31.752843,0.9641499294475059,0.02400000000000002,True
5.494909,3,31.760022,0.9644650038149272,0.02400000000000002,True
5.727998,4,31.76983,0.9608833985522691,0.03200000000000003,True
5.52024,3,31.778068,0.9608129570915868,0.02400000000000002,True
5.845366,5,31.789927,0.9661035226396832,0.040000000000000036,True
5.581752,4,31.799933,0.9594375225909793,0.03200000000000003,True
5.590933,4,31.808488,0.958499179884568,0.03200000000000003,True
5.731619,4,31.818259,0.9602435837658125,0.03200000000000003,True
5.791252,4,31.82794,0.9602797907531875,0.03200000000000003,True
5.576609,5,31.83951,0.9589221802283505,0.040000000000000036,True
5.658414,4,31.848642,0.960754583047652,0.03200000000000003,True
5.726847,4,31.857462,0.9644261435402022,0.03200000000000003,True
5.614543,4,31.865897,0.9628479488061439,0.03200000000000003,True
6.069527,4,31.875596,0.9646850531661377,0.03200000000000003,True
5.766849,4,31.884325,0.9589997293318138,0.03200000000000003,True
5.668794,4,31.893492,0.961000085005161,0.03200000000000003,True
5.733573,4,31.903655,0.9664293246719999,0.03200000000000003,True
5.763845,4,31.912275,0.9648235650757074,0.03200000000000003,True
5.463346,3,31.919446,0.9640146068720229,0.02400000000000002,True
5.6189,3,31.926427,0.9579929825088715,0.02400000000000002,True
5.864841,4,31.935812,0.9652959601189888,0.03200000000000003,True
5.641926,3,31.943272,0.9599480177195446,0.02400000000000002,True
5.447183,3,31.950908,0.9613460729329629,0.02400000000000002,True
5.817467,5,31.964212,0.9586955313008919,0.040000000000000036,True
5.828193,5,32.494432,0.9645704835195582,0.040000000000000036,True
5.431414,3,32.501632,0.9595379632667388,0.02400000000000002,True
5.695758,3,32.509077,0.9600909605966461,0.02400000000000002,True
5.786471,5,32.519683,0.962472381350886,0.040000000000000036,True
5.793303,4,32.529734,0.9632236716091309,0.03200000000000003,True
5.79971,4,32.539097,0.960484772777537,0.03200000000000003,True
5.467272,4,32.54809,0.9623855400443591,0.03200000000000003,True
5.902896,5,32.559833,0.9612387403692386,0.040000000000000036,True
5.528974,4,32.569386,0.9604512776737493,0.03200000000000003,True
5.627309,3,32.577572,0.963081725219607,0.02400000000000002,True
5.866381,5,32.5894,0.9620235922698644,0.040000000000000036,True
5.478211,4,32.599358,0.9567576082041952,0.03200000000000003,True
5.379716,3,32.606476,0.9691790719293207,0.02400000000000002,True
5.549711,4,32.616982,0.9566760421974415,0.03200000000000003,True
6.036068,5,32.629028,0.9595623803553662,0.040000000000000036,True
5.549107,4,32.639002,0.9579625590708619,0.03200000000000003,True
5.686327,4,32.648738,0.9641936419307193,0.03200000000000003,True
5.723908,4,32.658488,0.9604051540567702,0.03200000000000003,True
5.638692,5,32.66979,0.9590418985494891,0.040000000000000036,True
5.70962,4,32.679901,0.9581792765430306,0.03200000000000003,True
6.008573,5,32.690968,0.9571724911559423,0.040000000000000036,True
5.4629,4,32.700519,0.9638216047432882,0.03200000000000003,True
5.88984,4,32.7089,0.9679098335113759,0.03200000000000003,True
5.54823,3,32.715548,0.9617168140636595,0.02400000000000002,True
5.847037,4,32.725932,0.9656785193367527,0.03200000000000003,True
5.81359,5,32.739991,0.96083778404375,0.040000000000000036,True
5.427544,5,32.751943,0.9644126602814247,0.040000000000000036,True
5.778026,5,32.762945,0.9670073717616596,0.040000000000000036,True
5.591753,4,32.771934,0.9595186741515545,0.03200000000000003,True
5.577995,4,32.780864,0.9647920898947588,0.03200000000000003,True
6.023357,5,32.791497,0.9631932558178158,0.040000000000000036,True
5.491124,4,32.800737,0.95867401815017,0.03200000000000003,True
5.828616,5,32.813108,0.9633916247046587,0.040000000000000036,True
5.624913,4,32.821625,0.9610845539447894,0.03200000000000003,True
5.806167,4,32.830847,0.962073676753787,0.03200000000000003,True
5.730239,3,32.838629,0.9631381513715904,0.02400000000000002,True
5.695794,3,32.84564,0.9608380906558206,0.02400000000000002,True
5.719871,4,32.855774,0.9633656610850194,0.03200000000000003,True
5.435698,3,32.861463,0.9617409585472125,0.02400000000000002,True
5.406823,4,32.870446,0.9619444241957751,0.03200000000000003,True
5.817535,4,32.880581,0.962230805709369,0.03200000000000003,True
5.579692,3,32.887838,0.9602307507350778,0.02400000000000002,True
5.591071,4,32.897256,0.9589232034516104,0.03200000000000003,True
5.997107,5,32.913133,0.9606523853839295,0.040000000000000036,True
5.529399,4,32.92284,0.9629172561868999,0.03200000000000003,True
5.435538,4,32.931663,0.9624850243821089,0.03200000000000003,True
5.420923,3,32.938707,0.9598118349607212,0.02400000000000002,True
5.795827,4,32.950884,0.964381976083653,0.03200000000000003,True
5.843071,3,32.957879,0.9590462610615897,0.02400000000000002,True
5.794237,4,32.966779,0.9655164677414912,0.03200000000000003,True
5.584696,4,32.976278,0.9596263649725378,0.03200000000000003,True
5.542678,3,32.982418,0.9600592344558765,0.02400000000000002,True
5.878335,4,32.992521,0.9619442668277376,0.03200000000000003,True
5.627904,3,32.999726,0.9585514640218699,0.02400000000000002,True
5.704405,4,33.009368,0.9614808957246486,0.03200000000000003,True
5.682326,3,33.016558,0.9587990182231227,0.02400000000000002,True
5.541393,4,33.025343,0.9574932843389025,0.03200000000000003,True
5.500842,3,33.033052,0.9626800162089865,0.02400000000000002,True
5.561036,4,33.042597,0.9650386896978185,0.03200000000000003,True
5.676781,5,33.054511,0.9595232404097418,0.040000000000000036,True
5.610115,3,33.061642,0.9615660807483769,0.02400000000000002,True
5.555354,3,33.068353,0.9618943701401513,0.02400000000000002,True
5.758748,4,33.077681,0.9589511351428166,0.03200000000000003,True
5.92655,4,33.090193,0.9615414827744125,0.03200000000000003,True
5.499293,5,33.109269,0.9585477560732465,0.040000000000000036,True
5.770402,3,33.644929,0.9601722397517121,0.02400000000000002,True
5.762818,4,33.65556,0.9655273761605918,0.03200000000000003,True
5.692448,3,33.66462,0.9616571942088727,0.02400000000000002,True
5.74902,4,33.675476,0.9620787314084157,0.03200000000000003,True
5.620139,4,33.687278,0.9644256180120951,0.03200000000000003,True
5.71159,5,33.701348,0.9650947963957761,0.040000000000000036,True
5.495822,4,33.711261,0.9641652387686881,0.03200000000000003,True
6.064404,5,33.725965,0.9601010998749512,0.040000000000000036,True
5.652179,3,33.738603,0.960274230772793,0.02400000000000002,True
5.553978,3,33.748369,0.9622880881816009,0.02400000000000002,True
6.047684,5,33.763468,0.9574612874062202,0.040000000000000036,True
5.848807,4,33.774363,0.962677080939731,0.03200000000000003,True
5.78906,4,33.784854,0.9598033983317167,0.03200000000000003,True
5.611264,3,33.79207,0.9614468687011299,0.02400000000000002,True
5.324784,4,33.803795,0.962683493665885,0.03200000000000003,True
5.588762,5,33.818902,0.9616396995117841,0.040000000000000036,True
5.685326,4,33.830118,0.9578081973115462,0.03200000000000003,True
6.018763,5,33.845116,0.9579258353870727,0.040000000000000036,True
5.371407,5,33.85838,0.9612893323904714,0.040000000000000036,True
5.753484,4,33.869489,0.962093417674217,0.03200000000000003,True
5.507782,5,33.882557,0.9654587032243468,0.040000000000000036,True
5.725434,5,33.896496,0.9611905222772964,0.040000000000000036,True
5.700107,4,33.90793,0.9641247769432332,0.03200000000000003,True
5.80059,4,33.919063,0.9619117418362448,0.03200000000000003,True
6.025417,4,33.931155,0.9663229365142989,0.03200000000000003,True
5.706217,5,33.944777,0.967179169740378,0.040000000000000036,True
5.804399,3,33.953446,0.9586117192955109,0.02400000000000002,True
5.537642,4,33.965863,0.9585371612535067,0.03200000000000003,True
5.667699,5,33.979895,0.9635322529686805,0.040000000000000036,True
5.874766,5,33.993115,0.9574111757846866,0.040000000000000036,True
5.763995,3,34.002309,0.9608602372102502,0.02400000000000002,True
5.602584,5,34.016196,0.9643632903854982,0.040000000000000036,True
5.769794,4,34.026397,0.9588698364150181,0.03200000000000003,True
5.538775,4,34.038479,0.9625089865509062,0.03200000000000003,True
5.462233,3,34.046912,0.9631511113953113,0.02400000000000002,True
5.811204,4,34.058958,0.9616593926204403,0.03200000000000003,True
5.662959,4,34.070116,0.9641319171248379,0.03200000000000003,True
5.500988,5,34.084051,0.9623666801692814,0.040000000000000036,True
5.74808,4,34.095058,0.962261656627661,0.03200000000000003,True
5.504061,4,34.104315,0.9589604558033261,0.03200000000000003,True
5.470535,5,34.116343,0.95859640755246,0.040000000000000036,True
5.472327,4,34.131284,0.959408438908895,0.03200000000000003,True
5.367506,2,34.139363,0.957266680682673,0.016000000000000014,True
5.60921,3,34.150007,0.9602998797200023,0.02400000000000002,True
5.975065,3,34.157614,0.9615440116392452,0.02400000000000002,True
5.787498,4,34.166715,0.9594184755487343,0.03200000000000003,True
5.766805,5,34.179317,0.9650081628146716,0.040000000000000036,True
5.553011,5,34.190763,0.9594882026369506,0.040000000000000036,True
5.684705,4,34.199745,0.9615206202951814,0.03200000000000003,True
5.533116,5,34.211356,0.9623688281245465,0.040000000000000036,True
5.517976,3,34.218872,0.9615790245852408,0.02400000000000002,True
5.843952,2,34.22404,0.9587916592019466,0.016000000000000014,True
5.406541,3,34.232343,0.9685331457871844,0.02400000000000002,True
5.90799,3,34.23968,0.9635797836295825,0.02400000000000002,True
5.70087,5,34.252644,0.9627172066396816,0.040000000000000036,True
5.734579,4,34.261705,0.9596794233783236,0.03200000000000003,True
5.545405,4,34.270801,0.9614983121505997,0.03200000000000003,True
5.734684,4,34.282705,0.9589941251279189,0.03200000000000003,True
5.600911,6,34.297293,0.9609697294150461,0.04800000000000004,True
5.621855,4,34.306957,0.9564937209178243,0.03200000000000003,True
5.845831,4,34.316777,0.9617142161420036,0.03200000000000003,True
5.918251,4,34.326271,0.9646547518372857,0.03200000000000003,True
5.770416,5,34.337944,0.9620017045996203,0.040000000000000036,True
5.57521,5,34.896973,0.9673176515497826,0.040000000000000036,True
5.771119,5,34.911809,0.9638558609172172,0.040000000000000036,True
5.696787,3,34.918428,0.9653167354438024,0.02400000000000002,True
5.862138,4,34.928794,0.9579458717099791,0.03200000000000003,True
5.773784,5,34.940031,0.9651193218632284,0.040000000000000036,True
5.393239,4,34.951253,0.9617095505493997,0.03200000000000003,True
5.60174,4,34.963408,0.9612732157798405,0.03200000000000003,True
5.646608,4,34.974351,0.9579852876742938,0.03200000000000003,True
5.868434,4,34.984405,0.9580631977296974,0.03200000000000003,True
5.475967,4,34.994226,0.9636152856746505,0.03200000000000003,True
5.505682,3,35.000693,0.9619351210960648,0.02400000000000002,True
5.891983,3,35.008841,0.9628828192109079,0.02400000000000002,True
5.670942,4,35.018146,0.9615583686733182,0.03200000000000003,True
5.558682,5,35.030411,0.9615766740813232,0.040000000000000036,True
5.548814,6,35.045488,0.9567380019543783,0.04800000000000004,True
5.903543,4,35.055446,0.9600526279701578,0.03200000000000003,True
6.045192,5,35.068077,0.9596605436311492,0.040000000000000036,True
6.01082,4,35.07806,0.9621118865872406,0.03200000000000003,True
5.692517,4,35.087539,0.9648264868100909,0.03200000000000003,True
5.532922,5,35.100014,0.9614195965440202,0.040000000000000036,True
5.56954,5,35.111051,0.965031364195906,0.040000000000000036,True
5.651623,5,35.122833,0.9636326245807351,0.040000000000000036,True
5.723094,4,35.132522,0.9575527032431257,0.03200000000000003,True
5.818519,5,35.143908,0.9631907998314462,0.040000000000000036,True
5.64816,4,35.155274,0.9588773692395758,0.03200000000000003,True
5.841992,4,35.17479,0.961943457985678,0.03200000000000003,True
5.636622,4,35.188577,0.957047351779083,0.03200000000000003,True
5.710055,4,35.198919,0.9641917774571083,0.03200000000000003,True
5.584594,4,35.208968,0.9601348929729401,0.03200000000000003,True
5.486625,3,35.216649,0.9608693659016192,0.02400000000000002,True
5.806405,4,35.226331,0.9627436943912302,0.03200000000000003,True
5.496206,3,35.23442,0.9607576179125255,0.02400000000000002,True
5.691757,3,35.242121,0.9589731623990769,0.02400000000000002,True
5.46546,3,35.249762,0.9640766777799378,0.02400000000000002,True
5.559948,4,35.259486,0.9606949750211387,0.03200000000000003,True
5.548626,3,35.26642,0.9630865901033989,0.02400000000000002,True
5.745107,4,35.276181,0.9591775983380647,0.03200000000000003,True
5.697837,3,35.28545,0.9580025603104938,0.02400000000000002,True
5.480747,3,35.292751,0.9587686715397987,0.02400000000000002,True
5.746671,4,35.302505,0.9607430978735692,0.03200000000000003,True
5.476302,3,35.308933,0.958924977111677,0.02400000000000002,True
5.916194,4,35.317759,0.96525089536127,0.03200000000000003,True
5.586956,4,35.327805,0.9591945689438968,0.03200000000000003,True
5.79793,5,35.3393,0.9635652858796449,0.040000000000000036,True
5.53083,5,35.350335,0.9619451677601984,0.040000000000000036,True
5.951896,5,35.362097,0.9577438546934707,0.040000000000000036,True
6.090602,5,35.374414,0.9587784630105527,0.040000000000000036,True
5.788973,4,35.383052,0.9592689053148071,0.03200000000000003,True
5.960596,5,35.394562,0.9611296062437309,0.040000000000000036,True
5.734758,5,35.406317,0.9603049668209318,0.040000000000000036,True
5.807447,4,35.416028,0.9595533574675044,0.03200000000000003,True
5.754708,4,35.425078,0.9609975915328879,0.03200000000000003,True
5.544372,5,35.436805,0.9605735028707658,0.040000000000000036,True
5.829106,5,35.448993,0.9604661197453541,0.040000000000000036,True
5.66671,5,35.459969,0.9601482506725003,0.040000000000000036,True
5.879412,5,35.470634,0.9580119861799667,0.040000000000000036,True
5.563183,4,35.479806,0.9623378507872732,0.03200000000000003,True
5.41923,4,35.489504,0.9640245541818966,0.03200000000000003,True
5.872282,3,35.496525,0.960894039817806,0.02400000000000002,True
5.546191,4,35.505907,0.9582987729027015,0.03200000000000003,True
5.663212,5,35.518394,0.9626040014075126,0.040000000000000036,True
5.508075,4,36.029254,0.9608706723445175,0.03200000000000003,True
5.465058,3,36.036063,0.9607057187473582,0.02400000000000002,True
5.893983,5,36.047636,0.9623348870797286,0.040000000000000036,True
5.597614,3,36.054589,0.9567994553397051,0.02400000000000002,True
5.773093,4,36.063749,0.960403781441635,0.03200000000000003,True
5.743989,4,36.072945,0.9606845821176646,0.03200000000000003,True
5.750681,4,36.08186,0.9588344361215325,0.03200000000000003,True
5.787445,5,36.092838,0.9616864568695103,0.040000000000000036,True
5.701,4,36.101904,0.9622634378997285,0.03200000000000003,True
5.48976,4,36.110814,0.9634990289844525,0.03200000000000003,True
5.750264,4,36.120641,0.9609519388658813,0.03200000000000003,True
5.796536,3,36.127785,0.9623886095909879,0.02400000000000002,True
5.532672,3,36.134446,0.9576599662075573,0.02400000000000002,True
5.967284,4,36.14378,0.9582104190265912,0.03200000000000003,True
5.949367,4,36.153531,0.9612720673122228,0.03200000000000003,True
5.550324,3,36.160252,0.9574511751370566,0.02400000000000002,True
5.82172,4,36.169331,0.9640073402316205,0.03200000000000003,True
5.861935,5,36.179862,0.9647329729727336,0.040000000000000036,True
5.537907,3,36.1868,0.9608186465356187,0.02400000000000002,True
6.047916,5,36.202945,0.9624411898300335,0.040000000000000036,True
5.549338,4,36.296497,0.9592481191463447,0.03200000000000003,True
5.505353,3,36.303728,0.9600851702827089,0.02400000000000002,True
5.681408,4,36.313848,0.962125444548199,0.03200000000000003,True
5.710982,4,36.3226,0.9635417346820845,0.03200000000000003,True
6.046204,5,36.334784,0.9587477962650326,0.040000000000000036,True
5.627747,5,36.34532,0.9589526973551197,0.040000000000000036,True
5.48076,3,36.352757,0.9615985791476793,0.02400000000000002,True
5.806266,4,36.362215,0.9653119143275061,0.03200000000000003,True
5.714629,4,36.373037,0.9587972103136881,0.03200000000000003,True
5.700961,4,36.382002,0.9615112467983373,0.03200000000000003,True
5.466965,3,36.388878,0.9617523720434428,0.02400000000000002,True
5.469019,3,36.39637,0.9591442696812956,0.02400000000000002,True
5.758027,4,36.406094,0.9629708211621744,0.03200000000000003,True
5.768955,3,36.412621,0.9587174154968026,0.02400000000000002,True
5.998448,4,36.423045,0.9578913404494644,0.03200000000000003,True
5.764435,3,36.430401,0.9598856966313183,0.02400000000000002,True
5.715672,3,36.43684,0.962267229982184,0.02400000000000002,True
5.600722,4,36.446208,0.9660142117158115,0.03200000000000003,True
5.717699,3,36.454218,0.9586956940454958,0.02400000000000002,True
5.622852,5,36.465814,0.9582898664718671,0.040000000000000036,True
5.483941,4,36.474835,0.964290362584507,0.03200000000000003,True
5.5559,4,36.483996,0.9609854181579401,0.03200000000000003,True
5.581268,4,36.494258,0.963660211550793,0.03200000000000003,True
5.896908,3,36.501819,0.9625672929321081,0.02400000000000002,True
5.889839,3,36.509514,0.9631554945932019,0.02400000000000002,True
5.661549,3,36.51512,0.9597426163340786,0.02400000000000002,True
5.747814,4,36.524273,0.9608258716405425,0.03200000000000003,True
5.462781,3,36.531787,0.9602457807301427,0.02400000000000002,True
5.831337,4,36.540808,0.9608366135660615,0.03200000000000003,True
5.914475,4,36.549612,0.962462919290856,0.03200000000000003,True
5.796987,4,36.560074,0.9579591185654799,0.03200000000000003,True
5.757427,4,36.569943,0.9620183269595914,0.03200000000000003,True
5.420727,4,36.579183,0.9611512826522387,0.03200000000000003,True
5.784407,3,36.586703,0.9569147479562189,0.02400000000000002,True
5.438865,4,36.595875,0.9630124654083406,0.03200000000000003,True
5.624707,4,36.604714,0.9597527069841014,0.03200000000000003,True
5.604291,4,36.613055,0.962941321907848,0.03200000000000003,True
5.770449,4,36.623446,0.9598137763237405,0.03200000000000003,True
5.996541,4,36.637201,0.9590476985772551,0.03200000000000003,True
5.742521,4,36.651889,0.9601594307184417,0.03200000000000003,True
5.596523,3,36.663106,0.9614348471097981,0.02400000000000002,True
5.558611,4,36.676507,0.9612548925277224,0.03200000000000003,True
5.56938,4,36.689585,0.9627781790698086,0.03200000000000003,True
5.7329,5,36.70492,0.9592690306577202,0.040000000000000036,True
5.79228,4,36.717822,0.9591955974224348,0.03200000000000003,True
5.439354,4,36.732208,0.9596827687483414,0.03200000000000003,True
6.027293,4,36.745049,0.9569698516909946,0.03200000000000003,True
5.663309,4,37.479368,0.960007269924546,0.03200000000000003,True
5.696721,4,37.493037,0.9585928332255604,0.03200000000000003,True
5.585303,4,37.50645,0.9591344488314895,0.03200000000000003,True
5.495872,5,37.522648,0.9589656273467488,0.040000000000000036,True
5.656301,4,37.53462,0.9613308817162838,0.03200000000000003,True
5.594965,5,37.548489,0.959983793176165,0.040000000000000036,True
5.787322,5,37.563534,0.9650720362345417,0.040000000000000036,True
5.503416,4,37.574614,0.9611020293758605,0.03200000000000003,True
6.030288,3,37.58309,0.9611714055621225,0.02400000000000002,True
5.825887,4,37.595281,0.9645894163604201,0.03200000000000003,True
5.50623,4,37.60718,0.9600437871894019,0.03200000000000003,True
5.721161,4,37.61955,0.9587035491163588,0.03200000000000003,True
5.882988,4,37.630889,0.9661348975229902,0.03200000000000003,True
5.692752,2,37.637174,0.963282995272053,0.016000000000000014,True
5.569622,5,37.651777,0.9579090096578002,0.040000000000000036,True
5.797829,4,37.66375,0.9565856601876933,0.03200000000000003,True
5.513744,4,37.676347,0.9581585220085577,0.03200000000000003,True
5.612541,5,37.691068,0.9565672292206124,0.040000000000000036,True
5.862895,3,37.699888,0.960289158295077,0.02400000000000002,True
5.449888,4,37.710522,0.9602276819575548,0.03200000000000003,True
5.91254,4,37.722416,0.9655405089264532,0.03200000000000003,True
5.526627,4,37.73488,0.9601418477076591,0.03200000000000003,True
5.891982,3,37.744705,0.9590126781781485,0.02400000000000002,True
5.762109,5,37.761209,0.9605016633053943,0.040000000000000036,True
5.828177,4,37.77261,0.961188805513157,0.03200000000000003,True
5.777458,4,37.783838,0.9677301351055319,0.03200000000000003,True
5.619685,3,37.791106,0.9617733012957994,0.02400000000000002,True
5.761688,4,37.802312,0.9573300763107866,0.03200000000000003,True
5.641135,4,37.813272,0.9635177410137601,0.03200000000000003,True
5.658359,3,37.8229,0.9613126161858324,0.02400000000000002,True
5.595772,4,37.834302,0.9599301527350423,0.03200000000000003,True
5.498423,3,37.843043,0.958315540848821,0.02400000000000002,True
5.785196,4,37.854291,0.9676173690310463,0.03200000000000003,True
5.456826,3,37.866049,0.9576022321979039,0.02400000000000002,True
5.745795,4,37.881038,0.9589589168585797,0.03200000000000003,True
5.637929,4,37.892614,0.9635330583671011,0.03200000000000003,True
5.793864,4,37.903247,0.9605613515736534,0.03200000000000003,True
5.673714,4,37.91647,0.9622073128445144,0.03200000000000003,True
5.774599,5,37.931397,0.9622978674962355,0.040000000000000036,True
5.729992,4,37.942834,0.9610325628146293,0.03200000000000003,True
5.872921,4,37.954933,0.9627686083658851,0.03200000000000003,True
5.663731,3,37.963001,0.9626744240913057,0.02400000000000002,True
5.697547,4,37.973376,0.9596819966148635,0.03200000000000003,True
5.645837,5,37.987292,0.9562720155372633,0.040000000000000036,True
5.401487,2,37.993816,0.9621023218182017,0.016000000000000014,True
5.591322,4,38.004374,0.961476990842292,0.03200000000000003,True
5.815869,5,38.01912,0.957292888300807,0.040000000000000036,True
5.756446,4,38.031356,0.9597124723218663,0.03200000000000003,True
5.568649,3,38.039563,0.9586286582200293,0.02400000000000002,True
5.828106,4,38.05041,0.9629764416488198,0.03200000000000003,True
5.701641,3,38.060174,0.9587665385565889,0.02400000000000002,True
5.892067,4,38.072371,0.9604186126667931,0.03200000000000003,True
5.740338,3,38.08122,0.9611981209268006,0.02400000000000002,True
5.852197,5,38.094732,0.9629718434339372,0.040000000000000036,True
5.728718,5,38.109563,0.9585455869097307,0.040000000000000036,True
5.618487,5,38.126442,0.961399813708256,0.040000000000000036,True
5.71964,4,38.140041,0.9628029663158137,0.03200000000000003,True
5.497785,5,38.154722,0.9580662420672084,0.040000000000000036,True
5.680966,5,38.170554,0.9657938184706759,0.040000000000000036,True
6.06431,5,38.187727,0.9613827474300265,0.040000000000000036,True
6.037734,4,38.201477,0.9617345795555083,0.03200000000000003,True
5.431731,3,38.211224,0.9613546261270043,0.02400000000000002,True
5.727107,3,38.220811,0.965708466526055,0.02400000000000002,True
5.645888,4,38.234008,0.9599182957122674,0.03200000000000003,True
5.522749,4,38.246586,0.9603477139589809,0.03200000000000003,True
5.482086,3,38.989298,0.9601176778401198,0.02400000000000002,True
5.821064,4,38.999508,0.967422356197631,0.03200000000000003,True
5.840048,4,39.012921,0.9650140726650326,0.03200000000000003,True
5.56672,4,39.023537,0.9637559857508495,0.03200000000000003,True
5.656175,5,39.038203,0.9627264932984594,0.040000000000000036,True
5.604596,4,39.050537,0.9618099540752454,0.03200000000000003,True
5.711296,4,39.062774,0.9574700199790627,0.03200000000000003,True
5.735987,4,39.075009,0.9619669256277356,0.03200000000000003,True
5.585655,5,39.089477,0.9586697835781748,0.040000000000000036,True
5.557153,5,39.103063,0.9636001590086715,0.040000000000000036,True
5.816747,4,39.114945,0.9638610275831658,0.03200000000000003,True
5.673513,3,39.122866,0.9652130303803681,0.02400000000000002,True
5.489132,3,39.132289,0.9590280653057435,0.02400000000000002,True
5.712426,4,39.143884,0.9578551009589107,0.03200000000000003,True
6.152518,4,39.155538,0.9637458863544507,0.03200000000000003,True
5.688821,5,39.170641,0.960606576195687,0.040000000000000036,True
5.701768,5,39.184853,0.9651462868837509,0.040000000000000036,True
5.739945,3,39.193022,0.957714814416306,0.02400000000000002,True
5.727545,4,39.204954,0.9631241225756451,0.03200000000000003,True
5.778179,4,39.215847,0.9619367957386797,0.03200000000000003,True
5.588111,4,39.228266,0.9664586734593601,0.03200000000000003,True
5.866766,4,39.240906,0.9608324189097763,0.03200000000000003,True
5.612796,3,39.252913,0.9629764643987349,0.02400000000000002,True
5.686983,3,39.262232,0.9629908948307649,0.02400000000000002,True
5.783105,4,39.275152,0.9641739872081347,0.03200000000000003,True
5.60056,4,39.287051,0.9611331684744919,0.03200000000000003,True
5.698258,3,39.296412,0.9582451533695666,0.02400000000000002,True
5.706361,4,39.307559,0.9564986740134457,0.03200000000000003,True
5.7902,4,39.320172,0.9609457588188117,0.03200000000000003,True
5.507098,3,39.330328,0.9568255305504454,0.02400000000000002,True
5.613106,3,39.340115,0.9595092598993976,0.02400000000000002,True
5.848778,4,39.352041,0.9577089987971645,0.03200000000000003,True
5.408697,5,39.366536,0.9594666852429585,0.040000000000000036,True
5.457464,3,39.374617,0.9643355486159483,0.02400000000000002,True
5.718387,4,39.385893,0.9568292377873954,0.03200000000000003,True
5.657349,5,39.402939,0.9636228856165514,0.040000000000000036,True
5.799279,3,39.415517,0.9609937908161356,0.02400000000000002,True
5.464865,4,39.432528,0.9634005347974067,0.03200000000000003,True
5.64184,3,39.443393,0.9596519668759884,0.02400000000000002,True
5.759989,3,39.452362,0.9593716867164823,0.02400000000000002,True
5.887824,4,39.468291,0.9639029951238789,0.03200000000000003,True
5.742412,3,39.479472,0.9613109155488362,0.02400000000000002,True
5.724064,3,39.493482,0.9641971259499464,0.02400000000000002,True
5.511082,4,39.510133,0.9601675414762674,0.03200000000000003,True
5.877604,3,39.520289,0.9582990684968911,0.02400000000000002,True
5.863402,5,39.536449,0.964577942371079,0.040000000000000036,True
6.090341,5,39.551179,0.9616723816385158,0.040000000000000036,True
5.714265,4,39.563214,0.9565885121699367,0.03200000000000003,True
5.541338,4,39.574834,0.9582065523174542,0.03200000000000003,True
5.456127,3,39.584251,0.9616189287148434,0.02400000000000002,True
5.980598,4,39.598259,0.9607389360197075,0.03200000000000003,True
5.772618,4,39.613078,0.9641693619811172,0.03200000000000003,True
5.552966,4,39.624935,0.9631896263463566,0.03200000000000003,True
6.087275,4,39.637471,0.9646787790499776,0.03200000000000003,True
5.638464,4,39.649574,0.9586787974626074,0.03200000000000003,True
6.017752,5,39.664508,0.9633244420261868,0.040000000000000036,True
5.456563,4,39.676213,0.9627523079673423,0.03200000000000003,True
5.568483,4,39.687446,0.9653378929887242,0.03200000000000003,True
5.455751,3,39.696107,0.9602999223780266,0.02400000000000002,True
5.679469,4,39.708023,0.9641931131814006,0.03200000000000003,True
5.583842,3,39.717143,0.9624002739619633,0.02400000000000002,True
5.585013,5,39.730803,0.9661530795967168,0.040000000000000036,True
5.514591,4,39.742241,0.9586299246590362,0.03200000000000003,True
6.003108,4,39.753593,0.9591862885791915,0.03200000000000003,True
5.830135,4,39.766527,0.960008863451808,0.03200000000000003,True
5.652013,5,40.504253,0.96302231557463,0.040000000000000036,True
5.714952,3,40.513894,0.9654384258431593,0.02400000000000002,True
5.796883,4,40.529943,0.9635074096345377,0.03200000000000003,True
5.835449,5,40.548512,0.9651856371518435,0.040000000000000036,True
5.453053,4,40.566231,0.9595893655930464,0.03200000000000003,True
5.833089,5,40.593019,0.9625592452293781,0.040000000000000036,True
5.956557,4,40.609051,0.961544716139791,0.03200000000000003,True
5.741421,4,40.623332,0.9617756111483005,0.03200000000000003,True
5.409524,3,40.635101,0.9594624332453058,0.02400000000000002,True
5.75368,5,40.651169,0.9635439591670019,0.040000000000000036,True
5.517351,4,40.665204,0.9598644495744768,0.03200000000000003,True
5.85254,4,40.677478,0.9609213817033873,0.03200000000000003,True
5.82937,4,40.691178,0.9650736595034208,0.03200000000000003,True
5.578519,5,40.706406,0.960363990756393,0.040000000000000036,True
5.609584,3,40.719778,0.9608189274657006,0.02400000000000002,True
5.433648,3,40.729458,0.9595836854662756,0.02400000000000002,True
5.834469,4,40.742252,0.963720721765117,0.03200000000000003,True
5.646585,4,40.756031,0.9582620941000612,0.03200000000000003,True
5.497819,4,40.770162,0.9610998112288766,0.03200000000000003,True
5.86816,4,40.78334,0.9601080807423462,0.03200000000000003,True
5.537125,4,40.797739,0.9605520104075661,0.03200000000000003,True
5.877679,5,40.814411,0.9602219762786182,0.040000000000000036,True
5.716163,3,40.824882,0.9576706539961064,0.02400000000000002,True
5.529011,4,40.838599,0.9584864477645911,0.03200000000000003,True
5.465925,2,40.845506,0.9607397791897463,0.016000000000000014,True
5.804797,4,40.857846,0.9589429775686761,0.03200000000000003,True
5.760975,4,40.871608,0.9616191693743583,0.03200000000000003,True
5.51521,4,40.885735,0.9589587788845116,0.03200000000000003,True
5.672885,4,40.898286,0.9678227452606949,0.03200000000000003,True
5.813968,4,40.911304,0.9596335697887074,0.03200000000000003,True
6.022593,3,40.92106,0.9619784114425116,0.02400000000000002,True
5.848344,4,40.937074,0.9587912187164075,0.03200000000000003,True
5.734716,5,40.954497,0.9619365831267168,0.040000000000000036,True
5.72665,5,40.974098,0.9565030356431357,0.040000000000000036,True
5.800945,4,40.987577,0.9634756646822823,0.03200000000000003,True
5.422344,3,40.997072,0.9612858162247351,0.02400000000000002,True
5.995541,5,41.013144,0.9574676566382179,0.040000000000000036,True
5.864303,5,41.029393,0.9587893602925934,0.040000000000000036,True
5.525418,4,41.041946,0.9647331121468635,0.03200000000000003,True
5.367153,3,41.05106,0.9696541583676981,0.02400000000000002,True
5.462858,4,41.064459,0.9603425252793313,0.03200000000000003,True
5.609301,4,41.078181,0.9573962300763165,0.03200000000000003,True
5.852991,5,41.095694,0.9586276401097559,0.040000000000000036,True
5.84503,5,41.109004,0.9637879193725855,0.040000000000000036,True
5.773443,4,41.119172,0.9636022642509697,0.03200000000000003,True
5.466574,3,41.125811,0.9607145961225312,0.02400000000000002,True
5.796279,3,41.133573,0.9629538848897286,0.02400000000000002,True
5.406151,4,41.1431,0.9600161112682684,0.03200000000000003,True
5.589169,3,41.150073,0.9600022845241173,0.02400000000000002,True
6.043366,5,41.16211,0.9605780016962373,0.040000000000000036,True
5.737498,4,41.171453,0.9602294815619219,0.03200000000000003,True
5.602749,5,41.182921,0.9611436516380956,0.040000000000000036,True
5.83094,5,41.194297,0.9581285898013948,0.040000000000000036,True
5.810089,4,41.203352,0.9648026245634682,0.03200000000000003,True
5.503201,4,41.21348,0.9631700157883984,0.03200000000000003,True
5.503906,5,41.225239,0.9618669396806414,0.040000000000000036,True
5.659507,5,41.237044,0.960441565204128,0.040000000000000036,True
5.509271,3,41.244346,0.9591378710624607,0.02400000000000002,True
5.586352,3,41.251931,0.9567912500362502,0.02400000000000002,True
5.817923,5,41.264235,0.9654900497601525,0.040000000000000036,True
5.86236,5,41.275595,0.9612535333259267,0.040000000000000036,True
5.706745,4,41.286393,0.9586863899973969,0.03200000000000003,True
5.6974,3,41.293915,0.9579257818666662,0.02400000000000002,True
5.737025,4,41.304152,0.960743731661945,0.03200000000000003,True
5.528398,3,41.834125,0.9635032262336938,0.02400000000000002,True
5.707539,4,41.843168,0.9593481592616253,0.03200000000000003,True
5.875164,5,41.854466,0.9619409826294966,0.040000000000000036,True
5.987873,4,41.863466,0.9569879471765848,0.03200000000000003,True
5.613343,3,41.870212,0.9572411315832751,0.02400000000000002,True
5.736318,4,41.879134,0.9580623126066758,0.03200000000000003,True
5.383142,3,41.88615,0.9614277276749901,0.02400000000000002,True
5.655228,4,41.896262,0.961693892110963,0.03200000000000003,True
5.473391,3,41.901718,0.9589569340628994,0.02400000000000002,True
5.393915,3,41.90926,0.9599360763575093,0.02400000000000002,True
5.673647,3,41.916854,0.9622515892498424,0.02400000000000002,True
5.805539,3,41.923676,0.9623272218321433,0.02400000000000002,True
5.533807,3,41.929694,0.9595489419752745,0.02400000000000002,True
5.776858,4,41.940039,0.9639276500207665,0.03200000000000003,True
5.769165,5,41.953515,0.9586859932805836,0.040000000000000036,True
5.437889,3,41.962858,0.9584716614501874,0.02400000000000002,True
5.792951,4,41.972686,0.9614178904367859,0.03200000000000003,True
5.641784,4,41.983011,0.9591430653339857,0.03200000000000003,True
5.527844,3,41.99037,0.9650653786353685,0.02400000000000002,True
5.538563,4,41.999394,0.9616593817708496,0.03200000000000003,True
5.618728,4,42.008044,0.9630739441202312,0.03200000000000003,True
5.656693,3,42.014635,0.9653303323173679,0.02400000000000002,True
5.708567,3,42.021323,0.9675595293170911,0.02400000000000002,True
5.489752,4,42.030188,0.9639069084209749,0.03200000000000003,True
5.857891,5,42.041487,0.95703711295297,0.040000000000000036,True
5.609606,4,42.050566,0.9610226095687395,0.03200000000000003,True
5.5497,3,42.057104,0.9612307462432511,0.02400000000000002,True
5.793611,4,42.066214,0.9625744539461534,0.03200000000000003,True
5.514165,3,42.072971,0.9587144601640665,0.02400000000000002,True
5.54594,5,42.085128,0.957489735313243,0.040000000000000036,True
5.461314,3,42.092107,0.9627394891053112,0.02400000000000002,True
5.581896,3,42.099419,0.9619224690267352,0.02400000000000002,True
5.452938,3,42.106195,0.9597712908511422,0.02400000000000002,True
5.786159,3,42.113712,0.9633101553239976,0.02400000000000002,True
5.740033,5,42.125453,0.9610624872553868,0.040000000000000036,True
5.803214,4,42.13379,0.962867046713588,0.03200000000000003,True
5.723445,4,42.142941,0.9580710178709992,0.03200000000000003,True
5.558646,4,42.153056,0.9599780867091834,0.03200000000000003,True
5.383546,3,42.159259,0.9640178806981412,0.02400000000000002,True
5.528479,3,42.165502,0.9617206986794935,0.02400000000000002,True
5.868228,5,42.176756,0.9589513436610163,0.040000000000000036,True
5.652413,3,42.18408,0.9591322916685361,0.02400000000000002,True
5.364287,3,42.190839,0.9616523026667874,0.02400000000000002,True
5.607874,3,42.198283,0.9598451131716135,0.02400000000000002,True
5.739181,5,42.209533,0.9598765477271298,0.040000000000000036,True
5.415661,3,42.216443,0.9633522772904293,0.02400000000000002,True
5.697161,4,42.226629,0.9587321486902445,0.03200000000000003,True
5.539586,5,42.237726,0.9589744206486548,0.040000000000000036,True
5.713448,4,42.247328,0.9613739663398932,0.03200000000000003,True
5.509869,4,42.257268,0.9662834043932831,0.03200000000000003,True
5.62776,3,42.263942,0.9568866279976938,0.02400000000000002,True
5.702718,4,42.272067,0.9619561011976298,0.03200000000000003,True
5.660306,5,42.284961,0.9575608214464782,0.040000000000000036,True
5.490977,4,42.293801,0.9637708315955515,0.03200000000000003,True
5.424107,5,42.304788,0.9590861468911467,0.040000000000000036,True
5.538849,4,42.314148,0.9599044737345755,0.03200000000000003,True
5.62516,4,42.323758,0.9630566449284165,0.03200000000000003,True
5.945006,4,42.332713,0.9615731221492848,0.03200000000000003,True
5.588861,4,42.342098,0.9618442358824737,0.03200000000000003,True
5.662692,4,42.350471,0.9637707138628823,0.03200000000000003,True
5.913896,3,42.359857,0.9577230977814886,0.02400000000000002,True
5.577264,4,42.369097,0.9568357414340877,0.03200000000000003,True
5.936624,5,42.380887,0.960910849419666,0.040000000000000036,True
5.652713,4,42.390201,0.9628160435333128,0.03200000000000003,True
5.773244,3,42.396395,0.9611541580708627,0.02400000000000002,True
5.497247,3,42.404591,0.9613629619339994,0.02400000000000002,True
5.946146,4,42.414722,0.962463343589191,0.03200000000000003,True
5.755653,4,42.424629,0.9624779304931625,0.03200000000000003,True
5.631393,3,42.946624,0.9595497912355923,0.02400000000000002,True
5.801786,3,42.955565,0.9640747244527356,0.02400000000000002,True
5.552527,5,42.970313,0.9612818279637098,0.040000000000000036,True
5.722016,5,42.980771,0.9611834494334749,0.040000000000000036,True
5.636986,4,42.990323,0.9650204176795962,0.03200000000000003,True
5.74342,3,42.996783,0.9602448485679325,0.02400000000000002,True
5.424474,4,43.005322,0.9622406464080651,0.03200000000000003,True
5.486365,6,43.018597,0.9641347205107792,0.04800000000000004,True
5.58305,4,43.027093,0.9652222834221326,0.03200000000000003,True
5.534004,4,43.035665,0.9612704795300127,0.03200000000000003,True
6.017072,4,43.044704,0.9613971232197749,0.03200000000000003,True
5.608967,4,43.129349,0.9603260288559236,0.03200000000000003,True
5.407542,3,43.134549,0.9610307437580623,0.02400000000000002,True
5.56002,4,43.144454,0.963702343603736,0.03200000000000003,True
5.474347,4,43.153484,0.9590460377175922,0.03200000000000003,True
5.634621,4,43.163129,0.9600066869677224,0.03200000000000003,True
5.528853,4,43.172642,0.9638935173883596,0.03200000000000003,True
5.85777,3,43.181336,0.958469690745011,0.02400000000000002,True
5.438019,3,43.187398,0.959837200379666,0.02400000000000002,True
5.721611,4,43.196843,0.9662551484913066,0.03200000000000003,True
5.455446,3,43.203782,0.9650826748441967,0.02400000000000002,True
5.692678,4,43.213862,0.9590653929682811,0.03200000000000003,True
5.431871,3,43.221431,0.9627836836881325,0.02400000000000002,True
5.443556,3,43.228973,0.9599910288487665,0.02400000000000002,True
5.711946,4,43.237566,0.9629521189939989,0.03200000000000003,True
5.376577,4,43.247575,0.9604511481194057,0.03200000000000003,True
5.566529,3,43.254708,0.9566605649570996,0.02400000000000002,True
5.559543,4,43.264061,0.9578677778087319,0.03200000000000003,True
5.698877,3,43.2713,0.9648112611285506,0.02400000000000002,True
5.7252,4,43.280447,0.9599250506236572,0.03200000000000003,True
5.866583,4,43.288592,0.9604695965433179,0.03200000000000003,True
5.653198,3,43.29507,0.9605964701039836,0.02400000000000002,True
6.015048,3,43.303349,0.96289920179583,0.02400000000000002,True
5.819871,4,43.312648,0.9641275896903427,0.03200000000000003,True
5.56433,4,43.322375,0.9633960629685181,0.03200000000000003,True
5.809485,5,43.334053,0.9606602105952621,0.040000000000000036,True
5.602861,3,43.340734,0.96619787710212,0.02400000000000002,True
5.555656,3,43.346534,0.9611867392878493,0.02400000000000002,True
5.670529,3,43.354203,0.9568396123744922,0.02400000000000002,True
5.477155,3,43.36301,0.9610195314204024,0.02400000000000002,True
5.845173,4,43.372074,0.9582768732622035,0.03200000000000003,True
5.607732,4,43.381228,0.9603244013564791,0.03200000000000003,True
5.818807,5,43.394191,0.9584745638440672,0.040000000000000036,True
5.766963,4,43.403474,0.9592384496302166,0.03200000000000003,True
5.599906,5,43.415295,0.9625001634254567,0.040000000000000036,True
5.717586,5,43.425801,0.9578466675639478,0.040000000000000036,True
5.700656,3,43.433675,0.9609306059416827,0.02400000000000002,True
5.879827,4,43.443842,0.9601439795109815,0.03200000000000003,True
6.101199,5,43.455355,0.958630004831122,0.040000000000000036,True
5.792958,4,43.464283,0.9644135241232221,0.03200000000000003,True
6.011598,3,43.471719,0.9638716863062853,0.02400000000000002,True
5.715891,4,43.480719,0.9667730492018367,0.03200000000000003,True
5.584973,4,43.489795,0.9619227540391867,0.03200000000000003,True
5.528754,4,43.499062,0.9602241022818669,0.03200000000000003,True
5.75447,4,43.509027,0.9659732342043925,0.03200000000000003,True
5.634273,4,43.51833,0.9573390073448025,0.03200000000000003,True
5.916503,3,43.526064,0.9680702044278803,0.02400000000000002,True
5.744467,3,43.532286,0.960832279237169,0.02400000000000002,True
5.532441,4,43.541639,0.9631027122541835,0.03200000000000003,True
5.835126,5,43.553313,0.9603527659391462,0.040000000000000036,True
5.833448,5,43.566339,0.9684274643632993,0.040000000000000036,True
5.710263,4,43.576044,0.9578682802101394,0.03200000000000003,True
5.584624,5,43.587438,0.9612905415735516,0.040000000000000036,True
5.723678,4,43.597547,0.9601076712633734,0.03200000000000003,True
5.690296,3,43.604845,0.9615573638488198,0.02400000000000002,True
5.526577,4,43.613567,0.9606531169148905,0.03200000000000003,True
5.738077,3,43.620383,0.9592054682382454,0.02400000000000002,True
5.545746,4,44.153735,0.9620076761853983,0.03200000000000003,True
5.437305,3,44.161706,0.9647361226159303,0.02400000000000002,True
5.831587,3,44.169021,0.9630534024628324,0.02400000000000002,True
5.64173,3,44.175461,0.9659452306451632,0.02400000000000002,True
5.747184,3,44.181482,0.9641536747448064,0.02400000000000002,True
5.69146,4,44.190549,0.96122373172977,0.03200000000000003,True
5.513146,3,44.197713,0.9596825355751935,0.02400000000000002,True
5.638746,5,44.209127,0.9621705288007834,0.040000000000000036,True
5.427555,4,44.21878,0.9657578165398861,0.03200000000000003,True
5.562918,4,44.227568,0.9613557994889101,0.03200000000000003,True
5.753843,4,44.23687,0.9627959416502154,0.03200000000000003,True
5.685069,3,44.244565,0.963277115693555,0.02400000000000002,True
5.492005,4,44.253427,0.9650221342298304,0.03200000000000003,True
5.518804,3,44.260784,0.9634778772414616,0.02400000000000002,True
5.423788,4,44.269555,0.9596220093760554,0.03200000000000003,True
5.743938,3,44.276754,0.9649553177818293,0.02400000000000002,True
5.577052,4,44.284881,0.9617477294716142,0.03200000000000003,True
5.661854,4,44.293968,0.960233757074628,0.03200000000000003,True
5.709727,5,44.304695,0.9599832877894297,0.040000000000000036,True
5.682091,5,44.317186,0.9576585512455781,0.040000000000000036,True
5.676468,3,44.324084,0.9634705249992277,0.02400000000000002,True
5.790462,5,44.335397,0.9654809111758293,0.040000000000000036,True
5.798941,3,44.342094,0.9564627664207559,0.02400000000000002,True
5.753858,4,44.35118,0.9621518719617501,0.03200000000000003,True
5.682193,5,44.363727,0.9586621930064461,0.040000000000000036,True
5.965516,4,44.374119,0.959041166368562,0.03200000000000003,True
5.722472,4,44.383243,0.963293698450196,0.03200000000000003,True
5.716085,3,44.389228,0.9613646478919794,0.02400000000000002,True
5.550587,4,44.399651,0.9559300535643454,0.03200000000000003,True
5.582086,5,44.412753,0.9723151071543523,0.040000000000000036,True
5.679943,4,44.422412,0.959758693395158,0.03200000000000003,True
5.583365,4,44.431739,0.9611965851899349,0.03200000000000003,True
5.71693,4,44.440685,0.9592473118363609,0.03200000000000003,True
5.698938,3,44.447417,0.956732659686977,0.02400000000000002,True
5.923971,4,44.456869,0.9591150380547769,0.03200000000000003,True
5.938743,4,44.465687,0.9584157041713969,0.03200000000000003,True
5.573913,4,44.474974,0.9625729759526241,0.03200000000000003,True
5.417531,3,44.482026,0.9619740845398026,0.02400000000000002,True
5.725848,4,44.491154,0.9636063343818104,0.03200000000000003,True
5.81881,5,44.502445,0.9646071194311459,0.040000000000000036,True
5.837859,4,44.511994,0.9663749066541313,0.03200000000000003,True
5.865731,5,44.525627,0.960536338455074,0.040000000000000036,True
5.849084,3,44.53181,0.9594533051842701,0.02400000000000002,True
5.587299,4,44.541268,0.9575093590673501,0.03200000000000003,True
5.932931,5,44.553448,0.9653718879407531,0.040000000000000036,True
5.582398,5,44.565411,0.9590736876946271,0.040000000000000036,True
5.59737,4,44.575588,0.9573740024405293,0.03200000000000003,True
6.088463,4,44.584671,0.9560061546476527,0.03200000000000003,True
6.008025,5,44.598399,0.9620224801891321,0.040000000000000036,True
5.709014,4,44.608263,0.9580973412895069,0.03200000000000003,True
5.781563,3,44.613988,0.9568353357946603,0.02400000000000002,True
5.592058,4,44.624723,0.9631140495289321,0.03200000000000003,True
5.736264,4,44.636474,0.9588264327787275,0.03200000000000003,True
5.972719,4,44.646022,0.9637503985787157,0.03200000000000003,True
5.615809,3,44.653812,0.9597624299695193,0.02400000000000002,True
5.556177,3,44.659555,0.9626283286303826,0.02400000000000002,True
5.757339,3,44.667002,0.9603721074409626,0.02400000000000002,True
5.540088,4,44.676758,0.9647339102027359,0.03200000000000003,True
5.556384,4,44.687112,0.9615819186416694,0.03200000000000003,True
5.569444,4,44.696711,0.96124206968725,0.03200000000000003,True
5.683887,4,44.705538,0.9578360834116537,0.03200000000000003,True
5.759644,4,44.715084,0.9640649888095003,0.03200000000000003,True
5.827893,4,44.724523,0.9614978024767686,0.03200000000000003,True
5.488375,3,44.736274,0.9610155799601241,0.02400000000000002,True
5.776632,5,44.752711,0.9622625662889028,0.040000000000000036,True
5.837933,5,45.274391,0.9594592641521922,0.040000000000000036,True
5.464621,3,45.281517,0.9654851182673072,0.02400000000000002,True
5.756013,5,45.293104,0.9575763306692682,0.040000000000000036,True
5.770668,4,45.302489,0.9641205285420431,0.03200000000000003,True
5.661948,3,45.309831,0.9613221690313128,0.02400000000000002,True
5.720196,4,45.319344,0.9662590541354514,0.03200000000000003,True
5.575972,3,45.325707,0.9660183875032811,0.02400000000000002,True
5.646571,4,45.335196,0.9609851226561146,0.03200000000000003,True
5.714881,3,45.342932,0.9615809629598467,0.02400000000000002,True
5.488578,5,45.354632,0.9583596358900963,0.040000000000000036,True
5.560457,3,45.361802,0.9577700831000675,0.02400000000000002,True
5.651138,4,45.373591,0.9610415776447643,0.03200000000000003,True
5.653358,5,45.385689,0.9635155341199682,0.040000000000000036,True
5.513772,3,45.392931,0.9590002179878475,0.02400000000000002,True
5.754225,5,45.405213,0.96292249593042,0.040000000000000036,True
5.634847,3,45.413043,0.9609990111549578,0.02400000000000002,True
5.874451,4,45.423315,0.959814029730443,0.03200000000000003,True
5.684355,4,45.432995,0.9631747625767276,0.03200000000000003,True
5.839298,5,45.446116,0.9592688232385818,0.040000000000000036,True
6.041608,4,45.457058,0.9635413076010255,0.03200000000000003,True
5.460221,3,45.46492,0.9646390516750697,0.02400000000000002,True
5.455044,4,45.475052,0.9595001962457892,0.03200000000000003,True
5.876445,3,45.482283,0.9602395754228865,0.02400000000000002,True
5.783704,4,45.492052,0.9616208428848996,0.03200000000000003,True
5.732234,4,45.501547,0.959804627939576,0.03200000000000003,True
5.596359,4,45.511418,0.9582245232790925,0.03200000000000003,True
5.804076,4,45.521199,0.961990149755505,0.03200000000000003,True
5.669317,3,45.528384,0.9602980040984022,0.02400000000000002,True
5.305182,3,45.53553,0.9623936564479009,0.02400000000000002,True
5.852401,5,45.548429,0.9614378154724998,0.040000000000000036,True
5.493997,4,45.557463,0.9623736329613313,0.03200000000000003,True
5.577004,3,45.565409,0.9618156463665055,0.02400000000000002,True
5.600395,4,45.575451,0.9603073113084362,0.03200000000000003,True
5.495495,4,45.584316,0.9574408547983,0.03200000000000003,True
5.75811,4,45.595034,0.9634694604680807,0.03200000000000003,True
5.524086,3,45.601434,0.9654750754572126,0.02400000000000002,True
5.746231,4,45.612008,0.9591336047501171,0.03200000000000003,True
5.700325,4,45.622925,0.9609741029566421,0.03200000000000003,True
5.671885,4,45.632859,0.9658438694854197,0.03200000000000003,True
5.703398,3,45.640604,0.9616707953346013,0.02400000000000002,True
5.599629,3,45.648495,0.961380934899482,0.02400000000000002,True
5.636852,5,45.659885,0.9639529823452289,0.040000000000000036,True
5.680145,4,45.668539,0.9614172504822485,0.03200000000000003,True
5.591192,5,45.679428,0.9620096442745498,0.040000000000000036,True
5.552437,4,45.688782,0.9643343905118229,0.03200000000000003,True
5.917134,4,45.698477,0.9640243163113704,0.03200000000000003,True
5.656391,3,45.706137,0.9594383155621402,0.02400000000000002,True
5.545082,4,45.716309,0.9618854349841514,0.03200000000000003,True
5.61187,4,45.725539,0.9636922486878049,0.03200000000000003,True
5.777853,4,45.735532,0.9607589065788394,0.03200000000000003,True
5.448805,4,45.744748,0.9624692391953074,0.03200000000000003,True
5.656816,3,45.752203,0.9606286375375512,0.02400000000000002,True
5.730705,4,45.761769,0.9613831403281161,0.03200000000000003,True
5.570796,4,45.777323,0.9592357693679243,0.03200000000000003,True
5.539463,4,45.79161,0.9609177978698393,0.03200000000000003,True
5.544048,5,45.806665,0.9623318435547097,0.040000000000000036,True
5.502672,4,45.818623,0.9614036865876701,0.03200000000000003,True
5.63234,3,45.82643,0.9594979533385546,0.02400000000000002,True
5.778947,4,45.835603,0.9571272225430709,0.03200000000000003,True
5.759447,4,45.845736,0.9650043633471695,0.03200000000000003,True
5.590434,5,45.857817,0.9600402178635671,0.040000000000000036,True
5.579792,3,45.86463,0.9568667945546169,0.02400000000000002,True
5.693995,4,45.874879,0.9611841062380919,0.03200000000000003,True
5.70037,3,45.882724,0.9570798637879006,0.02400000000000002,True
5.426053,3,45.889862,0.9598571329742007,0.02400000000000002,True
5.362549,3,45.896377,0.9608710897450699,0.02400000000000002,True
5.358331,3,45.90441,0.9629282611974863,0.02400000000000002,True
5.815266,4,45.914937,0.9595360407906082,0.03200000000000003,True
5.685781,5,46.427065,0.9598536826294619,0.040000000000000036,True
5.5449,5,46.439074,0.9645496800798633,0.040000000000000036,True
5.568129,4,46.448597,0.9590820450567554,0.03200000000000003,True
5.634964,5,46.460809,0.9654204992314998,0.040000000000000036,True
5.76162,4,46.471032,0.962933069337379,0.03200000000000003,True
5.503316,3,46.479056,0.9564390773538006,0.02400000000000002,True
5.563653,4,46.487392,0.9599090142597457,0.03200000000000003,True
5.572276,4,46.496656,0.96080883374668,0.03200000000000003,True
5.687399,4,46.505942,0.960526426621541,0.03200000000000003,True
5.61333,5,46.517011,0.9631451471369001,0.040000000000000036,True
5.861077,3,46.52376,0.9596822591169205,0.02400000000000002,True
5.733585,5,46.534685,0.9588945376092567,0.040000000000000036,True
5.587852,3,46.542037,0.9628906745159276,0.02400000000000002,True
5.719962,3,46.549232,0.9596770149764944,0.02400000000000002,True
5.534554,5,46.559636,0.9655999550677994,0.040000000000000036,True
5.745019,4,46.569459,0.9627495966435378,0.03200000000000003,True
5.623538,4,46.579942,0.9623209947574458,0.03200000000000003,True
5.780874,4,46.589458,0.9634762123174108,0.03200000000000003,True
5.768804,4,46.598489,0.959842138940293,0.03200000000000003,True
5.70355,4,46.60729,0.9631414054914018,0.03200000000000003,True
5.794411,4,46.61724,0.9624970328603336,0.03200000000000003,True
5.690462,4,46.626648,0.9605349491864106,0.03200000000000003,True
5.793829,4,46.635283,0.9590101088509357,0.03200000000000003,True
5.624095,4,46.644226,0.9609089801165315,0.03200000000000003,True
5.683149,4,46.65372,0.9626171768438687,0.03200000000000003,True
5.918692,4,46.663162,0.9578034263182578,0.03200000000000003,True
5.579653,2,46.668268,0.9613637574563012,0.016000000000000014,True
5.533575,4,46.67733,0.9593481820975114,0.03200000000000003,True
6.007669,3,46.684154,0.962901920389394,0.02400000000000002,True
5.593907,4,46.692803,0.9636494205838689,0.03200000000000003,True
5.749032,4,46.702025,0.965750601013253,0.03200000000000003,True
5.470575,4,46.710756,0.9634485598054967,0.03200000000000003,True
5.593908,4,46.719674,0.9575992455982625,0.03200000000000003,True
5.539518,4,46.729055,0.9605249225524015,0.03200000000000003,True
5.47636,5,46.73949,0.9627336716030173,0.040000000000000036,True
5.752762,4,46.748503,0.9571640596008089,0.03200000000000003,True
5.719048,3,46.756294,0.9655408382350119,0.02400000000000002,True
5.625779,5,46.767758,0.9615288880873183,0.040000000000000036,True
5.716087,4,46.776906,0.9623747092470598,0.03200000000000003,True
5.54595,4,46.78539,0.9570088218325807,0.03200000000000003,True
5.510776,5,46.795612,0.9587344590538276,0.040000000000000036,True
5.78969,5,46.809477,0.9696281480523522,0.040000000000000036,True
5.769882,3,46.820432,0.9616697948142354,0.02400000000000002,True
5.714127,5,46.836555,0.9609395384237269,0.040000000000000036,True
5.668893,5,46.84957,0.9622795042226251,0.040000000000000036,True
5.53051,4,46.857727,0.9597107152074014,0.03200000000000003,True
5.490584,3,46.86506,0.9623708876025403,0.02400000000000002,True
5.792641,4,46.874275,0.9590314490611723,0.03200000000000003,True
5.699486,3,46.881798,0.9629104949181556,0.02400000000000002,True
5.431896,4,46.890761,0.960532255481197,0.03200000000000003,True
5.770034,3,46.898214,0.9600465244679494,0.02400000000000002,True
5.864217,5,46.909546,0.9662238415911226,0.040000000000000036,True
5.727184,3,46.915534,0.9620362977776871,0.02400000000000002,True
5.578333,4,46.923948,0.9621129623347249,0.03200000000000003,True
5.774796,4,46.933393,0.9595711219443379,0.03200000000000003,True
5.796385,4,46.942838,0.962255209429687,0.03200000000000003,True
5.801907,4,46.954419,0.9609394600281803,0.03200000000000003,True
5.785015,4,46.966522,0.9560009556729241,0.03200000000000003,True
5.663478,5,46.978593,0.9588556018911218,0.040000000000000036,True
5.768356,3,46.985245,0.9596909105285718,0.02400000000000002,True
5.63958,4,46.994821,0.9599588834226654,0.03200000000000003,True
5.452089,3,47.000737,0.9645979348058704,0.02400000000000002,True
5.467989,4,47.00935,0.9636193963786577,0.03200000000000003,True
5.693875,4,47.018211,0.9604413588762047,0.03200000000000003,True
5.564729,4,47.521292,0.9671581394339985,0.03200000000000003,True
5.673324,5,47.531924,0.961064917733119,0.040000000000000036,True
5.61443,4,47.542465,0.9595201907661837,0.03200000000000003,True
5.809158,4,47.552873,0.9601105071249029,0.03200000000000003,True
5.804563,4,47.563847,0.9610199131231544,0.03200000000000003,True
5.48912,4,47.575109,0.9622107828533835,0.03200000000000003,True
5.686326,4,47.586374,0.9632858075756258,0.03200000000000003,True
5.603445,4,47.59716,0.962264191962825,0.03200000000000003,True
5.892044,3,47.603254,0.9589263153532348,0.02400000000000002,True
5.715623,5,47.615815,0.9630214941604458,0.040000000000000036,True
5.596829,4,47.625807,0.960980991360771,0.03200000000000003,True
5.889909,5,47.637235,0.9594061296016415,0.040000000000000036,True
5.660121,4,47.645328,0.9619366449952397,0.03200000000000003,True
5.734155,3,47.653404,0.9588622720619835,0.02400000000000002,True
5.796526,3,47.661673,0.9641629920146941,0.02400000000000002,True
5.616877,3,47.669842,0.9647929349660409,0.02400000000000002,True
5.86474,5,47.680928,0.9604354213509737,0.040000000000000036,True
5.758927,4,47.690028,0.9585795942900686,0.03200000000000003,True
5.417603,4,47.699878,0.9571344170995439,0.03200000000000003,True
5.557983,4,47.709551,0.9622244621180785,0.03200000000000003,True
5.803625,4,47.718571,0.9653164290163738,0.03200000000000003,True
5.786998,4,47.730908,0.9577932479447238,0.03200000000000003,True
5.650705,5,47.745102,0.9660702042896874,0.040000000000000036,True
5.538504,4,47.754874,0.9659982469668158,0.03200000000000003,True
5.45576,3,47.761646,0.9566610359383784,0.02400000000000002,True
5.727858,3,47.768569,0.9627568757260818,0.02400000000000002,True
5.694936,5,47.780639,0.9620734577741102,0.040000000000000036,True
5.572708,4,47.789305,0.9614418118786776,0.03200000000000003,True
5.508361,4,47.797734,0.9620595877774067,0.03200000000000003,True
5.724717,4,47.806426,0.9612734504517761,0.03200000000000003,True
5.667076,4,47.814916,0.9587853749095594,0.03200000000000003,True
5.704133,4,47.824341,0.9607934017729204,0.03200000000000003,True
5.486654,4,47.833173,0.9665678181481375,0.03200000000000003,True
5.599257,4,47.844022,0.9631447184855306,0.03200000000000003,True
5.762378,4,47.861028,0.9588444911919591,0.03200000000000003,True
5.948424,4,47.87524,0.9621123171175054,0.03200000000000003,True
5.672846,5,47.887647,0.9629952909574734,0.040000000000000036,True
5.64452,3,47.894861,0.9609342444098878,0.02400000000000002,True
5.560851,5,47.907035,0.959865560542452,0.040000000000000036,True
5.678607,3,47.915017,0.9613008566571296,0.02400000000000002,True
5.707742,3,47.922194,0.9602411991311912,0.02400000000000002,True
5.929507,4,47.930958,0.9601826415042625,0.03200000000000003,True
5.927945,4,47.940388,0.9621665997056126,0.03200000000000003,True
6.039941,4,47.951167,0.9592557596663249,0.03200000000000003,True
5.654723,4,47.961787,0.9641722351698861,0.03200000000000003,True
5.438545,4,47.970219,0.9592341523760991,0.03200000000000003,True
5.701089,3,47.977845,0.9618820795871743,0.02400000000000002,True
5.557236,5,47.988879,0.9598524877058497,0.040000000000000036,True
5.731191,5,48.000995,0.9608541311602994,0.040000000000000036,True
5.457797,3,48.007486,0.9598608520024852,0.02400000000000002,True
5.609316,4,48.016252,0.9568796054231865,0.03200000000000003,True
5.488673,3,48.023797,0.9601370318812918,0.02400000000000002,True
5.403714,3,48.031217,0.9603081231625006,0.02400000000000002,True
5.456068,3,48.037075,0.9605701846561359,0.02400000000000002,True
5.417847,3,48.04478,0.9592003234076711,0.02400000000000002,True
5.567179,3,48.053374,0.9611543942443874,0.02400000000000002,True
5.495405,4,48.062479,0.9613596074580957,0.03200000000000003,True
5.786139,4,48.071322,0.961464440992492,0.03200000000000003,True
5.768657,5,48.082417,0.9610852469505572,0.040000000000000036,True
5.81879,4,48.091044,0.9669697341204306,0.03200000000000003,True
5.838341,4,48.100707,0.9606474918385839,0.03200000000000003,True
5.782694,5,48.112185,0.9624897642119138,0.040000000000000036,True
5.654885,4,48.121175,0.9620140583382951,0.03200000000000003,True
5.996125,4,48.130094,0.9632286284075596,0.03200000000000003,True
5.534137,4,48.1401,0.9623371763574501,0.03200000000000003,True
5.460325,2,48.6533,0.9616278093707521,0.016000000000000014,True
5.498977,3,48.661015,0.9570362364780001,0.02400000000000002,True
5.710441,4,48.670608,0.9621365018520427,0.03200000000000003,True
5.784946,5,48.68178,0.9616354094446392,0.040000000000000036,True
5.790842,5,48.797186,0.9589563142743136,0.040000000000000036,True
5.782145,4,48.805842,0.9628919396415974,0.03200000000000003,True
5.64824,3,48.813184,0.9664274381250835,0.02400000000000002,True
5.572495,5,48.824452,0.9626450225050431,0.040000000000000036,True
5.603985,4,48.833426,0.9652413216877633,0.03200000000000003,True
5.765185,5,48.844687,0.9582844604660642,0.040000000000000036,True
5.581647,4,48.854242,0.9616643772034885,0.03200000000000003,True
5.73205,3,48.86177,0.9599479454607229,0.02400000000000002,True
5.730473,4,48.870709,0.9629420643387114,0.03200000000000003,True
5.570468,4,48.880778,0.9629270970985054,0.03200000000000003,True
5.598008,4,48.892833,0.9607991955021586,0.03200000000000003,True
5.454328,4,48.906864,0.9631760552245274,0.03200000000000003,True
5.547826,4,48.918897,0.9637348631744123,0.03200000000000003,True
5.878473,4,48.927336,0.9608574603056508,0.03200000000000003,True
5.527935,3,48.935267,0.9562688766454694,0.02400000000000002,True
5.382989,3,48.942571,0.9609118684444785,0.02400000000000002,True
5.47625,3,48.950041,0.9594900292625315,0.02400000000000002,True
5.654723,3,48.958355,0.9582927713157395,0.02400000000000002,True
5.811373,4,48.9676,0.9573654477728568,0.03200000000000003,True
5.660571,3,48.974818,0.9616584275047522,0.02400000000000002,True
5.542068,3,48.981584,0.9605380644290457,0.02400000000000002,True
6.00717,4,48.990319,0.9587833254212412,0.03200000000000003,True
5.521275,3,48.997708,0.9639087880371789,0.02400000000000002,True
6.007292,5,49.010576,0.9635805591573503,0.040000000000000036,True
5.680764,3,49.01805,0.9629646927864786,0.02400000000000002,True
5.446687,2,49.022306,0.9584216770113558,0.016000000000000014,True
5.795616,5,49.033723,0.9629880924483326,0.040000000000000036,True
5.746981,5,49.045127,0.9613069485409893,0.040000000000000036,True
5.803896,4,49.054559,0.9594430848839207,0.03200000000000003,True
5.728822,5,49.066388,0.9615527748039271,0.040000000000000036,True
5.895897,3,49.07368,0.9652448164555552,0.02400000000000002,True
5.561456,3,49.08024,0.958455686398047,0.02400000000000002,True
5.729861,4,49.089334,0.9614140692713302,0.03200000000000003,True
5.7826,4,49.09894,0.9585711045081762,0.03200000000000003,True
5.532709,4,49.107702,0.9607073239954076,0.03200000000000003,True
5.701721,4,49.116693,0.9590164840306075,0.03200000000000003,True
5.79603,4,49.126053,0.958841542756049,0.03200000000000003,True
5.793119,4,49.136061,0.9569647544564979,0.03200000000000003,True
5.775268,4,49.145472,0.9594980141078818,0.03200000000000003,True
5.789217,4,49.155273,0.9614441469405062,0.03200000000000003,True
5.79707,5,49.166742,0.9573207593642614,0.040000000000000036,True
5.646898,3,49.17393,0.9643437040866127,0.02400000000000002,True
5.772541,5,49.186111,0.9603698217290493,0.040000000000000036,True
5.477643,5,49.197473,0.9598985480609906,0.040000000000000036,True
5.386061,3,49.205442,0.9652702077071098,0.02400000000000002,True
5.595931,5,49.216853,0.962937813150792,0.040000000000000036,True
5.77443,4,49.225955,0.9602628063589737,0.03200000000000003,True
5.56411,4,49.23544,0.9580443668297007,0.03200000000000003,True
5.605516,4,49.244767,0.9633823035358637,0.03200000000000003,True
5.389835,3,49.252185,0.967370738874676,0.02400000000000002,True
5.687249,3,49.259248,0.9639585725691193,0.02400000000000002,True
5.626919,3,49.266287,0.960365507781376,0.02400000000000002,True
5.536843,3,49.27438,0.9596589185194011,0.02400000000000002,True
5.851209,5,49.286053,0.9597485421680563,0.040000000000000036,True
5.575328,4,49.29512,0.9629110595626009,0.03200000000000003,True
5.723864,3,49.301517,0.9571182086814386,0.02400000000000002,True
5.486611,4,49.312133,0.9594281089600947,0.03200000000000003,True
5.468972,3,49.318567,0.9636298393703829,0.02400000000000002,True
5.552243,3,49.32517,0.9597828717881948,0.02400000000000002,True
5.571686,4,49.334413,0.9583308170952863,0.03200000000000003,True
5.464385,3,49.341779,0.9635262629133636,0.02400000000000002,True
5.792903,4,49.35078,0.9616954571030175,0.03200000000000003,True
5.872379,4,49.360424,0.9659259895364106,0.03200000000000003,True
5.93362,3,49.368022,0.9685834048106732,0.02400000000000002,True
5.58856,3,49.899745,0.961124679100313,0.02400000000000002,True
5.598405,4,49.909351,0.962569483462404,0.03200000000000003,True
5.37256,3,49.918225,0.9620629493503274,0.02400000000000002,True
5.483822,4,49.931475,0.9653101428078436,0.03200000000000003,True
5.782451,4,49.94389,0.9587960449344555,0.03200000000000003,True
5.678028,3,49.953743,0.969647827893342,0.02400000000000002,True
5.69529,4,49.967068,0.9615865416122263,0.03200000000000003,True
5.650341,4,49.976517,0.9584523442135677,0.03200000000000003,True
5.999683,5,49.988041,0.9622935769731302,0.040000000000000036,True
5.387557,4,49.99718,0.9586436355423839,0.03200000000000003,True
5.74557,3,50.003053,0.9624311654127917,0.02400000000000002,True
5.722131,3,50.010328,0.9601201235479111,0.02400000000000002,True
5.811214,4,50.019244,0.9625179204341309,0.03200000000000003,True
5.716262,5,50.029669,0.957332408338971,0.040000000000000036,True
5.530178,3,50.036674,0.9658656197864518,0.02400000000000002,True
5.965195,3,50.043775,0.9614055499181644,0.02400000000000002,True
5.927386,5,50.054937,0.9599142243434132,0.040000000000000036,True
5.826641,5,50.066565,0.9634318562657003,0.040000000000000036,True
5.651255,3,50.073209,0.9629088799735391,0.02400000000000002,True
5.825684,4,50.081933,0.9639439731120394,0.03200000000000003,True
5.707303,4,50.090879,0.9608143426400836,0.03200000000000003,True
5.556154,3,50.09909,0.9594710798067021,0.02400000000000002,True
5.562235,3,50.106342,0.9628274853670808,0.02400000000000002,True
5.634692,3,50.112513,0.9615228731239742,0.02400000000000002,True
5.798471,4,50.122478,0.9591460490806909,0.03200000000000003,True
5.812357,4,50.130667,0.9636419334069395,0.03200000000000003,True
5.578441,4,50.1404,0.960457392482915,0.03200000000000003,True
5.911806,4,50.150879,0.9578467241300366,0.03200000000000003,True
5.699543,4,50.160131,0.9590087883417271,0.03200000000000003,True
5.727939,4,50.169222,0.9602083044179321,0.03200000000000003,True
5.66699,3,50.175388,0.9629695294468432,0.02400000000000002,True
5.573455,4,50.184495,0.9566272120590562,0.03200000000000003,True
5.699511,4,50.193612,0.9602810053763197,0.03200000000000003,True
5.970653,4,50.202698,0.9627889389584818,0.03200000000000003,True
6.005564,4,50.211679,0.9596821282386301,0.03200000000000003,True
5.821923,4,50.220697,0.963631679032241,0.03200000000000003,True
5.708191,4,50.229498,0.9573952263573146,0.03200000000000003,True
5.588639,5,50.242969,0.9589936057269186,0.040000000000000036,True
5.818145,4,50.25416,0.9617975280738711,0.03200000000000003,True
5.402797,3,50.261573,0.9573746193545518,0.02400000000000002,True
5.435948,5,50.275546,0.9640765716530773,0.040000000000000036,True
5.599532,3,50.284371,0.9617280728339677,0.02400000000000002,True
5.597807,3,50.292241,0.9596677310729265,0.02400000000000002,True
5.82087,3,50.300047,0.9650891969033016,0.02400000000000002,True
5.988869,5,50.311806,0.9623445180134411,0.040000000000000036,True
5.556246,4,50.321475,0.9661473836728646,0.03200000000000003,True
5.851498,5,50.333067,0.9589391381795792,0.040000000000000036,True
5.990233,4,50.341636,0.9605285988586951,0.03200000000000003,True
5.386481,4,50.350853,0.9568015069294117,0.03200000000000003,True
5.861276,5,50.363516,0.9617094174564544,0.040000000000000036,True
5.866663,4,50.374622,0.9577831527748939,0.03200000000000003,True
5.526109,4,50.383143,0.958723485973155,0.03200000000000003,True
5.375565,3,50.392339,0.9645227871039208,0.02400000000000002,True
5.742296,3,50.400697,0.962873358218358,0.02400000000000002,True
5.668166,3,50.4076,0.9593554678273591,0.02400000000000002,True
5.756064,4,50.418861,0.9615229329409929,0.03200000000000003,True
5.60346,4,50.427647,0.9612823044645706,0.03200000000000003,True
5.395176,3,50.434825,0.963099239607861,0.02400000000000002,True
5.370826,3,50.442015,0.95881624944285,0.02400000000000002,True
5.735607,5,50.453901,0.9566054171198628,0.040000000000000036,True
5.759454,3,50.461713,0.9649575782787199,0.02400000000000002,True
5.556648,3,50.469179,0.964371004970881,0.02400000000000002,True
5.492859,4,50.478852,0.9608781962697969,0.03200000000000003,True
5.672148,5,50.49106,0.9633824311204755,0.040000000000000036,True
5.523287,4,50.501437,0.9600561206393736,0.03200000000000003,True
5.939233,3,50.509233,0.9616051650430143,0.02400000000000002,True
5.517151,4,50.518283,0.9659688686507422,0.03200000000000003,True
5.37379,3,51.058008,0.9582854810119867,0.02400000000000002,True
5.517102,4,51.066731,0.9593091280681691,0.03200000000000003,True
5.510051,4,51.076309,0.9594334647473022,0.03200000000000003,True
5.594772,4,51.085922,0.9615544266024997,0.03200000000000003,True
5.633134,4,51.095667,0.9581471116912872,0.03200000000000003,True
5.568586,4,51.108914,0.9634008944582257,0.03200000000000003,True
5.769363,4,51.123225,0.9619896470551983,0.03200000000000003,True
5.593267,5,51.139787,0.9653927230599724,0.040000000000000036,True
5.646169,5,51.157291,0.9578981215998521,0.040000000000000036,True
5.867835,5,51.175826,0.9587050214653914,0.040000000000000036,True
5.767105,5,51.192967,0.9661382497357263,0.040000000000000036,True
5.699971,4,51.208509,0.9630044818596987,0.03200000000000003,True
5.61614,5,51.22743,0.959708173611824,0.040000000000000036,True
5.786528,4,51.240995,0.9675153045416024,0.03200000000000003,True
5.593114,4,51.25309,0.9630104924192289,0.03200000000000003,True
5.905987,4,51.265293,0.9592935128251154,0.03200000000000003,True
5.79103,5,51.282224,0.9618995160357733,0.040000000000000036,True
5.684009,5,51.298011,0.9584225355280165,0.040000000000000036,True
5.535684,5,51.313942,0.9606757982132863,0.040000000000000036,True
5.556525,3,51.322606,0.9621805897267262,0.02400000000000002,True
5.87248,4,51.334209,0.9628517304082214,0.03200000000000003,True
5.572345,4,51.346379,0.9614414671090821,0.03200000000000003,True
5.887174,4,51.3594,0.9594569570221447,0.03200000000000003,True
5.814712,4,51.374191,0.9586407043279386,0.03200000000000003,True
5.662792,4,51.386542,0.9653862219619089,0.03200000000000003,True
5.622774,4,51.401965,0.9649798228568052,0.03200000000000003,True
6.076113,4,51.416249,0.9599342802589854,0.03200000000000003,True
5.804935,4,51.429528,0.9629482747887288,0.03200000000000003,True
5.684335,4,51.441106,0.9576778740570835,0.03200000000000003,True
5.796509,4,51.453909,0.958857245915934,0.03200000000000003,True
5.591554,3,51.467594,0.9626830529257092,0.02400000000000002,True
5.460335,3,51.478328,0.9575674563984915,0.02400000000000002,True
5.604895,4,51.490066,0.9599548401802099,0.03200000000000003,True
5.945888,3,51.499894,0.9612991633945134,0.02400000000000002,True
5.792872,4,51.512259,0.9646201191869661,0.03200000000000003,True
5.873546,3,51.521707,0.961923160948421,0.02400000000000002,True
5.858227,4,51.534167,0.9676545678972597,0.03200000000000003,True
5.563476,5,51.548973,0.9593952520516109,0.040000000000000036,True
5.613108,5,51.563591,0.9658228191865055,0.040000000000000036,True
5.677769,4,51.575647,0.9642936301969309,0.03200000000000003,True
5.656518,4,51.588241,0.9606186572181727,0.03200000000000003,True
5.779642,4,51.600653,0.9647708539895948,0.03200000000000003,True
5.709018,4,51.61294,0.9627190906858802,0.03200000000000003,True
5.361393,2,51.618524,0.9591071848866343,0.016000000000000014,True
5.768402,4,51.629892,0.9603980382388668,0.03200000000000003,True
5.469142,3,51.639254,0.9637259307043948,0.02400000000000002,True
5.863001,6,51.655468,0.9635962595551418,0.04800000000000004,True
5.743702,4,51.66709,0.9598773357752046,0.03200000000000003,True
5.803812,4,51.678953,0.9603450540879094,0.03200000000000003,True
6.06277,4,51.690619,0.9628949871341154,0.03200000000000003,True
5.493345,3,51.699958,0.9636985102186645,0.02400000000000002,True
6.048876,5,51.713967,0.9608080015368483,0.040000000000000036,True
5.638205,4,51.72533,0.9636835166942773,0.03200000000000003,True
5.413495,4,51.73712,0.9648781597498275,0.03200000000000003,True
5.754981,4,51.749127,0.959032545828874,0.03200000000000003,True
5.590195,4,51.761272,0.9637747200873811,0.03200000000000003,True
5.617424,4,51.773698,0.957420283067073,0.03200000000000003,True
5.667234,3,51.783541,0.9611202187559005,0.02400000000000002,True
5.465261,4,51.796101,0.9596582183287536,0.03200000000000003,True
5.714609,4,51.808495,0.9593318243628501,0.03200000000000003,True
5.541112,3,51.818819,0.9598515265305627,0.02400000000000002,True
5.607797,4,51.831884,0.9631607695243916,0.03200000000000003,True
5.779291,4,51.845084,0.9619094558726576,0.03200000000000003,True
5.795988,4,51.856169,0.9649302821805437,0.03200000000000003,True
5.758531,4,52.568518,0.9620011922872768,0.03200000000000003,True
5.626093,4,52.581599,0.9607740204391324,0.03200000000000003,True
5.628486,3,52.592428,0.9627491161625135,0.02400000000000002,True
5.71406,3,52.602122,0.9609787411789465,0.02400000000000002,True
5.5752,3,52.612305,0.9587470024052411,0.02400000000000002,True
5.524758,4,52.626528,0.9610197514709804,0.03200000000000003,True
5.306326,2,52.633869,0.9617203530024022,0.016000000000000014,True
5.467096,4,52.647213,0.961880634662339,0.03200000000000003,True
5.53809,5,52.665578,0.9605030590440088,0.040000000000000036,True
5.618238,3,52.676005,0.9598983875348358,0.02400000000000002,True
5.604359,5,52.690374,0.9589449506432057,0.040000000000000036,True
5.782719,4,52.704609,0.9585768207642194,0.03200000000000003,True
5.601956,3,52.714898,0.9581827844916847,0.02400000000000002,True
5.595921,4,52.727597,0.9594669745429769,0.03200000000000003,True
5.66237,4,52.740029,0.9637608077997315,0.03200000000000003,True
5.624884,3,52.748857,0.9605116090415513,0.02400000000000002,True
5.782508,4,52.76225,0.9604162074770783,0.03200000000000003,True
5.775064,3,52.772274,0.960740651981641,0.02400000000000002,True
5.574274,4,52.785044,0.9651750404695425,0.03200000000000003,True
5.626277,5,52.799711,0.9636631016104588,0.040000000000000036,True
5.706302,4,52.814254,0.9591185691573301,0.03200000000000003,True
5.408084,5,52.830744,0.9622489753962191,0.040000000000000036,True
5.920922,4,52.843126,0.9651048895177214,0.03200000000000003,True
5.698839,4,52.854748,0.9611259260570719,0.03200000000000003,True
5.531358,4,52.866047,0.9624224587240306,0.03200000000000003,True
5.745369,3,52.875284,0.9629514954211438,0.02400000000000002,True
5.458584,4,52.886445,0.9645421206416612,0.03200000000000003,True
5.852202,4,52.898348,0.9601235376819108,0.03200000000000003,True
5.552615,4,52.910776,0.9619986281208194,0.03200000000000003,True
5.856127,4,52.927176,0.9610731121076261,0.03200000000000003,True
5.513404,4,52.941536,0.9618358560403412,0.03200000000000003,True
5.643392,5,52.956203,0.9676181930311248,0.040000000000000036,True
5.527364,5,52.970827,0.9628239134859078,0.040000000000000036,True
5.696957,5,52.986665,0.9646804512026363,0.040000000000000036,True
5.649682,4,52.998042,0.9611930083413032,0.03200000000000003,True
5.709318,4,53.010653,0.96021173037247,0.03200000000000003,True
5.723453,4,53.021272,0.9665750034468255,0.03200000000000003,True
5.674362,3,53.03029,0.9631550669114142,0.02400000000000002,True
5.586078,4,53.042864,0.9605706242657115,0.03200000000000003,True
5.466807,3,53.05232,0.9592704522500325,0.02400000000000002,True
5.853183,4,53.064759,0.9588731718385208,0.03200000000000003,True
5.816496,4,53.077861,0.961791493337465,0.03200000000000003,True
5.592277,3,53.08753,0.9608174578766949,0.02400000000000002,True
5.557924,3,53.096528,0.9611597611814211,0.02400000000000002,True
5.753345,4,53.10859,0.9612491231100775,0.03200000000000003,True
5.800101,4,53.122513,0.9653177380868154,0.03200000000000003,True
5.599612,4,53.134814,0.9618865256579414,0.03200000000000003,True
5.617772,5,53.150598,0.9626546920592268,0.040000000000000036,True
5.779672,4,53.163695,0.9600360119424785,0.03200000000000003,True
5.468482,3,53.174244,0.9587007196868786,0.02400000000000002,True
5.493773,4,53.186843,0.9612687661636479,0.03200000000000003,True
5.667167,4,53.199848,0.9662124452209375,0.03200000000000003,True
5.528541,3,53.210551,0.9610392038117554,0.02400000000000002,True
5.768704,5,53.226366,0.9603936164063118,0.040000000000000036,True
5.522075,3,53.23447,0.9594129049278274,0.02400000000000002,True
5.682977,4,53.247039,0.9592633956052445,0.03200000000000003,True
5.513544,3,53.256105,0.9709791879878856,0.02400000000000002,True
5.555869,3,53.265054,0.9631238380003228,0.02400000000000002,True
5.936044,4,53.278003,0.9652736209314619,0.03200000000000003,True
5.773225,3,53.285878,0.9598637845766307,0.02400000000000002,True
5.684388,5,53.302225,0.9594667992285718,0.040000000000000036,True
5.491147,5,53.316062,0.9608730747998085,0.040000000000000036,True
5.537874,4,53.328133,0.9610738439456564,0.03200000000000003,True
5.524308,3,53.337271,0.9610344982392943,0.02400000000000002,True
5.673983,3,53.34574,0.9635075308280239,0.02400000000000002,True
5.723059,4,53.357836,0.9624245182157285,0.03200000000000003,True
5.777228,3,53.36679,0.9598412204179599,0.02400000000000002,True
5.504827,4,54.066448,0.9610802822185481,0.03200000000000003,True
5.809614,4,54.078905,0.9605952577311287,0.03200000000000003,True
5.790614,4,54.090953,0.9610453823757863,0.03200000000000003,True
5.77384,5,54.106177,0.9693359243752142,0.040000000000000036,True
5.363067,4,54.118111,0.9631383746602252,0.03200000000000003,True
5.722146,4,54.130319,0.9612043991488675,0.03200000000000003,True
5.531799,3,54.13993,0.9632777727849121,0.02400000000000002,True
5.583306,3,54.146972,0.9618350414731908,0.02400000000000002,True
5.799104,4,54.158385,0.9570256600096876,0.03200000000000003,True
5.357762,2,54.165964,0.9595999308951437,0.016000000000000014,True
5.660488,3,54.174642,0.964127672713278,0.02400000000000002,True
5.513896,4,54.186436,0.9603397542325156,0.03200000000000003,True
5.536804,5,54.201292,0.9576050525115591,0.040000000000000036,True
5.416665,4,54.214731,0.9576636867156092,0.03200000000000003,True
5.631877,4,54.230549,0.9605995068796676,0.03200000000000003,True
5.492931,3,54.241933,0.9589785452818863,0.02400000000000002,True
5.475123,3,54.252117,0.9616255822223838,0.02400000000000002,True
5.706669,5,54.272294,0.9609939044577923,0.040000000000000036,True
6.050122,4,54.289535,0.9599048420031042,0.03200000000000003,True
5.573193,4,54.302362,0.9577817178916067,0.03200000000000003,True
5.916038,4,54.316322,0.9612025481983102,0.03200000000000003,True
5.819212,4,54.328681,0.9596785144288356,0.03200000000000003,True
5.697577,4,54.341678,0.9608957005242325,0.03200000000000003,True
5.568379,4,54.352175,0.9568399554520275,0.03200000000000003,True
5.825755,4,54.363678,0.9679524165991875,0.03200000000000003,True
5.893528,4,54.375232,0.9613037141710167,0.03200000000000003,True
5.713429,3,54.384373,0.9587478267866544,0.02400000000000002,True
5.672423,5,54.399769,0.9565702876805674,0.040000000000000036,True
5.447756,3,54.410122,0.9586780911796449,0.02400000000000002,True
5.847293,4,54.424512,0.9638288788790301,0.03200000000000003,True
5.865894,5,54.443837,0.9613225627112305,0.040000000000000036,True
5.800367,4,54.45902,0.9595850403640709,0.03200000000000003,True
5.511059,4,54.471917,0.9674942751272084,0.03200000000000003,True
5.883544,5,54.488274,0.9583548720305357,0.040000000000000036,True
5.975975,3,54.497817,0.9635277501134234,0.02400000000000002,True
5.478444,4,54.512752,0.9600325941711106,0.03200000000000003,True
5.417061,5,54.530383,0.9575595932547563,0.040000000000000036,True
5.806064,3,54.54043,0.96606650800001,0.02400000000000002,True
5.559354,5,54.558875,0.9594695593159139,0.040000000000000036,True
5.46254,3,54.570473,0.9625116689787939,0.02400000000000002,True
5.843709,5,54.585705,0.9605258480562222,0.040000000000000036,True
5.983502,5,54.60155,0.9601551717971379,0.040000000000000036,True
5.540508,3,54.609621,0.9606420266492668,0.02400000000000002,True
5.555046,4,54.622014,0.9596208595474507,0.03200000000000003,True
5.727742,5,54.637539,0.9642515185532552,0.040000000000000036,True
5.495769,5,54.653708,0.9586031902964338,0.040000000000000036,True
5.544905,4,54.664979,0.9611713728120354,0.03200000000000003,True
5.507728,4,54.677912,0.9632968116595553,0.03200000000000003,True
5.544039,4,54.689148,0.9585860531933953,0.03200000000000003,True
5.741803,5,54.705145,0.9571238173556186,0.040000000000000036,True
5.810664,4,54.716006,0.9652795248758335,0.03200000000000003,True
5.788521,4,54.728741,0.9598391090864404,0.03200000000000003,True
5.769079,4,54.741716,0.9669882423930953,0.03200000000000003,True
5.452246,3,54.751334,0.9615190961618894,0.02400000000000002,True
5.717052,3,54.760756,0.9642901210785834,0.02400000000000002,True
5.429224,3,54.770171,0.9613819722490373,0.02400000000000002,True
6.094654,4,54.781909,0.9634661609371461,0.03200000000000003,True
5.613712,3,54.791382,0.9639261957369051,0.02400000000000002,True
5.549122,4,54.803052,0.9622915325269297,0.03200000000000003,True
5.836937,5,54.817743,0.9611928034122194,0.040000000000000036,True
5.631969,5,54.832573,0.9609661361868898,0.040000000000000036,True
5.342718,2,54.93162,0.9621035810813852,0.016000000000000014,True
5.598897,4,54.945157,0.962166034000598,0.03200000000000003,True
5.701994,3,54.957081,0.9613937163110016,0.02400000000000002,True
5.494089,3,54.967403,0.9591233788237612,0.02400000000000002,True
5.872073,4,55.68953,0.9612954410013875,0.03200000000000003,True
5.863232,4,55.698725,0.9623064503609642,0.03200000000000003,True
5.757964,5,55.710938,0.9597019361591932,0.040000000000000036,True
5.775774,4,55.720051,0.9613014798613684,0.03200000000000003,True
5.910993,4,55.730403,0.9633941751775504,0.03200000000000003,True
5.6781,3,55.737621,0.9629351607725694,0.02400000000000002,True
5.589083,3,55.743715,0.9602126797516884,0.02400000000000002,True
5.710868,4,55.754068,0.9619210804903922,0.03200000000000003,True
5.739292,4,55.764021,0.9629056853750071,0.03200000000000003,True
5.649835,5,55.774795,0.9609772983115147,0.040000000000000036,True
5.927515,3,55.782278,0.9573197420705273,0.02400000000000002,True
5.465902,3,55.789006,0.962625755351623,0.02400000000000002,True
5.495936,2,55.793457,0.9571454013832654,0.016000000000000014,True
5.625822,3,55.80097,0.9632957788584593,0.02400000000000002,True
5.804595,4,55.814876,0.9630860455560091,0.03200000000000003,True
6.07118,4,55.825305,0.9624480193704961,0.03200000000000003,True
5.466864,4,55.83584,0.9606772749823149,0.03200000000000003,True
5.648512,3,55.844281,0.9622049687169685,0.02400000000000002,True
5.847139,4,55.854553,0.9611943034294619,0.03200000000000003,True
5.422891,5,55.866202,0.9642364589876482,0.040000000000000036,True
5.619588,4,55.876048,0.9628399814891049,0.03200000000000003,True
5.578694,3,55.88305,0.958320390306368,0.02400000000000002,True
5.492915,3,55.889876,0.9574433075798827,0.02400000000000002,True
5.699118,3,55.897425,0.9635754684298189,0.02400000000000002,True
5.655038,3,55.90632,0.9587029616287717,0.02400000000000002,True
5.485981,3,55.914703,0.9653069631302138,0.02400000000000002,True
5.649411,3,55.922834,0.9594502285788199,0.02400000000000002,True
5.470177,3,55.931833,0.9611865148972043,0.02400000000000002,True
5.601738,3,55.939302,0.9621512300122045,0.02400000000000002,True
5.955284,4,55.949936,0.9618902358825872,0.03200000000000003,True
5.440348,3,55.959272,0.9581567578024263,0.02400000000000002,True
5.493231,5,55.972753,0.9592080001123295,0.040000000000000036,True
5.572163,3,55.979326,0.9614256117951422,0.02400000000000002,True
5.525963,3,55.98766,0.9611395804631843,0.02400000000000002,True
5.746683,5,55.999091,0.9588850416106418,0.040000000000000036,True
5.678454,4,56.009113,0.9614251657744662,0.03200000000000003,True
5.623305,5,56.02034,0.9584436053610098,0.040000000000000036,True
5.674717,4,56.029512,0.9628242032810344,0.03200000000000003,True
5.773359,5,56.041858,0.9602840547066838,0.040000000000000036,True
5.755471,4,56.05364,0.9608739005265687,0.03200000000000003,True
5.758934,4,56.064826,0.9624387137899247,0.03200000000000003,True
5.484962,3,56.07751,0.96269454228137,0.02400000000000002,True
5.717715,4,56.08841,0.9657879267310086,0.03200000000000003,True
5.551488,3,56.09584,0.9614652128194081,0.02400000000000002,True
5.760886,3,56.104933,0.9613530374701037,0.02400000000000002,True
5.846122,4,56.115976,0.9617472512757237,0.03200000000000003,True
5.904887,4,56.127417,0.9620772532464279,0.03200000000000003,True
5.70373,4,56.138743,0.9674288120396718,0.03200000000000003,True
5.507345,3,56.147816,0.9590338517004231,0.02400000000000002,True
5.483798,4,56.158041,0.9612066818247045,0.03200000000000003,True
5.598173,4,56.170097,0.9592118847054103,0.03200000000000003,True
5.685134,4,56.181669,0.9621579885680739,0.03200000000000003,True
5.825776,5,56.202261,0.9593931896659941,0.040000000000000036,True
5.810563,5,56.219454,0.9592679206570822,0.040000000000000036,True
5.546143,4,56.230563,0.9587887716076322,0.03200000000000003,True
5.716078,4,56.242487,0.9591547807528112,0.03200000000000003,True
5.677053,3,56.251282,0.9629551718425999,0.02400000000000002,True
5.506629,4,56.262021,0.9611930501456212,0.03200000000000003,True
5.58256,4,56.271788,0.9576423310118007,0.03200000000000003,True
5.489688,3,56.279737,0.9645306943459776,0.02400000000000002,True
5.697305,3,56.287962,0.9628374778912911,0.02400000000000002,True
5.821654,5,56.300624,0.9585338728540242,0.040000000000000036,True
5.691871,3,56.307963,0.9613302435951558,0.02400000000000002,True
5.631157,4,56.318271,0.9656447414148093,0.03200000000000003,True
5.545528,3,56.326665,0.9571698701771525,0.02400000000000002,True
5.977305,5,56.346078,0.9603935692809931,0.040000000000000036,True
5.729997,4,56.35696,0.9640522036016077,0.03200000000000003,True
5.636662,3,56.364396,0.9650726850122568,0.02400000000000002,True
5.719853,5,56.9338,0.9594724830397232,0.040000000000000036,True
5.642462,4,56.943521,0.9639107980165784,0.03200000000000003,True
5.534022,4,56.953492,0.9608089655619172,0.03200000000000003,True
5.556511,5,56.964819,0.9603426660633887,0.040000000000000036,True
5.622779,5,56.976251,0.9575541263615007,0.040000000000000036,True
5.804015,4,56.985561,0.9606764395308128,0.03200000000000003,True
5.919297,4,56.996563,0.9597320544245079,0.03200000000000003,True
5.798962,4,57.006682,0.9591274278261286,0.03200000000000003,True
5.522755,4,57.016073,0.9611954252512882,0.03200000000000003,True
5.787546,4,57.02509,0.9639573880981063,0.03200000000000003,True
5.51245,4,57.034162,0.9617011471366593,0.03200000000000003,True
5.637235,5,57.046548,0.9590293561490323,0.040000000000000036,True
5.426699,2,57.051334,0.9621193236593781,0.016000000000000014,True
5.768751,5,57.063491,0.9623456753646172,0.040000000000000036,True
5.737572,4,57.074326,0.9613514034840698,0.03200000000000003,True
5.794633,4,57.083535,0.9581550465300877,0.03200000000000003,True
5.442666,4,57.093254,0.9599806613819761,0.03200000000000003,True
5.77634,4,57.102927,0.9602005066989454,0.03200000000000003,True
5.730038,3,57.110022,0.9627135047729645,0.02400000000000002,True
5.788587,4,57.118649,0.9601295769108416,0.03200000000000003,True
6.116101,4,57.128613,0.9570957487855232,0.03200000000000003,True
5.607225,3,57.136935,0.9631248808824436,0.02400000000000002,True
5.527373,3,57.144225,0.9635907313769869,0.02400000000000002,True
5.73851,4,57.153825,0.9641958430915019,0.03200000000000003,True
5.830409,2,57.158092,0.9627996302511802,0.016000000000000014,True
5.436749,3,57.164936,0.9587041809254846,0.02400000000000002,True
5.568402,3,57.172354,0.9613756447917772,0.02400000000000002,True
5.64016,5,57.183956,0.9588753072629118,0.040000000000000036,True
5.800918,5,57.195943,0.9626490570207941,0.040000000000000036,True
6.021491,4,57.205521,0.9597876381465267,0.03200000000000003,True
5.686601,3,57.213059,0.9607974917580324,0.02400000000000002,True
5.633,4,57.222577,0.9631479962892567,0.03200000000000003,True
5.410086,3,57.230311,0.9632406713239785,0.02400000000000002,True
5.629496,4,57.239693,0.9616774674143329,0.03200000000000003,True
5.739944,4,57.250426,0.956964682186033,0.03200000000000003,True
5.824393,4,57.260165,0.9568850558358416,0.03200000000000003,True
5.934011,5,57.271544,0.95767272465975,0.040000000000000036,True
5.81983,4,57.282346,0.960779576885643,0.03200000000000003,True
5.640728,4,57.291459,0.9587281065491653,0.03200000000000003,True
5.654654,4,57.300678,0.957717514542439,0.03200000000000003,True
5.904982,4,57.310161,0.9572160928847784,0.03200000000000003,True
6.057556,4,57.31911,0.9588463813026065,0.03200000000000003,True
5.562551,5,57.329988,0.9611425591270765,0.040000000000000036,True
5.539063,4,57.339298,0.9586011052187644,0.03200000000000003,True
5.679913,4,57.348189,0.9598106358841545,0.03200000000000003,True
5.688477,5,57.360241,0.9614251903561019,0.040000000000000036,True
6.004621,4,57.369088,0.9633051715274937,0.03200000000000003,True
5.584334,5,57.380406,0.9624666564575404,0.040000000000000036,True
5.62109,4,57.38994,0.963323308801805,0.03200000000000003,True
5.537914,4,57.39917,0.9608956195365255,0.03200000000000003,True
5.453534,4,57.408995,0.9592034480763076,0.03200000000000003,True
5.456007,3,57.416419,0.9605398810391607,0.02400000000000002,True
5.591628,4,57.431028,0.9583180417532217,0.03200000000000003,True
5.921527,3,57.44169,0.9605950931440163,0.02400000000000002,True
5.453944,4,57.456241,0.962129841029109,0.03200000000000003,True
5.595392,4,57.466086,0.9613055267004356,0.03200000000000003,True
5.494572,4,57.476105,0.959447926947192,0.03200000000000003,True
5.765583,4,57.485313,0.9657708848760403,0.03200000000000003,True
5.421648,3,57.493115,0.9577037942385461,0.02400000000000002,True
5.932261,5,57.503647,0.963602353605325,0.040000000000000036,True
5.413463,5,57.515616,0.9614034712473085,0.040000000000000036,True
5.462741,4,57.52488,0.9571307060791445,0.03200000000000003,True
6.023797,4,57.534392,0.9617696989638884,0.03200000000000003,True
5.593987,5,57.545277,0.9570854444537631,0.040000000000000036,True
5.637521,3,57.552775,0.9614891303313646,0.02400000000000002,True
5.822316,4,58.070952,0.9599140146364905,0.03200000000000003,True
5.853052,2,58.076749,0.9569241657137324,0.016000000000000014,True
5.842109,3,58.083531,0.96009685857254,0.02400000000000002,True
5.63342,4,58.095596,0.9634675125862757,0.03200000000000003,True
5.622626,4,58.106421,0.9585043530960773,0.03200000000000003,True
5.588801,4,58.117275,0.9615915516740512,0.03200000000000003,True
5.6267,4,58.126613,0.9568223150420845,0.03200000000000003,True
5.463347,3,58.134239,0.9637345595511142,0.02400000000000002,True
5.752963,4,58.143076,0.958524385643281,0.03200000000000003,True
5.82199,4,58.152363,0.9590576600348075,0.03200000000000003,True
5.473494,4,58.16081,0.959599696372391,0.03200000000000003,True
5.484647,3,58.16777,0.9630614318727475,0.02400000000000002,True
5.775079,4,58.176836,0.9587136621562029,0.03200000000000003,True
5.42973,3,58.18564,0.9626400411615548,0.02400000000000002,True
5.91334,3,58.192299,0.9599219872071127,0.02400000000000002,True
5.505331,4,58.202046,0.9616868223218259,0.03200000000000003,True
5.341888,2,58.20646,0.961267775826217,0.016000000000000014,True
6.072503,4,58.215751,0.9651704739643859,0.03200000000000003,True
5.459814,3,58.223856,0.9630534116266052,0.02400000000000002,True
5.61988,5,58.234615,0.9609898331530544,0.040000000000000036,True
5.445123,2,58.240401,0.9618958449477901,0.016000000000000014,True
5.906875,5,58.251999,0.962463015938847,0.040000000000000036,True
5.41643,2,58.256837,0.961907491729328,0.016000000000000014,True
5.748216,4,58.266478,0.9634594005195511,0.03200000000000003,True
5.734741,5,58.279547,0.9591371334745424,0.040000000000000036,True
5.759702,4,58.289085,0.9616905255616782,0.03200000000000003,True
5.640916,5,58.300524,0.9658321818472724,0.040000000000000036,True
5.830422,4,58.308631,0.9608772337126508,0.03200000000000003,True
5.804538,5,58.32053,0.9590701108365141,0.040000000000000036,True
5.604925,3,58.327346,0.9579328609583655,0.02400000000000002,True
5.833167,5,58.339027,0.9600197068907126,0.040000000000000036,True
6.00588,3,58.346023,0.9579813897893528,0.02400000000000002,True
5.661244,4,58.356188,0.961863239148037,0.03200000000000003,True
5.620198,5,58.366488,0.9616033969409692,0.040000000000000036,True
5.696044,3,58.37448,0.9594946868743193,0.02400000000000002,True
6.012943,4,58.383604,0.9573932329561761,0.03200000000000003,True
5.436688,4,58.392679,0.9613766287426193,0.03200000000000003,True
5.654401,3,58.400445,0.9620593726895418,0.02400000000000002,True
5.623553,4,58.410011,0.9576766983155962,0.03200000000000003,True
5.82369,4,58.419662,0.9626240703247844,0.03200000000000003,True
5.635412,4,58.429891,0.9639379709110918,0.03200000000000003,True
5.599466,5,58.442004,0.9638971149285878,0.040000000000000036,True
5.705413,4,58.451715,0.9612100562193402,0.03200000000000003,True
5.758486,5,58.464594,0.9623842013374705,0.040000000000000036,True
5.587421,4,58.478103,0.9620711340215037,0.03200000000000003,True
5.603921,3,58.488658,0.9632761076007206,0.02400000000000002,True
5.715888,3,58.498832,0.9627641093505165,0.02400000000000002,True
5.710803,4,58.508045,0.9590013199803383,0.03200000000000003,True
5.866946,5,58.52142,0.9633749145919571,0.040000000000000036,True
5.879777,4,58.530602,0.9606171959928805,0.03200000000000003,True
5.681074,5,58.541397,0.9609725952982922,0.040000000000000036,True
5.814457,5,58.5533,0.957006041998095,0.040000000000000036,True
5.805042,4,58.561943,0.9633578591726865,0.03200000000000003,True
5.871162,3,58.56904,0.9618252492638182,0.02400000000000002,True
5.638646,2,58.57393,0.9620217497996443,0.016000000000000014,True
5.911544,5,58.585507,0.9614802582973273,0.040000000000000036,True
5.735133,4,58.594775,0.9643390942559289,0.03200000000000003,True
5.665601,4,58.603737,0.9615077439985609,0.03200000000000003,True
5.784998,5,58.615164,0.9630557550629496,0.040000000000000036,True
5.556598,4,58.624833,0.9601348846931219,0.03200000000000003,True
5.554088,3,58.632673,0.9656961650320713,0.02400000000000002,True
6.058757,4,58.642401,0.9571377932709997,0.03200000000000003,True
5.696935,4,58.651381,0.9619664648649612,0.03200000000000003,True
5.490164,3,58.657428,0.9617280374300378,0.02400000000000002,True
5.799005,5,58.669564,0.9614245865184029,0.040000000000000036,True
5.676902,3,58.67705,0.9625287557217439,0.02400000000000002,True
5.962893,4,58.685673,0.9612609705404425,0.03200000000000003,True
5.596957,4,59.204038,0.960073654889857,0.03200000000000003,True
5.541252,5,59.214902,0.957429175192724,0.040000000000000036,True
5.742077,3,59.222814,0.9624590044039163,0.02400000000000002,True
5.786781,5,59.234314,0.9639178714155807,0.040000000000000036,True
5.661717,3,59.24242,0.9631527675850524,0.02400000000000002,True
5.761429,4,59.252219,0.9655725189668953,0.03200000000000003,True
5.860016,3,59.25992,0.9604805789821301,0.02400000000000002,True
5.575769,4,59.26788,0.9570219025732998,0.03200000000000003,True
5.466216,4,59.278352,0.9614682363766257,0.03200000000000003,True
5.960555,4,59.287776,0.9581350143047557,0.03200000000000003,True
5.869702,4,59.297708,0.9630047026476743,0.03200000000000003,True
5.718376,3,59.306076,0.9566198464567817,0.02400000000000002,True
5.782903,5,59.31863,0.9621299929487226,0.040000000000000036,True
5.487123,3,59.326733,0.9649387480813965,0.02400000000000002,True
5.54754,4,59.336568,0.9596421411227384,0.03200000000000003,True
5.651047,5,59.348442,0.9603595107639282,0.040000000000000036,True
5.634123,4,59.358525,0.9635556333588395,0.03200000000000003,True
5.603679,5,59.370083,0.9610673570131189,0.040000000000000036,True
5.454067,4,59.380808,0.9600394024921967,0.03200000000000003,True
5.897827,3,59.387202,0.9635074663225427,0.02400000000000002,True
5.736198,4,59.397757,0.9633169004327219,0.03200000000000003,True
6.006952,4,59.408082,0.9592863975417838,0.03200000000000003,True
5.763113,5,59.421003,0.9604456212966302,0.040000000000000036,True
5.569322,4,59.43161,0.9649329518106553,0.03200000000000003,True
5.489152,4,59.441676,0.9695567567275123,0.03200000000000003,True
5.579188,5,59.452665,0.9626998084378998,0.040000000000000036,True
5.946665,4,59.461872,0.9609945213044322,0.03200000000000003,True
5.536527,4,59.470708,0.9586186172003174,0.03200000000000003,True
5.468983,3,59.478729,0.9649559398517655,0.02400000000000002,True
5.600582,4,59.488082,0.959022913243726,0.03200000000000003,True
5.480542,4,59.497617,0.9683043840345862,0.03200000000000003,True
5.800987,5,59.513268,0.9622741859558893,0.040000000000000036,True
5.616102,3,59.525108,0.960696810567464,0.02400000000000002,True
5.66542,4,59.537871,0.9627226645316107,0.03200000000000003,True
5.647678,4,59.547813,0.9657049964442148,0.03200000000000003,True
5.630682,3,59.556336,0.9592194641372664,0.02400000000000002,True
5.654961,3,59.562109,0.9599226270623441,0.02400000000000002,True
5.830358,4,59.571807,0.9581217471267814,0.03200000000000003,True
5.691943,3,59.579942,0.9593961841917462,0.02400000000000002,True
5.315426,2,59.585526,0.9559124942181566,0.016000000000000014,True
5.691566,3,59.593226,0.9598971923483408,0.02400000000000002,True
5.704762,3,59.600518,0.9630191661301604,0.02400000000000002,True
5.5648,3,59.608368,0.9650266949275759,0.02400000000000002,True
5.606896,4,59.618409,0.961518634244901,0.03200000000000003,True
5.706775,4,59.627802,0.9615057569007152,0.03200000000000003,True
5.798897,4,59.636998,0.9604294352271427,0.03200000000000003,True
5.861351,4,59.646229,0.9605144774996556,0.03200000000000003,True
5.690827,4,59.656194,0.9641189291754846,0.03200000000000003,True
5.437361,3,59.664599,0.9647528825234498,0.02400000000000002,True
5.6951,4,59.675446,0.9639878143777838,0.03200000000000003,True
5.803397,2,59.682836,0.9603566905420167,0.016000000000000014,True
5.663922,5,59.698269,0.9647298312579041,0.040000000000000036,True
5.73613,4,59.707551,0.9640131799736815,0.03200000000000003,True
5.453149,3,59.715425,0.9594751967270663,0.02400000000000002,True
5.71248,4,59.724157,0.9580443897055484,0.03200000000000003,True
5.402357,3,59.730533,0.9637905917819957,0.02400000000000002,True
5.908707,4,59.740418,0.9643152852339805,0.03200000000000003,True
5.543862,4,59.74991,0.9565669540436016,0.03200000000000003,True
5.552638,3,59.756594,0.955696933692493,0.02400000000000002,True
5.712129,3,59.76392,0.9606119862005513,0.02400000000000002,True
5.417103,4,59.775006,0.9621830237749139,0.03200000000000003,True
5.651029,4,59.786326,0.9576252013548963,0.03200000000000003,True
5.770444,4,59.79606,0.9578679444358084,0.03200000000000003,True
5.824416,4,59.808102,0.9613708401414629,0.03200000000000003,True
5.794931,4,59.818628,0.961882030806002,0.03200000000000003,True
5.956024,3,59.827589,0.9703067779221083,0.02400000000000002,True
5.713012,3,59.834979,0.9575202507539795,0.02400000000000002,True
5.894764,4,59.846555,0.9608263565430526,0.03200000000000003,True
5.84105,4,60.376449,0.9622476280348546,0.03200000000000003,True
5.787349,5,60.388364,0.9621699402643924,0.040000000000000036,True
5.637356,4,60.397946,0.9611678683830089,0.03200000000000003,True
5.987381,4,60.408232,0.9610809380485075,0.03200000000000003,True
5.796734,4,60.418436,0.964100877106125,0.03200000000000003,True
5.599208,3,60.425575,0.9595796579997449,0.02400000000000002,True
5.543219,3,60.433719,0.9645970812213012,0.02400000000000002,True
5.525249,4,60.443445,0.9637290119462145,0.03200000000000003,True
5.673911,4,60.45437,0.9608158250278909,0.03200000000000003,True
5.71578,4,60.463649,0.9619005889114963,0.03200000000000003,True
5.341507,3,60.47083,0.9597601471472406,0.02400000000000002,True
5.967977,4,60.482774,0.967616404687595,0.03200000000000003,True
5.5541,4,60.491817,0.9604960446925364,0.03200000000000003,True
5.681743,3,60.498466,0.9604713564187203,0.02400000000000002,True
5.689978,4,60.508769,0.9597259255125659,0.03200000000000003,True
5.6953,4,60.518037,0.9624695997907939,0.03200000000000003,True
5.34881,2,60.523538,0.962267916691946,0.016000000000000014,True
5.829878,4,60.532827,0.9610223145052967,0.03200000000000003,True
5.625858,5,60.550792,0.9614815370256338,0.040000000000000036,True
5.688624,4,60.564538,0.9608983927944692,0.03200000000000003,True
5.619163,4,60.576046,0.9649101820400493,0.03200000000000003,True
5.426185,4,60.584905,0.9634217747474004,0.03200000000000003,True
5.554775,3,60.592705,0.9559542925708246,0.02400000000000002,True
5.900753,3,60.599126,0.9592186275870989,0.02400000000000002,True
5.814204,4,60.608413,0.9661503992653693,0.03200000000000003,True
5.682292,4,60.617658,0.9592306588399604,0.03200000000000003,True
5.726193,4,60.627962,0.9597138199034733,0.03200000000000003,True
5.7092,4,60.638401,0.9634735337823956,0.03200000000000003,True
5.474841,4,60.647868,0.9572078491630847,0.03200000000000003,True
5.671482,3,60.655548,0.9632105757581312,0.02400000000000002,True
5.793682,3,60.663476,0.9624298170432828,0.02400000000000002,True
5.734919,5,60.674487,0.9595206958753265,0.040000000000000036,True
5.478455,4,60.684412,0.9643745978733861,0.03200000000000003,True
5.655245,3,60.691454,0.9571041276600482,0.02400000000000002,True
5.733689,5,60.703106,0.9605641841728174,0.040000000000000036,True
5.875655,4,60.712291,0.962503251706318,0.03200000000000003,True
5.810495,4,60.721673,0.9571479733753256,0.03200000000000003,True
5.515107,3,60.728796,0.9643330952315106,0.02400000000000002,True
5.848645,3,60.736474,0.9616063176473933,0.02400000000000002,True
5.721789,4,60.745416,0.9591211748537374,0.03200000000000003,True
5.89045,5,60.757192,0.961554487994177,0.040000000000000036,True
5.759285,5,60.768543,0.9623816768800277,0.040000000000000036,True
5.454,3,60.775499,0.9563697356114385,0.02400000000000002,True
5.584684,3,60.783255,0.9588287322818176,0.02400000000000002,True
5.640333,4,60.792325,0.9589260594442898,0.03200000000000003,True
5.635156,4,60.803626,0.9636649026584454,0.03200000000000003,True
5.764877,4,60.813007,0.9625087405618944,0.03200000000000003,True
5.725408,4,60.821974,0.961880367648347,0.03200000000000003,True
5.436251,3,60.82851,0.9590319971605163,0.02400000000000002,True
5.588388,5,60.840286,0.9618804668300004,0.040000000000000036,True
5.786698,3,60.847379,0.9593770573935945,0.02400000000000002,True
5.36385,3,60.854628,0.9630718742961011,0.02400000000000002,True
5.673961,3,60.861905,0.9608812973406635,0.02400000000000002,True
5.706847,4,60.870827,0.9583390857650613,0.03200000000000003,True
5.554177,5,60.88144,0.966967383736987,0.040000000000000036,True
5.504792,3,60.888799,0.9599268527959008,0.02400000000000002,True
5.648452,3,60.970978,0.9606882669826613,0.02400000000000002,True
5.431562,4,60.980743,0.9679599533683695,0.03200000000000003,True
5.575205,4,60.990379,0.9620604793726836,0.03200000000000003,True
5.649478,4,61.000502,0.9624024775792219,0.03200000000000003,True
5.461424,3,61.007456,0.9592408704543667,0.02400000000000002,True
5.585203,3,61.01459,0.9602117486223274,0.02400000000000002,True
5.571566,3,61.02207,0.9608158887523173,0.02400000000000002,True
5.556315,3,61.029407,0.9609110017452008,0.02400000000000002,True
5.477362,4,61.038595,0.9603533160945695,0.03200000000000003,True
5.977493,4,61.047796,0.961321380588675,0.03200000000000003,True
5.632594,4,61.057635,0.9619197362683417,0.03200000000000003,True
6.022368,4,61.066594,0.9626123697898369,0.03200000000000003,True
5.534117,3,61.594337,0.9618782116050617,0.02400000000000002,True
5.636926,4,61.608378,0.9620269000368672,0.03200000000000003,True
5.741941,4,61.617748,0.9620625562169153,0.03200000000000003,True
5.699469,4,61.627184,0.9605447229052241,0.03200000000000003,True
5.454847,3,61.634732,0.9626162398445776,0.02400000000000002,True
5.664042,5,61.645907,0.9564577434439973,0.040000000000000036,True
5.968801,4,61.655552,0.964005581487867,0.03200000000000003,True
5.662006,4,61.666056,0.9666862018759643,0.03200000000000003,True
5.411481,4,61.675096,0.9631004574941122,0.03200000000000003,True
5.595083,3,61.681807,0.9578264038236193,0.02400000000000002,True
5.813647,4,61.692113,0.9606272698832254,0.03200000000000003,True
5.68031,4,61.70099,0.96158368691517,0.03200000000000003,True
5.539697,4,61.710996,0.9627604432579584,0.03200000000000003,True
5.474744,4,61.721156,0.9583791482347629,0.03200000000000003,True
5.65683,3,61.729702,0.9606492017505475,0.02400000000000002,True
5.368697,4,61.741483,0.9599895114191594,0.03200000000000003,True
5.552627,4,61.750819,0.9602349010256735,0.03200000000000003,True
5.520911,3,61.75837,0.9588602024247883,0.02400000000000002,True
5.465866,3,61.765793,0.9611949957544585,0.02400000000000002,True
5.56763,2,61.770622,0.9608303560100651,0.016000000000000014,True
5.809014,4,61.781079,0.9590295182909434,0.03200000000000003,True
5.72374,4,61.790902,0.9637479884217413,0.03200000000000003,True
5.711905,3,61.799544,0.95983450326217,0.02400000000000002,True
6.059073,4,61.808948,0.961323299357104,0.03200000000000003,True
5.758183,3,61.817181,0.9595966803612497,0.02400000000000002,True
5.772068,5,61.828709,0.9570356785805497,0.040000000000000036,True
5.695426,3,61.836326,0.9585226962043132,0.02400000000000002,True
5.547239,4,61.846263,0.9612857352350328,0.03200000000000003,True
6.029665,4,61.85479,0.9570830052194802,0.03200000000000003,True
6.052533,4,61.863784,0.9654822443179448,0.03200000000000003,True
5.471385,4,61.872521,0.9630386415109332,0.03200000000000003,True
5.819177,4,61.881436,0.9594908222182496,0.03200000000000003,True
5.381461,3,61.888569,0.9610801670762201,0.02400000000000002,True
5.701308,3,61.895551,0.9661491176175468,0.02400000000000002,True
5.290684,3,61.90295,0.9610939686588627,0.02400000000000002,True
5.50172,4,61.911433,0.9606690509378173,0.03200000000000003,True
5.79905,4,61.920651,0.9614981189900258,0.03200000000000003,True
5.586748,5,61.931432,0.9617574805586504,0.040000000000000036,True
5.705017,5,61.943782,0.962384557739695,0.040000000000000036,True
5.826128,4,61.95409,0.963786019096049,0.03200000000000003,True
5.504498,4,61.963144,0.9596143345236123,0.03200000000000003,True
5.456887,4,61.972194,0.9586724702619687,0.03200000000000003,True
5.50487,4,61.981687,0.963480359350258,0.03200000000000003,True
5.902113,3,61.988983,0.9575760533317248,0.02400000000000002,True
5.748137,4,61.998156,0.9604504103105429,0.03200000000000003,True
5.719592,4,62.008699,0.957037453788776,0.03200000000000003,True
5.466031,3,62.015589,0.9575474743339462,0.02400000000000002,True
5.81265,4,62.023839,0.9624348532620093,0.03200000000000003,True
5.497496,4,62.032692,0.9632396063697423,0.03200000000000003,True
5.583543,3,62.040435,0.959298725026691,0.02400000000000002,True
5.645579,2,62.045009,0.9608328012057219,0.016000000000000014,True
5.512767,4,62.054734,0.9637791659106756,0.03200000000000003,True
5.681878,4,62.063184,0.9597254503737985,0.03200000000000003,True
5.42519,3,62.070062,0.9570113964836469,0.02400000000000002,True
5.430743,4,62.080409,0.9664978072420662,0.03200000000000003,True
5.643345,3,62.087726,0.9594568259583245,0.02400000000000002,True
5.676003,4,62.096895,0.9589599199012662,0.03200000000000003,True
5.769295,4,62.105331,0.9610519075597517,0.03200000000000003,True
5.626557,5,62.117495,0.9645428474475954,0.040000000000000036,True
5.738487,4,62.127248,0.9569854074246161,0.03200000000000003,True
5.571864,5,62.137744,0.9616907733127895,0.040000000000000036,True
5.896374,5,62.150524,0.95621127798832,0.040000000000000036,True
5.780643,4,62.160315,0.9632302148000809,0.03200000000000003,True
5.692367,4,62.170754,0.9603759652376023,0.03200000000000003,True
5.849486,5,62.182955,0.9569520997043779,0.040000000000000036,True
5.689946,4,62.192291,0.9624821547121076,0.03200000000000003,True
5.725579,3,62.200451,0.9581489686960653,0.02400000000000002,True
5.682209,4,62.731773,0.9591383897009187,0.03200000000000003,True
5.706301,4,62.74333,0.9568865505652262,0.03200000000000003,True
5.723327,5,62.75533,0.9609264337822818,0.040000000000000036,True
5.73339,4,62.763952,0.9663849456407358,0.03200000000000003,True
6.005382,4,62.772946,0.9599815961093567,0.03200000000000003,True
5.574272,4,62.782585,0.9580801715292744,0.03200000000000003,True
5.637944,3,62.78938,0.9611822586866092,0.02400000000000002,True
5.563422,2,62.794737,0.9629631910414069,0.016000000000000014,True
5.71312,3,62.801559,0.9588492700926088,0.02400000000000002,True
5.662807,4,62.811661,0.9588475402244462,0.03200000000000003,True
5.551117,3,62.817633,0.9631884011080044,0.02400000000000002,True
5.904538,3,62.825265,0.9660991666452203,0.02400000000000002,True
5.678899,2,62.830336,0.960237212567265,0.016000000000000014,True
5.798928,3,62.837421,0.9604551183034018,0.02400000000000002,True
5.672154,4,62.846637,0.9560364678699347,0.03200000000000003,True
5.752532,4,62.855747,0.9589074320616281,0.03200000000000003,True
5.899247,3,62.862259,0.9599666722990654,0.02400000000000002,True
5.499407,4,62.869674,0.9613681236287388,0.03200000000000003,True
5.640404,3,62.876863,0.9651022884128858,0.02400000000000002,True
5.617974,4,62.885557,0.9643789694262901,0.03200000000000003,True
6.005018,4,62.895308,0.9610249842987346,0.03200000000000003,True
5.740478,4,62.903497,0.9587240477033246,0.03200000000000003,True
5.761071,4,62.913962,0.9620660403515987,0.03200000000000003,True
5.480993,3,62.921329,0.959087748862627,0.02400000000000002,True
5.615689,5,62.93233,0.9673885204144731,0.040000000000000036,True
5.482008,3,62.939931,0.9617135804957635,0.02400000000000002,True
5.558908,4,62.95068,0.9603498052785016,0.03200000000000003,True
5.406226,3,62.958069,0.9604110780330221,0.02400000000000002,True
5.524126,3,62.965619,0.959955717464287,0.02400000000000002,True
5.730953,3,62.97251,0.9594417284536703,0.02400000000000002,True
5.498885,4,62.981706,0.9591570473034566,0.03200000000000003,True
5.666694,5,62.993675,0.9659677549922981,0.040000000000000036,True
5.73605,5,63.005575,0.9614273514920634,0.040000000000000036,True
5.96071,3,63.01331,0.9593376146182948,0.02400000000000002,True
5.755153,4,63.022585,0.9647804858365754,0.03200000000000003,True
5.94228,4,63.031526,0.960588870231981,0.03200000000000003,True
5.680407,4,63.04105,0.9628446656759047,0.03200000000000003,True
5.790971,4,63.050246,0.9621193066330704,0.03200000000000003,True
5.836899,4,63.0595,0.9604083249113227,0.03200000000000003,True
5.594108,3,63.067018,0.9630980859899338,0.02400000000000002,True
5.775698,4,63.076525,0.9576595942734384,0.03200000000000003,True
5.620677,4,63.085488,0.9624589180524121,0.03200000000000003,True
5.74067,3,63.0915,0.9589977132426534,0.02400000000000002,True
5.737878,4,63.100942,0.9571846460302319,0.03200000000000003,True
5.663785,3,63.10817,0.9644227464571282,0.02400000000000002,True
5.554007,3,63.115787,0.9633044110070639,0.02400000000000002,True
5.818728,3,63.12143,0.9655790732422658,0.02400000000000002,True
5.632746,3,63.128495,0.9595326808690936,0.02400000000000002,True
5.742528,4,63.138631,0.9603208107143208,0.03200000000000003,True
5.709283,5,63.150607,0.9590436642847554,0.040000000000000036,True
5.704176,4,63.160989,0.9637829804716115,0.03200000000000003,True
5.482911,4,63.16999,0.962060522060082,0.03200000000000003,True
5.817833,4,63.180095,0.9571319637277462,0.03200000000000003,True
5.908268,5,63.191351,0.959295146085079,0.040000000000000036,True
5.596236,4,63.20123,0.9616555868484851,0.03200000000000003,True
6.07571,4,63.210028,0.9590218905617782,0.03200000000000003,True
6.07686,5,63.220873,0.9632584568963247,0.040000000000000036,True
5.782592,4,63.231326,0.9640170481061866,0.03200000000000003,True
5.637492,4,63.239976,0.9628089965031478,0.03200000000000003,True
5.524423,4,63.249399,0.9575013185553445,0.03200000000000003,True
5.661249,3,63.25666,0.9593377532748522,0.02400000000000002,True
5.550987,3,63.263339,0.9602442864411662,0.02400000000000002,True
5.574869,3,63.271251,0.9662338445049854,0.02400000000000002,True
5.64183,3,63.279332,0.959008832870891,0.02400000000000002,True
5.739537,4,63.28881,0.9623202897445953,0.03200000000000003,True
5.494961,4,63.298206,0.9603979509786361,0.03200000000000003,True
5.817906,4,63.308053,0.9612371349541706,0.03200000000000003,True
5.421102,4,63.317539,0.9631402959480015,0.03200000000000003,True
5.416849,3,63.325364,0.9644683481265233,0.02400000000000002,True
5.908024,3,63.331935,0.9557652584387231,0.02400000000000002,True
5.485718,4,63.875369,0.9634617453898496,0.03200000000000003,True
5.81097,5,63.886766,0.9616973000523602,0.040000000000000036,True
5.578105,4,63.896542,0.9641127662563274,0.03200000000000003,True
5.761579,4,63.906002,0.963325876366864,0.03200000000000003,True
5.739415,4,63.91591,0.964637075021157,0.03200000000000003,True
5.651075,4,63.925619,0.9592092185610145,0.03200000000000003,True
5.621216,3,63.933556,0.9655655391754033,0.02400000000000002,True
5.600153,4,63.942782,0.956910460095402,0.03200000000000003,True
5.780409,4,63.95507,0.9638361027673228,0.03200000000000003,True
5.851907,4,63.966247,0.9646378593325111,0.03200000000000003,True
5.815378,4,63.975716,0.9606775316613085,0.03200000000000003,True
5.747672,4,63.984433,0.965613505177457,0.03200000000000003,True
5.633539,5,63.994924,0.9615077179840483,0.040000000000000036,True
5.765287,5,64.00769,0.9596035347805066,0.040000000000000036,True
5.701627,4,64.01658,0.9605948872924865,0.03200000000000003,True
5.68833,4,64.025596,0.9639873247934814,0.03200000000000003,True
5.605248,3,64.032404,0.960269522081289,0.02400000000000002,True
5.479272,5,64.044866,0.9598236480946143,0.040000000000000036,True
5.679172,4,64.054388,0.9656467329039441,0.03200000000000003,True
5.693482,3,64.061998,0.9623345890808276,0.02400000000000002,True
6.003349,4,64.070261,0.9630024247558013,0.03200000000000003,True
5.557628,4,64.079183,0.9622380007488732,0.03200000000000003,True
5.681911,4,64.087946,0.9592838529844442,0.03200000000000003,True
5.688022,4,64.09684,0.9615350748887184,0.03200000000000003,True
5.656416,5,64.107577,0.9592293670468279,0.040000000000000036,True
5.658124,4,64.116795,0.9645875857340309,0.03200000000000003,True
5.575608,4,64.126294,0.9593714499117205,0.03200000000000003,True
5.618569,3,64.132941,0.9639521917735248,0.02400000000000002,True
5.848836,5,64.144462,0.9626019329171706,0.040000000000000036,True
5.603273,5,64.15604,0.9593445554120207,0.040000000000000036,True
5.488187,4,64.166736,0.9644317896492896,0.03200000000000003,True
5.659915,3,64.174216,0.9644244156723063,0.02400000000000002,True
5.794525,4,64.183248,0.9573901400306295,0.03200000000000003,True
5.471149,4,64.192088,0.960739712363197,0.03200000000000003,True
5.812554,5,64.204622,0.9588895418812502,0.040000000000000036,True
5.54352,4,64.21306,0.961414477608565,0.03200000000000003,True
5.719236,4,64.222378,0.9631127982970988,0.03200000000000003,True
6.016239,4,64.231848,0.9637495688372193,0.03200000000000003,True
5.63486,4,64.242161,0.9587002489171269,0.03200000000000003,True
5.84971,5,64.253834,0.9622723043645125,0.040000000000000036,True
5.758324,4,64.263852,0.9639791051899527,0.03200000000000003,True
5.593536,3,64.270652,0.9606619123339479,0.02400000000000002,True
5.828866,4,64.281007,0.9592634334158676,0.03200000000000003,True
5.661791,3,64.288666,0.9592411942820469,0.02400000000000002,True
5.492863,5,64.2996,0.9629007888186868,0.040000000000000036,True
5.71228,3,64.307326,0.9611816756612446,0.02400000000000002,True
5.770519,5,64.318365,0.964385847001436,0.040000000000000036,True
5.669875,5,64.330304,0.9621696826887132,0.040000000000000036,True
5.709061,4,64.339278,0.9606007309534728,0.03200000000000003,True
5.708856,4,64.349584,0.9649778643253758,0.03200000000000003,True
5.583872,5,64.361516,0.959454067003273,0.040000000000000036,True
5.582027,2,64.36664,0.959155323833448,0.016000000000000014,True
5.568963,4,64.376237,0.9611316569825978,0.03200000000000003,True
5.782514,5,64.387675,0.9596663009906765,0.040000000000000036,True
5.45832,4,64.397089,0.9606829724553986,0.03200000000000003,True
5.824996,4,64.407599,0.959223181662161,0.03200000000000003,True
5.841074,4,64.417341,0.9610532147865039,0.03200000000000003,True
5.678517,4,64.428408,0.9626023649336077,0.03200000000000003,True
5.661889,3,64.435474,0.9620207995711487,0.02400000000000002,True
5.685626,4,64.445291,0.9611836418131543,0.03200000000000003,True
5.521763,5,64.457814,0.9589034847735092,0.040000000000000036,True
5.794101,4,64.468391,0.9630860106790516,0.03200000000000003,True
5.826252,4,64.477797,0.9612997787055968,0.03200000000000003,True
5.851822,4,65.01098,0.9581275529653972,0.03200000000000003,True
5.661281,4,65.020837,0.9604364611479823,0.03200000000000003,True
5.854948,4,65.030614,0.968013554982273,0.03200000000000003,True
6.037406,4,65.040342,0.9665810318314505,0.03200000000000003,True
5.639466,5,65.052597,0.9620177444156923,0.040000000000000036,True
5.793327,4,65.062492,0.9596878621035128,0.03200000000000003,True
5.867332,4,65.072349,0.9610301431075902,0.03200000000000003,True
5.602897,4,65.082226,0.9574370422318227,0.03200000000000003,True
5.370696,2,65.087031,0.9644526373912541,0.016000000000000014,True
5.465062,3,65.094604,0.9580401501206878,0.02400000000000002,True
5.49667,4,65.10559,0.9611809761136804,0.03200000000000003,True
5.847853,5,65.116482,0.9582913992711466,0.040000000000000036,True
6.080865,5,65.130439,0.9618189088600426,0.040000000000000036,True
5.420701,4,65.13948,0.9631208482306033,0.03200000000000003,True
5.696923,3,65.146291,0.964754748464244,0.02400000000000002,True
5.704156,5,65.156864,0.9637025102756068,0.040000000000000036,True
5.765578,3,65.164651,0.9589842465845078,0.02400000000000002,True
5.512663,4,65.176145,0.9582826517759554,0.03200000000000003,True
5.563817,3,65.183123,0.9632882564446107,0.02400000000000002,True
5.791701,2,65.188235,0.9608482388734501,0.016000000000000014,True
5.366858,3,65.196188,0.961623249692611,0.02400000000000002,True
5.543727,4,65.204474,0.9625823497846941,0.03200000000000003,True
5.535281,3,65.21116,0.9556078254734355,0.02400000000000002,True
5.500289,4,65.219877,0.9619036854211318,0.03200000000000003,True
5.488737,4,65.22857,0.9608407727595323,0.03200000000000003,True
5.78653,5,65.240087,0.9633644254116839,0.040000000000000036,True
5.615033,4,65.250044,0.9599985576503364,0.03200000000000003,True
5.677054,4,65.259299,0.9616836238796973,0.03200000000000003,True
5.75127,3,65.266267,0.9566485675617842,0.02400000000000002,True
5.624441,4,65.275625,0.963441719393674,0.03200000000000003,True
5.642008,5,65.28728,0.9608056582523217,0.040000000000000036,True
5.819752,5,65.29935,0.9647785881212776,0.040000000000000036,True
5.828531,4,65.308525,0.9613005563917094,0.03200000000000003,True
5.439802,3,65.316022,0.9566033477194725,0.02400000000000002,True
5.770572,4,65.324888,0.9608499366930422,0.03200000000000003,True
5.553598,3,65.332078,0.9606040408061063,0.02400000000000002,True
5.649654,3,65.339495,0.9607339307872949,0.02400000000000002,True
5.779166,4,65.349695,0.9637456888630882,0.03200000000000003,True
5.888659,4,65.359487,0.9640232658295556,0.03200000000000003,True
5.544564,4,65.369152,0.9618719434282998,0.03200000000000003,True
5.663487,3,65.376179,0.9603100534672904,0.02400000000000002,True
5.74035,3,65.383029,0.9641853838726206,0.02400000000000002,True
5.499361,4,65.392425,0.9597314892719759,0.03200000000000003,True
5.661816,4,65.40211,0.9635532354584633,0.03200000000000003,True
5.841702,4,65.411735,0.9618904984546786,0.03200000000000003,True
5.689548,4,65.42163,0.9592113205657583,0.03200000000000003,True
6.000209,4,65.431404,0.9630572795153626,0.03200000000000003,True
5.465569,4,65.441358,0.9601543522982983,0.03200000000000003,True
5.553512,5,65.454219,0.9641167082786073,0.040000000000000036,True
5.702839,5,65.465185,0.9612811906722974,0.040000000000000036,True
5.854642,4,65.475332,0.9653395457340317,0.03200000000000003,True
5.80013,4,65.48482,0.9628359604377787,0.03200000000000003,True
5.599118,4,65.495046,0.9654341820463286,0.03200000000000003,True
5.870615,4,65.512986,0.9612156409620225,0.03200000000000003,True
5.918584,4,65.528047,0.9659451287417357,0.03200000000000003,True
5.769713,4,65.54219,0.961406996148046,0.03200000000000003,True
5.475938,4,65.555722,0.9629523538763285,0.03200000000000003,True
5.636138,5,65.572699,0.9607923524345384,0.040000000000000036,True
6.037713,5,65.591852,0.96716867088362,0.040000000000000036,True
5.760781,4,65.606337,0.963374763589228,0.03200000000000003,True
5.713112,4,65.619986,0.9637760142888201,0.03200000000000003,True
5.363851,4,65.634202,0.9592292516550064,0.03200000000000003,True
5.534105,3,65.643612,0.9626309957967992,0.02400000000000002,True
5.680044,4,65.656033,0.9597608679924117,0.03200000000000003,True
5.598942,4,65.667025,0.9627721427542684,0.03200000000000003,True
5.408032,2,65.677709,0.9629171965074661,0.016000000000000014,True
5.732223,4,66.458695,0.9581033989184691,0.03200000000000003,True
5.540607,4,66.471489,0.9612237072059758,0.03200000000000003,True
5.419246,3,66.48084,0.9598883034230296,0.02400000000000002,True
5.513325,5,66.496114,0.9588628706468181,0.040000000000000036,True
5.745239,5,66.515431,0.9572251240458327,0.040000000000000036,True
5.972013,4,66.530771,0.962335970681875,0.03200000000000003,True
5.722694,4,66.544472,0.9571366703902917,0.03200000000000003,True
5.789014,5,66.558501,0.9626658108344479,0.040000000000000036,True
5.873029,5,66.572442,0.9615022555630682,0.040000000000000036,True
5.704196,4,66.584375,0.9605925152430024,0.03200000000000003,True
5.805772,3,66.593976,0.9573300502734012,0.02400000000000002,True
5.887616,4,66.605958,0.9618185258335443,0.03200000000000003,True
5.728963,5,66.621358,0.9660307551458147,0.040000000000000036,True
5.532079,4,66.63457,0.9575858348642451,0.03200000000000003,True
5.552326,3,66.643731,0.9625418838021572,0.02400000000000002,True
5.49279,5,66.666383,0.9633495023970698,0.040000000000000036,True
5.70395,3,66.681651,0.9664640004366826,0.02400000000000002,True
6.034914,4,66.695312,0.9678525563140845,0.03200000000000003,True
5.555814,5,66.709547,0.9625574832788883,0.040000000000000036,True
5.713515,3,66.719129,0.959622855229997,0.02400000000000002,True
5.599573,4,66.731086,0.9612266966328273,0.03200000000000003,True
5.796807,5,66.745736,0.9585770635025913,0.040000000000000036,True
5.531613,3,66.754425,0.9611415739235024,0.02400000000000002,True
5.440369,3,66.763544,0.9592533914993273,0.02400000000000002,True
5.614844,4,66.774893,0.9678856752528617,0.03200000000000003,True
5.994974,5,66.788236,0.9574307335710275,0.040000000000000036,True
5.804282,5,66.803804,0.9634401051738611,0.040000000000000036,True
5.749928,3,66.812612,0.9615130578036016,0.02400000000000002,True
5.567699,5,66.833848,0.9598227618043909,0.040000000000000036,True
5.567545,5,66.852073,0.9599817922248042,0.040000000000000036,True
5.531436,3,66.865427,0.9604897826571519,0.02400000000000002,True
5.6396,4,66.879082,0.9676077799221153,0.03200000000000003,True
5.634587,3,66.889088,0.9617576797137872,0.02400000000000002,True
5.69806,2,66.897377,0.9606541015053693,0.016000000000000014,True
5.69315,3,66.90748,0.9632728317867221,0.02400000000000002,True
5.920351,4,66.920189,0.9594163414201624,0.03200000000000003,True
5.503169,4,66.93243,0.9627310800677478,0.03200000000000003,True
5.440914,3,66.943021,0.9594470432300578,0.02400000000000002,True
5.493605,3,66.953131,0.9592059588132561,0.02400000000000002,True
5.649404,5,66.967492,0.958586137664342,0.040000000000000036,True
5.615987,4,66.979319,0.9596643063654287,0.03200000000000003,True
5.759907,5,66.993097,0.9612589155459808,0.040000000000000036,True
5.588594,4,67.005449,0.9587420043192629,0.03200000000000003,True
5.629164,4,67.019297,0.9617714730636673,0.03200000000000003,True
5.451586,3,67.028304,0.963369474080239,0.02400000000000002,True
5.832962,5,67.044794,0.9619149369434563,0.040000000000000036,True
5.654257,4,67.158851,0.9632857051131092,0.03200000000000003,True
6.062785,5,67.177378,0.9627938630804033,0.040000000000000036,True
5.68984,3,67.187626,0.9602317471234492,0.02400000000000002,True
5.538556,5,67.204562,0.9609035857283854,0.040000000000000036,True
5.776912,5,67.222427,0.9591766222206948,0.040000000000000036,True
5.866179,5,67.236861,0.9623686752485086,0.040000000000000036,True
5.795176,5,67.252314,0.9647322356527028,0.040000000000000036,True
5.803436,4,67.266062,0.9621140156013258,0.03200000000000003,True
5.722113,3,67.276317,0.9632554702653142,0.02400000000000002,True
5.735059,4,67.290949,0.9625751380626781,0.03200000000000003,True
5.91889,4,67.303424,0.9618560205918074,0.03200000000000003,True
5.768959,5,67.320326,0.9563881764857318,0.040000000000000036,True
5.87607,4,67.335232,0.9599015861789417,0.03200000000000003,True
5.562563,3,67.345547,0.959408884087881,0.02400000000000002,True
5.65976,4,67.358576,0.9627213543667891,0.03200000000000003,True
5.861295,4,67.373699,0.9640091723366697,0.03200000000000003,True
5.646763,4,67.387622,0.9566515202720369,0.03200000000000003,True
5.769867,5,68.149977,0.9632189933004549,0.040000000000000036,True
5.646248,5,68.167954,0.9607826130779402,0.040000000000000036,True
5.812001,5,68.18579,0.9576770429775869,0.040000000000000036,True
5.758954,4,68.204081,0.9592663659945794,0.03200000000000003,True
5.640042,4,68.218274,0.9601443701863577,0.03200000000000003,True
5.592267,4,68.234622,0.9622581538315869,0.03200000000000003,True
5.894872,4,68.247832,0.9606744653874286,0.03200000000000003,True
5.959868,5,68.265402,0.9640853669167835,0.040000000000000036,True
5.408354,5,68.283123,0.9574799661844808,0.040000000000000036,True
5.481895,3,68.292495,0.9628106924074487,0.02400000000000002,True
6.062879,5,68.307734,0.9567716732886145,0.040000000000000036,True
5.486644,3,68.317262,0.9591588503737236,0.02400000000000002,True
5.632395,3,68.327751,0.9659467448991139,0.02400000000000002,True
5.845379,4,68.340123,0.960335342006801,0.03200000000000003,True
5.801096,4,68.353041,0.961168959081497,0.03200000000000003,True
5.660737,5,68.369299,0.9708467901927343,0.040000000000000036,True
5.541816,2,68.375815,0.9647326847020599,0.016000000000000014,True
5.562409,4,68.38842,0.9653921864426259,0.03200000000000003,True
5.896706,4,68.401716,0.9578424481567471,0.03200000000000003,True
5.752151,4,68.414974,0.9620694621671125,0.03200000000000003,True
5.846866,3,68.424418,0.960157073773623,0.02400000000000002,True
5.667602,4,68.438109,0.958529897178122,0.03200000000000003,True
5.706473,3,68.447753,0.9638271012341852,0.02400000000000002,True
5.718736,4,68.460311,0.9641578334617584,0.03200000000000003,True
5.628041,4,68.474271,0.9570667085162389,0.03200000000000003,True
5.781828,3,68.486037,0.9613210065749682,0.02400000000000002,True
5.559039,4,68.500226,0.9609981448415239,0.03200000000000003,True
5.777425,4,68.513788,0.9593080012390356,0.03200000000000003,True
5.826987,4,68.526255,0.9601843475873908,0.03200000000000003,True
5.417877,2,68.534046,0.9606364223970003,0.016000000000000014,True
5.881118,3,68.543624,0.9592477668771272,0.02400000000000002,True
5.911726,5,68.558976,0.9614948965633723,0.040000000000000036,True
5.796455,3,68.567769,0.9682024965912884,0.02400000000000002,True
5.766227,4,68.580443,0.9588691132652865,0.03200000000000003,True
5.636934,4,68.593658,0.9603684197209432,0.03200000000000003,True
5.830416,4,68.605737,0.9590029961545271,0.03200000000000003,True
5.622586,4,68.617773,0.9594489884165807,0.03200000000000003,True
5.608353,5,68.634296,0.9594435796710942,0.040000000000000036,True
5.608376,5,68.648662,0.9567216397765922,0.040000000000000036,True
5.933313,4,68.661948,0.9582526529000236,0.03200000000000003,True
5.891486,5,68.676034,0.9589876869918538,0.040000000000000036,True
5.556132,4,68.687845,0.9588307735127725,0.03200000000000003,True
5.9005,2,68.695208,0.9620408642312396,0.016000000000000014,True
5.628942,5,68.711318,0.9585991782949627,0.040000000000000036,True
5.706241,3,68.721057,0.9595697480931429,0.02400000000000002,True
5.476104,3,68.730501,0.9613009470563476,0.02400000000000002,True
5.483224,3,68.740412,0.9633196287230712,0.02400000000000002,True
5.767491,4,68.752524,0.9591393337306806,0.03200000000000003,True
5.339407,3,68.762977,0.9615783878363167,0.02400000000000002,True
5.493244,3,68.772876,0.9610171253237046,0.02400000000000002,True
5.697006,3,68.781549,0.9617616325051683,0.02400000000000002,True
5.87334,4,68.795436,0.9641994365044768,0.03200000000000003,True
5.504265,4,68.807012,0.958956955995814,0.03200000000000003,True
5.537388,3,68.815357,0.9657682009033934,0.02400000000000002,True
5.738511,4,68.827028,0.959246145522729,0.03200000000000003,True
5.775414,5,68.843252,0.9587528380039673,0.040000000000000036,True
5.477716,4,68.855608,0.9624613343840457,0.03200000000000003,True
5.507095,3,68.86454,0.9586754917199412,0.02400000000000002,True
5.898415,4,68.876513,0.9605171045318573,0.03200000000000003,True
5.572187,4,68.888465,0.9630234439487542,0.03200000000000003,True
5.690199,4,68.900986,0.9603941846091406,0.03200000000000003,True
5.724451,4,68.912816,0.9666365404088405,0.03200000000000003,True
5.571948,4,68.924817,0.9656531484476792,0.03200000000000003,True
5.707666,4,68.937021,0.9588416297966695,0.03200000000000003,True
5.512317,3,68.945822,0.9632734778449173,0.02400000000000002,True
5.697166,3,68.956298,0.9593965724360749,0.02400000000000002,True
5.511494,4,68.968832,0.9646339181955054,0.03200000000000003,True
5.66533,5,69.774455,0.9610178655597053,0.040000000000000036,True
5.620759,4,69.788741,0.9578847847192054,0.03200000000000003,True
5.48644,3,69.801559,0.9629961024677909,0.02400000000000002,True
5.686364,3,69.811549,0.9618932921402507,0.02400000000000002,True
5.649167,5,69.828832,0.9605714569354611,0.040000000000000036,True
5.562085,4,69.844687,0.9601504634170959,0.03200000000000003,True
5.785699,4,69.859449,0.9570036502684647,0.03200000000000003,True
5.777687,4,69.874116,0.9596288148845878,0.03200000000000003,True
5.710391,5,69.892079,0.9682475078506758,0.040000000000000036,True
5.676038,5,69.909252,0.960011821652863,0.040000000000000036,True
5.494398,2,69.916747,0.9612463118731311,0.016000000000000014,True
5.589599,4,69.929378,0.9604454791507335,0.03200000000000003,True
5.778776,5,69.944288,0.9588540319446864,0.040000000000000036,True
5.814078,4,69.957652,0.9602806188064106,0.03200000000000003,True
5.617219,4,69.970034,0.9591829170006266,0.03200000000000003,True
5.583518,3,69.980253,0.9586675314154907,0.02400000000000002,True
5.625402,4,69.992669,0.9648089621299917,0.03200000000000003,True
5.643556,4,70.005116,0.9596395868924262,0.03200000000000003,True
5.878775,4,70.018468,0.9598717854632067,0.03200000000000003,True
5.431782,3,70.029544,0.9607986363953638,0.02400000000000002,True
5.655028,3,70.040176,0.9593230931387995,0.02400000000000002,True
5.387998,3,70.051664,0.9631229581314584,0.02400000000000002,True
5.588873,3,70.063289,0.9620701548865473,0.02400000000000002,True
5.698007,3,70.072818,0.962818025252343,0.02400000000000002,True
5.702188,4,70.082321,0.9660476992471692,0.03200000000000003,True
5.727277,5,70.093521,0.9599708655118953,0.040000000000000036,True
5.955555,5,70.106061,0.9610708432081492,0.040000000000000036,True
5.741803,4,70.115453,0.9609743913762583,0.03200000000000003,True
5.706054,3,70.123077,0.9599799866989007,0.02400000000000002,True
5.559582,5,70.138474,0.9590911093709542,0.040000000000000036,True
5.682532,4,70.151946,0.9600976586769736,0.03200000000000003,True
6.058296,4,70.164835,0.9631864799642165,0.03200000000000003,True
5.665794,4,70.173476,0.9605801746959406,0.03200000000000003,True
5.847427,5,70.18504,0.9604372419887799,0.040000000000000036,True
5.469082,3,70.192528,0.9581974071831679,0.02400000000000002,True
5.561165,4,70.202693,0.9599361968779467,0.03200000000000003,True
5.742708,4,70.212016,0.9661576305798321,0.03200000000000003,True
5.624017,4,70.221063,0.9610211816828357,0.03200000000000003,True
5.655245,5,70.231608,0.9571247889898808,0.040000000000000036,True
5.579238,4,70.241898,0.9588408317193788,0.03200000000000003,True
5.789027,3,70.248666,0.9626332725802286,0.02400000000000002,True
5.401766,3,70.256595,0.9601247392438381,0.02400000000000002,True
5.560182,5,70.267978,0.966628043993689,0.040000000000000036,True
5.588311,3,70.275203,0.9613948856179482,0.02400000000000002,True
5.667407,3,70.281488,0.9598149384493777,0.02400000000000002,True
5.929634,5,70.294697,0.9622981223215856,0.040000000000000036,True
5.703221,3,70.302191,0.9601230338164732,0.02400000000000002,True
5.624064,3,70.309016,0.9572884604192233,0.02400000000000002,True
5.843036,4,70.319343,0.9582019168589682,0.03200000000000003,True
5.828282,3,70.326299,0.9609692982215586,0.02400000000000002,True
5.87673,4,70.335464,0.9591576169572695,0.03200000000000003,True
5.517777,5,70.346183,0.9603020829194847,0.040000000000000036,True
5.728711,4,70.355898,0.9584954407472916,0.03200000000000003,True
5.599621,4,70.364698,0.9619249178642425,0.03200000000000003,True
5.52997,3,70.371578,0.9612484770571013,0.02400000000000002,True
5.442602,2,70.375991,0.959462686946573,0.016000000000000014,True
5.842469,5,70.387725,0.9625629693754563,0.040000000000000036,True
5.758182,4,70.397573,0.9627351437733336,0.03200000000000003,True
5.674608,3,70.404068,0.9625640328362831,0.02400000000000002,True
5.618883,5,70.416807,0.9634465197154893,0.040000000000000036,True
5.386251,3,70.423894,0.9612552466179805,0.02400000000000002,True
5.850457,5,70.435169,0.9583057341979063,0.040000000000000036,True
5.877498,5,70.447501,0.9618300448243486,0.040000000000000036,True
5.597177,4,70.456789,0.9634274059000796,0.03200000000000003,True
5.643865,5,70.466963,0.96151521668926,0.040000000000000036,True
5.792329,5,71.003474,0.9670805083513366,0.040000000000000036,True
5.822815,4,71.012987,0.9624690081500691,0.03200000000000003,True
5.501842,3,71.020356,0.9616043355046335,0.02400000000000002,True
5.869032,5,71.03186,0.9605090849408406,0.040000000000000036,True
5.637755,3,71.039652,0.9624980667284604,0.02400000000000002,True
5.449435,4,71.050174,0.9629750873837463,0.03200000000000003,True
5.719832,4,71.058862,0.9601414386669782,0.03200000000000003,True
5.842775,4,71.068719,0.9606377160928063,0.03200000000000003,True
5.731049,3,71.076996,0.9620911128574948,0.02400000000000002,True
5.72895,4,71.085761,0.9616634067631307,0.03200000000000003,True
5.884868,4,71.095581,0.9590034002009244,0.03200000000000003,True
5.523079,4,71.106222,0.9634794451753355,0.03200000000000003,True
5.815483,4,71.114862,0.9600584988677185,0.03200000000000003,True
5.740081,4,71.124844,0.9568392011702163,0.03200000000000003,True
5.900856,3,71.131874,0.961725052470155,0.02400000000000002,True
5.683977,4,71.142601,0.9607843306447728,0.03200000000000003,True
5.450478,5,71.153968,0.9605822533349728,0.040000000000000036,True
5.519804,4,71.164936,0.9563279974959009,0.03200000000000003,True
5.700065,3,71.175478,0.9589434579372768,0.02400000000000002,True
5.425975,4,71.189971,0.9581170489693244,0.03200000000000003,True
5.681745,4,71.20224,0.9637823041068478,0.03200000000000003,True
5.53552,4,71.211109,0.9632344304158704,0.03200000000000003,True
5.759925,3,71.218552,0.9632093512335503,0.02400000000000002,True
5.634412,5,71.230855,0.9630018774315812,0.040000000000000036,True
5.750826,4,71.240639,0.9612361048689727,0.03200000000000003,True
5.677849,4,71.250374,0.9587801732845859,0.03200000000000003,True
6.023472,5,71.262243,0.9650943407234273,0.040000000000000036,True
5.778585,4,71.271658,0.9598964909200115,0.03200000000000003,True
5.874984,4,71.281,0.9589565538367144,0.03200000000000003,True
5.729759,4,71.290269,0.9598283116619102,0.03200000000000003,True
5.842801,4,71.300139,0.9581195562636367,0.03200000000000003,True
5.611326,4,71.309527,0.9632373733768852,0.03200000000000003,True
5.730215,4,71.319495,0.9607389476833424,0.03200000000000003,True
5.587395,4,71.329009,0.9645788995963713,0.03200000000000003,True
5.659754,4,71.338414,0.9642252847076562,0.03200000000000003,True
5.547638,3,71.34588,0.9647705090215567,0.02400000000000002,True
5.878648,5,71.358794,0.9663226948804575,0.040000000000000036,True
5.789649,4,71.368768,0.9631948357977518,0.03200000000000003,True
5.790629,4,71.378947,0.9614335236298481,0.03200000000000003,True
5.750291,3,71.387383,0.9618943076590475,0.02400000000000002,True
5.822547,4,71.398796,0.9612011361779924,0.03200000000000003,True
5.626191,4,71.408934,0.958975360066444,0.03200000000000003,True
5.562182,4,71.420096,0.958241119228101,0.03200000000000003,True
5.441651,3,71.427695,0.9608504182491948,0.02400000000000002,True
5.629511,5,71.439976,0.9657259611006518,0.040000000000000036,True
5.489531,4,71.44893,0.9562703346522903,0.03200000000000003,True
5.766989,4,71.457988,0.9618901629760727,0.03200000000000003,True
5.437539,3,71.464872,0.9589544749921027,0.02400000000000002,True
6.04983,4,71.474192,0.9603368163553039,0.03200000000000003,True
5.584806,4,71.483344,0.9639125511991091,0.03200000000000003,True
5.781009,5,71.494843,0.9597082152987741,0.040000000000000036,True
5.427474,4,71.505189,0.964914611684252,0.03200000000000003,True
5.580001,3,71.512367,0.9588100517673974,0.02400000000000002,True
5.829072,5,71.525253,0.9571582895929815,0.040000000000000036,True
5.872502,4,71.535057,0.9624678190370954,0.03200000000000003,True
5.848955,4,71.545479,0.9585298680466072,0.03200000000000003,True
6.005623,4,71.555834,0.962475067760089,0.03200000000000003,True
5.454732,3,71.563795,0.9596805993154455,0.02400000000000002,True
5.680054,3,71.572234,0.9607140679973633,0.02400000000000002,True
5.487887,4,71.582591,0.9585938169140169,0.03200000000000003,True
5.547632,4,71.592426,0.9637950066679121,0.03200000000000003,True
5.45417,3,71.600676,0.9629557727389071,0.02400000000000002,True
5.770767,4,71.609616,0.9598876627906396,0.03200000000000003,True
5.50084,3,71.616987,0.9639979210635053,0.02400000000000002,True
5.975332,4,71.626788,0.9617495351410872,0.03200000000000003,True
5.470194,5,71.639302,0.9619601994963871,0.040000000000000036,True
5.829257,5,72.156197,0.9650168227467728,0.040000000000000036,True
5.843008,4,72.165683,0.9634689963868269,0.03200000000000003,True
5.799031,4,72.175581,0.9581816041172775,0.03200000000000003,True
5.652338,4,72.18465,0.9569033603215982,0.03200000000000003,True
5.57339,4,72.194491,0.9625393018492534,0.03200000000000003,True
5.836532,3,72.202984,0.9612471118610993,0.02400000000000002,True
5.572511,5,72.220366,0.9601969543346597,0.040000000000000036,True
5.606965,4,72.234439,0.9620268921387369,0.03200000000000003,True
5.615734,3,72.241812,0.959539055819494,0.02400000000000002,True
6.035907,5,72.254254,0.9590326811019934,0.040000000000000036,True
5.814901,4,72.263711,0.9626738872321237,0.03200000000000003,True
5.84883,4,72.273315,0.9601867734152085,0.03200000000000003,True
5.778153,4,72.282738,0.9614738414793096,0.03200000000000003,True
5.58863,4,72.293648,0.9595698828430713,0.03200000000000003,True
5.48726,4,72.302746,0.9582334042746766,0.03200000000000003,True
5.652834,4,72.313229,0.9661020389357433,0.03200000000000003,True
5.560968,3,72.319433,0.9599244633671911,0.02400000000000002,True
5.552867,3,72.326928,0.9649938364648659,0.02400000000000002,True
5.79601,4,72.336246,0.9605106232678464,0.03200000000000003,True
5.595685,3,72.344056,0.9571780631678948,0.02400000000000002,True
5.70749,3,72.351055,0.9640807351421352,0.02400000000000002,True
5.952356,4,72.360455,0.9606006607402331,0.03200000000000003,True
5.79786,3,72.3679,0.9568920164185948,0.02400000000000002,True
5.586656,4,72.376617,0.9622589574954032,0.03200000000000003,True
5.744232,4,72.385777,0.9667127995945524,0.03200000000000003,True
5.645274,4,72.395278,0.9594284705578829,0.03200000000000003,True
5.818224,4,72.405972,0.9624002550537113,0.03200000000000003,True
5.740191,3,72.414478,0.95781247697281,0.02400000000000002,True
5.700864,4,72.424134,0.9602946327151137,0.03200000000000003,True
5.783579,4,72.434092,0.9620980879462844,0.03200000000000003,True
5.819108,4,72.44405,0.9622139267456808,0.03200000000000003,True
5.773178,5,72.456185,0.9609801999373155,0.040000000000000036,True
5.460408,3,72.463648,0.9613724571754465,0.02400000000000002,True
5.665897,4,72.472016,0.9620169943672785,0.03200000000000003,True
5.505296,3,72.479457,0.9624875112165939,0.02400000000000002,True
5.785372,4,72.488817,0.9607983365963533,0.03200000000000003,True
5.719046,3,72.496104,0.9654855504554766,0.02400000000000002,True
5.768307,5,72.508725,0.9571720783165368,0.040000000000000036,True
5.52704,4,72.519043,0.9711589280917383,0.03200000000000003,True
5.580704,3,72.526748,0.9647466202224788,0.02400000000000002,True
5.597732,4,72.536675,0.9606007069621554,0.03200000000000003,True
5.640338,5,72.547919,0.9618268336484626,0.040000000000000036,True
5.907152,4,72.557211,0.9611193675861733,0.03200000000000003,True
5.663538,4,72.568889,0.9622501162627137,0.03200000000000003,True
5.401305,3,72.576449,0.9623837283999145,0.02400000000000002,True
5.764869,4,72.586084,0.9605106831129103,0.03200000000000003,True
5.852008,4,72.596536,0.9658298758729511,0.03200000000000003,True
6.039758,5,72.608374,0.9605649671260046,0.040000000000000036,True
5.411865,2,72.61401,0.9593418007489294,0.016000000000000014,True
5.850899,4,72.623897,0.9620602930537021,0.03200000000000003,True
5.412577,3,72.630376,0.960982755365961,0.02400000000000002,True
5.761493,4,72.641058,0.9602447103943585,0.03200000000000003,True
5.640614,3,72.647921,0.9633903501689123,0.02400000000000002,True
5.583491,3,72.655288,0.9617140624724289,0.02400000000000002,True
5.466699,4,72.664345,0.9622004300655522,0.03200000000000003,True
5.498171,3,72.672166,0.9619320192898573,0.02400000000000002,True
5.599109,4,72.681435,0.9579191091915722,0.03200000000000003,True
5.535877,3,72.688492,0.9587326823509257,0.02400000000000002,True
5.562583,4,72.698065,0.959686829037759,0.03200000000000003,True
5.513375,4,72.706999,0.9671132999455003,0.03200000000000003,True
5.779095,4,72.716506,0.9608884460430855,0.03200000000000003,True
5.779091,4,72.725418,0.9629250338779404,0.03200000000000003,True
5.473448,4,72.733871,0.9592422475044144,0.03200000000000003,True
5.597709,4,72.743134,0.9572259147304877,0.03200000000000003,True
5.612516,4,72.752363,0.9619248003502527,0.03200000000000003,True
5.797447,5,72.764683,0.9648219739147232,0.040000000000000036,True
5.757186,5,72.7758,0.9670857901572261,0.040000000000000036,True
5.699503,4,73.311595,0.9609675325396423,0.03200000000000003,True
5.629626,3,73.319906,0.9631186148877462,0.02400000000000002,True
5.749483,3,73.326926,0.9640479875773154,0.02400000000000002,True
5.683416,4,73.337168,0.9584298032515042,0.03200000000000003,True
5.646931,4,73.34602,0.9573776982438279,0.03200000000000003,True
5.598749,3,73.353869,0.9596273498653516,0.02400000000000002,True
5.757318,5,73.364582,0.9640949267044987,0.040000000000000036,True
5.863639,5,73.375937,0.9612019287976526,0.040000000000000036,True
5.652388,5,73.38746,0.961013087364432,0.040000000000000036,True
5.5779,4,73.396859,0.9653498014038052,0.03200000000000003,True
5.871215,5,73.408551,0.9640618602017064,0.040000000000000036,True
5.831713,4,73.418323,0.9586831733929908,0.03200000000000003,True
5.466615,2,73.424627,0.9596298239466106,0.016000000000000014,True
6.046536,5,73.436286,0.9591292235664385,0.040000000000000036,True
5.425961,3,73.44464,0.9628964683076942,0.02400000000000002,True
5.406491,4,73.453883,0.9605186606360987,0.03200000000000003,True
5.861674,5,73.464491,0.9606433886798309,0.040000000000000036,True
5.935809,5,73.477548,0.9590716634016236,0.040000000000000036,True
5.759687,4,73.487548,0.9617963237426486,0.03200000000000003,True
5.566496,2,73.491585,0.9583321207364609,0.016000000000000014,True
5.874558,3,73.498925,0.9602192631248752,0.02400000000000002,True
5.480395,4,73.50831,0.9633522661875052,0.03200000000000003,True
5.674428,3,73.516955,0.9569351233036221,0.02400000000000002,True
5.721754,4,73.525523,0.9608122075765901,0.03200000000000003,True
5.646033,4,73.535473,0.9726380155593378,0.03200000000000003,True
5.82902,4,73.545425,0.9623506549060936,0.03200000000000003,True
5.493379,4,73.55438,0.9651017548596731,0.03200000000000003,True
6.024554,4,73.565175,0.9632751358254011,0.03200000000000003,True
5.858542,3,73.574071,0.9631238157785522,0.02400000000000002,True
5.627015,3,73.579578,0.962760284588873,0.02400000000000002,True
5.551133,3,73.587318,0.9593149107015234,0.02400000000000002,True
5.73794,3,73.594687,0.9628728181752428,0.02400000000000002,True
5.621427,3,73.602091,0.9590288004966172,0.02400000000000002,True
5.41764,5,73.61391,0.9615197766352747,0.040000000000000036,True
5.647739,3,73.620781,0.9613679171990285,0.02400000000000002,True
5.622513,4,73.629452,0.9605479853687158,0.03200000000000003,True
5.732743,4,73.639458,0.9656629675215562,0.03200000000000003,True
5.737952,4,73.648021,0.9626470994513996,0.03200000000000003,True
5.87656,4,73.656943,0.9614514545220205,0.03200000000000003,True
5.551834,2,73.662034,0.9590395315494588,0.016000000000000014,True
5.859759,4,73.743511,0.959492868210578,0.03200000000000003,True
5.612743,5,73.755248,0.9586754687610655,0.040000000000000036,True
5.621645,4,73.764621,0.9593162405180163,0.03200000000000003,True
5.731824,4,73.773571,0.9613450375729891,0.03200000000000003,True
5.518774,4,73.782414,0.960189106455831,0.03200000000000003,True
5.600547,5,73.794063,0.9610232785791811,0.040000000000000036,True
6.026807,4,73.803227,0.962092015298477,0.03200000000000003,True
5.786485,4,73.811249,0.9643397631250781,0.03200000000000003,True
6.084369,4,73.82156,0.9597490416014325,0.03200000000000003,True
5.824831,4,73.82953,0.9602052687979694,0.03200000000000003,True
5.547982,3,73.8366,0.9654560805588297,0.02400000000000002,True
5.667659,3,73.843728,0.9592932208113369,0.02400000000000002,True
5.550364,4,73.852557,0.9680620045094307,0.03200000000000003,True
6.010835,5,73.863302,0.9621961339827428,0.040000000000000036,True
5.761076,4,73.871733,0.9569169789288405,0.03200000000000003,True
5.593643,5,73.883637,0.9593782829519739,0.040000000000000036,True
5.650166,3,73.889885,0.9626985091326059,0.02400000000000002,True
5.565805,4,73.898996,0.9631811079814373,0.03200000000000003,True
5.683562,3,73.90573,0.9631152705070598,0.02400000000000002,True
5.816974,4,73.914725,0.9579019242851978,0.03200000000000003,True
5.710722,4,73.924423,0.9598800269570773,0.03200000000000003,True
5.530127,3,73.931934,0.963602590604764,0.02400000000000002,True
5.543084,4,73.94174,0.9634531784155971,0.03200000000000003,True
5.558792,4,73.952412,0.9657128516340705,0.03200000000000003,True
5.527254,4,73.963567,0.9623729980777362,0.03200000000000003,True
5.72782,3,73.971535,0.9648560557326725,0.02400000000000002,True
