#{"t_start": 1790445977.483336, "env_id": "None"}
r,l,t,mean_uncertainty,energy_used,success
-2.150563,30,1.401993,0.9634132924836567,0.2400000000000002,False
-1.98462,30,1.454982,0.9610441431848669,0.2400000000000002,False
-2.009542,30,1.523808,0.9620822860972724,0.2400000000000002,False
-1.700629,30,1.582906,0.9628829895481386,0.2400000000000002,False
5.369817,23,1.628925,0.9598013165557174,0.18400000000000016,True
-2.116491,30,1.681762,0.9610205830358295,0.2400000000000002,False
-2.059414,30,1.736153,0.9634370759358766,0.2400000000000002,False
-2.156328,30,1.792928,0.9586884839184313,0.2400000000000002,False
5.655412,19,1.827411,0.9610376563509329,0.15200000000000014,True
-2.037258,30,2.477943,0.9663979003149594,0.2400000000000002,False
-2.100426,30,2.545185,0.9611964102087416,0.2400000000000002,False
5.286911,29,2.594291,0.9681169471283528,0.2320000000000002,True
-2.513218,30,2.64765,0.9639762035206108,0.2400000000000002,False
-1.796407,30,2.698564,0.9586223156417284,0.2400000000000002,False
-2.255342,30,2.751777,0.9614087836050096,0.2400000000000002,False
-2.275644,30,2.803818,0.9622065070856656,0.2400000000000002,False
-2.324782,30,2.856033,0.9633948072546512,0.2400000000000002,False
-2.351765,30,3.422633,0.960820718619032,0.2400000000000002,False
5.565187,21,3.457596,0.9628228504371257,0.16800000000000015,True
5.477461,18,3.491305,0.9634450410451014,0.14400000000000013,True
5.425791,29,3.553827,0.9643565354027228,0.2320000000000002,True
-1.958748,30,3.615779,0.9611820751044589,0.2400000000000002,False
-1.981687,30,3.666917,0.968617221470534,0.2400000000000002,False
-1.660377,30,3.719293,0.9620218680937871,0.2400000000000002,False
-2.312365,30,3.772903,0.9614161989274133,0.2400000000000002,False
-2.220688,30,3.825264,0.9651045770130733,0.2400000000000002,False
-2.227668,30,4.378455,0.9672721686196504,0.2400000000000002,False
5.315893,24,4.421826,0.95983144959978,0.19200000000000017,True
-1.5987,30,4.476375,0.9601532896801582,0.2400000000000002,False
-1.965425,30,4.532979,0.9634275862720526,0.2400000000000002,False
-2.084473,30,4.597631,0.9585156815945606,0.2400000000000002,False
5.304351,23,4.645845,0.9583457041569988,0.18400000000000016,True
-2.000152,30,4.69715,0.965724505930929,0.2400000000000002,False
5.180987,27,4.741901,0.9624702156824336,0.2160000000000002,True
5.668015,20,4.776605,0.9634974576569499,0.16000000000000014,True
-1.99582,30,4.829641,0.9660739434236549,0.2400000000000002,False
5.485268,22,5.395434,0.9595669036046982,0.17600000000000016,True
5.398525,15,5.423963,0.9579512376716147,0.1200000000000001,True
-1.834563,30,5.476085,0.9605545307938557,0.2400000000000002,False
5.521054,18,5.509161,0.9610962824517537,0.14400000000000013,True
-1.883069,30,5.563211,0.9611390317490518,0.2400000000000002,False
5.555491,15,5.590591,0.9648917077283639,0.1200000000000001,True
5.791065,12,5.610501,0.9616319575226338,0.09600000000000009,True
-1.909648,30,5.673529,0.9646895605435039,0.2400000000000002,False
-1.665161,30,5.726619,0.958944911520986,0.2400000000000002,False
5.54852,18,5.757586,0.9636548670095356,0.14400000000000013,True
-2.132768,30,5.984907,0.9620175540351391,0.2400000000000002,False
-1.762742,30,6.570071,0.9641361229609177,0.2400000000000002,False
5.546962,22,6.609887,0.9673437661307848,0.17600000000000016,True
5.469093,10,6.628202,0.9600621287156778,0.08000000000000007,True
5.223499,25,6.685945,0.9616619271876896,0.20000000000000018,True
5.588406,15,6.712046,0.9627873532167153,0.1200000000000001,True
5.331288,18,6.743452,0.963412890609225,0.14400000000000013,True
5.475117,17,6.776126,0.9608632475254573,0.13600000000000012,True
5.471889,15,6.804525,0.9594856199421438,0.1200000000000001,True
5.683678,7,6.817364,0.962643664474938,0.05600000000000005,True
5.344555,12,6.840225,0.9626345194227885,0.09600000000000009,True
5.815052,3,6.846421,0.9590856674114188,0.02400000000000002,True
-1.628238,30,6.896893,0.9699684037016383,0.2400000000000002,False
5.554488,21,6.935647,0.9636162133341163,0.16800000000000015,True
5.656344,11,6.96034,0.9597292847470364,0.08800000000000008,True
5.425562,17,6.990071,0.9611015130372738,0.13600000000000012,True
5.611056,17,7.020535,0.9647057110662267,0.13600000000000012,True
5.415256,18,7.744707,0.962501854886455,0.14400000000000013,True
5.465208,30,7.840147,0.9687684180007252,0.2400000000000002,True
5.415887,16,7.898818,0.9614450733161554,0.1280000000000001,True
5.670774,6,7.913783,0.962262038913626,0.04800000000000004,True
5.578162,6,7.928122,0.9618074521643426,0.04800000000000004,True
5.286006,25,8.000209,0.9573200240417519,0.20000000000000018,True
5.455381,13,8.030199,0.9639403869714072,0.10400000000000009,True
5.419179,7,8.047581,0.9676858667883226,0.05600000000000005,True
5.627783,11,8.076629,0.9586735286766491,0.08800000000000008,True
5.427596,6,8.091525,0.9673619815124624,0.04800000000000004,True
5.651468,8,8.112646,0.9596391779508142,0.06400000000000006,True
5.324321,20,8.17326,0.9587879802730221,0.16000000000000014,True
5.345948,11,8.202384,0.9582843359920572,0.08800000000000008,True
5.877667,4,8.212101,0.964014871400467,0.03200000000000003,True
5.453633,8,8.232198,0.9617812192233106,0.06400000000000006,True
5.344703,9,8.256556,0.9631006941010709,0.07200000000000006,True
5.826707,5,8.268862,0.9589994143944285,0.040000000000000036,True
5.500925,18,8.316166,0.9609183783113819,0.14400000000000013,True
5.943168,13,8.349628,0.9633171548938452,0.10400000000000009,True
5.340222,11,8.3767,0.9613371041827962,0.08800000000000008,True
5.872487,5,8.390131,0.9594426660674238,0.040000000000000036,True
5.679693,8,8.411,0.9594137075134028,0.06400000000000006,True
5.299322,17,9.166392,0.9605210373078,0.13600000000000012,True
5.776733,8,9.188096,0.9574089961763095,0.06400000000000006,True
5.381698,5,9.201903,0.9588822278870927,0.040000000000000036,True
5.609473,6,9.217206,0.9613303128534987,0.04800000000000004,True
5.430633,12,9.25082,0.9613165815513884,0.09600000000000009,True
5.722371,6,9.266055,0.9603269821208411,0.04800000000000004,True
5.956957,9,9.288129,0.9610054078613222,0.07200000000000006,True
5.848212,4,9.299882,0.959855495280341,0.03200000000000003,True
5.343777,8,9.319662,0.9613905100814728,0.06400000000000006,True
5.568073,3,9.328004,0.9625854286340412,0.02400000000000002,True
5.622484,13,9.36086,0.959939606043085,0.10400000000000009,True
5.623653,8,9.381052,0.9625193089578477,0.06400000000000006,True
5.471209,5,9.396686,0.9592938837808694,0.040000000000000036,True
5.514948,14,9.433908,0.9613760384381234,0.1120000000000001,True
5.71539,3,9.442339,0.9624062257681812,0.02400000000000002,True
5.776562,9,9.469063,0.9606981393249818,0.07200000000000006,True
5.757567,11,9.499984,0.9655214342198305,0.08800000000000008,True
5.590434,17,9.543349,0.961762626492358,0.13600000000000012,True
5.345286,8,9.564375,0.9605623533023444,0.06400000000000006,True
5.685624,7,9.591539,0.9586789301662901,0.05600000000000005,True
5.46952,4,9.602787,0.9595030530843911,0.03200000000000003,True
5.453111,8,9.62505,0.9593720267411721,0.06400000000000006,True
5.155306,30,9.702133,0.9592111105934689,0.2400000000000002,True
5.552632,8,9.724891,0.9588598330220978,0.06400000000000006,True
5.292933,23,9.787668,0.9652504868884264,0.18400000000000016,True
5.532354,6,9.805869,0.9645799893741549,0.04800000000000004,True
5.750885,13,10.565608,0.9593057733820181,0.10400000000000009,True
5.508362,8,10.585062,0.959610279342312,0.06400000000000006,True
5.740695,7,10.604656,0.9616820074002037,0.05600000000000005,True
5.545917,10,10.632325,0.9595080793916939,0.08000000000000007,True
5.545826,5,10.645797,0.9637751240918362,0.040000000000000036,True
5.580473,7,10.66292,0.9573172872140396,0.05600000000000005,True
5.625503,9,10.685421,0.96077075496304,0.07200000000000006,True
5.633998,7,10.704566,0.9572466965948677,0.05600000000000005,True
5.531082,9,10.728138,0.9595379322985637,0.07200000000000006,True
5.462424,5,10.740703,0.9625299656115947,0.040000000000000036,True
5.53995,12,10.772942,0.9630944175679758,0.09600000000000009,True
5.765879,7,10.792241,0.9615012488583349,0.05600000000000005,True
5.473734,13,10.831609,0.9639400628348902,0.10400000000000009,True
5.998327,9,10.856537,0.9567111140413809,0.07200000000000006,True
5.898718,7,10.884985,0.9633754486463066,0.05600000000000005,True
5.376752,13,10.919661,0.9642281269253855,0.10400000000000009,True
5.641583,13,10.962774,0.9597072145981738,0.10400000000000009,True
5.629888,7,10.982355,0.9626014357324318,0.05600000000000005,True
5.530933,7,11.00978,0.9617092967464302,0.05600000000000005,True
5.510674,8,11.038696,0.9638815221850228,0.06400000000000006,True
5.620234,3,11.05002,0.9604058098200206,0.02400000000000002,True
5.461296,7,11.072397,0.9596917407537973,0.05600000000000005,True
5.410875,4,11.083988,0.9640738087586125,0.03200000000000003,True
5.558802,8,11.112864,0.9599597745907897,0.06400000000000006,True
5.499833,7,11.132417,0.9612314522739058,0.05600000000000005,True
5.351347,8,11.154105,0.9579371426930462,0.06400000000000006,True
5.474499,16,11.197942,0.9626364415451321,0.1280000000000001,True
5.549744,13,11.232815,0.9601885911574752,0.10400000000000009,True
5.3947,20,12.086251,0.9607015431040182,0.16000000000000014,True
5.881687,6,12.109363,0.9600163284591396,0.04800000000000004,True
5.774818,10,12.140348,0.9602616868895139,0.08000000000000007,True
5.500397,3,12.145881,0.9618238278926904,0.02400000000000002,True
5.706884,8,12.163814,0.9597092573166053,0.06400000000000006,True
5.682484,9,12.182582,0.9644114036246538,0.07200000000000006,True
5.586952,7,12.195257,0.963510420018445,0.05600000000000005,True
5.603189,5,12.205384,0.9587496528291735,0.040000000000000036,True
5.664471,7,12.219963,0.9634163707109868,0.05600000000000005,True
5.961904,10,12.240602,0.9637331641758103,0.08000000000000007,True
5.843708,7,12.254453,0.9647942905592889,0.05600000000000005,True
5.648314,10,12.274464,0.9594632241071414,0.08000000000000007,True
5.606751,11,12.295767,0.9572069368580305,0.08800000000000008,True
5.635422,7,12.310094,0.9628464993207173,0.05600000000000005,True
5.191898,23,12.353817,0.9637704321229488,0.18400000000000016,True
5.704492,7,12.367702,0.9635077986480907,0.05600000000000005,True
5.450362,13,12.394169,0.9588982380791014,0.10400000000000009,True
5.596234,15,12.423936,0.9602340819490471,0.1200000000000001,True
5.571643,9,12.441114,0.9601065992291011,0.07200000000000006,True
5.752423,7,12.454985,0.9620272927855992,0.05600000000000005,True
5.715345,11,12.475902,0.9601047213446787,0.08800000000000008,True
5.561497,13,12.601112,0.9672709316329875,0.10400000000000009,True
5.62713,8,12.619151,0.9595011473360756,0.06400000000000006,True
5.520727,6,12.63092,0.9591872217101027,0.04800000000000004,True
5.363478,9,12.650001,0.9625301543322764,0.07200000000000006,True
5.497528,5,12.659124,0.9587278753050152,0.040000000000000036,True
5.767136,9,12.67829,0.9609183283336946,0.07200000000000006,True
5.681239,9,12.695547,0.956555725714647,0.07200000000000006,True
5.677212,5,12.705909,0.9566671505071107,0.040000000000000036,True
5.781673,9,13.26823,0.9625072910944916,0.07200000000000006,True
5.773835,10,13.288798,0.9609164325471327,0.08000000000000007,True
5.485512,5,13.30014,0.9637082466602465,0.040000000000000036,True
5.365305,4,13.308797,0.9595686998194939,0.03200000000000003,True
5.66159,7,13.325069,0.959936750410349,0.05600000000000005,True
5.768253,9,13.343683,0.9606185340958493,0.07200000000000006,True
5.510025,5,13.354616,0.9588227710046382,0.040000000000000036,True
5.239832,10,13.37569,0.9609923351080939,0.08000000000000007,True
5.540975,6,13.389153,0.9569737419621707,0.04800000000000004,True
5.532294,7,13.403706,0.9618313373052343,0.05600000000000005,True
5.692053,6,13.415734,0.9600885074063663,0.04800000000000004,True
5.396782,3,13.423601,0.9607229389314125,0.02400000000000002,True
5.905829,4,13.431725,0.959257157957901,0.03200000000000003,True
5.667962,5,13.442629,0.9603109618379074,0.040000000000000036,True
5.817352,9,13.461833,0.9591016824475479,0.07200000000000006,True
5.691178,6,13.474597,0.9567775306129529,0.04800000000000004,True
5.504447,10,13.495264,0.965904910680889,0.08000000000000007,True
5.514082,10,13.514922,0.9584083529718218,0.08000000000000007,True
5.675234,6,13.528718,0.9602317224164568,0.04800000000000004,True
5.693022,4,13.536385,0.963559547848717,0.03200000000000003,True
5.796608,8,13.553709,0.959267497346119,0.06400000000000006,True
5.487825,4,13.562162,0.96422876427965,0.03200000000000003,True
5.710991,8,13.578942,0.9602538580056323,0.06400000000000006,True
5.93952,5,13.588521,0.9603419694435769,0.040000000000000036,True
5.482385,8,13.605141,0.9622226410398371,0.06400000000000006,True
5.685014,6,13.617606,0.9585947515221604,0.04800000000000004,True
5.7894,6,13.630225,0.9624625685589596,0.04800000000000004,True
5.451673,8,13.645956,0.9619375200110436,0.06400000000000006,True
5.746425,17,13.678661,0.9592597491785078,0.13600000000000012,True
5.756303,4,13.687491,0.9585155909998663,0.03200000000000003,True
5.753052,4,13.6959,0.9685208692783454,0.03200000000000003,True
5.885658,12,13.721559,0.9601422665770476,0.09600000000000009,True
5.832004,8,13.738107,0.9575703781816985,0.06400000000000006,True
5.645926,6,13.750578,0.9617242560115504,0.04800000000000004,True
5.544172,10,13.77008,0.959534124326094,0.08000000000000007,True
5.531676,6,13.782254,0.9575277306307188,0.04800000000000004,True
5.771919,8,14.328013,0.96202770248057,0.06400000000000006,True
5.40583,5,14.338363,0.9569550500239654,0.040000000000000036,True
5.743385,6,14.350879,0.9620023238706897,0.04800000000000004,True
5.526667,5,14.361017,0.9653773939138897,0.040000000000000036,True
5.676375,7,14.373848,0.9588421543099137,0.05600000000000005,True
5.602772,4,14.382539,0.963780516766471,0.03200000000000003,True
5.520537,4,14.391816,0.9592771617746345,0.03200000000000003,True
5.764646,7,14.406204,0.9688946938494847,0.05600000000000005,True
5.502736,6,14.419284,0.9623604981664443,0.04800000000000004,True
5.668543,4,14.427996,0.9633824180907197,0.03200000000000003,True
5.609282,8,14.44438,0.9652274839096994,0.06400000000000006,True
5.603156,3,14.451613,0.9635728299403281,0.02400000000000002,True
5.528951,6,14.466945,0.9602073313022015,0.04800000000000004,True
5.509363,11,14.490293,0.9568713514181819,0.08800000000000008,True
5.528613,6,14.503615,0.9643156066780967,0.04800000000000004,True
5.465841,8,14.519874,0.9594531430860694,0.06400000000000006,True
5.528062,5,14.529714,0.9617165353408371,0.040000000000000036,True
5.511924,5,14.540693,0.965505691857147,0.040000000000000036,True
5.403222,3,14.547961,0.9590929974260074,0.02400000000000002,True
5.390912,3,14.555231,0.9641424796580957,0.02400000000000002,True
5.715546,8,14.576058,0.958392901378635,0.06400000000000006,True
5.543662,5,14.586661,0.9590915811098487,0.040000000000000036,True
5.565143,4,14.594017,0.9587125891360859,0.03200000000000003,True
5.629935,6,14.608134,0.9653409269561071,0.04800000000000004,True
5.553648,6,14.623066,0.9574676428630444,0.04800000000000004,True
5.636353,6,14.636201,0.9614206351976629,0.04800000000000004,True
5.732425,6,14.649232,0.9620405958171921,0.04800000000000004,True
5.590998,7,14.663643,0.9584997049366861,0.05600000000000005,True
5.281063,2,14.667377,0.960533173041182,0.016000000000000014,True
5.45366,3,14.674388,0.9618151200884204,0.02400000000000002,True
5.940746,5,14.684085,0.9598437940098645,0.040000000000000036,True
5.895312,10,14.705408,0.9616137658621247,0.08000000000000007,True
5.469587,5,14.716254,0.9602182438464111,0.040000000000000036,True
5.781672,12,14.739257,0.9589586271182124,0.09600000000000009,True
5.498408,7,14.753914,0.9602160322734143,0.05600000000000005,True
5.640559,10,14.773586,0.9648888698493346,0.08000000000000007,True
5.763334,9,14.791846,0.966994214155818,0.07200000000000006,True
5.437295,6,14.804062,0.9605922258046818,0.04800000000000004,True
5.543887,6,14.816313,0.9638225965558723,0.04800000000000004,True
5.439171,9,14.837299,0.9640751541174564,0.07200000000000006,True
5.889749,5,14.848347,0.9591481975420262,0.040000000000000036,True
5.725267,5,14.858727,0.9593530165406253,0.040000000000000036,True
5.602321,7,14.873494,0.9646042036053124,0.05600000000000005,True
5.393228,7,15.414801,0.9658790123182361,0.05600000000000005,True
5.86061,2,15.419629,0.959718589499686,0.016000000000000014,True
5.631747,6,15.432827,0.9615136924116127,0.04800000000000004,True
5.651765,9,15.45112,0.959008389356643,0.07200000000000006,True
5.689374,7,15.466677,0.9609756675149668,0.05600000000000005,True
5.664795,9,15.48412,0.9634054762327462,0.07200000000000006,True
5.778797,5,15.494348,0.9590710667450868,0.040000000000000036,True
5.918874,4,15.50366,0.9611665965992342,0.03200000000000003,True
5.749084,4,15.512859,0.959447323096575,0.03200000000000003,True
5.511419,6,15.524815,0.9644482288745458,0.04800000000000004,True
5.745487,5,15.535209,0.9607162582945022,0.040000000000000036,True
5.602849,5,15.546331,0.9574068985100309,0.040000000000000036,True
5.441747,5,15.557827,0.9627038042557311,0.040000000000000036,True
5.615878,3,15.565034,0.9636478303477103,0.02400000000000002,True
5.508136,8,15.58304,0.9579813474487398,0.06400000000000006,True
5.680951,3,15.588619,0.9663671746985526,0.02400000000000002,True
5.637047,4,15.599396,0.961269410008051,0.03200000000000003,True
5.859842,7,15.612979,0.961393447521631,0.05600000000000005,True
5.513981,9,15.633063,0.9598241667730332,0.07200000000000006,True
5.506271,5,15.644194,0.9597875689398301,0.040000000000000036,True
5.759882,6,15.657085,0.9579600969266487,0.04800000000000004,True
5.783327,3,15.663509,0.958222123614074,0.02400000000000002,True
5.687532,7,15.677827,0.9597500895856041,0.05600000000000005,True
5.831112,6,15.689964,0.9578791491038483,0.04800000000000004,True
5.813706,6,15.701326,0.961741000347553,0.04800000000000004,True
5.55766,6,15.713563,0.9592040522657447,0.04800000000000004,True
5.819615,6,15.726854,0.9597434872821755,0.04800000000000004,True
5.675598,4,15.735518,0.9646543774720207,0.03200000000000003,True
5.744418,7,15.749822,0.9607830779854277,0.05600000000000005,True
5.613471,5,15.760309,0.9605833005383002,0.040000000000000036,True
5.799456,6,15.773323,0.9617925019498796,0.04800000000000004,True
5.713422,7,15.788244,0.9658597645928866,0.05600000000000005,True
5.798289,5,15.799832,0.9638769344896065,0.040000000000000036,True
5.507636,8,15.814501,0.9608578663677845,0.06400000000000006,True
5.708068,10,15.837928,0.959804772419784,0.08000000000000007,True
5.517826,5,15.848332,0.9615923959121189,0.040000000000000036,True
5.441782,5,15.858716,0.959350186379488,0.040000000000000036,True
5.755931,7,15.873563,0.9561437534058072,0.05600000000000005,True
5.61519,4,15.882783,0.9678966065062373,0.03200000000000003,True
5.696618,6,15.894941,0.9695964527129685,0.04800000000000004,True
5.445419,6,15.907708,0.9597705984612026,0.04800000000000004,True
5.778654,5,15.917794,0.9628258242447257,0.040000000000000036,True
5.545387,4,15.92541,0.9585371851206145,0.03200000000000003,True
5.507474,8,15.946045,0.9614230618357047,0.06400000000000006,True
5.521175,6,16.519507,0.9588270269581503,0.04800000000000004,True
5.716277,4,16.528908,0.9583881759820999,0.03200000000000003,True
5.616757,4,16.538216,0.9614455232063741,0.03200000000000003,True
5.636679,6,16.549985,0.9652815461462237,0.04800000000000004,True
5.591841,4,16.559648,0.9611218580148855,0.03200000000000003,True
5.568104,5,16.570786,0.9572869720167083,0.040000000000000036,True
5.812387,5,16.582687,0.9675589750777509,0.040000000000000036,True
5.769733,6,16.595079,0.9566877718885184,0.04800000000000004,True
5.472364,5,16.6059,0.96195342874041,0.040000000000000036,True
5.629336,5,16.618238,0.9603906452420606,0.040000000000000036,True
5.675163,4,16.626448,0.9580224385452419,0.03200000000000003,True
5.944742,4,16.635476,0.9603510512105938,0.03200000000000003,True
5.709405,5,16.646701,0.9640383615241044,0.040000000000000036,True
5.660615,5,16.657055,0.958172713505882,0.040000000000000036,True
5.508714,7,16.674084,0.9602276955856712,0.05600000000000005,True
5.700884,5,16.684494,0.9591495769568363,0.040000000000000036,True
5.441854,6,16.69739,0.9593524308631693,0.04800000000000004,True
5.581816,5,16.707683,0.9637416639394925,0.040000000000000036,True
5.586924,4,16.717233,0.960263738538043,0.03200000000000003,True
5.827271,4,16.725349,0.9611438504813742,0.03200000000000003,True
5.75789,7,16.740863,0.9598632114669832,0.05600000000000005,True
5.75415,9,16.75932,0.9627743885863573,0.07200000000000006,True
5.738068,7,16.784303,0.962388286959156,0.05600000000000005,True
5.803297,9,16.811623,0.9675091455632698,0.07200000000000006,True
5.491402,3,16.817894,0.961032342496603,0.02400000000000002,True
5.667027,5,16.829725,0.9612217561073441,0.040000000000000036,True
5.684179,4,16.839861,0.9629923953349238,0.03200000000000003,True
5.666016,4,16.84826,0.9622184100891893,0.03200000000000003,True
5.44764,5,16.859771,0.9597044962015213,0.040000000000000036,True
5.847553,6,16.882054,0.9614245688557115,0.04800000000000004,True
5.940916,6,16.894578,0.9606516785624843,0.04800000000000004,True
5.942441,4,16.903466,0.9588067487636944,0.03200000000000003,True
5.612478,5,16.914874,0.9619513687080306,0.040000000000000036,True
5.853631,6,16.927582,0.957570618144056,0.04800000000000004,True
5.57758,3,16.936339,0.9590484080236431,0.02400000000000002,True
5.643777,7,16.953336,0.9639258184641566,0.05600000000000005,True
5.616342,4,16.961213,0.960462647615667,0.03200000000000003,True
5.496621,7,16.975499,0.9600977635928002,0.05600000000000005,True
5.682749,3,16.982975,0.9632349271460133,0.02400000000000002,True
5.489207,5,16.99377,0.9628220518409406,0.040000000000000036,True
5.69724,5,17.005183,0.9605031086802844,0.040000000000000036,True
5.782834,6,17.016885,0.9636101517516777,0.04800000000000004,True
5.375951,4,17.024837,0.9608029264491479,0.03200000000000003,True
5.601969,7,17.040178,0.9649401940287679,0.05600000000000005,True
5.514344,3,17.046134,0.9561066838742369,0.02400000000000002,True
5.503158,3,17.052854,0.9588630214625078,0.02400000000000002,True
5.776144,5,17.064517,0.9644932942231901,0.040000000000000036,True
5.994755,4,17.073014,0.9604096079171982,0.03200000000000003,True
5.725527,7,17.087404,0.9608401926210495,0.05600000000000005,True
5.599015,6,17.625036,0.9614229719228988,0.04800000000000004,True
5.605827,7,17.640304,0.9614443061079363,0.05600000000000005,True
5.394837,4,17.648341,0.9628007357964048,0.03200000000000003,True
5.416755,7,17.663033,0.9590340210395806,0.05600000000000005,True
5.750197,4,17.67117,0.9583323396948442,0.03200000000000003,True
5.377164,5,17.682524,0.9629796887272666,0.040000000000000036,True
5.598889,5,17.692977,0.9598242513201394,0.040000000000000036,True
5.58438,7,17.708833,0.9623808593444824,0.05600000000000005,True
5.75927,7,17.727112,0.9637343958729854,0.05600000000000005,True
5.742161,4,17.735221,0.9586877304239381,0.03200000000000003,True
5.492778,5,17.747053,0.9613011094514374,0.040000000000000036,True
5.559501,5,17.757871,0.9656874833544045,0.040000000000000036,True
5.636634,4,17.767074,0.964069556840289,0.03200000000000003,True
5.477322,4,17.775188,0.9673377861355548,0.03200000000000003,True
5.509095,4,17.784861,0.9615002345738809,0.03200000000000003,True
5.481628,4,17.794114,0.9614400793218434,0.03200000000000003,True
5.839512,6,17.80642,0.9630100960573392,0.04800000000000004,True
5.652296,6,17.819046,0.9581865520386562,0.04800000000000004,True
5.577162,3,17.826926,0.967053005660365,0.02400000000000002,True
5.742532,5,17.838521,0.9592499580615588,0.040000000000000036,True
6.00972,6,17.852798,0.9608287410256615,0.04800000000000004,True
5.47249,4,17.860504,0.9633658745740641,0.03200000000000003,True
5.6147,6,17.872878,0.9617314608792841,0.04800000000000004,True
5.80401,7,17.888288,0.9597217413562216,0.05600000000000005,True
6.015353,9,17.907553,0.9591878984295388,0.07200000000000006,True
5.601586,6,17.920485,0.9651654324605985,0.04800000000000004,True
5.744311,8,17.937189,0.9604277291925003,0.06400000000000006,True
5.580398,7,17.951798,0.9638738298067839,0.05600000000000005,True
5.569811,4,17.961179,0.9600091884325759,0.03200000000000003,True
5.687197,4,17.969435,0.9596562733419606,0.03200000000000003,True
5.652732,5,17.980659,0.9593390981032638,0.040000000000000036,True
5.700044,5,18.063863,0.9632805004085416,0.040000000000000036,True
5.732349,4,18.072778,0.9592002640115942,0.03200000000000003,True
5.611806,5,18.083062,0.9576051265043074,0.040000000000000036,True
5.795404,7,18.098682,0.9611946342773727,0.05600000000000005,True
5.500814,6,18.112228,0.964408122288335,0.04800000000000004,True
5.758474,5,18.12314,0.9619418023829085,0.040000000000000036,True
5.836841,4,18.133266,0.9641614217468056,0.03200000000000003,True
5.663223,7,18.148207,0.9614958430230964,0.05600000000000005,True
5.445979,4,18.158594,0.9633471876313637,0.03200000000000003,True
5.643109,3,18.165934,0.9593376290463728,0.02400000000000002,True
5.636402,7,18.179797,0.9607308064453719,0.05600000000000005,True
5.489405,5,18.190795,0.962453860713074,0.040000000000000036,True
5.885931,4,18.200731,0.9627907865226132,0.03200000000000003,True
5.779249,5,18.211926,0.9592855562557138,0.040000000000000036,True
5.825166,6,18.224806,0.9607835779897068,0.04800000000000004,True
5.58811,5,18.234595,0.9584268177588992,0.040000000000000036,True
5.540794,5,18.245564,0.9579509938424695,0.040000000000000036,True
5.446421,4,18.254176,0.9599842432649663,0.03200000000000003,True
5.868369,6,18.795318,0.9611792609174765,0.04800000000000004,True
5.650364,4,18.803567,0.9643728677297128,0.03200000000000003,True
5.788857,4,18.812782,0.963750925046519,0.03200000000000003,True
5.59625,5,18.823375,0.9598986961876326,0.040000000000000036,True
5.908541,4,18.832275,0.9623605573351124,0.03200000000000003,True
5.740935,4,18.841989,0.9679835312641794,0.03200000000000003,True
5.725604,4,18.85049,0.9582091334699149,0.03200000000000003,True
5.987175,5,18.86134,0.9610456444052133,0.040000000000000036,True
5.38922,4,18.870941,0.961470371945835,0.03200000000000003,True
5.694995,4,18.879596,0.9578326624047092,0.03200000000000003,True
5.965236,6,18.893304,0.963317810771758,0.04800000000000004,True
5.804341,5,18.903799,0.9604753394864518,0.040000000000000036,True
5.476335,4,18.913597,0.9662440378539965,0.03200000000000003,True
5.686533,3,18.921178,0.9646855907555338,0.02400000000000002,True
5.58333,4,18.929527,0.9655761124207912,0.03200000000000003,True
5.623234,5,18.940373,0.9594140231294563,0.040000000000000036,True
5.617759,4,18.949381,0.9590910366077054,0.03200000000000003,True
5.640285,5,18.960451,0.9600468490997095,0.040000000000000036,True
5.508443,3,18.966317,0.9626864462309186,0.02400000000000002,True
5.598385,5,18.977303,0.9589920782673361,0.040000000000000036,True
5.767437,5,18.987221,0.9610359881455388,0.040000000000000036,True
5.708096,6,18.999119,0.9640327639234236,0.04800000000000004,True
5.3985,5,19.010565,0.9576351241767569,0.040000000000000036,True
5.579262,6,19.024107,0.9593476114780712,0.04800000000000004,True
5.674042,6,19.037543,0.9610218242736195,0.04800000000000004,True
5.53492,4,19.045717,0.9610143364270558,0.03200000000000003,True
5.645244,5,19.05546,0.9572271188547505,0.040000000000000036,True
5.46589,3,19.06317,0.9571794073210829,0.02400000000000002,True
5.970675,5,19.073777,0.9631544545201429,0.040000000000000036,True
5.754367,5,19.085786,0.9596376761769219,0.040000000000000036,True
5.766846,6,19.097581,0.963789985154818,0.04800000000000004,True
5.540476,4,19.10655,0.9642678707770456,0.03200000000000003,True
5.908794,3,19.113716,0.9583613053969161,0.02400000000000002,True
5.653072,6,19.126545,0.9647028359115799,0.04800000000000004,True
5.726248,5,19.137493,0.9615391659790259,0.040000000000000036,True
5.593206,10,19.162588,0.9668332861021955,0.08000000000000007,True
5.789318,3,19.170256,0.9592968921274603,0.02400000000000002,True
5.682959,5,19.180983,0.9602714282696532,0.040000000000000036,True
5.41914,4,19.189829,0.9612925257715956,0.03200000000000003,True
5.803345,5,19.200747,0.9614301493522821,0.040000000000000036,True
5.681367,5,19.211577,0.958403544035796,0.040000000000000036,True
6.028735,6,19.225004,0.9596516437635726,0.04800000000000004,True
5.727206,6,19.237834,0.9642826245189529,0.04800000000000004,True
5.764692,5,19.249094,0.959921562176717,0.040000000000000036,True
5.794095,5,19.260291,0.9598535682947062,0.040000000000000036,True
5.648121,4,19.269392,0.9613059202091818,0.03200000000000003,True
5.633559,4,19.277205,0.9604044560992397,0.03200000000000003,True
5.834371,5,19.28875,0.9612087890409021,0.040000000000000036,True
5.827828,6,19.30179,0.9614631641376112,0.04800000000000004,True
5.592106,4,19.310647,0.9602694369630559,0.03200000000000003,True
5.79006,4,19.319352,0.9593338035402527,0.03200000000000003,True
5.87308,5,19.330116,0.9607619193004525,0.040000000000000036,True
5.360837,9,19.346754,0.9586344628229563,0.07200000000000006,True
5.695818,5,19.90977,0.9629347065157231,0.040000000000000036,True
5.862296,4,19.918765,0.9593493520393986,0.03200000000000003,True
5.585878,6,19.934597,0.9582715327931409,0.04800000000000004,True
5.971379,5,19.949276,0.9637703295766449,0.040000000000000036,True
5.598639,6,19.962384,0.9633981820017827,0.04800000000000004,True
5.682824,3,19.968861,0.9637754339344655,0.02400000000000002,True
5.525279,3,19.975126,0.9647032227154841,0.02400000000000002,True
5.567351,4,19.98421,0.9651519125222987,0.03200000000000003,True
5.579363,3,19.991225,0.9621148686009702,0.02400000000000002,True
5.877235,5,20.002086,0.964834715137044,0.040000000000000036,True
5.689974,3,20.008749,0.9587835616296527,0.02400000000000002,True
5.95433,5,20.019733,0.966738896521912,0.040000000000000036,True
5.620894,3,20.027408,0.9569901499613862,0.02400000000000002,True
5.745549,4,20.034297,0.9636738265600147,0.03200000000000003,True
5.664067,4,20.044127,0.961757734926866,0.03200000000000003,True
5.472168,7,20.059296,0.9574932793347861,0.05600000000000005,True
5.595949,6,20.072971,0.9621685193041445,0.04800000000000004,True
5.739746,6,20.085922,0.9628694483240905,0.04800000000000004,True
5.688508,4,20.095476,0.9622297140038693,0.03200000000000003,True
5.321856,6,20.107922,0.9603126521735231,0.04800000000000004,True
5.820374,4,20.117224,0.9648133602805112,0.03200000000000003,True
5.575574,3,20.124241,0.9640092279593696,0.02400000000000002,True
5.565467,6,20.136942,0.964864485317108,0.04800000000000004,True
5.730316,6,20.151004,0.9633208656623522,0.04800000000000004,True
5.935877,5,20.162292,0.9616432752232067,0.040000000000000036,True
5.366134,2,20.168163,0.9603367629005286,0.016000000000000014,True
5.94056,6,20.181941,0.9661932690730566,0.04800000000000004,True
5.955015,4,20.191646,0.9615355572788346,0.03200000000000003,True
5.907063,4,20.202238,0.9592648800679479,0.03200000000000003,True
5.707034,3,20.208896,0.9585000670956998,0.02400000000000002,True
5.625494,5,20.222054,0.9632587542735035,0.040000000000000036,True
5.471788,5,20.235227,0.9605274882376131,0.040000000000000036,True
5.535939,3,20.243482,0.9591271963644041,0.02400000000000002,True
5.996722,4,20.254596,0.9578949417197176,0.03200000000000003,True
5.512945,5,20.26708,0.9618339201430546,0.040000000000000036,True
5.763232,5,20.278699,0.9652204830967352,0.040000000000000036,True
5.77934,4,20.287678,0.9626485134735586,0.03200000000000003,True
6.028701,5,20.298999,0.9570048573510239,0.040000000000000036,True
5.937314,5,20.309793,0.9631155560123341,0.040000000000000036,True
5.527671,3,20.315059,0.9602871049429286,0.02400000000000002,True
5.977608,4,20.324071,0.95882948123815,0.03200000000000003,True
5.779968,7,20.338744,0.965520803175055,0.05600000000000005,True
5.446897,6,20.351767,0.958319971929556,0.04800000000000004,True
5.717479,4,20.360146,0.9604323039419267,0.03200000000000003,True
5.547443,4,20.369531,0.9623554563471541,0.03200000000000003,True
5.71093,5,20.380557,0.9587230318846982,0.040000000000000036,True
5.495672,4,20.390126,0.9568959561959527,0.03200000000000003,True
5.626684,6,20.410433,0.9606036506760249,0.04800000000000004,True
5.471242,3,20.42078,0.9604437852158185,0.02400000000000002,True
5.498692,3,20.430004,0.9673678574251899,0.02400000000000002,True
5.848228,5,20.441019,0.9591977213213718,0.040000000000000036,True
5.610627,5,20.451344,0.9601621577215629,0.040000000000000036,True
5.721466,4,20.460459,0.9594507205525423,0.03200000000000003,True
5.724412,5,20.470757,0.9626257020716452,0.040000000000000036,True
5.69173,3,20.47832,0.9618783281474228,0.02400000000000002,True
5.947912,7,20.494182,0.9603527504555356,0.05600000000000005,True
5.799224,6,21.008062,0.9597643100316728,0.04800000000000004,True
5.459144,5,21.018803,0.9565967393791492,0.040000000000000036,True
5.369551,8,21.036012,0.9615314761917818,0.06400000000000006,True
5.552003,5,21.046631,0.9560470283270911,0.040000000000000036,True
5.485259,4,21.055103,0.9630412553455906,0.03200000000000003,True
5.598608,8,21.072702,0.9562908482337152,0.06400000000000006,True
5.978962,8,21.089972,0.9625257367865063,0.06400000000000006,True
5.760416,9,21.109776,0.9586983028855518,0.07200000000000006,True
5.697084,6,21.121754,0.9639521352919991,0.04800000000000004,True
5.728848,4,21.13116,0.9610638876045123,0.03200000000000003,True
5.736365,3,21.139117,0.9570818711900103,0.02400000000000002,True
5.770126,4,21.147361,0.9589246754934333,0.03200000000000003,True
5.519266,4,21.157379,0.9582573659818987,0.03200000000000003,True
5.602678,6,21.172214,0.9620524697834643,0.04800000000000004,True
5.599757,6,21.184742,0.9586175292980392,0.04800000000000004,True
5.625707,4,21.193738,0.9569242713439046,0.03200000000000003,True
5.514256,3,21.200649,0.9655845466985942,0.02400000000000002,True
5.495359,5,21.212259,0.9667292152296487,0.040000000000000036,True
5.654561,4,21.221584,0.9613797229572592,0.03200000000000003,True
5.681439,4,21.230212,0.9600778592035268,0.03200000000000003,True
5.52061,4,21.238553,0.9612423259924611,0.03200000000000003,True
5.879697,5,21.250978,0.9637429297126158,0.040000000000000036,True
5.577816,5,21.262135,0.9601598045583949,0.040000000000000036,True
5.470515,4,21.271534,0.9655016630515258,0.03200000000000003,True
5.50607,3,21.278378,0.9600789955314177,0.02400000000000002,True
5.771638,4,21.286092,0.9614031533251848,0.03200000000000003,True
5.650876,4,21.295266,0.960406320789011,0.03200000000000003,True
5.460904,6,21.306422,0.9582993804728117,0.04800000000000004,True
5.705215,5,21.317396,0.9638202586406246,0.040000000000000036,True
5.631489,5,21.327673,0.9600665928013552,0.040000000000000036,True
5.709519,3,21.334465,0.967419910201228,0.02400000000000002,True
5.672474,6,21.347385,0.9606614019409934,0.04800000000000004,True
5.760997,2,21.351607,0.9590503505987068,0.016000000000000014,True
5.517066,5,21.363655,0.9607415796677741,0.040000000000000036,True
5.793821,4,21.371933,0.9634121106205821,0.03200000000000003,True
5.873691,3,21.378757,0.9591721375322737,0.02400000000000002,True
5.586753,4,21.388317,0.9645270330960164,0.03200000000000003,True
5.712082,5,21.399744,0.9624892286486277,0.040000000000000036,True
5.602902,4,21.407378,0.9633525243206053,0.03200000000000003,True
5.875673,5,21.419259,0.9619334079251697,0.040000000000000036,True
5.761696,6,21.433742,0.9627502421337482,0.04800000000000004,True
5.678753,6,21.454614,0.959223427801622,0.04800000000000004,True
5.753357,4,21.466564,0.9603358670124178,0.03200000000000003,True
5.769209,5,21.478078,0.9555118434793206,0.040000000000000036,True
5.619306,6,21.491232,0.95943279134257,0.04800000000000004,True
6.016669,5,21.502661,0.9623539416886968,0.040000000000000036,True
5.606815,4,21.510947,0.9594384186032843,0.03200000000000003,True
5.721975,4,21.52034,0.9641205679574335,0.03200000000000003,True
5.816152,6,21.533436,0.9650821280857901,0.04800000000000004,True
5.977691,4,21.543166,0.9630985901174176,0.03200000000000003,True
5.868334,4,21.552921,0.959180212122748,0.03200000000000003,True
5.766779,7,21.567157,0.9624850053736813,0.05600000000000005,True
5.632615,7,22.091988,0.9631591652444559,0.05600000000000005,True
5.802763,4,22.101946,0.9599513655237935,0.03200000000000003,True
5.68783,4,22.111862,0.9570953946655624,0.03200000000000003,True
5.676853,5,22.122824,0.9596810011652723,0.040000000000000036,True
5.530433,3,22.129862,0.9608396919027438,0.02400000000000002,True
5.63871,5,22.146887,0.9567402338226076,0.040000000000000036,True
5.664986,4,22.162394,0.9607099962466008,0.03200000000000003,True
5.736331,4,22.175595,0.9601928668974091,0.03200000000000003,True
5.559862,4,22.190175,0.95815476238943,0.03200000000000003,True
5.503611,4,22.204826,0.961050114426939,0.03200000000000003,True
5.601165,3,22.216102,0.9640315941235937,0.02400000000000002,True
5.493013,4,22.23201,0.9610712333470802,0.03200000000000003,True
5.532076,4,22.245087,0.9653837135872061,0.03200000000000003,True
5.640376,4,22.261365,0.9642038943022024,0.03200000000000003,True
5.498319,4,22.274337,0.9648533338024692,0.03200000000000003,True
5.616606,5,22.290701,0.9610536355907761,0.040000000000000036,True
5.812207,5,22.305538,0.9645000437606968,0.040000000000000036,True
6.012616,4,22.318373,0.9595098186356039,0.03200000000000003,True
5.773704,4,22.328819,0.965267788381386,0.03200000000000003,True
5.739019,4,22.340114,0.9625901993015129,0.03200000000000003,True
5.696554,4,22.35145,0.9602272548505041,0.03200000000000003,True
5.708422,4,22.364013,0.9587542701682534,0.03200000000000003,True
5.358257,4,22.375259,0.9596538663077918,0.03200000000000003,True
5.512289,5,22.389855,0.9570704109124075,0.040000000000000036,True
5.735568,5,22.406356,0.9621704988895502,0.040000000000000036,True
5.791196,4,22.420524,0.9610295174542047,0.03200000000000003,True
6.078256,5,22.43573,0.9571503516469685,0.040000000000000036,True
5.822342,4,22.44739,0.9572097654865592,0.03200000000000003,True
5.557956,5,22.463346,0.9639387932481153,0.040000000000000036,True
5.762208,4,22.478382,0.9604222733975021,0.03200000000000003,True
5.538169,4,22.49028,0.9656384478420905,0.03200000000000003,True
5.856587,4,22.502885,0.9601863938492678,0.03200000000000003,True
5.746098,5,22.519301,0.9653472020556051,0.040000000000000036,True
5.61171,3,22.528722,0.9586524509073118,0.02400000000000002,True
5.756944,4,22.541647,0.9599635178178778,0.03200000000000003,True
5.420632,6,22.56143,0.9645516942662588,0.04800000000000004,True
5.631671,5,22.576412,0.9608098122154478,0.040000000000000036,True
5.648357,3,22.585339,0.9618652195960354,0.02400000000000002,True
5.63073,4,22.597521,0.9606833802779384,0.03200000000000003,True
5.580163,4,22.614249,0.9661095476441856,0.03200000000000003,True
5.590435,4,22.627018,0.9602038314644028,0.03200000000000003,True
5.619538,6,22.643739,0.9625401700137097,0.04800000000000004,True
5.451887,4,22.656021,0.960341343618291,0.03200000000000003,True
5.712711,3,22.665528,0.9623033285815171,0.02400000000000002,True
5.424766,5,22.679578,0.9623949534127874,0.040000000000000036,True
5.793571,5,22.693151,0.9573387537026234,0.040000000000000036,True
5.808401,6,22.712982,0.9590788163396144,0.04800000000000004,True
5.717375,6,22.730222,0.9601715819080747,0.04800000000000004,True
5.574521,4,22.742607,0.9622104063112955,0.03200000000000003,True
5.40695,3,22.75275,0.9599117796265838,0.02400000000000002,True
5.443284,4,22.765373,0.9641732203488665,0.03200000000000003,True
5.602238,4,22.77686,0.9616714058719462,0.03200000000000003,True
5.648152,3,22.78708,0.9581197448999472,0.02400000000000002,True
5.847064,5,22.802179,0.963177148315779,0.040000000000000036,True
5.762664,6,22.819649,0.9578129602803687,0.04800000000000004,True
5.652882,4,22.831657,0.9585071941854778,0.03200000000000003,True
5.846495,4,22.842175,0.9644549340572803,0.03200000000000003,True
6.033411,4,22.854357,0.9687235652377959,0.03200000000000003,True
5.825144,5,22.868995,0.959655674950106,0.040000000000000036,True
5.470701,3,22.878442,0.9641045653528231,0.02400000000000002,True
5.574253,5,23.61607,0.961855071882182,0.040000000000000036,True
5.760609,5,23.632049,0.961707531370569,0.040000000000000036,True
5.811772,6,23.650781,0.9658814947177601,0.04800000000000004,True
5.695186,5,23.666272,0.960351832999063,0.040000000000000036,True
5.629921,5,23.684075,0.9600378477870326,0.040000000000000036,True
5.846758,4,23.696707,0.9612857165995716,0.03200000000000003,True
5.582333,3,23.706225,0.958004174535698,0.02400000000000002,True
5.545059,5,23.723906,0.9574731626688705,0.040000000000000036,True
5.72906,4,23.73883,0.9616367235937611,0.03200000000000003,True
5.469249,3,23.749786,0.9633974977848969,0.02400000000000002,True
5.524265,3,23.7595,0.9633337695202404,0.02400000000000002,True
5.636088,4,23.771199,0.9651703685012488,0.03200000000000003,True
5.489171,4,23.785504,0.962013099493684,0.03200000000000003,True
5.818054,4,23.797573,0.9593863643631015,0.03200000000000003,True
5.578326,5,23.811284,0.9572981022573934,0.040000000000000036,True
5.480836,3,23.819814,0.9653992528698883,0.02400000000000002,True
5.55302,5,23.835376,0.9591842202398948,0.040000000000000036,True
5.732229,4,23.848141,0.9627108214682971,0.03200000000000003,True
5.387584,3,23.859345,0.9625778796797622,0.02400000000000002,True
5.74615,4,23.872275,0.9607135720671042,0.03200000000000003,True
5.476765,3,23.881947,0.9589190506157547,0.02400000000000002,True
5.318618,5,23.897703,0.959370994917868,0.040000000000000036,True
5.572184,5,23.912985,0.9617716191393577,0.040000000000000036,True
5.450741,4,23.924009,0.9653516852689581,0.03200000000000003,True
5.850304,6,23.941172,0.9626639463338192,0.04800000000000004,True
5.507444,4,23.953878,0.9624643086076121,0.03200000000000003,True
5.806324,4,23.965618,0.9629186947795862,0.03200000000000003,True
5.743534,7,23.986641,0.9609535327400043,0.05600000000000005,True
5.480684,3,23.995464,0.9615941324072974,0.02400000000000002,True
5.691213,3,24.003995,0.9566050905925029,0.02400000000000002,True
5.622636,7,24.025455,0.9586720034864076,0.05600000000000005,True
5.663882,3,24.034266,0.9597123077314901,0.02400000000000002,True
5.430983,4,24.156154,0.9601854099966558,0.03200000000000003,True
5.666883,3,24.165067,0.9610642743113736,0.02400000000000002,True
5.648779,3,24.174245,0.9594348476468387,0.02400000000000002,True
5.533807,4,24.18704,0.9596808435112016,0.03200000000000003,True
5.595272,4,24.199235,0.96414243929159,0.03200000000000003,True
5.584217,5,24.215156,0.961803815591117,0.040000000000000036,True
5.668559,5,24.231278,0.9616501723566011,0.040000000000000036,True
5.364561,3,24.240432,0.9611366539638763,0.02400000000000002,True
5.491699,4,24.251386,0.9649795564187776,0.03200000000000003,True
5.697046,3,24.263027,0.9617866109599734,0.02400000000000002,True
5.587515,4,24.274993,0.9590019260904985,0.03200000000000003,True
5.579508,5,24.292146,0.9638811246180707,0.040000000000000036,True
5.60545,3,24.301569,0.9626491826638987,0.02400000000000002,True
5.530477,4,24.313507,0.9609186114983526,0.03200000000000003,True
5.79591,5,24.327645,0.9654571764616521,0.040000000000000036,True
5.841492,5,24.34225,0.9616437594153602,0.040000000000000036,True
5.582383,4,24.353137,0.9600157999961382,0.03200000000000003,True
5.747345,5,24.36806,0.9637631162114713,0.040000000000000036,True
5.585722,5,24.381978,0.961651167375539,0.040000000000000036,True
5.474158,4,24.39602,0.9640768525846704,0.03200000000000003,True
5.850529,2,24.405588,0.9575834281448689,0.016000000000000014,True
5.589327,4,24.418254,0.957204629557899,0.03200000000000003,True
5.639344,6,24.435083,0.9584706066890263,0.04800000000000004,True
5.879582,5,24.449322,0.9631357861781553,0.040000000000000036,True
5.703439,4,24.461914,0.9571344701672649,0.03200000000000003,True
5.453026,5,24.477981,0.9654950422871453,0.040000000000000036,True
5.566663,4,24.490675,0.9593477693106498,0.03200000000000003,True
5.475463,4,24.502119,0.9626532812950794,0.03200000000000003,True
5.790514,5,24.518161,0.9604736779198109,0.040000000000000036,True
5.543189,4,25.221164,0.9662880431364091,0.03200000000000003,True
5.429811,3,25.230565,0.962666310631414,0.02400000000000002,True
5.601518,3,25.240515,0.964497550439214,0.02400000000000002,True
5.498658,4,25.252443,0.9628949402847407,0.03200000000000003,True
6.021413,5,25.266719,0.9589021404518556,0.040000000000000036,True
5.939975,5,25.281311,0.9611015931218324,0.040000000000000036,True
5.749777,5,25.295655,0.9639225314326154,0.040000000000000036,True
5.481012,5,25.310295,0.9623936570433534,0.040000000000000036,True
5.720625,4,25.321503,0.9660082556041952,0.03200000000000003,True
5.36562,3,25.331074,0.9632421886413858,0.02400000000000002,True
5.918825,5,25.34471,0.9600012020523905,0.040000000000000036,True
5.595689,4,25.355948,0.9597905374283948,0.03200000000000003,True
5.834088,5,25.370545,0.9625424039926087,0.040000000000000036,True
5.818475,5,25.384858,0.9596924787629739,0.040000000000000036,True
5.461377,4,25.396113,0.9562509364290845,0.03200000000000003,True
5.968915,5,25.414032,0.9581337925769022,0.040000000000000036,True
5.561444,4,25.427625,0.9631423441123382,0.03200000000000003,True
5.585969,6,25.44416,0.95799459729539,0.04800000000000004,True
5.677427,4,25.456202,0.9616803364367308,0.03200000000000003,True
5.747847,4,25.468422,0.9582603567817196,0.03200000000000003,True
5.622097,3,25.478398,0.9663007158726119,0.02400000000000002,True
5.729967,4,25.493703,0.9608904388083528,0.03200000000000003,True
5.433819,4,25.507537,0.9629678618606938,0.03200000000000003,True
5.683341,3,25.516587,0.9587684534235931,0.02400000000000002,True
5.816627,5,25.531962,0.9648195940541497,0.040000000000000036,True
5.648975,3,25.542355,0.9565012013069842,0.02400000000000002,True
5.573113,4,25.553715,0.9618260357768555,0.03200000000000003,True
5.621108,2,25.561141,0.9616923903500804,0.016000000000000014,True
5.536944,4,25.5755,0.9647954084479069,0.03200000000000003,True
5.9032,4,25.589598,0.9578962658373879,0.03200000000000003,True
5.83028,5,25.606066,0.9611483557678482,0.040000000000000036,True
5.909718,3,25.617919,0.9623877004467645,0.02400000000000002,True
5.506905,4,25.629641,0.9637696141556931,0.03200000000000003,True
5.593856,5,25.645397,0.96253195850834,0.040000000000000036,True
5.964453,5,25.660934,0.959676901529823,0.040000000000000036,True
5.605188,2,25.668261,0.9647866674223352,0.016000000000000014,True
5.728261,5,25.684021,0.9640372023583126,0.040000000000000036,True
5.487865,4,25.697089,0.960627206655295,0.03200000000000003,True
5.742287,4,25.70974,0.9584847657562677,0.03200000000000003,True
5.632252,4,25.721555,0.9616170305688552,0.03200000000000003,True
5.804354,5,25.737112,0.9619823697196428,0.040000000000000036,True
5.638372,4,25.747505,0.9619092498537593,0.03200000000000003,True
5.749235,4,25.760125,0.9632190393523923,0.03200000000000003,True
5.726863,5,25.778182,0.966933441274763,0.040000000000000036,True
5.522698,3,25.792418,0.9638105477221175,0.02400000000000002,True
5.803742,4,25.806129,0.9630410711120372,0.03200000000000003,True
5.652942,4,25.819108,0.9615829723426375,0.03200000000000003,True
5.697804,4,25.841341,0.9612031935837733,0.03200000000000003,True
5.519682,5,25.858161,0.9572643014566298,0.040000000000000036,True
5.690812,5,25.873183,0.960640696339542,0.040000000000000036,True
5.486867,3,25.88309,0.9658469493341315,0.02400000000000002,True
5.782609,4,25.894001,0.960938460938625,0.03200000000000003,True
5.724012,4,25.90482,0.960003451208192,0.03200000000000003,True
5.654697,4,25.916412,0.9590798637200193,0.03200000000000003,True
5.708888,4,25.928448,0.9590804467651315,0.03200000000000003,True
5.79399,4,25.943084,0.9649464920748965,0.03200000000000003,True
5.96291,5,25.959394,0.9599264651056841,0.040000000000000036,True
5.960591,8,25.983009,0.9623067370519356,0.06400000000000006,True
5.515665,4,25.993718,0.95748857709227,0.03200000000000003,True
5.781474,4,26.005167,0.9618020861698595,0.03200000000000003,True
5.793376,3,26.016814,0.9641266825572998,0.02400000000000002,True
5.480223,3,26.747971,0.9623460587375159,0.02400000000000002,True
5.672347,3,26.754949,0.9636146714136714,0.02400000000000002,True
5.573927,5,26.766361,0.9584094392496516,0.040000000000000036,True
5.502107,4,26.774223,0.9609542345462696,0.03200000000000003,True
5.720614,5,26.786778,0.9616232226253172,0.040000000000000036,True
5.628191,5,26.79734,0.9600514248193781,0.040000000000000036,True
5.835714,5,26.808581,0.968027045175227,0.040000000000000036,True
6.114508,5,26.819073,0.9631855732127708,0.040000000000000036,True
5.659894,3,26.82694,0.9594028503625888,0.02400000000000002,True
5.802508,5,26.845092,0.956937664920156,0.040000000000000036,True
5.877835,5,26.861326,0.9613273538696725,0.040000000000000036,True
5.566829,5,26.873062,0.9638566669820482,0.040000000000000036,True
6.027516,4,26.882537,0.9620560501871546,0.03200000000000003,True
5.890657,5,26.89404,0.9594946531836669,0.040000000000000036,True
5.849524,5,26.905151,0.9594982850596102,0.040000000000000036,True
5.813506,4,26.914294,0.9621033472422993,0.03200000000000003,True
5.801588,4,26.923608,0.9560536436541613,0.03200000000000003,True
5.695792,3,26.929691,0.962019001782015,0.02400000000000002,True
5.709695,5,26.941237,0.9645479916917475,0.040000000000000036,True
5.74242,4,26.955618,0.9604378790734059,0.03200000000000003,True
5.607743,5,26.969522,0.9598787872575225,0.040000000000000036,True
5.504021,2,26.978385,0.9612847707180272,0.016000000000000014,True
5.580718,5,26.993527,0.9597119212942999,0.040000000000000036,True
5.443419,2,26.997299,0.9591698535527953,0.016000000000000014,True
5.53386,3,27.004684,0.9614224182122525,0.02400000000000002,True
5.538358,3,27.011251,0.9603522651388192,0.02400000000000002,True
5.771727,4,27.01994,0.959026542158981,0.03200000000000003,True
5.777751,5,27.032322,0.9617365559531874,0.040000000000000036,True
5.750448,7,27.046578,0.9597701791633249,0.05600000000000005,True
5.524446,4,27.056011,0.9621992397837108,0.03200000000000003,True
5.693842,4,27.064392,0.9600899124616723,0.03200000000000003,True
5.507897,4,27.073344,0.9644688652955937,0.03200000000000003,True
5.53197,3,27.080525,0.9592160899374869,0.02400000000000002,True
5.695179,5,27.092384,0.9629254527295438,0.040000000000000036,True
5.560268,5,27.10311,0.9598048683695928,0.040000000000000036,True
5.955243,4,27.11219,0.9637234752676515,0.03200000000000003,True
5.808259,4,27.121369,0.9565367611755,0.03200000000000003,True
5.61846,3,27.128551,0.9636416329523657,0.02400000000000002,True
5.727196,4,27.138248,0.964933830843023,0.03200000000000003,True
5.540609,5,27.149991,0.9564803300241833,0.040000000000000036,True
5.881196,5,27.161872,0.957988365513843,0.040000000000000036,True
5.810906,4,27.171253,0.9587788926478877,0.03200000000000003,True
5.815652,5,27.18279,0.9625474281800233,0.040000000000000036,True
5.716263,3,27.191013,0.963108826216964,0.02400000000000002,True
5.642143,4,27.20102,0.9586998373250464,0.03200000000000003,True
5.583705,3,27.20796,0.9634788828418454,0.02400000000000002,True
5.447233,3,27.216228,0.9608089465990814,0.02400000000000002,True
5.835637,3,27.22322,0.9614077526949899,0.02400000000000002,True
5.669259,4,27.235227,0.9642023100476786,0.03200000000000003,True
5.459831,4,27.244744,0.9612195960226968,0.03200000000000003,True
5.57563,3,27.252621,0.9658428447821232,0.02400000000000002,True
5.876112,4,27.261464,0.9604026253955389,0.03200000000000003,True
5.764312,7,27.276953,0.9625646380567952,0.05600000000000005,True
5.628399,5,27.288985,0.9590537192395232,0.040000000000000036,True
5.441716,5,27.301079,0.9603550983215222,0.040000000000000036,True
5.594193,4,27.310128,0.965395345904722,0.03200000000000003,True
6.035149,4,27.318715,0.9612659909318506,0.03200000000000003,True
5.604689,4,27.327837,0.9606859242772796,0.03200000000000003,True
5.525234,4,27.337239,0.9637434539999058,0.03200000000000003,True
5.593649,6,27.350099,0.9566698276356967,0.04800000000000004,True
5.880217,4,27.359063,0.9641995161766767,0.03200000000000003,True
5.65993,4,27.874334,0.9602435182402986,0.03200000000000003,True
5.798125,4,27.891845,0.962371599940144,0.03200000000000003,True
5.793955,6,27.909828,0.9555224875641654,0.04800000000000004,True
5.65043,5,27.920852,0.9610142588653615,0.040000000000000036,True
5.82493,3,27.928775,0.9610036488769809,0.02400000000000002,True
5.683869,4,27.940267,0.961506079839276,0.03200000000000003,True
5.728232,5,27.953616,0.9617733570255204,0.040000000000000036,True
5.790974,5,27.964327,0.9610964746100601,0.040000000000000036,True
5.838872,4,27.973402,0.9587709599734424,0.03200000000000003,True
5.414219,3,27.981032,0.963750632610612,0.02400000000000002,True
5.48372,4,27.990105,0.9639809491448055,0.03200000000000003,True
5.732048,5,28.001283,0.9616568158072938,0.040000000000000036,True
6.076329,4,28.010112,0.95669207085638,0.03200000000000003,True
5.564213,4,28.018894,0.9575237404429418,0.03200000000000003,True
6.031547,3,28.025826,0.9609648997499081,0.02400000000000002,True
5.744459,3,28.033133,0.9598973620505387,0.02400000000000002,True
5.56067,4,28.042973,0.960525826386798,0.03200000000000003,True
5.703793,4,28.0512,0.9621766648698845,0.03200000000000003,True
5.728424,4,28.060308,0.9616697660934195,0.03200000000000003,True
5.728439,4,28.068723,0.958960116575099,0.03200000000000003,True
5.991599,5,28.080144,0.9574718393799342,0.040000000000000036,True
5.684695,4,28.089155,0.958624511109418,0.03200000000000003,True
5.447161,3,28.095394,0.958537379675995,0.02400000000000002,True
5.467073,5,28.106962,0.9599921026026159,0.040000000000000036,True
5.708366,3,28.114401,0.962115596434848,0.02400000000000002,True
5.561922,3,28.122133,0.962157377236482,0.02400000000000002,True
5.459797,3,28.127975,0.9598430130065367,0.02400000000000002,True
5.644915,4,28.137234,0.9592417317598687,0.03200000000000003,True
5.484995,4,28.146239,0.9587787304225464,0.03200000000000003,True
5.754196,4,28.15507,0.959601421061629,0.03200000000000003,True
5.520821,3,28.162552,0.963414953258111,0.02400000000000002,True
5.586342,3,28.169017,0.9585438381202727,0.02400000000000002,True
6.007758,4,28.178338,0.9640258072019041,0.03200000000000003,True
5.883445,4,28.188301,0.9606326771234424,0.03200000000000003,True
5.533819,3,28.19553,0.9595662245223788,0.02400000000000002,True
5.645929,4,28.204997,0.9628904352471114,0.03200000000000003,True
5.603113,4,28.213927,0.9585007349833318,0.03200000000000003,True
5.468185,4,28.223841,0.9636773448700873,0.03200000000000003,True
5.581176,3,28.233147,0.9612166184935347,0.02400000000000002,True
5.908433,6,28.246978,0.9587878480353901,0.04800000000000004,True
5.636146,3,28.254247,0.9612292481260967,0.02400000000000002,True
5.969117,5,28.266236,0.9621160234718246,0.040000000000000036,True
5.714597,5,28.277673,0.9618209339261857,0.040000000000000036,True
5.546032,6,28.290108,0.9667788314811075,0.04800000000000004,True
5.980632,4,28.29961,0.9586278204421994,0.03200000000000003,True
5.397349,4,28.309144,0.961288178060596,0.03200000000000003,True
5.544687,4,28.318992,0.9611663212069663,0.03200000000000003,True
5.584113,3,28.326676,0.9592371579385918,0.02400000000000002,True
5.963521,5,28.337561,0.9579489608172346,0.040000000000000036,True
5.815503,6,28.350758,0.9618579361277226,0.04800000000000004,True
5.447487,4,28.360778,0.9604439043991821,0.03200000000000003,True
5.779998,5,28.372527,0.9642166969909209,0.040000000000000036,True
5.709233,4,28.381825,0.9593331167643722,0.03200000000000003,True
5.544967,5,28.393208,0.957192270110146,0.040000000000000036,True
5.729921,3,28.40011,0.9655169146089935,0.02400000000000002,True
5.867212,3,28.407631,0.9579533311062132,0.02400000000000002,True
5.695318,4,28.417224,0.9637005122602618,0.03200000000000003,True
5.549929,3,28.424179,0.9609448507059293,0.02400000000000002,True
5.85104,4,28.433199,0.961294761702155,0.03200000000000003,True
5.697478,5,28.443798,0.9614726539415467,0.040000000000000036,True
5.726238,4,28.452797,0.9609166250299441,0.03200000000000003,True
5.519511,3,28.459581,0.9639607967576893,0.02400000000000002,True
5.786993,4,28.46885,0.9604415622204864,0.03200000000000003,True
5.543912,3,28.475932,0.9610947620296189,0.02400000000000002,True
5.817435,5,29.00379,0.9606950718190022,0.040000000000000036,True
5.624614,3,29.010847,0.9571273616817524,0.02400000000000002,True
5.456331,3,29.017475,0.9642231845695914,0.02400000000000002,True
6.011734,5,29.028929,0.9621007930044794,0.040000000000000036,True
5.79332,4,29.038557,0.9581503808514784,0.03200000000000003,True
5.735341,4,29.047175,0.968004843298024,0.03200000000000003,True
5.69327,3,29.054056,0.961506091713132,0.02400000000000002,True
5.503298,2,29.059291,0.961475368362961,0.016000000000000014,True
5.962629,5,29.069195,0.9590193260303845,0.040000000000000036,True
5.582499,5,29.081557,0.9605329223483577,0.040000000000000036,True
5.66665,3,29.088831,0.9625818482088306,0.02400000000000002,True
5.562884,4,29.097992,0.9621294910641198,0.03200000000000003,True
5.52991,4,29.106734,0.9590647455966712,0.03200000000000003,True
5.470731,4,29.115951,0.9629401935469778,0.03200000000000003,True
5.72688,3,29.123497,0.9635255031000343,0.02400000000000002,True
5.703082,4,29.131603,0.9616701322157948,0.03200000000000003,True
5.7585,4,29.141595,0.9619073252781243,0.03200000000000003,True
5.485793,4,29.150299,0.9654636709853861,0.03200000000000003,True
5.564512,4,29.159558,0.9593200325162667,0.03200000000000003,True
5.789827,5,29.171219,0.9637660218621511,0.040000000000000036,True
5.482226,5,29.182963,0.9625852116285956,0.040000000000000036,True
5.49934,4,29.192594,0.9618645922525693,0.03200000000000003,True
5.756161,6,29.205867,0.9585858368082056,0.04800000000000004,True
5.553505,4,29.215074,0.9633490586779646,0.03200000000000003,True
5.9811,4,29.22462,0.9572491186229201,0.03200000000000003,True
5.676605,4,29.234026,0.964566706377925,0.03200000000000003,True
5.783968,4,29.244977,0.9648964167841302,0.03200000000000003,True
5.551556,4,29.253554,0.9595950347350897,0.03200000000000003,True
5.832386,4,29.262964,0.957983522983157,0.03200000000000003,True
5.64672,3,29.270688,0.9646525100011618,0.02400000000000002,True
5.647038,3,29.277056,0.9604996026078377,0.02400000000000002,True
5.744082,4,29.287605,0.9587936296963675,0.03200000000000003,True
5.697104,4,29.296808,0.964829492306689,0.03200000000000003,True
5.542492,4,29.305351,0.959339446997627,0.03200000000000003,True
5.725309,6,29.319884,0.9614345908014681,0.04800000000000004,True
5.662119,4,29.32976,0.9566763982141112,0.03200000000000003,True
5.685715,5,29.34118,0.9623796998742706,0.040000000000000036,True
5.675681,5,29.351753,0.963147394149491,0.040000000000000036,True
5.469632,3,29.35846,0.9642519500186673,0.02400000000000002,True
5.59188,4,29.367711,0.9570804452447614,0.03200000000000003,True
5.979368,4,29.376997,0.9618085650302539,0.03200000000000003,True
5.550225,4,29.386852,0.9620268177318911,0.03200000000000003,True
5.682176,4,29.396585,0.9647545220423498,0.03200000000000003,True
5.837166,4,29.406019,0.958011767187245,0.03200000000000003,True
5.805916,4,29.415216,0.9615253776166589,0.03200000000000003,True
5.742964,5,29.427685,0.9616482824822657,0.040000000000000036,True
5.864781,4,29.436992,0.9644604144191771,0.03200000000000003,True
5.82737,4,29.445882,0.959938549674371,0.03200000000000003,True
5.529273,3,29.453375,0.9647054916882422,0.02400000000000002,True
5.632116,3,29.460306,0.9633643754884926,0.02400000000000002,True
5.63952,3,29.466584,0.9606972127172109,0.02400000000000002,True
5.682129,3,29.474097,0.9616101067569919,0.02400000000000002,True
5.628749,4,29.482694,0.9664243535277355,0.03200000000000003,True
5.516492,5,29.494032,0.9576236642278628,0.040000000000000036,True
5.680776,3,29.50107,0.9615625757565782,0.02400000000000002,True
5.491956,4,29.510076,0.9627467877497486,0.03200000000000003,True
5.755969,4,29.519898,0.9626631645062105,0.03200000000000003,True
5.567722,4,29.530874,0.9599963579826408,0.03200000000000003,True
5.755518,4,29.541953,0.9593795342741893,0.03200000000000003,True
5.784314,3,29.550252,0.9610921513154969,0.02400000000000002,True
5.738958,4,29.562755,0.9639778393388909,0.03200000000000003,True
5.839004,4,29.572702,0.9577727251622796,0.03200000000000003,True
5.451534,3,29.580331,0.9603227182396521,0.02400000000000002,True
5.751932,4,29.589282,0.9610799199430626,0.03200000000000003,True
5.710735,5,30.135279,0.964887853548695,0.040000000000000036,True
5.736965,5,30.147133,0.9571260243139461,0.040000000000000036,True
5.433116,3,30.154049,0.9639526834026759,0.02400000000000002,True
5.347009,3,30.160901,0.9612566941240999,0.02400000000000002,True
5.803739,3,30.168061,0.9630516523316459,0.02400000000000002,True
5.67913,3,30.175245,0.9636371449731836,0.02400000000000002,True
5.733872,4,30.184526,0.96169722171335,0.03200000000000003,True
5.675334,5,30.196501,0.9656732431465358,0.040000000000000036,True
5.709263,3,30.204691,0.9698165239417154,0.02400000000000002,True
5.771114,6,30.218266,0.9639435565202574,0.04800000000000004,True
5.557982,4,30.227879,0.96248208745889,0.03200000000000003,True
5.575211,4,30.237613,0.9607630828627604,0.03200000000000003,True
5.468112,3,30.245855,0.9583462129299658,0.02400000000000002,True
5.690439,4,30.255598,0.9601466481374081,0.03200000000000003,True
5.625284,3,30.263007,0.9625422639412331,0.02400000000000002,True
6.011256,4,30.271794,0.9587417482251763,0.03200000000000003,True
5.403468,3,30.279272,0.9604785906749687,0.02400000000000002,True
5.381516,3,30.285581,0.9668209393519659,0.02400000000000002,True
5.59425,5,30.296485,0.9624661384073665,0.040000000000000036,True
5.853567,4,30.305888,0.9613527681305029,0.03200000000000003,True
5.866957,5,30.318236,0.9656631718585795,0.040000000000000036,True
5.954515,4,30.327361,0.9591321032013136,0.03200000000000003,True
5.46349,4,30.336537,0.9598276170209425,0.03200000000000003,True
5.680626,4,30.345652,0.9592926552535901,0.03200000000000003,True
5.610819,4,30.354596,0.9621643065005642,0.03200000000000003,True
5.63076,4,30.363661,0.9614459537005611,0.03200000000000003,True
6.055948,5,30.374735,0.9640367410217312,0.040000000000000036,True
5.83755,4,30.461355,0.9601047953343813,0.03200000000000003,True
5.720242,3,30.468793,0.9569941397127293,0.02400000000000002,True
5.974866,3,30.475734,0.9598607448107529,0.02400000000000002,True
5.813315,5,30.486768,0.9627864617632002,0.040000000000000036,True
5.835332,3,30.493707,0.9634507431748729,0.02400000000000002,True
5.530572,5,30.506431,0.96619021502728,0.040000000000000036,True
5.824071,4,30.515087,0.9587066949357527,0.03200000000000003,True
5.576272,3,30.522616,0.960660471765024,0.02400000000000002,True
6.059952,6,30.535822,0.9615151499355535,0.04800000000000004,True
5.527892,4,30.545345,0.9613105540026372,0.03200000000000003,True
5.776311,4,30.554602,0.9684289654865408,0.03200000000000003,True
5.94768,4,30.564651,0.9577684972751428,0.03200000000000003,True
5.83332,4,30.574505,0.9628787057349183,0.03200000000000003,True
5.814652,4,30.584342,0.9653002756157381,0.03200000000000003,True
5.474514,4,30.593059,0.9619911115238673,0.03200000000000003,True
5.631251,3,30.60117,0.9610696300046807,0.02400000000000002,True
5.498321,4,30.611331,0.9611072123349427,0.03200000000000003,True
5.611379,5,30.623047,0.9646784854514907,0.040000000000000036,True
5.840686,5,30.634469,0.962240606044269,0.040000000000000036,True
5.490912,4,30.644855,0.9595982586633647,0.03200000000000003,True
5.55605,3,30.651646,0.9620011043617114,0.02400000000000002,True
5.600481,4,30.660254,0.9599409184685715,0.03200000000000003,True
5.50882,3,30.666956,0.9604885297107978,0.02400000000000002,True
5.367725,3,30.674533,0.9574967295584352,0.02400000000000002,True
5.519871,4,30.683587,0.9620246728015733,0.03200000000000003,True
5.900632,3,30.691367,0.9675148790681323,0.02400000000000002,True
5.726866,4,30.700397,0.9595562467416623,0.03200000000000003,True
5.991241,5,30.712037,0.9608672672435742,0.040000000000000036,True
5.652555,4,30.72331,0.9628041892208863,0.03200000000000003,True
5.987676,4,30.733741,0.9568553343490669,0.03200000000000003,True
5.983612,5,30.746037,0.961331284605085,0.040000000000000036,True
5.525268,4,30.755929,0.9570824837803391,0.03200000000000003,True
5.698972,3,30.763492,0.961461259304927,0.02400000000000002,True
5.934067,5,30.77442,0.9627126646133188,0.040000000000000036,True
5.826089,4,30.784218,0.9568131417034634,0.03200000000000003,True
5.535188,5,30.796026,0.9620649220278898,0.040000000000000036,True
5.751325,3,30.804055,0.957917794520034,0.02400000000000002,True
5.872719,4,30.812906,0.9594792339281377,0.03200000000000003,True
5.690479,4,31.350254,0.9609486619032555,0.03200000000000003,True
5.651777,4,31.359087,0.9620008795384033,0.03200000000000003,True
5.704041,4,31.369132,0.9613003522482906,0.03200000000000003,True
5.765162,4,31.378814,0.9596676027805457,0.03200000000000003,True
5.608597,5,31.391662,0.9587640739076928,0.040000000000000036,True
5.803637,4,31.401781,0.9586638993284654,0.03200000000000003,True
5.80855,4,31.411681,0.9620660128496326,0.03200000000000003,True
5.921654,5,31.423126,0.9638511637025309,0.040000000000000036,True
5.844854,5,31.434407,0.9597232332708326,0.040000000000000036,True
5.823677,4,31.443887,0.9637146774415853,0.03200000000000003,True
6.033932,4,31.453778,0.9619769413230248,0.03200000000000003,True
5.894139,5,31.465571,0.9625927875467246,0.040000000000000036,True
5.903344,4,31.474277,0.9579977752943043,0.03200000000000003,True
5.738639,3,31.482916,0.9621813448458199,0.02400000000000002,True
5.549075,5,31.495107,0.9640814959373483,0.040000000000000036,True
5.482014,4,31.503284,0.9648685876697457,0.03200000000000003,True
5.877252,3,31.511211,0.9583076463571357,0.02400000000000002,True
5.683854,4,31.52083,0.959574530035571,0.03200000000000003,True
5.576723,4,31.530113,0.9610145894601364,0.03200000000000003,True
5.743427,3,31.537241,0.9612695140110081,0.02400000000000002,True
5.837693,3,31.543663,0.9677219711718215,0.02400000000000002,True
5.469865,4,31.553608,0.9584205042459011,0.03200000000000003,True
5.864097,3,31.560391,0.9649308542135215,0.02400000000000002,True
5.534757,5,31.571438,0.9598045218323077,0.040000000000000036,True
5.434061,3,31.579119,0.9613716615863763,0.02400000000000002,True
5.513995,4,31.588587,0.9584021194825512,0.03200000000000003,True
5.552362,4,31.597992,0.9646088658367893,0.03200000000000003,True
5.674383,3,31.605758,0.961183410953195,0.02400000000000002,True
5.890701,4,31.615517,0.9592838205696197,0.03200000000000003,True
5.999419,4,31.625778,0.9604060799266708,0.03200000000000003,True
5.773615,4,31.634918,0.9618522851792133,0.03200000000000003,True
5.368935,5,31.645825,0.9573188265521485,0.040000000000000036,True
5.72078,3,31.652126,0.9599338680426674,0.02400000000000002,True
5.429152,5,31.664245,0.9590675010074681,0.040000000000000036,True
5.739823,5,31.674732,0.9584329207092086,0.040000000000000036,True
5.70887,4,31.683928,0.9576336726277141,0.03200000000000003,True
5.663369,3,31.690768,0.9650323013022917,0.02400000000000002,True
5.94028,3,31.697636,0.963054693975489,0.02400000000000002,True
6.050724,4,31.707408,0.9653629562147705,0.03200000000000003,True
5.544813,5,31.720104,0.9595501368488231,0.040000000000000036,True
5.752712,4,31.729196,0.9599210728562741,0.03200000000000003,True
5.743217,5,31.740531,0.9594822825838618,0.040000000000000036,True
5.676229,3,31.748453,0.9600693828925995,0.02400000000000002,True
5.63004,3,31.755878,0.961868441361408,0.02400000000000002,True
5.623859,5,31.767616,0.9659998897903752,0.040000000000000036,True
5.472881,5,31.781191,0.9599467530303446,0.040000000000000036,True
5.506603,5,31.792868,0.9597320637906641,0.040000000000000036,True
5.65269,5,31.805161,0.9596612995295415,0.040000000000000036,True
5.715302,5,31.817163,0.9615556062567443,0.040000000000000036,True
5.579135,3,31.823993,0.9619767915117431,0.02400000000000002,True
5.417185,4,31.832972,0.9574206057794197,0.03200000000000003,True
5.740122,4,31.841848,0.9587302751953475,0.03200000000000003,True
5.638282,4,31.850199,0.961610372688477,0.03200000000000003,True
5.566281,4,31.859877,0.9658270987129373,0.03200000000000003,True
5.704581,4,31.868603,0.9655343730666586,0.03200000000000003,True
5.770241,4,31.877838,0.9605891269091758,0.03200000000000003,True
5.870415,3,31.884483,0.9597021099471508,0.02400000000000002,True
5.684043,5,31.896655,0.9613256541299948,0.040000000000000036,True
5.662395,3,31.903738,0.9632624096948623,0.02400000000000002,True
5.638202,4,31.912687,0.9602554176835878,0.03200000000000003,True
5.832554,4,31.922004,0.9631539663159301,0.03200000000000003,True
5.899027,4,31.931905,0.9585318615757302,0.03200000000000003,True
5.549163,4,31.943277,0.9586865810479681,0.03200000000000003,True
5.877017,3,31.951709,0.9612043452191477,0.02400000000000002,True
5.641721,3,32.475436,0.96350320293874,0.02400000000000002,True
5.731044,4,32.485936,0.9620859030126503,0.03200000000000003,True
5.781945,4,32.494905,0.9640651895623203,0.03200000000000003,True
5.758021,4,32.504077,0.9649662686430398,0.03200000000000003,True
5.493403,3,32.511074,0.9652592041655665,0.02400000000000002,True
5.621778,3,32.517984,0.9606074521041125,0.02400000000000002,True
5.514132,4,32.526823,0.9568416881775188,0.03200000000000003,True
5.67185,4,32.536451,0.9670197220721796,0.03200000000000003,True
5.570868,5,32.547513,0.9656729958746668,0.040000000000000036,True
5.664825,4,32.558035,0.9600405439678379,0.03200000000000003,True
5.792034,2,32.56384,0.9617421041885894,0.016000000000000014,True
5.507083,4,32.573942,0.957062696710345,0.03200000000000003,True
5.566213,4,32.583742,0.959997467454983,0.03200000000000003,True
5.82943,5,32.595078,0.9631557170191336,0.040000000000000036,True
5.689201,4,32.605131,0.960085191955689,0.03200000000000003,True
5.589421,4,32.615161,0.9634182044670496,0.03200000000000003,True
5.789822,5,32.627496,0.9568046943702899,0.040000000000000036,True
5.798728,4,32.636496,0.9588401580743386,0.03200000000000003,True
6.053064,5,32.648399,0.9596623540005066,0.040000000000000036,True
5.814887,4,32.657704,0.9618569289935961,0.03200000000000003,True
5.80397,5,32.670519,0.9628588895944296,0.040000000000000036,True
5.638466,5,32.681942,0.9610814535800687,0.040000000000000036,True
5.430738,5,32.693921,0.9607072034946726,0.040000000000000036,True
5.870315,5,32.70501,0.9626481279723705,0.040000000000000036,True
5.874279,4,32.716231,0.9585856633181767,0.03200000000000003,True
5.661468,4,32.726734,0.9569152917601549,0.03200000000000003,True
5.559627,5,32.737959,0.9608228249084261,0.040000000000000036,True
5.482124,4,32.747351,0.9641113498793976,0.03200000000000003,True
5.61134,5,32.757922,0.9602417985876112,0.040000000000000036,True
5.848968,4,32.766685,0.9610182076863476,0.03200000000000003,True
5.475242,4,32.775846,0.960167651094103,0.03200000000000003,True
5.55541,4,32.785105,0.9605110027412986,0.03200000000000003,True
5.692023,3,32.792179,0.9641057516433666,0.02400000000000002,True
5.433185,3,32.799667,0.9598917646146878,0.02400000000000002,True
5.669356,4,32.808845,0.9607720428256443,0.03200000000000003,True
5.860975,4,32.817559,0.9602356860542758,0.03200000000000003,True
5.446247,4,32.82699,0.9620206453123531,0.03200000000000003,True
5.68955,4,32.836493,0.9666896012769065,0.03200000000000003,True
5.564325,5,32.847988,0.9628040812213874,0.040000000000000036,True
5.539673,4,32.857846,0.9584654813818968,0.03200000000000003,True
5.467034,3,32.864967,0.9608927572776247,0.02400000000000002,True
5.592222,4,32.874396,0.9624201750364347,0.03200000000000003,True
5.515995,3,32.881711,0.9567702341591252,0.02400000000000002,True
5.707619,4,32.892607,0.9617970938255925,0.03200000000000003,True
5.619616,5,32.90714,0.9611490480443075,0.040000000000000036,True
5.631776,4,32.91602,0.9604296807501439,0.03200000000000003,True
5.636345,6,32.930709,0.9582737706025507,0.04800000000000004,True
5.563529,4,32.94227,0.9633515126241126,0.03200000000000003,True
5.674853,5,32.952998,0.9582551830572688,0.040000000000000036,True
5.466257,3,32.960723,0.958019509777509,0.02400000000000002,True
5.712505,5,32.971749,0.9660829305776171,0.040000000000000036,True
5.496999,4,32.981015,0.9613905472209365,0.03200000000000003,True
5.572112,5,32.993769,0.9590616145520897,0.040000000000000036,True
5.833228,4,33.002773,0.9572229045875579,0.03200000000000003,True
5.585802,3,33.010358,0.9663129617591324,0.02400000000000002,True
5.661178,4,33.019777,0.962054124237995,0.03200000000000003,True
5.614084,4,33.029188,0.9651732648838383,0.03200000000000003,True
5.574036,5,33.041399,0.9586477468737464,0.040000000000000036,True
5.566556,4,33.049575,0.9603002957797533,0.03200000000000003,True
5.747519,4,33.058971,0.959169452629808,0.03200000000000003,True
5.585034,5,33.075634,0.9597677820691297,0.040000000000000036,True
5.585415,4,33.088666,0.9619744201333542,0.03200000000000003,True
5.816429,5,33.633134,0.9592080600218134,0.040000000000000036,True
5.671026,4,33.643755,0.9626316148516609,0.03200000000000003,True
5.756477,4,33.654624,0.9610956328363625,0.03200000000000003,True
5.59341,4,33.665519,0.9620708618170132,0.03200000000000003,True
5.753003,4,33.67659,0.963461172065757,0.03200000000000003,True
5.73178,4,33.687718,0.9636039607459554,0.03200000000000003,True
5.74194,5,33.700634,0.9602505998124801,0.040000000000000036,True
5.757943,5,33.717633,0.9641051648932766,0.040000000000000036,True
5.626001,3,33.729267,0.9612461329224702,0.02400000000000002,True
5.540985,4,33.741007,0.9585288682102264,0.03200000000000003,True
5.570736,4,33.752655,0.967914545875327,0.03200000000000003,True
5.877721,5,33.765183,0.9597107730861145,0.040000000000000036,True
6.089423,4,33.778014,0.9605015392238297,0.03200000000000003,True
5.745775,4,33.78972,0.9641529154082145,0.03200000000000003,True
5.637173,5,33.803551,0.961168964808766,0.040000000000000036,True
5.711218,4,33.81475,0.9614676979295845,0.03200000000000003,True
5.605029,4,33.825032,0.9653947512555145,0.03200000000000003,True
6.028234,4,33.836555,0.9582375922429667,0.03200000000000003,True
5.547033,4,33.847689,0.9590799179926179,0.03200000000000003,True
5.604778,4,33.857924,0.9615482933742103,0.03200000000000003,True
5.74332,4,33.869958,0.9638653013319142,0.03200000000000003,True
6.044497,5,33.883839,0.9647951982397656,0.040000000000000036,True
5.788248,3,33.892576,0.9612816063226377,0.02400000000000002,True
5.426227,4,33.903679,0.9583513723435828,0.03200000000000003,True
5.689232,3,33.912089,0.9588761829424995,0.02400000000000002,True
5.81283,4,33.923147,0.960111975703152,0.03200000000000003,True
5.58952,5,33.93813,0.9594797841725489,0.040000000000000036,True
5.599635,2,33.944758,0.9637207644376715,0.016000000000000014,True
5.619593,5,33.958082,0.9630284719128297,0.040000000000000036,True
5.606355,4,33.968376,0.9610878207106085,0.03200000000000003,True
5.908067,5,33.983291,0.9603758341941663,0.040000000000000036,True
5.593066,4,33.994432,0.9634775621865521,0.03200000000000003,True
5.576787,5,34.007364,0.9566552896074026,0.040000000000000036,True
5.944601,3,34.016569,0.9632450041624171,0.02400000000000002,True
5.654767,4,34.027887,0.9565923062370267,0.03200000000000003,True
5.490573,3,34.037047,0.9568193067811157,0.02400000000000002,True
5.672482,3,34.046433,0.9615053497963308,0.02400000000000002,True
5.638246,4,34.057534,0.9631149909297947,0.03200000000000003,True
5.563079,3,34.065024,0.9655729827877477,0.02400000000000002,True
5.72752,4,34.076107,0.9629581245282526,0.03200000000000003,True
5.552384,5,34.088659,0.9610812138362519,0.040000000000000036,True
5.666731,3,34.095441,0.9612907264312507,0.02400000000000002,True
5.792212,4,34.109298,0.9627734368123003,0.03200000000000003,True
5.964355,4,34.124129,0.9613731885393954,0.03200000000000003,True
5.774942,4,34.137259,0.9602659896447651,0.03200000000000003,True
5.474812,4,34.146624,0.9585100575633706,0.03200000000000003,True
5.973055,4,34.155922,0.9647434138238593,0.03200000000000003,True
5.512775,4,34.165143,0.9630150367711223,0.03200000000000003,True
5.863767,3,34.171589,0.9645181474370306,0.02400000000000002,True
5.672429,5,34.184066,0.9627132277637946,0.040000000000000036,True
5.573377,4,34.192578,0.9572154714133521,0.03200000000000003,True
5.602565,4,34.203206,0.956547930637778,0.03200000000000003,True
5.388496,3,34.2113,0.9617706210347495,0.02400000000000002,True
5.682154,5,34.224719,0.9607234416694845,0.040000000000000036,True
5.659692,3,34.230902,0.9647490054043188,0.02400000000000002,True
5.543507,4,34.24048,0.959200363416771,0.03200000000000003,True
5.819375,5,34.252201,0.9604020325931654,0.040000000000000036,True
5.742824,3,34.262152,0.9581518155702398,0.02400000000000002,True
5.839779,5,34.274362,0.9580404741235113,0.040000000000000036,True
5.435164,3,34.281836,0.9582196643709174,0.02400000000000002,True
5.582969,5,34.293944,0.9606563708613696,0.040000000000000036,True
5.837573,4,34.302953,0.9560858576398962,0.03200000000000003,True
5.563208,4,34.313497,0.9601507559795581,0.03200000000000003,True
5.812323,4,34.323232,0.9656495310792891,0.03200000000000003,True
5.55809,5,34.882195,0.9583533115717682,0.040000000000000036,True
5.645371,3,34.889638,0.9596971374243006,0.02400000000000002,True
5.68643,4,34.899565,0.9606992571292898,0.03200000000000003,True
6.055157,4,34.909826,0.9572295946018866,0.03200000000000003,True
5.359234,3,34.917818,0.958511162124505,0.02400000000000002,True
5.761149,3,34.924304,0.962476924091771,0.02400000000000002,True
5.728263,5,34.938605,0.9582046641289885,0.040000000000000036,True
5.776043,4,34.951096,0.9621416204753709,0.03200000000000003,True
5.911955,4,34.961261,0.9595239409353666,0.03200000000000003,True
5.857171,5,34.97305,0.9610730456513741,0.040000000000000036,True
5.798079,3,34.980097,0.9674216250909323,0.02400000000000002,True
5.536704,4,34.989815,0.9598203288345564,0.03200000000000003,True
5.632652,5,35.003317,0.960316173807064,0.040000000000000036,True
5.61172,4,35.011712,0.9608862456653998,0.03200000000000003,True
5.406206,3,35.019815,0.9597867339577084,0.02400000000000002,True
5.692575,4,35.030006,0.9590833319685279,0.03200000000000003,True
5.756974,4,35.039855,0.9616793242958495,0.03200000000000003,True
5.66278,4,35.049281,0.9595321084008126,0.03200000000000003,True
5.574843,3,35.055883,0.961277921617194,0.02400000000000002,True
5.880103,5,35.068736,0.964862305195817,0.040000000000000036,True
5.94974,4,35.078189,0.9576285393129018,0.03200000000000003,True
6.003549,5,35.090652,0.9614038445722949,0.040000000000000036,True
5.44567,5,35.10266,0.9604020564164064,0.040000000000000036,True
5.774786,5,35.11378,0.9640339654160048,0.040000000000000036,True
5.587796,3,35.121914,0.9643192726187426,0.02400000000000002,True
5.526472,4,35.131674,0.9639600369821226,0.03200000000000003,True
5.84846,4,35.147772,0.9575663021899359,0.03200000000000003,True
5.625539,4,35.162593,0.9615452548543265,0.03200000000000003,True
5.84011,3,35.173914,0.9620423716362212,0.02400000000000002,True
5.800044,4,35.183226,0.961285105085709,0.03200000000000003,True
5.720785,3,35.190101,0.9601087540245496,0.02400000000000002,True
5.649252,3,35.197984,0.9608446793601761,0.02400000000000002,True
5.767055,4,35.207711,0.9605035620917494,0.03200000000000003,True
5.408342,3,35.215636,0.9590766848139569,0.02400000000000002,True
5.733595,5,35.228976,0.959205809059126,0.040000000000000036,True
5.637576,5,35.240508,0.958952709998682,0.040000000000000036,True
5.716593,5,35.252845,0.961934753872443,0.040000000000000036,True
5.687237,4,35.262936,0.9590013460332304,0.03200000000000003,True
5.94759,5,35.277211,0.9642952077495859,0.040000000000000036,True
5.598665,5,35.288513,0.9618268111331136,0.040000000000000036,True
5.964331,6,35.302825,0.9618365450076912,0.04800000000000004,True
5.667149,4,35.312232,0.9620354430636726,0.03200000000000003,True
5.451488,2,35.316776,0.9604230577037232,0.016000000000000014,True
5.87054,4,35.325226,0.9637076958023539,0.03200000000000003,True
5.836323,4,35.334664,0.9590883905408824,0.03200000000000003,True
5.592568,4,35.343484,0.9614352094127148,0.03200000000000003,True
5.39992,3,35.35114,0.9640190704551754,0.02400000000000002,True
5.601947,4,35.360333,0.9591301150223664,0.03200000000000003,True
5.708793,3,35.367332,0.9636220794796412,0.02400000000000002,True
5.436944,3,35.374417,0.9643500652460582,0.02400000000000002,True
5.812263,4,35.383825,0.9677113244464013,0.03200000000000003,True
5.765552,4,35.393304,0.9568217797995622,0.03200000000000003,True
5.709838,3,35.400294,0.9648858859904306,0.02400000000000002,True
5.847051,4,35.409363,0.9608315166850885,0.03200000000000003,True
5.390421,3,35.416562,0.9647804734947164,0.02400000000000002,True
5.819191,5,35.428317,0.9560901824137147,0.040000000000000036,True
5.665608,5,35.439627,0.9588804234428555,0.040000000000000036,True
5.521373,5,35.450454,0.961995091205613,0.040000000000000036,True
5.601347,4,35.45943,0.9607118833358248,0.03200000000000003,True
5.635408,4,35.468429,0.964324763171148,0.03200000000000003,True
5.829651,4,35.478059,0.9648836473782607,0.03200000000000003,True
5.470273,4,35.487375,0.9615066601973448,0.03200000000000003,True
5.589,3,35.494978,0.9603376844956711,0.02400000000000002,True
5.791278,3,35.502763,0.959576692252498,0.02400000000000002,True
5.966821,4,36.013751,0.9582601612753994,0.03200000000000003,True
5.694132,4,36.022901,0.958226882206412,0.03200000000000003,True
5.628336,4,36.032109,0.9605228135154558,0.03200000000000003,True
5.53282,4,36.04141,0.9597392926341599,0.03200000000000003,True
5.669593,4,36.050261,0.9616864086230656,0.03200000000000003,True
5.719413,4,36.059523,0.9606144449497168,0.03200000000000003,True
5.885479,4,36.06833,0.9626129106519712,0.03200000000000003,True
6.000391,3,36.074384,0.9641109770933263,0.02400000000000002,True
5.995704,3,36.081981,0.9621304878648731,0.02400000000000002,True
5.920904,4,36.090679,0.9616980322376969,0.03200000000000003,True
5.664451,4,36.099778,0.9574435899108594,0.03200000000000003,True
6.01513,4,36.108535,0.9591469203832416,0.03200000000000003,True
5.562481,4,36.118901,0.9592449326936892,0.03200000000000003,True
5.588574,4,36.128097,0.9578739427038038,0.03200000000000003,True
5.615461,5,36.139951,0.9601644394904619,0.040000000000000036,True
5.838588,5,36.150504,0.9616024422777673,0.040000000000000036,True
5.708917,3,36.157403,0.9595040699588105,0.02400000000000002,True
5.711441,3,36.164808,0.964412780825888,0.02400000000000002,True
5.5645,4,36.173819,0.9588895127968017,0.03200000000000003,True
5.419276,4,36.18775,0.9573286186557951,0.03200000000000003,True
6.068008,5,36.283359,0.9612651095602058,0.040000000000000036,True
5.4669,3,36.290325,0.9621590089035676,0.02400000000000002,True
5.686916,4,36.29977,0.9604163517947892,0.03200000000000003,True
5.382134,4,36.309083,0.9604399125063193,0.03200000000000003,True
5.655501,3,36.31608,0.9597525098064841,0.02400000000000002,True
5.849855,5,36.326687,0.9658670760170287,0.040000000000000036,True
5.76618,4,36.337179,0.962705191340879,0.03200000000000003,True
5.738499,4,36.34659,0.9588461199931453,0.03200000000000003,True
5.677065,5,36.35961,0.9619268693638132,0.040000000000000036,True
5.817816,4,36.36847,0.9615410381745049,0.03200000000000003,True
5.792657,4,36.37774,0.96340032965582,0.03200000000000003,True
5.676204,3,36.384956,0.9606227640301908,0.02400000000000002,True
5.838876,4,36.393915,0.9586655703634345,0.03200000000000003,True
5.700719,4,36.40438,0.9629038992149908,0.03200000000000003,True
5.459721,2,36.409048,0.9598056092770912,0.016000000000000014,True
5.593846,5,36.421429,0.9663611637999665,0.040000000000000036,True
5.587849,4,36.4307,0.9605302906901865,0.03200000000000003,True
5.647544,3,36.438607,0.9593859266438682,0.02400000000000002,True
5.50604,3,36.445599,0.9645782163658958,0.02400000000000002,True
5.54545,4,36.454762,0.9585385870780208,0.03200000000000003,True
6.079057,5,36.465326,0.9585003757823307,0.040000000000000036,True
5.744277,3,36.473187,0.9630484134222748,0.02400000000000002,True
5.981906,3,36.480973,0.9587756560219984,0.02400000000000002,True
6.030432,4,36.489975,0.9577432735367899,0.03200000000000003,True
5.687293,4,36.499519,0.9605097170517487,0.03200000000000003,True
5.552197,5,36.511839,0.9604722787589806,0.040000000000000036,True
5.954021,4,36.520598,0.9597383035304359,0.03200000000000003,True
5.670464,3,36.527302,0.95795373073367,0.02400000000000002,True
5.420748,3,36.534226,0.9650124398920443,0.02400000000000002,True
5.733705,4,36.545093,0.9604488389596233,0.03200000000000003,True
5.507161,3,36.551332,0.9679998072779035,0.02400000000000002,True
5.448654,3,36.558947,0.9581692514051445,0.02400000000000002,True
5.389758,3,36.565827,0.9565878206151542,0.02400000000000002,True
5.400504,3,36.572857,0.9670732472781136,0.02400000000000002,True
5.77034,4,36.582094,0.9635430291714615,0.03200000000000003,True
6.103936,5,36.59223,0.9645065398235596,0.040000000000000036,True
5.486385,3,36.599595,0.9598461292572433,0.02400000000000002,True
5.861611,5,36.614173,0.9605496924924728,0.040000000000000036,True
5.647931,3,36.625532,0.9574568646248103,0.02400000000000002,True
5.784139,4,36.640316,0.9586755152499193,0.03200000000000003,True
5.797514,4,36.654637,0.9623849021444004,0.03200000000000003,True
5.435563,3,36.664069,0.9619171234574898,0.02400000000000002,True
5.575238,4,36.677203,0.9606253478696282,0.03200000000000003,True
5.878521,4,36.690298,0.9607481289059903,0.03200000000000003,True
5.592603,4,36.703529,0.9579115946542327,0.03200000000000003,True
5.742421,5,36.719579,0.9643007545735476,0.040000000000000036,True
5.893199,4,36.734211,0.9627699568082709,0.03200000000000003,True
5.520902,3,37.463982,0.9586991518024753,0.02400000000000002,True
5.870683,4,37.477782,0.9575812838208697,0.03200000000000003,True
6.009222,3,37.486463,0.961235014691887,0.02400000000000002,True
5.713488,4,37.500338,0.9628302620972689,0.03200000000000003,True
5.943951,5,37.515696,0.9606118545398831,0.040000000000000036,True
5.786502,5,37.52929,0.9638897716604954,0.040000000000000036,True
5.601476,5,37.543814,0.9621278834719751,0.040000000000000036,True
5.703515,4,37.555417,0.9650726383979036,0.03200000000000003,True
5.58804,4,37.56836,0.9604309179739721,0.03200000000000003,True
5.893744,4,37.57987,0.9634516193448928,0.03200000000000003,True
6.069058,5,37.594976,0.9571163809031035,0.040000000000000036,True
5.435157,4,37.606985,0.9571067845016377,0.03200000000000003,True
5.508022,3,37.615354,0.9609358331512627,0.02400000000000002,True
5.696496,5,37.630345,0.957711927892366,0.040000000000000036,True
5.515981,4,37.642537,0.959991654163469,0.03200000000000003,True
5.560405,2,37.648236,0.9590060898594995,0.016000000000000014,True
5.717421,4,37.661049,0.9586216026040485,0.03200000000000003,True
5.735687,3,37.66909,0.9595971903032248,0.02400000000000002,True
5.517891,4,37.680721,0.9638117527261236,0.03200000000000003,True
5.613267,5,37.694996,0.9589779204769547,0.040000000000000036,True
6.063966,4,37.707034,0.9627303465468078,0.03200000000000003,True
5.778543,4,37.719846,0.963197205404795,0.03200000000000003,True
5.610415,4,37.73302,0.9605419564719817,0.03200000000000003,True
5.411416,3,37.742233,0.9609794906678226,0.02400000000000002,True
5.960008,4,37.75358,0.9593707212802434,0.03200000000000003,True
5.55117,3,37.761554,0.9598651842341288,0.02400000000000002,True
5.778821,5,37.775608,0.9615022104365452,0.040000000000000036,True
5.694626,6,37.792484,0.9593125268532727,0.04800000000000004,True
5.745916,3,37.801902,0.9631977178625276,0.02400000000000002,True
6.092362,5,37.815226,0.9633915497118778,0.040000000000000036,True
5.653617,4,37.827583,0.9601104217722299,0.03200000000000003,True
5.744875,5,37.840991,0.957547917611308,0.040000000000000036,True
5.450856,4,37.859201,0.9646267204817532,0.03200000000000003,True
5.825799,5,37.873698,0.9621307720114619,0.040000000000000036,True
5.431247,5,37.887796,0.9624541534581995,0.040000000000000036,True
6.016319,4,37.901118,0.9582401548379249,0.03200000000000003,True
5.565242,3,37.910053,0.9599487417262189,0.02400000000000002,True
5.79327,4,37.921819,0.9626717573333513,0.03200000000000003,True
5.754949,5,37.935024,0.958611310142822,0.040000000000000036,True
5.764605,5,37.949449,0.9616482688350445,0.040000000000000036,True
5.58651,5,37.964289,0.958555333837918,0.040000000000000036,True
5.792688,4,37.974107,0.9654274650650777,0.03200000000000003,True
5.901564,7,37.994202,0.9612113086372676,0.05600000000000005,True
5.531375,4,38.005856,0.95634884097058,0.03200000000000003,True
5.513506,5,38.020158,0.960243263204003,0.040000000000000036,True
5.612429,5,38.034975,0.9615263734497076,0.040000000000000036,True
5.445909,3,38.044658,0.9610800636248998,0.02400000000000002,True
5.513841,4,38.057026,0.9646382520720198,0.03200000000000003,True
5.525028,4,38.06837,0.9569049349783072,0.03200000000000003,True
5.652059,4,38.079298,0.966105424741328,0.03200000000000003,True
5.64815,4,38.090123,0.9614608055713485,0.03200000000000003,True
5.847974,5,38.10714,0.9601697275262437,0.040000000000000036,True
5.533476,4,38.120737,0.9618319835480107,0.03200000000000003,True
5.517075,4,38.13325,0.9619263735783614,0.03200000000000003,True
5.935091,4,38.145775,0.9614164955927269,0.03200000000000003,True
5.938945,3,38.155197,0.9576389071353668,0.02400000000000002,True
5.669242,5,38.172604,0.9669647126762148,0.040000000000000036,True
5.511558,3,38.182259,0.9570671841575058,0.02400000000000002,True
5.480587,4,38.196408,0.9612779039004359,0.03200000000000003,True
5.565789,4,38.207752,0.9608538784933667,0.03200000000000003,True
5.608387,3,38.218869,0.9636978869796112,0.02400000000000002,True
5.642145,3,38.226739,0.9617060719850519,0.02400000000000002,True
5.600764,3,38.969849,0.9624437668690915,0.02400000000000002,True
6.021874,5,38.984735,0.9629562820323704,0.040000000000000036,True
5.425196,3,38.993183,0.9592068754276262,0.02400000000000002,True
5.723557,3,39.001879,0.9580071235753375,0.02400000000000002,True
5.791462,4,39.013636,0.965781020078406,0.03200000000000003,True
5.603782,4,39.025806,0.9588032119791084,0.03200000000000003,True
5.778762,5,39.040272,0.9616499203493815,0.040000000000000036,True
5.668493,3,39.049608,0.9569655728717046,0.02400000000000002,True
5.462858,3,39.059637,0.9588924505727243,0.02400000000000002,True
5.709479,4,39.070205,0.957772518871403,0.03200000000000003,True
5.431734,5,39.084093,0.958609956634858,0.040000000000000036,True
5.848644,3,39.092755,0.9660630196182932,0.02400000000000002,True
5.794434,5,39.108132,0.9572119567024691,0.040000000000000036,True
5.979629,4,39.119669,0.961686965559817,0.03200000000000003,True
5.691517,4,39.131517,0.9566163343259904,0.03200000000000003,True
5.542443,4,39.143072,0.9647882445702727,0.03200000000000003,True
5.690675,3,39.151589,0.9642222751335299,0.02400000000000002,True
5.641654,3,39.160131,0.9577961396956416,0.02400000000000002,True
5.886034,4,39.171493,0.9571256284222696,0.03200000000000003,True
5.93991,4,39.183028,0.9589943405789292,0.03200000000000003,True
5.803398,6,39.20047,0.9600129643457376,0.04800000000000004,True
5.745868,5,39.215865,0.9596118888385233,0.040000000000000036,True
5.699584,3,39.227333,0.9614075519593528,0.02400000000000002,True
5.802277,4,39.239879,0.9651348836619029,0.03200000000000003,True
5.622108,4,39.253519,0.9601315356536025,0.03200000000000003,True
5.650492,5,39.267923,0.9627781889637504,0.040000000000000036,True
5.507753,4,39.281021,0.9611993719983458,0.03200000000000003,True
5.614232,4,39.293065,0.9614389378580672,0.03200000000000003,True
5.560373,4,39.305493,0.9648065882347803,0.03200000000000003,True
5.485089,5,39.320822,0.961920418106671,0.040000000000000036,True
5.825849,4,39.332411,0.9649617247679414,0.03200000000000003,True
5.500815,5,39.34761,0.961576759647593,0.040000000000000036,True
5.860891,4,39.359086,0.9573065796319464,0.03200000000000003,True
5.723176,4,39.370514,0.9624705497611544,0.03200000000000003,True
5.711743,4,39.382728,0.9591771926381472,0.03200000000000003,True
5.531421,4,39.40099,0.9595206220729174,0.03200000000000003,True
5.497831,3,39.411362,0.9678624411733161,0.02400000000000002,True
5.625721,5,39.431251,0.9603887426363139,0.040000000000000036,True
5.868834,4,39.446578,0.9688641387895998,0.03200000000000003,True
5.503891,5,39.464764,0.9612693755384085,0.040000000000000036,True
5.736507,5,39.48666,0.9655985007573433,0.040000000000000036,True
5.522426,4,39.500115,0.9589310497680983,0.03200000000000003,True
5.520956,4,39.514362,0.9568313171316385,0.03200000000000003,True
5.649983,3,39.523506,0.9647056744128252,0.02400000000000002,True
5.843161,4,39.535812,0.9589804482581044,0.03200000000000003,True
6.063836,5,39.550592,0.95852724306859,0.040000000000000036,True
5.532738,3,39.560125,0.9577416588211812,0.02400000000000002,True
5.671904,3,39.569431,0.9610433397778224,0.02400000000000002,True
5.734266,4,39.583058,0.9614014627608949,0.03200000000000003,True
5.561804,3,39.593491,0.9604713120816891,0.02400000000000002,True
5.747077,5,39.61052,0.9622649498080489,0.040000000000000036,True
5.719128,4,39.622331,0.9608380660582578,0.03200000000000003,True
5.666558,4,39.634194,0.9597441244998672,0.03200000000000003,True
5.455914,4,39.645445,0.9615775289221326,0.03200000000000003,True
5.654192,5,39.660713,0.9625516915209478,0.040000000000000036,True
5.601447,3,39.668559,0.9639234959798656,0.02400000000000002,True
5.803752,5,39.684052,0.9588282004009951,0.040000000000000036,True
5.723681,5,39.698106,0.9676407892450964,0.040000000000000036,True
5.491156,4,39.709673,0.9638159145627396,0.03200000000000003,True
5.658116,3,39.717487,0.9611445606131309,0.02400000000000002,True
5.585899,5,39.732689,0.9609597240087706,0.040000000000000036,True
5.805005,5,39.746432,0.9567704763694247,0.040000000000000036,True
5.646572,5,39.76269,0.9605392530473202,0.040000000000000036,True
5.549166,4,40.49927,0.9615969325897813,0.03200000000000003,True
5.365728,3,40.509278,0.9660790822067746,0.02400000000000002,True
5.584243,3,40.522146,0.9629173080906526,0.02400000000000002,True
5.844317,4,40.539864,0.9592671731391977,0.03200000000000003,True
5.430195,4,40.560573,0.9583697209582642,0.03200000000000003,True
5.870226,5,40.580969,0.965936226292403,0.040000000000000036,True
6.084904,5,40.600972,0.9603750821852829,0.040000000000000036,True
5.713028,4,40.614979,0.9631803806811544,0.03200000000000003,True
5.839251,5,40.631732,0.966632970495981,0.040000000000000036,True
5.689177,4,40.644883,0.9631281771288065,0.03200000000000003,True
5.495178,4,40.658698,0.9657527566277302,0.03200000000000003,True
5.819148,4,40.671485,0.959752962295843,0.03200000000000003,True
5.40155,3,40.681718,0.9615541354693637,0.02400000000000002,True
6.068953,5,40.698522,0.9639202281753554,0.040000000000000036,True
5.872097,5,40.71812,0.9626565012858945,0.040000000000000036,True
5.72624,4,40.730142,0.9574500816660022,0.03200000000000003,True
5.55688,4,40.74575,0.9581078916747523,0.03200000000000003,True
5.720156,4,40.759017,0.9604812092565103,0.03200000000000003,True
5.770818,4,40.772228,0.9627146739075525,0.03200000000000003,True
5.945578,5,40.787571,0.9575492069586289,0.040000000000000036,True
5.756699,4,40.802042,0.9599734246174365,0.03200000000000003,True
5.597353,5,40.81813,0.9627773847507977,0.040000000000000036,True
5.505481,5,40.8352,0.9629133187859409,0.040000000000000036,True
5.729381,3,40.845819,0.9591120597440677,0.02400000000000002,True
5.661595,3,40.85627,0.9621288144468321,0.02400000000000002,True
5.846237,3,40.866608,0.9598147290819199,0.02400000000000002,True
6.019204,3,40.876,0.9588081988025473,0.02400000000000002,True
5.648401,4,40.888435,0.9617207153311742,0.03200000000000003,True
5.755651,3,40.898648,0.9648058470820926,0.02400000000000002,True
5.664479,2,40.906536,0.9638884517090125,0.016000000000000014,True
5.41687,3,40.917201,0.9604968739401725,0.02400000000000002,True
5.634852,4,40.931396,0.9637923592954432,0.03200000000000003,True
5.499967,3,40.94251,0.9623886460791748,0.02400000000000002,True
5.463517,4,40.959168,0.9627518087129489,0.03200000000000003,True
5.7373,4,40.972574,0.9600083803243721,0.03200000000000003,True
5.730564,4,40.985307,0.9651731449503922,0.03200000000000003,True
5.51423,3,40.994053,0.9613167131022269,0.02400000000000002,True
5.501342,5,41.009974,0.9580051191019229,0.040000000000000036,True
5.851517,4,41.022759,0.9631530257685923,0.03200000000000003,True
5.647664,4,41.035768,0.9610767387157495,0.03200000000000003,True
5.871878,4,41.049954,0.9593879122065853,0.03200000000000003,True
6.032232,4,41.063853,0.9611030067981569,0.03200000000000003,True
5.572984,4,41.076238,0.9582312134688474,0.03200000000000003,True
5.506624,3,41.085983,0.9618689394975866,0.02400000000000002,True
5.524776,3,41.094008,0.9617470551871121,0.02400000000000002,True
5.866942,4,41.10354,0.9609717844654535,0.03200000000000003,True
5.627131,4,41.113354,0.9611170017879824,0.03200000000000003,True
5.793555,5,41.124367,0.9628201149148465,0.040000000000000036,True
5.980993,4,41.13492,0.9614122990671337,0.03200000000000003,True
5.576108,3,41.140956,0.9615325955012078,0.02400000000000002,True
5.880583,4,41.150257,0.9606650604700449,0.03200000000000003,True
5.674277,5,41.162744,0.9580159930800477,0.040000000000000036,True
5.409284,3,41.169305,0.9574173717187919,0.02400000000000002,True
5.594631,4,41.178557,0.9588420842360093,0.03200000000000003,True
5.539386,4,41.187928,0.9610923127619463,0.03200000000000003,True
5.452294,4,41.197816,0.9573674161351537,0.03200000000000003,True
5.450966,3,41.205073,0.9672039895093728,0.02400000000000002,True
5.513882,5,41.216593,0.9604339316929951,0.040000000000000036,True
5.842964,5,41.228782,0.958427832118565,0.040000000000000036,True
5.715161,4,41.238838,0.9588102623267081,0.03200000000000003,True
5.773118,4,41.248628,0.9599913562960989,0.03200000000000003,True
5.610724,5,41.25998,0.9592244456890786,0.040000000000000036,True
5.809515,4,41.270911,0.9596152733685633,0.03200000000000003,True
5.780545,4,41.280457,0.9610036417448357,0.03200000000000003,True
5.801144,4,41.290124,0.9631816609193568,0.03200000000000003,True
5.606615,4,41.822916,0.9609914998319448,0.03200000000000003,True
5.736296,3,41.830313,0.9607304935531115,0.02400000000000002,True
5.745192,4,41.83886,0.9619864611344999,0.03200000000000003,True
5.824299,5,41.849283,0.9622225868100629,0.040000000000000036,True
5.756805,5,41.860261,0.9596656193096269,0.040000000000000036,True
5.829719,4,41.870508,0.9595079493987482,0.03200000000000003,True
5.584936,3,41.87693,0.9605085818961387,0.02400000000000002,True
5.679255,5,41.888209,0.956624520471394,0.040000000000000036,True
6.021818,3,41.895932,0.958306053480585,0.02400000000000002,True
5.630771,4,41.905209,0.9604221337205598,0.03200000000000003,True
5.524052,4,41.914664,0.9592316721482849,0.03200000000000003,True
5.912551,4,41.92496,0.9597001535615728,0.03200000000000003,True
5.662755,3,41.932055,0.9644349303539919,0.02400000000000002,True
5.52293,4,41.9438,0.9626139855949382,0.03200000000000003,True
5.642722,5,41.957732,0.9611519576059663,0.040000000000000036,True
5.730851,4,41.967932,0.9573055277605621,0.03200000000000003,True
5.882703,5,41.978536,0.9575627791338582,0.040000000000000036,True
5.491064,4,41.986619,0.9598022782497991,0.03200000000000003,True
5.736127,4,41.996085,0.9589949984810875,0.03200000000000003,True
5.740558,4,42.005667,0.964785270952243,0.03200000000000003,True
5.749726,4,42.014521,0.9628825297327841,0.03200000000000003,True
5.85876,4,42.022875,0.96262262563254,0.03200000000000003,True
5.579675,3,42.030365,0.9564342689340015,0.02400000000000002,True
6.067615,5,42.041601,0.9626409087253468,0.040000000000000036,True
5.821694,4,42.050518,0.9620144362165653,0.03200000000000003,True
5.494639,4,42.05973,0.9615208356759104,0.03200000000000003,True
5.64691,5,42.070999,0.959669170044813,0.040000000000000036,True
5.728756,4,42.080548,0.9597599327329989,0.03200000000000003,True
5.883583,5,42.092382,0.9659913080342672,0.040000000000000036,True
5.477208,3,42.099859,0.9592684202369365,0.02400000000000002,True
5.680257,3,42.106894,0.9584972216244507,0.02400000000000002,True
5.687038,5,42.118148,0.9613986490890498,0.040000000000000036,True
5.665132,4,42.127282,0.9595511724040036,0.03200000000000003,True
5.540219,3,42.134525,0.9587836191286643,0.02400000000000002,True
5.626794,3,42.140451,0.964066941097507,0.02400000000000002,True
5.401675,4,42.149843,0.9598724637836302,0.03200000000000003,True
5.53268,4,42.158237,0.9590442521489172,0.03200000000000003,True
5.751101,4,42.168327,0.9641426704938456,0.03200000000000003,True
5.550074,4,42.178232,0.9618536661294848,0.03200000000000003,True
5.447863,4,42.187044,0.9610614424130436,0.03200000000000003,True
5.745002,4,42.196036,0.967221903703634,0.03200000000000003,True
5.628742,4,42.205851,0.9622324200512529,0.03200000000000003,True
5.591616,5,42.21739,0.9593712631457838,0.040000000000000036,True
5.355742,3,42.224418,0.9619373911144242,0.02400000000000002,True
5.446981,2,42.228731,0.9629569980933285,0.016000000000000014,True
5.738897,4,42.238101,0.9570403461829252,0.03200000000000003,True
5.683843,4,42.248185,0.9630058955155221,0.03200000000000003,True
5.739001,4,42.256945,0.9601148519594231,0.03200000000000003,True
5.51934,4,42.265764,0.9642590444759973,0.03200000000000003,True
5.995048,4,42.274754,0.9630270465670547,0.03200000000000003,True
5.812662,4,42.284733,0.9622579267188714,0.03200000000000003,True
5.527087,5,42.295504,0.9595862421936368,0.040000000000000036,True
5.819201,4,42.30521,0.9599991633606062,0.03200000000000003,True
5.450434,4,42.314248,0.9628628722243149,0.03200000000000003,True
5.842708,4,42.323663,0.9637747100048989,0.03200000000000003,True
5.67064,5,42.334783,0.9625754443174839,0.040000000000000036,True
5.492343,3,42.344216,0.9606296048593346,0.02400000000000002,True
5.595911,4,42.3533,0.9664838392375007,0.03200000000000003,True
5.598133,4,42.362385,0.961901854716084,0.03200000000000003,True
5.833601,4,42.37068,0.9599751955296256,0.03200000000000003,True
5.591292,5,42.384149,0.9615480884629932,0.040000000000000036,True
5.672512,4,42.39334,0.9663954557867046,0.03200000000000003,True
5.612017,3,42.400797,0.957968055493576,0.02400000000000002,True
5.855211,5,42.413305,0.9564276644137686,0.040000000000000036,True
5.692057,4,42.939929,0.9649919942711294,0.03200000000000003,True
5.426491,4,42.95101,0.9573586758120185,0.03200000000000003,True
5.771453,4,42.960462,0.9577362622291611,0.03200000000000003,True
5.444696,3,42.967954,0.9613182904416908,0.02400000000000002,True
5.510993,4,42.976842,0.9686935681710652,0.03200000000000003,True
5.542042,3,42.984149,0.9633706928869037,0.02400000000000002,True
5.751715,4,42.991873,0.9615199256868324,0.03200000000000003,True
5.46694,6,43.004342,0.9582852568111255,0.04800000000000004,True
5.519733,5,43.014688,0.9660718432364821,0.040000000000000036,True
5.736188,3,43.022496,0.9609862711475736,0.02400000000000002,True
5.748906,5,43.033153,0.9629916421425075,0.040000000000000036,True
6.05213,5,43.119506,0.960706401636239,0.040000000000000036,True
5.697804,4,43.129352,0.9598316458633885,0.03200000000000003,True
5.486684,4,43.138541,0.9617170681763403,0.03200000000000003,True
5.450386,5,43.149115,0.9635019154717673,0.040000000000000036,True
5.564453,5,43.161942,0.9698660665719562,0.040000000000000036,True
5.517483,3,43.168919,0.9602319615378736,0.02400000000000002,True
5.917252,3,43.176666,0.9616637678327252,0.02400000000000002,True
5.481908,5,43.188105,0.9570991349329694,0.040000000000000036,True
5.660499,2,43.193467,0.9594457483975247,0.016000000000000014,True
5.758024,4,43.202921,0.9591956690089463,0.03200000000000003,True
5.754766,3,43.210111,0.962002819211661,0.02400000000000002,True
5.878638,5,43.222139,0.9593150930427856,0.040000000000000036,True
5.493279,3,43.229095,0.9578960588431388,0.02400000000000002,True
5.524462,4,43.238946,0.9618763478779835,0.03200000000000003,True
5.747961,3,43.245641,0.9603449388644645,0.02400000000000002,True
5.525449,3,43.252257,0.9587611526340688,0.02400000000000002,True
5.501279,4,43.261142,0.959665233231453,0.03200000000000003,True
5.542527,4,43.269892,0.9627428390683028,0.03200000000000003,True
5.584696,4,43.279475,0.9622248154500364,0.03200000000000003,True
5.817777,4,43.289415,0.9613399214089966,0.03200000000000003,True
6.071603,4,43.298743,0.9620517815905825,0.03200000000000003,True
5.772679,4,43.308342,0.9647970639020723,0.03200000000000003,True
5.409262,3,43.315364,0.9626338666234124,0.02400000000000002,True
5.624574,4,43.325057,0.9623396238669559,0.03200000000000003,True
5.748359,4,43.334043,0.9622422799116268,0.03200000000000003,True
5.502257,5,43.347316,0.9646097796620627,0.040000000000000036,True
5.740195,4,43.356346,0.9596823027890737,0.03200000000000003,True
5.610801,5,43.368051,0.9587600145153936,0.040000000000000036,True
5.739655,5,43.380165,0.961487027191883,0.040000000000000036,True
5.832272,4,43.38937,0.9639078009652543,0.03200000000000003,True
5.930293,3,43.39647,0.9592350198250142,0.02400000000000002,True
5.653748,4,43.405829,0.962847411019649,0.03200000000000003,True
5.599186,4,43.415083,0.9648518075517738,0.03200000000000003,True
5.528028,4,43.425069,0.9628991591465477,0.03200000000000003,True
5.842772,4,43.43524,0.9611728912261388,0.03200000000000003,True
5.521282,4,43.444301,0.9613019592437444,0.03200000000000003,True
5.730543,3,43.451634,0.9616441574222241,0.02400000000000002,True
5.613122,4,43.460522,0.9603964810927919,0.03200000000000003,True
5.551879,4,43.46948,0.9641990526436726,0.03200000000000003,True
5.610342,3,43.476568,0.9598202621371417,0.02400000000000002,True
5.554973,3,43.483459,0.9652321649175124,0.02400000000000002,True
5.669926,5,43.495715,0.9614691994920881,0.040000000000000036,True
5.628215,4,43.505744,0.9595371441172851,0.03200000000000003,True
5.861467,5,43.517389,0.9620564759600041,0.040000000000000036,True
5.52059,4,43.525928,0.959397272603508,0.03200000000000003,True
5.688671,3,43.533046,0.9596502713193882,0.02400000000000002,True
5.5375,4,43.542877,0.9595043967798966,0.03200000000000003,True
5.519065,5,43.554214,0.9661971961397096,0.040000000000000036,True
5.704544,4,43.563928,0.9639472066817643,0.03200000000000003,True
5.838956,5,43.57663,0.9622357239184298,0.040000000000000036,True
5.515519,3,43.583603,0.9620793367525864,0.02400000000000002,True
5.479939,4,43.592404,0.9604889900529765,0.03200000000000003,True
5.705315,3,43.599301,0.9572464213661435,0.02400000000000002,True
5.668173,3,43.606963,0.9572647529050351,0.02400000000000002,True
5.758069,5,44.143213,0.9572199848371652,0.040000000000000036,True
5.95412,3,44.149627,0.9585442280635651,0.02400000000000002,True
5.703455,4,44.159774,0.9606992044064688,0.03200000000000003,True
5.508429,4,44.168777,0.9611409818513312,0.03200000000000003,True
5.804575,4,44.176947,0.9591625567986982,0.03200000000000003,True
5.576265,3,44.183794,0.9610181825814134,0.02400000000000002,True
5.582185,4,44.193357,0.9650485169427467,0.03200000000000003,True
5.623921,3,44.199261,0.9639806140128877,0.02400000000000002,True
5.809285,4,44.208579,0.9633588195180217,0.03200000000000003,True
5.707963,3,44.215967,0.9666717002016649,0.02400000000000002,True
5.764939,4,44.225947,0.9603897729692782,0.03200000000000003,True
5.639824,5,44.237828,0.9621901866747926,0.040000000000000036,True
5.813745,5,44.248662,0.9619653720422745,0.040000000000000036,True
6.061392,4,44.25757,0.9613231971524413,0.03200000000000003,True
5.902835,5,44.269225,0.9589188367832739,0.040000000000000036,True
5.51984,4,44.278253,0.9629022845096737,0.03200000000000003,True
6.024115,5,44.289047,0.9600898075542581,0.040000000000000036,True
5.818402,4,44.297924,0.9587867860102244,0.03200000000000003,True
5.951929,4,44.308915,0.9654675248506537,0.03200000000000003,True
5.828931,5,44.319689,0.9594767231486513,0.040000000000000036,True
5.505951,4,44.328,0.9639866646749768,0.03200000000000003,True
5.653189,4,44.337174,0.9645524516048867,0.03200000000000003,True
5.742842,3,44.344068,0.9619487055197393,0.02400000000000002,True
5.685883,4,44.35491,0.9654353461406671,0.03200000000000003,True
5.75153,3,44.362555,0.9633834282805218,0.02400000000000002,True
5.752773,5,44.374155,0.9640617944221441,0.040000000000000036,True
5.643515,3,44.380761,0.9582608757419406,0.02400000000000002,True
5.584516,5,44.393411,0.9591927061367973,0.040000000000000036,True
5.72987,4,44.403834,0.9623998641720155,0.03200000000000003,True
5.548765,4,44.413037,0.9579316516407282,0.03200000000000003,True
5.544373,5,44.425088,0.9577944476338254,0.040000000000000036,True
5.718337,5,44.435856,0.9615275104045332,0.040000000000000036,True
5.608838,5,44.447204,0.9652165160260597,0.040000000000000036,True
5.60723,3,44.454613,0.9603137415199494,0.02400000000000002,True
6.036287,5,44.466315,0.9638489007910627,0.040000000000000036,True
5.607073,4,44.475474,0.9596551181420689,0.03200000000000003,True
5.689952,3,44.482158,0.9610116705721272,0.02400000000000002,True
5.64199,3,44.488967,0.961544470870344,0.02400000000000002,True
5.438336,3,44.496488,0.9605508863108143,0.02400000000000002,True
5.557038,3,44.504099,0.9595990677709847,0.02400000000000002,True
5.552434,4,44.513234,0.9590112882370772,0.03200000000000003,True
5.588525,3,44.520855,0.9610986433084739,0.02400000000000002,True
6.011547,5,44.53211,0.9635384069458246,0.040000000000000036,True
5.761415,3,44.540285,0.9611683574248173,0.02400000000000002,True
5.595032,4,44.549779,0.9627298867561304,0.03200000000000003,True
5.476056,4,44.560052,0.963813042466378,0.03200000000000003,True
5.694926,4,44.56901,0.9677869992908179,0.03200000000000003,True
5.808573,4,44.57874,0.95755521754515,0.03200000000000003,True
6.050136,4,44.588696,0.9629738033151809,0.03200000000000003,True
5.72031,4,44.598358,0.9650578837690339,0.03200000000000003,True
5.47055,3,44.605931,0.9606799704315427,0.02400000000000002,True
5.471275,4,44.616965,0.9645679761859945,0.03200000000000003,True
5.612248,4,44.626683,0.9630691781312583,0.03200000000000003,True
5.625585,3,44.634489,0.9611852536810317,0.02400000000000002,True
5.886228,5,44.64694,0.9598920134616162,0.040000000000000036,True
5.547768,3,44.653887,0.9611125191478165,0.02400000000000002,True
5.460698,5,44.666039,0.9637178040227209,0.040000000000000036,True
5.657337,4,44.675651,0.9599853616285815,0.03200000000000003,True
5.696865,4,44.68529,0.963584643531225,0.03200000000000003,True
5.635232,4,44.6948,0.9645719360836423,0.03200000000000003,True
5.640837,4,44.704305,0.9643029330545184,0.03200000000000003,True
5.873373,4,44.716865,0.9614857512086197,0.03200000000000003,True
5.764377,4,44.730365,0.9619505937937036,0.03200000000000003,True
5.592577,5,44.747173,0.9591550928681495,0.040000000000000036,True
5.896888,4,45.263021,0.9651723354803629,0.03200000000000003,True
5.454505,5,45.274494,0.9595483532597427,0.040000000000000036,True
5.570162,4,45.283799,0.9575294807933238,0.03200000000000003,True
5.723509,4,45.294222,0.9634583590942607,0.03200000000000003,True
5.583552,4,45.303997,0.9622399607128601,0.03200000000000003,True
5.927262,3,45.31069,0.9585898471004031,0.02400000000000002,True
5.749836,5,45.322885,0.9604395042726946,0.040000000000000036,True
5.412218,4,45.331979,0.9611758406213691,0.03200000000000003,True
5.75126,4,45.340668,0.9585506054988173,0.03200000000000003,True
5.655136,4,45.352669,0.9650132150436053,0.03200000000000003,True
5.803618,3,45.360505,0.961700469873906,0.02400000000000002,True
5.529238,4,45.370085,0.965510659489204,0.03200000000000003,True
5.530903,4,45.379564,0.9622015545207293,0.03200000000000003,True
5.385273,5,45.391547,0.9642027954171118,0.040000000000000036,True
5.750441,4,45.401958,0.9597583190413717,0.03200000000000003,True
5.578269,4,45.411847,0.9662037922734734,0.03200000000000003,True
5.987817,3,45.419942,0.9583327604305405,0.02400000000000002,True
5.696871,3,45.427304,0.9631312104394778,0.02400000000000002,True
5.748351,5,45.441493,0.9657939853828372,0.040000000000000036,True
5.547209,4,45.450957,0.960377321945017,0.03200000000000003,True
5.485367,3,45.459386,0.9594628286491143,0.02400000000000002,True
5.561448,4,45.469094,0.9597673994855973,0.03200000000000003,True
5.981814,4,45.478116,0.9568082345984342,0.03200000000000003,True
5.792767,5,45.490907,0.9593746070278012,0.040000000000000036,True
5.664374,5,45.502555,0.963735080156125,0.040000000000000036,True
5.511563,4,45.512905,0.9614846672790628,0.03200000000000003,True
5.469878,4,45.523392,0.9570740464999103,0.03200000000000003,True
5.484181,3,45.529014,0.9596793634007854,0.02400000000000002,True
5.739056,5,45.541965,0.9644386770260172,0.040000000000000036,True
5.448663,3,45.549769,0.9632658796907025,0.02400000000000002,True
5.706721,4,45.559844,0.965315806387092,0.03200000000000003,True
5.537602,4,45.568753,0.9591882205594483,0.03200000000000003,True
5.868231,3,45.57622,0.9586668711252746,0.02400000000000002,True
5.964616,4,45.586541,0.9634527637616142,0.03200000000000003,True
5.550429,5,45.598998,0.9636141763783728,0.040000000000000036,True
5.510015,3,45.607325,0.9600002586894516,0.02400000000000002,True
5.565032,4,45.617377,0.9623657406825779,0.03200000000000003,True
5.814196,4,45.627246,0.9608271588606336,0.03200000000000003,True
5.698314,4,45.637039,0.9606780483314041,0.03200000000000003,True
5.66282,4,45.646261,0.9567837214780512,0.03200000000000003,True
5.739651,4,45.655739,0.9606922657900919,0.03200000000000003,True
5.791337,4,45.663828,0.9606425285370406,0.03200000000000003,True
5.781456,4,45.673769,0.9599100276918224,0.03200000000000003,True
6.08267,4,45.683697,0.9617219276739877,0.03200000000000003,True
5.47916,3,45.690575,0.9626995750451646,0.02400000000000002,True
5.599941,3,45.697774,0.9572652638399213,0.02400000000000002,True
5.941113,3,45.705547,0.9621167753164958,0.02400000000000002,True
5.635069,5,45.716257,0.9605737102738329,0.040000000000000036,True
5.697755,3,45.723991,0.962275527826377,0.02400000000000002,True
5.364777,3,45.73158,0.9587560592781474,0.02400000000000002,True
5.802738,4,45.741353,0.9572593660053301,0.03200000000000003,True
5.535927,4,45.752862,0.9612700297376079,0.03200000000000003,True
5.664092,4,45.767874,0.9615613112789485,0.03200000000000003,True
5.544733,4,45.783173,0.9597740956919936,0.03200000000000003,True
5.700921,3,45.791936,0.9573825913175903,0.02400000000000002,True
5.78114,4,45.803826,0.9608133895414848,0.03200000000000003,True
5.495848,3,45.810803,0.9617399561762494,0.02400000000000002,True
5.982609,4,45.82003,0.9606498128575695,0.03200000000000003,True
5.740984,4,45.830881,0.958654583881822,0.03200000000000003,True
5.522062,4,45.839252,0.9622536044602579,0.03200000000000003,True
5.674623,5,45.85156,0.9597278971072896,0.040000000000000036,True
5.583708,4,45.860893,0.9596590549788675,0.03200000000000003,True
5.925892,4,45.870251,0.9668765784442743,0.03200000000000003,True
5.689327,4,45.880783,0.9644081005725654,0.03200000000000003,True
5.581348,4,45.890512,0.9628554757512544,0.03200000000000003,True
5.645458,2,45.895416,0.9616528307397189,0.016000000000000014,True
5.654665,4,46.405882,0.9640481384271401,0.03200000000000003,True
5.412711,4,46.415615,0.9618672380387292,0.03200000000000003,True
5.985564,4,46.425033,0.9652143029698643,0.03200000000000003,True
5.8815,5,46.436855,0.9595860279955447,0.040000000000000036,True
5.881514,3,46.445144,0.9603442208267952,0.02400000000000002,True
5.694535,3,46.451814,0.9584734557713858,0.02400000000000002,True
5.616306,5,46.465034,0.959079760388155,0.040000000000000036,True
6.039584,5,46.475834,0.9567696900358662,0.040000000000000036,True
5.80505,4,46.485093,0.9630934656760931,0.03200000000000003,True
5.54723,5,46.496886,0.9595966343913352,0.040000000000000036,True
5.777891,5,46.508034,0.9581535300201732,0.040000000000000036,True
5.927171,3,46.514686,0.9617952286985512,0.02400000000000002,True
5.750155,3,46.521168,0.9600115246207093,0.02400000000000002,True
5.745104,4,46.530442,0.9591742594797362,0.03200000000000003,True
5.556193,5,46.54086,0.9599100900586569,0.040000000000000036,True
5.801373,3,46.548415,0.9632106469362165,0.02400000000000002,True
5.457779,4,46.558549,0.960037108509363,0.03200000000000003,True
5.914839,3,46.565896,0.9618925506953824,0.02400000000000002,True
5.721975,3,46.573822,0.959036382057616,0.02400000000000002,True
5.83565,4,46.582906,0.9621969985325061,0.03200000000000003,True
6.000604,4,46.591719,0.9593511245546333,0.03200000000000003,True
5.698658,3,46.598717,0.9590546325438479,0.02400000000000002,True
5.549719,5,46.611202,0.9618740295363186,0.040000000000000036,True
5.440409,4,46.620092,0.9613557528470249,0.03200000000000003,True
5.772384,4,46.628529,0.9590072559833719,0.03200000000000003,True
5.842062,5,46.64058,0.9586053403322357,0.040000000000000036,True
5.755328,4,46.649572,0.9638524101440386,0.03200000000000003,True
5.632593,3,46.65727,0.9594950608199815,0.02400000000000002,True
5.808521,3,46.663589,0.9612825379375312,0.02400000000000002,True
5.745119,4,46.672315,0.960296470545232,0.03200000000000003,True
5.339519,3,46.679542,0.9620370749132547,0.02400000000000002,True
5.719361,4,46.688449,0.9579341143907709,0.03200000000000003,True
5.758491,4,46.697245,0.9616327528532578,0.03200000000000003,True
5.61075,5,46.707604,0.9649566332227566,0.040000000000000036,True
5.659164,4,46.717845,0.9589652524029351,0.03200000000000003,True
5.448078,5,46.728115,0.9602054411876598,0.040000000000000036,True
5.5011,4,46.737672,0.9625857321577251,0.03200000000000003,True
5.544737,3,46.74542,0.9609373474398706,0.02400000000000002,True
5.847095,5,46.756289,0.9602478119011284,0.040000000000000036,True
5.629851,3,46.763578,0.960083421418829,0.02400000000000002,True
5.478095,4,46.771888,0.9616246821724259,0.03200000000000003,True
5.603416,4,46.780538,0.9633874452493033,0.03200000000000003,True
5.77395,4,46.789127,0.9620090806127711,0.03200000000000003,True
5.617728,5,46.808216,0.9588055695047117,0.040000000000000036,True
5.492782,4,46.821467,0.96051313491721,0.03200000000000003,True
5.535154,4,46.830634,0.9612595153141135,0.03200000000000003,True
5.741013,5,46.843017,0.9612770476844573,0.040000000000000036,True
5.634478,4,46.852318,0.9620492913356905,0.03200000000000003,True
5.930897,4,46.860836,0.9570723893480297,0.03200000000000003,True
5.865929,5,46.872035,0.957306505094527,0.040000000000000036,True
5.751055,4,46.88274,0.9645980591640867,0.03200000000000003,True
5.745667,3,46.88913,0.9606770447237758,0.02400000000000002,True
5.793305,5,46.900392,0.9635332879521816,0.040000000000000036,True
5.853175,4,46.908841,0.9619617190982893,0.03200000000000003,True
5.565384,4,46.917749,0.9583407095324961,0.03200000000000003,True
5.513484,3,46.924379,0.9616398730257983,0.02400000000000002,True
5.59417,3,46.931989,0.9628258837143708,0.02400000000000002,True
5.418405,4,46.944553,0.960017166025406,0.03200000000000003,True
5.45708,4,46.955055,0.9612843746193198,0.03200000000000003,True
5.552528,3,46.962995,0.9625978212464563,0.02400000000000002,True
5.76973,4,46.971947,0.9617285232999314,0.03200000000000003,True
5.634607,5,46.982203,0.9631681503511657,0.040000000000000036,True
5.559394,4,46.990497,0.9626304883641323,0.03200000000000003,True
5.604587,3,46.998096,0.9569061321729784,0.02400000000000002,True
5.58629,3,47.005539,0.9649404946216004,0.02400000000000002,True
5.837094,5,47.509607,0.9563656896813278,0.040000000000000036,True
5.801554,3,47.517048,0.961243705855451,0.02400000000000002,True
5.536674,4,47.526914,0.9606194780466664,0.03200000000000003,True
5.58736,3,47.534045,0.9564724250141761,0.02400000000000002,True
5.670119,4,47.544706,0.9631819937528302,0.03200000000000003,True
5.529067,4,47.55603,0.9625094771209345,0.03200000000000003,True
5.558782,3,47.563857,0.9574587962290395,0.02400000000000002,True
5.869197,4,47.574675,0.9642747114194052,0.03200000000000003,True
5.790138,5,47.58771,0.9618737318150996,0.040000000000000036,True
5.824707,5,47.600816,0.9568125206589523,0.040000000000000036,True
5.627959,3,47.606526,0.9584034180330802,0.02400000000000002,True
5.657377,5,47.618752,0.963532543038061,0.040000000000000036,True
5.955056,5,47.630613,0.9588784415355103,0.040000000000000036,True
5.721582,4,47.640384,0.9583928299749258,0.03200000000000003,True
5.791239,4,47.650912,0.9629994152282043,0.03200000000000003,True
5.680385,3,47.658369,0.9592016783765945,0.02400000000000002,True
5.550832,4,47.667563,0.9641662330916341,0.03200000000000003,True
5.8133,4,47.676632,0.9605701241055614,0.03200000000000003,True
5.470039,4,47.685945,0.9638325931644834,0.03200000000000003,True
5.55671,4,47.69531,0.9618381487183649,0.03200000000000003,True
5.621051,5,47.708517,0.9611309751469249,0.040000000000000036,True
5.512655,3,47.718887,0.9587282009825914,0.02400000000000002,True
5.621381,4,47.7294,0.9616875168901563,0.03200000000000003,True
5.4696,3,47.735621,0.9616246680981211,0.02400000000000002,True
5.458307,3,47.742836,0.9680025395265135,0.02400000000000002,True
5.620382,4,47.752966,0.9580366513011732,0.03200000000000003,True
6.012197,4,47.761909,0.9628677717960306,0.03200000000000003,True
5.606355,3,47.769125,0.9613665604276265,0.02400000000000002,True
5.740858,4,47.777078,0.9620484686935799,0.03200000000000003,True
5.576773,5,47.787992,0.9610674429458865,0.040000000000000036,True
5.670689,5,47.799205,0.9678359956582225,0.040000000000000036,True
5.67703,5,47.810169,0.9588505371858274,0.040000000000000036,True
5.915903,4,47.819305,0.9584177612808216,0.03200000000000003,True
5.770369,3,47.829552,0.9666686996484958,0.02400000000000002,True
5.589343,5,47.848239,0.9593608402208081,0.040000000000000036,True
6.101,4,47.862805,0.9624090107572398,0.03200000000000003,True
5.457344,5,47.873828,0.9637724222428596,0.040000000000000036,True
5.536767,5,47.885947,0.9645234704343679,0.040000000000000036,True
5.796862,4,47.896118,0.9643049383590592,0.03200000000000003,True
5.446861,4,47.906539,0.9620070671294061,0.03200000000000003,True
5.562219,5,47.917687,0.9579347895245853,0.040000000000000036,True
5.69301,4,47.926984,0.9631559963152211,0.03200000000000003,True
5.434007,4,47.937758,0.9591011685156272,0.03200000000000003,True
5.449268,4,47.947672,0.9651782657665948,0.03200000000000003,True
5.732537,4,47.956963,0.9599613439005725,0.03200000000000003,True
5.740992,4,47.966853,0.9598184874187632,0.03200000000000003,True
5.760443,4,47.975533,0.9586680856462733,0.03200000000000003,True
5.391004,3,47.982306,0.9615899330496254,0.02400000000000002,True
5.522756,4,47.991985,0.9586911452756246,0.03200000000000003,True
5.562618,5,48.003019,0.9613814503299505,0.040000000000000036,True
5.636453,4,48.012717,0.9605763109809669,0.03200000000000003,True
5.787213,4,48.021716,0.9630131080745076,0.03200000000000003,True
5.687343,4,48.031247,0.95927839955327,0.03200000000000003,True
5.64981,4,48.042497,0.961024898302728,0.03200000000000003,True
5.823331,4,48.051082,0.9630114573975446,0.03200000000000003,True
5.821792,3,48.058009,0.9654005053177397,0.02400000000000002,True
5.42586,4,48.067316,0.9610130992968482,0.03200000000000003,True
5.749339,4,48.075282,0.9611298626086727,0.03200000000000003,True
5.804887,5,48.086881,0.9603514206129932,0.040000000000000036,True
5.401649,3,48.093119,0.9618121978361269,0.02400000000000002,True
5.96758,3,48.100126,0.9589652748517358,0.02400000000000002,True
5.788577,4,48.109167,0.959310356187633,0.03200000000000003,True
5.553448,4,48.118094,0.9667943948161057,0.03200000000000003,True
5.71313,4,48.637948,0.9603691096249498,0.03200000000000003,True
5.60088,4,48.64776,0.9627142878787112,0.03200000000000003,True
5.695835,5,48.659733,0.9616472114541219,0.040000000000000036,True
5.848015,5,48.670488,0.9614805180390706,0.040000000000000036,True
5.315859,2,48.777881,0.9624171311860443,0.016000000000000014,True
5.548603,3,48.785906,0.9614271034001838,0.02400000000000002,True
5.490131,3,48.793168,0.9587493901450396,0.02400000000000002,True
5.453393,3,48.799101,0.9590740827279274,0.02400000000000002,True
5.603743,5,48.810299,0.9596639403293434,0.040000000000000036,True
5.813624,5,48.822565,0.958770089464516,0.040000000000000036,True
5.621677,4,48.831715,0.9603365033214474,0.03200000000000003,True
5.757161,5,48.843167,0.9626185549064213,0.040000000000000036,True
5.367021,3,48.850406,0.9590256941160651,0.02400000000000002,True
5.60885,5,48.860945,0.9607200506833525,0.040000000000000036,True
5.640781,5,48.877715,0.9595074985622996,0.040000000000000036,True
5.859557,4,48.891708,0.9602776073802874,0.03200000000000003,True
5.488704,3,48.900067,0.9607581860379288,0.02400000000000002,True
5.722137,5,48.912737,0.9592858309207127,0.040000000000000036,True
5.792069,4,48.922616,0.9617873765975411,0.03200000000000003,True
5.487936,3,48.929083,0.9604732754005542,0.02400000000000002,True
5.675041,3,48.937413,0.9678895185310441,0.02400000000000002,True
5.419354,5,48.949076,0.9618242375629329,0.040000000000000036,True
5.551016,3,48.956123,0.9628248713392593,0.02400000000000002,True
5.710835,4,48.96592,0.9641582727568425,0.03200000000000003,True
5.925016,5,48.977695,0.962234113422161,0.040000000000000036,True
5.654742,5,48.990269,0.9576381628726858,0.040000000000000036,True
5.513558,4,48.998804,0.9611842738413259,0.03200000000000003,True
5.574563,5,49.011171,0.9632870859612277,0.040000000000000036,True
5.786077,4,49.020219,0.9641348461854484,0.03200000000000003,True
5.678893,3,49.026561,0.9623391518542314,0.02400000000000002,True
5.61639,4,49.035782,0.9648733108972138,0.03200000000000003,True
5.7504,5,49.046993,0.9633635928119622,0.040000000000000036,True
5.699126,4,49.058094,0.9618447022837477,0.03200000000000003,True
5.36407,3,49.065177,0.9590192373210176,0.02400000000000002,True
5.895119,5,49.075984,0.958935601995039,0.040000000000000036,True
5.900424,4,49.085547,0.9607418427682282,0.03200000000000003,True
5.605521,5,49.096583,0.9630883720718388,0.040000000000000036,True
6.053208,4,49.1056,0.9578846755140157,0.03200000000000003,True
5.647661,4,49.115274,0.9636177462101683,0.03200000000000003,True
5.942758,4,49.124069,0.9644452776780373,0.03200000000000003,True
5.551943,4,49.134273,0.9624207553122519,0.03200000000000003,True
5.853873,5,49.145903,0.9613047196463183,0.040000000000000036,True
5.534568,4,49.155297,0.9582348853149971,0.03200000000000003,True
5.579654,5,49.166806,0.9616257936275374,0.040000000000000036,True
5.942703,4,49.177001,0.9634545289999953,0.03200000000000003,True
5.728128,4,49.186814,0.9597414998144294,0.03200000000000003,True
5.656184,5,49.198383,0.9654349838776113,0.040000000000000036,True
5.361715,4,49.207532,0.9607042558141803,0.03200000000000003,True
5.855749,3,49.213942,0.9647179529007732,0.02400000000000002,True
5.649373,5,49.226234,0.9615497980755436,0.040000000000000036,True
5.837388,4,49.23661,0.9641495035220697,0.03200000000000003,True
5.853263,5,49.247514,0.9620198979006922,0.040000000000000036,True
5.694276,3,49.255577,0.9588901683651847,0.02400000000000002,True
5.767235,4,49.265317,0.9565126214029147,0.03200000000000003,True
5.526815,5,49.276517,0.9609626828612409,0.040000000000000036,True
5.666337,4,49.285947,0.9594855541267772,0.03200000000000003,True
5.701465,2,49.290421,0.9597174344439452,0.016000000000000014,True
6.01765,4,49.299996,0.9633677076569591,0.03200000000000003,True
5.674552,4,49.309516,0.9615107393777197,0.03200000000000003,True
5.801893,4,49.319283,0.961427410032199,0.03200000000000003,True
5.81585,5,49.330396,0.9608324844778351,0.040000000000000036,True
5.669438,4,49.340174,0.9602218869546706,0.03200000000000003,True
5.49163,3,49.347161,0.9612763392402468,0.02400000000000002,True
5.798689,3,49.878164,0.9583123687319514,0.02400000000000002,True
5.850046,3,49.886625,0.957756850209493,0.02400000000000002,True
5.568382,5,49.897979,0.9590633310700598,0.040000000000000036,True
5.710845,4,49.911275,0.9615139335379452,0.03200000000000003,True
5.819537,5,49.928607,0.9634759422301432,0.040000000000000036,True
5.68797,3,49.938759,0.964809157795521,0.02400000000000002,True
5.756529,4,49.951535,0.9628329408031695,0.03200000000000003,True
5.824854,4,49.961364,0.9584901107014812,0.03200000000000003,True
5.71437,4,49.9696,0.9596856915904963,0.03200000000000003,True
5.747948,4,49.978682,0.960068211268795,0.03200000000000003,True
5.651229,5,49.990092,0.9574050567869425,0.040000000000000036,True
5.561357,4,49.999029,0.9614382193380235,0.03200000000000003,True
5.690686,4,50.007201,0.9618155248927456,0.03200000000000003,True
5.730615,4,50.01601,0.9598106342316692,0.03200000000000003,True
5.799763,5,50.028115,0.9597311727440748,0.040000000000000036,True
5.856499,4,50.03633,0.9604487088118104,0.03200000000000003,True
5.691371,3,50.043872,0.9595179302549415,0.02400000000000002,True
5.611908,3,50.050848,0.9600791843725874,0.02400000000000002,True
6.055115,4,50.059797,0.9638868063971049,0.03200000000000003,True
5.416346,3,50.066879,0.9601097817861116,0.02400000000000002,True
5.617706,4,50.07526,0.9575653408855218,0.03200000000000003,True
5.790633,5,50.087821,0.9653312341264652,0.040000000000000036,True
5.731673,4,50.097471,0.9648428692509537,0.03200000000000003,True
5.753624,4,50.10677,0.9639649517514581,0.03200000000000003,True
5.848018,4,50.115673,0.9572312953047855,0.03200000000000003,True
5.612476,3,50.121607,0.961223228293382,0.02400000000000002,True
5.567777,3,50.129699,0.9597987843548883,0.02400000000000002,True
5.77715,4,50.139261,0.9654631849216866,0.03200000000000003,True
5.722766,5,50.149686,0.9650678158403955,0.040000000000000036,True
5.845275,5,50.162354,0.9624833992751065,0.040000000000000036,True
5.824663,5,50.173598,0.9611539680211638,0.040000000000000036,True
5.705924,3,50.180101,0.9614327868820283,0.02400000000000002,True
5.761548,4,50.189922,0.9603668521657276,0.03200000000000003,True
5.461805,5,50.200385,0.9610241285454221,0.040000000000000036,True
5.741791,3,50.207256,0.9602238822029605,0.02400000000000002,True
5.444131,4,50.21591,0.9626049119692084,0.03200000000000003,True
5.465166,3,50.223958,0.9627697124421144,0.02400000000000002,True
5.648179,4,50.235085,0.9567473830286299,0.03200000000000003,True
5.803294,5,50.249856,0.9641283409313172,0.040000000000000036,True
5.41462,4,50.260997,0.9621767474138803,0.03200000000000003,True
5.619573,4,50.270587,0.9600470104147727,0.03200000000000003,True
5.622745,3,50.279321,0.9597800855729604,0.02400000000000002,True
5.79145,4,50.288493,0.9616253696503743,0.03200000000000003,True
5.7201,3,50.296229,0.9569876628754088,0.02400000000000002,True
5.62395,4,50.305826,0.9648168874949152,0.03200000000000003,True
5.414844,4,50.314546,0.9587755923688728,0.03200000000000003,True
5.822723,5,50.325973,0.9612952764911539,0.040000000000000036,True
6.094586,4,50.335162,0.9601802133499141,0.03200000000000003,True
5.933281,3,50.342945,0.96191932254717,0.02400000000000002,True
5.404618,4,50.352884,0.9607290896679382,0.03200000000000003,True
5.455447,4,50.362336,0.9609244564052704,0.03200000000000003,True
5.64565,3,50.369754,0.961573310284031,0.02400000000000002,True
5.832276,4,50.381765,0.9625761747515258,0.03200000000000003,True
5.660688,5,50.394732,0.9575006121717851,0.040000000000000036,True
5.441657,2,50.399301,0.9578590027646119,0.016000000000000014,True
5.490718,3,50.40732,0.9564617588200918,0.02400000000000002,True
5.673725,5,50.419191,0.9650802285105431,0.040000000000000036,True
5.348413,4,50.428791,0.9588457995921177,0.03200000000000003,True
5.363337,5,50.440639,0.9647813221750046,0.040000000000000036,True
5.627653,5,50.454266,0.9649780356985592,0.040000000000000036,True
5.80261,5,50.465703,0.9643980872041638,0.040000000000000036,True
5.617717,4,50.476512,0.967234965037225,0.03200000000000003,True
5.842806,4,50.485884,0.9614423126802674,0.03200000000000003,True
5.797283,4,50.495944,0.9609652136451896,0.03200000000000003,True
5.671154,4,50.505351,0.9596338047328219,0.03200000000000003,True
5.728024,4,51.046479,0.9599837394517541,0.03200000000000003,True
5.805181,4,51.056006,0.9670072906536289,0.03200000000000003,True
5.597108,4,51.065876,0.960138499684539,0.03200000000000003,True
5.708228,5,51.076903,0.9678012572830881,0.040000000000000036,True
5.873157,4,51.089338,0.9661940975307077,0.03200000000000003,True
5.46938,3,51.101029,0.9641692584992022,0.02400000000000002,True
5.609651,4,51.114413,0.9590831621935234,0.03200000000000003,True
5.493369,4,51.127963,0.9632140564285202,0.03200000000000003,True
5.633105,4,51.142668,0.9649273699801826,0.03200000000000003,True
5.652988,3,51.153349,0.9632510697578538,0.02400000000000002,True
5.650337,3,51.163695,0.9589807541857162,0.02400000000000002,True
5.481457,4,51.179099,0.9642445499165848,0.03200000000000003,True
5.440622,3,51.188834,0.9599683620400529,0.02400000000000002,True
5.848853,4,51.202525,0.9570810012324837,0.03200000000000003,True
5.532248,5,51.221668,0.959932324910278,0.040000000000000036,True
5.863217,4,51.23365,0.9576821685666475,0.03200000000000003,True
5.659852,3,51.244189,0.9600113763541894,0.02400000000000002,True
5.649376,5,51.260447,0.9626097667376314,0.040000000000000036,True
6.074245,4,51.274264,0.9639410252198308,0.03200000000000003,True
5.493017,4,51.286382,0.9632083478593878,0.03200000000000003,True
5.970163,5,51.300618,0.961400149919717,0.040000000000000036,True
5.755967,4,51.313242,0.9615164994185927,0.03200000000000003,True
5.515421,4,51.324599,0.9620742634372906,0.03200000000000003,True
5.717302,3,51.333642,0.9625307043762152,0.02400000000000002,True
5.752159,4,51.346708,0.9597465318012877,0.03200000000000003,True
5.676725,5,51.364568,0.9588257734324631,0.040000000000000036,True
5.604665,3,51.375318,0.9647467720735107,0.02400000000000002,True
5.796366,4,51.389167,0.9599298674445166,0.03200000000000003,True
5.794254,5,51.407006,0.9646290047854337,0.040000000000000036,True
5.78756,4,51.418994,0.9627588397347264,0.03200000000000003,True
5.45219,3,51.428306,0.9601280302990158,0.02400000000000002,True
5.593918,4,51.444677,0.9567741377827172,0.03200000000000003,True
5.580729,3,51.456137,0.9614255420925067,0.02400000000000002,True
5.615919,5,51.470839,0.9594203145742342,0.040000000000000036,True
5.528485,3,51.480615,0.9596221334194397,0.02400000000000002,True
5.478658,4,51.492839,0.9637764000331658,0.03200000000000003,True
5.579572,4,51.506189,0.9588390070833861,0.03200000000000003,True
5.451243,3,51.514973,0.9659006818001249,0.02400000000000002,True
5.679651,5,51.528967,0.9589480429458647,0.040000000000000036,True
5.588227,3,51.539398,0.9606624374906392,0.02400000000000002,True
5.906509,4,51.551056,0.9595489152529426,0.03200000000000003,True
5.668128,4,51.564538,0.9650367684974872,0.03200000000000003,True
5.822881,4,51.576881,0.9606966578159382,0.03200000000000003,True
5.641458,4,51.588705,0.9659279275119784,0.03200000000000003,True
5.810584,5,51.603237,0.9643623858129671,0.040000000000000036,True
5.891915,4,51.614354,0.9598981295963362,0.03200000000000003,True
5.507627,4,51.62586,0.9655368059349833,0.03200000000000003,True
5.608111,4,51.636407,0.9605973902573774,0.03200000000000003,True
5.473054,5,51.651611,0.962264151289917,0.040000000000000036,True
5.696374,4,51.663579,0.9636190216981726,0.03200000000000003,True
5.84856,5,51.677251,0.9625028928081576,0.040000000000000036,True
5.511301,4,51.689287,0.9571283666615054,0.03200000000000003,True
5.670209,3,51.698456,0.9652780636563363,0.02400000000000002,True
5.809586,4,51.709821,0.9595521433715475,0.03200000000000003,True
5.859458,5,51.724101,0.9634506947684776,0.040000000000000036,True
5.808334,4,51.736007,0.960517956178287,0.03200000000000003,True
5.504222,5,51.751164,0.9633305152811479,0.040000000000000036,True
5.802448,4,51.764216,0.9600563647247717,0.03200000000000003,True
5.522145,4,51.776837,0.9613554737368367,0.03200000000000003,True
5.611396,5,51.793997,0.9632458597592185,0.040000000000000036,True
5.572343,3,51.803583,0.9593448094680732,0.02400000000000002,True
5.796295,4,51.816574,0.9646362108683019,0.03200000000000003,True
5.806026,3,51.825182,0.9616211421606641,0.02400000000000002,True
5.698393,3,51.835071,0.9655413165411196,0.02400000000000002,True
5.623897,5,52.548946,0.9614813819566091,0.040000000000000036,True
5.826246,5,52.566557,0.9664323022749864,0.040000000000000036,True
5.581421,3,52.577538,0.9629541538943764,0.02400000000000002,True
5.655958,3,52.586829,0.959174385168296,0.02400000000000002,True
5.662693,3,52.596995,0.9602747117048851,0.02400000000000002,True
6.11323,4,52.611469,0.9611723346481104,0.03200000000000003,True
5.727038,4,52.626059,0.9625777418973109,0.03200000000000003,True
5.735419,4,52.638776,0.9599418572709383,0.03200000000000003,True
5.550794,3,52.650215,0.9639854264667547,0.02400000000000002,True
5.489587,4,52.663395,0.9606846459212366,0.03200000000000003,True
5.594242,4,52.675624,0.9630737537194684,0.03200000000000003,True
5.513357,4,52.689504,0.9592642776335424,0.03200000000000003,True
5.782655,4,52.702292,0.9633464345005704,0.03200000000000003,True
6.058569,5,52.717808,0.9622194582596273,0.040000000000000036,True
5.696223,3,52.727504,0.963114342010721,0.02400000000000002,True
5.84781,5,52.742816,0.9595259815768042,0.040000000000000036,True
5.752176,4,52.757108,0.9609489904965296,0.03200000000000003,True
5.582321,4,52.769281,0.9642434528639187,0.03200000000000003,True
5.803574,4,52.780371,0.9598703810359868,0.03200000000000003,True
5.550119,3,52.7906,0.9641238272024593,0.02400000000000002,True
5.392842,3,52.801411,0.9593316126975778,0.02400000000000002,True
5.963188,3,52.811323,0.9591429437362922,0.02400000000000002,True
5.433889,3,52.821738,0.9606700152762362,0.02400000000000002,True
5.909421,5,52.835677,0.9649373475451577,0.040000000000000036,True
5.708666,4,52.847144,0.9640241308259566,0.03200000000000003,True
5.580586,3,52.856246,0.9566047470663477,0.02400000000000002,True
5.607962,4,52.867514,0.9588556944859299,0.03200000000000003,True
5.907697,3,52.876981,0.9594300143172609,0.02400000000000002,True
5.472938,5,52.891534,0.959374834445658,0.040000000000000036,True
6.055497,4,52.908324,0.9617607509676362,0.03200000000000003,True
5.989613,4,52.920449,0.9606574582941768,0.03200000000000003,True
5.551927,4,52.934521,0.9587233385361112,0.03200000000000003,True
5.579399,3,52.943468,0.9595766116782976,0.02400000000000002,True
5.546527,4,52.956662,0.9572110269887376,0.03200000000000003,True
5.559353,5,52.97115,0.9587823616448155,0.040000000000000036,True
5.967091,5,52.985666,0.9655173625189659,0.040000000000000036,True
5.750248,5,52.99931,0.9576217493215348,0.040000000000000036,True
5.744759,4,53.011034,0.964003716592243,0.03200000000000003,True
5.778218,4,53.023704,0.9609284921463042,0.03200000000000003,True
5.793212,4,53.037085,0.9612502959475668,0.03200000000000003,True
5.606757,4,53.050201,0.9587981174538023,0.03200000000000003,True
5.677114,3,53.058918,0.9590654807928614,0.02400000000000002,True
5.656255,3,53.068346,0.9600175982510614,0.02400000000000002,True
5.533953,5,53.083367,0.9561635210084605,0.040000000000000036,True
5.642323,4,53.098033,0.9674504205679177,0.03200000000000003,True
5.765962,4,53.110065,0.958865939930312,0.03200000000000003,True
5.811816,3,53.119324,0.9619337294827757,0.02400000000000002,True
5.647873,3,53.127801,0.960331088171378,0.02400000000000002,True
5.792327,3,53.138497,0.9637403720891207,0.02400000000000002,True
5.48016,3,53.148256,0.9610779321263536,0.02400000000000002,True
5.685327,4,53.161315,0.9608235150846174,0.03200000000000003,True
5.88589,4,53.174102,0.9608122038509257,0.03200000000000003,True
5.795581,4,53.187774,0.9611228403767136,0.03200000000000003,True
5.574465,5,53.202981,0.9603695612809144,0.040000000000000036,True
5.843242,5,53.219625,0.9634221297897503,0.040000000000000036,True
5.552155,3,53.227856,0.9577020409385528,0.02400000000000002,True
5.587823,5,53.243366,0.9633871910049766,0.040000000000000036,True
5.605509,3,53.252526,0.9594009553415104,0.02400000000000002,True
5.804796,4,53.264912,0.9569682385197911,0.03200000000000003,True
5.586985,3,53.273613,0.9629527808598786,0.02400000000000002,True
5.578582,3,53.283181,0.9587461601286451,0.02400000000000002,True
5.845993,4,53.294791,0.9607809120327186,0.03200000000000003,True
5.680485,4,53.306253,0.9584370067677207,0.03200000000000003,True
5.790996,4,53.317935,0.9626262037562097,0.03200000000000003,True
5.831392,4,53.33031,0.962461361447259,0.03200000000000003,True
5.631658,4,53.342654,0.9632024120110368,0.03200000000000003,True
5.901828,4,54.040213,0.9619006609760326,0.03200000000000003,True
6.06905,5,54.056806,0.9594184383980411,0.040000000000000036,True
5.623373,3,54.066502,0.9639696158152525,0.02400000000000002,True
5.792075,5,54.080964,0.9660302569357423,0.040000000000000036,True
5.741924,3,54.090714,0.961845477429986,0.02400000000000002,True
5.613922,4,54.102889,0.9571750087217975,0.03200000000000003,True
5.433732,3,54.11108,0.9597569950424086,0.02400000000000002,True
5.763304,3,54.120022,0.9655132148224219,0.02400000000000002,True
5.995448,4,54.13225,0.9614997362113719,0.03200000000000003,True
5.746063,4,54.143872,0.9611478679875971,0.03200000000000003,True
5.757174,4,54.155562,0.9595681393419799,0.03200000000000003,True
5.446064,4,54.166521,0.9606438727466091,0.03200000000000003,True
5.758093,4,54.179223,0.9637784083347776,0.03200000000000003,True
5.919147,3,54.18862,0.9616336263533887,0.02400000000000002,True
5.531371,3,54.199292,0.9632702236521171,0.02400000000000002,True
5.864337,5,54.21881,0.9610375514405705,0.040000000000000036,True
5.414187,3,54.229805,0.9599995268176087,0.02400000000000002,True
5.745436,4,54.244788,0.9579227004837767,0.03200000000000003,True
5.692249,3,54.256959,0.9607519130774361,0.02400000000000002,True
5.432219,3,54.269435,0.9610542573788287,0.02400000000000002,True
5.755718,5,54.287055,0.9571141968006005,0.040000000000000036,True
5.530247,3,54.29701,0.959413948433153,0.02400000000000002,True
5.837432,4,54.309553,0.9592559518258613,0.03200000000000003,True
5.587156,3,54.319105,0.9598437112114016,0.02400000000000002,True
5.823062,3,54.328204,0.9613478163225753,0.02400000000000002,True
5.930853,4,54.339691,0.9633691296764664,0.03200000000000003,True
5.695449,4,54.350911,0.9645256852845603,0.03200000000000003,True
5.785303,4,54.362713,0.959015109887777,0.03200000000000003,True
5.804531,4,54.374603,0.9597805031414599,0.03200000000000003,True
5.366935,2,54.380195,0.957992810790435,0.016000000000000014,True
5.398009,3,54.390789,0.965830088758696,0.02400000000000002,True
5.954154,4,54.405064,0.9599548155347071,0.03200000000000003,True
5.4255,3,54.418267,0.9603939567065198,0.02400000000000002,True
5.451838,5,54.435854,0.9625055267114851,0.040000000000000036,True
5.878009,3,54.447785,0.9645886005034101,0.02400000000000002,True
5.588639,4,54.458838,0.9588062584768731,0.03200000000000003,True
5.674726,4,54.473109,0.9575738478230598,0.03200000000000003,True
5.752984,4,54.486287,0.9664131148840189,0.03200000000000003,True
5.715121,5,54.504088,0.9614286121222329,0.040000000000000036,True
5.612955,4,54.517637,0.9608301048903307,0.03200000000000003,True
5.865763,3,54.528373,0.9562684189054347,0.02400000000000002,True
5.494684,5,54.546652,0.9623107191724953,0.040000000000000036,True
5.566456,4,54.561245,0.9645146372544703,0.03200000000000003,True
5.685814,3,54.57088,0.9619474704455159,0.02400000000000002,True
5.778949,4,54.582246,0.959371434468503,0.03200000000000003,True
5.664371,5,54.597463,0.959238598953184,0.040000000000000036,True
5.841027,4,54.610015,0.9609672028784836,0.03200000000000003,True
5.592027,4,54.622418,0.962380658800814,0.03200000000000003,True
5.552981,4,54.633565,0.9579601651906956,0.03200000000000003,True
5.493486,3,54.64368,0.9666279812214785,0.02400000000000002,True
5.86022,4,54.6556,0.9592680780958518,0.03200000000000003,True
5.798749,4,54.667917,0.9600923423500987,0.03200000000000003,True
5.752296,4,54.679946,0.9600490402722408,0.03200000000000003,True
5.433736,4,54.691911,0.962715095187944,0.03200000000000003,True
5.787,3,54.701846,0.9647093288552587,0.02400000000000002,True
5.776375,5,54.716908,0.9643413081093206,0.040000000000000036,True
5.704609,4,54.729891,0.9652528703121068,0.03200000000000003,True
5.639403,3,54.738678,0.9656203458231655,0.02400000000000002,True
5.872341,3,54.747997,0.9588591670847617,0.02400000000000002,True
5.627858,4,54.759743,0.9634994300950411,0.03200000000000003,True
5.742493,3,54.769253,0.9630570071248333,0.02400000000000002,True
5.617825,4,54.781801,0.9584638420225063,0.03200000000000003,True
5.658624,5,54.795844,0.9571638943914123,0.040000000000000036,True
5.610714,3,54.805667,0.9616151439525291,0.02400000000000002,True
5.756909,5,54.911217,0.9673319780612779,0.040000000000000036,True
5.758242,4,54.92592,0.9633884316625646,0.03200000000000003,True
5.675142,3,54.937246,0.9584190926721523,0.02400000000000002,True
5.883505,4,54.952293,0.9589253220334557,0.03200000000000003,True
5.94332,3,55.670627,0.957402325771063,0.02400000000000002,True
5.699063,4,55.680138,0.957097058687305,0.03200000000000003,True
5.577954,4,55.689708,0.9600880433067125,0.03200000000000003,True
5.490485,4,55.699571,0.9565633009112183,0.03200000000000003,True
5.675448,4,55.709334,0.9616235553973833,0.03200000000000003,True
5.993311,4,55.718994,0.9613917536825202,0.03200000000000003,True
5.713157,5,55.730366,0.9593487082734571,0.040000000000000036,True
5.491733,3,55.738584,0.9585206063230576,0.02400000000000002,True
5.492787,3,55.745531,0.9663452894149794,0.02400000000000002,True
5.957823,3,55.752984,0.9636385171409492,0.02400000000000002,True
5.48789,3,55.759131,0.9616524985172519,0.02400000000000002,True
6.112651,4,55.768106,0.9598321700425194,0.03200000000000003,True
5.886083,4,55.777796,0.9610227113800178,0.03200000000000003,True
5.574081,5,55.78927,0.9601842028121914,0.040000000000000036,True
5.754391,3,55.802017,0.9635226125746024,0.02400000000000002,True
5.936778,3,55.810703,0.959068176194775,0.02400000000000002,True
6.066171,5,55.823213,0.95830378957982,0.040000000000000036,True
5.758856,4,55.832772,0.9625169655432088,0.03200000000000003,True
5.558022,4,55.842893,0.9629545538886934,0.03200000000000003,True
5.687897,4,55.853061,0.957315277608181,0.03200000000000003,True
5.738602,4,55.862196,0.9621803369472246,0.03200000000000003,True
5.624043,5,55.874151,0.9607592200506538,0.040000000000000036,True
5.771234,4,55.884583,0.9602838052897493,0.03200000000000003,True
5.71579,5,55.899137,0.9643160004229292,0.040000000000000036,True
5.803647,4,55.909451,0.9616496119161682,0.03200000000000003,True
5.687092,5,55.923761,0.9612503697294716,0.040000000000000036,True
5.589596,4,55.93449,0.9566094379650045,0.03200000000000003,True
5.627228,3,55.944022,0.9590992930825754,0.02400000000000002,True
5.731008,4,55.954019,0.959521078110873,0.03200000000000003,True
5.800909,4,55.964514,0.9663310714136487,0.03200000000000003,True
5.798357,4,55.974588,0.9620109000094872,0.03200000000000003,True
5.767886,4,55.983669,0.9618640497772941,0.03200000000000003,True
5.958448,5,55.995451,0.9607241588882146,0.040000000000000036,True
5.485615,5,56.006143,0.9635426033167872,0.040000000000000036,True
5.731993,4,56.015553,0.9629685962372665,0.03200000000000003,True
5.547183,4,56.026248,0.9576836229368482,0.03200000000000003,True
5.737215,3,56.033639,0.9632902096020438,0.02400000000000002,True
5.505246,3,56.042239,0.9625502270177009,0.02400000000000002,True
5.613052,3,56.053376,0.9596712029544432,0.02400000000000002,True
5.451627,4,56.067086,0.9568492907118811,0.03200000000000003,True
5.811393,5,56.08043,0.9610717081342204,0.040000000000000036,True
5.984404,4,56.091264,0.9589231252532318,0.03200000000000003,True
5.651823,4,56.102613,0.9611904149989605,0.03200000000000003,True
5.770899,4,56.114749,0.9608450052247102,0.03200000000000003,True
5.939793,3,56.124179,0.9594318975410039,0.02400000000000002,True
5.796709,4,56.135207,0.9579522805579839,0.03200000000000003,True
5.516789,4,56.146348,0.9622235873986211,0.03200000000000003,True
5.380941,3,56.154692,0.9623831756450669,0.02400000000000002,True
5.552429,4,56.166276,0.9616305725548064,0.03200000000000003,True
5.729904,3,56.177931,0.9584198188482729,0.02400000000000002,True
5.531973,3,56.188959,0.9586183395345584,0.02400000000000002,True
5.804527,5,56.206895,0.9605217489984912,0.040000000000000036,True
5.529069,4,56.217887,0.9593308071116073,0.03200000000000003,True
5.536228,3,56.227026,0.9618958030849325,0.02400000000000002,True
5.782814,4,56.237693,0.9666639042533921,0.03200000000000003,True
5.650988,4,56.248377,0.9611256739715617,0.03200000000000003,True
5.629733,4,56.258966,0.9596549029489414,0.03200000000000003,True
5.671084,3,56.266824,0.9597900583201243,0.02400000000000002,True
5.570874,5,56.279273,0.9608482577757246,0.040000000000000036,True
5.514121,4,56.289357,0.9610385736316124,0.03200000000000003,True
5.60631,4,56.299324,0.9596404593378145,0.03200000000000003,True
5.745952,4,56.311365,0.9606517372665474,0.03200000000000003,True
5.85132,4,56.327233,0.9611342823039297,0.03200000000000003,True
5.593684,3,56.335856,0.9595913811187375,0.02400000000000002,True
5.846422,4,56.345111,0.958257802074904,0.03200000000000003,True
5.496686,3,56.352715,0.9567643043800116,0.02400000000000002,True
5.642212,4,56.920757,0.9589866028533274,0.03200000000000003,True
6.025873,4,56.929904,0.9576127000043622,0.03200000000000003,True
5.825613,5,56.942385,0.9584159463006667,0.040000000000000036,True
5.717175,4,56.95137,0.9638776510440242,0.03200000000000003,True
5.652261,4,56.9612,0.9588157530689241,0.03200000000000003,True
5.588508,4,56.97084,0.9575123201645782,0.03200000000000003,True
5.749306,4,56.980953,0.9571176756948994,0.03200000000000003,True
5.727264,4,56.991073,0.9597091351138539,0.03200000000000003,True
5.595485,5,57.002661,0.9616383470571555,0.040000000000000036,True
5.55591,3,57.009485,0.9628617880605399,0.02400000000000002,True
5.711648,4,57.018392,0.9650396063413482,0.03200000000000003,True
5.492191,3,57.025731,0.9588451478085342,0.02400000000000002,True
5.606007,5,57.038094,0.9616772147703727,0.040000000000000036,True
5.691978,4,57.048078,0.964921461366044,0.03200000000000003,True
5.66849,3,57.054556,0.9621611902845687,0.02400000000000002,True
5.755586,3,57.062971,0.9595944115115371,0.02400000000000002,True
5.828656,5,57.074602,0.9625894463306897,0.040000000000000036,True
5.553241,4,57.084369,0.9581991925706642,0.03200000000000003,True
5.602142,3,57.091171,0.9579887245462673,0.02400000000000002,True
5.54016,5,57.103204,0.9591141900977128,0.040000000000000036,True
5.593364,4,57.113201,0.9574562845814876,0.03200000000000003,True
5.597996,3,57.121232,0.9616833468115027,0.02400000000000002,True
5.762833,4,57.130841,0.9628701290356548,0.03200000000000003,True
5.741545,5,57.143325,0.9624425274461462,0.040000000000000036,True
5.602596,3,57.149204,0.9589699913218324,0.02400000000000002,True
5.81296,5,57.161312,0.9671638255591744,0.040000000000000036,True
5.395893,2,57.1654,0.9602232740018366,0.016000000000000014,True
5.781313,4,57.174608,0.9646764324067634,0.03200000000000003,True
5.538081,5,57.186163,0.963129739049023,0.040000000000000036,True
5.903861,5,57.199843,0.9611899396648926,0.040000000000000036,True
5.744218,4,57.209301,0.9595140470712304,0.03200000000000003,True
5.782253,4,57.219027,0.9576331767028131,0.03200000000000003,True
5.598545,4,57.229044,0.9566561993254912,0.03200000000000003,True
5.63178,4,57.238314,0.9594223124537159,0.03200000000000003,True
5.790012,4,57.247725,0.962564547389988,0.03200000000000003,True
5.778415,5,57.26101,0.9618143311774516,0.040000000000000036,True
5.637462,3,57.268151,0.9614671883359369,0.02400000000000002,True
5.589233,5,57.279761,0.9610925418995158,0.040000000000000036,True
5.82054,4,57.288953,0.960698725078603,0.03200000000000003,True
5.749355,3,57.296959,0.9613589159980256,0.02400000000000002,True
5.63172,4,57.305773,0.9647813263182683,0.03200000000000003,True
5.548081,5,57.316649,0.9656663200041637,0.040000000000000036,True
5.778036,5,57.328234,0.9589134959957493,0.040000000000000036,True
5.730169,4,57.337119,0.9611521607500124,0.03200000000000003,True
5.812574,4,57.346068,0.9643581108537369,0.03200000000000003,True
6.011502,3,57.353597,0.9629494648051797,0.02400000000000002,True
5.651054,3,57.360058,0.963082414201315,0.02400000000000002,True
5.702684,4,57.369647,0.9589442236065921,0.03200000000000003,True
5.983838,4,57.378645,0.9599336863151886,0.03200000000000003,True
5.630408,4,57.387724,0.9586132259054564,0.03200000000000003,True
5.604172,3,57.39593,0.9583819354920392,0.02400000000000002,True
5.723853,3,57.403852,0.9614853752822186,0.02400000000000002,True
5.631095,4,57.418483,0.9620035479377969,0.03200000000000003,True
5.467293,3,57.429929,0.9589907569803018,0.02400000000000002,True
5.812041,4,57.444609,0.9626428618609907,0.03200000000000003,True
5.844415,4,57.453496,0.9599283540053581,0.03200000000000003,True
5.805594,4,57.462779,0.9596702452795481,0.03200000000000003,True
5.562836,4,57.472054,0.9609482175008683,0.03200000000000003,True
5.792005,4,57.480587,0.9559355952247699,0.03200000000000003,True
5.558412,4,57.490088,0.9632391246674231,0.03200000000000003,True
5.719808,3,57.496311,0.9599663633790358,0.02400000000000002,True
5.518658,3,57.504145,0.9569550877834632,0.02400000000000002,True
5.812395,4,57.513324,0.9631678369602705,0.03200000000000003,True
5.776801,4,57.523036,0.960750914347432,0.03200000000000003,True
5.974151,5,57.533439,0.9587185875635216,0.040000000000000036,True
5.698432,3,58.049379,0.959423937157929,0.02400000000000002,True
5.799219,4,58.061159,0.9610493024852769,0.03200000000000003,True
5.588004,3,58.068723,0.9571092594412667,0.02400000000000002,True
5.558896,3,58.075815,0.9612332168064915,0.02400000000000002,True
5.847761,5,58.091876,0.9592569732297653,0.040000000000000036,True
5.56657,4,58.10167,0.96761575264488,0.03200000000000003,True
5.672519,5,58.112559,0.9653117779447912,0.040000000000000036,True
5.561299,3,58.120228,0.9600346302811831,0.02400000000000002,True
5.512171,4,58.129547,0.9592872179771876,0.03200000000000003,True
5.55333,4,58.139027,0.9613592311574142,0.03200000000000003,True
5.807852,4,58.147888,0.9608507478591668,0.03200000000000003,True
5.9282,4,58.156854,0.9616006346665896,0.03200000000000003,True
5.488014,4,58.166174,0.9617776390116924,0.03200000000000003,True
5.503717,4,58.177448,0.9595774331315478,0.03200000000000003,True
5.529928,4,58.186329,0.9591916129260949,0.03200000000000003,True
5.3847,3,58.193924,0.9602184573338286,0.02400000000000002,True
5.730554,4,58.203606,0.9597596890275975,0.03200000000000003,True
5.434125,4,58.211995,0.9591511516499196,0.03200000000000003,True
5.681351,3,58.218988,0.9636228536553627,0.02400000000000002,True
5.70979,4,58.228676,0.9631361172328559,0.03200000000000003,True
5.70678,4,58.23836,0.9573952807737534,0.03200000000000003,True
5.634623,4,58.247144,0.9644357091089635,0.03200000000000003,True
5.465941,3,58.255778,0.9602202091527173,0.02400000000000002,True
5.586608,3,58.264,0.9631921665043649,0.02400000000000002,True
6.03086,4,58.2736,0.9600434222678049,0.03200000000000003,True
5.832077,4,58.28172,0.9598363522229738,0.03200000000000003,True
5.569151,5,58.293177,0.9666866217152155,0.040000000000000036,True
5.559798,4,58.301663,0.958163577776074,0.03200000000000003,True
5.860177,4,58.311673,0.9583530816193693,0.03200000000000003,True
5.819468,5,58.32353,0.9610603761859451,0.040000000000000036,True
5.79964,3,58.330518,0.9583127561135317,0.02400000000000002,True
5.417468,3,58.337709,0.9606715666889343,0.02400000000000002,True
5.640182,3,58.345104,0.9612091065758337,0.02400000000000002,True
5.815698,3,58.351569,0.9599488915217416,0.02400000000000002,True
5.603899,4,58.36163,0.9631882581970288,0.03200000000000003,True
5.673346,3,58.367909,0.9610654794686471,0.02400000000000002,True
5.653897,4,58.377661,0.9613920042100037,0.03200000000000003,True
5.458444,3,58.384811,0.9606452017821376,0.02400000000000002,True
5.776217,4,58.39431,0.9652964066194862,0.03200000000000003,True
5.521892,4,58.404141,0.965573000794581,0.03200000000000003,True
5.670287,4,58.414303,0.9638113810512288,0.03200000000000003,True
5.739122,3,58.421574,0.9608535075963169,0.02400000000000002,True
5.569049,4,58.430691,0.9619496750219672,0.03200000000000003,True
5.54903,5,58.441908,0.9622990151423921,0.040000000000000036,True
5.500857,3,58.4524,0.9630235425139969,0.02400000000000002,True
5.597439,4,58.466177,0.9617476472702148,0.03200000000000003,True
5.955513,4,58.479719,0.9654980403598858,0.03200000000000003,True
5.760107,3,58.487804,0.9632224387517629,0.02400000000000002,True
5.549129,4,58.497615,0.9579939395453356,0.03200000000000003,True
5.617516,3,58.505735,0.9592614360217836,0.02400000000000002,True
5.578166,4,58.514953,0.9618171885849034,0.03200000000000003,True
5.87395,5,58.525762,0.9627176570546416,0.040000000000000036,True
5.6212,5,58.537656,0.9595880806335721,0.040000000000000036,True
5.599105,4,58.546215,0.9631462036285918,0.03200000000000003,True
5.642687,5,58.558228,0.9583917772587307,0.040000000000000036,True
5.650714,3,58.565181,0.9597898818945818,0.02400000000000002,True
5.58481,4,58.574632,0.9617560261731544,0.03200000000000003,True
5.768803,5,58.585263,0.9586251949082137,0.040000000000000036,True
5.587778,3,58.591935,0.9602354570518066,0.02400000000000002,True
5.634882,3,58.59945,0.9602449464871932,0.02400000000000002,True
5.614468,4,58.609219,0.9619077803537084,0.03200000000000003,True
5.668431,4,58.618711,0.9594215356567097,0.03200000000000003,True
5.680983,4,58.628182,0.9628607730661993,0.03200000000000003,True
6.053942,4,58.637434,0.9571743450488766,0.03200000000000003,True
5.737803,4,58.646553,0.9685205491820061,0.03200000000000003,True
5.71669,3,58.653968,0.9607040103907858,0.02400000000000002,True
5.858709,2,58.657849,0.9619110899347315,0.016000000000000014,True
5.70654,3,58.665446,0.9610884267924812,0.02400000000000002,True
5.824956,4,59.183942,0.9632285724519467,0.03200000000000003,True
5.767992,4,59.192144,0.9645945049191016,0.03200000000000003,True
5.97192,4,59.200741,0.963831707902001,0.03200000000000003,True
5.676247,3,59.208941,0.9632494914966635,0.02400000000000002,True
5.685588,3,59.215664,0.9565995595064665,0.02400000000000002,True
5.476893,3,59.223713,0.9612357398372489,0.02400000000000002,True
5.755811,3,59.23157,0.9648684276118097,0.02400000000000002,True
5.554542,4,59.241198,0.9645411689935661,0.03200000000000003,True
5.503676,5,59.25239,0.96373130457357,0.040000000000000036,True
5.625742,2,59.257529,0.9680830528142483,0.016000000000000014,True
5.717692,4,59.267316,0.9595805775232836,0.03200000000000003,True
5.771798,3,59.274039,0.9620714564579482,0.02400000000000002,True
5.76582,4,59.284932,0.9642965242288566,0.03200000000000003,True
5.549239,4,59.294789,0.9621905421369551,0.03200000000000003,True
5.534613,3,59.303134,0.9600291740343623,0.02400000000000002,True
5.784973,4,59.312865,0.9598256411328661,0.03200000000000003,True
5.885797,4,59.322741,0.9633406444847776,0.03200000000000003,True
5.725039,4,59.332956,0.9647885465294801,0.03200000000000003,True
5.82908,5,59.344808,0.9622544010873537,0.040000000000000036,True
5.786086,5,59.357047,0.9595214602038629,0.040000000000000036,True
5.695972,4,59.366883,0.9620043248223367,0.03200000000000003,True
5.588821,5,59.377964,0.9611270551515546,0.040000000000000036,True
5.386234,3,59.386649,0.9627862873266577,0.02400000000000002,True
5.826382,4,59.397019,0.9576222636966781,0.03200000000000003,True
5.716563,5,59.409519,0.9609061382546018,0.040000000000000036,True
5.462879,3,59.417763,0.9639732883957761,0.02400000000000002,True
5.647241,4,59.427887,0.9587956441207136,0.03200000000000003,True
5.82826,4,59.437092,0.957352677345024,0.03200000000000003,True
5.881527,5,59.447638,0.9595634191850189,0.040000000000000036,True
5.393453,3,59.455701,0.9609833159962509,0.02400000000000002,True
5.487422,4,59.465615,0.9642696388399338,0.03200000000000003,True
5.592292,4,59.475782,0.959488412560705,0.03200000000000003,True
5.725699,4,59.486459,0.9612471752399263,0.03200000000000003,True
5.727803,4,59.499538,0.9651116687929131,0.03200000000000003,True
5.524416,5,59.516348,0.9632020713960763,0.040000000000000036,True
5.74396,4,59.52647,0.9620691379623029,0.03200000000000003,True
5.439135,4,59.537368,0.9590390719291045,0.03200000000000003,True
5.883537,4,59.546459,0.9630260956423436,0.03200000000000003,True
5.797967,4,59.556148,0.963242614346324,0.03200000000000003,True
5.449106,3,59.564302,0.9634449005874841,0.02400000000000002,True
5.436057,4,59.574538,0.9604079839740651,0.03200000000000003,True
5.749649,4,59.584996,0.9633786877258472,0.03200000000000003,True
5.421453,3,59.592849,0.9666415334549829,0.02400000000000002,True
5.714721,3,59.599175,0.9605221734217558,0.02400000000000002,True
5.643444,4,59.60871,0.9599958689883896,0.03200000000000003,True
5.856047,2,59.613835,0.955332294620828,0.016000000000000014,True
5.702101,4,59.623488,0.9578802789731169,0.03200000000000003,True
5.735219,4,59.633091,0.9644941192558064,0.03200000000000003,True
5.526627,4,59.64295,0.9674671412784057,0.03200000000000003,True
5.866283,2,59.649959,0.960496948197531,0.016000000000000014,True
5.888754,4,59.660032,0.9604147341623804,0.03200000000000003,True
5.515722,3,59.671308,0.9613780702409953,0.02400000000000002,True
5.725799,3,59.679266,0.9647645498507949,0.02400000000000002,True
5.770439,5,59.691973,0.9650032319239199,0.040000000000000036,True
6.032136,4,59.701247,0.961533941682047,0.03200000000000003,True
5.733958,4,59.710077,0.9636547995373765,0.03200000000000003,True
5.594271,4,59.719433,0.9585354488381079,0.03200000000000003,True
5.789473,4,59.728762,0.9588510727075625,0.03200000000000003,True
5.498587,3,59.736488,0.9596954517101524,0.02400000000000002,True
5.804646,5,59.748282,0.9670706928430977,0.040000000000000036,True
5.441905,3,59.756159,0.9628764424937257,0.02400000000000002,True
5.677231,4,59.766652,0.9623848420145351,0.03200000000000003,True
5.56545,5,59.781209,0.9609209369106059,0.040000000000000036,True
5.655402,3,59.789159,0.9619304710164547,0.02400000000000002,True
5.50675,3,59.796351,0.961780682374904,0.02400000000000002,True
5.951553,4,59.807846,0.9602825947211253,0.03200000000000003,True
5.65312,4,59.819545,0.9582653768966469,0.03200000000000003,True
5.693092,4,59.831105,0.9575006973822116,0.03200000000000003,True
5.620614,4,60.360811,0.9583536176908267,0.03200000000000003,True
5.936816,4,60.369784,0.95793289599514,0.03200000000000003,True
5.916362,4,60.379292,0.958332076190731,0.03200000000000003,True
5.621093,4,60.389473,0.9651380461679884,0.03200000000000003,True
5.830241,4,60.399785,0.9577713371574288,0.03200000000000003,True
5.62783,4,60.409955,0.9640705250865949,0.03200000000000003,True
5.798653,4,60.419691,0.9605755766737498,0.03200000000000003,True
5.431718,4,60.430235,0.9599927559446007,0.03200000000000003,True
5.682413,4,60.440816,0.9634430069402868,0.03200000000000003,True
5.734198,4,60.450013,0.9601340093909859,0.03200000000000003,True
5.489992,4,60.462251,0.9604143445135438,0.03200000000000003,True
5.555335,4,60.471486,0.9658646879490208,0.03200000000000003,True
5.583138,5,60.482982,0.9636243407285208,0.040000000000000036,True
5.583127,3,60.490285,0.9626402425764121,0.02400000000000002,True
5.720635,4,60.499582,0.9587056421291857,0.03200000000000003,True
5.476213,3,60.507888,0.9594475595879229,0.02400000000000002,True
5.931539,5,60.518963,0.9646224450599381,0.040000000000000036,True
5.569558,2,60.528883,0.964929266747857,0.016000000000000014,True
5.732823,4,60.5425,0.9672302431548149,0.03200000000000003,True
5.759309,4,60.555067,0.9598339634230887,0.03200000000000003,True
5.575687,4,60.564984,0.9601971931055939,0.03200000000000003,True
5.434772,3,60.571692,0.9614244955327053,0.02400000000000002,True
5.968514,5,60.584215,0.9661371339649445,0.040000000000000036,True
5.456524,3,60.589434,0.9634263712148414,0.02400000000000002,True
5.59063,3,60.596832,0.9581772941417701,0.02400000000000002,True
5.787842,3,60.605051,0.9580074184620639,0.02400000000000002,True
5.638116,4,60.614817,0.9634833906781628,0.03200000000000003,True
5.55061,4,60.625442,0.9598899141003538,0.03200000000000003,True
5.966235,3,60.632252,0.9637426778392431,0.02400000000000002,True
5.78429,4,60.642329,0.9596665393791839,0.03200000000000003,True
5.781126,4,60.651254,0.958953760698469,0.03200000000000003,True
5.663588,3,60.658824,0.956097583941158,0.02400000000000002,True
5.756328,3,60.665621,0.9585216722692582,0.02400000000000002,True
5.754508,4,60.675751,0.9573721633672316,0.03200000000000003,True
5.840824,4,60.684479,0.9574213808415173,0.03200000000000003,True
5.645669,3,60.691351,0.9662155023977832,0.02400000000000002,True
5.695672,3,60.699126,0.9630977803599957,0.02400000000000002,True
5.570669,4,60.708245,0.9611457991322252,0.03200000000000003,True
5.763601,4,60.71725,0.9589336059323061,0.03200000000000003,True
5.753394,3,60.724946,0.9615051987694128,0.02400000000000002,True
5.4891,3,60.731323,0.9592072034614771,0.02400000000000002,True
5.635253,3,60.738703,0.9604556870505268,0.02400000000000002,True
5.814378,4,60.747957,0.9590112503961199,0.03200000000000003,True
5.723585,3,60.755327,0.9624266185424735,0.02400000000000002,True
5.604501,3,60.763058,0.9600517468716846,0.02400000000000002,True
5.563163,4,60.772009,0.9613703557720953,0.03200000000000003,True
5.706854,4,60.78225,0.962330779852312,0.03200000000000003,True
5.835327,4,60.791787,0.9616466751679508,0.03200000000000003,True
6.027475,5,60.803587,0.9625404248769014,0.040000000000000036,True
5.755498,3,60.809448,0.9622505703837125,0.02400000000000002,True
5.756068,3,60.816736,0.9621310079809573,0.02400000000000002,True
5.458688,5,60.828815,0.9621541564234486,0.040000000000000036,True
5.535385,3,60.835916,0.9590952908512501,0.02400000000000002,True
5.84984,2,60.84101,0.9609836312146723,0.016000000000000014,True
5.595104,4,60.849819,0.9591976470439142,0.03200000000000003,True
5.516279,4,60.858835,0.9569166044829623,0.03200000000000003,True
5.62286,5,60.869411,0.9595789087250389,0.040000000000000036,True
6.022581,4,60.956049,0.9623334735410649,0.03200000000000003,True
5.751321,4,60.965732,0.965637764298024,0.03200000000000003,True
5.858097,4,60.974779,0.9627999902004468,0.03200000000000003,True
5.552887,2,60.979304,0.9554703060453164,0.016000000000000014,True
5.744242,5,60.991792,0.9651959164867666,0.040000000000000036,True
5.912461,4,61.001716,0.9590474368177395,0.03200000000000003,True
5.613941,4,61.010779,0.9632267071116786,0.03200000000000003,True
5.8091,3,61.016866,0.9616714977492239,0.02400000000000002,True
5.547215,3,61.024811,0.9574021509878106,0.02400000000000002,True
5.591724,3,61.03232,0.9612466450916234,0.02400000000000002,True
5.461369,3,61.039162,0.9621605949063723,0.02400000000000002,True
5.576995,4,61.048114,0.9587859512994824,0.03200000000000003,True
5.486957,3,61.574512,0.9619766714096335,0.02400000000000002,True
5.502402,4,61.588953,0.9596566820944457,0.03200000000000003,True
5.636676,3,61.597712,0.9606545744996104,0.02400000000000002,True
5.994075,4,61.607071,0.9621138765058854,0.03200000000000003,True
5.665445,4,61.616093,0.9628882328039166,0.03200000000000003,True
5.836665,4,61.625199,0.9632204915669992,0.03200000000000003,True
5.54544,4,61.634287,0.9633005204719671,0.03200000000000003,True
5.969252,3,61.642419,0.9624811455001127,0.02400000000000002,True
5.69508,4,61.652187,0.965661205096819,0.03200000000000003,True
5.928905,4,61.661583,0.9618608312418719,0.03200000000000003,True
5.611639,3,61.669101,0.9576497754784111,0.02400000000000002,True
5.744671,6,61.682189,0.9618420384645967,0.04800000000000004,True
5.749593,3,61.689844,0.9595674768096478,0.02400000000000002,True
5.736163,4,61.699543,0.9612113314840144,0.03200000000000003,True
5.702364,3,61.708502,0.9601955104215243,0.02400000000000002,True
5.775488,4,61.720531,0.9586792159170602,0.03200000000000003,True
5.929006,3,61.728847,0.9634178720938098,0.02400000000000002,True
6.041541,4,61.738138,0.9657392066094437,0.03200000000000003,True
5.431669,4,61.746688,0.9623959656269856,0.03200000000000003,True
5.779011,4,61.757572,0.9640900170863244,0.03200000000000003,True
5.738503,4,61.767789,0.9623054048698787,0.03200000000000003,True
5.812653,5,61.78086,0.9604578206520474,0.040000000000000036,True
5.574277,3,61.787904,0.9593515021517351,0.02400000000000002,True
5.414822,4,61.797629,0.9641682366225183,0.03200000000000003,True
5.455251,4,61.807713,0.9591175347474025,0.03200000000000003,True
5.677244,3,61.814858,0.9629457217955879,0.02400000000000002,True
5.555025,2,61.820714,0.9592109691511935,0.016000000000000014,True
5.504535,3,61.827385,0.959596843488876,0.02400000000000002,True
5.614629,5,61.839816,0.9596301424598507,0.040000000000000036,True
5.820705,5,61.85025,0.9590888216209146,0.040000000000000036,True
5.49478,4,61.859104,0.9595742085720639,0.03200000000000003,True
5.65254,5,61.87008,0.9644826688328494,0.040000000000000036,True
5.825663,5,61.881376,0.9625583768375925,0.040000000000000036,True
5.761175,4,61.890994,0.9625950258084761,0.03200000000000003,True
5.591361,4,61.900353,0.9650236862707235,0.03200000000000003,True
5.627917,5,61.911106,0.957413545017946,0.040000000000000036,True
5.652274,4,61.921224,0.9551853988645147,0.03200000000000003,True
5.988667,5,61.931923,0.9627768877868976,0.040000000000000036,True
5.601669,2,61.938359,0.9598952332418361,0.016000000000000014,True
5.895805,4,61.947401,0.9603544122031857,0.03200000000000003,True
5.571638,5,61.95819,0.9585233024386006,0.040000000000000036,True
5.548443,5,61.96971,0.9590796676124276,0.040000000000000036,True
5.889689,3,61.976791,0.9592045260559955,0.02400000000000002,True
5.677586,4,61.987748,0.9603052669691152,0.03200000000000003,True
5.545199,4,61.997117,0.9593066954921352,0.03200000000000003,True
5.821224,5,62.008193,0.9674287400318383,0.040000000000000036,True
6.004743,5,62.019136,0.9599495510920298,0.040000000000000036,True
5.800134,4,62.02991,0.9652478264599431,0.03200000000000003,True
5.888388,5,62.040535,0.9590663748632078,0.040000000000000036,True
6.041671,4,62.049764,0.9574854885355981,0.03200000000000003,True
5.6078,4,62.059141,0.9601897898491242,0.03200000000000003,True
5.577926,4,62.068461,0.9657825680487246,0.03200000000000003,True
5.741733,4,62.077753,0.961429683869081,0.03200000000000003,True
5.850112,4,62.086749,0.9612925667269576,0.03200000000000003,True
5.704056,3,62.093745,0.9600611379783792,0.02400000000000002,True
5.962559,3,62.101892,0.9593304643194458,0.02400000000000002,True
5.784503,3,62.10873,0.9666802096021152,0.02400000000000002,True
5.408258,3,62.114814,0.9621914697913563,0.02400000000000002,True
5.654429,5,62.12773,0.9615419737733499,0.040000000000000036,True
5.520406,4,62.137628,0.9595402316366266,0.03200000000000003,True
5.656518,3,62.145451,0.9634344547517433,0.02400000000000002,True
5.601014,3,62.151863,0.9606367504507525,0.02400000000000002,True
5.583455,3,62.159849,0.957058829495146,0.02400000000000002,True
5.511021,4,62.168739,0.9637760198828461,0.03200000000000003,True
5.799102,5,62.180741,0.9635377010938022,0.040000000000000036,True
5.791778,3,62.187887,0.96131860784739,0.02400000000000002,True
5.913908,5,62.724778,0.9633121108570262,0.040000000000000036,True
5.403899,4,62.734108,0.959428281549426,0.03200000000000003,True
5.69535,3,62.740993,0.9638843825984885,0.02400000000000002,True
5.755293,3,62.748417,0.959657678640538,0.02400000000000002,True
5.797094,4,62.757989,0.9591570496669084,0.03200000000000003,True
5.545057,3,62.764054,0.9591460896023786,0.02400000000000002,True
5.736028,4,62.77389,0.9660961956297945,0.03200000000000003,True
5.36506,3,62.781271,0.9600515603418724,0.02400000000000002,True
5.673337,4,62.790193,0.9586587949531552,0.03200000000000003,True
5.711995,3,62.797675,0.9587696431186838,0.02400000000000002,True
5.686075,5,62.810103,0.9567873042881319,0.040000000000000036,True
5.686814,3,62.816107,0.9616647968529042,0.02400000000000002,True
6.011662,4,62.825985,0.9639296400391375,0.03200000000000003,True
5.77425,4,62.834915,0.9609684068843984,0.03200000000000003,True
5.578076,4,62.84314,0.9608854858925664,0.03200000000000003,True
5.526085,5,62.854066,0.9656946519209616,0.040000000000000036,True
5.777364,4,62.863591,0.9626137908186243,0.03200000000000003,True
5.576026,4,62.872114,0.9629399988021985,0.03200000000000003,True
5.778574,4,62.881164,0.9634019966602849,0.03200000000000003,True
5.418794,3,62.88847,0.9599058613527751,0.02400000000000002,True
5.628517,4,62.898216,0.9591940729172324,0.03200000000000003,True
5.56212,4,62.907876,0.959946843577456,0.03200000000000003,True
5.516557,3,62.913833,0.9585757436193765,0.02400000000000002,True
5.813215,3,62.921268,0.960349893587269,0.02400000000000002,True
5.841367,4,62.931051,0.9591256659159074,0.03200000000000003,True
5.573032,3,62.939392,0.9596985117651067,0.02400000000000002,True
5.512956,3,62.947117,0.9608204789697524,0.02400000000000002,True
5.755047,5,62.959135,0.9651032452565945,0.040000000000000036,True
5.627393,3,62.966642,0.9629063672883139,0.02400000000000002,True
5.913126,3,62.972709,0.958486306517404,0.02400000000000002,True
5.786616,3,62.979797,0.9602338584115313,0.02400000000000002,True
5.643316,4,62.989898,0.9632730250344672,0.03200000000000003,True
5.531659,3,62.997684,0.9598312230418651,0.02400000000000002,True
5.798697,4,63.006902,0.9582133931851533,0.03200000000000003,True
5.602651,4,63.015852,0.9614846664632049,0.03200000000000003,True
5.799671,4,63.026125,0.9647657833309917,0.03200000000000003,True
5.586736,4,63.034655,0.9596407268186045,0.03200000000000003,True
5.508102,4,63.044009,0.9592720328344662,0.03200000000000003,True
5.823356,4,63.053951,0.9594468231280628,0.03200000000000003,True
5.53551,4,63.062457,0.9609089637544055,0.03200000000000003,True
5.474154,4,63.071257,0.9579745233178562,0.03200000000000003,True
5.862423,3,63.07894,0.9591721411478158,0.02400000000000002,True
5.738034,4,63.088169,0.9594227914066136,0.03200000000000003,True
5.778846,3,63.094969,0.9632513880501996,0.02400000000000002,True
6.033054,5,63.106399,0.9621033926379498,0.040000000000000036,True
5.623244,3,63.112933,0.9635241725412316,0.02400000000000002,True
6.090988,4,63.123215,0.9625237822162591,0.03200000000000003,True
5.582607,4,63.13168,0.9641262190024842,0.03200000000000003,True
5.514252,3,63.139934,0.961346786759812,0.02400000000000002,True
5.895674,3,63.1473,0.9603165280856607,0.02400000000000002,True
5.75697,3,63.154978,0.9580241031827164,0.02400000000000002,True
5.547857,4,63.164541,0.9589531968874474,0.03200000000000003,True
5.530131,3,63.171024,0.9622719147275061,0.02400000000000002,True
5.804545,4,63.179569,0.9660505516625527,0.03200000000000003,True
5.706794,4,63.188516,0.9574336039585201,0.03200000000000003,True
5.55447,4,63.197518,0.9606357976269247,0.03200000000000003,True
5.742072,3,63.205306,0.9594860113190902,0.02400000000000002,True
5.587496,3,63.212557,0.9612058673398953,0.02400000000000002,True
5.850517,5,63.224338,0.9645180633457999,0.040000000000000036,True
5.510957,4,63.233918,0.9625418679297053,0.03200000000000003,True
5.495828,3,63.240932,0.9650823753121327,0.02400000000000002,True
5.813844,4,63.249951,0.9658999826052515,0.03200000000000003,True
5.708925,3,63.258071,0.95931978441233,0.02400000000000002,True
5.39518,3,63.266185,0.9567976829379372,0.02400000000000002,True
5.941919,3,63.27405,0.9577614771911953,0.02400000000000002,True
5.608361,5,63.28521,0.9602945551286828,0.040000000000000036,True
5.786146,5,63.296379,0.9585782335312272,0.040000000000000036,True
5.787789,4,63.306042,0.9622753370199247,0.03200000000000003,True
5.97797,4,63.316254,0.9590316649467098,0.03200000000000003,True
5.37893,3,63.856579,0.9580602346924524,0.02400000000000002,True
5.470366,5,63.867533,0.9628453465642888,0.040000000000000036,True
5.785059,4,63.877167,0.9597636110941146,0.03200000000000003,True
5.624436,4,63.88662,0.9610808761699747,0.03200000000000003,True
5.472184,4,63.897066,0.9595122981552002,0.03200000000000003,True
5.760098,3,63.904528,0.9623538861456319,0.02400000000000002,True
5.719632,4,63.914161,0.966091962273947,0.03200000000000003,True
5.391205,4,63.923459,0.9599399369669643,0.03200000000000003,True
5.65123,3,63.931766,0.9614748680125121,0.02400000000000002,True
5.650395,3,63.941979,0.9600217286424315,0.02400000000000002,True
5.695193,4,63.952045,0.9631305199448108,0.03200000000000003,True
5.693377,5,63.963805,0.9616949696038056,0.040000000000000036,True
5.893652,3,63.970253,0.9605986704981732,0.02400000000000002,True
5.778387,4,63.979259,0.9596075965995945,0.03200000000000003,True
5.56952,3,63.98598,0.9608272485692471,0.02400000000000002,True
5.693178,3,63.994492,0.9584551496193492,0.02400000000000002,True
5.807325,5,64.004914,0.9561302915403955,0.040000000000000036,True
5.77799,2,64.009933,0.9624218588290082,0.016000000000000014,True
5.662077,3,64.017355,0.9571713166365194,0.02400000000000002,True
5.675302,4,64.026286,0.9588285887810195,0.03200000000000003,True
5.738454,3,64.033147,0.9618169563090415,0.02400000000000002,True
5.931145,4,64.043298,0.9607330151719775,0.03200000000000003,True
5.744639,4,64.051471,0.9594283732274426,0.03200000000000003,True
5.755551,4,64.06068,0.9609970367696161,0.03200000000000003,True
5.701841,4,64.069478,0.9656929838522335,0.03200000000000003,True
5.710407,4,64.078332,0.9591039331690141,0.03200000000000003,True
5.746513,3,64.085933,0.9619953511114129,0.02400000000000002,True
5.795028,5,64.096739,0.9619219258771209,0.040000000000000036,True
5.64339,3,64.104178,0.9640475413784373,0.02400000000000002,True
5.87658,4,64.112749,0.9657329450221981,0.03200000000000003,True
5.764975,4,64.121628,0.9634268345248699,0.03200000000000003,True
5.653294,3,64.128785,0.9596029932445749,0.02400000000000002,True
5.431739,3,64.135821,0.9647615763303585,0.02400000000000002,True
5.791502,4,64.146542,0.9636473141329739,0.03200000000000003,True
5.8248,5,64.158534,0.9639220710893642,0.040000000000000036,True
5.627896,4,64.167578,0.9591443640049072,0.03200000000000003,True
5.644696,4,64.176394,0.9636154114827099,0.03200000000000003,True
5.867627,4,64.186142,0.9612139568038005,0.03200000000000003,True
5.820082,5,64.197458,0.956601029175165,0.040000000000000036,True
5.593404,5,64.209117,0.9632647391546777,0.040000000000000036,True
5.411352,3,64.216165,0.9579004340155546,0.02400000000000002,True
5.774984,3,64.222574,0.9649084798750244,0.02400000000000002,True
5.644674,4,64.233014,0.9673733610526982,0.03200000000000003,True
5.367827,4,64.242232,0.9625120109844638,0.03200000000000003,True
5.568026,4,64.251121,0.9598461429556767,0.03200000000000003,True
5.790115,4,64.262051,0.96556354639459,0.03200000000000003,True
5.5306,3,64.270002,0.9589536267254313,0.02400000000000002,True
5.741481,4,64.279431,0.9619598009861745,0.03200000000000003,True
5.602982,3,64.286373,0.963137285907484,0.02400000000000002,True
5.772823,4,64.295767,0.9593127407639288,0.03200000000000003,True
6.135679,5,64.30692,0.9618800513750507,0.040000000000000036,True
5.684017,4,64.31615,0.9644771052155737,0.03200000000000003,True
5.480512,3,64.323887,0.960866143553885,0.02400000000000002,True
5.716831,3,64.330783,0.9592367233031039,0.02400000000000002,True
5.587551,3,64.337991,0.9611802876945916,0.02400000000000002,True
5.643695,3,64.345853,0.9625953826171512,0.02400000000000002,True
5.487844,4,64.355046,0.9622682431342898,0.03200000000000003,True
5.931788,5,64.367032,0.9642941074049041,0.040000000000000036,True
5.676019,4,64.376768,0.9614911279871574,0.03200000000000003,True
5.538646,3,64.384223,0.959354917327174,0.02400000000000002,True
5.695369,4,64.395153,0.9563509351939103,0.03200000000000003,True
5.786884,4,64.404737,0.9592256516979452,0.03200000000000003,True
5.885532,4,64.414594,0.956877869390373,0.03200000000000003,True
5.787284,4,64.424446,0.9617155613113295,0.03200000000000003,True
5.594499,4,64.434523,0.9585846982644904,0.03200000000000003,True
5.597788,4,64.445565,0.963013025942582,0.03200000000000003,True
5.485195,4,64.4546,0.9614233400414913,0.03200000000000003,True
5.859614,5,64.988256,0.9611345883137705,0.040000000000000036,True
5.651062,4,64.999572,0.9578370738014679,0.03200000000000003,True
5.691382,4,65.009943,0.9609723467475408,0.03200000000000003,True
5.892503,4,65.019661,0.9636146658450728,0.03200000000000003,True
5.471138,4,65.029695,0.9583769731746739,0.03200000000000003,True
5.476391,4,65.039427,0.9653720801064958,0.03200000000000003,True
5.661586,4,65.048582,0.9627619106603825,0.03200000000000003,True
5.77074,4,65.058631,0.9614158917053908,0.03200000000000003,True
5.632058,4,65.068362,0.9595255253888402,0.03200000000000003,True
5.499907,4,65.07977,0.9574332119376101,0.03200000000000003,True
5.724735,5,65.091474,0.9631591245848399,0.040000000000000036,True
5.754517,4,65.101457,0.9681754123196845,0.03200000000000003,True
5.551155,3,65.108301,0.959689804673125,0.02400000000000002,True
5.396394,5,65.120916,0.9638909634147254,0.040000000000000036,True
5.743956,3,65.127799,0.9616223949638144,0.02400000000000002,True
5.798798,4,65.1369,0.9574402740757244,0.03200000000000003,True
5.679035,4,65.146206,0.9594893168490262,0.03200000000000003,True
5.492106,4,65.157572,0.9597137192879841,0.03200000000000003,True
5.732756,4,65.167488,0.9669934159889033,0.03200000000000003,True
5.513296,4,65.176774,0.9654533750833085,0.03200000000000003,True
5.593218,5,65.188794,0.9611935524513229,0.040000000000000036,True
5.461518,4,65.197572,0.9650462322603763,0.03200000000000003,True
5.606364,4,65.207087,0.9613535579344153,0.03200000000000003,True
5.634545,4,65.21526,0.9588887410153407,0.03200000000000003,True
5.736738,4,65.224508,0.9615615527239939,0.03200000000000003,True
5.659175,2,65.229029,0.9624914199737835,0.016000000000000014,True
5.76477,3,65.236844,0.9576459115855951,0.02400000000000002,True
5.925436,4,65.246257,0.9632039460451022,0.03200000000000003,True
5.689048,4,65.255369,0.9598976942599676,0.03200000000000003,True
5.757547,4,65.264727,0.9597999293485573,0.03200000000000003,True
5.703757,4,65.273981,0.9603405362897203,0.03200000000000003,True
5.704409,3,65.280844,0.9601318672427137,0.02400000000000002,True
5.601532,4,65.290018,0.9624768828615125,0.03200000000000003,True
5.541297,3,65.297319,0.9588273238711451,0.02400000000000002,True
5.699793,4,65.306411,0.9598617642218226,0.03200000000000003,True
5.881198,4,65.316537,0.961584558762838,0.03200000000000003,True
5.712517,4,65.325553,0.9611670854215998,0.03200000000000003,True
5.947213,4,65.336771,0.9657582867820977,0.03200000000000003,True
5.610599,5,65.348384,0.9600667546970378,0.040000000000000036,True
5.563843,4,65.357579,0.9596798568119624,0.03200000000000003,True
5.58485,3,65.364484,0.9649093559006761,0.02400000000000002,True
5.624226,4,65.373898,0.9588410690331195,0.03200000000000003,True
5.603166,4,65.383356,0.9644125879992407,0.03200000000000003,True
5.777805,4,65.392875,0.9652456563840959,0.03200000000000003,True
5.475685,3,65.400937,0.9604410254024032,0.02400000000000002,True
5.813228,4,65.410684,0.9583071384056874,0.03200000000000003,True
5.493303,5,65.42246,0.9647634430634163,0.040000000000000036,True
5.551906,4,65.431878,0.9628209823638607,0.03200000000000003,True
5.501699,3,65.440217,0.9624356965711096,0.02400000000000002,True
5.838899,4,65.449469,0.9615870468271148,0.03200000000000003,True
5.369283,3,65.45663,0.9643204631584464,0.02400000000000002,True
6.012454,4,65.466097,0.9607667725920153,0.03200000000000003,True
5.41807,4,65.476159,0.9608041903504061,0.03200000000000003,True
5.585381,3,65.486964,0.9589431957706823,0.02400000000000002,True
5.800225,3,65.501525,0.9664514120592671,0.02400000000000002,True
5.63262,4,65.515559,0.964091005066867,0.03200000000000003,True
5.463032,3,65.527841,0.9631352368227935,0.02400000000000002,True
5.571788,4,65.541326,0.9591715998027452,0.03200000000000003,True
5.663325,5,65.557533,0.9629053995542802,0.040000000000000036,True
5.883828,4,65.571325,0.9571807777043317,0.03200000000000003,True
5.70785,3,65.583573,0.9618361827477415,0.02400000000000002,True
5.602125,4,65.596962,0.959230969882251,0.03200000000000003,True
5.622275,4,65.61112,0.9649665614981389,0.03200000000000003,True
5.491527,3,65.622253,0.9612712919625412,0.02400000000000002,True
5.797434,5,65.636984,0.9682190055199558,0.040000000000000036,True
6.14231,5,65.652485,0.9651043958348356,0.040000000000000036,True
5.593195,5,66.438589,0.9598506672360338,0.040000000000000036,True
5.441115,3,66.450082,0.9617240554487243,0.02400000000000002,True
5.384517,3,66.459636,0.9591043566434991,0.02400000000000002,True
5.859747,3,66.468464,0.962088509638305,0.02400000000000002,True
5.786482,4,66.480725,0.9585010914735317,0.03200000000000003,True
5.911853,5,66.501797,0.9601955558038741,0.040000000000000036,True
5.791087,4,66.516561,0.9645741461921795,0.03200000000000003,True
5.764372,3,66.524943,0.95816140704271,0.02400000000000002,True
5.427328,4,66.53665,0.9576784492598795,0.03200000000000003,True
5.837776,5,66.55115,0.9577599999205407,0.040000000000000036,True
5.68568,3,66.560232,0.964690991786703,0.02400000000000002,True
5.709827,4,66.571757,0.961416036082425,0.03200000000000003,True
5.864431,4,66.584082,0.9572519176185996,0.03200000000000003,True
5.757852,3,66.593696,0.9614965071300579,0.02400000000000002,True
5.886082,5,66.608371,0.9616757519156289,0.040000000000000036,True
5.446367,4,66.622315,0.9579739124110465,0.03200000000000003,True
5.689453,3,66.632216,0.957549115332424,0.02400000000000002,True
5.430423,3,66.644174,0.9652172077862824,0.02400000000000002,True
5.786829,3,66.661403,0.9642040404867461,0.02400000000000002,True
5.551962,4,66.676047,0.9578284220642967,0.03200000000000003,True
5.627575,4,66.687824,0.9606293517213108,0.03200000000000003,True
5.489431,3,66.697217,0.9638963267065495,0.02400000000000002,True
5.538842,4,66.709699,0.9641348535462179,0.03200000000000003,True
5.442501,3,66.718555,0.9595501109318657,0.02400000000000002,True
5.335706,3,66.726827,0.9651363469580071,0.02400000000000002,True
5.796485,5,66.741632,0.9596505572887337,0.040000000000000036,True
5.686586,4,66.753036,0.962208609582273,0.03200000000000003,True
5.807062,4,66.765229,0.9588385714121839,0.03200000000000003,True
5.442091,3,66.773714,0.9589005958709701,0.02400000000000002,True
5.71175,3,66.781863,0.9617074119187312,0.02400000000000002,True
5.740026,5,66.797311,0.9641629853032543,0.040000000000000036,True
5.815052,4,66.814562,0.9595069257510258,0.03200000000000003,True
5.594507,4,66.828266,0.9578934499359915,0.03200000000000003,True
5.476561,3,66.840424,0.9672708337723975,0.02400000000000002,True
5.743477,4,66.856659,0.9623272278726716,0.03200000000000003,True
5.670951,4,66.869792,0.9565453457550297,0.03200000000000003,True
5.904407,4,66.884827,0.9587626526487892,0.03200000000000003,True
5.598049,4,66.898513,0.9635542074569605,0.03200000000000003,True
5.653425,4,66.910332,0.9596244752179208,0.03200000000000003,True
5.863846,5,66.928576,0.9661967325938973,0.040000000000000036,True
5.743387,3,66.937822,0.9613289443409183,0.02400000000000002,True
5.578181,4,66.948392,0.9610705576517056,0.03200000000000003,True
5.798019,4,66.960236,0.9620346664872219,0.03200000000000003,True
5.830011,4,66.971627,0.9613560475020029,0.03200000000000003,True
5.512929,3,66.981463,0.9674698368607015,0.02400000000000002,True
5.538852,4,66.993268,0.9590748861040854,0.03200000000000003,True
5.865998,4,67.007025,0.9649292636155048,0.03200000000000003,True
5.641209,4,67.019284,0.9605810045951823,0.03200000000000003,True
5.498183,4,67.13381,0.9628834101096493,0.03200000000000003,True
5.803908,3,67.14462,0.9599501890383022,0.02400000000000002,True
5.569859,4,67.157992,0.9619290553041209,0.03200000000000003,True
5.547978,5,67.177505,0.9580600916069376,0.040000000000000036,True
5.841332,4,67.189043,0.9636964234546689,0.03200000000000003,True
5.795001,4,67.20218,0.9593119777355783,0.03200000000000003,True
5.836047,5,67.217047,0.9601110769368129,0.040000000000000036,True
5.623036,3,67.227917,0.9574902352317043,0.02400000000000002,True
5.871232,5,67.2432,0.9608620304155012,0.040000000000000036,True
5.56751,4,67.25592,0.9612810234982386,0.03200000000000003,True
5.468206,3,67.267713,0.959194998968379,0.02400000000000002,True
5.71801,4,67.280684,0.9627456978012516,0.03200000000000003,True
5.48322,3,67.291379,0.9641226569649884,0.02400000000000002,True
5.655584,4,67.305324,0.9603774196612035,0.03200000000000003,True
5.573569,4,67.319991,0.9589359831281354,0.03200000000000003,True
5.691006,3,67.330327,0.9608384338281948,0.02400000000000002,True
5.729919,3,67.339613,0.9597194829017954,0.02400000000000002,True
5.543438,4,67.351192,0.9566854257043962,0.03200000000000003,True
5.796151,4,67.368716,0.9614815557194951,0.03200000000000003,True
5.925281,4,67.38055,0.9565564853265833,0.03200000000000003,True
5.55271,4,68.14212,0.9609577070128528,0.03200000000000003,True
5.84753,5,68.159878,0.9577639076651046,0.040000000000000036,True
5.562209,4,68.17455,0.9627632990648791,0.03200000000000003,True
5.543175,4,68.191048,0.9600319307350633,0.03200000000000003,True
5.749252,5,68.210601,0.9582155018371594,0.040000000000000036,True
5.585247,4,68.224759,0.9608317009290895,0.03200000000000003,True
5.461253,4,68.238865,0.9610788928333239,0.03200000000000003,True
5.678165,3,68.250244,0.9605719927283509,0.02400000000000002,True
5.57684,3,68.259219,0.9623276058581383,0.02400000000000002,True
5.498584,5,68.278109,0.9626711796856893,0.040000000000000036,True
5.543058,5,68.292381,0.96016925805823,0.040000000000000036,True
5.623277,3,68.301858,0.964140937303684,0.02400000000000002,True
5.832648,4,68.314955,0.9605417195586734,0.03200000000000003,True
5.620328,4,68.327852,0.9583297245204354,0.03200000000000003,True
5.845122,4,68.340036,0.9618296503234663,0.03200000000000003,True
5.706039,3,68.349332,0.9588535547234951,0.02400000000000002,True
5.563286,5,68.366115,0.9621305620296832,0.040000000000000036,True
5.65586,4,68.3788,0.9674920182312691,0.03200000000000003,True
5.639276,5,68.395551,0.9591790863708499,0.040000000000000036,True
5.572235,4,68.409036,0.9600592096715237,0.03200000000000003,True
5.391973,3,68.418601,0.957999822505658,0.02400000000000002,True
5.800066,4,68.432487,0.9620129647402273,0.03200000000000003,True
5.647931,4,68.44508,0.9593784074209479,0.03200000000000003,True
5.806975,4,68.459381,0.9578048436758555,0.03200000000000003,True
5.731652,5,68.477301,0.958627019604224,0.040000000000000036,True
5.623419,5,68.494531,0.9597764743912556,0.040000000000000036,True
5.445959,4,68.507312,0.9611597532419802,0.03200000000000003,True
5.638692,4,68.521212,0.9633136075574562,0.03200000000000003,True
5.810092,4,68.533501,0.9608759104287209,0.03200000000000003,True
5.754575,4,68.546009,0.9623729992526879,0.03200000000000003,True
5.847924,4,68.557857,0.9589083848635696,0.03200000000000003,True
5.72287,3,68.567947,0.9609534079740675,0.02400000000000002,True
5.538099,3,68.578237,0.959381145694876,0.02400000000000002,True
5.548039,4,68.59032,0.9633671773643468,0.03200000000000003,True
5.604656,4,68.602405,0.9638006513359493,0.03200000000000003,True
5.489942,4,68.614262,0.9628072553021049,0.03200000000000003,True
5.45791,3,68.623764,0.962919341977758,0.02400000000000002,True
5.877212,5,68.639805,0.9612165622338453,0.040000000000000036,True
5.389359,4,68.651634,0.9591653304332086,0.03200000000000003,True
5.539863,4,68.663865,0.960360948101423,0.03200000000000003,True
5.856528,5,68.679818,0.9658214386767324,0.040000000000000036,True
5.575927,4,68.691179,0.9623648431438452,0.03200000000000003,True
5.394638,4,68.705786,0.9610375559261712,0.03200000000000003,True
5.619554,5,68.720367,0.9644726873955228,0.040000000000000036,True
5.719049,4,68.733048,0.9636200463972444,0.03200000000000003,True
5.655505,3,68.7436,0.9626987939528509,0.02400000000000002,True
5.528084,3,68.752782,0.9589191392268066,0.02400000000000002,True
5.804932,4,68.76684,0.9607429856327168,0.03200000000000003,True
5.450448,3,68.775418,0.9635156353838839,0.02400000000000002,True
5.512971,4,68.78786,0.9608819531945658,0.03200000000000003,True
5.859972,5,68.802853,0.9573349699819644,0.040000000000000036,True
5.856653,4,68.814803,0.9617824706450108,0.03200000000000003,True
5.855592,3,68.824086,0.9595572098658596,0.02400000000000002,True
5.812871,4,68.836363,0.964322259428142,0.03200000000000003,True
5.470956,4,68.849018,0.9604360554642661,0.03200000000000003,True
5.645925,3,68.857481,0.9575561205126167,0.02400000000000002,True
5.584555,4,68.869379,0.9612460383622562,0.03200000000000003,True
6.008818,4,68.881396,0.958017858679973,0.03200000000000003,True
5.790062,4,68.89363,0.9621961518079027,0.03200000000000003,True
5.83251,4,68.905706,0.9637361693489647,0.03200000000000003,True
5.884712,4,68.918053,0.9609462181314753,0.03200000000000003,True
5.551037,4,68.930411,0.9570248850489926,0.03200000000000003,True
5.805161,5,68.946782,0.9662010542502286,0.040000000000000036,True
5.856023,5,69.748593,0.9573046625766639,0.040000000000000036,True
5.612173,4,69.764896,0.9607308700247338,0.03200000000000003,True
5.6506,3,69.777681,0.9599640868662884,0.02400000000000002,True
6.037737,5,69.796455,0.9586056883059071,0.040000000000000036,True
5.653617,5,69.813878,0.9556918743916851,0.040000000000000036,True
5.525492,5,69.832189,0.9605441911793351,0.040000000000000036,True
5.413011,3,69.844548,0.9620426895026795,0.02400000000000002,True
5.479903,4,69.859092,0.962797127772335,0.03200000000000003,True
5.483448,3,69.869798,0.9613210130767145,0.02400000000000002,True
5.578217,4,69.884179,0.9579524486024311,0.03200000000000003,True
5.684531,4,69.897476,0.963416402209748,0.03200000000000003,True
5.759293,4,69.910158,0.9636593481454718,0.03200000000000003,True
5.827864,4,69.922767,0.9604982887440585,0.03200000000000003,True
5.53982,3,69.931902,0.9660889328364015,0.02400000000000002,True
5.627326,4,69.944945,0.9563653556611507,0.03200000000000003,True
5.538087,4,69.9581,0.9603400417777966,0.03200000000000003,True
5.491193,4,69.970862,0.9592285482458137,0.03200000000000003,True
5.617802,4,69.983466,0.9608601257780385,0.03200000000000003,True
5.557341,3,69.992304,0.9620925164830023,0.02400000000000002,True
5.588934,4,70.006108,0.9608313970981894,0.03200000000000003,True
5.816915,4,70.020342,0.9573315993774312,0.03200000000000003,True
5.742896,4,70.037486,0.9576256638113465,0.03200000000000003,True
5.590915,3,70.047973,0.9603906352897756,0.02400000000000002,True
5.672838,5,70.062044,0.9625068329029018,0.040000000000000036,True
5.682683,4,70.071653,0.9590890254134913,0.03200000000000003,True
5.581804,4,70.081067,0.9586932045183459,0.03200000000000003,True
5.84406,5,70.091959,0.959757370297351,0.040000000000000036,True
5.815802,4,70.1013,0.9583632671534524,0.03200000000000003,True
5.477448,5,70.113491,0.9628333634990778,0.040000000000000036,True
5.540837,4,70.129014,0.9607092437474918,0.03200000000000003,True
5.57709,5,70.145587,0.9580006041716018,0.040000000000000036,True
5.63502,5,70.157899,0.9637866092445887,0.040000000000000036,True
5.527122,4,70.166475,0.9620427381763357,0.03200000000000003,True
5.754704,4,70.176923,0.9593145918039865,0.03200000000000003,True
5.403873,3,70.184015,0.960112538685405,0.02400000000000002,True
5.725417,4,70.1925,0.9652684394199961,0.03200000000000003,True
5.779739,3,70.200113,0.9645826983451544,0.02400000000000002,True
5.732876,4,70.208973,0.9634530571845439,0.03200000000000003,True
5.956272,4,70.218332,0.9619961385593274,0.03200000000000003,True
5.80803,4,70.227811,0.9572216512178608,0.03200000000000003,True
5.58023,4,70.238001,0.9604707284462389,0.03200000000000003,True
5.538786,5,70.249488,0.9617286673543008,0.040000000000000036,True
5.840624,4,70.259571,0.9593768230002696,0.03200000000000003,True
5.713652,3,70.266578,0.9671184753510216,0.02400000000000002,True
5.515382,4,70.275884,0.9669341171294291,0.03200000000000003,True
5.570611,4,70.286475,0.957145547997329,0.03200000000000003,True
5.758481,3,70.294178,0.9630849626544505,0.02400000000000002,True
5.549938,4,70.303868,0.9633509911350145,0.03200000000000003,True
5.749023,4,70.312833,0.9677612429028619,0.03200000000000003,True
5.620044,4,70.321908,0.963738222678878,0.03200000000000003,True
5.600626,4,70.331179,0.959981246334817,0.03200000000000003,True
5.719006,4,70.340871,0.9653576916099609,0.03200000000000003,True
5.816496,4,70.349014,0.9597483395366446,0.03200000000000003,True
5.603914,5,70.360917,0.9584195759618824,0.040000000000000036,True
5.436164,3,70.367724,0.9583331283133489,0.02400000000000002,True
5.626657,4,70.376008,0.9611583109594789,0.03200000000000003,True
5.722536,3,70.383723,0.9623262166512879,0.02400000000000002,True
5.675149,3,70.390841,0.9636695081844345,0.02400000000000002,True
5.45661,3,70.397533,0.9623121105078045,0.02400000000000002,True
5.702553,4,70.408243,0.9599971196649085,0.03200000000000003,True
5.626234,5,70.420186,0.9578528964106394,0.040000000000000036,True
5.766754,4,70.428995,0.966889223600175,0.03200000000000003,True
5.725998,4,70.438279,0.9596740785539134,0.03200000000000003,True
5.515529,4,70.447095,0.9611587428805926,0.03200000000000003,True
5.770736,4,70.455966,0.9612667666929247,0.03200000000000003,True
5.652633,4,70.989648,0.9587911030226486,0.03200000000000003,True
5.579439,4,70.999899,0.9620052653175653,0.03200000000000003,True
5.752708,4,71.009139,0.9590661471423911,0.03200000000000003,True
5.602591,4,71.018688,0.963552106526979,0.03200000000000003,True
5.638939,4,71.02935,0.9614214170585045,0.03200000000000003,True
6.012347,4,71.038702,0.9609936994994839,0.03200000000000003,True
5.808776,4,71.048514,0.9632491170404764,0.03200000000000003,True
5.591283,4,71.058274,0.9618059214752919,0.03200000000000003,True
5.816057,5,71.070127,0.9585235645558825,0.040000000000000036,True
5.493075,4,71.080248,0.9630132294836173,0.03200000000000003,True
5.533164,3,71.087641,0.9573012610564198,0.02400000000000002,True
5.760106,5,71.099901,0.9610326213887738,0.040000000000000036,True
5.799046,3,71.106186,0.9609495904721906,0.02400000000000002,True
5.6439,4,71.116298,0.9617114098445041,0.03200000000000003,True
5.477786,3,71.124011,0.9611590509276385,0.02400000000000002,True
5.654863,3,71.130767,0.959149499841851,0.02400000000000002,True
5.400417,4,71.140468,0.9592624398741747,0.03200000000000003,True
5.796021,3,71.149718,0.9629905888553112,0.02400000000000002,True
5.410757,3,71.160252,0.9645200069896269,0.02400000000000002,True
5.410292,3,71.170215,0.9634716601533901,0.02400000000000002,True
5.802364,4,71.183383,0.9577578978660485,0.03200000000000003,True
5.619621,5,71.195354,0.9571673164084175,0.040000000000000036,True
5.397713,3,71.202951,0.9639574350926639,0.02400000000000002,True
5.442454,2,71.208129,0.9628360845181791,0.016000000000000014,True
6.010682,5,71.219991,0.9598553529427363,0.040000000000000036,True
5.769561,5,71.231641,0.9644848516546387,0.040000000000000036,True
5.925383,5,71.243416,0.9603597041310774,0.040000000000000036,True
5.812803,4,71.252818,0.9574179124955376,0.03200000000000003,True
5.79284,3,71.260049,0.9653597998625625,0.02400000000000002,True
5.556191,3,71.267522,0.9583066434841947,0.02400000000000002,True
5.534212,4,71.277157,0.9571234532293247,0.03200000000000003,True
5.649754,4,71.28706,0.9593007450016917,0.03200000000000003,True
5.677395,3,71.294071,0.9671392236344334,0.02400000000000002,True
5.455081,3,71.300837,0.963255491354727,0.02400000000000002,True
5.589674,4,71.310384,0.9586401650599079,0.03200000000000003,True
5.522805,4,71.319693,0.9650209706245843,0.03200000000000003,True
5.627671,4,71.330261,0.9632768992906369,0.03200000000000003,True
5.609822,4,71.339886,0.9663769160384316,0.03200000000000003,True
5.448609,3,71.348315,0.9597687753174451,0.02400000000000002,True
5.557848,3,71.356685,0.9597010894189713,0.02400000000000002,True
5.962232,3,71.363397,0.958703872092955,0.02400000000000002,True
5.708838,3,71.372001,0.9595208452394208,0.02400000000000002,True
5.593735,3,71.379933,0.9633487639907825,0.02400000000000002,True
5.456089,3,71.387681,0.9618389280264141,0.02400000000000002,True
5.551055,3,71.395958,0.9584941329967752,0.02400000000000002,True
5.677441,4,71.407208,0.9637607416899214,0.03200000000000003,True
5.837508,5,71.419465,0.959805718107217,0.040000000000000036,True
5.642832,3,71.426092,0.9584542666085003,0.02400000000000002,True
5.723072,4,71.435037,0.9634794155876862,0.03200000000000003,True
5.577947,4,71.444341,0.9600082019818882,0.03200000000000003,True
5.67684,4,71.452887,0.9605126640288999,0.03200000000000003,True
5.405493,3,71.460627,0.9594669133703267,0.02400000000000002,True
5.53597,5,71.471915,0.9656634192738138,0.040000000000000036,True
5.672533,3,71.479973,0.9651080662316864,0.02400000000000002,True
5.495237,3,71.486519,0.9589060671278038,0.02400000000000002,True
5.583655,5,71.498493,0.9607777337445674,0.040000000000000036,True
5.666219,3,71.505825,0.9578565426535276,0.02400000000000002,True
5.703214,4,71.515491,0.9635992924168253,0.03200000000000003,True
5.680099,3,71.52346,0.9636115952251552,0.02400000000000002,True
5.759314,5,71.536687,0.957347402737968,0.040000000000000036,True
5.839179,4,71.548149,0.9635511704148518,0.03200000000000003,True
5.827329,5,71.561139,0.960675365729247,0.040000000000000036,True
6.007475,4,71.57103,0.9625814805072999,0.03200000000000003,True
5.898182,4,71.581091,0.9601349356209419,0.03200000000000003,True
5.774042,4,71.590841,0.9593585708838218,0.03200000000000003,True
5.60643,4,71.601393,0.960641254076354,0.03200000000000003,True
5.734561,5,71.613757,0.9609606993373697,0.040000000000000036,True
5.598957,5,71.625588,0.9615785310813232,0.040000000000000036,True
5.553838,4,72.14055,0.9593275096913823,0.03200000000000003,True
5.699084,4,72.15003,0.9596337203989822,0.03200000000000003,True
5.632141,3,72.156986,0.9580249487063135,0.02400000000000002,True
5.668656,4,72.166172,0.9610892156161587,0.03200000000000003,True
5.704256,3,72.174124,0.96056218576724,0.02400000000000002,True
5.872661,5,72.188693,0.96305059301547,0.040000000000000036,True
5.661245,3,72.198746,0.9630433810476282,0.02400000000000002,True
5.635795,4,72.212505,0.9669581201794335,0.03200000000000003,True
5.634333,5,72.226268,0.9645101947657574,0.040000000000000036,True
5.775488,4,72.235325,0.963088515240622,0.03200000000000003,True
5.780657,3,72.243242,0.9595956535526837,0.02400000000000002,True
5.661224,3,72.250956,0.9586547778452785,0.02400000000000002,True
5.811039,4,72.260789,0.9565307951837427,0.03200000000000003,True
5.702832,4,72.269998,0.9600566873242865,0.03200000000000003,True
5.546976,4,72.27965,0.9596229604792128,0.03200000000000003,True
5.579629,5,72.291793,0.9702417647725714,0.040000000000000036,True
5.633784,5,72.30479,0.9622760585271015,0.040000000000000036,True
5.483414,4,72.313723,0.9608502150457743,0.03200000000000003,True
5.81698,4,72.322922,0.9614445002856296,0.03200000000000003,True
5.770208,2,72.32838,0.9593940686348547,0.016000000000000014,True
5.469317,4,72.337188,0.9616572801902045,0.03200000000000003,True
5.673246,4,72.346512,0.9569835321167771,0.03200000000000003,True
5.600402,4,72.355672,0.9620439650976047,0.03200000000000003,True
5.642544,4,72.3649,0.95971020720191,0.03200000000000003,True
5.853627,4,72.374388,0.9606605699991355,0.03200000000000003,True
5.577179,5,72.38721,0.9625612778203478,0.040000000000000036,True
5.782762,3,72.395569,0.9621478470465101,0.02400000000000002,True
5.569712,3,72.402061,0.9604576243090234,0.02400000000000002,True
5.504099,5,72.415344,0.9648335676785392,0.040000000000000036,True
5.554773,4,72.425313,0.9574464858029582,0.03200000000000003,True
5.512396,4,72.434829,0.965356027863943,0.03200000000000003,True
5.482483,4,72.444559,0.9594792468124028,0.03200000000000003,True
5.60747,5,72.456312,0.9597867487051418,0.040000000000000036,True
5.887994,4,72.465725,0.9646727374621741,0.03200000000000003,True
5.883572,3,72.473127,0.9663792007564156,0.02400000000000002,True
5.494556,3,72.480556,0.9624150948204395,0.02400000000000002,True
5.490537,3,72.487776,0.9575867892558114,0.02400000000000002,True
5.452076,3,72.495875,0.9582886734139618,0.02400000000000002,True
5.591658,4,72.505908,0.9660339463840113,0.03200000000000003,True
5.494533,4,72.515181,0.9572310573592967,0.03200000000000003,True
5.537446,4,72.524165,0.9601425131913883,0.03200000000000003,True
5.756074,4,72.534049,0.9644316591544737,0.03200000000000003,True
5.588604,4,72.546067,0.9629700733607046,0.03200000000000003,True
5.572672,3,72.55427,0.9640089869186683,0.02400000000000002,True
5.552722,4,72.564229,0.9618104274345951,0.03200000000000003,True
5.760021,5,72.575506,0.9610108514562656,0.040000000000000036,True
5.779905,5,72.587533,0.9615514044433364,0.040000000000000036,True
5.7674,3,72.595248,0.9585208045092074,0.02400000000000002,True
5.816895,4,72.605034,0.9610673510336702,0.03200000000000003,True
5.470217,4,72.614907,0.9614244114246802,0.03200000000000003,True
5.710424,3,72.622276,0.9569928644618152,0.02400000000000002,True
5.625163,4,72.632305,0.958421940362574,0.03200000000000003,True
5.55271,3,72.639636,0.9603723916914585,0.02400000000000002,True
5.674335,5,72.651046,0.9619140987527023,0.040000000000000036,True
5.603133,4,72.661064,0.9578206577204597,0.03200000000000003,True
5.83804,3,72.668608,0.9584835283806399,0.02400000000000002,True
5.424982,4,72.678008,0.9596301813830197,0.03200000000000003,True
5.746502,4,72.686403,0.9573155752103504,0.03200000000000003,True
5.743583,5,72.697868,0.9590394279870255,0.040000000000000036,True
5.823582,4,72.706944,0.9636210980880857,0.03200000000000003,True
5.507264,5,72.718174,0.9581336155724862,0.040000000000000036,True
5.768433,4,72.728165,0.9609988223050766,0.03200000000000003,True
5.81701,4,72.73682,0.9597164606856639,0.03200000000000003,True
5.747021,4,72.746142,0.9599853932415157,0.03200000000000003,True
5.573638,4,72.754983,0.9666293739987614,0.03200000000000003,True
5.487883,4,73.290874,0.9605471836416848,0.03200000000000003,True
5.615355,2,73.295959,0.9610276272767835,0.016000000000000014,True
5.804111,3,73.304596,0.9624196025178603,0.02400000000000002,True
5.665329,3,73.311918,0.9590735199464793,0.02400000000000002,True
5.764925,4,73.321463,0.9622162628220531,0.03200000000000003,True
5.613415,4,73.330324,0.9606537669308887,0.03200000000000003,True
5.769031,4,73.339856,0.9609590370743971,0.03200000000000003,True
5.768221,4,73.349689,0.9613576223728013,0.03200000000000003,True
5.816422,5,73.360198,0.9635212853429405,0.040000000000000036,True
5.878885,5,73.371814,0.9564690218267555,0.040000000000000036,True
5.833389,5,73.382889,0.9570325924791555,0.040000000000000036,True
5.476359,4,73.392949,0.9597387758843449,0.03200000000000003,True
5.448388,4,73.403596,0.962824425671803,0.03200000000000003,True
5.775442,3,73.410662,0.9592006193956869,0.02400000000000002,True
5.620077,5,73.423261,0.9600129658749006,0.040000000000000036,True
5.606496,3,73.43109,0.9650664263852062,0.02400000000000002,True
5.548295,5,73.441832,0.9603724568037595,0.040000000000000036,True
5.865559,4,73.450931,0.9559163807352881,0.03200000000000003,True
5.593749,4,73.461892,0.9611440315542275,0.03200000000000003,True
5.542903,3,73.46902,0.9576650521441417,0.02400000000000002,True
5.652371,3,73.47601,0.9608405855136584,0.02400000000000002,True
5.793633,4,73.485038,0.9631227171534719,0.03200000000000003,True
5.734039,3,73.492874,0.9614092290725609,0.02400000000000002,True
5.444659,2,73.498483,0.9647970647314374,0.016000000000000014,True
5.836479,5,73.509944,0.9600102781162121,0.040000000000000036,True
5.674303,3,73.51696,0.9603768375927559,0.02400000000000002,True
5.749118,4,73.52603,0.9651583985115338,0.03200000000000003,True
5.474341,5,73.538711,0.9573373868446138,0.040000000000000036,True
5.692646,3,73.545033,0.9586763401326825,0.02400000000000002,True
5.662677,3,73.554739,0.9632663947539953,0.02400000000000002,True
5.518231,5,73.567174,0.9578696211892965,0.040000000000000036,True
5.754103,5,73.579006,0.9607076738557297,0.040000000000000036,True
5.42016,3,73.586374,0.9612751736718752,0.02400000000000002,True
5.781331,4,73.595381,0.9586172670950437,0.03200000000000003,True
5.789512,4,73.605146,0.9583886515262425,0.03200000000000003,True
5.57481,4,73.613938,0.96091122989135,0.03200000000000003,True
5.595749,3,73.620618,0.9635391094697099,0.02400000000000002,True
5.712982,3,73.627598,0.9656256538742155,0.02400000000000002,True
5.597057,4,73.636266,0.9624568505885337,0.03200000000000003,True
5.556347,4,73.646326,0.9597866170865168,0.03200000000000003,True
5.598215,4,73.727885,0.9573889151661564,0.03200000000000003,True
5.602816,3,73.734811,0.9614188185416241,0.02400000000000002,True
5.521202,5,73.746063,0.9595884559404758,0.040000000000000036,True
5.536518,4,73.755004,0.9631022055756236,0.03200000000000003,True
5.566556,3,73.762208,0.9603401881682808,0.02400000000000002,True
5.791846,4,73.770952,0.9588850200413659,0.03200000000000003,True
5.614573,3,73.778411,0.9634591062841731,0.02400000000000002,True
5.637709,4,73.787529,0.9615355597531077,0.03200000000000003,True
6.071917,4,73.795577,0.9616187169552451,0.03200000000000003,True
5.710126,3,73.802093,0.9641807052797645,0.02400000000000002,True
5.662381,3,73.808873,0.961890568505426,0.02400000000000002,True
5.629631,4,73.818073,0.9644898764319454,0.03200000000000003,True
5.775156,4,73.828032,0.9610521812512538,0.03200000000000003,True
5.855461,4,73.836938,0.9610189220124441,0.03200000000000003,True
5.997064,3,73.843074,0.9607613109471265,0.02400000000000002,True
5.725065,4,73.851624,0.9570042346611066,0.03200000000000003,True
5.439986,3,73.858471,0.9595402307150172,0.02400000000000002,True
5.671448,3,73.865197,0.9637780161858498,0.02400000000000002,True
5.575698,4,73.874383,0.9647626156892706,0.03200000000000003,True
5.777638,4,73.883273,0.9634775201335319,0.03200000000000003,True
6.0721,4,73.892281,0.9715738032371901,0.03200000000000003,True
5.65662,3,73.899023,0.9596049858423632,0.02400000000000002,True
5.872504,4,73.909361,0.9619817645034627,0.03200000000000003,True
5.837245,5,73.920701,0.9608789236824284,0.040000000000000036,True
5.774495,3,73.927695,0.958021474834415,0.02400000000000002,True
5.539191,4,73.93934,0.9573322118464953,0.03200000000000003,True
5.762706,3,73.948773,0.9608430371654416,0.02400000000000002,True
5.706524,4,73.958521,0.9627892729447706,0.03200000000000003,True
