#{"t_start": 1790489683.672548, "env_id": "None"}
r,l,t,coverage,mean_uncertainty,defects_found,miou,energy_used,success
-22.501379,146,1.353427,0.484375,0.7051986165973583,18,0.3579156230250219,1.0000000000000007,False
-27.271066,145,1.434933,0.65625,0.5851043117066601,14,0.2749046746487203,1.0000000000000007,False
-31.449968,145,1.500524,0.5,0.6625348635405894,8,0.2151821263825693,1.0000000000000009,False
-27.738925,146,1.577237,0.515625,0.6587098360615256,9,0.21694420451974597,1.0000000000000007,False
-46.597232,154,1.658514,0.359375,0.7725453211174833,9,0.19261603363007834,1.0000000000000009,False
-35.297438,145,1.729172,0.546875,0.6267326441564838,11,0.2660116803733834,1.0050000000000008,False
-36.812453,155,1.801554,0.453125,0.7143386705147541,4,0.13493272895492486,1.0050000000000008,False
-25.13535,157,1.874496,0.5703125,0.6267614699966902,17,0.44951740330699974,1.0000000000000007,False
-26.080353,149,1.939467,0.7265625,0.5167294380010428,18,0.3712827889725964,1.0050000000000008,False
-18.073024,141,2.001751,0.7109375,0.5305603003896977,15,0.3172423591530031,1.0000000000000007,False
-22.446173,152,2.069397,0.6015625,0.6019397205532803,15,0.36051566485566894,1.0000000000000009,False
-17.718616,150,2.144547,0.59375,0.6033599616738772,14,0.32473848378171105,1.0000000000000009,False
-19.336322,148,2.212081,0.4921875,0.6596786350818,10,0.2581164291741559,1.0050000000000008,False
-37.774579,155,2.288019,0.328125,0.7838369704642987,3,0.14877225984115972,1.0000000000000009,False
-17.451347,152,2.357474,0.8359375,0.42565809658438514,18,0.43633713292833554,1.0050000000000008,False
-46.641051,141,2.422611,0.2265625,0.8598461511647348,3,0.09441881804057309,1.0050000000000008,False
-35.179413,154,2.510287,0.484375,0.6802377454716403,11,0.2750729667803645,1.0000000000000007,False
-29.630408,152,2.586731,0.25,0.8167653782440093,5,0.11957329271499337,1.0000000000000007,False
-35.910161,143,2.651303,0.390625,0.7413958071950761,5,0.1571269976076587,1.0000000000000009,False
-32.456648,144,2.714469,0.4609375,0.7026700205427745,8,0.25862783095979347,1.0000000000000007,False
-31.773425,148,2.784519,0.390625,0.7122803260876565,8,0.2471745792145487,1.0000000000000009,False
-13.23662,153,2.852485,0.7109375,0.5155476955760525,12,0.24988982889599778,1.0000000000000009,False
-22.740681,154,2.919663,0.390625,0.7254052997499127,10,0.2165990176223954,1.0000000000000009,False
-29.689388,144,2.983069,0.3515625,0.7482514892969045,7,0.19797092794299534,1.0000000000000009,False
-20.91495,153,3.052651,0.7890625,0.5045149059244841,19,0.44581773727455054,1.0000000000000009,False
-15.155905,156,3.125764,0.7265625,0.5098577508534603,14,0.3237767721725341,1.0000000000000007,False
-27.608749,159,3.196325,0.4375,0.703714440645028,8,0.22283488050808284,1.0050000000000008,False
-25.9623,155,3.267456,0.6953125,0.5259979588011428,12,0.3228140823952494,1.0000000000000009,False
-29.865378,155,3.342287,0.546875,0.654629428345773,13,0.25754336788787635,1.0000000000000009,False
-19.384867,155,3.416425,0.421875,0.6810640724322208,9,0.22532004347766738,1.0000000000000009,False
-15.734488,149,3.50458,0.6328125,0.606235693798368,14,0.3374818117596031,1.0000000000000009,False
-26.42901,148,3.608792,0.625,0.5614840733541091,16,0.32922664825174397,1.0000000000000009,False
-30.362216,150,3.72547,0.78125,0.5197439270164012,15,0.3349992602664119,1.0050000000000008,False
-41.558742,154,3.951828,0.5859375,0.6141869005289193,13,0.27721003059712684,1.0000000000000009,False
-12.963584,168,4.219036,0.9140625,0.45919184714441186,20,0.42482906782844065,1.0000000000000009,False
-2.013023,155,4.488477,0.875,0.4350608380521592,18,0.45099143628671545,1.0000000000000007,False
-0.319703,154,4.787342,0.9375,0.3939151156017786,19,0.3908424469445379,1.0000000000000009,False
-6.255403,156,5.042635,0.765625,0.500649116306217,17,0.4512855904578856,1.0000000000000007,False
2.417869,151,5.286875,0.9921875,0.3575131807415565,18,0.47685980345389295,1.0000000000000009,False
-0.629663,159,5.588869,0.8515625,0.4381575073005056,15,0.3674068627964483,1.0000000000000009,False
1.624608,156,5.892562,0.953125,0.3743782950695823,20,0.5298198788538346,1.0000000000000009,False
0.473569,145,6.172438,1.0,0.3592230226690757,20,0.5270785604080628,1.0000000000000009,False
1.117394,158,6.393536,1.0,0.3635198803108387,17,0.47190702631462705,1.0000000000000009,False
1.861347,163,6.630854,1.0,0.3712984164487554,22,0.5156164325694037,1.0000000000000009,False
2.159685,156,6.852971,1.0,0.36879084687443836,18,0.4635681983410215,1.0000000000000009,False
0.078676,158,7.063113,1.0,0.3986426530995034,18,0.4549288116997504,1.0050000000000008,False
-10.326303,165,7.286041,1.0,0.3836815853583983,17,0.47921232846717626,1.0000000000000009,False
-5.46962,172,7.529268,1.0,0.3920610771322452,18,0.4885091075708882,1.0050000000000008,False
3.948172,159,7.779029,1.0,0.3848161049181269,23,0.4878324872168788,1.0000000000000009,False
0.042271,163,7.99909,1.0,0.370581249251006,21,0.46424106434932294,1.0000000000000007,False
-3.129797,166,8.223392,0.953125,0.42843077661411666,19,0.41768718214542055,1.0000000000000009,False
-3.680178,167,8.462481,0.9765625,0.3941806795150773,19,0.47714967676989156,1.0050000000000008,False
15.103354,145,8.665106,1.0,0.3199192849985599,17,0.55036576514476,0.9600000000000007,True
1.819631,162,8.913054,1.0,0.3563748332858552,20,0.5351929467999917,1.0000000000000009,False
-4.727423,152,9.11937,0.9765625,0.3939094588955642,18,0.4466032374529172,1.0000000000000009,False
5.591624,158,9.344367,1.0,0.3247503681868864,19,0.4697723937019147,1.0050000000000008,False
8.228779,159,9.585853,0.9921875,0.3179183940442972,20,0.47573038915895016,0.9350000000000008,True
0.110181,163,9.846754,1.0,0.34345836249475625,22,0.5075095203855321,1.0000000000000009,False
2.723028,158,10.056812,1.0,0.3274360713223806,21,0.5333455341677585,1.0000000000000009,False
-1.913903,154,10.276857,1.0,0.3447013753113379,18,0.5301568263434668,1.0000000000000009,False
-2.255647,170,10.516763,1.0,0.32837207102044114,20,0.48208712461442577,1.0000000000000009,False
16.205434,146,10.733252,1.0,0.3175860405728356,20,0.5442685946799086,0.9100000000000008,True
2.33011,166,10.965706,0.9921875,0.32724854709825046,23,0.5304019115161286,1.0000000000000007,False
4.310877,159,11.180724,1.0,0.3336548377783509,21,0.5452028842330454,1.0000000000000009,False
19.532837,160,12.74418,1.0,0.31939039196013896,19,0.5432073664689173,0.9900000000000008,True
-0.312558,159,12.99043,1.0,0.367018872640535,22,0.5029660689324216,1.0000000000000009,False
2.833438,172,13.234832,1.0,0.339529082318322,24,0.5838580327933994,1.0000000000000009,False
19.396792,165,13.472843,1.0,0.3192049030476904,19,0.498181491113879,1.0000000000000009,True
19.800969,150,13.701428,1.0,0.31895525845420986,23,0.5350278717498601,0.8700000000000008,True
15.296942,154,13.933327,1.0,0.319955091857236,23,0.5408872017155955,0.9400000000000008,True
18.860722,166,14.164709,1.0,0.3189123636599488,22,0.5675619031260352,0.9550000000000008,True
3.581312,154,14.388087,1.0,0.3447446651384929,20,0.5279716577743195,1.0000000000000009,False
-1.443301,166,14.630829,0.9921875,0.34351083256136594,23,0.5187176059558388,1.0000000000000009,False
1.097313,176,14.894423,1.0,0.34397434572080654,20,0.48808999342543335,1.0000000000000009,False
25.695829,124,15.070692,1.0,0.31962462089084537,20,0.5346502228782436,0.7100000000000006,True
23.647007,139,15.277002,1.0,0.31865163937669255,21,0.5356829451346518,0.7850000000000007,True
24.562124,141,15.482736,0.984375,0.3199079001786169,22,0.5476662778665347,0.8250000000000007,True
6.301651,169,15.735486,0.9921875,0.3286865844188348,20,0.5148890904880242,1.0000000000000007,False
6.039655,173,16.002588,0.9921875,0.32740381183436723,20,0.5310689135568577,1.0000000000000007,False
6.221495,177,16.326185,0.984375,0.32421734080756337,20,0.5298879218177065,1.0000000000000009,False
21.035969,152,16.636565,0.984375,0.3195019151803277,23,0.5732334827580621,0.8400000000000007,True
22.374813,135,16.881229,1.0,0.31881733792315614,21,0.5062388343226819,0.7750000000000007,True
10.436101,176,17.234862,1.0,0.3242278190596508,26,0.5948854358394797,1.0000000000000007,False
26.334666,140,17.514205,0.984375,0.3196547706933436,21,0.5284990055000686,0.7700000000000007,True
3.651629,180,17.859477,0.9921875,0.33426525687521047,23,0.5362084156049586,1.0000000000000009,False
5.016674,188,18.252908,0.9921875,0.39208854241495794,17,0.44315982729022557,1.0000000000000009,False
6.149329,179,18.660255,1.0,0.32219333023866753,21,0.5282172014101246,1.0000000000000009,False
3.710836,128,18.890751,0.859375,0.524766264015245,16,0.3609677252959855,1.0000000000000007,False
7.729204,144,19.108134,1.0,0.33920133509981537,16,0.5101662953387897,1.0050000000000008,False
25.430768,138,19.304075,1.0,0.31998998585356014,19,0.5282006181839392,0.7600000000000007,True
22.066857,147,19.516842,1.0,0.31649369406561056,19,0.5257361108574019,0.8400000000000007,True
6.286387,160,19.749885,0.9765625,0.3887380197288689,21,0.4906680486569381,1.0050000000000008,False
25.669718,144,19.967931,0.9921875,0.31861253159889025,23,0.547316955039392,0.7750000000000007,True
31.487414,110,20.148454,1.0,0.3181785682590669,21,0.5555631200933958,0.6050000000000005,True
6.510853,155,20.378449,0.9375,0.43707019947828885,22,0.4743431389557745,1.0000000000000009,False
24.84775,149,20.614881,0.9921875,0.3179621766106636,25,0.5279079062557223,0.8500000000000008,True
8.655782,172,20.89913,0.984375,0.32387347743891687,20,0.5582253502412876,1.0000000000000009,False
8.845657,183,21.186882,0.9921875,0.32967576799750864,21,0.5108490666216761,1.0000000000000009,False
28.496079,133,21.383108,0.9765625,0.31840998957118194,21,0.5396569193338892,0.7000000000000006,True
30.948403,128,21.570837,0.9765625,0.3190597623791092,19,0.559966846505519,0.6700000000000006,True
27.432884,149,21.807755,0.9921875,0.3183707164854461,22,0.6024245250662108,0.7750000000000007,True
4.267747,124,21.987793,0.921875,0.47743376456431924,14,0.386971925367305,1.0050000000000008,False
6.801216,189,22.276083,0.953125,0.3722139974496095,18,0.44562941548256013,1.0000000000000009,False
8.449998,191,22.562752,1.0,0.3219578562024662,21,0.5554763124099211,1.0000000000000009,False
27.127985,146,22.791256,0.9921875,0.319296067411148,22,0.5533835082100577,0.7800000000000007,True
2.80425,191,23.0689,0.96875,0.4150477914508973,21,0.4688926820294773,1.0000000000000009,False
21.212234,182,23.338484,0.984375,0.3187647099051518,17,0.4998195878194206,0.9450000000000008,True
31.508885,118,23.509469,0.9921875,0.31882806362359184,21,0.5379929798186829,0.6300000000000006,True
25.712797,149,23.737084,0.984375,0.31903875251679503,24,0.5687601239325659,0.7800000000000007,True
30.394278,119,23.91139,0.96875,0.3183592894399895,17,0.5533397228346568,0.6400000000000006,True
24.266407,154,24.132585,1.0,0.3187384381794477,20,0.5051720739039399,0.8250000000000007,True
15.483869,185,24.416423,0.9765625,0.31801404822823015,21,0.5510117633120992,0.9900000000000008,True
7.310506,193,24.711815,0.9765625,0.37334572102405794,17,0.4679239051442492,1.0000000000000009,False
6.131338,189,24.986888,0.9921875,0.39043530072221777,19,0.48611557628001145,1.0000000000000009,False
33.365293,109,25.147682,0.9765625,0.3185685220890837,22,0.5576506181967745,0.5750000000000005,True
33.766002,106,25.322311,0.9921875,0.31743931306542966,21,0.5474193299776273,0.5700000000000005,True
22.348976,161,25.562607,0.9765625,0.31816764984360774,20,0.5561980128330236,0.9150000000000008,True
5.40578,188,25.847882,0.9453125,0.3614452796302938,20,0.5183436294124852,1.0000000000000009,False
31.921966,108,26.00541,1.0,0.31836989652310466,22,0.5241912486523883,0.5950000000000005,True
28.277068,130,26.196375,0.9921875,0.31947126024889494,21,0.5397976333862804,0.7050000000000006,True
7.17683,158,26.447879,0.9609375,0.35341022078471473,21,0.4790463481543821,1.0050000000000008,False
29.591922,114,26.61608,0.96875,0.31889009950842534,24,0.5734227869573372,0.6150000000000005,True
33.320522,105,26.769412,0.9609375,0.31764354392337807,22,0.5010905678296758,0.5450000000000005,True
30.831304,110,26.921991,1.0,0.3196072735836111,24,0.5784366102380789,0.5950000000000005,True
31.41602,101,27.064217,0.96875,0.3182763319487464,25,0.5848105539166737,0.5850000000000005,True
4.183788,179,27.321958,0.9453125,0.4416669764966155,15,0.3991652921965103,1.0000000000000009,False
31.591156,106,27.475106,0.984375,0.3175424783436915,22,0.5012480305767819,0.5700000000000005,True
23.717051,153,27.710536,0.9765625,0.3180104943724567,20,0.4757826010526269,0.8100000000000007,True
22.280095,169,27.955621,1.0,0.3188214482446752,23,0.5304819948722475,0.8750000000000008,True
24.722514,161,28.185121,0.984375,0.31790753780433734,23,0.5580870161453563,0.8350000000000007,True
33.45389,102,28.330492,0.9921875,0.31513733160394003,21,0.533766547528543,0.5450000000000005,True
33.411433,110,29.882438,0.984375,0.3198914039849886,25,0.553040335411664,0.5800000000000005,True
25.503299,145,30.173863,0.9921875,0.31791533129859695,22,0.567854789789817,0.8000000000000007,True
24.863475,160,30.490846,0.96875,0.31879889032358977,22,0.5697460990334613,0.8600000000000008,True
25.389786,150,30.83866,1.0,0.31914072024703993,24,0.582459811945103,0.8500000000000008,True
9.15087,167,31.220482,0.96875,0.35654075547487263,22,0.5159209406010667,1.0000000000000009,False
28.323554,133,31.517732,0.984375,0.31973780100289717,23,0.5632178641448868,0.7250000000000006,True
28.606853,133,31.738928,1.0,0.3186395698084998,18,0.5441292917401312,0.7100000000000006,True
30.714769,112,31.904094,1.0,0.3188340599159638,24,0.5588548138235367,0.6250000000000006,True
30.677231,113,32.067262,0.9921875,0.3177632194392894,20,0.5302462342912986,0.6350000000000006,True
32.541002,96,32.204763,1.0,0.31922568750189284,20,0.5377288454979051,0.5400000000000005,True
26.799476,134,32.395896,0.984375,0.3171358389945647,21,0.5264453866577353,0.7100000000000006,True
33.555072,103,32.550944,0.9921875,0.31976966801055834,22,0.5377661104594695,0.5750000000000005,True
34.886393,95,32.705009,0.9921875,0.3192701984502725,20,0.5339495016039252,0.5250000000000005,True
33.352286,90,32.836031,1.0,0.319202033884173,21,0.5515451180020678,0.49000000000000044,True
22.734052,153,33.055415,0.9765625,0.31948586775508125,25,0.5903565398224769,0.8050000000000007,True
32.796212,110,33.207131,1.0,0.31757224129291944,24,0.5617351964008475,0.6000000000000005,True
31.35879,110,33.36527,0.9765625,0.31684871587912433,19,0.5014181346258204,0.6000000000000005,True
33.11861,93,33.494828,1.0,0.31840596004827526,19,0.5692982269528369,0.5150000000000005,True
27.712909,130,33.690358,0.9921875,0.3186258933149759,21,0.5474644708329125,0.7800000000000007,True
31.031792,109,33.857735,0.9609375,0.31938758083471813,20,0.5136267766194733,0.5850000000000005,True
36.319921,83,33.972697,0.984375,0.3190111878319589,20,0.5623880377068802,0.4650000000000004,True
34.732731,97,34.116819,0.9765625,0.31779731474593176,25,0.5541657358237086,0.5250000000000005,True
33.067958,107,34.271327,0.984375,0.3187263825320449,22,0.513891541867004,0.5750000000000005,True
32.912443,94,34.415472,0.9921875,0.31755621466489675,24,0.5677980923039435,0.5300000000000005,True
33.030615,110,34.578246,0.9765625,0.31455245345845684,25,0.5799044207276182,0.5900000000000005,True
0.325645,185,34.874955,0.875,0.4831741884398815,16,0.42673476337079147,1.0000000000000009,False
31.616198,114,35.037391,0.9921875,0.3196166787446042,22,0.5593294511005559,0.6200000000000006,True
25.349782,149,35.257576,0.984375,0.3187528583583723,17,0.5465635540123913,0.8000000000000007,True
32.313126,108,35.415542,0.96875,0.31811892107419226,24,0.576400896597612,0.5600000000000005,True
32.593268,99,35.561502,0.9921875,0.3193042316293083,23,0.5761718215935029,0.5650000000000005,True
32.029672,111,35.742831,0.984375,0.3171881355427025,23,0.523583557043425,0.6050000000000005,True
32.223427,101,35.899837,1.0,0.3191009522973964,22,0.5491188093790467,0.6050000000000005,True
34.731082,95,36.044875,1.0,0.3196339399468264,22,0.5881935762667805,0.5250000000000005,True
31.434713,119,36.211734,0.9765625,0.3193682631339968,23,0.5178325384663144,0.6150000000000005,True
31.725061,104,36.359689,0.984375,0.3195870731494052,21,0.5354789455733111,0.5600000000000005,True
24.366427,147,36.574245,1.0,0.31998467331552116,22,0.5427911756326556,0.8500000000000008,True
30.911136,114,36.76117,0.9921875,0.31855509162342865,22,0.5867794226011157,0.6050000000000005,True
27.231644,124,36.938575,0.984375,0.31894935489037457,21,0.568134671990615,0.7300000000000006,True
27.484762,115,37.106713,0.9921875,0.31764611343023685,24,0.5467479405677044,0.7300000000000006,True
33.126958,96,37.241969,0.9921875,0.31878244698168456,21,0.5423605339525341,0.5150000000000005,True
33.966395,99,37.384413,1.0,0.3199046621392616,23,0.5778777045202844,0.5450000000000005,True
23.688856,155,37.612821,0.9921875,0.3188047604613775,23,0.5394016046240954,0.8650000000000008,True
10.975446,168,37.896242,0.921875,0.34369882120089956,21,0.5370618245703219,1.0000000000000007,False
24.802051,128,38.08085,1.0,0.3195430740365337,22,0.5544211372333558,0.8300000000000007,True
34.374376,101,38.228947,1.0,0.3194220676586955,24,0.6012465471914311,0.5450000000000005,True
29.682514,118,38.401314,1.0,0.31997284136488824,21,0.5510514115074826,0.6450000000000006,True
26.643959,124,38.584136,0.9765625,0.31740750741213863,21,0.5177562657090704,0.7050000000000006,True
24.169589,156,38.824124,0.984375,0.31883899490576323,21,0.5368482220853463,0.8400000000000007,True
33.231452,100,38.963784,0.984375,0.3186815528545026,21,0.5550467589941889,0.5600000000000005,True
30.696413,113,39.126102,1.0,0.31900540232896957,23,0.5505971986072186,0.6850000000000006,True
33.821813,94,39.267371,1.0,0.31908343430807207,21,0.5195270374442107,0.5250000000000005,True
33.806,102,39.418889,0.9921875,0.31927639296430976,19,0.5458266264249999,0.5600000000000005,True
33.567591,100,39.583216,1.0,0.31884001639528925,21,0.4716703972019817,0.5250000000000005,True
28.711831,110,39.750262,0.9921875,0.31960617345706144,22,0.5030142253174211,0.7000000000000006,True
34.705608,96,39.905408,1.0,0.3192991121056558,22,0.551139190874008,0.5300000000000005,True
33.023505,101,40.05712,0.9765625,0.31954827942333336,21,0.5061031327442318,0.5600000000000005,True
31.454218,111,40.226125,1.0,0.3194666778641928,23,0.5421808608731943,0.6350000000000006,True
33.418483,100,40.38307,1.0,0.31956196246338264,23,0.5754240399781594,0.5350000000000005,True
23.881622,128,40.575994,0.9921875,0.3195988606615433,21,0.5379437810959696,0.9500000000000008,True
25.422615,149,40.804687,1.0,0.31938480923091195,23,0.5534751919949974,0.8000000000000007,True
33.603315,103,40.966334,1.0,0.31948719323159125,22,0.5767560930372975,0.5750000000000005,True
33.677434,103,41.123594,0.984375,0.3199517012634829,21,0.5377786512689491,0.5650000000000005,True
30.334294,114,41.288132,0.9765625,0.3195652856841016,20,0.5307664950805397,0.6350000000000006,True
31.484297,111,41.468962,1.0,0.3196631324031189,22,0.5207064221295467,0.6000000000000005,True
17.661486,178,41.848419,0.984375,0.3194723621441395,20,0.5466746360501191,0.9400000000000008,True
24.293568,158,42.177207,1.0,0.31997138997468333,22,0.5545883245402852,0.8500000000000008,True
36.287207,86,42.343268,0.9921875,0.3167696470900087,24,0.5360673777558889,0.4700000000000004,True
35.894084,83,42.527991,1.0,0.3186821388800066,21,0.5392215615116515,0.4350000000000004,True
30.650734,112,42.753046,1.0,0.3189492974763717,23,0.5344097221471197,0.6150000000000005,True
29.627736,113,42.977393,0.953125,0.3186136482535944,21,0.534934012207933,0.6000000000000005,True
32.809618,95,43.156245,1.0,0.3176725569647919,24,0.5645631602803651,0.5150000000000005,True
32.62956,115,43.401682,0.9765625,0.31693223639067514,25,0.5608968905809045,0.5850000000000005,True
24.254709,157,43.743954,0.9609375,0.3179413610168398,20,0.5339375710517661,0.8250000000000007,True
8.490848,164,44.10203,0.9921875,0.3658836704189984,21,0.4871263036500987,1.0000000000000009,False
22.949853,170,44.34794,0.9609375,0.31910638997863233,21,0.5531569393202282,0.9000000000000008,True
34.242359,89,44.479299,0.9921875,0.31743885421272705,20,0.5038948364312406,0.5100000000000005,True
31.076088,113,44.646013,0.96875,0.3158588675863879,20,0.512953195346718,0.6200000000000006,True
31.135078,109,44.810206,1.0,0.3182389067346755,24,0.5502432981093117,0.6050000000000005,True
23.478177,146,45.02045,0.9765625,0.31919236124331185,22,0.5378818519312363,0.8850000000000008,True
33.753519,93,45.168833,1.0,0.3197311691893404,22,0.5253875164586128,0.5150000000000005,True
33.373268,102,45.318588,0.9765625,0.31939665629726677,20,0.541936202017198,0.5900000000000005,True
32.524587,99,45.467779,0.9921875,0.31582960531221,25,0.5550218335444298,0.6250000000000006,True
29.801929,100,45.618222,0.96875,0.319394673308252,21,0.5541337214550406,0.5650000000000005,True
33.99302,91,45.751264,1.0,0.31974680115665394,22,0.5264330241568389,0.5450000000000005,True
35.327271,90,45.88653,1.0,0.31835598260295084,21,0.5465564645924001,0.5100000000000005,True
34.049869,102,47.03857,0.9921875,0.319831940995175,24,0.5772265007163616,0.5500000000000005,True
27.503819,132,47.248431,0.96875,0.3148965231679529,23,0.5739176991724053,0.7550000000000007,True
29.415789,115,47.423195,0.984375,0.31773345632869665,23,0.5646959907103251,0.6850000000000006,True
35.07498,83,47.54792,1.0,0.31875787044132226,22,0.5362476173556715,0.4700000000000004,True
31.58268,105,47.716743,0.9921875,0.3179314793657303,24,0.5576219261603875,0.5850000000000005,True
34.670641,99,47.863542,1.0,0.31912643345283465,25,0.5653517603403286,0.5350000000000005,True
25.885673,129,48.05178,1.0,0.31924096472039565,22,0.5385784565456044,0.8150000000000007,True
31.841669,109,48.223717,0.984375,0.3173510450347877,22,0.5421384707301775,0.6450000000000006,True
30.573557,111,48.395523,0.9921875,0.3172496703615436,21,0.5883688658025893,0.6500000000000006,True
33.726498,91,48.530052,1.0,0.3176623880850513,23,0.5710603975588288,0.5300000000000005,True
33.094433,102,48.685449,0.9921875,0.31822275452349863,23,0.5760557007434999,0.5800000000000005,True
32.070174,96,48.828147,1.0,0.3195233484431657,21,0.5742332017123837,0.5500000000000005,True
34.547103,94,48.964818,1.0,0.3184774619227407,25,0.5403577268105924,0.5100000000000005,True
22.731117,140,49.185191,1.0,0.3190581022856598,20,0.5541653295692491,0.9450000000000008,True
34.210353,93,49.32883,0.96875,0.3169275481827055,20,0.5044160001972249,0.5350000000000005,True
35.544114,82,49.454497,0.9921875,0.3198556147688403,20,0.5595702003166962,0.5000000000000004,True
30.463711,109,49.620218,0.9765625,0.3199718602263495,23,0.5747542587632842,0.6500000000000006,True
35.467143,88,49.75426,1.0,0.3196301867245759,22,0.5317146783538356,0.5000000000000004,True
31.333267,107,49.919358,1.0,0.318907239702621,20,0.5612528213723886,0.6000000000000005,True
29.433884,121,50.101634,1.0,0.31894256455788755,22,0.5382056569757531,0.6650000000000006,True
23.837033,132,50.313818,1.0,0.3184536521758636,24,0.5255683566419692,0.8950000000000008,True
23.243456,154,50.549457,0.9765625,0.318703651672925,21,0.5296320593148361,0.8100000000000007,True
35.087978,85,50.684309,1.0,0.319775373274123,23,0.5550860222005014,0.49500000000000044,True
27.390858,118,50.869426,0.96875,0.3141155198290207,23,0.5507425670496018,0.6750000000000006,True
36.681699,81,50.992889,1.0,0.3197150219814078,20,0.5220502601776104,0.4350000000000004,True
27.132241,131,51.182734,0.9765625,0.319750494954232,23,0.5324577234720529,0.7300000000000006,True
35.595999,86,51.325389,1.0,0.3196880545120102,20,0.5173902931271718,0.49000000000000044,True
35.989464,86,51.470061,0.9921875,0.3184936018606568,20,0.5290174380948244,0.4700000000000004,True
34.4058,92,51.612385,1.0,0.31743355887826896,24,0.5548039508409709,0.5400000000000005,True
30.884455,92,51.744956,1.0,0.3190173938844272,24,0.532984197638962,0.5150000000000005,True
33.602685,101,51.917592,0.984375,0.31970891556116093,22,0.5893134563352882,0.5650000000000005,True
30.147254,115,52.086411,1.0,0.31885009258072705,21,0.560678790670967,0.6300000000000006,True
35.637786,92,52.225896,0.9609375,0.31538682133948087,22,0.5308535488854595,0.49000000000000044,True
35.013364,85,52.363879,0.9921875,0.3187552531063707,23,0.5323872563022687,0.4700000000000004,True
36.56572,82,52.486012,1.0,0.31871042678367867,18,0.5365185020568115,0.4500000000000004,True
35.696105,78,52.611366,1.0,0.31908209674197674,22,0.537600824331527,0.4450000000000004,True
35.48774,87,52.741944,1.0,0.31962722408445404,24,0.540675227285593,0.49500000000000044,True
37.311772,77,52.853086,0.9765625,0.3195566759951326,20,0.5387869016846442,0.41500000000000037,True
35.408323,87,52.97643,0.96875,0.3194363405336752,22,0.5484767083389157,0.4550000000000004,True
37.269563,78,53.086102,0.984375,0.31905862267644614,22,0.5421304845025268,0.4200000000000004,True
35.85445,87,53.210583,0.9921875,0.3192043913809659,23,0.5425385207005717,0.4750000000000004,True
36.080872,88,53.353044,0.9765625,0.3186455149587588,22,0.5483552228155124,0.4700000000000004,True
33.554155,95,53.488521,0.9765625,0.319894409065669,19,0.571649789958591,0.5150000000000005,True
34.677532,84,53.610998,0.9921875,0.3194690788371162,21,0.5336128168650772,0.49500000000000044,True
34.929313,97,53.748547,0.9921875,0.3186114055408732,24,0.5960390193336954,0.5150000000000005,True
32.507292,99,53.891474,1.0,0.31909451501375197,22,0.5467737920179379,0.5500000000000005,True
34.217145,89,54.021673,0.9921875,0.31858673118005465,20,0.5420887009202581,0.5100000000000005,True
36.554522,81,54.186374,0.984375,0.31954242439173913,23,0.534492375287952,0.4450000000000004,True
32.013855,115,54.427605,0.9921875,0.3187142568979915,23,0.5490011609681804,0.6050000000000005,True
35.972523,79,54.569617,1.0,0.31924401575120964,24,0.5496448075038406,0.4250000000000004,True
33.18765,90,54.726928,0.9765625,0.319991625238303,20,0.5586884577174851,0.5000000000000004,True
34.303759,92,54.909848,0.984375,0.31915891448031647,21,0.5382592067341987,0.48500000000000043,True
34.067434,84,55.091103,0.96875,0.3194341509969805,21,0.5482805223932341,0.4700000000000004,True
36.457072,84,55.258787,1.0,0.3195608475550692,21,0.5553078780515872,0.4600000000000004,True
36.933996,82,55.432952,0.9921875,0.318844923596654,20,0.49909660020756724,0.4400000000000004,True
28.609929,122,55.681382,0.9921875,0.3178988569488445,20,0.534863619115047,0.6650000000000006,True
34.059613,101,55.880185,0.9921875,0.3187261485232278,23,0.5547179507904862,0.5450000000000005,True
29.759312,120,56.128496,0.9765625,0.3178139098914623,21,0.5381165613790295,0.6650000000000006,True
30.905534,108,56.370784,0.9921875,0.31847788727736753,17,0.5571587940221443,0.5750000000000005,True
30.194595,93,56.585528,0.9921875,0.3191282760734113,23,0.5305940295892415,0.5450000000000005,True
36.681824,81,56.731718,0.9921875,0.3176270897192216,19,0.5046118693002181,0.4450000000000004,True
31.517974,113,56.906194,0.9765625,0.31748092018851964,20,0.4910344739097739,0.6000000000000005,True
32.487295,109,57.07257,1.0,0.3190288111957351,22,0.572474141168114,0.6050000000000005,True
33.057001,107,57.238977,0.984375,0.3154008510129621,22,0.5294457962859356,0.5850000000000005,True
33.591358,96,57.385116,1.0,0.31991796978675247,18,0.5184876195652011,0.5250000000000005,True
37.555292,77,57.503047,1.0,0.3179468634355076,25,0.5322049574306599,0.40500000000000036,True
33.024597,98,57.668635,0.9921875,0.3199323315722226,21,0.5480505818122646,0.6100000000000005,True
35.0622,93,57.809333,0.984375,0.3195755489678921,25,0.5621843215393653,0.5050000000000004,True
33.724217,94,57.942271,1.0,0.3185567654949541,21,0.5200837473970954,0.5150000000000005,True
37.38825,74,58.044554,0.9921875,0.3184881032403743,19,0.573308544295421,0.4200000000000004,True
34.727115,100,58.185641,0.984375,0.31761992522116606,24,0.5691569115626322,0.5200000000000005,True
34.450542,85,58.303501,1.0,0.31922399582834543,21,0.5494736033405705,0.4500000000000004,True
35.647448,90,58.432675,0.9765625,0.31766410379149834,19,0.5268092606027458,0.49000000000000044,True
36.973506,81,58.55848,0.984375,0.31892494382532854,23,0.5266752596072195,0.4250000000000004,True
31.847794,111,58.719301,0.96875,0.3193157568955074,24,0.5593600953882183,0.5900000000000005,True
36.098898,79,58.843092,0.9921875,0.3171410874074127,22,0.570528051911584,0.4200000000000004,True
32.816369,89,58.97214,1.0,0.31842714117622556,22,0.5316778437083468,0.5250000000000005,True
34.306141,100,59.111163,0.984375,0.3186172084578739,24,0.5217656584917439,0.5200000000000005,True
31.969307,114,59.271652,1.0,0.31936855218064575,23,0.5880289352724818,0.6000000000000005,True
32.371251,104,59.438677,0.984375,0.3192431709841691,18,0.543376075587511,0.5750000000000005,True
24.848981,134,59.65286,0.9609375,0.31945143539325116,22,0.5149679141676994,0.8900000000000008,True
34.243654,100,59.80168,1.0,0.31987410920392145,18,0.5457954233817464,0.5400000000000005,True
34.800985,89,59.935386,1.0,0.3188497186809126,20,0.5075301237901063,0.48500000000000043,True
34.476421,89,60.069865,0.96875,0.31890859824781753,23,0.5705670347047921,0.49000000000000044,True
29.96697,126,60.253136,0.953125,0.29587663981289913,22,0.529583785829423,0.7200000000000006,True
29.351882,115,60.428875,0.96875,0.3183480968728024,17,0.5107175324336579,0.6250000000000006,True
30.662789,113,60.606528,0.9921875,0.3190744901190668,24,0.5970707956068735,0.6300000000000006,True
36.143221,85,60.73933,0.9921875,0.31805829094441385,20,0.5285312811979318,0.4750000000000004,True
29.411042,128,60.954305,0.953125,0.3150204345227087,25,0.5697595870956699,0.6650000000000006,True
32.619198,121,61.135532,0.953125,0.29676374353684065,23,0.600141158342549,0.6350000000000006,True
35.174017,84,61.258675,0.9921875,0.3187605250836724,22,0.5226089762080384,0.4600000000000004,True
35.494226,91,61.398424,0.9921875,0.31650313767905747,20,0.5520231346580127,0.5050000000000004,True
30.749191,107,61.554003,0.984375,0.31969211747799336,23,0.5743082843472641,0.5950000000000005,True
17.640983,181,61.85805,0.984375,0.3186351498454787,20,0.5292831314893266,0.9450000000000008,True
36.824806,78,61.968263,1.0,0.31452992896634335,21,0.5572741576017879,0.4400000000000004,True
37.90697,76,62.076672,0.984375,0.3150300756425791,23,0.5469360222956757,0.40000000000000036,True
35.324054,86,62.217763,0.9921875,0.31705762561457573,24,0.5308511399559963,0.5000000000000004,True
32.502936,94,62.355788,0.9921875,0.3194528063015556,17,0.5315898158053531,0.5650000000000005,True
32.775732,95,62.48853,0.9765625,0.31976583236009026,22,0.5493749308051954,0.5600000000000005,True
35.636678,88,62.625345,0.9921875,0.31924417146809136,20,0.5356796383105832,0.49000000000000044,True
29.982916,107,62.789691,0.9921875,0.31790425390562227,20,0.5401228460260449,0.6700000000000006,True
37.61397,78,63.621315,0.984375,0.3155957098057417,22,0.5386922406969809,0.41000000000000036,True
22.736024,160,63.871351,0.953125,0.3154590662497284,24,0.5705761207463748,0.8550000000000008,True
37.054349,76,63.98157,1.0,0.3177918798046676,19,0.5357586981446242,0.4300000000000004,True
34.052068,94,64.120838,0.9609375,0.31876721615424636,22,0.5323108189385751,0.5600000000000005,True
35.031585,88,64.251981,0.9921875,0.31889407042690643,23,0.55576015744739,0.5100000000000005,True
34.343798,89,64.380574,0.9921875,0.31942956714301024,23,0.5864616123992654,0.5000000000000004,True
31.464349,113,64.555351,0.984375,0.3137583404314812,23,0.5671332440111099,0.6450000000000006,True
36.001362,83,64.676314,1.0,0.31867794074062084,20,0.5096730862890444,0.4750000000000004,True
7.565661,190,64.977097,0.953125,0.32668055929048184,23,0.5474944612523026,1.0000000000000009,False
29.790793,119,65.143936,0.953125,0.31951401269417146,20,0.547469553635342,0.6600000000000006,True
31.137201,107,65.290949,1.0,0.3191520447077818,23,0.5561549131397349,0.6200000000000006,True
31.918713,96,65.425563,1.0,0.3197966668187231,22,0.5621362488643143,0.5750000000000005,True
31.715906,110,65.58841,0.984375,0.3189014142320018,22,0.5648537001503076,0.5850000000000005,True
32.185517,102,65.736084,1.0,0.31890083232878286,20,0.5456923671275951,0.5700000000000005,True
33.909908,89,65.877618,1.0,0.3184872827895827,23,0.5479654591522535,0.5200000000000005,True
33.995792,93,66.009194,0.9765625,0.3197160210979747,24,0.5885276688785024,0.5450000000000005,True
29.741977,109,66.161208,1.0,0.31865465800118,22,0.5335780285858192,0.6000000000000005,True
34.167977,93,66.29225,0.9921875,0.3186882609285908,20,0.5553662474375293,0.5550000000000005,True
32.387971,107,66.447419,1.0,0.31838071815156216,19,0.5197480749293415,0.6150000000000005,True
36.172924,86,66.579039,0.9765625,0.31775692963437374,20,0.557019119894952,0.4700000000000004,True
29.993607,102,66.776243,1.0,0.3194514870337525,22,0.5421557791847891,0.5700000000000005,True
34.53172,95,66.993112,0.9765625,0.31453211357966127,22,0.5904340263959991,0.5350000000000005,True
35.736808,77,67.138751,1.0,0.3190804833307481,21,0.5708076447688903,0.4400000000000004,True
33.374348,95,67.313701,0.9921875,0.31785741671606127,23,0.541666660749597,0.5300000000000005,True
27.73878,108,67.514455,1.0,0.31970617261391704,24,0.542857021370767,0.7200000000000006,True
34.735075,86,67.719232,1.0,0.319937081878236,22,0.5704929480477229,0.49500000000000044,True
35.087099,88,67.907838,0.984375,0.31984226251547343,19,0.535966990012907,0.5000000000000004,True
29.476896,125,68.14114,0.953125,0.3182887432484063,22,0.6240130270218137,0.7150000000000006,True
31.499625,102,68.319746,1.0,0.31834390548799124,23,0.5580283088850791,0.6150000000000005,True
34.236556,96,68.492514,0.9765625,0.31928018520777557,23,0.5426560218994875,0.5400000000000005,True
24.106513,120,68.741894,1.0,0.3174601653998957,23,0.5359577700875104,0.8200000000000007,True
32.070402,109,68.979213,0.9921875,0.31952604664467654,22,0.5570121856395073,0.6150000000000005,True
33.486006,94,69.191523,0.9921875,0.3192394270497839,25,0.5355300490750566,0.5400000000000005,True
36.939999,76,69.33907,0.9921875,0.3183266132652086,22,0.5189438803009879,0.4400000000000004,True
34.877165,82,69.458268,0.9921875,0.3192201114768406,22,0.5239746621844776,0.48500000000000043,True
33.482514,95,69.604807,0.9765625,0.31958959631342426,22,0.5427275879942595,0.5300000000000005,True
30.175266,106,69.761117,0.9921875,0.3188778479933593,22,0.5636911308318109,0.6100000000000005,True
34.54468,93,69.899241,0.9921875,0.31852951202136137,23,0.5652804406122462,0.5350000000000005,True
32.062348,104,70.064966,0.984375,0.3183703849466901,25,0.5488580331688337,0.5600000000000005,True
34.254336,95,70.204735,1.0,0.3164414734748783,18,0.5149249677764473,0.5450000000000005,True
34.074461,98,70.344661,0.9921875,0.31787197537666845,19,0.575383227438003,0.5400000000000005,True
32.511589,104,70.501309,0.984375,0.3188758597529242,22,0.5794573222219443,0.5500000000000005,True
33.686052,96,70.648636,1.0,0.3185554361717084,22,0.5283833764794272,0.5150000000000005,True
35.22204,88,70.782836,1.0,0.3184526392653174,22,0.5173911269661671,0.5000000000000004,True
32.574059,104,70.941506,1.0,0.3137529387857735,21,0.5591204224813976,0.5700000000000005,True
35.078465,83,71.079351,1.0,0.31794130468234294,22,0.5356022725127536,0.4750000000000004,True
35.465274,82,71.195993,1.0,0.31915700981937156,20,0.5504284863007401,0.4450000000000004,True
31.973134,94,71.331462,1.0,0.3187930199782668,24,0.5537898667894974,0.5500000000000005,True
30.386936,96,71.481474,1.0,0.31805941087957557,19,0.5423627690093734,0.5700000000000005,True
29.833495,126,71.670314,0.9921875,0.31774088672316725,21,0.5643302123750732,0.6700000000000006,True
33.065383,101,71.816114,1.0,0.31947226415704993,24,0.5230731525211743,0.5550000000000005,True
29.925757,120,72.00429,0.9921875,0.3191647432714647,25,0.571223095381223,0.6650000000000006,True
33.6055,86,72.129462,1.0,0.3167110860297429,24,0.5521421227130593,0.5300000000000005,True
31.154571,102,72.291796,1.0,0.3196655061464183,22,0.5377047371143051,0.6050000000000005,True
32.406802,100,72.45061,1.0,0.31698277476296144,23,0.5760164619342291,0.5600000000000005,True
33.959067,85,72.580888,1.0,0.31963212845113204,19,0.5509452845559504,0.5100000000000005,True
31.099576,101,72.738647,0.9921875,0.31859998612461526,22,0.5602336865068088,0.6200000000000006,True
31.917734,88,72.876627,1.0,0.3189040431165261,22,0.5382159906087313,0.5250000000000005,True
33.972159,94,73.016111,1.0,0.3198510890163162,23,0.5726462432046742,0.5600000000000005,True
34.345921,91,73.157852,1.0,0.31849971789187453,21,0.5267363836990185,0.5000000000000004,True
34.952674,94,73.298933,0.9921875,0.31867670982146656,22,0.5808841383245661,0.5200000000000005,True
32.937647,104,73.451756,1.0,0.3155966199955534,19,0.5301504678471262,0.5900000000000005,True
34.560491,96,73.596619,0.9921875,0.3174774444354338,23,0.5771994462022939,0.5400000000000005,True
34.879201,98,73.737983,0.9921875,0.3191716604058402,17,0.5311151593817529,0.5200000000000005,True
34.06681,93,73.880598,1.0,0.31877870880331743,19,0.5625371215250409,0.5150000000000005,True
31.285596,117,74.060127,1.0,0.31823034641003073,19,0.5599323267870031,0.6450000000000006,True
31.333171,97,74.2084,1.0,0.31973164834972406,20,0.5408619502838351,0.5350000000000005,True
29.580697,115,74.381582,1.0,0.31967930489350727,24,0.5576413419589881,0.6350000000000006,True
33.724191,99,74.521441,0.9921875,0.31770959033884005,23,0.574278687639904,0.5300000000000005,True
30.784382,115,74.685788,0.984375,0.317794560072584,23,0.5483010708802657,0.6300000000000006,True
31.264245,110,74.849563,1.0,0.31925865541359166,20,0.5777034444622964,0.6400000000000006,True
35.058553,84,74.96908,1.0,0.31983507575178244,21,0.5021461818400514,0.4650000000000004,True
28.548088,126,75.158528,0.984375,0.31866761169219576,21,0.5355274259723733,0.6850000000000006,True
32.279839,107,75.311753,0.9921875,0.31960634485703454,23,0.5469555205312351,0.5650000000000005,True
32.266642,110,75.473634,1.0,0.31908696190174757,22,0.5305601964451061,0.5900000000000005,True
22.751794,165,75.714363,0.9921875,0.3198204775408055,18,0.5120097896710867,0.8800000000000008,True
35.390741,85,75.8473,1.0,0.31892330058633567,21,0.5123544348815902,0.5050000000000004,True
35.787226,85,75.970237,0.9921875,0.3189349257734233,23,0.542319713742082,0.48500000000000043,True
32.05898,109,76.140837,1.0,0.3190592818890274,26,0.5654591871774841,0.5750000000000005,True
26.595627,112,76.303522,0.9921875,0.3191462461313884,21,0.5231831355523509,0.6700000000000006,True
35.876199,79,76.413443,1.0,0.3186900124651803,23,0.5587485518543769,0.4400000000000004,True
36.030196,89,76.544026,0.9921875,0.3190437984158414,22,0.5786146118746719,0.4750000000000004,True
35.470452,94,76.679649,0.9921875,0.3198546074910883,21,0.5327456413748576,0.5000000000000004,True
32.078815,105,76.835205,0.9921875,0.3182362711433875,20,0.528830513948773,0.5650000000000005,True
35.434193,92,76.971847,1.0,0.31787216958280406,18,0.5132222920182449,0.49000000000000044,True
34.967198,89,77.100837,1.0,0.3174406016307315,19,0.5472604277436061,0.5050000000000004,True
36.748453,81,77.227011,1.0,0.31878866601039935,17,0.5512738164283717,0.4350000000000004,True
35.02536,88,77.364012,1.0,0.31911172256662057,19,0.5554382995577147,0.5200000000000005,True
32.094785,101,77.514468,0.9921875,0.31971736676675966,23,0.5499901407426061,0.6150000000000005,True
33.834758,86,77.645525,1.0,0.31925503550118084,24,0.5717011633863719,0.4700000000000004,True
26.281354,142,77.853294,1.0,0.31681222266958475,21,0.5612093889840797,0.8100000000000007,True
34.466516,87,77.980301,1.0,0.3188593457805816,24,0.5267733736410188,0.48500000000000043,True
36.166315,86,78.101562,0.984375,0.31936791628763916,19,0.4754241061602726,0.4600000000000004,True
34.422255,97,78.257818,0.9921875,0.31802493105562346,23,0.5435692777552315,0.5350000000000005,True
34.733517,90,78.390679,1.0,0.3185125877883085,20,0.5309622905821547,0.5300000000000005,True
32.089093,103,78.537185,0.9921875,0.31840602533583995,25,0.5204607281712164,0.5650000000000005,True
26.587307,142,78.736546,0.984375,0.31989837939749277,24,0.5230024887984032,0.7700000000000007,True
33.431176,95,78.877947,0.984375,0.31326099562415344,22,0.5208904084349111,0.5300000000000005,True
35.403405,85,78.997632,1.0,0.3140358093175542,23,0.5532918376378652,0.4550000000000004,True
26.523973,134,80.378116,0.9921875,0.319667199855681,21,0.4816774043090866,0.7000000000000006,True
35.609451,86,80.544081,0.984375,0.3194388688587363,21,0.5247903889478022,0.49000000000000044,True
33.513674,87,80.715255,0.984375,0.3194165337252459,19,0.5060954351318586,0.4750000000000004,True
32.990051,87,80.879361,1.0,0.3199950585866211,23,0.5659332117202541,0.5050000000000004,True
28.290812,118,81.089812,0.96875,0.3193412770607876,24,0.5339023378723167,0.6750000000000006,True
28.533254,125,81.349627,0.96875,0.3140425466728378,25,0.5802299945475643,0.6800000000000006,True
34.654457,90,81.508745,1.0,0.31959607888767866,22,0.557306794084679,0.5300000000000005,True
36.390737,84,81.712523,1.0,0.31942295487341466,18,0.5384378949786359,0.4500000000000004,True
35.507976,92,81.919599,0.9921875,0.3186985047630455,19,0.5585555085862198,0.49000000000000044,True
34.826707,83,82.053005,0.984375,0.319827230262988,25,0.5191191040073236,0.4800000000000004,True
33.596179,87,82.186404,1.0,0.31895922589275705,23,0.5389476704626249,0.4750000000000004,True
32.633957,100,82.326728,1.0,0.3189453839387698,21,0.5497572146556201,0.5350000000000005,True
32.715999,86,82.456195,1.0,0.3193250554571707,20,0.5516156685802819,0.4800000000000004,True
33.817542,89,82.591388,0.9921875,0.31912322545617317,22,0.5436951812536837,0.5100000000000005,True
34.083813,95,82.732564,1.0,0.31859877438707174,21,0.5686985388334963,0.5450000000000005,True
30.896041,101,82.894449,0.9921875,0.3191138789367425,24,0.5730253250930312,0.5850000000000005,True
28.678419,122,83.072407,0.96875,0.31902371438197774,22,0.5546704642143969,0.7050000000000006,True
30.431478,115,83.262536,1.0,0.3147272797778842,21,0.5425922254178879,0.6950000000000006,True
22.249857,149,83.484852,0.9765625,0.31957141739687656,23,0.5697722811380674,0.9350000000000008,True
28.630391,111,83.648856,1.0,0.3198050985828733,20,0.5545574239431282,0.6300000000000006,True
35.154465,91,83.778982,0.9921875,0.31891964604823136,20,0.5820472542631581,0.5150000000000005,True
29.663427,108,83.932374,0.9765625,0.3193075996013132,23,0.5482303220302426,0.6750000000000006,True
34.98523,90,84.058954,0.9921875,0.31770399288949386,22,0.5686115408415673,0.5200000000000005,True
32.362349,96,84.193557,1.0,0.3192819881643788,20,0.5796199327034345,0.5700000000000005,True
30.152668,107,84.352534,1.0,0.3190036747030721,22,0.5348176965509467,0.6200000000000006,True
35.204733,87,84.490682,1.0,0.31866485984457693,23,0.5229113894271916,0.48500000000000043,True
35.795725,87,84.632906,1.0,0.3197760584509546,22,0.5411186152742846,0.48500000000000043,True
27.96027,131,84.827536,0.9921875,0.31970184352531245,22,0.5370155740690643,0.7450000000000007,True
26.481584,123,85.001467,1.0,0.31797449708111414,23,0.5589954689486261,0.7650000000000007,True
30.095273,118,85.164294,1.0,0.31984560598226813,21,0.5408035483095974,0.6550000000000006,True
32.229602,104,85.310824,0.9921875,0.3195164984968029,21,0.5658587006548081,0.6200000000000006,True
29.49734,111,85.477388,0.9921875,0.3163604988216648,23,0.522854933618376,0.7350000000000007,True
34.520131,98,85.629584,0.9765625,0.31996898855779243,22,0.5239425982621595,0.5200000000000005,True
33.326772,95,85.773202,0.9921875,0.31749382980859686,23,0.5644465191931473,0.5400000000000005,True
31.801248,108,85.934213,0.984375,0.31865331786109574,23,0.5512016605713552,0.6000000000000005,True
35.843286,80,86.046023,0.9921875,0.3169672301038804,19,0.5355781883261371,0.4400000000000004,True
23.953636,160,86.270467,0.984375,0.3164604558308638,21,0.5581122730732031,0.8600000000000008,True
23.303936,156,86.501867,0.9765625,0.3192689730685002,22,0.5799184952277164,0.8650000000000008,True
37.253728,76,86.612393,1.0,0.3182301443582685,17,0.5479599854365671,0.4300000000000004,True
35.609717,90,86.749303,1.0,0.3188905665506192,18,0.5548954488846182,0.5000000000000004,True
26.672113,125,86.934142,1.0,0.31886331871925505,21,0.5326524324200684,0.7150000000000006,True
34.430605,94,87.072667,0.984375,0.3196361676822041,21,0.5569017010088547,0.5200000000000005,True
27.267139,117,87.255409,0.9609375,0.3190985859021303,22,0.5747269371147765,0.7650000000000007,True
36.679938,82,87.379026,0.9921875,0.31640110405730093,23,0.5401369270189933,0.4400000000000004,True
32.428842,90,87.523085,1.0,0.3174178635174157,23,0.5368821507057053,0.5450000000000005,True
31.534859,108,87.691621,0.984375,0.31722925232934907,23,0.5453496697059598,0.5950000000000005,True
33.689561,88,87.820498,1.0,0.3150921689517471,23,0.5282880687638887,0.49000000000000044,True
32.92761,94,87.951375,0.9921875,0.31756830076427967,21,0.5199269368941997,0.5150000000000005,True
29.684128,118,88.116199,0.96875,0.31910588899942677,23,0.5778056554967064,0.6500000000000006,True
33.39384,96,88.248732,0.96875,0.31979777865324566,21,0.5255671356637276,0.5250000000000005,True
31.131911,110,88.407733,0.9921875,0.3193810577165158,25,0.5525568495939575,0.6000000000000005,True
32.890259,108,88.583737,0.9921875,0.3176178668642745,22,0.5436217242792757,0.5700000000000005,True
31.775623,106,88.741276,1.0,0.3197376794186306,23,0.5296846204885715,0.6100000000000005,True
34.816008,98,88.886178,0.984375,0.31488298010203697,24,0.5152566916651211,0.5200000000000005,True
37.047355,78,88.998726,1.0,0.3199368712089299,21,0.5225251743919924,0.4300000000000004,True
24.632997,132,89.182058,0.984375,0.31762827473438426,25,0.5789419732627382,0.9000000000000008,True
35.779547,87,89.301991,0.9765625,0.31868683109599744,24,0.5779391176255976,0.4750000000000004,True
37.563259,73,89.407461,1.0,0.3185864742639849,21,0.530773509282814,0.40500000000000036,True
33.191161,96,89.548125,0.9921875,0.31904708991308783,23,0.5648876312749909,0.5300000000000005,True
26.55777,131,89.747784,0.96875,0.31847286320449836,23,0.5667936271814521,0.7800000000000007,True
35.37404,84,89.871837,1.0,0.31743147733097943,20,0.5344544113837493,0.49000000000000044,True
26.679563,130,90.061428,1.0,0.3199922674052348,22,0.5640791314696745,0.7400000000000007,True
34.1975,93,90.196027,1.0,0.31936865756071486,21,0.5435746926990883,0.5450000000000005,True
34.65781,96,90.338399,0.9765625,0.3189130976465374,24,0.5587758293488997,0.5300000000000005,True
32.865244,99,90.482396,1.0,0.3177641639400005,19,0.5812142110744716,0.6050000000000005,True
22.20496,162,90.734313,0.96875,0.3166150294900964,21,0.5960906026590779,0.9100000000000008,True
33.745328,94,90.88425,0.984375,0.31876716361476626,21,0.5568054059417443,0.5500000000000005,True
28.529998,111,91.069374,0.984375,0.3189348869855352,23,0.5638883954026542,0.7550000000000007,True
31.262344,104,91.227224,1.0,0.3173971529056876,22,0.5014558927613915,0.6600000000000006,True
32.006616,105,91.381984,1.0,0.31887554526928563,19,0.5405377301600918,0.6050000000000005,True
30.717441,113,91.552672,1.0,0.3195610353260311,24,0.5330994418541962,0.6350000000000006,True
34.869514,92,91.713176,1.0,0.3183467324421913,20,0.5382100547593252,0.5100000000000005,True
35.235392,87,91.844889,0.9921875,0.31954608830353864,21,0.5502275615177713,0.5050000000000004,True
34.035901,100,92.008255,0.9765625,0.3191944058398294,23,0.5703923584611555,0.5400000000000005,True
35.555123,81,92.181313,1.0,0.3193139561247423,23,0.5360188415360251,0.4550000000000004,True
30.792054,116,92.409698,0.96875,0.31954933850994816,22,0.5626704352590154,0.6500000000000006,True
26.933739,134,92.691817,0.984375,0.3189817884866288,21,0.5192282042428009,0.7900000000000007,True
28.412242,122,92.937113,1.0,0.3185607739482793,24,0.5394314089431831,0.7250000000000006,True
27.638523,111,93.152525,0.9921875,0.31828843239292737,20,0.5300570611301227,0.6550000000000006,True
33.590803,96,93.345441,1.0,0.31861810926513257,21,0.5466592202760003,0.5150000000000005,True
36.96227,81,93.490439,0.984375,0.3199715520762871,24,0.5745955297573774,0.4250000000000004,True
33.147234,89,93.677948,1.0,0.31882517929858073,26,0.5683798660727085,0.5050000000000004,True
31.457209,100,93.873168,0.9921875,0.3177555171472001,21,0.5423771279197013,0.6150000000000005,True
22.026787,162,94.190718,1.0,0.3175714699367498,23,0.5955194551648609,0.8550000000000008,True
35.107922,91,94.393433,0.9921875,0.31951474398939417,21,0.5659677427875738,0.48500000000000043,True
32.114021,99,94.609809,0.9921875,0.3195454306405321,21,0.49104369468449527,0.5800000000000005,True
32.3524,96,94.746398,0.9921875,0.3177083278241241,24,0.5438601211554841,0.5350000000000005,True
35.10847,87,94.88129,0.9765625,0.31939774193372217,18,0.5429850778477328,0.5050000000000004,True
36.934418,81,94.994649,1.0,0.3186018073166416,21,0.5374309933767976,0.4350000000000004,True
33.198546,97,95.133359,0.9921875,0.31667645667789374,19,0.5519529789076457,0.5950000000000005,True
32.361414,92,95.265115,0.9921875,0.31920513870658235,22,0.548252113809399,0.5300000000000005,True
34.896141,93,95.396712,0.9765625,0.3196077496808604,22,0.5366588465827017,0.49500000000000044,True
31.476347,99,95.540751,0.984375,0.31983473143866004,21,0.5516785939049471,0.5750000000000005,True
33.507617,93,95.684327,0.984375,0.3181235830495051,21,0.5343744657219449,0.5350000000000005,True
34.13478,92,95.822684,0.984375,0.3185807559965338,25,0.5192940221825837,0.5150000000000005,True
31.068401,105,95.988111,1.0,0.3190671845315498,24,0.5257017071007649,0.6450000000000006,True
28.698372,118,96.161141,0.9765625,0.3197563933993641,20,0.5270347124456239,0.6450000000000006,True
36.195823,76,96.271749,1.0,0.31696873609514686,26,0.5707381901141656,0.4200000000000004,True
34.309682,87,97.162719,1.0,0.31824363004151757,26,0.5433606595405263,0.49500000000000044,True
33.05572,103,97.313174,0.9765625,0.31916111821014426,18,0.5322038168057138,0.5850000000000005,True
34.488059,92,97.453842,1.0,0.31768554349166744,21,0.5489086471779958,0.49500000000000044,True
31.843457,101,97.606827,1.0,0.3183854011383216,24,0.5793279833630023,0.5900000000000005,True
35.360707,87,97.736811,1.0,0.3197075160013846,22,0.5703523114930668,0.49500000000000044,True
30.199842,110,97.90735,0.9921875,0.3196951707358381,20,0.5714276114932478,0.6350000000000006,True
35.648967,88,98.034053,1.0,0.31975306662072656,22,0.574460638473755,0.49000000000000044,True
35.98239,84,98.151604,0.9921875,0.31975460123061517,21,0.5208600565695553,0.4600000000000004,True
34.408895,88,98.276675,1.0,0.3191360720702131,23,0.49789984272113313,0.4700000000000004,True
35.967704,85,98.395778,0.9921875,0.319077007514578,23,0.5468140304648018,0.4550000000000004,True
35.388259,92,98.527528,0.9921875,0.31869887779356454,20,0.5795955659661783,0.49000000000000044,True
36.739007,81,98.6429,0.9921875,0.31816851164484783,21,0.5620407984189003,0.4250000000000004,True
32.935607,108,98.794499,1.0,0.3153538599014414,23,0.5473451192721293,0.5600000000000005,True
36.213684,84,98.917865,0.9765625,0.3143021116866178,21,0.5644843080580049,0.4700000000000004,True
35.807492,84,99.040048,0.96875,0.3186933800455223,22,0.5676881941509677,0.49000000000000044,True
34.383951,82,99.154168,0.9921875,0.3181319769073924,24,0.5562626088520044,0.49500000000000044,True
34.41351,93,99.284715,0.9921875,0.31860695665973926,23,0.5322979489446212,0.5250000000000005,True
35.261319,91,99.418612,1.0,0.3187532150679108,23,0.5400963606143392,0.5050000000000004,True
31.974089,99,99.555981,1.0,0.3180308117776463,21,0.5554724923931104,0.5400000000000005,True
32.784363,104,99.708376,0.9921875,0.31803408419036333,21,0.5222134678413393,0.5800000000000005,True
31.947899,108,99.862516,0.9609375,0.3189455289203764,20,0.541245412827079,0.6200000000000006,True
30.777244,102,100.020543,0.9609375,0.3196699803830708,25,0.5529021165760856,0.5700000000000005,True
29.097539,114,100.182686,0.9765625,0.31914665863308567,22,0.5449873421989951,0.6700000000000006,True
30.060688,111,100.345358,1.0,0.31866634039441033,21,0.557385184641486,0.6350000000000006,True
34.577675,84,100.46633,0.9921875,0.3158564922855919,23,0.5697260433299922,0.48500000000000043,True
32.43019,100,100.611806,1.0,0.3194830847427951,19,0.5754623039630169,0.5550000000000005,True
32.684066,100,100.758526,0.96875,0.31953856290542093,24,0.5806237919651447,0.6000000000000005,True
37.2784,77,100.875002,1.0,0.31808588505536073,24,0.539067841380799,0.41500000000000037,True
35.809385,83,101.020043,1.0,0.3177435608519518,22,0.5804323126130067,0.4800000000000004,True
30.332359,92,101.154524,1.0,0.3190520666149994,24,0.5693344759574794,0.5750000000000005,True
30.169465,117,101.316375,0.984375,0.3194901786984574,20,0.5551818437050519,0.6950000000000006,True
29.788734,122,101.486914,1.0,0.3176334034221932,24,0.5424186198946216,0.6800000000000006,True
28.754616,115,101.659988,0.9921875,0.31979693808573606,20,0.5623070003824429,0.7300000000000006,True
32.690509,90,101.790567,1.0,0.3199459035212306,18,0.5618849580289151,0.5600000000000005,True
33.208182,101,101.932997,1.0,0.3190268882087771,21,0.5249064838656297,0.5450000000000005,True
27.594802,124,102.130046,0.984375,0.31618306200149027,18,0.53161437802461,0.7600000000000007,True
32.997476,92,102.262864,1.0,0.3197765518151138,22,0.5520770024912408,0.6000000000000005,True
28.435116,109,102.421582,1.0,0.31872588813638325,20,0.5416096628543976,0.6650000000000006,True
21.683275,146,102.651685,1.0,0.3190271892168938,22,0.5586826214754107,0.9650000000000009,True
4.129363,186,102.936977,0.875,0.42717928496535196,19,0.4728234129551361,1.0000000000000009,False
36.299,75,103.052371,1.0,0.31865095514522723,22,0.5450044674274103,0.41000000000000036,True
33.31318,98,103.191908,1.0,0.3194129139137462,22,0.572928236007015,0.5800000000000005,True
31.240002,113,103.362193,0.9921875,0.31973911792485854,21,0.5130692775671153,0.6050000000000005,True
30.465627,108,103.518355,0.9609375,0.3173283270334847,22,0.5518735788516712,0.6250000000000006,True
35.210643,86,103.657841,1.0,0.3193413548565509,23,0.5428040463353473,0.5100000000000005,True
35.338283,92,103.794981,1.0,0.3187112818727624,22,0.5428748152674673,0.5000000000000004,True
32.102351,95,103.936381,0.96875,0.3199825815493611,23,0.5577600452639655,0.5350000000000005,True
33.564076,101,104.122333,1.0,0.31934548127550794,24,0.5370087315086848,0.5650000000000005,True
28.060447,134,104.313018,0.984375,0.31409765168164566,20,0.5440226913159825,0.7300000000000006,True
34.497324,93,104.445654,0.9921875,0.3177109221991732,21,0.5234140998890229,0.5250000000000005,True
34.634822,88,104.571537,1.0,0.31923856687490026,21,0.5265252352844925,0.5400000000000005,True
33.082776,103,104.786855,1.0,0.31823565266521403,23,0.555899869761567,0.5650000000000005,True
36.242304,80,104.950977,1.0,0.3190154625498131,21,0.5324312509570007,0.4700000000000004,True
34.629235,88,105.120577,0.9765625,0.316305553184001,23,0.5428622553654349,0.48500000000000043,True
33.1644,90,105.302016,1.0,0.3180553799073832,23,0.5468437254373115,0.5550000000000005,True
34.950073,87,105.468511,1.0,0.31796633182635914,19,0.5544028871666706,0.4650000000000004,True
32.700162,96,105.677681,0.9921875,0.3187955200436747,22,0.5418621980711668,0.5400000000000005,True
37.703964,74,105.832969,1.0,0.31831045847225653,24,0.5456666027125417,0.40000000000000036,True
31.567841,92,106.004614,1.0,0.3197955610588945,22,0.5546481861578466,0.6000000000000005,True
33.446016,97,106.17933,1.0,0.3198522710169692,21,0.5055011204118339,0.5650000000000005,True
28.865501,105,106.387228,0.9921875,0.3196227540029326,24,0.5798820912837811,0.5950000000000005,True
33.10391,93,106.591565,0.953125,0.3197172171546184,21,0.5269577620366971,0.5600000000000005,True
33.156397,101,106.787897,1.0,0.3193517997984292,22,0.5665975938191056,0.5450000000000005,True
31.696736,97,107.008252,0.984375,0.3153175073774379,20,0.5603152383809413,0.5550000000000005,True
32.566952,99,107.204226,1.0,0.3174765781808633,25,0.5727852145833038,0.5800000000000005,True
28.666966,107,107.379065,1.0,0.3182304204762969,22,0.5670030171037193,0.7100000000000006,True
28.750911,122,107.554912,0.9921875,0.3184719174734428,19,0.5233558114340637,0.7100000000000006,True
33.521337,101,107.703685,1.0,0.31922004366070134,25,0.5494315671537054,0.5650000000000005,True
34.401456,86,107.834285,0.9921875,0.31869816135432943,21,0.5744415540076759,0.5000000000000004,True
29.889433,120,108.003686,1.0,0.31957013383866506,19,0.5469899944828706,0.6400000000000006,True
32.14453,104,108.147083,1.0,0.31944909007226185,23,0.5248273113925781,0.6200000000000006,True
35.055023,90,108.271218,1.0,0.3179717225708649,21,0.5345381248733025,0.5100000000000005,True
34.074947,97,108.439614,1.0,0.3193240631012344,22,0.560484406317159,0.5450000000000005,True
33.54451,89,108.572861,1.0,0.3197934103906934,21,0.5600608519735545,0.5400000000000005,True
33.948242,89,108.710879,1.0,0.31853579751652605,19,0.5636038336395148,0.5200000000000005,True
31.564408,103,108.866395,1.0,0.31853907895536343,23,0.5331299361091617,0.5900000000000005,True
34.680046,98,109.010723,0.9921875,0.31842143871676953,23,0.548257266634147,0.5200000000000005,True
34.332482,93,109.149568,1.0,0.3183507893307814,24,0.5435012568236162,0.5250000000000005,True
35.685212,87,109.277789,1.0,0.31973869562816853,22,0.570495396298488,0.48500000000000043,True
30.3734,116,109.464686,0.9921875,0.31894086999508786,24,0.5697010014704872,0.6500000000000006,True
27.475111,130,109.666789,1.0,0.31867972785661836,21,0.5460616118827841,0.7150000000000006,True
34.582903,96,109.808208,1.0,0.319224282396007,19,0.5309249378100037,0.5300000000000005,True
28.727716,110,109.961267,1.0,0.3169850839239996,23,0.5611053274708634,0.6000000000000005,True
28.763552,110,110.119834,1.0,0.31839527207558704,24,0.5487643970254301,0.6800000000000006,True
31.820837,98,110.254996,1.0,0.31917493733139646,20,0.5058092646556235,0.5650000000000005,True
29.653095,121,110.450899,1.0,0.3183833894981005,23,0.5490727339115334,0.6850000000000006,True
31.92421,104,110.611378,1.0,0.31978880681968275,24,0.5615270917558598,0.5900000000000005,True
29.939946,123,110.797375,1.0,0.3195080075660709,20,0.5391752140139223,0.6750000000000006,True
25.800812,122,110.972999,1.0,0.3196202193670489,22,0.5449612487099229,0.8250000000000007,True
29.337563,107,111.128602,1.0,0.31969137609146747,21,0.5118078587552314,0.6050000000000005,True
34.514138,97,111.268393,1.0,0.31735109974769754,24,0.5712131830365859,0.5250000000000005,True
34.978162,85,111.40164,1.0,0.31975495405767573,24,0.5535142557221238,0.4600000000000004,True
36.160289,85,111.523623,1.0,0.31948068039798927,22,0.5479806117237762,0.4450000000000004,True
35.750924,76,111.64059,1.0,0.31988273716531707,25,0.544586825221701,0.4450000000000004,True
28.703428,107,111.79509,1.0,0.31420579004456595,21,0.5502365773889488,0.7250000000000006,True
34.691,92,111.925853,0.9921875,0.31936179451906666,25,0.5713825387089434,0.5200000000000005,True
35.26844,88,112.050467,0.9921875,0.31882129080607435,23,0.5632059551346902,0.5000000000000004,True
28.444662,126,112.230646,1.0,0.31915976370017907,17,0.5352978096318952,0.6750000000000006,True
33.9722,96,112.366373,1.0,0.31880924605052774,20,0.5649414154378103,0.5500000000000005,True
27.984514,115,112.545465,1.0,0.31968907968338234,21,0.5409830224040774,0.6850000000000006,True
34.748392,93,113.380134,1.0,0.3194471066216473,22,0.5473907593763258,0.5150000000000005,True
32.038578,113,113.557029,1.0,0.31765254762113504,24,0.5638163285491964,0.6150000000000005,True
35.673327,86,113.687866,1.0,0.3192119307719411,24,0.5483976551923282,0.49000000000000044,True
36.257202,82,113.815427,1.0,0.31880281288651835,24,0.5221547692869376,0.4700000000000004,True
36.231908,85,113.937171,1.0,0.3194210424793791,21,0.5626252868167699,0.4550000000000004,True
30.959075,100,114.102661,0.9921875,0.31986754970170517,21,0.5260132040445173,0.6250000000000006,True
35.764163,79,114.219966,1.0,0.3186442413559867,20,0.5338275693594575,0.4450000000000004,True
36.931164,79,114.355888,0.9921875,0.3181673558621304,19,0.5146128988267988,0.4350000000000004,True
28.690271,111,114.530275,0.9765625,0.3141407510937735,23,0.5378266458054095,0.6850000000000006,True
32.199356,99,114.687175,1.0,0.3194675285153996,19,0.5261397629787811,0.6150000000000005,True
22.813105,125,114.869673,0.984375,0.31944271457802864,20,0.5465992736300821,0.8650000000000008,True
28.574859,100,115.009734,0.984375,0.31919304676671906,21,0.5076332825941238,0.5850000000000005,True
29.176631,105,115.16506,0.9921875,0.31503532154536595,18,0.5449611368373906,0.6150000000000005,True
28.325612,126,115.343162,1.0,0.31964753966079207,19,0.5405849322397092,0.6750000000000006,True
37.974568,68,115.438761,1.0,0.31935144494340906,21,0.5251299065545647,0.39000000000000035,True
29.334671,116,115.619283,0.984375,0.31949931485980543,20,0.5347896802224391,0.6900000000000006,True
30.06651,113,115.781638,0.9921875,0.3190529880891414,23,0.5430578647135836,0.6400000000000006,True
37.603713,77,115.893636,0.984375,0.31350988370583704,22,0.5436222011099037,0.41500000000000037,True
35.964665,84,116.012109,0.984375,0.3187432242119533,23,0.5288170594650972,0.4800000000000004,True
31.50001,104,116.160069,0.9921875,0.31981222192250114,24,0.5437289066779722,0.6300000000000006,True
36.523688,75,116.263213,1.0,0.3173822327438254,22,0.5310960995782763,0.40500000000000036,True
36.153378,84,116.383395,1.0,0.31850913432199224,21,0.543598752051197,0.4700000000000004,True
32.086398,96,116.518341,1.0,0.31872602732317623,20,0.5507017944888621,0.5400000000000005,True
31.175485,115,116.69851,0.9921875,0.31883676878535827,23,0.5274421593549092,0.6250000000000006,True
28.559273,113,116.859034,1.0,0.3182841814156817,21,0.5522475647997097,0.7550000000000007,True
20.514991,162,117.092212,1.0,0.3199340300668335,24,0.5793726965558329,0.9300000000000008,True
35.348203,87,117.24749,0.9765625,0.3189197591771176,22,0.5251079995200472,0.5050000000000004,True
31.542862,100,117.471564,1.0,0.3189266348449441,16,0.5263126467847481,0.6000000000000005,True
23.010104,152,117.781718,0.9921875,0.31903198332136107,22,0.5447371708910168,0.8500000000000008,True
38.120415,70,117.907924,1.0,0.3187579919510117,21,0.5382853753971626,0.39000000000000035,True
29.08255,114,118.145849,1.0,0.31949168844760206,23,0.5425017276392817,0.7300000000000006,True
7.559538,179,118.495549,0.9765625,0.32322413213852674,20,0.5127409811945287,1.0000000000000009,False
30.761953,107,118.709348,0.984375,0.3190947681525407,22,0.5565546007965966,0.6650000000000006,True
31.150741,97,118.897651,1.0,0.31874837235620934,23,0.49125463724288676,0.6200000000000006,True
24.103555,141,119.195787,1.0,0.318574707269644,21,0.5147177028021878,0.7950000000000007,True
28.847261,112,119.43662,1.0,0.31951580088548026,21,0.5662704669085288,0.6950000000000006,True
31.302551,112,119.693952,1.0,0.3190890314714164,20,0.5516457766790512,0.6200000000000006,True
34.858484,89,119.853492,0.9921875,0.3177149049425594,23,0.5688499648603534,0.48500000000000043,True
27.677338,107,120.005436,0.984375,0.3188804871679535,22,0.5725124399702258,0.6600000000000006,True
29.749895,116,120.169616,0.9921875,0.3175396552340472,20,0.5025412830413706,0.6900000000000006,True
25.39112,131,120.352864,1.0,0.31945634205539214,21,0.5451099192658361,0.7850000000000007,True
22.685342,161,120.589829,1.0,0.31906047960124795,21,0.5703879500335831,0.8550000000000008,True
32.714199,106,120.739714,1.0,0.31752428692396373,23,0.5726862643172463,0.6000000000000005,True
25.122552,146,120.970307,1.0,0.318277589538658,20,0.5549823551622581,0.8050000000000007,True
30.303533,107,121.137194,0.9921875,0.3194919115067324,25,0.5737822364894499,0.5950000000000005,True
29.881788,121,121.312305,0.984375,0.31944261849041333,22,0.5761199500768779,0.6400000000000006,True
29.903644,115,121.506487,1.0,0.3176979499989975,22,0.5459565622975123,0.6700000000000006,True
32.385901,100,121.65253,1.0,0.31931889049914064,21,0.509833414384884,0.5850000000000005,True
35.32769,90,121.792629,1.0,0.3132174964648759,21,0.5241395095028495,0.5100000000000005,True
8.773398,173,122.048675,1.0,0.3273826196738726,23,0.5417370266159921,1.0000000000000009,False
30.441121,124,122.232696,1.0,0.31690942968308555,23,0.5128430745910543,0.6800000000000006,True
35.071997,91,122.368204,1.0,0.31917445260054267,24,0.5550391290827752,0.49500000000000044,True
28.946918,125,122.548921,1.0,0.319822936067399,19,0.5263269926328626,0.7050000000000006,True
33.536356,103,122.699513,0.984375,0.31888638998774016,22,0.5484804052379852,0.5450000000000005,True
35.446106,79,122.819319,1.0,0.3192342692794658,19,0.5448715112954425,0.4500000000000004,True
23.58693,146,123.041754,1.0,0.3195571376194991,22,0.53949317639652,0.9200000000000008,True
37.739643,74,123.165072,1.0,0.31766217489795,20,0.5479463312368457,0.40000000000000036,True
29.729651,106,123.319463,1.0,0.3196208092724679,21,0.5749724957647534,0.6750000000000006,True
33.998002,99,123.481685,1.0,0.31745577524073254,23,0.525771628168343,0.5450000000000005,True
35.059665,87,123.611784,1.0,0.31898695677202094,20,0.5285491326012678,0.5050000000000004,True
33.536728,92,123.752727,0.9921875,0.3187002031624836,19,0.5339503538207552,0.5700000000000005,True
34.682212,91,123.904909,1.0,0.31679256901461955,20,0.5120515974279592,0.5350000000000005,True
36.329698,82,124.028963,1.0,0.31842030106546804,22,0.5397007637766951,0.4700000000000004,True
33.890369,94,124.171167,0.9921875,0.3167011815812748,20,0.5548702162961459,0.5600000000000005,True
29.99033,117,124.36197,0.9921875,0.31959185242467913,23,0.5459097641586619,0.6550000000000006,True
31.817757,100,124.515094,0.9921875,0.3199717332885348,19,0.512689829763416,0.6500000000000006,True
35.783781,89,124.669961,0.9921875,0.3171683307098446,22,0.5360795057225413,0.49500000000000044,True
31.864806,99,124.822507,1.0,0.31927169074846345,23,0.5525734872751553,0.6150000000000005,True
32.274806,104,124.98002,0.9921875,0.31686257200139556,25,0.5734028489508215,0.5750000000000005,True
33.484291,93,125.11488,1.0,0.31764758404133775,22,0.558538916267737,0.5300000000000005,True
28.397005,125,125.294272,0.9921875,0.3181101063282843,20,0.5515191560610233,0.6900000000000006,True
32.537645,96,125.434254,1.0,0.31849352337504566,19,0.5132141981015265,0.5300000000000005,True
35.760438,87,125.560968,1.0,0.3183733187782608,24,0.5169460940586341,0.4550000000000004,True
34.65481,82,125.687011,1.0,0.31880337003875325,21,0.5119689697944255,0.48500000000000043,True
29.943893,100,125.834947,1.0,0.31844808448396134,23,0.5750966578886658,0.6300000000000006,True
33.198179,89,125.981348,0.984375,0.3186830750769818,21,0.5146551739369829,0.5100000000000005,True
36.03131,82,126.097734,1.0,0.31980405240203436,20,0.5385920074754051,0.4700000000000004,True
34.08305,97,126.242067,1.0,0.31838186841413063,21,0.5568094998112683,0.5350000000000005,True
33.101229,103,126.397726,1.0,0.31877417557422394,18,0.5376600329656464,0.5750000000000005,True
28.48706,113,126.565067,0.984375,0.31932386253876444,23,0.5497608706085901,0.7300000000000006,True
23.679494,138,126.778816,0.984375,0.3195274268672754,20,0.5411075217073535,0.8050000000000007,True
36.109571,77,126.891135,1.0,0.31956300633310064,22,0.5804260768764749,0.4300000000000004,True
31.480212,109,127.060318,1.0,0.3190529134109259,23,0.5521886410199671,0.6350000000000006,True
32.168444,103,127.21224,1.0,0.3185961243327825,22,0.5404271066112403,0.5900000000000005,True
28.34773,135,127.413437,1.0,0.3175919189239852,23,0.5259543577454142,0.7450000000000007,True
35.85835,83,127.532278,0.984375,0.31959563990065865,22,0.5471994888245472,0.4750000000000004,True
34.463099,88,127.666048,1.0,0.31968665876951363,22,0.5583185111185301,0.48500000000000043,True
33.072379,110,127.825431,0.9921875,0.3189178602747078,23,0.5540321615525611,0.5800000000000005,True
34.59423,97,127.964052,1.0,0.3197394132045029,21,0.5358726510565274,0.5250000000000005,True
35.241935,79,128.089386,1.0,0.3184758841357512,21,0.5301935222300612,0.4600000000000004,True
31.672539,106,128.248995,1.0,0.31904103632177194,25,0.572289350373882,0.5850000000000005,True
32.049435,108,128.409776,0.9921875,0.3199170747504415,23,0.5875867058759779,0.6000000000000005,True
36.899011,80,128.524911,0.9921875,0.3191081414023059,24,0.5158773750872042,0.4400000000000004,True
29.710742,117,128.699644,1.0,0.31900595295825496,23,0.533585218097967,0.6300000000000006,True
17.523697,180,128.962095,0.9921875,0.3192267321989481,20,0.5370297890849254,0.9650000000000009,True
27.912841,124,129.921513,0.9921875,0.31612528630291437,23,0.5628054244032948,0.7250000000000006,True
35.922125,84,130.121236,0.9921875,0.3183598832008788,22,0.5535842378180925,0.4700000000000004,True
36.951954,79,130.262476,1.0,0.3190935345796897,24,0.5179299856934114,0.4350000000000004,True
30.548019,114,130.468926,0.9921875,0.31888355437410776,22,0.559035099818995,0.6150000000000005,True
7.256427,190,130.878919,1.0,0.32049611310395676,23,0.5309777058917728,1.0000000000000009,False
34.542565,86,131.046715,1.0,0.31871213454997793,22,0.5657767257905542,0.48500000000000043,True
32.312955,109,131.263488,1.0,0.31751630797322683,22,0.5584664696605572,0.5750000000000005,True
29.580988,109,131.467594,0.984375,0.319746721915811,24,0.5386431973195218,0.7050000000000006,True
30.867837,102,131.667846,1.0,0.3183977377600391,20,0.5598062561396717,0.5900000000000005,True
34.825197,83,131.841579,1.0,0.31920932887105646,24,0.5510872263199001,0.4600000000000004,True
35.540326,83,132.012393,0.984375,0.3179879010593627,19,0.5261238790395567,0.4550000000000004,True
31.04783,98,132.237746,1.0,0.3195402598062324,20,0.5484476309369711,0.6250000000000006,True
35.974328,77,132.387616,1.0,0.31846550700599596,23,0.5246825485549252,0.4300000000000004,True
32.159265,102,132.537138,0.9921875,0.319046213157733,22,0.5529603423704258,0.5550000000000005,True
34.791201,85,132.665037,1.0,0.3189124794057256,18,0.5141718931294638,0.4800000000000004,True
35.971528,84,132.791292,0.9921875,0.3199023751498852,18,0.5412088255607264,0.4600000000000004,True
27.01889,138,132.99301,1.0,0.31779964866552834,23,0.5438494235899957,0.7450000000000007,True
35.268269,86,133.112443,0.9921875,0.3193470244576775,24,0.5531878607413665,0.49000000000000044,True
25.028941,137,133.327512,0.984375,0.31848359442560426,21,0.5451618029228769,0.7600000000000007,True
37.157411,67,133.427717,1.0,0.3181224616576289,20,0.5568016253649168,0.38000000000000034,True
33.064175,100,133.58646,1.0,0.3185926798266868,23,0.558700115239944,0.5350000000000005,True
31.250637,102,133.740668,0.9765625,0.3191251817735036,23,0.545166966239249,0.5550000000000005,True
35.117639,81,133.855517,1.0,0.3192645359251143,22,0.5551274863689222,0.4700000000000004,True
37.634705,74,133.968416,1.0,0.31951287248538457,22,0.5438481336825958,0.41000000000000036,True
33.971918,91,134.097066,1.0,0.3191778127383955,22,0.5454579039575826,0.5450000000000005,True
36.675912,80,134.210621,0.9921875,0.3177514518083351,21,0.5354280389932634,0.4500000000000004,True
28.734336,110,134.384358,0.9765625,0.31918264393929,22,0.5416145851641969,0.6250000000000006,True
34.766093,88,134.509538,1.0,0.3181765975088276,22,0.5479971767720715,0.5200000000000005,True
31.550817,106,134.672582,0.9765625,0.3193515411965633,22,0.5390026754128274,0.6300000000000006,True
36.622341,81,134.794984,0.9921875,0.3190439341133485,25,0.5389326287737138,0.4450000000000004,True
36.28921,83,134.919209,1.0,0.3136556093098741,24,0.5477403980871347,0.4650000000000004,True
34.905636,86,135.047375,0.984375,0.31943205413847986,24,0.554559721463937,0.48500000000000043,True
36.325835,85,135.194452,0.984375,0.31972730250303777,25,0.5517684371924892,0.4550000000000004,True
36.549223,85,135.3367,0.9921875,0.3184658470489413,26,0.5606340382008924,0.4550000000000004,True
36.320304,78,135.455354,1.0,0.3188302891075141,21,0.5269653619280997,0.41000000000000036,True
35.636691,93,135.595376,1.0,0.31953862745601636,23,0.5796373358529029,0.48500000000000043,True
36.387852,87,135.723767,0.9765625,0.3176618004491776,23,0.5615567631296009,0.4550000000000004,True
35.63622,90,135.852499,1.0,0.31583242388938104,22,0.5554839942594361,0.4800000000000004,True
34.003929,95,135.988045,1.0,0.3195259966940772,23,0.5321414778729248,0.5150000000000005,True
35.882307,89,136.114254,0.984375,0.3197117594505948,18,0.5254853005120282,0.4650000000000004,True
30.488719,115,136.278821,0.984375,0.31872654951609686,19,0.5333787713932101,0.6300000000000006,True
35.480688,91,136.421977,0.9765625,0.3197053959036148,26,0.5588130237686785,0.4750000000000004,True
29.587719,108,136.577548,1.0,0.31986687935117486,22,0.5370044126946621,0.6700000000000006,True
33.647345,100,136.724664,1.0,0.317479851838824,22,0.550253438284205,0.5600000000000005,True
36.304984,81,136.847185,0.9921875,0.31772686385818993,24,0.5605659272007042,0.4650000000000004,True
30.092065,118,137.019673,1.0,0.31924305456889013,20,0.5823944747078694,0.6800000000000006,True
31.147232,103,137.172929,1.0,0.3178669206064444,19,0.5504450181863383,0.6350000000000006,True
31.818265,106,137.333073,0.9921875,0.3174283481333321,24,0.5248996317495714,0.6150000000000005,True
35.53201,85,137.471226,1.0,0.3196115543762027,20,0.5251295306026399,0.48500000000000043,True
33.854623,101,137.633422,0.984375,0.31915090556280923,18,0.5230903898047043,0.5350000000000005,True
27.567764,129,137.825241,1.0,0.31767689522177706,20,0.5503474566896247,0.7300000000000006,True
31.520896,99,137.9825,0.9921875,0.3179283912316157,23,0.5827531974900776,0.5600000000000005,True
34.341298,91,138.122358,0.984375,0.3190739011057389,24,0.5667747405432721,0.5000000000000004,True
26.687374,137,138.332507,0.9609375,0.31972782212966167,22,0.5230531007438755,0.7600000000000007,True
32.799706,100,138.493229,1.0,0.3135039421612359,22,0.5517416167368274,0.5450000000000005,True
31.937399,108,138.657048,1.0,0.31971817412806547,25,0.5832941240661655,0.5750000000000005,True
32.899785,88,138.795329,1.0,0.3189551538199792,22,0.5189043135505972,0.5200000000000005,True
26.381068,142,139.014767,1.0,0.31802005444245945,24,0.5342662616280526,0.7650000000000007,True
32.837679,108,139.175349,1.0,0.3198825690484304,22,0.5750052917225973,0.5650000000000005,True
36.347498,81,139.303065,1.0,0.3197732602626083,22,0.5393613876118416,0.4550000000000004,True
33.537591,105,139.47547,1.0,0.318628457688908,22,0.5183842439083033,0.5650000000000005,True
32.574359,107,139.640174,0.9921875,0.3174676081511919,22,0.5840616787970034,0.5950000000000005,True
35.156499,89,139.777884,1.0,0.3172043335144074,23,0.5757776464927675,0.5050000000000004,True
33.95908,83,139.905583,1.0,0.3197584577695068,23,0.5725431297198031,0.4750000000000004,True
35.992188,85,140.031381,1.0,0.31832407921729633,21,0.5339067382017522,0.48500000000000043,True
36.579741,74,140.14509,1.0,0.3188232653942583,19,0.5246157416201663,0.39500000000000035,True
34.721707,85,140.271764,0.9921875,0.31837680349636976,20,0.5221353160600838,0.5150000000000005,True
35.694997,83,140.39506,1.0,0.3196501531116996,21,0.5378726799698078,0.49500000000000044,True
30.037425,105,140.565394,1.0,0.3184332541110251,21,0.539605344986518,0.6300000000000006,True
36.981888,83,140.700247,0.9921875,0.31878777148706305,23,0.5423509965949032,0.4350000000000004,True
37.795389,72,140.810688,1.0,0.31880857031647514,22,0.5323227196198392,0.39000000000000035,True
31.156849,115,140.992432,1.0,0.31660467644778584,21,0.5262514498058871,0.6100000000000005,True
34.478957,92,141.132139,1.0,0.3191708330262206,21,0.5474290675694604,0.5100000000000005,True
28.485194,113,141.301374,1.0,0.3194523192836428,25,0.5694028724374965,0.7150000000000006,True
35.677715,84,141.424437,1.0,0.3194889636714525,22,0.556222227218403,0.4700000000000004,True
24.748506,141,141.655442,0.9921875,0.3177864972064124,21,0.5473069812729346,0.8600000000000008,True
37.111482,76,141.773171,1.0,0.3175533712357132,23,0.5442087464729061,0.4300000000000004,True
35.2564,91,141.911339,1.0,0.3189705522880223,20,0.5519273380002043,0.5050000000000004,True
33.218869,97,142.055674,0.9921875,0.3177932913714485,21,0.5405949471443827,0.5450000000000005,True
36.299506,80,142.172377,1.0,0.31952371761582554,22,0.5166812223467175,0.4600000000000004,True
35.913056,84,142.303238,1.0,0.3189122068185316,22,0.5611146015073228,0.4800000000000004,True
31.422469,102,142.516752,1.0,0.3180058242653189,23,0.5342230652290074,0.5900000000000005,True
36.148157,84,142.716597,1.0,0.31995398807599784,24,0.5266335332397033,0.4800000000000004,True
34.38737,88,142.876575,1.0,0.31960689872819853,22,0.5483179847103693,0.5400000000000005,True
25.286143,119,143.097099,1.0,0.31843129315352214,23,0.5327706729337476,0.8150000000000007,True
35.302545,89,143.27995,1.0,0.3165354803340002,23,0.5346974772798868,0.5050000000000004,True
35.898123,84,143.451809,0.9921875,0.3199145465292969,20,0.5272834126820677,0.4800000000000004,True
30.367283,106,143.693264,1.0,0.3184316746561766,20,0.5751902338983562,0.6350000000000006,True
31.588542,111,143.89836,1.0,0.3176413193375653,21,0.5626569987725347,0.6250000000000006,True
36.009044,87,144.071903,1.0,0.3182986890154448,20,0.5299463826923968,0.4750000000000004,True
27.675801,114,144.313445,1.0,0.31911946502124666,19,0.5294571655844853,0.6750000000000006,True
34.041777,88,144.500336,1.0,0.31934333819949534,21,0.5566674986668759,0.5500000000000005,True
33.701621,87,144.722176,1.0,0.31935121425290636,20,0.559215675105437,0.49000000000000044,True
26.994705,127,145.012591,1.0,0.31918186368979323,23,0.5510472984465817,0.8150000000000007,True
34.510406,87,145.148531,0.984375,0.3191975907561062,22,0.5014280029250382,0.48500000000000043,True
24.978235,141,145.36522,1.0,0.3197462951540553,23,0.5871756772317265,0.8850000000000008,True
30.886076,109,145.549702,1.0,0.31816688408950955,22,0.5836462431551047,0.6350000000000006,True
33.124255,97,145.70489,1.0,0.31907528162910304,19,0.5093230810824707,0.5850000000000005,True
36.778284,80,145.838023,1.0,0.3196284896171369,22,0.5426446381006105,0.4200000000000004,True
34.101445,88,145.966168,1.0,0.3193829471720918,22,0.5344294181875857,0.5400000000000005,True
28.311379,104,146.119475,1.0,0.3175167165641808,24,0.5407774847525442,0.6900000000000006,True
31.496353,107,146.278799,0.9921875,0.3198211461761169,20,0.5519705549029147,0.6000000000000005,True
30.385898,113,147.28694,1.0,0.31924393440150844,24,0.5625672858502153,0.6550000000000006,True
35.553379,85,147.414774,1.0,0.3198355511415921,24,0.5470221586540066,0.49500000000000044,True
33.972707,95,147.554759,1.0,0.31718192325763905,22,0.5654780991053726,0.5550000000000005,True
33.399287,94,147.692058,1.0,0.3190342405115465,19,0.5699147120984539,0.5700000000000005,True
12.159901,132,147.899438,0.9921875,0.32701002019468195,24,0.5679939565714761,1.0000000000000009,False
29.916202,117,148.069377,1.0,0.31933108510761454,20,0.5172620580239395,0.6950000000000006,True
26.042282,129,148.251702,1.0,0.3182660942934007,24,0.5600757150953912,0.7250000000000006,True
32.999721,89,148.3804,0.9921875,0.319410951941993,20,0.5418739124880191,0.5050000000000004,True
33.803737,91,148.51073,1.0,0.3187313466447397,19,0.5420279043420184,0.5100000000000005,True
33.266905,92,148.646852,1.0,0.3199212546955737,24,0.5263989497394453,0.5250000000000005,True
36.413616,81,148.774581,1.0,0.31922958952733,22,0.5465593424482122,0.4550000000000004,True
33.038645,103,148.944733,1.0,0.319929556310328,22,0.5554394651334422,0.5850000000000005,True
31.908918,110,149.10963,1.0,0.31913762811629737,21,0.532809326922222,0.6100000000000005,True
32.717926,98,149.265173,0.984375,0.3177522191990982,22,0.5924298534259109,0.5500000000000005,True
36.116736,73,149.378163,1.0,0.31981453618651645,19,0.5234346712910745,0.4300000000000004,True
35.721182,83,149.507046,1.0,0.31677539280453576,21,0.5431961516779782,0.49000000000000044,True
34.426907,81,149.63249,1.0,0.31724632467376346,21,0.522371779224234,0.4650000000000004,True
36.356566,79,149.747451,1.0,0.3195186210818164,19,0.5133522975921712,0.4550000000000004,True
34.587385,90,149.88566,1.0,0.31750350627866875,24,0.5622821434986204,0.49000000000000044,True
27.918176,124,150.062282,1.0,0.3186248438065655,20,0.5226540315499547,0.6900000000000006,True
36.048757,76,150.170499,1.0,0.31796838508008063,20,0.5522947399124788,0.4350000000000004,True
36.503944,79,150.286039,1.0,0.31822572143881556,21,0.5471296889656027,0.4550000000000004,True
30.962563,111,150.458874,0.9921875,0.319858586880999,23,0.555338216981777,0.6050000000000005,True
30.173528,118,150.634337,0.953125,0.31979349117060474,21,0.5284705214573584,0.6450000000000006,True
29.214557,121,150.817361,0.9921875,0.31947195693862795,22,0.5256274825448465,0.6300000000000006,True
33.690992,86,150.952948,1.0,0.31968232146135134,22,0.5419987427155899,0.5250000000000005,True
35.927164,77,151.062102,1.0,0.3186831188868804,23,0.5098101915525936,0.4400000000000004,True
32.188223,112,151.242025,1.0,0.3194943518446435,23,0.5774713918556551,0.5900000000000005,True
36.770949,80,151.357595,1.0,0.31495069254855457,24,0.5509355685322199,0.4500000000000004,True
37.40966,76,151.468102,0.9921875,0.31715191669946907,24,0.5562738424007309,0.4200000000000004,True
32.195232,95,151.616277,1.0,0.3190469087721768,19,0.5297427212262271,0.5450000000000005,True
25.92562,147,151.845651,1.0,0.31700687712801645,20,0.5559027527040101,0.8000000000000007,True
36.655497,76,151.968816,1.0,0.31957163751353285,21,0.5478362156274612,0.4500000000000004,True
35.197472,84,152.095365,1.0,0.3181389137789923,24,0.513190310051634,0.4550000000000004,True
36.778485,81,152.216042,0.9921875,0.3180006442834578,22,0.5532182698247993,0.4350000000000004,True
38.035276,72,152.323622,1.0,0.31999318679334,23,0.5447527164764752,0.39000000000000035,True
33.146355,89,152.452591,1.0,0.31966385528481384,23,0.5971243950790567,0.5150000000000005,True
31.991909,106,152.61536,0.96875,0.31703618972426373,25,0.5512105950185956,0.5750000000000005,True
36.251878,82,152.734799,0.9921875,0.3187751293417343,22,0.5581254097746998,0.4700000000000004,True
35.377671,83,152.858536,0.9921875,0.3177271955076346,24,0.5705707624097625,0.49500000000000044,True
36.846489,82,152.989374,1.0,0.31946577336623605,22,0.5239651999442552,0.4500000000000004,True
30.450091,108,153.144444,0.984375,0.31777827582989504,25,0.5353946999749113,0.5750000000000005,True
35.856769,83,153.261542,1.0,0.31763627693186725,22,0.5514411445294998,0.4750000000000004,True
37.499893,74,153.37887,1.0,0.3190482313968317,23,0.5706391856827655,0.41000000000000036,True
36.772036,82,153.498184,1.0,0.31886708238178585,18,0.5094971196734688,0.4500000000000004,True
34.93529,79,153.616611,1.0,0.3196905982026399,23,0.5131419133119239,0.4350000000000004,True
29.609874,107,153.783124,1.0,0.3179131950134574,22,0.5554708788816992,0.7150000000000006,True
35.865156,84,153.902425,0.9765625,0.3150632651758648,19,0.5498372120201684,0.49000000000000044,True
25.813081,141,154.117758,1.0,0.3177244351489216,24,0.5538148033825272,0.7550000000000007,True
34.818047,92,154.252003,0.9921875,0.3195353742934293,24,0.5498624684501947,0.5200000000000005,True
36.442017,80,154.364715,1.0,0.31899475234109875,24,0.5290811953853127,0.4500000000000004,True
35.163441,92,154.502085,1.0,0.3173582251666335,22,0.5824162841182096,0.5100000000000005,True
36.079331,86,154.628402,0.984375,0.31863085242316,21,0.5066208128853713,0.4700000000000004,True
35.083814,84,154.753318,1.0,0.3181240316836967,22,0.5551777644015167,0.4750000000000004,True
33.419462,108,154.921909,0.9921875,0.31698510389911105,19,0.5195384306293855,0.5900000000000005,True
34.23163,91,155.104724,0.9921875,0.3198312713081213,24,0.5472817065851887,0.5350000000000005,True
34.206244,93,155.313539,1.0,0.3174235263153144,24,0.5422444172966875,0.5250000000000005,True
37.010103,78,155.462967,0.9921875,0.3193215812831009,25,0.5375229046227058,0.4400000000000004,True
34.675893,89,155.637754,1.0,0.31918125781956247,21,0.5811816488941633,0.5350000000000005,True
37.193784,73,155.789287,1.0,0.31709761119776303,23,0.5374408263221693,0.38500000000000034,True
35.231024,89,155.981899,1.0,0.3194220518834181,24,0.5304995658474566,0.4650000000000004,True
34.095964,91,156.215894,1.0,0.3174408383421222,23,0.547365180430992,0.5100000000000005,True
36.120968,84,156.377416,0.9921875,0.31953094212277977,21,0.5372763294609078,0.4800000000000004,True
35.255483,81,156.529544,0.984375,0.31905562176493146,17,0.5086032753218154,0.4600000000000004,True
36.853072,78,156.672596,0.984375,0.3188177667664745,21,0.5552994346183301,0.4400000000000004,True
37.608108,78,156.826862,0.984375,0.3190177642373161,24,0.5431263693171224,0.41000000000000036,True
33.563797,88,157.015383,1.0,0.31765663663536536,22,0.544622725308381,0.5450000000000005,True
33.19742,97,157.207959,0.9921875,0.3190004697339712,22,0.584608139129938,0.5950000000000005,True
34.754041,90,157.42455,1.0,0.3195077393029617,22,0.5650316400147618,0.5400000000000005,True
30.627133,118,157.679505,0.9765625,0.3196770653466829,23,0.5272615168146061,0.6300000000000006,True
33.347407,93,157.825101,1.0,0.3192671076367951,21,0.5759272747270693,0.5300000000000005,True
33.087813,86,157.94986,1.0,0.31946942633973396,21,0.5778386973334576,0.4750000000000004,True
34.428773,83,158.068766,1.0,0.3181720503769132,22,0.5453166793633337,0.4600000000000004,True
30.053215,105,158.228569,1.0,0.3184477382859914,20,0.545686257195215,0.6250000000000006,True
33.359058,93,158.366631,1.0,0.3175711036669963,22,0.5315555904307604,0.5200000000000005,True
32.927699,93,158.503515,1.0,0.31996451751454924,22,0.527216003869164,0.5200000000000005,True
32.569937,96,158.645771,1.0,0.31958313289666157,22,0.5492644433434698,0.5550000000000005,True
31.839208,107,158.811809,1.0,0.3187647666910708,19,0.5323373970630507,0.6000000000000005,True
35.450543,80,158.929501,1.0,0.3186632361378716,20,0.5196453272660555,0.4550000000000004,True
35.499867,88,159.06032,1.0,0.317589792011458,23,0.5549280822992991,0.5000000000000004,True
37.280101,80,159.180677,1.0,0.31916079739024983,21,0.5487734735325075,0.41000000000000036,True
36.745729,80,159.319609,1.0,0.31899981521638554,25,0.5562571827558699,0.4400000000000004,True
35.895997,85,159.448788,1.0,0.31954883233795306,22,0.5542848908402508,0.4550000000000004,True
37.886829,71,159.558993,0.9921875,0.31660071109296206,24,0.5344170888118468,0.39500000000000035,True
33.835422,97,159.708496,1.0,0.31997939310549084,24,0.5645398347915612,0.5350000000000005,True
34.186304,94,159.853178,1.0,0.31885436017145125,22,0.5357126912345024,0.5300000000000005,True
34.629985,79,159.969873,1.0,0.3193958804361631,22,0.5239607228765083,0.4450000000000004,True
37.371723,70,160.069469,1.0,0.3198200971946096,19,0.5350784926498684,0.37500000000000033,True
31.662425,111,160.243499,1.0,0.3136802866899763,22,0.5324110284073452,0.5850000000000005,True
34.156468,95,160.39187,1.0,0.3182143329111824,20,0.5113090003662821,0.5550000000000005,True
34.591199,99,160.541281,1.0,0.31668571421985225,21,0.5374824398052509,0.5350000000000005,True
36.500037,85,160.670861,1.0,0.31892393785181095,24,0.5773901149579325,0.4450000000000004,True
30.611868,114,160.858289,0.9921875,0.318854367364392,21,0.5230257407098104,0.6150000000000005,True
31.139524,111,161.027941,1.0,0.31884850085753935,23,0.552608127261967,0.6000000000000005,True
37.258752,77,161.143251,0.9921875,0.31896014403811795,21,0.5508968897035718,0.41500000000000037,True
35.934116,82,161.27673,1.0,0.3182999247900985,23,0.5173063770246127,0.4350000000000004,True
36.301782,79,161.401011,1.0,0.31990219219928717,21,0.5579658881546652,0.4550000000000004,True
34.67474,92,161.53779,1.0,0.3199126197917175,23,0.5447361537524998,0.5000000000000004,True
36.62548,82,161.665688,0.9921875,0.3177735604447828,20,0.5596532166526702,0.4600000000000004,True
36.633521,84,161.798263,1.0,0.31861725356049553,23,0.5635151535580145,0.4500000000000004,True
31.429186,115,161.965962,1.0,0.3196858069081656,25,0.5345556804789151,0.6450000000000006,True
36.337712,87,162.092482,0.9921875,0.31549339271458016,23,0.5384977510356698,0.4650000000000004,True
36.304,73,162.199416,1.0,0.3189884338383925,21,0.5429875729559683,0.4200000000000004,True
36.404636,75,162.316051,1.0,0.31969756399772126,20,0.5044920663935439,0.41500000000000037,True
33.713738,103,162.47079,0.96875,0.3196100777849299,20,0.5371998428289525,0.5550000000000005,True
35.111162,85,162.614377,1.0,0.31754134959824126,23,0.5309623213197475,0.4800000000000004,True
36.022786,84,162.749446,1.0,0.3182865828493333,21,0.5656964600262872,0.4700000000000004,True
35.96278,86,162.875054,1.0,0.31861034432093255,22,0.5641220739446589,0.4700000000000004,True
35.187767,83,162.993297,1.0,0.3180588606790336,21,0.5841954738022102,0.4700000000000004,True
37.061995,80,163.111712,1.0,0.3193097818202546,25,0.5528731589151977,0.4400000000000004,True
37.052989,78,163.966552,1.0,0.3195200038683761,21,0.5311293056817361,0.4400000000000004,True
34.860496,84,164.090931,1.0,0.31857577185204355,21,0.5249941561005971,0.4650000000000004,True
36.386799,84,164.211676,1.0,0.31762392130441464,24,0.5661682912846049,0.4600000000000004,True
37.377813,78,164.325002,1.0,0.31994671674561725,18,0.5324800265490606,0.41000000000000036,True
36.727985,85,164.464774,1.0,0.3198138731278497,24,0.5833425355749404,0.4350000000000004,True
36.469658,84,164.58681,1.0,0.31807022676456675,22,0.5425998614641176,0.4600000000000004,True
34.818705,85,164.707676,1.0,0.3192405468199969,18,0.5553689487752139,0.4800000000000004,True
31.775442,109,164.875841,1.0,0.3184300370414649,23,0.5820846153219811,0.6000000000000005,True
24.730953,143,165.091845,0.9765625,0.3171852115248749,24,0.551144708276207,0.8100000000000007,True
35.735352,84,165.218719,1.0,0.31755842432058956,21,0.5541956678376468,0.4500000000000004,True
29.870693,96,165.357638,1.0,0.3190800083267544,20,0.5442004554599513,0.5600000000000005,True
36.224729,76,165.488849,1.0,0.31982223417297573,22,0.5638441832328255,0.4200000000000004,True
34.869457,86,165.614599,0.9921875,0.31865761496857625,20,0.5223107972464585,0.4750000000000004,True
36.815219,75,165.719859,0.9921875,0.31968395345316314,22,0.5282598529197694,0.40000000000000036,True
22.901022,155,165.957943,1.0,0.3189138289773887,26,0.532953882333183,0.9450000000000008,True
35.735825,90,166.093518,1.0,0.3188674574943354,22,0.5489295716081732,0.4800000000000004,True
35.668666,76,166.224136,1.0,0.31768197996136593,19,0.5166571133629467,0.4350000000000004,True
28.68904,137,166.439122,0.96875,0.31865015511382166,23,0.5319874185512683,0.6950000000000006,True
26.979252,136,166.652876,1.0,0.3195399511465805,25,0.5482245380183499,0.7300000000000006,True
35.831428,88,166.792597,0.9765625,0.3157749555929725,20,0.5527933643401604,0.4800000000000004,True
33.306554,103,166.945192,1.0,0.31844445622371575,21,0.5304239868395216,0.5550000000000005,True
36.652996,82,167.058674,1.0,0.3194711804829343,23,0.546934881315426,0.4400000000000004,True
35.122477,92,167.189515,0.9921875,0.3198906555320541,19,0.5293688646747878,0.5100000000000005,True
36.538657,79,167.304574,1.0,0.31964473577424585,23,0.5566544481391468,0.4450000000000004,True
34.087295,85,167.424065,0.9921875,0.31882830696874354,20,0.5462220801375836,0.4750000000000004,True
30.403941,109,167.592762,1.0,0.31911652071902835,21,0.5088719618882899,0.5750000000000005,True
38.162504,70,167.729702,1.0,0.31993918176040975,21,0.5578554859679727,0.38000000000000034,True
34.496335,89,167.921669,1.0,0.3185966537853493,25,0.571788690292947,0.48500000000000043,True
37.791735,76,168.067462,1.0,0.3182460504385123,20,0.5600294862204027,0.40000000000000036,True
35.824307,85,168.224869,1.0,0.31836789631553974,23,0.5500355696719577,0.4750000000000004,True
34.859079,89,168.400726,1.0,0.31910811853250975,21,0.5425979211773752,0.5150000000000005,True
36.78654,73,168.569231,1.0,0.3189034891439422,20,0.5440805072853763,0.39500000000000035,True
37.253262,77,168.73806,0.9921875,0.3188123175289481,23,0.5347476269719503,0.4250000000000004,True
37.326546,76,168.892225,1.0,0.3178728687693606,24,0.5595352421549414,0.4200000000000004,True
28.701306,116,169.097468,1.0,0.31803405993545886,23,0.5518951399562684,0.6250000000000006,True
34.721758,86,169.252408,0.9921875,0.3192657678713263,22,0.5161156534932462,0.4700000000000004,True
37.310429,78,169.401313,1.0,0.31867668855157816,24,0.5323072020461752,0.41000000000000036,True
33.261443,84,169.602078,1.0,0.3193444424367112,20,0.5341908391973619,0.49500000000000044,True
32.297841,100,169.803338,0.9921875,0.3148768561292181,22,0.559554619334893,0.5400000000000005,True
31.071316,111,170.05725,0.9765625,0.31833913501370137,24,0.5574843741663356,0.5800000000000005,True
35.87567,87,170.245178,1.0,0.3198370571721711,21,0.5552842803404365,0.4650000000000004,True
37.282054,78,170.367537,1.0,0.3183001807350394,24,0.5319415084857403,0.4200000000000004,True
37.660141,75,170.475132,0.9921875,0.31914581237490774,18,0.5543497839674836,0.41500000000000037,True
29.826105,114,170.648938,0.9921875,0.31903005642663873,23,0.5201782590060863,0.6150000000000005,True
33.125068,97,170.797166,1.0,0.3179922763644591,20,0.5420318865442229,0.5400000000000005,True
36.702852,84,170.932196,0.9921875,0.3177870342060848,22,0.5439879783035055,0.4500000000000004,True
38.542807,72,171.040449,1.0,0.3192224111405224,24,0.5576380956564775,0.37000000000000033,True
37.142506,71,171.143601,1.0,0.31950482608586595,22,0.5181208614852573,0.38500000000000034,True
36.401758,71,171.251054,1.0,0.317979039295747,21,0.5463424387969624,0.37000000000000033,True
33.188088,104,171.405137,0.96875,0.3155818115353891,22,0.5699720193285635,0.5500000000000005,True
28.989745,131,171.596915,1.0,0.31799863645538773,22,0.5474553749858286,0.6750000000000006,True
35.591101,83,171.730054,1.0,0.31787606704690535,22,0.5259347129878912,0.49500000000000044,True
27.911657,130,171.915113,0.984375,0.317823639954232,21,0.5417045402560222,0.7050000000000006,True
34.456281,92,172.044939,0.9921875,0.319307549061452,19,0.5123890200833109,0.5200000000000005,True
36.223564,82,172.161988,1.0,0.31952171607654717,24,0.5649776433972388,0.4600000000000004,True
30.974257,99,172.32152,1.0,0.3186710341694413,22,0.55748727468645,0.6450000000000006,True
34.63654,84,172.448461,1.0,0.3198124843693672,24,0.5499807989484363,0.48500000000000043,True
29.515068,97,172.601498,1.0,0.3190430741993759,24,0.5509170654867112,0.5600000000000005,True
33.168109,95,172.751502,0.9921875,0.3192943243237004,24,0.5800499831108902,0.5750000000000005,True
31.820041,112,172.918996,1.0,0.31745748187561684,23,0.5683909402349072,0.6200000000000006,True
32.401206,106,173.08312,1.0,0.3196690460733198,18,0.5198757795451284,0.5700000000000005,True
35.273483,89,173.208684,1.0,0.31740709120863714,22,0.5303382710752632,0.48500000000000043,True
32.637954,96,173.347729,0.9921875,0.3184024032390906,23,0.5130766695620207,0.5650000000000005,True
33.234779,92,173.477664,1.0,0.3193931137657329,23,0.5662911117751105,0.5250000000000005,True
33.000604,92,173.619055,1.0,0.31901439976416335,23,0.5361656083485168,0.5350000000000005,True
36.523037,78,173.753073,1.0,0.31805715235052445,17,0.556538481833549,0.4500000000000004,True
30.874341,87,173.881543,0.9921875,0.3145843695981302,22,0.5247394429685605,0.4800000000000004,True
34.311483,96,174.014358,1.0,0.31771144257576694,23,0.5666222326892754,0.5400000000000005,True
24.472743,149,174.246125,1.0,0.31845549821537855,24,0.5626262224010351,0.8200000000000007,True
35.966404,80,174.369875,1.0,0.3176949273128934,19,0.5421145143637377,0.4400000000000004,True
29.341805,125,174.564023,0.9921875,0.31779116354065917,19,0.5298825912265591,0.6400000000000006,True
37.059695,80,174.681391,0.9921875,0.31920163439167915,20,0.5190187883115868,0.4200000000000004,True
32.760422,110,174.857581,0.96875,0.3198766595040904,23,0.5730777164978275,0.5700000000000005,True
36.464162,82,174.973312,0.9921875,0.3191633438164475,23,0.522539894464094,0.4400000000000004,True
34.399608,90,175.10087,1.0,0.31866346853015515,22,0.5165880584373289,0.5050000000000004,True
36.275425,84,175.222598,1.0,0.3186048455121391,22,0.5678125502773501,0.4550000000000004,True
28.020155,130,175.417838,0.9765625,0.31872059596524416,24,0.55778873352386,0.7050000000000006,True
35.897784,85,175.545107,0.9921875,0.3187517239550538,22,0.5684252132397458,0.4750000000000004,True
32.302673,106,175.708129,1.0,0.3184099416729625,22,0.5822670608013117,0.5800000000000005,True
36.912464,76,175.833575,0.9921875,0.3195465531625755,22,0.5371752420727602,0.4300000000000004,True
33.719293,84,175.951703,0.9921875,0.3186876100975139,20,0.5171848381714687,0.49000000000000044,True
36.633559,77,176.069546,1.0,0.3183330084762057,22,0.5393274714860289,0.4450000000000004,True
27.465626,133,176.255599,0.9765625,0.317773062318226,19,0.5632556467391097,0.7200000000000006,True
30.424382,116,176.443676,1.0,0.3187243808458115,26,0.5794361441767365,0.6600000000000006,True
36.607499,86,176.574649,0.9609375,0.31935605313119464,23,0.5293413068302742,0.4500000000000004,True
32.648006,106,176.732996,0.9921875,0.31945147288315845,20,0.5644506301333783,0.5700000000000005,True
27.109032,134,176.971264,0.96875,0.31871047786714884,20,0.5130532295640517,0.7150000000000006,True
36.927435,81,177.085504,1.0,0.31955215820839283,22,0.55635009851564,0.4350000000000004,True
34.268442,89,177.208121,0.9765625,0.3168151986180667,21,0.5496009145754228,0.5000000000000004,True
24.160483,131,177.392572,1.0,0.31971156895689157,23,0.5731394668685699,0.7250000000000006,True
31.190627,100,177.531637,1.0,0.3162757014161214,22,0.5607381274557305,0.6500000000000006,True
28.416385,116,177.714021,1.0,0.31789953016278616,24,0.5521341403657358,0.6450000000000006,True
35.734223,78,177.844834,1.0,0.3184108546207689,22,0.5650499766503552,0.4450000000000004,True
1.663682,186,178.104473,0.90625,0.414674582619833,18,0.48891080371429424,1.0000000000000009,False
32.380961,92,178.233751,0.9921875,0.3196473079530504,24,0.5658626220926473,0.5300000000000005,True
33.968974,97,178.371076,0.984375,0.31579076304193177,25,0.5380797801021545,0.5200000000000005,True
37.600926,76,178.486166,1.0,0.3195984651246353,19,0.5318238151778002,0.41000000000000036,True
30.069072,114,178.661139,1.0,0.31732950663659826,23,0.5605577261627649,0.6700000000000006,True
36.208418,84,178.787834,0.9921875,0.3188661082631697,19,0.5323720011212691,0.4700000000000004,True
35.563428,92,178.928217,0.9921875,0.3171987944410758,17,0.5113180958075431,0.49000000000000044,True
33.801888,95,179.057666,0.9921875,0.3185038603369472,21,0.4630297818328396,0.5200000000000005,True
28.839505,123,179.236063,0.9765625,0.3173917992398734,24,0.5534761101077342,0.6750000000000006,True
33.459828,92,179.378304,1.0,0.3178160266193186,21,0.5807771839292732,0.49000000000000044,True
31.986594,100,179.532892,1.0,0.3195105775202098,21,0.5289189567270179,0.6300000000000006,True
28.519389,126,180.693522,1.0,0.31949969728034344,24,0.5939458932251276,0.6950000000000006,True
32.383017,97,180.877018,1.0,0.31885540056521344,19,0.526322859034721,0.5250000000000005,True
34.46392,82,181.044751,1.0,0.3197453914893533,24,0.538310233007697,0.4550000000000004,True
28.989394,120,181.300716,1.0,0.31716585727620417,19,0.56341152814926,0.7400000000000007,True
31.009406,113,181.554286,1.0,0.318357219472032,21,0.5548296933358684,0.6400000000000006,True
30.395776,112,181.759794,1.0,0.31741259815640044,23,0.56447360709367,0.6900000000000006,True
32.498373,106,181.958942,1.0,0.31910783553450267,24,0.5703036851059462,0.5850000000000005,True
31.998219,110,182.193069,1.0,0.3186478003759351,20,0.5673449208299952,0.5750000000000005,True
25.998781,134,182.472705,1.0,0.31903861477517614,21,0.5196421149528732,0.7850000000000007,True
33.695735,94,182.697511,1.0,0.31868430967556993,24,0.5433781050969652,0.5250000000000005,True
33.522501,100,182.90959,1.0,0.3191006508157753,19,0.5436196787094396,0.5500000000000005,True
30.090516,127,183.099785,1.0,0.3195052726369675,19,0.5617240083657209,0.6550000000000006,True
34.24336,90,183.22817,0.984375,0.31851728277655644,24,0.52341815125031,0.49500000000000044,True
28.545695,112,183.389184,1.0,0.3184178013292001,21,0.5336459164737541,0.6100000000000005,True
33.767849,89,183.513741,1.0,0.31901795859992393,22,0.5559031104551772,0.5250000000000005,True
36.726758,82,183.634623,0.9921875,0.3184600998095865,20,0.5474592278762157,0.4300000000000004,True
34.612235,97,183.779687,1.0,0.3193905259887829,19,0.5691321479400343,0.5350000000000005,True
34.466005,92,183.913985,1.0,0.31914861123504473,21,0.5879738792166662,0.5450000000000005,True
35.713695,80,184.027602,0.9921875,0.3199381024562537,22,0.5359372552571977,0.4400000000000004,True
34.694308,89,184.168003,1.0,0.3197635523744654,22,0.5500747104416374,0.48500000000000043,True
32.064276,92,184.300731,1.0,0.3173485190631289,21,0.5550767487070931,0.5600000000000005,True
33.797431,92,184.433913,1.0,0.31778336397701973,21,0.5060506802133982,0.5250000000000005,True
35.409976,76,184.545077,0.9921875,0.3170732383157443,22,0.5321790515861268,0.41500000000000037,True
34.539874,95,184.685745,1.0,0.31775180847540707,25,0.6015602956431728,0.5250000000000005,True
37.803258,71,184.793713,1.0,0.31836251725106457,20,0.5342703462302955,0.40500000000000036,True
36.937784,82,184.910472,1.0,0.3198393244351964,22,0.5437891752279668,0.4400000000000004,True
33.107621,92,185.042225,1.0,0.3175082132531366,24,0.5624722633217447,0.5100000000000005,True
33.389248,102,185.203808,1.0,0.3184935474633753,20,0.5366129809885347,0.5700000000000005,True
35.85852,83,185.327282,1.0,0.31365010733686177,25,0.5290660569473894,0.48500000000000043,True
37.185998,74,185.438162,1.0,0.31978514775727807,25,0.5742745261371158,0.4200000000000004,True
35.397619,82,185.562803,0.9921875,0.31970057304437755,22,0.5074368549155459,0.4550000000000004,True
36.63892,74,185.674666,0.9921875,0.3194521014063909,21,0.5258664971057612,0.40000000000000036,True
28.44048,126,185.851461,1.0,0.31853692907171527,22,0.5214722670932613,0.6700000000000006,True
32.652308,97,186.000885,1.0,0.3199871802819555,21,0.5291390198992177,0.5850000000000005,True
36.734726,79,186.109603,0.9921875,0.3192444910905277,23,0.5204259135803858,0.4250000000000004,True
33.202229,93,186.255301,1.0,0.3185970021085991,22,0.5376189479046465,0.5400000000000005,True
33.513105,92,186.394062,1.0,0.318778391854841,20,0.539667710278214,0.5700000000000005,True
36.063313,75,186.498724,1.0,0.3199988154727659,22,0.5205379702073956,0.4250000000000004,True
38.799458,67,186.600297,1.0,0.3193418219589943,20,0.5489324967165522,0.3550000000000003,True
37.184649,77,186.707538,1.0,0.3193638917806014,18,0.5231778417733198,0.41500000000000037,True
36.074732,77,186.833174,1.0,0.31980194360244507,22,0.5339609076459819,0.4250000000000004,True
38.080467,72,186.934315,0.9921875,0.31998246759664406,22,0.5702482801315351,0.38000000000000034,True
31.253177,112,187.098044,1.0,0.3187845580604181,24,0.5723098669695286,0.5850000000000005,True
36.430631,82,187.244096,0.9921875,0.31903738816837135,24,0.545884694335498,0.4400000000000004,True
37.937048,72,187.34658,1.0,0.319872992086915,22,0.5523368355746473,0.39000000000000035,True
10.984361,131,187.535976,0.9765625,0.3471705547351502,20,0.5304714785169716,1.0000000000000007,False
28.214483,102,187.682357,1.0,0.31867853792922884,23,0.5553573130981484,0.6600000000000006,True
36.869365,80,187.802657,0.9765625,0.3188332902162115,22,0.5531393309386237,0.4400000000000004,True
25.020144,127,187.990796,1.0,0.31916432606046197,21,0.525662576720319,0.8300000000000007,True
34.393609,89,188.121208,1.0,0.3198079730627514,22,0.5703280384703907,0.5350000000000005,True
33.099519,101,188.283051,1.0,0.3198757104416302,20,0.5299586311475835,0.5400000000000005,True
32.805164,104,188.43728,0.984375,0.3183447983688669,25,0.582831437778968,0.5900000000000005,True
27.617291,134,188.632271,0.9609375,0.31966343270857944,21,0.5468696226770245,0.7050000000000006,True
30.930196,86,188.763572,1.0,0.3187886324586899,20,0.5230588992745642,0.4600000000000004,True
36.412474,83,188.900455,1.0,0.3193406107474205,21,0.5486125385184232,0.4550000000000004,True
35.45499,83,189.035125,0.9921875,0.31952161116978367,19,0.5417235327419865,0.4550000000000004,True
35.459108,84,189.165484,0.9921875,0.3183429574298363,21,0.5565273791547972,0.4450000000000004,True
33.458415,102,189.336729,0.984375,0.3194334925873052,23,0.5781495008474139,0.5700000000000005,True
35.015344,80,189.459645,1.0,0.31973128423591823,23,0.5373537218708303,0.4200000000000004,True
31.780934,112,189.628057,1.0,0.31870331657643625,24,0.553866254890745,0.6200000000000006,True
38.877708,66,189.722797,1.0,0.31970658271720437,23,0.5106942257053213,0.3500000000000003,True
37.614934,72,189.831604,1.0,0.3198552363141197,19,0.5581163134481395,0.39000000000000035,True
34.422563,97,189.975104,1.0,0.31835562853301025,21,0.5548213981754301,0.5250000000000005,True
33.42238,98,190.119685,0.984375,0.31994899090514756,17,0.5351437741492636,0.5150000000000005,True
34.584146,90,190.261781,0.9765625,0.3177838057495121,20,0.5715496556125704,0.5400000000000005,True
34.916486,96,190.420477,1.0,0.3177246103742395,19,0.5390213691405581,0.5100000000000005,True
36.989475,77,190.537114,1.0,0.3180715852525452,23,0.548848295890841,0.4250000000000004,True
38.150537,72,190.647312,1.0,0.3199106863227745,22,0.5139662113599621,0.38000000000000034,True
29.230802,127,190.839734,0.9921875,0.3187035274818014,23,0.5455792047150874,0.6550000000000006,True
37.505432,71,190.941803,1.0,0.31853965408448387,23,0.574485174732464,0.41500000000000037,True
36.507257,82,191.058456,1.0,0.31833839228796923,20,0.5453728356746432,0.4400000000000004,True
33.039883,93,191.190711,0.9921875,0.3193990207479953,23,0.5477394146273142,0.5350000000000005,True
34.05073,88,191.324734,0.9921875,0.31815460756680114,21,0.5197574151182963,0.49500000000000044,True
35.98758,79,191.438695,1.0,0.3188524796620842,22,0.5179014686928054,0.41000000000000036,True
36.239944,83,191.55587,0.9921875,0.3199881019580517,21,0.5323090405777269,0.4650000000000004,True
32.807204,97,191.702476,1.0,0.31999739264445104,21,0.5356921779810331,0.5550000000000005,True
36.630266,79,191.824252,1.0,0.31952551056828415,21,0.533177797480609,0.4450000000000004,True
34.994309,83,191.941936,1.0,0.3190228945358393,17,0.4994272391106861,0.4600000000000004,True
34.141949,91,192.069789,1.0,0.3186991999466702,24,0.5424339007179518,0.49000000000000044,True
36.886403,80,192.180696,1.0,0.31850524760709836,21,0.571138700353367,0.4400000000000004,True
36.674352,80,192.293166,1.0,0.31991771769656446,19,0.5662468804998524,0.4300000000000004,True
36.57368,85,192.425598,0.9921875,0.31686994759053344,20,0.5465842946861991,0.4450000000000004,True
35.998692,86,192.548441,0.9921875,0.3190931733316117,22,0.5691631301794506,0.4600000000000004,True
35.598473,82,192.666517,0.984375,0.31986336162018625,26,0.5868142242680106,0.4800000000000004,True
36.915918,75,192.772902,1.0,0.31945870446716434,21,0.5530482228813975,0.39000000000000035,True
36.092804,86,192.905618,1.0,0.3196560483344717,23,0.5195569359588752,0.4700000000000004,True
31.869428,101,193.120853,1.0,0.3189062292674704,24,0.6045678741102729,0.5800000000000005,True
34.217955,92,193.290991,0.9921875,0.3196312398519513,23,0.5666271750593674,0.49500000000000044,True
36.863128,81,193.451004,1.0,0.31842838872356316,20,0.5348141712025399,0.4350000000000004,True
35.951561,84,193.601589,1.0,0.31825310993449235,19,0.5499386000413851,0.4700000000000004,True
34.942006,83,193.770978,1.0,0.3198124699523852,19,0.5356587071747577,0.4800000000000004,True
35.899858,78,193.934599,1.0,0.31925671799095734,20,0.52386339636025,0.4800000000000004,True
36.611379,76,194.077386,0.9921875,0.319791508299784,24,0.5424918459749293,0.4500000000000004,True
36.749887,77,194.216893,1.0,0.31892421101904916,22,0.5359993799365357,0.40500000000000036,True
32.890878,99,194.39862,1.0,0.3194575723834483,22,0.5591838871833109,0.5400000000000005,True
36.249344,84,194.572194,1.0,0.3192336035330059,21,0.5318827235314412,0.4700000000000004,True
38.27834,72,194.712798,1.0,0.3198008562326224,21,0.5308390585590667,0.38000000000000034,True
32.169385,93,194.907264,0.984375,0.31974945518701603,20,0.5330210467237354,0.5400000000000005,True
31.793683,92,195.078266,1.0,0.31812984283750023,21,0.5779200496609083,0.5700000000000005,True
36.293855,82,195.265205,1.0,0.3198531966309267,21,0.5679377929255212,0.4600000000000004,True
37.699179,71,195.424857,1.0,0.319829337467352,20,0.5577324130096631,0.40500000000000036,True
34.628364,84,195.564469,1.0,0.31971519830207873,20,0.5368845625271459,0.4800000000000004,True
35.599243,84,195.697136,1.0,0.31856435569485053,23,0.5295158724938351,0.4600000000000004,True
37.172836,78,195.81291,1.0,0.31921102787148053,19,0.5594116051385406,0.4200000000000004,True
31.536373,104,195.965883,0.9921875,0.31942428063131284,20,0.560235097302024,0.6500000000000006,True
36.729716,78,196.081384,1.0,0.3162358056303223,18,0.5344215929309011,0.4300000000000004,True
35.147646,81,196.197875,1.0,0.3185250392457296,23,0.5322035539515692,0.4700000000000004,True
34.797465,92,196.3372,1.0,0.3185232146279357,21,0.5410256088447513,0.49000000000000044,True
35.63318,84,196.476025,1.0,0.3192651594896685,21,0.5452120049655815,0.4800000000000004,True
35.84964,87,196.618908,1.0,0.3195355312056699,22,0.554451294637397,0.4750000000000004,True
37.255582,75,196.73086,1.0,0.3193379150013669,19,0.5550221890669088,0.4250000000000004,True
35.284384,82,197.461457,0.9921875,0.3193977270648952,21,0.5442613485929706,0.4550000000000004,True
34.995904,82,197.612472,0.9921875,0.3178325063568381,21,0.5427874996806218,0.4750000000000004,True
35.132746,85,197.744856,1.0,0.31892495433989865,22,0.5145235814467657,0.4650000000000004,True
33.96006,100,197.886416,0.9765625,0.31971183660349356,22,0.542311662112965,0.5400000000000005,True
31.591812,116,198.050472,1.0,0.3189922369551415,20,0.5437404224292547,0.6150000000000005,True
34.368938,96,198.185535,1.0,0.3195174855113328,19,0.5292563116655002,0.5100000000000005,True
28.863795,107,198.33513,1.0,0.3196543136536244,22,0.5484263621407133,0.6750000000000006,True
36.19366,82,198.454875,1.0,0.31843888607159737,24,0.5487159584248797,0.4500000000000004,True
31.186222,100,198.600853,0.9921875,0.31726908859322,21,0.5470438795537778,0.6100000000000005,True
34.559133,88,198.740039,1.0,0.3196920627596715,21,0.5363972572564608,0.48500000000000043,True
33.918228,93,198.871827,1.0,0.3193423983548237,22,0.5255338481535298,0.5200000000000005,True
32.742233,101,199.014718,0.9921875,0.316675576053255,22,0.5791771493641477,0.5700000000000005,True
8.475949,172,199.259929,0.9921875,0.3251300923160879,18,0.5324297449606338,1.0000000000000007,False
30.132335,112,199.427482,1.0,0.3195126723811378,19,0.5682676850962669,0.6250000000000006,True
33.700015,100,199.57248,1.0,0.3195944212282485,23,0.568991169527298,0.5400000000000005,True
35.891922,79,199.702923,1.0,0.31892469687155445,23,0.5445432603792564,0.4300000000000004,True
34.944526,94,199.840693,0.984375,0.3164291982790838,25,0.5650394104849552,0.5200000000000005,True
35.625681,85,199.958508,1.0,0.3148033817361349,23,0.5544399968502138,0.48500000000000043,True
37.934495,74,200.060695,0.9921875,0.31952926313157426,22,0.5422670875033417,0.39000000000000035,True
35.531786,83,200.178983,1.0,0.31984439812531407,21,0.5917488086702396,0.4500000000000004,True
38.343159,68,200.279041,1.0,0.3184814823604537,21,0.522830891607469,0.37000000000000033,True
34.826975,92,200.41143,1.0,0.31853020870851556,20,0.5071409250050259,0.5200000000000005,True
35.036343,92,200.540033,0.9921875,0.3193622802512541,20,0.5153932957213612,0.4800000000000004,True
35.913095,82,200.666923,0.9921875,0.31724808635517443,20,0.49748754516913607,0.4700000000000004,True
33.736878,79,200.790738,0.9921875,0.3193083703781372,23,0.5411549015899516,0.4300000000000004,True
33.013907,100,200.933249,1.0,0.3197325035561965,23,0.5451556338299215,0.5600000000000005,True
37.632956,75,201.043102,1.0,0.3196144212724554,20,0.5284387411747102,0.40500000000000036,True
38.839081,68,201.139777,1.0,0.3193591083029614,23,0.5754338906300777,0.3500000000000003,True
34.751939,89,201.264709,1.0,0.31683421959435026,20,0.5535660530620968,0.48500000000000043,True
33.896351,88,201.390636,1.0,0.3176784272859533,20,0.550919148104832,0.5500000000000005,True
36.283084,83,201.510432,1.0,0.31919588402374194,18,0.521705342719735,0.4450000000000004,True
32.229861,108,201.670848,1.0,0.31617483086517384,21,0.5366327530404762,0.5700000000000005,True
35.087392,77,201.792232,1.0,0.319556563049159,22,0.5572030638344834,0.4250000000000004,True
36.357231,83,201.912455,1.0,0.3185577055006836,22,0.5706940566849448,0.4450000000000004,True
34.21438,90,202.041424,1.0,0.31882064930633264,21,0.5464499353187675,0.49500000000000044,True
34.070925,91,202.167177,1.0,0.3188145810374609,22,0.5345349452814271,0.5050000000000004,True
36.532491,84,202.286502,0.96875,0.3172238166835747,18,0.48988005513213373,0.4500000000000004,True
36.354596,82,202.411858,1.0,0.31902531498287284,21,0.5307894072616199,0.4400000000000004,True
35.224294,75,202.525798,1.0,0.31864204117618644,23,0.5595644194681638,0.4200000000000004,True
36.106743,79,202.646905,1.0,0.31917144859474356,19,0.5421080980494486,0.4250000000000004,True
34.490113,87,202.788312,1.0,0.3196931161907811,20,0.5400432218080525,0.4800000000000004,True
36.075948,78,202.90548,1.0,0.31983523654668633,22,0.5406209508115588,0.4250000000000004,True
34.404482,89,203.034301,1.0,0.31879154889351013,24,0.5288580498400794,0.5250000000000005,True
35.20184,86,203.157222,1.0,0.3196420320329399,21,0.5626520033438563,0.4600000000000004,True
36.108998,88,203.295556,1.0,0.3191586786771955,23,0.602640054433321,0.4500000000000004,True
35.193151,82,203.431288,1.0,0.31984555179147256,21,0.561783946203355,0.4600000000000004,True
35.530952,84,203.554739,1.0,0.31768466522802963,24,0.5624344410749939,0.5000000000000004,True
32.521897,91,203.689273,0.9921875,0.31973743803825816,24,0.5654490005364898,0.5350000000000005,True
37.599154,73,203.80938,1.0,0.31856004065705346,23,0.5452074641400999,0.40500000000000036,True
35.694262,89,203.941005,0.96875,0.319632331842279,22,0.5068067424886422,0.48500000000000043,True
30.792306,108,204.102872,0.984375,0.3196252933282854,18,0.5699042754047872,0.6050000000000005,True
37.066375,81,204.225041,1.0,0.3194437323048001,24,0.5746028555726337,0.4350000000000004,True
34.648469,85,204.357332,1.0,0.31944561777277336,24,0.5291972185473909,0.4750000000000004,True
36.2819,84,204.484349,1.0,0.3182795418894177,23,0.5443294834897776,0.4600000000000004,True
36.327788,83,204.612067,1.0,0.31714439474661865,22,0.5384029048939603,0.4650000000000004,True
31.729894,104,204.767079,1.0,0.31918827250842424,19,0.5298502523480428,0.5650000000000005,True
35.63494,81,204.925191,1.0,0.31948108918062607,22,0.5360566788230687,0.4400000000000004,True
35.779885,86,205.053186,0.9921875,0.317281365136871,21,0.5721773829070819,0.4700000000000004,True
35.945585,78,205.167083,1.0,0.3182129761972708,23,0.5764144735688197,0.4300000000000004,True
37.818307,74,205.272399,0.9921875,0.31886770825848215,22,0.5596317248217093,0.40000000000000036,True
37.576735,75,205.38187,1.0,0.3174048176120278,23,0.5544214843663602,0.40500000000000036,True
32.666282,91,205.556328,0.984375,0.3192652352989261,22,0.5287813789219701,0.5200000000000005,True
35.325335,85,205.734832,1.0,0.31966862249995454,24,0.5782123122738431,0.5050000000000004,True
34.688254,89,205.939387,0.984375,0.31959963137906566,20,0.591816051822715,0.5350000000000005,True
32.309957,94,206.113941,1.0,0.3187359330438046,20,0.5617147100740728,0.5700000000000005,True
34.391143,91,206.28765,1.0,0.3192192692325462,23,0.5688553196819068,0.5450000000000005,True
34.782348,88,206.481846,0.9921875,0.3190768924775267,20,0.5649930989074609,0.5200000000000005,True
34.064111,88,206.65851,0.9921875,0.3193251964836583,24,0.5609016414176853,0.5150000000000005,True
32.204949,112,206.874105,1.0,0.31836326499311113,23,0.5859428056807814,0.6000000000000005,True
37.949924,76,207.028377,1.0,0.31707923893206535,20,0.5767280588471825,0.39000000000000035,True
29.185186,108,207.221675,1.0,0.3198923157334136,25,0.5728919477292599,0.7400000000000007,True
34.772447,84,207.39544,1.0,0.31853113655962784,25,0.5524419737070264,0.4800000000000004,True
37.949853,75,207.539603,1.0,0.31970550711659695,24,0.5581489792976353,0.38500000000000034,True
34.867094,88,207.730127,1.0,0.3166679381886697,23,0.5606515779589907,0.4750000000000004,True
36.769346,79,207.908391,1.0,0.31900379304243004,25,0.5794347617394269,0.4450000000000004,True
34.059997,78,208.068587,1.0,0.3189404175482468,21,0.5572029888713524,0.4700000000000004,True
37.69521,74,208.175682,1.0,0.31954436523129043,22,0.556252075815076,0.40000000000000036,True
-6.436912,130,208.361455,0.984375,0.31799481619771774,25,0.5593151401666451,0.7100000000000006,True
34.72404,93,208.499049,0.984375,0.31949970190173654,23,0.5808409221351021,0.5250000000000005,True
35.690084,73,208.615266,1.0,0.3198135643074774,23,0.5475949077307022,0.40000000000000036,True
35.871906,84,208.741686,1.0,0.3186444471714651,20,0.5180907521633674,0.4800000000000004,True
36.016051,88,208.876119,0.984375,0.318274979699612,24,0.60861170666259,0.4800000000000004,True
34.812255,84,208.999633,0.984375,0.3196650003942122,21,0.5539538360568984,0.4650000000000004,True
36.232195,75,209.12435,1.0,0.3196856034016517,19,0.5697479881857621,0.4200000000000004,True
36.068811,78,209.244441,0.9921875,0.31981243872341236,21,0.5694698996448564,0.41500000000000037,True
34.905959,86,209.382425,1.0,0.3160343760634753,22,0.5335138541123152,0.5200000000000005,True
37.055621,81,209.514616,1.0,0.3198535266390964,24,0.5596427633813376,0.4250000000000004,True
34.687569,87,209.658742,1.0,0.3182511301209192,23,0.5810154052821929,0.49500000000000044,True
36.694605,74,209.774854,1.0,0.31779739402910434,23,0.5484401462776987,0.40500000000000036,True
36.025954,77,209.898234,1.0,0.31879821664139973,19,0.5065756747372301,0.4300000000000004,True
37.132199,76,210.008172,1.0,0.317198975778736,23,0.5490976458143229,0.4300000000000004,True
36.406499,84,210.140813,1.0,0.3191845283287006,22,0.5359807963313347,0.4700000000000004,True
34.747952,92,210.272874,1.0,0.3180918660010132,23,0.5489071118085856,0.5200000000000005,True
39.10787,67,210.383225,1.0,0.319331393260381,24,0.5138491066822972,0.3450000000000003,True
34.924811,88,210.518277,1.0,0.3194106440883946,23,0.561985961430689,0.4750000000000004,True
35.906109,77,210.637862,1.0,0.3192594533271399,21,0.519974314926958,0.4350000000000004,True
37.593405,74,210.753115,0.9921875,0.3193042781757047,21,0.5635636387358477,0.40000000000000036,True
37.997868,72,210.865695,1.0,0.3191319282059233,21,0.5226008933945206,0.39000000000000035,True
36.926427,79,210.98755,1.0,0.31931791109831753,24,0.5817950349701356,0.4250000000000004,True
35.067526,83,211.11974,0.9921875,0.31493450483837043,19,0.5594318646448827,0.5050000000000004,True
37.550066,79,211.240864,1.0,0.3192573243259238,20,0.5242941186028822,0.40500000000000036,True
36.044599,80,211.363123,1.0,0.3181300116585598,21,0.5318097696487624,0.4200000000000004,True
35.079087,86,211.501492,0.9921875,0.31957234489859765,21,0.5147688794701257,0.4600000000000004,True
37.670374,73,211.624548,1.0,0.3162783272118559,19,0.533313761547388,0.39500000000000035,True
36.933067,73,211.741501,1.0,0.3187187164434634,23,0.5115239722118831,0.39000000000000035,True
37.363993,80,211.862949,0.984375,0.31834417177205254,17,0.5344458212229763,0.4200000000000004,True
35.64902,73,211.970922,0.9921875,0.31805247791547736,20,0.5379886588941583,0.41000000000000036,True
36.047474,87,212.096881,1.0,0.3175503588978551,20,0.5316970843734711,0.4650000000000004,True
36.408705,79,212.229527,1.0,0.31851818574202334,21,0.5128060471546827,0.4550000000000004,True
33.847074,93,212.372765,1.0,0.3178048470337783,20,0.5119313515204383,0.5450000000000005,True
37.153645,77,212.490438,0.9921875,0.3193692922049073,18,0.5438973210598855,0.4250000000000004,True
37.347437,79,212.616304,1.0,0.3182005265886876,23,0.5234282657723486,0.41500000000000037,True
38.162626,69,212.720834,1.0,0.3171354021056131,21,0.5181699554583712,0.37500000000000033,True
37.478852,76,212.829835,1.0,0.318533719950819,23,0.5274990405669285,0.41000000000000036,True
32.20643,111,212.986922,1.0,0.31878013709389574,19,0.519662656777787,0.5750000000000005,True
30.205025,113,213.144052,0.9921875,0.31682776130209517,20,0.48650396079440034,0.6300000000000006,True
34.766125,92,213.897868,1.0,0.31905089980527374,24,0.5301727924583334,0.5100000000000005,True
31.222919,107,214.065478,1.0,0.31962670070499,18,0.5588709300681932,0.6650000000000006,True
32.399842,92,214.220417,1.0,0.31989924319691576,22,0.5567813530293511,0.5650000000000005,True
34.554181,88,214.350681,1.0,0.3192330796324349,23,0.5361318113923383,0.4800000000000004,True
37.555876,74,214.464495,1.0,0.31918322005592004,17,0.5482006945528615,0.41000000000000036,True
35.144871,91,214.60289,1.0,0.3194744653120752,21,0.5378207107414643,0.48500000000000043,True
35.465076,82,214.730874,1.0,0.318767149990118,21,0.5827872042307001,0.4550000000000004,True
36.734442,83,214.862754,1.0,0.31849040746699686,21,0.5682629062851721,0.4450000000000004,True
37.444347,76,214.981889,0.9921875,0.31996769006903597,21,0.5281371495562399,0.41000000000000036,True
32.265705,94,215.128279,1.0,0.3197587462559623,23,0.5418946641355873,0.6300000000000006,True
35.508627,93,215.281188,0.9765625,0.31954529730195547,21,0.5044624110104976,0.48500000000000043,True
34.765177,83,215.400363,1.0,0.31903776420978514,23,0.5494681058760293,0.49000000000000044,True
36.541843,84,215.525516,1.0,0.31868598942346404,21,0.5329913621229649,0.4500000000000004,True
36.748442,82,215.643949,1.0,0.31994243389741606,23,0.5764818056100043,0.4400000000000004,True
34.873134,93,215.789421,1.0,0.31830527280028476,22,0.549136861539131,0.5150000000000005,True
31.001377,100,215.944006,1.0,0.3183744137362444,21,0.5206003539233051,0.6150000000000005,True
32.540112,91,216.084724,1.0,0.3196943618027868,22,0.5250941715955383,0.5250000000000005,True
36.806565,80,216.210403,1.0,0.31927747103707427,23,0.5303682733096107,0.4400000000000004,True
36.346522,79,216.34096,1.0,0.31982019084408025,19,0.5392932786661332,0.4550000000000004,True
35.534177,84,216.476581,1.0,0.3197856585428577,21,0.5423742571247012,0.49000000000000044,True
30.390946,112,216.651193,1.0,0.3193492950782004,22,0.5340951136578489,0.6050000000000005,True
35.074911,79,216.780561,1.0,0.3161406081039687,22,0.5429647733022985,0.4300000000000004,True
29.878067,104,216.936108,1.0,0.31738417059064783,23,0.5614654870106904,0.6200000000000006,True
35.975053,85,217.0597,1.0,0.3180227035720091,23,0.5702489027829136,0.4650000000000004,True
30.486861,103,217.212301,1.0,0.3194089184460671,21,0.550917937554251,0.6950000000000006,True
37.354721,75,217.335265,1.0,0.3194010838174196,24,0.5586445194210953,0.40500000000000036,True
37.551725,75,217.443087,1.0,0.31958531740841284,22,0.548126468164109,0.41500000000000037,True
37.388855,77,217.557605,1.0,0.3178468491893349,23,0.5426161444107199,0.41500000000000037,True
33.834808,87,217.687406,1.0,0.31967280379185403,23,0.5616641977680279,0.5150000000000005,True
37.80929,75,217.7986,0.9921875,0.3180764505339557,22,0.5734667897849993,0.40500000000000036,True
34.322952,90,217.934677,1.0,0.31791227260897137,21,0.5668361953883427,0.49000000000000044,True
26.148453,147,218.219212,0.9765625,0.3140914232526965,23,0.5559251005550725,0.8050000000000007,True
38.19987,73,218.376888,0.9921875,0.3197962949056857,21,0.555505937942219,0.37500000000000033,True
35.733706,78,218.518646,1.0,0.3195372939733232,22,0.5357258227614564,0.4350000000000004,True
33.091101,91,218.689084,0.9921875,0.31909982793223246,20,0.5512180491607063,0.49000000000000044,True
36.844717,76,218.830904,0.9921875,0.319724056983719,19,0.53015693218071,0.40000000000000036,True
35.906647,76,219.004366,1.0,0.31873075298226694,22,0.5409559653128423,0.4350000000000004,True
36.919731,83,219.200977,1.0,0.31683909316674547,26,0.5562083759110716,0.4250000000000004,True
35.245935,79,219.365677,1.0,0.31859763435158084,22,0.5155439807941111,0.4550000000000004,True
35.713288,84,219.533124,0.9921875,0.31850052454345157,21,0.5273121556776519,0.4500000000000004,True
36.531159,84,219.696565,1.0,0.3189951199462774,22,0.5534791899841184,0.4400000000000004,True
37.942393,73,219.827322,1.0,0.3190914711624445,24,0.5566524017035742,0.39500000000000035,True
34.172062,89,220.011306,1.0,0.3190554594102279,23,0.5631247515686939,0.4600000000000004,True
35.246997,83,220.163038,1.0,0.31905294584751365,18,0.5268825405603648,0.4550000000000004,True
36.290421,79,220.346235,1.0,0.31936654848676377,24,0.5389147050348092,0.41500000000000037,True
37.599185,75,220.524481,1.0,0.3185454973837346,19,0.5334988391833158,0.39500000000000035,True
36.256047,78,220.673477,1.0,0.3186491014562615,23,0.5783748276346575,0.41000000000000036,True
31.293772,118,220.848785,0.9921875,0.3168586727649918,23,0.555293169344389,0.6100000000000005,True
28.147541,117,221.03423,1.0,0.31854770798301046,24,0.5798370428497088,0.6500000000000006,True
38.182957,73,221.146252,1.0,0.31854303822928787,23,0.5298803997959795,0.38500000000000034,True
33.327103,86,221.274012,1.0,0.3194784189930159,20,0.5502473639916848,0.4800000000000004,True
33.248431,91,221.408884,1.0,0.319292537628712,23,0.5322392589324401,0.5050000000000004,True
35.924875,91,221.56253,1.0,0.3196897815185992,20,0.5145698992473031,0.4750000000000004,True
36.021021,82,221.6847,1.0,0.31501377396511665,25,0.56467901176674,0.4350000000000004,True
29.491719,118,221.86242,1.0,0.31959339422378663,20,0.5508661054273134,0.7300000000000006,True
35.084789,88,221.994591,1.0,0.3185372670297382,24,0.5461299666334725,0.4650000000000004,True
29.063399,98,222.137948,1.0,0.31805931278115024,23,0.5427630675124259,0.5500000000000005,True
38.311739,70,222.245694,1.0,0.31890662824470084,24,0.5312768728348133,0.38000000000000034,True
28.555026,118,222.420343,1.0,0.3187202197134903,21,0.5212705738536096,0.6850000000000006,True
27.247943,131,222.638012,0.9921875,0.316812960929836,23,0.5645453080003735,0.7400000000000007,True
7.327685,158,222.867343,1.0,0.33924915561459973,20,0.5211441590759387,1.0000000000000007,False
36.706262,74,222.97222,1.0,0.31870399700752516,18,0.5489730280153989,0.41000000000000036,True
35.508726,90,223.101285,1.0,0.3195710207642384,18,0.5357144450147934,0.5000000000000004,True
35.255749,91,223.227952,0.9921875,0.31830142773256054,23,0.5258467061513108,0.5050000000000004,True
37.87931,73,223.332119,1.0,0.31952562028040865,23,0.556039626110583,0.39500000000000035,True
35.835225,79,223.440798,1.0,0.31753971860478764,21,0.5460956579372501,0.4400000000000004,True
36.691812,83,223.558207,1.0,0.31782795985017975,25,0.5331125667806841,0.4450000000000004,True
36.34689,84,223.689861,1.0,0.31942310537792595,22,0.5244529114935704,0.4600000000000004,True
31.8143,101,223.842831,1.0,0.31903338886838917,22,0.5540574044010339,0.6000000000000005,True
36.527815,84,223.97363,1.0,0.3182451052988574,22,0.555228394250912,0.4600000000000004,True
35.296282,86,224.094805,1.0,0.319863404911317,23,0.5558648027786316,0.4600000000000004,True
28.13074,115,224.257074,0.9921875,0.3191824491990103,22,0.5621920903661543,0.6950000000000006,True
37.684847,74,224.359928,1.0,0.31911893456060025,25,0.5399760496257436,0.40000000000000036,True
31.469802,106,224.515429,1.0,0.3176213466546042,24,0.5507047868772567,0.6400000000000006,True
32.928408,102,224.671358,1.0,0.3180782081607747,24,0.5620404925450658,0.5650000000000005,True
32.328674,108,224.8283,1.0,0.3190241721791701,24,0.5601073302224834,0.5900000000000005,True
35.892668,89,224.953128,0.9921875,0.31874271654516345,19,0.5356907928032691,0.4750000000000004,True
32.242286,97,225.091647,1.0,0.3189824069057946,23,0.5488975521988514,0.5500000000000005,True
33.447824,102,225.237949,1.0,0.31794055689961886,23,0.5437800722845237,0.5800000000000005,True
36.554801,81,225.354249,1.0,0.31990403006102464,24,0.5644077182082404,0.4450000000000004,True
35.43619,81,225.473097,1.0,0.31847982825282706,23,0.5168467246136518,0.4650000000000004,True
35.411399,81,225.595575,1.0,0.31818948681387704,23,0.5271512381395401,0.4600000000000004,True
6.304383,149,225.822923,0.9921875,0.3882889528137335,20,0.5057985062499623,1.0000000000000009,False
37.475981,78,225.936911,1.0,0.31920915538458156,24,0.5512051579514297,0.41000000000000036,True
31.337281,101,226.078341,1.0,0.31998394316037204,22,0.5712564257888515,0.5650000000000005,True
33.596149,96,226.214516,1.0,0.31995758968545196,23,0.5604731457441993,0.5150000000000005,True
25.502934,112,226.375127,1.0,0.31804104507566533,23,0.5669826100365174,0.7300000000000006,True
35.360009,88,226.504499,1.0,0.3184140672410536,19,0.49647541137022255,0.5100000000000005,True
9.090915,132,226.713609,1.0,0.36132795745308416,19,0.5180441944730874,1.0000000000000007,False
35.433001,90,226.855878,1.0,0.31934092823204163,24,0.5761028519976846,0.5000000000000004,True
38.526203,70,226.965811,1.0,0.3192674182640154,21,0.5250943756737783,0.37000000000000033,True
24.284014,129,227.1525,1.0,0.3189787005643614,23,0.546758185236169,0.9100000000000008,True
30.658214,107,227.30926,1.0,0.31863924341527117,24,0.6080602035455154,0.6350000000000006,True
30.801206,113,227.470432,1.0,0.31910778391858485,18,0.5259421081779545,0.6400000000000006,True
36.040806,85,227.599935,1.0,0.31981902276055396,20,0.5400519764426389,0.4750000000000004,True
34.561081,97,227.763908,1.0,0.3192905700114581,22,0.6016424497066174,0.5150000000000005,True
34.120718,91,227.894169,1.0,0.31933569063874967,22,0.5542536899648216,0.49000000000000044,True
36.84605,79,228.011722,1.0,0.31872269435108,24,0.553272942576578,0.4350000000000004,True
33.130099,100,228.156754,1.0,0.3192911883246225,23,0.5782176022668785,0.5200000000000005,True
34.683154,88,228.284708,1.0,0.31813400474713527,23,0.5446904386140148,0.48500000000000043,True
9.012125,158,228.512083,0.9921875,0.3284629236632211,19,0.5636708789811173,1.0000000000000009,False
37.458887,73,228.622338,1.0,0.3191239540415176,23,0.543948050528908,0.40500000000000036,True
34.830552,91,228.769077,1.0,0.319195698442981,22,0.5538732101440631,0.5150000000000005,True
35.144749,86,228.892582,1.0,0.31914975520759004,25,0.5360291421548314,0.4600000000000004,True
37.229834,76,229.004174,1.0,0.3181008970748873,24,0.5526693867155044,0.4200000000000004,True
33.505328,95,229.144865,1.0,0.3178724100479039,22,0.5424639668879452,0.5200000000000005,True
29.237015,114,229.308694,1.0,0.3189272766043555,23,0.5604572204577801,0.6400000000000006,True
33.927343,92,229.443494,1.0,0.3193867139912586,22,0.5478444584553341,0.5600000000000005,True
31.876492,105,230.157841,0.984375,0.3184056019534437,24,0.5882095846867805,0.5700000000000005,True
36.87454,78,230.268733,1.0,0.3189881167704126,21,0.530586523718843,0.4400000000000004,True
35.581328,91,230.395858,0.96875,0.3189158842664359,19,0.5162066626054107,0.5050000000000004,True
32.370153,105,230.544401,0.9765625,0.31991093486654426,24,0.5696180275090712,0.5800000000000005,True
34.367412,84,230.713406,0.9921875,0.3185954453822447,23,0.5776518130654311,0.4650000000000004,True
35.045809,86,230.911096,1.0,0.31884506849878486,24,0.5516521683415175,0.4750000000000004,True
36.895911,77,231.055707,1.0,0.31947447893410474,20,0.5816720958569148,0.4250000000000004,True
33.014192,99,231.233956,1.0,0.31929154906053436,23,0.5444023599775651,0.5500000000000005,True
34.257723,104,231.421685,1.0,0.31729707170231497,23,0.5697945288049815,0.5500000000000005,True
35.869723,89,231.621734,1.0,0.31934036867370885,20,0.5447614737035154,0.48500000000000043,True
36.55722,76,231.781297,1.0,0.3171335214026077,22,0.5568206990805005,0.41500000000000037,True
24.968956,131,232.035049,1.0,0.3192854628546003,23,0.5713033592665787,0.9050000000000008,True
35.72422,86,232.18577,1.0,0.31765293870524586,25,0.5323640893001639,0.5000000000000004,True
34.303413,98,232.366197,1.0,0.31802289347446216,20,0.5540802972086072,0.5300000000000005,True
35.951639,90,232.550221,1.0,0.3166899329366475,21,0.5416659065448499,0.4800000000000004,True
35.387201,92,232.736187,1.0,0.3181806482688263,24,0.5887711164173093,0.49000000000000044,True
33.96506,94,232.94509,1.0,0.3197564038388855,22,0.5916065945163659,0.5200000000000005,True
30.46964,101,233.175612,1.0,0.31777628686738235,23,0.555195173713095,0.5300000000000005,True
34.006252,102,233.325147,1.0,0.3187866418485355,26,0.5983490447885436,0.5600000000000005,True
30.105047,107,233.479525,1.0,0.31781900453317746,21,0.517733284424567,0.6600000000000006,True
36.754397,83,233.606632,0.9921875,0.3190802362413352,23,0.5184979920977265,0.4350000000000004,True
34.385608,96,233.743639,1.0,0.3190887665948349,22,0.5628590149016405,0.5400000000000005,True
34.515714,96,233.880682,1.0,0.3176068819435354,22,0.5402879933974122,0.5300000000000005,True
32.750761,98,234.032406,1.0,0.3172743317108464,19,0.5639524689415933,0.5300000000000005,True
34.726361,87,234.169906,1.0,0.31986056177530503,23,0.5521664834129072,0.49000000000000044,True
34.024582,88,234.29667,1.0,0.31835160504374427,24,0.5275529497475444,0.5150000000000005,True
33.119359,96,234.436427,1.0,0.31860678487605126,21,0.5476857563509037,0.5400000000000005,True
29.307339,97,234.57885,1.0,0.3188562233823815,23,0.5388038640261568,0.5350000000000005,True
35.712041,89,234.710501,1.0,0.3189951321478572,22,0.5564685961645819,0.49500000000000044,True
37.442948,76,234.81744,1.0,0.3196267804638291,21,0.5237881629442671,0.40000000000000036,True
32.397999,92,234.946516,1.0,0.31892936655424187,20,0.528407860482713,0.5300000000000005,True
36.626586,76,235.063744,1.0,0.3168369416562047,24,0.5195465533674969,0.4500000000000004,True
33.866532,84,235.183535,1.0,0.3192988430473535,18,0.557092011537629,0.4750000000000004,True
37.551599,73,235.29079,1.0,0.3195390869862046,23,0.5270615630771034,0.40500000000000036,True
34.403071,94,235.423612,1.0,0.3194441493689165,25,0.5344250981981344,0.5200000000000005,True
35.585587,85,235.547077,1.0,0.3181180938945839,23,0.5720408036712917,0.49500000000000044,True
37.148104,80,235.664508,0.9765625,0.31873855955809843,21,0.550199739584577,0.4300000000000004,True
33.291189,85,235.796838,0.984375,0.31800315198618007,22,0.5355372731243799,0.4550000000000004,True
30.06695,110,235.958524,1.0,0.31790150608447676,25,0.5465661477230067,0.7100000000000006,True
34.308982,97,236.109019,1.0,0.319636044967924,23,0.5530157173341806,0.5450000000000005,True
35.022692,92,236.242632,0.984375,0.3157310837606606,23,0.573112512194154,0.5000000000000004,True
36.663119,77,236.356233,1.0,0.3183402211414872,24,0.5429617941061531,0.41000000000000036,True
35.393724,75,236.46581,1.0,0.3195372523217833,20,0.5437456737198509,0.41500000000000037,True
35.107091,91,236.598547,1.0,0.31759312951655644,23,0.5607370379537191,0.5150000000000005,True
38.234106,73,236.705146,1.0,0.3192974885322607,23,0.5474968719205227,0.38500000000000034,True
35.156071,86,236.829116,1.0,0.3198620407353843,21,0.5700687823801348,0.4650000000000004,True
36.987637,78,236.943218,1.0,0.3176576745296302,21,0.5565192840980044,0.4300000000000004,True
33.157989,85,237.068875,1.0,0.31963421218796584,21,0.5360524005052836,0.4700000000000004,True
35.56332,80,237.187377,1.0,0.318924796700863,22,0.5538010241194589,0.4550000000000004,True
35.518876,90,237.318536,1.0,0.3199671648154256,20,0.5385275834291531,0.49000000000000044,True
36.98324,81,237.438315,0.9921875,0.3190490257764962,21,0.5248802072790469,0.4350000000000004,True
37.554154,77,237.549076,0.9921875,0.31959260259144195,23,0.5405151337196803,0.41500000000000037,True
31.52158,102,237.704418,0.9921875,0.3191539996145666,22,0.5389453567903213,0.5700000000000005,True
35.361703,75,237.822523,1.0,0.3188972296765944,23,0.5219806537011913,0.41500000000000037,True
37.571924,76,237.935978,1.0,0.3179658837586604,21,0.544632758656921,0.41000000000000036,True
37.033229,80,238.05079,1.0,0.31856366373449163,21,0.5424785842319283,0.4400000000000004,True
32.945997,102,238.210224,1.0,0.317714962304536,22,0.5149069832187331,0.5550000000000005,True
38.126085,72,238.31379,1.0,0.3176979608781618,21,0.5474310863763246,0.38000000000000034,True
35.189577,86,238.440934,1.0,0.31897854615300103,24,0.5590156842016286,0.4650000000000004,True
31.557289,110,238.610452,1.0,0.3180683958213986,21,0.5126070746586724,0.6500000000000006,True
36.459712,84,238.737768,1.0,0.3187540948818495,25,0.5762193074621993,0.4500000000000004,True
36.319611,86,238.863387,1.0,0.31797570888597493,18,0.5329896265084422,0.4500000000000004,True
34.633195,86,238.995719,1.0,0.31877570991881155,24,0.5323913806469261,0.49500000000000044,True
35.279213,90,239.133787,1.0,0.3198745123635728,20,0.5046325382197187,0.5100000000000005,True
37.522419,76,239.25082,1.0,0.31761067243128077,22,0.5479120134665468,0.4200000000000004,True
32.102186,96,239.398929,1.0,0.3196069650476472,24,0.5573246664414911,0.5450000000000005,True
35.466384,92,239.532869,1.0,0.3188932668710073,20,0.5411735557261459,0.5000000000000004,True
36.606952,80,239.655294,1.0,0.31917261103305417,22,0.5567636873973734,0.4500000000000004,True
34.3104,82,239.779408,1.0,0.31835213024090847,23,0.5578194996653635,0.4600000000000004,True
35.44832,88,239.906763,0.984375,0.3140664000983057,22,0.5666822772803706,0.5000000000000004,True
35.826629,82,240.022596,1.0,0.3197989267498278,25,0.5546314021027912,0.49000000000000044,True
34.442593,85,240.143538,1.0,0.3182755369730646,23,0.5543802936932799,0.5000000000000004,True
36.240878,80,240.268951,1.0,0.3184888385049476,24,0.5630252543379357,0.4600000000000004,True
29.51744,122,240.447656,1.0,0.31922576924005674,18,0.5364836894951941,0.6900000000000006,True
32.411435,97,240.593655,1.0,0.3182361923847623,22,0.5556849037887568,0.6150000000000005,True
37.368355,76,240.701898,1.0,0.3192808202006392,22,0.5423337990313948,0.41000000000000036,True
36.906692,79,240.83509,1.0,0.31810611308609005,22,0.538434883506811,0.4350000000000004,True
36.462156,79,240.956601,1.0,0.31935647183776183,21,0.5396383875477084,0.4450000000000004,True
37.626471,73,241.064146,1.0,0.3179107659436923,19,0.55669986706566,0.40500000000000036,True
34.075315,92,241.213686,1.0,0.31925856298557137,23,0.5379492080996754,0.5050000000000004,True
37.64657,77,241.329274,1.0,0.318085600614622,24,0.547515487337074,0.40500000000000036,True
35.058088,84,241.451813,1.0,0.3187805056190647,23,0.5074705625071709,0.4650000000000004,True
34.129968,84,241.577706,1.0,0.3197405222744303,22,0.5149700142993654,0.4700000000000004,True
38.097659,71,241.713787,1.0,0.3197772581414484,22,0.5395418424870517,0.37500000000000033,True
34.790456,95,241.856734,0.9921875,0.3173117301806449,22,0.5478991893821342,0.5250000000000005,True
34.743976,83,241.972834,1.0,0.318026177165859,24,0.5364420776830982,0.49000000000000044,True
34.58358,87,242.099879,1.0,0.31849432879182793,24,0.5822749549358062,0.49000000000000044,True
37.483679,75,242.215928,1.0,0.3192246416794179,25,0.5470368080535234,0.41500000000000037,True
36.926861,79,242.342734,1.0,0.3163232260107998,24,0.5156216612541352,0.4450000000000004,True
21.276443,135,242.542361,1.0,0.3183423349116553,22,0.5327376212380662,0.9550000000000008,True
33.270844,88,242.678524,1.0,0.3198081478812742,22,0.5422565032312117,0.5050000000000004,True
34.858198,92,242.813776,1.0,0.31773162373975006,21,0.5304567189139959,0.5200000000000005,True
37.86803,75,242.921659,1.0,0.3197308655447917,21,0.5413841841101715,0.39500000000000035,True
34.26746,88,243.049417,1.0,0.31852582646888694,24,0.5403466526040424,0.5050000000000004,True
37.93497,73,243.154099,1.0,0.3181954636770854,20,0.540354565405345,0.39500000000000035,True
35.919135,78,243.334742,1.0,0.31812288754945545,24,0.5864475535158918,0.4350000000000004,True
37.148242,80,243.497527,1.0,0.3186047000823661,23,0.5567626208859594,0.4200000000000004,True
35.336572,79,243.649261,1.0,0.31929625524054506,21,0.5414919519584512,0.4600000000000004,True
37.451275,77,243.796461,1.0,0.3185172968753822,22,0.5581518045468326,0.4250000000000004,True
37.038798,78,243.93653,1.0,0.3173464645627978,23,0.539379783011936,0.4300000000000004,True
33.8019,82,244.11563,1.0,0.31969834326122093,23,0.5805764610869866,0.4400000000000004,True
34.207088,86,244.30007,1.0,0.31944598472662555,21,0.5280537891015371,0.5150000000000005,True
34.72012,88,244.485206,1.0,0.3183193718144251,25,0.5321721738352603,0.4800000000000004,True
36.992109,80,244.64181,1.0,0.31768208364136996,18,0.5252368305948457,0.4300000000000004,True
33.39672,80,244.794427,1.0,0.31893212908078283,21,0.5445007680631885,0.4600000000000004,True
37.142336,70,244.926127,1.0,0.31942080186955524,23,0.5529423610822591,0.39000000000000035,True
35.419331,83,245.094687,1.0,0.3198084570304178,22,0.5601726322178331,0.4450000000000004,True
37.188636,71,245.226925,1.0,0.31954692620168684,20,0.5138117537041067,0.38000000000000034,True
36.649894,80,245.39528,0.9921875,0.31862783349931006,21,0.5524814017585824,0.4400000000000004,True
35.372041,77,245.593812,1.0,0.31878096388129395,20,0.565675010817459,0.4250000000000004,True
32.362409,92,245.766862,1.0,0.31916070758169324,24,0.5317694701806455,0.5750000000000005,True
37.490618,75,245.870764,1.0,0.3187642705957108,23,0.5403204851381272,0.40500000000000036,True
33.880675,99,246.012982,0.9921875,0.3180415360579726,24,0.5599399103447974,0.5150000000000005,True
36.988171,79,246.126482,1.0,0.3196103945488539,21,0.5319512066615959,0.4250000000000004,True
38.11623,72,246.229724,1.0,0.31857962936150364,22,0.5449566756519825,0.39000000000000035,True
