#{"t_start": 1790446148.3396091, "env_id": "None"}
r,l,t,mean_uncertainty,energy_used,success
-2.317972,30,1.433743,0.959385787760811,0.2400000000000002,False
-2.115514,30,1.485493,0.9610118157840728,0.2400000000000002,False
-2.373461,30,1.53964,0.9639814388556838,0.2400000000000002,False
-1.904428,30,1.592355,0.9654745122337641,0.2400000000000002,False
-2.290589,30,1.647361,0.9670389287067996,0.2400000000000002,False
-2.179127,30,1.702682,0.9655515520982925,0.2400000000000002,False
-2.355752,30,1.759105,0.9665876654791886,0.2400000000000002,False
-2.336648,30,1.818197,0.9596799372230642,0.2400000000000002,False
-2.05007,30,2.52826,0.962719528447539,0.2400000000000002,False
-2.153835,30,2.586298,0.9593823657466934,0.2400000000000002,False
-2.177073,30,2.640926,0.9653439887260233,0.2400000000000002,False
-1.98922,30,2.695158,0.9627118465957936,0.2400000000000002,False
-2.354544,30,2.750398,0.9706623965688879,0.2400000000000002,False
5.029806,27,2.798664,0.9584251375018931,0.2160000000000002,True
5.317991,28,2.848516,0.959341863167747,0.2240000000000002,True
-2.135004,30,2.902324,0.9598392222180826,0.2400000000000002,False
5.867341,12,2.925308,0.957213219138094,0.09600000000000009,True
-2.42642,30,3.539074,0.9603933768109802,0.2400000000000002,False
-2.060805,30,3.595855,0.9617958302766045,0.2400000000000002,False
-1.663661,30,3.651049,0.9602192818115727,0.2400000000000002,False
-2.052494,30,3.707757,0.965663736603394,0.2400000000000002,False
5.265814,14,3.73559,0.9617854235920144,0.1120000000000001,True
-2.102633,30,3.788893,0.9614164752610633,0.2400000000000002,False
5.244138,28,3.837209,0.9622803807644595,0.2240000000000002,True
-2.427273,30,3.891579,0.9653238630291231,0.2400000000000002,False
-2.104095,30,3.946347,0.9634048653438403,0.2400000000000002,False
-1.758091,30,4.582958,0.9620276453168743,0.2400000000000002,False
-2.366387,30,4.639031,0.9700215190792194,0.2400000000000002,False
5.378163,28,4.689834,0.958011308370231,0.2240000000000002,True
5.503936,26,4.738492,0.9622562860609474,0.20800000000000018,True
-2.140986,30,4.795456,0.9636150448029537,0.2400000000000002,False
-2.065906,30,4.850349,0.9625282670147587,0.2400000000000002,False
5.443898,30,4.904581,0.9625775463287587,0.2400000000000002,True
-1.956003,30,4.958661,0.9611777950101791,0.2400000000000002,False
5.557203,26,5.009773,0.9609722961332899,0.20800000000000018,True
-1.536277,30,5.643116,0.9622847091926572,0.2400000000000002,False
-1.670434,30,5.701937,0.9621450900136013,0.2400000000000002,False
5.714562,20,5.740421,0.9604165605877133,0.16000000000000014,True
-2.192449,30,5.796319,0.9654788929618703,0.2400000000000002,False
-2.022376,30,5.850674,0.9652971718231975,0.2400000000000002,False
5.726789,12,5.875108,0.9605264226925516,0.09600000000000009,True
-2.365158,30,5.936048,0.9628622330282008,0.2400000000000002,False
5.629961,10,5.95376,0.9628939416127236,0.08000000000000007,True
-2.133776,30,6.007175,0.9622875866789578,0.2400000000000002,False
-1.890087,30,6.437905,0.959984667605964,0.2400000000000002,False
5.657344,27,6.487943,0.9614393478290775,0.2160000000000002,True
5.758286,14,7.151187,0.9649567135298505,0.1120000000000001,True
-1.887858,30,7.203004,0.9626576990355181,0.2400000000000002,False
-2.200444,30,7.256422,0.9603169612461845,0.2400000000000002,False
-2.173533,30,7.309716,0.9663487209432386,0.2400000000000002,False
-2.309772,30,7.361855,0.9662589276739404,0.2400000000000002,False
-2.05328,30,7.419536,0.9634486476070588,0.2400000000000002,False
5.729019,11,7.439785,0.9606511419891786,0.08800000000000008,True
5.65106,20,7.476341,0.9630525076560652,0.16000000000000014,True
-1.767616,30,7.529331,0.9602731212752742,0.2400000000000002,False
-1.887439,30,7.58689,0.9623583332190274,0.2400000000000002,False
5.256958,30,8.210518,0.9593172343000774,0.2400000000000002,True
5.184977,24,8.252785,0.9638970145832605,0.19200000000000017,True
5.41506,21,8.298851,0.9695944962873767,0.16800000000000015,True
-2.013164,30,8.355606,0.9602994513439884,0.2400000000000002,False
-2.169619,30,8.41605,0.9604945944066208,0.2400000000000002,False
5.745711,14,8.441388,0.9592144635277333,0.1120000000000001,True
5.694499,21,8.479656,0.9578258662689041,0.16800000000000015,True
5.307127,15,8.508381,0.9621775941069359,0.1200000000000001,True
5.488975,24,8.556534,0.964757071610415,0.19200000000000017,True
5.287531,22,8.596176,0.9595654962658458,0.17600000000000016,True
-1.779164,30,9.27477,0.9632613564108637,0.2400000000000002,False
5.312432,13,9.300059,0.9634441010240532,0.10400000000000009,True
-2.057542,30,9.358737,0.958814023029085,0.2400000000000002,False
5.727658,11,9.378846,0.9588903978011322,0.08800000000000008,True
5.537608,19,9.416329,0.9617189651058666,0.15200000000000014,True
-1.926311,30,9.478436,0.9593369052699204,0.2400000000000002,False
-1.838486,30,9.534275,0.959124350163485,0.2400000000000002,False
-1.971425,30,9.591147,0.9612778468489308,0.2400000000000002,False
-1.983367,30,9.645563,0.9599537607113391,0.2400000000000002,False
5.638504,13,9.676554,0.9673267327524016,0.10400000000000009,True
5.682129,23,9.728613,0.9625489620077798,0.18400000000000016,True
5.483332,6,9.739755,0.9591123463715716,0.04800000000000004,True
-1.912422,30,10.497818,0.9636933804619018,0.2400000000000002,False
5.444073,25,10.56305,0.9622350829917449,0.20000000000000018,True
5.296952,28,10.629872,0.9617551110493844,0.2240000000000002,True
5.205545,26,10.690629,0.9584436405473717,0.20800000000000018,True
-1.756579,30,10.770499,0.9615279111857012,0.2400000000000002,False
5.352953,18,10.81481,0.9611851038618848,0.14400000000000013,True
5.19503,29,10.883603,0.9627991638843822,0.2320000000000002,True
-1.534254,30,10.961119,0.9655294442182569,0.2400000000000002,False
5.650081,29,11.029255,0.9609010756779695,0.2320000000000002,True
-1.650656,30,11.103374,0.95948870029935,0.2400000000000002,False
5.358818,19,11.928864,0.9598989485030591,0.15200000000000014,True
5.343666,14,11.970234,0.965512710923415,0.1120000000000001,True
5.332217,12,12.003823,0.9595996794648348,0.09600000000000009,True
5.205095,25,12.076014,0.9637547122498747,0.20000000000000018,True
-1.932919,30,12.170381,0.9609663181137416,0.2400000000000002,False
5.557985,16,12.208852,0.9623840387253058,0.1280000000000001,True
5.720522,8,12.227465,0.9591659163176097,0.06400000000000006,True
5.65847,10,12.252364,0.9650722685374685,0.08000000000000007,True
5.553184,18,12.294834,0.961333740094027,0.14400000000000013,True
5.485096,8,12.314455,0.9609821468981595,0.06400000000000006,True
5.474804,20,12.362866,0.9587814405999959,0.16000000000000014,True
5.289915,27,12.652635,0.9582443196737291,0.2160000000000002,True
5.33694,27,12.725477,0.9609500233169144,0.2160000000000002,True
-1.888608,30,13.535689,0.9629485823362044,0.2400000000000002,False
5.514179,19,13.584731,0.9610074402275333,0.15200000000000014,True
5.44658,12,13.616982,0.9596015728569895,0.09600000000000009,True
5.67397,5,13.631226,0.960976120201146,0.040000000000000036,True
5.567551,8,13.651181,0.9593580486774507,0.06400000000000006,True
5.693001,13,13.683648,0.9667148768848186,0.10400000000000009,True
5.401365,18,13.732441,0.9610835977027132,0.14400000000000013,True
-1.88553,30,13.80935,0.9587932480385394,0.2400000000000002,False
-2.17043,30,13.892535,0.9593647634464572,0.2400000000000002,False
5.632024,8,13.913486,0.960337087914088,0.06400000000000006,True
5.760493,16,13.953609,0.9589918995245836,0.1280000000000001,True
5.415123,14,13.99262,0.958970837565576,0.1120000000000001,True
5.408458,9,14.019863,0.96137639596612,0.07200000000000006,True
5.705616,15,14.064622,0.9655159936951914,0.1200000000000001,True
5.854304,4,14.076249,0.9584027116393572,0.03200000000000003,True
5.6419,12,14.109495,0.9611102194253359,0.09600000000000009,True
5.639606,21,14.165267,0.9568772837796298,0.16800000000000015,True
5.722393,17,14.823972,0.9637306331630063,0.13600000000000012,True
5.263608,26,14.879597,0.9615309175329003,0.20800000000000018,True
5.347216,28,14.929706,0.9628015600594799,0.2240000000000002,True
5.590876,19,14.965032,0.95759745314084,0.15200000000000014,True
5.549508,7,14.97968,0.9630882062430426,0.05600000000000005,True
5.368337,28,15.030684,0.9585312381132195,0.2240000000000002,True
5.696443,21,15.07405,0.9637502456452853,0.16800000000000015,True
5.86699,12,15.10405,0.9640140686912084,0.09600000000000009,True
5.792954,23,15.146196,0.9634435091113843,0.18400000000000016,True
5.62642,5,15.156642,0.9649534712744846,0.040000000000000036,True
5.042832,29,15.209476,0.9653128092280686,0.2320000000000002,True
5.609108,28,15.259559,0.963683250389219,0.2240000000000002,True
5.409779,11,15.279973,0.961620983352753,0.08800000000000008,True
5.639693,6,15.290458,0.9608386048595525,0.04800000000000004,True
5.380231,6,15.30195,0.9594977876508648,0.04800000000000004,True
5.230736,26,15.920343,0.9606678176735362,0.20800000000000018,True
5.441304,12,15.943633,0.9619064412087271,0.09600000000000009,True
5.754851,19,15.979918,0.9578538657086073,0.15200000000000014,True
5.441476,14,16.006792,0.9589605136253856,0.1120000000000001,True
5.716614,9,16.024136,0.9677097411790392,0.07200000000000006,True
5.527883,7,16.038927,0.9614756309527095,0.05600000000000005,True
5.907289,5,16.048997,0.9602600745229222,0.040000000000000036,True
5.383214,11,16.068682,0.9616945277002285,0.08800000000000008,True
5.421862,25,16.122899,0.9636306186163259,0.20000000000000018,True
5.451454,9,16.143947,0.9623940230588083,0.07200000000000006,True
5.458681,10,16.161321,0.9601004287705113,0.08000000000000007,True
5.88948,12,16.184355,0.9671431718924098,0.09600000000000009,True
5.40558,19,16.218797,0.9633017762458965,0.15200000000000014,True
5.496064,11,16.239822,0.9614951338730413,0.08800000000000008,True
5.853514,11,16.259399,0.9570548150781476,0.08800000000000008,True
5.505787,9,16.277618,0.961066824818888,0.07200000000000006,True
5.740057,8,16.293256,0.9602749624082134,0.06400000000000006,True
5.788927,7,16.307415,0.9603318480498976,0.05600000000000005,True
5.740669,9,16.325222,0.9663102526536276,0.07200000000000006,True
5.352937,16,16.35451,0.9587610873531001,0.1280000000000001,True
5.694253,12,16.94694,0.9575681839774532,0.09600000000000009,True
5.437924,14,16.973119,0.966803057162823,0.1120000000000001,True
5.618605,8,16.988789,0.9591780281461999,0.06400000000000006,True
5.77877,12,17.009382,0.9595648540609573,0.09600000000000009,True
5.46086,12,17.032787,0.9620295545098183,0.09600000000000009,True
5.645861,7,17.048385,0.9605516538999587,0.05600000000000005,True
5.485115,21,17.090885,0.9631907897617292,0.16800000000000015,True
5.293718,26,17.145448,0.9605393706245822,0.20800000000000018,True
5.353194,6,17.164305,0.9601434528891586,0.04800000000000004,True
5.355982,11,17.193424,0.9594155206880063,0.08800000000000008,True
5.624958,11,17.216274,0.9620582522653569,0.08800000000000008,True
5.642012,12,17.23771,0.9593536626995246,0.09600000000000009,True
5.039617,30,17.296442,0.9612569890285373,0.2400000000000002,True
5.333237,18,17.330578,0.9609657638425612,0.14400000000000013,True
5.486347,6,17.342639,0.961112927216732,0.04800000000000004,True
5.714634,10,17.362285,0.9614529491535383,0.08000000000000007,True
5.753174,9,17.381921,0.9628079946729229,0.07200000000000006,True
5.718245,6,17.392567,0.96300038625347,0.04800000000000004,True
5.746037,6,17.404023,0.9576669988000541,0.04800000000000004,True
5.76383,11,17.426427,0.9625387132957338,0.08800000000000008,True
5.462997,8,17.44335,0.959598060002486,0.06400000000000006,True
5.682323,13,18.046962,0.9592984877908844,0.10400000000000009,True
5.580661,18,18.083929,0.9652731396233512,0.14400000000000013,True
5.623108,15,18.116488,0.9574379429084745,0.1200000000000001,True
5.517604,19,18.149634,0.9617215355425566,0.15200000000000014,True
5.680196,11,18.171032,0.9628504525576909,0.08800000000000008,True
5.735115,12,18.206173,0.9620738243813565,0.09600000000000009,True
5.707834,7,18.223109,0.9574621700377708,0.05600000000000005,True
5.708979,13,18.24733,0.9607162258555739,0.10400000000000009,True
5.698461,10,18.266343,0.9635193453164048,0.08000000000000007,True
5.454857,7,18.279762,0.9582404245515109,0.05600000000000005,True
5.53477,12,18.304323,0.9611918701588008,0.09600000000000009,True
5.474857,16,18.33659,0.9610932480422807,0.1280000000000001,True
5.53488,9,18.354516,0.9598627508524267,0.07200000000000006,True
5.353371,19,18.522502,0.9580856780895293,0.15200000000000014,True
5.698154,7,18.538386,0.9596626198728238,0.05600000000000005,True
5.616092,7,18.55208,0.9653843746069756,0.05600000000000005,True
5.31457,9,18.570661,0.9589046618896889,0.07200000000000006,True
5.555727,8,18.586365,0.958641772767287,0.06400000000000006,True
5.728816,8,18.602031,0.9575961927076737,0.06400000000000006,True
5.688489,6,18.613901,0.9604316621309464,0.04800000000000004,True
5.778464,9,18.630484,0.9590183991958998,0.07200000000000006,True
5.51611,16,18.663323,0.9577534289386376,0.1280000000000001,True
5.594297,9,18.681253,0.9596005791026172,0.07200000000000006,True
5.555072,7,18.695187,0.9588379815467296,0.05600000000000005,True
5.452929,9,19.332582,0.9617267510980803,0.07200000000000006,True
5.788174,6,19.344818,0.968352813927007,0.04800000000000004,True
5.695786,7,19.359469,0.9634796109989903,0.05600000000000005,True
5.645721,6,19.374754,0.9616923293966728,0.04800000000000004,True
5.725392,7,19.395992,0.959150059496165,0.05600000000000005,True
5.419995,11,19.41898,0.964978036459515,0.08800000000000008,True
5.97919,6,19.43028,0.9615374894512132,0.04800000000000004,True
5.675626,7,19.443817,0.9638503611961405,0.05600000000000005,True
5.309587,10,19.465001,0.9588297248348205,0.08000000000000007,True
5.739052,8,19.482657,0.9693166294705269,0.06400000000000006,True
5.511896,9,19.505415,0.959557211344916,0.07200000000000006,True
5.433418,8,19.520852,0.9559447409837133,0.06400000000000006,True
5.675823,9,19.540769,0.9632894279979877,0.07200000000000006,True
5.571566,19,19.577543,0.963188162992386,0.15200000000000014,True
5.405523,6,19.589603,0.9604199938584458,0.04800000000000004,True
5.337709,4,19.599054,0.961640218953604,0.03200000000000003,True
5.65114,8,19.61513,0.9669709619986727,0.06400000000000006,True
5.459703,6,19.626969,0.961073665553254,0.04800000000000004,True
5.537282,13,19.650656,0.9611605460240489,0.10400000000000009,True
5.638237,8,19.665705,0.9591186470584516,0.06400000000000006,True
5.128317,21,19.707098,0.9612484745594521,0.16800000000000015,True
5.602391,9,19.722679,0.9587093862838372,0.07200000000000006,True
5.524273,12,19.744213,0.9610170077125109,0.09600000000000009,True
5.669489,9,19.76343,0.967195038751921,0.07200000000000006,True
5.456828,4,19.771573,0.9644449577214246,0.03200000000000003,True
5.766721,10,19.790056,0.9606606227866312,0.08000000000000007,True
5.967921,7,19.804572,0.9590965954045987,0.05600000000000005,True
5.530066,13,19.828951,0.9629238284852635,0.10400000000000009,True
5.872799,8,20.40225,0.9626847314867354,0.06400000000000006,True
5.529817,15,20.431643,0.9613603457146708,0.1200000000000001,True
5.397455,17,20.464795,0.9651535819526891,0.13600000000000012,True
5.764476,6,20.477937,0.9597386361915833,0.04800000000000004,True
5.533515,12,20.499143,0.9602079427480641,0.09600000000000009,True
5.750873,10,20.519125,0.966734266546659,0.08000000000000007,True
5.688081,13,20.547032,0.9641350358366148,0.10400000000000009,True
5.634792,9,20.565269,0.9632502606259405,0.07200000000000006,True
5.714629,8,20.581626,0.9620984072302812,0.06400000000000006,True
5.660883,15,20.612948,0.9591132125191362,0.1200000000000001,True
5.531806,9,20.631673,0.9604847055583559,0.07200000000000006,True
5.482007,7,20.64591,0.9628253222693939,0.05600000000000005,True
5.799334,6,20.658432,0.9648700978171014,0.04800000000000004,True
5.532165,4,20.666518,0.9626804306297337,0.03200000000000003,True
5.663473,4,20.674961,0.9589716582286796,0.03200000000000003,True
5.963228,7,20.689354,0.9570179672003435,0.05600000000000005,True
5.604541,8,20.705719,0.9635396558861131,0.06400000000000006,True
5.840178,7,20.720926,0.9611059150271686,0.05600000000000005,True
5.577825,8,20.737495,0.96286413809896,0.06400000000000006,True
5.543137,8,20.754632,0.964777189280063,0.06400000000000006,True
5.94136,5,20.765343,0.9585277668125223,0.040000000000000036,True
5.666341,6,20.777022,0.9619333407941686,0.04800000000000004,True
5.868984,7,20.790177,0.9620609440619543,0.05600000000000005,True
5.986651,5,20.800501,0.9653625272977058,0.040000000000000036,True
5.689907,9,20.819757,0.9647317649797209,0.07200000000000006,True
5.419503,7,20.832831,0.9577628452812854,0.05600000000000005,True
5.812778,9,20.851884,0.9633676664564299,0.07200000000000006,True
5.734038,9,20.869751,0.9579470922234781,0.07200000000000006,True
5.68722,8,20.886717,0.9654921900896787,0.06400000000000006,True
5.354732,16,21.47596,0.9634191743304927,0.1280000000000001,True
5.591733,8,21.49202,0.9602427373436128,0.06400000000000006,True
5.539556,6,21.503167,0.9593240806125535,0.04800000000000004,True
5.479638,6,21.515052,0.961279834717148,0.04800000000000004,True
5.624592,6,21.527607,0.9611270594699554,0.04800000000000004,True
5.661309,5,21.537741,0.9676454323321353,0.040000000000000036,True
5.619822,8,21.554549,0.9623498608877915,0.06400000000000006,True
5.456445,9,21.572957,0.9639385120847181,0.07200000000000006,True
5.550744,15,21.601698,0.9605538356545007,0.1200000000000001,True
5.418741,11,21.624916,0.9585061140989687,0.08800000000000008,True
5.598417,9,21.642389,0.9628807871559311,0.07200000000000006,True
5.510996,10,21.661391,0.9610467509273224,0.08000000000000007,True
5.412347,5,21.671814,0.9650117777341509,0.040000000000000036,True
5.483526,9,21.689795,0.9607130033693022,0.07200000000000006,True
5.697107,5,21.700439,0.9585239093976353,0.040000000000000036,True
5.462507,12,21.726303,0.9624832335733131,0.09600000000000009,True
6.030739,5,21.736754,0.9588338770507796,0.040000000000000036,True
5.523661,8,21.752519,0.9591111408559505,0.06400000000000006,True
5.602932,7,21.76745,0.9629887283026434,0.05600000000000005,True
5.507608,13,21.79345,0.9584659859663064,0.10400000000000009,True
5.698504,8,21.808427,0.9589099410847504,0.06400000000000006,True
5.477699,7,21.822956,0.9622122161161244,0.05600000000000005,True
5.401613,12,21.846396,0.9664172256621184,0.09600000000000009,True
5.847764,6,21.858381,0.9603957157860341,0.04800000000000004,True
5.965556,6,21.870351,0.9573258841613486,0.04800000000000004,True
5.871856,6,21.882189,0.9604974142414116,0.04800000000000004,True
5.516619,6,21.894013,0.9572983548623636,0.04800000000000004,True
5.618739,7,21.90834,0.9576826003225991,0.05600000000000005,True
5.605433,8,21.924365,0.9617098337919683,0.06400000000000006,True
5.549214,9,21.94189,0.9583989728491545,0.07200000000000006,True
5.61849,7,21.957949,0.9609492663040169,0.05600000000000005,True
5.434815,10,21.978534,0.9623635976904548,0.08000000000000007,True
5.475759,7,22.5548,0.9639224862815753,0.05600000000000005,True
5.652521,6,22.568698,0.9619442688539738,0.04800000000000004,True
5.688383,7,22.583222,0.962899807461246,0.05600000000000005,True
5.719535,7,22.595917,0.9622673168852016,0.05600000000000005,True
5.842028,5,22.608314,0.9605702132607469,0.040000000000000036,True
5.398331,14,22.635001,0.9611838729643988,0.1120000000000001,True
5.534392,7,22.649569,0.9640306236272553,0.05600000000000005,True
5.584857,7,22.663997,0.9612434770100307,0.05600000000000005,True
5.517012,6,22.677124,0.9620998109908832,0.04800000000000004,True
5.882745,4,22.685058,0.9592997335935602,0.03200000000000003,True
5.77671,7,22.700451,0.9573741196668325,0.05600000000000005,True
5.517346,5,22.711809,0.9638535291992476,0.040000000000000036,True
5.434573,4,22.72025,0.9596532673787792,0.03200000000000003,True
5.95436,5,22.730294,0.9596152317368072,0.040000000000000036,True
5.37145,10,22.749114,0.962746220809906,0.08000000000000007,True
5.757734,7,22.762611,0.9614681132492382,0.05600000000000005,True
5.362998,13,22.78747,0.9637378221495917,0.10400000000000009,True
5.537732,11,22.808213,0.9602744009512403,0.08800000000000008,True
5.533683,6,22.820246,0.9649193254701818,0.04800000000000004,True
5.350692,10,22.839787,0.9572561473133099,0.08000000000000007,True
5.407032,7,22.85431,0.9626751131710528,0.05600000000000005,True
5.504406,8,22.870966,0.9602555239056216,0.06400000000000006,True
5.76213,6,22.883944,0.9605139668242105,0.04800000000000004,True
5.63486,4,22.893569,0.963345502299074,0.03200000000000003,True
5.58295,6,22.90513,0.9558907215987459,0.04800000000000004,True
5.692354,6,22.91846,0.958757784922349,0.04800000000000004,True
5.517799,9,22.936268,0.9613779097203476,0.07200000000000006,True
5.518195,10,22.955845,0.9640972702050301,0.08000000000000007,True
5.432264,4,22.964756,0.9590328099081673,0.03200000000000003,True
5.793983,8,22.980417,0.9626159270305269,0.06400000000000006,True
5.517263,7,22.995363,0.9603268519588148,0.05600000000000005,True
5.632261,6,23.008369,0.9630174435553965,0.04800000000000004,True
5.481608,8,23.024008,0.9615431014493716,0.06400000000000006,True
5.832035,9,23.04284,0.9679246899000975,0.07200000000000006,True
5.487047,6,23.055308,0.9615226849387846,0.04800000000000004,True
5.597526,5,23.063683,0.9610567041201139,0.040000000000000036,True
5.979182,4,23.073322,0.96382319440749,0.03200000000000003,True
5.693683,7,23.648616,0.957410333692123,0.05600000000000005,True
5.763627,6,23.661551,0.9641478677133666,0.04800000000000004,True
5.479414,4,23.670376,0.9602754749541851,0.03200000000000003,True
5.50793,9,23.687881,0.9675448172621588,0.07200000000000006,True
5.746186,9,23.705621,0.956937832216554,0.07200000000000006,True
5.64188,8,23.72337,0.9566305305525306,0.06400000000000006,True
5.58153,5,23.734376,0.9589685736853302,0.040000000000000036,True
5.963499,6,23.747211,0.9651456363078346,0.04800000000000004,True
5.766673,9,23.765615,0.9623138235499349,0.07200000000000006,True
5.424643,7,23.780942,0.9588958240380927,0.05600000000000005,True
5.712269,3,23.788924,0.9639925161757351,0.02400000000000002,True
5.7207,8,23.805723,0.9620016172507417,0.06400000000000006,True
5.542399,8,23.822001,0.959335805177322,0.06400000000000006,True
5.485998,5,23.833018,0.9633026925529846,0.040000000000000036,True
5.628196,7,23.84665,0.9642904648400754,0.05600000000000005,True
5.744811,6,23.859531,0.9598941302710166,0.04800000000000004,True
5.529086,5,23.870723,0.9603886070582193,0.040000000000000036,True
5.618322,7,23.883862,0.9651093704467818,0.05600000000000005,True
5.679464,7,23.898697,0.9608869804433238,0.05600000000000005,True
5.554239,10,23.918501,0.9623460900464416,0.08000000000000007,True
5.778602,10,24.039716,0.9633635890684757,0.08000000000000007,True
5.662026,10,24.060405,0.9576099535678015,0.08000000000000007,True
5.746718,8,24.076049,0.9571372147900632,0.06400000000000006,True
5.602704,9,24.099349,0.957585433743364,0.07200000000000006,True
5.519624,7,24.112394,0.9596742203655818,0.05600000000000005,True
5.612274,8,24.128876,0.9669857231887111,0.06400000000000006,True
5.544378,8,24.14485,0.9570905242717964,0.06400000000000006,True
5.437575,6,24.157719,0.9588130935918227,0.04800000000000004,True
5.68336,7,24.17303,0.960219802152666,0.05600000000000005,True
5.503525,5,24.182251,0.9623899909399114,0.040000000000000036,True
5.558441,14,24.21268,0.9650865103576886,0.1120000000000001,True
5.428837,5,24.229614,0.9608146473155732,0.040000000000000036,True
5.716138,9,24.249002,0.9597089103825468,0.07200000000000006,True
5.563888,13,24.273362,0.9603217460533053,0.10400000000000009,True
5.506561,7,25.005342,0.9637643353373819,0.05600000000000005,True
5.318029,3,25.012715,0.9574866912051356,0.02400000000000002,True
5.639155,5,25.027317,0.958915546254716,0.040000000000000036,True
5.437886,12,25.059091,0.961846305953747,0.09600000000000009,True
5.573811,4,25.069964,0.9587402614752081,0.03200000000000003,True
5.559259,5,25.083314,0.9624649322713601,0.040000000000000036,True
5.70767,7,25.102363,0.9619219498595549,0.05600000000000005,True
5.787319,7,25.119705,0.9623351878448071,0.05600000000000005,True
5.461624,7,25.13863,0.9621203012125632,0.05600000000000005,True
5.64879,8,25.159837,0.9599622503250582,0.06400000000000006,True
5.639214,9,25.184936,0.9606557282186816,0.07200000000000006,True
5.853177,7,25.203964,0.9568383480614298,0.05600000000000005,True
5.509928,7,25.223087,0.9623610691816123,0.05600000000000005,True
5.575947,8,25.24944,0.9604470369540034,0.06400000000000006,True
5.522766,5,25.262643,0.9618410292647072,0.040000000000000036,True
5.561184,7,25.280602,0.9576326523625356,0.05600000000000005,True
5.509993,6,25.296415,0.9587946372023499,0.04800000000000004,True
5.480664,5,25.310807,0.9640252649633847,0.040000000000000036,True
5.396003,7,25.331632,0.9589009377397948,0.05600000000000005,True
5.710692,6,25.34876,0.9644696971939233,0.04800000000000004,True
5.823031,6,25.36582,0.9623648310495955,0.04800000000000004,True
5.63516,7,25.386676,0.960936898402978,0.05600000000000005,True
5.721268,5,25.400319,0.9614777291583654,0.040000000000000036,True
5.763536,6,25.415801,0.964744830558121,0.04800000000000004,True
5.609742,4,25.430239,0.9631342331481851,0.03200000000000003,True
5.556913,6,25.446836,0.9623886241211035,0.04800000000000004,True
5.804631,5,25.460648,0.9580514017994516,0.040000000000000036,True
5.804996,5,25.472658,0.9566455603340509,0.040000000000000036,True
5.669009,10,25.501622,0.9568253821061211,0.08000000000000007,True
5.522392,7,25.526676,0.9601234026764852,0.05600000000000005,True
5.462933,6,25.5518,0.9577931334500438,0.04800000000000004,True
5.729194,7,25.574688,0.9629006222660003,0.05600000000000005,True
5.636185,5,25.590509,0.96330015424009,0.040000000000000036,True
5.564112,4,25.602248,0.9576157407673271,0.03200000000000003,True
5.408661,6,25.618679,0.9618861117502384,0.04800000000000004,True
5.740994,4,25.630787,0.9574430620132888,0.03200000000000003,True
5.489,6,25.647854,0.9644766736982703,0.04800000000000004,True
5.390534,3,25.656092,0.9622444824597712,0.02400000000000002,True
5.421404,7,25.67509,0.959562369940512,0.05600000000000005,True
5.798465,10,25.702532,0.9599426846767272,0.08000000000000007,True
5.631298,6,25.720477,0.9590582164901572,0.04800000000000004,True
5.513032,5,26.471838,0.960579724279739,0.040000000000000036,True
5.676718,6,26.489363,0.9657359841897638,0.04800000000000004,True
6.022923,8,26.517091,0.9599624573036081,0.06400000000000006,True
5.7938,8,26.539462,0.9567542265809007,0.06400000000000006,True
5.748337,9,26.565208,0.9601360809130445,0.07200000000000006,True
5.638044,7,26.583873,0.9630835428108117,0.05600000000000005,True
5.795443,7,26.607536,0.9611087949606308,0.05600000000000005,True
5.736998,3,26.615423,0.9622654092550975,0.02400000000000002,True
5.720037,5,26.633023,0.9632627310442763,0.040000000000000036,True
5.582805,4,26.647872,0.961565555345179,0.03200000000000003,True
5.669001,7,26.670485,0.9641924256137421,0.05600000000000005,True
5.472962,4,26.683734,0.9642579567689874,0.03200000000000003,True
5.913284,9,26.711027,0.9642385722271012,0.07200000000000006,True
5.628157,5,26.727558,0.963935517671715,0.040000000000000036,True
6.028147,5,26.74088,0.9611264517270695,0.040000000000000036,True
5.845824,4,26.753438,0.9605545701006448,0.03200000000000003,True
5.883105,8,26.774595,0.9604052375316258,0.06400000000000006,True
5.745524,3,26.783726,0.963103040821134,0.02400000000000002,True
5.51885,6,26.800302,0.9620565532409506,0.04800000000000004,True
5.495066,7,26.818605,0.9585215709459654,0.05600000000000005,True
5.641059,5,26.832586,0.9608904227602626,0.040000000000000036,True
5.490399,5,26.848377,0.959389440516504,0.040000000000000036,True
5.501005,6,26.864163,0.960776475001748,0.04800000000000004,True
5.81773,6,26.880828,0.9615226905616965,0.04800000000000004,True
5.742091,4,26.891845,0.960661454795898,0.03200000000000003,True
5.578266,6,26.909198,0.9576806720528838,0.04800000000000004,True
5.533855,8,26.933458,0.9579921411803135,0.06400000000000006,True
5.618925,6,26.950803,0.9668885615760658,0.04800000000000004,True
5.730203,6,26.969844,0.9591248399245371,0.04800000000000004,True
5.60929,4,26.980886,0.9623190065956733,0.03200000000000003,True
5.843329,9,27.005947,0.9601883368945137,0.07200000000000006,True
6.023369,5,27.020151,0.9628415343369909,0.040000000000000036,True
5.530511,4,27.032537,0.9655849239940577,0.03200000000000003,True
5.912003,8,27.054707,0.9613467992848055,0.06400000000000006,True
5.417273,4,27.065935,0.9607895750535613,0.03200000000000003,True
5.694229,8,27.086705,0.9616315037060861,0.06400000000000006,True
5.702962,5,27.100409,0.9609987549487843,0.040000000000000036,True
5.528649,6,27.117722,0.9635523371999657,0.04800000000000004,True
5.571713,5,27.132011,0.9598421442557636,0.040000000000000036,True
5.675643,4,27.142445,0.9691659623060672,0.03200000000000003,True
5.574717,5,27.156465,0.9629850183139452,0.040000000000000036,True
5.515844,8,27.178671,0.9667331536750867,0.06400000000000006,True
5.822657,5,27.195179,0.9636148064672154,0.040000000000000036,True
5.515366,5,27.973612,0.9610555929247993,0.040000000000000036,True
5.474915,6,27.991036,0.9595219096561394,0.04800000000000004,True
5.443781,5,28.004657,0.9623599894235023,0.040000000000000036,True
5.518999,5,28.01876,0.9613729179451218,0.040000000000000036,True
5.580492,6,28.034618,0.9610555747717604,0.04800000000000004,True
5.653205,4,28.04775,0.96004866391299,0.03200000000000003,True
5.511169,3,28.057889,0.9616568782403077,0.02400000000000002,True
5.87847,6,28.073972,0.9626340839895942,0.04800000000000004,True
5.749257,6,28.090316,0.9605225151098046,0.04800000000000004,True
5.637448,5,28.104436,0.9658855370940439,0.040000000000000036,True
5.584625,4,28.116151,0.9598803410333984,0.03200000000000003,True
5.687745,7,28.136008,0.9612895818388836,0.05600000000000005,True
5.523368,4,28.147723,0.9599716542324779,0.03200000000000003,True
5.851141,5,28.162059,0.9624225140820789,0.040000000000000036,True
5.421224,7,28.182186,0.9594409762395528,0.05600000000000005,True
5.347168,4,28.193142,0.9627080315768903,0.03200000000000003,True
5.431306,4,28.204512,0.9629161778072484,0.03200000000000003,True
5.80809,4,28.215399,0.9605854544507373,0.03200000000000003,True
6.014521,6,28.232801,0.9657720947725242,0.04800000000000004,True
5.756992,6,28.249889,0.9634962522616757,0.04800000000000004,True
5.911797,6,28.269324,0.9590261124582579,0.04800000000000004,True
5.694695,6,28.28888,0.9597820998207056,0.04800000000000004,True
5.781539,8,28.314288,0.9627700768437388,0.06400000000000006,True
5.400981,3,28.323415,0.9623944170140063,0.02400000000000002,True
5.604698,6,28.341889,0.9621374900370019,0.04800000000000004,True
5.408812,3,28.352335,0.9617123786564483,0.02400000000000002,True
5.57805,7,28.372897,0.9607264811994459,0.05600000000000005,True
5.718081,7,28.396561,0.964067208523617,0.05600000000000005,True
5.501235,7,28.417822,0.9557095857936146,0.05600000000000005,True
5.849654,7,28.439183,0.96113646779589,0.05600000000000005,True
5.637263,7,28.460761,0.9569899334353505,0.05600000000000005,True
5.547816,4,28.473033,0.969367896561663,0.03200000000000003,True
6.087312,6,28.492924,0.9603113505521711,0.04800000000000004,True
5.482895,3,28.504526,0.9592392718294588,0.02400000000000002,True
5.776331,5,28.521254,0.9636935291062853,0.040000000000000036,True
5.34064,8,28.547908,0.9626662991737661,0.06400000000000006,True
5.822182,4,28.560848,0.9576930791578143,0.03200000000000003,True
5.93882,5,28.57709,0.9623359762752687,0.040000000000000036,True
5.487417,5,28.593545,0.9605778446151696,0.040000000000000036,True
5.65488,6,28.612343,0.961307802234824,0.04800000000000004,True
5.698273,6,28.630603,0.9613832427595445,0.04800000000000004,True
6.050184,7,28.653502,0.9614673438568055,0.05600000000000005,True
5.93695,4,28.665518,0.9625654127186694,0.03200000000000003,True
5.680242,5,28.681397,0.957977369829724,0.040000000000000036,True
5.545456,4,28.692889,0.9593912892826946,0.03200000000000003,True
5.709851,6,28.710793,0.9690575613281711,0.04800000000000004,True
5.628902,3,28.720295,0.9628578196162194,0.02400000000000002,True
5.982273,8,28.744504,0.9599289451630884,0.06400000000000006,True
5.784863,5,29.441848,0.9586193426843093,0.040000000000000036,True
5.900554,8,29.462709,0.965037452330471,0.06400000000000006,True
5.564306,8,29.479421,0.9589093039963377,0.06400000000000006,True
5.89911,4,29.489483,0.9597379134530251,0.03200000000000003,True
6.025265,5,29.499912,0.9611380829523465,0.040000000000000036,True
5.676352,4,29.508905,0.9640125832066164,0.03200000000000003,True
5.507795,5,29.520256,0.9559487711720198,0.040000000000000036,True
5.695261,3,29.527713,0.9595588216378739,0.02400000000000002,True
5.569097,5,29.545507,0.9591775386883161,0.040000000000000036,True
5.768685,3,29.558699,0.9585313717350694,0.02400000000000002,True
5.554028,5,29.569697,0.9595542007302131,0.040000000000000036,True
5.44778,10,29.590924,0.9603343936733919,0.08000000000000007,True
5.707532,6,29.604635,0.9639488866756474,0.04800000000000004,True
5.547942,4,29.614216,0.9637436020148855,0.03200000000000003,True
5.448429,3,29.621753,0.9616929843669233,0.02400000000000002,True
5.411387,6,29.635834,0.9597019697910443,0.04800000000000004,True
5.472093,4,29.644057,0.9561790480584873,0.03200000000000003,True
5.669048,5,29.655345,0.965137209827051,0.040000000000000036,True
5.562141,6,29.668469,0.9612286276154933,0.04800000000000004,True
5.718427,6,29.682298,0.9606013747591894,0.04800000000000004,True
5.629699,4,29.690985,0.9651829900163635,0.03200000000000003,True
5.506319,8,29.708195,0.9576693032524063,0.06400000000000006,True
5.831887,4,29.717199,0.9614262833292495,0.03200000000000003,True
5.833482,7,29.733279,0.9577237370246136,0.05600000000000005,True
5.708526,7,29.748082,0.964034229677064,0.05600000000000005,True
5.677002,5,29.759706,0.9611800921858055,0.040000000000000036,True
5.591499,6,29.773629,0.961408882469257,0.04800000000000004,True
5.934312,6,29.78648,0.9595503864466587,0.04800000000000004,True
5.773751,8,29.804406,0.9637763513266703,0.06400000000000006,True
5.651099,5,29.815047,0.9654809723498343,0.040000000000000036,True
5.485978,3,29.822206,0.9657207626167528,0.02400000000000002,True
5.418516,3,29.829272,0.9645783046643173,0.02400000000000002,True
5.39072,3,29.834731,0.9603653378380552,0.02400000000000002,True
5.800598,5,29.846334,0.9615492982321087,0.040000000000000036,True
5.701156,5,29.865475,0.961971149060705,0.040000000000000036,True
5.777708,6,29.885458,0.9602380750208948,0.04800000000000004,True
5.471277,4,29.895735,0.9611458119185553,0.03200000000000003,True
5.541122,6,29.910727,0.9653581457237983,0.04800000000000004,True
5.740741,5,29.921838,0.9652042102955921,0.040000000000000036,True
5.729227,6,29.934825,0.9673972505704634,0.04800000000000004,True
5.790705,7,29.949995,0.9663348445453964,0.05600000000000005,True
5.666645,4,29.959672,0.9647705361090382,0.03200000000000003,True
5.415,6,29.972274,0.9615599719257751,0.04800000000000004,True
5.315706,3,29.978795,0.9599021492114641,0.02400000000000002,True
5.801597,5,29.991708,0.9572417568516389,0.040000000000000036,True
5.465232,6,30.003789,0.9595599203945326,0.04800000000000004,True
5.730317,3,30.010154,0.9568121655937711,0.02400000000000002,True
5.737424,7,30.02549,0.9617359717199365,0.05600000000000005,True
5.574769,5,30.037324,0.9619685803271261,0.040000000000000036,True
5.600503,9,30.611996,0.9598821757691438,0.07200000000000006,True
5.620961,5,30.623425,0.9584249407205896,0.040000000000000036,True
5.560287,6,30.635904,0.9573377382363335,0.04800000000000004,True
5.773179,6,30.651029,0.9608493469567309,0.04800000000000004,True
5.526119,10,30.671354,0.9652589917876838,0.08000000000000007,True
5.702388,5,30.682997,0.9584229926932383,0.040000000000000036,True
5.666407,3,30.690535,0.9589133115029465,0.02400000000000002,True
5.808285,5,30.702199,0.9593677218254346,0.040000000000000036,True
5.863852,6,30.715538,0.9606671526262632,0.04800000000000004,True
5.632881,4,30.725208,0.9609657242478784,0.03200000000000003,True
5.800811,7,30.740654,0.9607486216487662,0.05600000000000005,True
5.556951,5,30.751182,0.960773908151026,0.040000000000000036,True
5.681885,5,30.762336,0.9590693721688249,0.040000000000000036,True
5.632053,4,30.77192,0.9635954168006917,0.03200000000000003,True
5.497593,6,30.785871,0.9653918182858178,0.04800000000000004,True
5.563272,4,30.794195,0.961340689469617,0.03200000000000003,True
5.755209,5,30.805017,0.9621817311835478,0.040000000000000036,True
5.865766,4,30.813549,0.9627678477946932,0.03200000000000003,True
5.759675,6,30.826536,0.9602325155562639,0.04800000000000004,True
5.844062,7,30.930695,0.9612267775167155,0.05600000000000005,True
5.506406,4,30.939745,0.9651222049555628,0.03200000000000003,True
5.558941,4,30.950428,0.9595844773890134,0.03200000000000003,True
5.80503,5,30.962202,0.9608225548657292,0.040000000000000036,True
5.439501,11,30.985755,0.9643025620037415,0.08800000000000008,True
5.437532,6,30.998757,0.9589991119711594,0.04800000000000004,True
5.422649,5,31.009363,0.962780146634588,0.040000000000000036,True
5.460284,5,31.021776,0.9606434226360414,0.040000000000000036,True
5.874801,8,31.040381,0.9614537157939644,0.06400000000000006,True
5.563707,3,31.048456,0.9630234379878607,0.02400000000000002,True
5.61117,6,31.063768,0.9630514823491425,0.04800000000000004,True
5.924568,5,31.075084,0.9626705817032172,0.040000000000000036,True
5.529919,6,31.094401,0.9667120426640594,0.04800000000000004,True
5.462713,5,31.105287,0.9611007310267543,0.040000000000000036,True
5.784042,3,31.112654,0.9609478601013373,0.02400000000000002,True
5.79206,5,31.124916,0.9594342007257952,0.040000000000000036,True
5.521446,7,31.140994,0.9634548065618074,0.05600000000000005,True
5.545583,5,31.153528,0.9671074373209121,0.040000000000000036,True
5.43505,5,31.166055,0.9593584546995754,0.040000000000000036,True
5.902592,4,31.175676,0.9633109944950007,0.03200000000000003,True
5.555137,7,31.193023,0.9584543244120389,0.05600000000000005,True
5.709499,5,31.205122,0.9614765474127511,0.040000000000000036,True
5.411089,3,31.212354,0.9613341770392649,0.02400000000000002,True
5.956811,3,31.218731,0.9596527149994049,0.02400000000000002,True
5.571957,4,31.228588,0.9628353031956287,0.03200000000000003,True
5.80509,5,31.240585,0.9613710874276347,0.040000000000000036,True
5.883558,6,31.253326,0.9655661217416124,0.04800000000000004,True
5.522789,7,31.268471,0.9570846991623894,0.05600000000000005,True
5.647194,3,31.274743,0.958703419472134,0.02400000000000002,True
5.787665,7,31.857986,0.9597512069018134,0.05600000000000005,True
5.441492,5,31.871715,0.9587214344799253,0.040000000000000036,True
5.546913,4,31.879484,0.9609977972214003,0.03200000000000003,True
5.729265,4,31.889278,0.9602647730729048,0.03200000000000003,True
6.067007,5,31.899605,0.9605163383874973,0.040000000000000036,True
5.802255,6,31.913289,0.9620083584100937,0.04800000000000004,True
5.741064,6,31.928112,0.9626441418725483,0.04800000000000004,True
5.632533,6,31.949518,0.956980366641077,0.04800000000000004,True
5.806899,7,31.97101,0.9591873159398743,0.05600000000000005,True
5.505609,6,31.984271,0.961201072689621,0.04800000000000004,True
5.631754,5,31.996203,0.9617155941238246,0.040000000000000036,True
5.609922,4,32.004483,0.959596006535353,0.03200000000000003,True
5.85627,5,32.016075,0.9622328011330868,0.040000000000000036,True
5.673299,4,32.023968,0.9572166903004778,0.03200000000000003,True
5.352238,5,32.035721,0.9642911785333826,0.040000000000000036,True
5.613714,7,32.051877,0.9593982488612813,0.05600000000000005,True
5.459088,6,32.065348,0.9582745635186802,0.04800000000000004,True
5.533546,5,32.076517,0.9582587285440134,0.040000000000000036,True
6.037986,5,32.08836,0.9614506075585121,0.040000000000000036,True
6.073692,5,32.098573,0.9576469003396954,0.040000000000000036,True
5.824555,6,32.112505,0.9622672751181158,0.04800000000000004,True
5.453927,4,32.121017,0.968629526113452,0.03200000000000003,True
5.765503,6,32.133758,0.9602766569045098,0.04800000000000004,True
5.85961,8,32.152119,0.9591273466265038,0.06400000000000006,True
5.829649,5,32.163671,0.961333671676481,0.040000000000000036,True
5.545853,8,32.181345,0.9630365117945484,0.06400000000000006,True
5.55733,3,32.188759,0.9575167192730752,0.02400000000000002,True
5.667061,5,32.199342,0.9590784977188629,0.040000000000000036,True
5.590925,5,32.209664,0.963211846859735,0.040000000000000036,True
5.409336,4,32.219147,0.9636822947073551,0.03200000000000003,True
5.825576,5,32.230538,0.9595128307356442,0.040000000000000036,True
5.853389,5,32.241104,0.9586544696767781,0.040000000000000036,True
6.102851,4,32.250073,0.9633890749587777,0.03200000000000003,True
5.580438,5,32.261045,0.9607579663401389,0.040000000000000036,True
5.784246,5,32.271693,0.9646655132771753,0.040000000000000036,True
5.590734,6,32.285212,0.9643404062863665,0.04800000000000004,True
5.794634,3,32.291531,0.960567926163859,0.02400000000000002,True
5.81037,11,32.315733,0.9596666436237038,0.08800000000000008,True
5.594073,5,32.326469,0.9644518777964373,0.040000000000000036,True
5.824144,5,32.337949,0.9586106936916188,0.040000000000000036,True
5.633675,4,32.347008,0.9680760753997963,0.03200000000000003,True
5.639816,3,32.354724,0.9593618730838571,0.02400000000000002,True
5.530499,8,32.376065,0.959139721863593,0.06400000000000006,True
5.98253,8,32.393707,0.9592666946376986,0.06400000000000006,True
5.850635,4,32.404004,0.9577813018992122,0.03200000000000003,True
5.776825,7,32.418629,0.960640885675138,0.05600000000000005,True
5.49904,3,32.425554,0.9635960670181327,0.02400000000000002,True
5.517985,4,32.434998,0.963510556097743,0.03200000000000003,True
5.765441,5,33.018974,0.9621761432614019,0.040000000000000036,True
5.833818,5,33.031188,0.9584596836427189,0.040000000000000036,True
5.534287,5,33.043116,0.9624265391931118,0.040000000000000036,True
5.817571,6,33.058817,0.961538284107887,0.04800000000000004,True
5.747383,6,33.072915,0.9598004105465084,0.04800000000000004,True
5.855482,7,33.089869,0.9595517431480818,0.05600000000000005,True
5.980376,5,33.102072,0.9641792443698379,0.040000000000000036,True
5.451569,7,33.119258,0.9676727248721821,0.05600000000000005,True
5.808254,6,33.132677,0.960937889692361,0.04800000000000004,True
5.543188,4,33.14255,0.9618522441298948,0.03200000000000003,True
5.772589,5,33.154569,0.9564050761714034,0.040000000000000036,True
5.859312,6,33.168715,0.9646069377565714,0.04800000000000004,True
5.593833,4,33.177966,0.9618534986796328,0.03200000000000003,True
5.469473,3,33.185491,0.9620427791836096,0.02400000000000002,True
5.714264,5,33.197626,0.9650413576808361,0.040000000000000036,True
5.793314,5,33.211115,0.9621863169155966,0.040000000000000036,True
5.763335,4,33.221597,0.9620935041263032,0.03200000000000003,True
5.751649,6,33.239064,0.9576423620194959,0.04800000000000004,True
5.589567,8,33.256891,0.9614638530106562,0.06400000000000006,True
5.807929,4,33.266472,0.9607989456737218,0.03200000000000003,True
5.62334,4,33.275643,0.962611458039264,0.03200000000000003,True
5.611564,4,33.28427,0.9630020767249776,0.03200000000000003,True
5.972569,7,33.298486,0.9680092207947851,0.05600000000000005,True
5.717038,4,33.30805,0.9585719362607348,0.03200000000000003,True
5.689019,3,33.313339,0.9624150959317853,0.02400000000000002,True
6.000611,5,33.323923,0.9583419733596819,0.040000000000000036,True
5.706828,5,33.334937,0.9587556411435771,0.040000000000000036,True
6.034053,6,33.349032,0.9605163965665053,0.04800000000000004,True
5.567103,3,33.356322,0.961072875620703,0.02400000000000002,True
5.551422,6,33.370313,0.9637725242458673,0.04800000000000004,True
5.713119,4,33.378615,0.9652643803865579,0.03200000000000003,True
5.485796,5,33.390369,0.9589120323165355,0.040000000000000036,True
5.677031,5,33.402472,0.9673460501199918,0.040000000000000036,True
5.575067,5,33.414235,0.9609282411771841,0.040000000000000036,True
5.735191,5,33.426359,0.9590744129855318,0.040000000000000036,True
5.747557,6,33.441729,0.9593338866486782,0.04800000000000004,True
5.709456,4,33.45012,0.959564109831528,0.03200000000000003,True
5.620646,5,33.46201,0.9608306417480786,0.040000000000000036,True
5.656929,5,33.473993,0.9592062662828309,0.040000000000000036,True
5.898804,4,33.483819,0.9611581492726151,0.03200000000000003,True
5.51878,7,33.499443,0.9613914537570512,0.05600000000000005,True
5.483681,7,33.514199,0.957846323298981,0.05600000000000005,True
5.893504,5,33.524988,0.959850961728056,0.040000000000000036,True
5.679054,5,33.536786,0.9590971944379638,0.040000000000000036,True
5.490427,4,33.547395,0.9629323231840612,0.03200000000000003,True
5.497275,6,33.560906,0.9654948448823959,0.04800000000000004,True
5.814446,6,33.57543,0.9584504117336099,0.04800000000000004,True
5.544256,7,33.591066,0.9609059998309855,0.05600000000000005,True
5.441841,5,33.602458,0.968299005018223,0.040000000000000036,True
5.615737,7,34.183435,0.9592302617075228,0.05600000000000005,True
6.036136,5,34.194399,0.9616328038264621,0.040000000000000036,True
5.75143,3,34.202353,0.9688917667684067,0.02400000000000002,True
5.347102,3,34.209737,0.9611271121161395,0.02400000000000002,True
5.649585,5,34.220115,0.9599310006288073,0.040000000000000036,True
5.665751,6,34.232612,0.9591167112440109,0.04800000000000004,True
5.706091,4,34.241889,0.9596891347647758,0.03200000000000003,True
5.968018,6,34.254706,0.9603578198768213,0.04800000000000004,True
5.835831,5,34.266138,0.9604960672779999,0.040000000000000036,True
5.562828,3,34.273178,0.9611384312384998,0.02400000000000002,True
5.536021,5,34.28457,0.9668751752992079,0.040000000000000036,True
5.57601,5,34.294772,0.9617662742014864,0.040000000000000036,True
5.700569,4,34.305622,0.9655988594451216,0.03200000000000003,True
5.489001,4,34.313982,0.9588669785031877,0.03200000000000003,True
5.774432,5,34.324879,0.9607991634098549,0.040000000000000036,True
5.786373,5,34.337108,0.9592239305744867,0.040000000000000036,True
5.683983,6,34.352668,0.9611568810399723,0.04800000000000004,True
5.650142,4,34.361899,0.9620812659665052,0.03200000000000003,True
5.692931,4,34.370821,0.9633625910247707,0.03200000000000003,True
5.531171,5,34.383595,0.9609288730939718,0.040000000000000036,True
5.637792,3,34.390255,0.9614486210554237,0.02400000000000002,True
5.411797,4,34.399307,0.9610379765534085,0.03200000000000003,True
5.795823,3,34.407846,0.9584575004899627,0.02400000000000002,True
5.602807,7,34.426034,0.9585401904125881,0.05600000000000005,True
5.554953,5,34.438713,0.9605041562368567,0.040000000000000036,True
5.47701,3,34.444806,0.9596434496251104,0.02400000000000002,True
5.855338,5,34.456285,0.9637846538572008,0.040000000000000036,True
5.4896,5,34.467746,0.9630967012786706,0.040000000000000036,True
5.827439,5,34.478776,0.9590953853667432,0.040000000000000036,True
5.819933,6,34.491354,0.9605481774615628,0.04800000000000004,True
5.79631,5,34.502686,0.9613223067730756,0.040000000000000036,True
5.598394,4,34.513093,0.962770451789747,0.03200000000000003,True
5.704786,7,34.528977,0.9628017461880685,0.05600000000000005,True
5.502772,5,34.540916,0.9587412981408495,0.040000000000000036,True
5.669859,4,34.550815,0.963061122853462,0.03200000000000003,True
5.599227,6,34.56547,0.9612092464836102,0.04800000000000004,True
5.794045,4,34.576359,0.9609595622736565,0.03200000000000003,True
5.4806,4,34.585352,0.9623051894821051,0.03200000000000003,True
5.580744,5,34.596872,0.9582192299332201,0.040000000000000036,True
5.742537,5,34.608492,0.960733613335257,0.040000000000000036,True
5.762045,5,34.619392,0.9667885778632713,0.040000000000000036,True
5.84489,4,34.628456,0.9614232033516301,0.03200000000000003,True
5.515145,5,34.639526,0.9613405688295024,0.040000000000000036,True
5.819412,6,34.655501,0.9628532988218881,0.04800000000000004,True
5.515419,4,34.664591,0.9611645222147394,0.03200000000000003,True
5.716664,4,34.673901,0.9638452297822171,0.03200000000000003,True
5.877077,6,34.685942,0.9618021779641343,0.04800000000000004,True
5.773721,5,34.698028,0.9587715278336923,0.040000000000000036,True
6.021185,5,34.709105,0.959729703618062,0.040000000000000036,True
6.021193,7,34.724689,0.9600797439997576,0.05600000000000005,True
6.047908,4,34.732848,0.9621440699936721,0.03200000000000003,True
5.538847,4,34.742952,0.9597573676817923,0.03200000000000003,True
5.823239,5,34.753558,0.9618853224239847,0.040000000000000036,True
5.625377,4,34.763938,0.960624025165975,0.03200000000000003,True
5.499461,5,35.331627,0.9602534934614296,0.040000000000000036,True
5.735044,4,35.340405,0.9654371214534625,0.03200000000000003,True
5.843397,5,35.352889,0.9591110662499334,0.040000000000000036,True
5.708147,4,35.362716,0.965551171389856,0.03200000000000003,True
5.576661,5,35.37398,0.9595227130084332,0.040000000000000036,True
5.755922,4,35.382078,0.9645358805457127,0.03200000000000003,True
5.443887,4,35.391669,0.9618935013625354,0.03200000000000003,True
5.948964,5,35.402928,0.959304519397491,0.040000000000000036,True
5.776602,4,35.412659,0.9606207467701384,0.03200000000000003,True
5.982859,8,35.42952,0.9598350594635757,0.06400000000000006,True
5.557635,5,35.44084,0.9571323022764222,0.040000000000000036,True
5.514606,4,35.450648,0.9602874562831566,0.03200000000000003,True
5.654939,6,35.464665,0.9590513329393504,0.04800000000000004,True
5.665654,3,35.472216,0.9628613788793534,0.02400000000000002,True
5.99371,3,35.479259,0.957579470657431,0.02400000000000002,True
5.650462,3,35.486272,0.9676138639329557,0.02400000000000002,True
5.45622,5,35.499753,0.9621733568438193,0.040000000000000036,True
5.752011,3,35.506587,0.9593333853981281,0.02400000000000002,True
5.524027,4,35.516683,0.9591884337102441,0.03200000000000003,True
5.739334,6,35.530865,0.9589463585317697,0.04800000000000004,True
5.791216,5,35.541954,0.9607805680361733,0.040000000000000036,True
5.780781,4,35.552745,0.9642761600338807,0.03200000000000003,True
5.746941,5,35.56458,0.9625901987750047,0.040000000000000036,True
5.537546,5,35.576872,0.9575169739414356,0.040000000000000036,True
5.804388,6,35.592647,0.9600463614137714,0.04800000000000004,True
5.765265,5,35.603456,0.9577594031476228,0.040000000000000036,True
5.534207,5,35.614755,0.9632698770438001,0.040000000000000036,True
5.625508,3,35.623062,0.9640377331733873,0.02400000000000002,True
5.908607,4,35.63211,0.9673797675733526,0.03200000000000003,True
5.638103,5,35.644058,0.9567543509297276,0.040000000000000036,True
5.78603,5,35.656549,0.9641812309075128,0.040000000000000036,True
5.732795,4,35.665881,0.9651685757624365,0.03200000000000003,True
5.940012,6,35.679241,0.9594111374570822,0.04800000000000004,True
5.549085,6,35.694094,0.9591067498998023,0.04800000000000004,True
5.715498,3,35.702832,0.9616693364452826,0.02400000000000002,True
5.522686,7,35.717576,0.9630486683534234,0.05600000000000005,True
5.694584,3,35.72526,0.962177240507043,0.02400000000000002,True
5.391634,4,35.733578,0.9597769269419985,0.03200000000000003,True
5.82772,4,35.743793,0.9574717793547352,0.03200000000000003,True
5.603394,5,35.755825,0.9652698040776108,0.040000000000000036,True
5.792671,3,35.763324,0.9589853281394644,0.02400000000000002,True
5.831873,4,35.772839,0.9588824671168026,0.03200000000000003,True
5.723306,6,35.786617,0.9627226020515368,0.04800000000000004,True
5.769106,4,35.796012,0.9595392276806312,0.03200000000000003,True
5.554213,6,35.809816,0.9615796731516246,0.04800000000000004,True
5.701905,6,35.823458,0.9567542777678006,0.04800000000000004,True
5.479749,8,35.842759,0.956571723775451,0.06400000000000006,True
5.772545,5,35.853996,0.965338740855396,0.040000000000000036,True
5.592046,6,35.867842,0.9605738899387155,0.04800000000000004,True
5.524218,8,35.885825,0.963434824991454,0.06400000000000006,True
5.644488,4,35.895666,0.9622386970557136,0.03200000000000003,True
5.731234,5,35.90812,0.9629515955032321,0.040000000000000036,True
5.774069,5,35.919556,0.961135441649233,0.040000000000000036,True
5.715511,5,36.486709,0.9649013236924883,0.040000000000000036,True
5.800051,4,36.496693,0.9580591149214632,0.03200000000000003,True
5.745562,5,36.507965,0.9630444356695462,0.040000000000000036,True
5.728146,5,36.51967,0.9617373323167965,0.040000000000000036,True
5.497171,4,36.529248,0.9635701134431808,0.03200000000000003,True
5.968365,5,36.541362,0.9661280014540223,0.040000000000000036,True
5.484338,5,36.55397,0.9634140860461788,0.040000000000000036,True
5.864711,4,36.563332,0.9595731458456086,0.03200000000000003,True
5.585643,4,36.572731,0.9623497790163033,0.03200000000000003,True
5.749201,5,36.585541,0.9610876330180091,0.040000000000000036,True
5.793886,5,36.598719,0.9641574652308166,0.040000000000000036,True
5.653096,3,36.604804,0.9629332036695324,0.02400000000000002,True
5.681924,4,36.613784,0.960385525523306,0.03200000000000003,True
5.52592,4,36.623314,0.9618476343974656,0.03200000000000003,True
5.650566,5,36.634296,0.9570151255911941,0.040000000000000036,True
5.800409,5,36.645907,0.9603946240015869,0.040000000000000036,True
5.705014,4,36.656598,0.960340124711434,0.03200000000000003,True
5.605377,6,36.748601,0.9619647636947455,0.04800000000000004,True
6.063222,4,36.758706,0.9652259004155939,0.03200000000000003,True
5.765883,6,36.771838,0.9579964068689575,0.04800000000000004,True
5.535432,5,36.783489,0.9598695085454677,0.040000000000000036,True
5.780783,5,36.793827,0.9615854122099612,0.040000000000000036,True
5.950528,4,36.803381,0.9580181280421266,0.03200000000000003,True
5.482023,5,36.815021,0.9584391805724353,0.040000000000000036,True
5.683336,4,36.823895,0.9659302862271083,0.03200000000000003,True
5.457887,3,36.830197,0.9630424009142406,0.02400000000000002,True
5.725779,4,36.840212,0.9601992745772525,0.03200000000000003,True
5.667518,3,36.848256,0.9616382422353315,0.02400000000000002,True
5.958089,6,36.867931,0.9598050110710901,0.04800000000000004,True
5.724148,5,36.878144,0.9669026551480531,0.040000000000000036,True
5.322272,4,36.888091,0.9619369905929045,0.03200000000000003,True
5.506326,4,36.896762,0.9596864139885283,0.03200000000000003,True
5.581754,5,36.907757,0.9601244892520431,0.040000000000000036,True
5.751709,4,36.917325,0.9596163876363384,0.03200000000000003,True
5.811596,5,36.929645,0.9622138684285101,0.040000000000000036,True
5.727431,4,36.938314,0.9601485845954257,0.03200000000000003,True
5.464383,3,36.944334,0.9638344876990662,0.02400000000000002,True
5.661365,5,36.955062,0.9625081750947249,0.040000000000000036,True
5.673177,3,36.96428,0.9606601838374546,0.02400000000000002,True
5.806216,5,36.978628,0.9599746267991565,0.040000000000000036,True
5.820071,6,36.993468,0.9571318227413413,0.04800000000000004,True
5.407217,4,37.001573,0.9617330158621744,0.03200000000000003,True
5.7255,6,37.014465,0.9599499322112582,0.04800000000000004,True
5.573652,4,37.024261,0.9683807655528032,0.03200000000000003,True
5.776962,5,37.034925,0.9659733684205685,0.040000000000000036,True
5.518976,4,37.044985,0.9612198404956982,0.03200000000000003,True
5.745461,4,37.055031,0.9629022605052127,0.03200000000000003,True
5.412973,4,37.064622,0.9639597715723323,0.03200000000000003,True
5.464647,6,37.081456,0.9595329368186075,0.04800000000000004,True
5.714809,4,37.093334,0.9669759085596615,0.03200000000000003,True
5.701123,5,37.104287,0.9592528154701869,0.040000000000000036,True
5.647448,4,37.113393,0.9624645987205432,0.03200000000000003,True
5.950664,3,37.12063,0.9602216907157839,0.02400000000000002,True
5.725911,5,37.138312,0.9624342546589636,0.040000000000000036,True
5.678081,3,37.148489,0.9660992400908777,0.02400000000000002,True
5.675304,4,37.15985,0.9641729578150511,0.03200000000000003,True
5.825268,5,37.172144,0.961891796194184,0.040000000000000036,True
5.759267,4,37.181459,0.960840168128166,0.03200000000000003,True
5.449335,5,37.728287,0.9576741689996895,0.040000000000000036,True
5.72901,5,37.739556,0.9618900925827868,0.040000000000000036,True
5.587812,4,37.749834,0.9664687932202103,0.03200000000000003,True
5.823238,5,37.763044,0.9630520882447643,0.040000000000000036,True
5.881722,5,37.773873,0.9599267053125452,0.040000000000000036,True
5.806156,7,37.790237,0.9569514057369916,0.05600000000000005,True
6.037668,5,37.802444,0.959444839573291,0.040000000000000036,True
5.589757,5,37.813581,0.9616199354994613,0.040000000000000036,True
5.871804,6,37.828012,0.9639438729659342,0.04800000000000004,True
5.634605,5,37.838012,0.9608423097821142,0.040000000000000036,True
5.695653,4,37.849318,0.9599016134205508,0.03200000000000003,True
6.015438,5,37.864658,0.9593133188861113,0.040000000000000036,True
5.467594,5,37.876389,0.9623654998677872,0.040000000000000036,True
5.795549,4,37.886031,0.9657572547654898,0.03200000000000003,True
5.830482,6,37.89961,0.9664717086246936,0.04800000000000004,True
5.692892,4,37.909116,0.961451099944552,0.03200000000000003,True
5.436859,3,37.916233,0.9590042103723685,0.02400000000000002,True
5.479883,3,37.923488,0.9611565949985273,0.02400000000000002,True
5.6214,5,37.935048,0.9612539616445868,0.040000000000000036,True
6.000495,5,37.946765,0.962066858176765,0.040000000000000036,True
6.01278,4,37.954624,0.9605129499465128,0.03200000000000003,True
5.730865,4,37.964053,0.9634219176378918,0.03200000000000003,True
5.634643,3,37.972167,0.9637543046552195,0.02400000000000002,True
5.75223,4,37.981415,0.9567068926700044,0.03200000000000003,True
5.526474,6,37.994051,0.9612594065897211,0.04800000000000004,True
5.756293,5,38.004483,0.9591698908333295,0.040000000000000036,True
5.917798,4,38.012916,0.9627690129366943,0.03200000000000003,True
5.743742,5,38.024229,0.9656440198406286,0.040000000000000036,True
5.548193,5,38.035386,0.9630485556600976,0.040000000000000036,True
5.398399,5,38.046982,0.9597195784182897,0.040000000000000036,True
5.904851,5,38.058101,0.9618935434089384,0.040000000000000036,True
5.756926,4,38.068268,0.9575034490854983,0.03200000000000003,True
5.790545,5,38.07942,0.9622941661085613,0.040000000000000036,True
5.683881,4,38.088001,0.9609927788627808,0.03200000000000003,True
5.561265,6,38.10175,0.9607162990724691,0.04800000000000004,True
5.592424,5,38.113271,0.9625246233864466,0.040000000000000036,True
5.593164,4,38.121737,0.9692451663165982,0.03200000000000003,True
5.795869,7,38.136899,0.9621435739694407,0.05600000000000005,True
5.483068,5,38.147594,0.9612712208073009,0.040000000000000036,True
5.434194,5,38.160299,0.9618495126263116,0.040000000000000036,True
5.504912,3,38.171669,0.9568277833003583,0.02400000000000002,True
5.745321,3,38.182277,0.9615352750244874,0.02400000000000002,True
5.600873,5,38.195594,0.9611757660580493,0.040000000000000036,True
5.686295,6,38.208852,0.9582458928377147,0.04800000000000004,True
5.625589,4,38.217905,0.9570406680704537,0.03200000000000003,True
5.840629,5,38.228852,0.9610629216276176,0.040000000000000036,True
5.383313,4,38.237606,0.9629389142256535,0.03200000000000003,True
5.404568,4,38.246679,0.9633858580808992,0.03200000000000003,True
5.403483,3,38.253786,0.9574868067053255,0.02400000000000002,True
5.530864,5,38.26466,0.9647651665651138,0.040000000000000036,True
5.564754,4,38.275047,0.960659975300754,0.03200000000000003,True
5.650347,3,38.282881,0.9604175413619183,0.02400000000000002,True
5.409688,3,38.289287,0.9605408267953394,0.02400000000000002,True
5.667602,4,38.298632,0.9574226197326681,0.03200000000000003,True
5.555628,5,38.309914,0.957763257732846,0.040000000000000036,True
5.766656,5,38.320914,0.965797716894582,0.040000000000000036,True
5.60015,7,38.909154,0.9575250446627437,0.05600000000000005,True
5.827658,5,38.930794,0.9632786680900475,0.040000000000000036,True
5.728483,7,38.961874,0.9611553675363218,0.05600000000000005,True
5.640597,4,38.978728,0.9612524769924743,0.03200000000000003,True
5.569138,4,38.992809,0.9591730476209146,0.03200000000000003,True
5.344695,3,39.005316,0.9620783573204224,0.02400000000000002,True
5.676964,4,39.018649,0.9620156214805268,0.03200000000000003,True
5.990183,6,39.036883,0.9576188291098322,0.04800000000000004,True
5.917096,5,39.053933,0.9583781459903871,0.040000000000000036,True
5.746725,5,39.068655,0.9631314176857534,0.040000000000000036,True
5.56321,5,39.083798,0.9618580862008526,0.040000000000000036,True
5.520459,5,39.098847,0.9627684831439012,0.040000000000000036,True
5.728412,4,39.111377,0.9569016068954355,0.03200000000000003,True
5.473744,4,39.1226,0.9662986658246955,0.03200000000000003,True
5.799111,4,39.135347,0.9581487253976406,0.03200000000000003,True
5.831975,4,39.148858,0.9606559955391506,0.03200000000000003,True
5.93349,5,39.167179,0.9608434197827296,0.040000000000000036,True
6.01641,4,39.179701,0.9613809077597539,0.03200000000000003,True
5.695947,6,39.199259,0.9601586238353527,0.04800000000000004,True
5.544443,4,39.214278,0.9635776052918694,0.03200000000000003,True
5.789983,5,39.230367,0.958676346702196,0.040000000000000036,True
5.691891,4,39.241537,0.9591634261008761,0.03200000000000003,True
5.60194,5,39.258628,0.9594005726574025,0.040000000000000036,True
5.518392,4,39.271278,0.9640035767827526,0.03200000000000003,True
5.972237,4,39.284071,0.9634154928225958,0.03200000000000003,True
6.039488,5,39.298403,0.9622920244597766,0.040000000000000036,True
5.982869,5,39.313869,0.9613779058452405,0.040000000000000036,True
5.782499,4,39.325733,0.9623266458374338,0.03200000000000003,True
5.790003,7,39.346394,0.9614141966089111,0.05600000000000005,True
5.514508,5,39.36123,0.963622715270678,0.040000000000000036,True
5.831263,5,39.377002,0.9603390931988743,0.040000000000000036,True
5.586103,3,39.386538,0.962423261716111,0.02400000000000002,True
5.932459,6,39.405096,0.9618649307987637,0.04800000000000004,True
5.48145,5,39.41963,0.9588192560142177,0.040000000000000036,True
5.475804,3,39.428046,0.9568214119301741,0.02400000000000002,True
5.550339,4,39.440963,0.9636684052646523,0.03200000000000003,True
5.935603,5,39.457721,0.9591273458987458,0.040000000000000036,True
5.680942,5,39.474705,0.9602531991793075,0.040000000000000036,True
5.685527,3,39.484932,0.9589570402450828,0.02400000000000002,True
5.81152,5,39.499772,0.9645775778933483,0.040000000000000036,True
6.026656,4,39.511672,0.9619220492230208,0.03200000000000003,True
5.589722,5,39.526059,0.9621824241329748,0.040000000000000036,True
5.667283,3,39.536749,0.9610077001211462,0.02400000000000002,True
5.506369,5,39.551832,0.9644959814920855,0.040000000000000036,True
5.601929,4,39.564373,0.9607994689222312,0.03200000000000003,True
6.012195,4,39.577204,0.9609268750832073,0.03200000000000003,True
5.483867,6,39.593889,0.9633207874244996,0.04800000000000004,True
5.666739,5,39.610508,0.9655775455633784,0.040000000000000036,True
5.934111,5,39.62484,0.9633537823866045,0.040000000000000036,True
6.045071,4,39.635963,0.9576541421166438,0.03200000000000003,True
5.696294,7,39.657586,0.9635764196828747,0.05600000000000005,True
5.413475,3,39.666092,0.9609078009790842,0.02400000000000002,True
5.662187,5,39.683328,0.96166937058962,0.040000000000000036,True
5.598356,3,39.693636,0.9622091365648476,0.02400000000000002,True
5.488358,4,39.706367,0.9622191603814707,0.03200000000000003,True
5.913621,4,40.444632,0.9620187402475026,0.03200000000000003,True
5.5593,4,40.458356,0.9583733300161711,0.03200000000000003,True
5.952282,4,40.470514,0.9580233512007472,0.03200000000000003,True
5.639183,5,40.486882,0.9566836394398397,0.040000000000000036,True
5.485765,5,40.502716,0.9617406611657924,0.040000000000000036,True
5.390109,5,40.516243,0.9620873492361974,0.040000000000000036,True
5.624968,4,40.530843,0.9568538143936103,0.03200000000000003,True
5.595906,5,40.551074,0.9659413980410344,0.040000000000000036,True
5.908507,5,40.566569,0.9612060873797063,0.040000000000000036,True
5.724229,5,40.583221,0.9630342211614504,0.040000000000000036,True
5.718352,5,40.599804,0.9584003519863552,0.040000000000000036,True
5.453202,5,40.618879,0.9604890499726817,0.040000000000000036,True
5.751965,4,40.629404,0.9608856720134504,0.03200000000000003,True
5.522452,4,40.641621,0.9664660093483963,0.03200000000000003,True
5.517034,4,40.653984,0.9594433849699704,0.03200000000000003,True
5.462114,3,40.662398,0.9587708448112547,0.02400000000000002,True
5.629596,4,40.675584,0.9618166758206825,0.03200000000000003,True
5.717361,5,40.693473,0.9635180383436273,0.040000000000000036,True
5.686766,3,40.703247,0.9617390668388217,0.02400000000000002,True
5.954909,5,40.721046,0.9632386907039792,0.040000000000000036,True
5.810307,6,40.739412,0.9600751011071965,0.04800000000000004,True
5.557815,3,40.746847,0.9629107884016355,0.02400000000000002,True
5.578647,5,40.763082,0.9626400413245175,0.040000000000000036,True
5.549268,4,40.77538,0.9618500158248038,0.03200000000000003,True
5.475802,3,40.783736,0.9605959170527429,0.02400000000000002,True
5.30523,2,40.790453,0.959927354861746,0.016000000000000014,True
5.749019,5,40.804681,0.9666368306919284,0.040000000000000036,True
5.572691,4,40.816865,0.9613229113005941,0.03200000000000003,True
5.5373,4,40.82989,0.963937439965243,0.03200000000000003,True
6.036869,5,40.84706,0.9651267973457649,0.040000000000000036,True
5.845045,6,40.864748,0.9586050992081689,0.04800000000000004,True
5.650799,4,40.877991,0.9585687687718492,0.03200000000000003,True
5.594801,5,40.89262,0.958984853235879,0.040000000000000036,True
5.360542,3,40.903024,0.9584554257810936,0.02400000000000002,True
5.679739,4,40.916215,0.9574362707040078,0.03200000000000003,True
5.53643,3,40.925763,0.9612756664535766,0.02400000000000002,True
5.496003,4,40.938845,0.9594611665264007,0.03200000000000003,True
5.41121,5,40.954769,0.9592441593556418,0.040000000000000036,True
5.670963,4,40.967958,0.9612592229281661,0.03200000000000003,True
5.604127,4,40.980453,0.9614820019698882,0.03200000000000003,True
5.590782,4,40.992452,0.963123557478524,0.03200000000000003,True
5.458475,4,41.005014,0.9570238736987571,0.03200000000000003,True
5.848632,4,41.016052,0.9594793613996959,0.03200000000000003,True
5.964745,5,41.030509,0.9618724804521961,0.040000000000000036,True
5.571707,5,41.04484,0.9620419094537466,0.040000000000000036,True
5.924382,5,41.059464,0.9626840166650206,0.040000000000000036,True
5.972737,4,41.071795,0.9603450871071533,0.03200000000000003,True
5.700796,4,41.085582,0.9623064750097516,0.03200000000000003,True
5.576097,5,41.102214,0.9653385116298996,0.040000000000000036,True
5.417927,3,41.111662,0.9574005194432069,0.02400000000000002,True
5.628027,4,41.123079,0.9591623543321344,0.03200000000000003,True
5.558331,4,41.134768,0.9569649211094842,0.03200000000000003,True
5.827834,5,41.148734,0.9577222060606525,0.040000000000000036,True
5.555248,4,41.160124,0.96008584423243,0.03200000000000003,True
5.560354,4,41.172614,0.9660674288854505,0.03200000000000003,True
5.584554,4,41.184381,0.9595876730397291,0.03200000000000003,True
5.598426,3,41.192495,0.960117455363086,0.02400000000000002,True
5.594123,5,41.207319,0.9583645109526182,0.040000000000000036,True
5.66699,5,41.221604,0.9628098008220487,0.040000000000000036,True
6.022176,4,41.232714,0.9589394236772881,0.03200000000000003,True
5.548888,3,41.242695,0.9646831896582047,0.02400000000000002,True
5.729544,4,41.982771,0.9610493405263518,0.03200000000000003,True
5.861828,6,41.999115,0.9623338592012209,0.04800000000000004,True
5.695233,5,42.013494,0.9654883578888634,0.040000000000000036,True
5.813444,6,42.029742,0.9619698487123478,0.04800000000000004,True
5.64106,4,42.041786,0.9598939241218489,0.03200000000000003,True
5.501771,6,42.059381,0.9603164088403419,0.04800000000000004,True
5.753437,4,42.070728,0.9603655316891185,0.03200000000000003,True
5.77157,5,42.086405,0.957061165731071,0.040000000000000036,True
5.820339,4,42.096455,0.9617268389593039,0.03200000000000003,True
5.559696,4,42.10796,0.9621541330948862,0.03200000000000003,True
5.63884,3,42.11721,0.9592658930536191,0.02400000000000002,True
5.615769,4,42.1291,0.9633959013468185,0.03200000000000003,True
5.764625,5,42.143139,0.9603319616401318,0.040000000000000036,True
5.701742,3,42.15286,0.9631596868901603,0.02400000000000002,True
5.742737,6,42.173074,0.9608268595202466,0.04800000000000004,True
5.58251,5,42.189543,0.9581350331002889,0.040000000000000036,True
5.872204,5,42.207773,0.966105059384248,0.040000000000000036,True
5.626155,3,42.220827,0.9632645279833196,0.02400000000000002,True
5.77784,4,42.234387,0.961762364815999,0.03200000000000003,True
5.692121,4,42.2491,0.9633227364150647,0.03200000000000003,True
5.644431,5,42.267347,0.9680629799540363,0.040000000000000036,True
5.801244,5,42.286442,0.9626348591859509,0.040000000000000036,True
5.51779,4,42.300635,0.9610443081893552,0.03200000000000003,True
5.771489,5,42.31454,0.95821527276428,0.040000000000000036,True
5.736773,4,42.326648,0.9572639548415488,0.03200000000000003,True
5.837966,4,42.338288,0.9570547435855341,0.03200000000000003,True
5.511705,4,42.350786,0.9621460167886582,0.03200000000000003,True
5.494006,5,42.365532,0.9668322506393209,0.040000000000000036,True
5.494081,4,42.377513,0.9598603742856711,0.03200000000000003,True
5.586293,4,42.390122,0.9585149964444143,0.03200000000000003,True
5.847387,5,42.40899,0.9576676948721017,0.040000000000000036,True
5.907248,5,42.426625,0.9594046275265602,0.040000000000000036,True
5.672883,3,42.440049,0.9649416466008643,0.02400000000000002,True
5.468474,4,42.455738,0.9638228467616226,0.03200000000000003,True
5.678078,5,42.475072,0.9609871622815718,0.040000000000000036,True
5.849105,5,42.490944,0.9616165204343942,0.040000000000000036,True
5.465265,4,42.502936,0.9589398498094244,0.03200000000000003,True
5.425712,4,42.514608,0.9580092515288396,0.03200000000000003,True
5.776271,5,42.530252,0.9601507144715027,0.040000000000000036,True
5.64424,4,42.542988,0.960412988575841,0.03200000000000003,True
5.481587,3,42.55147,0.9592340774507949,0.02400000000000002,True
5.90028,3,42.561226,0.9619680848695201,0.02400000000000002,True
5.854767,5,42.575513,0.9607254432920367,0.040000000000000036,True
5.801098,4,42.587844,0.9596890878574015,0.03200000000000003,True
5.678075,5,42.601936,0.961695271055585,0.040000000000000036,True
5.758165,4,42.6135,0.9686470561370234,0.03200000000000003,True
5.800057,5,42.627786,0.9619303450941614,0.040000000000000036,True
5.537273,4,42.642492,0.959628046140409,0.03200000000000003,True
5.691246,5,42.65639,0.9596059804103994,0.040000000000000036,True
5.557842,5,42.671256,0.960699730367799,0.040000000000000036,True
5.538449,5,42.694107,0.9605110425872501,0.040000000000000036,True
5.888126,5,42.711921,0.9611446292871102,0.040000000000000036,True
5.79978,5,42.731074,0.9603473095418131,0.040000000000000036,True
5.891683,6,42.751933,0.9581122145211538,0.04800000000000004,True
5.460875,3,42.761613,0.9617838282501814,0.02400000000000002,True
5.957414,4,42.77374,0.9610634769586134,0.03200000000000003,True
5.92434,5,42.789578,0.9586223699172516,0.040000000000000036,True
5.382613,3,43.505945,0.9591965457591317,0.02400000000000002,True
5.905416,5,43.522785,0.9624801907807922,0.040000000000000036,True
5.787639,4,43.534747,0.9631155386592638,0.03200000000000003,True
5.839967,5,43.546535,0.9633202078609717,0.040000000000000036,True
5.680523,3,43.554867,0.9597042790377814,0.02400000000000002,True
5.63959,4,43.565044,0.9615073309220787,0.03200000000000003,True
5.530527,4,43.574376,0.9567442120895667,0.03200000000000003,True
5.661032,3,43.580839,0.9667915987529269,0.02400000000000002,True
5.763816,4,43.590029,0.9591480263333917,0.03200000000000003,True
5.817316,5,43.600763,0.962599159035334,0.040000000000000036,True
5.653525,4,43.610597,0.9589258221865504,0.03200000000000003,True
5.767111,3,43.616488,0.9669520981135966,0.02400000000000002,True
5.82012,3,43.701916,0.9626697645000808,0.02400000000000002,True
5.586101,3,43.709156,0.9634067389854639,0.02400000000000002,True
5.697957,5,43.720559,0.9589135167625397,0.040000000000000036,True
5.67102,3,43.728031,0.9625747622118452,0.02400000000000002,True
5.608951,5,43.739133,0.9610649207599204,0.040000000000000036,True
5.874023,5,43.751647,0.9644040080053452,0.040000000000000036,True
5.72,3,43.759482,0.9624400347148064,0.02400000000000002,True
5.758621,4,43.77027,0.9619340711896093,0.03200000000000003,True
5.618845,6,43.783138,0.963623536119568,0.04800000000000004,True
6.037622,5,43.794681,0.9646472564165165,0.040000000000000036,True
5.552851,5,43.806842,0.9619685815120376,0.040000000000000036,True
5.752814,4,43.81595,0.9593838252433856,0.03200000000000003,True
5.666174,5,43.827477,0.9612631404334084,0.040000000000000036,True
5.55453,5,43.839934,0.9594079714338982,0.040000000000000036,True
5.917445,4,43.849761,0.9572482601548404,0.03200000000000003,True
5.443458,5,43.861336,0.9639310891274051,0.040000000000000036,True
5.713875,5,43.873222,0.958079593576397,0.040000000000000036,True
5.699813,4,43.883013,0.9630094971139718,0.03200000000000003,True
5.496243,4,43.89298,0.9619069977041543,0.03200000000000003,True
5.997321,4,43.90387,0.9602334872537714,0.03200000000000003,True
5.80023,5,43.91476,0.9591405970216347,0.040000000000000036,True
5.735732,3,43.922902,0.9651250208567552,0.02400000000000002,True
5.729902,4,43.931544,0.9631181891038922,0.03200000000000003,True
5.73195,5,43.943133,0.9629460346775296,0.040000000000000036,True
5.819869,5,43.954586,0.9620391756292529,0.040000000000000036,True
5.939109,3,43.962032,0.9621859420669505,0.02400000000000002,True
5.388879,3,43.970631,0.9612946001580885,0.02400000000000002,True
5.491457,4,43.980286,0.9639856852379018,0.03200000000000003,True
5.741224,3,43.986392,0.9604478245829726,0.02400000000000002,True
5.625227,2,43.99189,0.9597452181134772,0.016000000000000014,True
5.866632,5,44.006473,0.9644547357828688,0.040000000000000036,True
5.6974,4,44.015955,0.9587431658004164,0.03200000000000003,True
5.442737,5,44.027011,0.9643125472740375,0.040000000000000036,True
5.660855,6,44.041735,0.9573550464203753,0.04800000000000004,True
5.659798,3,44.047843,0.9561477081089118,0.02400000000000002,True
5.619173,4,44.057277,0.9618167190600436,0.03200000000000003,True
5.706851,4,44.067076,0.9624208879203995,0.03200000000000003,True
5.628889,3,44.075221,0.9599989872423458,0.02400000000000002,True
5.706632,5,44.090391,0.9585837289788183,0.040000000000000036,True
5.583526,5,44.102593,0.9621550657751399,0.040000000000000036,True
5.672381,3,44.110924,0.9624607401848075,0.02400000000000002,True
5.854207,5,44.122622,0.962206587081182,0.040000000000000036,True
5.863626,4,44.132294,0.9640266622326509,0.03200000000000003,True
5.573891,5,44.144229,0.958207711712802,0.040000000000000036,True
5.351844,3,44.15065,0.9583943816337307,0.02400000000000002,True
5.462137,4,44.160463,0.9580899268161828,0.03200000000000003,True
6.020014,4,44.169691,0.9580392478137629,0.03200000000000003,True
5.58165,5,44.180869,0.9603424226481923,0.040000000000000036,True
6.008982,5,44.193957,0.9654550972064608,0.040000000000000036,True
5.56479,2,44.20108,0.9597767390843843,0.016000000000000014,True
5.864083,5,44.877976,0.9599761817524333,0.040000000000000036,True
5.826142,6,44.892926,0.9576808385725035,0.04800000000000004,True
5.831235,5,44.905369,0.9631439946988593,0.040000000000000036,True
5.696881,4,44.914492,0.9556184786301645,0.03200000000000003,True
5.671674,3,44.920834,0.9620820170046978,0.02400000000000002,True
5.715971,5,44.932028,0.9630080710162434,0.040000000000000036,True
5.801327,4,44.941476,0.9587997174353373,0.03200000000000003,True
5.340374,5,44.952864,0.9617881063653158,0.040000000000000036,True
5.390917,4,44.961481,0.9652008565801975,0.03200000000000003,True
5.842467,3,44.96978,0.9602058807729246,0.02400000000000002,True
5.501629,4,44.980443,0.9637889462923883,0.03200000000000003,True
5.816282,4,44.989816,0.9637262551109128,0.03200000000000003,True
5.983779,4,44.999909,0.9585012796479315,0.03200000000000003,True
5.545857,5,45.011535,0.9656077051196379,0.040000000000000036,True
5.876306,5,45.022313,0.9597772421502266,0.040000000000000036,True
5.828477,5,45.033134,0.9618072778513455,0.040000000000000036,True
5.834443,5,45.044767,0.9570789247188785,0.040000000000000036,True
5.585258,2,45.049922,0.9626217050983239,0.016000000000000014,True
5.778338,6,45.064627,0.9643379580150101,0.04800000000000004,True
5.655366,5,45.076523,0.9605977538098184,0.040000000000000036,True
5.490785,5,45.090339,0.9603209046616192,0.040000000000000036,True
5.575076,4,45.100703,0.9590188917745981,0.03200000000000003,True
5.735711,5,45.111722,0.9615078739037639,0.040000000000000036,True
5.683164,2,45.11851,0.9637807774305791,0.016000000000000014,True
5.784229,3,45.125851,0.9580746390525491,0.02400000000000002,True
5.476141,3,45.133787,0.9695883857141533,0.02400000000000002,True
5.797708,4,45.143944,0.9570696100048527,0.03200000000000003,True
5.670279,4,45.153968,0.9629934388195751,0.03200000000000003,True
5.487709,4,45.164123,0.956503813098061,0.03200000000000003,True
5.561504,5,45.17593,0.9630145210979675,0.040000000000000036,True
5.706299,4,45.185761,0.9603217114745264,0.03200000000000003,True
5.733846,4,45.194635,0.9575379633812509,0.03200000000000003,True
5.735679,3,45.201604,0.9602440464006264,0.02400000000000002,True
5.750891,6,45.217218,0.9593084260888165,0.04800000000000004,True
5.816733,6,45.231505,0.9604001740822039,0.04800000000000004,True
5.449698,3,45.239612,0.9624665795447969,0.02400000000000002,True
5.82833,4,45.24792,0.9588446419134772,0.03200000000000003,True
5.515272,5,45.258917,0.9615406959986963,0.040000000000000036,True
5.40981,3,45.266142,0.9624819053818561,0.02400000000000002,True
5.723702,4,45.276126,0.9669205684669482,0.03200000000000003,True
5.482997,4,45.285722,0.9609507071705286,0.03200000000000003,True
5.646065,3,45.292831,0.9662723046380428,0.02400000000000002,True
5.583584,5,45.304024,0.9617222525306899,0.040000000000000036,True
5.653242,4,45.313986,0.9604379946226231,0.03200000000000003,True
5.702371,5,45.325274,0.9627913102228058,0.040000000000000036,True
5.583649,4,45.334771,0.9628427060387862,0.03200000000000003,True
5.512148,4,45.343485,0.9623175527071637,0.03200000000000003,True
5.7589,4,45.351872,0.9583423565759117,0.03200000000000003,True
5.562249,3,45.35966,0.9614372617389905,0.02400000000000002,True
5.734312,5,45.371091,0.9647734732833013,0.040000000000000036,True
5.735864,4,45.380064,0.960317337266795,0.03200000000000003,True
5.671867,3,45.38715,0.9611445700941896,0.02400000000000002,True
5.43647,3,45.394352,0.9604063533305657,0.02400000000000002,True
5.776018,3,45.401161,0.9602918704370483,0.02400000000000002,True
5.730603,4,45.410815,0.9634983550674399,0.03200000000000003,True
5.740413,4,45.420847,0.9668206063994901,0.03200000000000003,True
5.633911,5,45.432091,0.9639865799494052,0.040000000000000036,True
5.718327,4,45.442425,0.9605445331471205,0.03200000000000003,True
5.764237,5,45.453152,0.9641561921584612,0.040000000000000036,True
5.839323,5,45.464811,0.9631647991983576,0.040000000000000036,True
5.793163,5,45.47661,0.9648228249151355,0.040000000000000036,True
5.819066,5,46.061373,0.966812206699591,0.040000000000000036,True
5.841308,6,46.076385,0.96126090882451,0.04800000000000004,True
5.888109,4,46.088277,0.9613755151838052,0.03200000000000003,True
5.595304,5,46.101371,0.9595485611473318,0.040000000000000036,True
5.669967,3,46.108907,0.964731461400783,0.02400000000000002,True
5.505929,3,46.115709,0.9634292585642604,0.02400000000000002,True
5.643742,5,46.126722,0.9596167174453418,0.040000000000000036,True
5.736438,4,46.137033,0.9617203334158562,0.03200000000000003,True
5.685617,4,46.146788,0.9575700690602275,0.03200000000000003,True
5.560328,6,46.16146,0.9600226420651549,0.04800000000000004,True
5.473585,3,46.168773,0.9573787770353803,0.02400000000000002,True
5.576961,6,46.182877,0.9593567416927907,0.04800000000000004,True
5.583548,4,46.191823,0.9623269408305626,0.03200000000000003,True
5.873315,5,46.203588,0.9604200618746448,0.040000000000000036,True
5.73369,4,46.213635,0.9602164176631887,0.03200000000000003,True
5.539674,4,46.222894,0.9579132208215904,0.03200000000000003,True
5.723729,4,46.232686,0.9630069491425394,0.03200000000000003,True
5.666735,5,46.244427,0.9610472288039533,0.040000000000000036,True
5.700666,4,46.254475,0.9637423358655515,0.03200000000000003,True
5.622076,5,46.265471,0.9567381366691989,0.040000000000000036,True
5.640871,5,46.276405,0.9579740794507317,0.040000000000000036,True
5.744472,4,46.285913,0.9630982629838636,0.03200000000000003,True
5.826272,5,46.29678,0.9639848329716836,0.040000000000000036,True
5.8047,5,46.307963,0.9635856763471299,0.040000000000000036,True
5.512364,4,46.318221,0.9575074302285795,0.03200000000000003,True
5.838925,3,46.324084,0.9673196196887408,0.02400000000000002,True
5.624879,5,46.336778,0.9569814826687926,0.040000000000000036,True
5.763817,4,46.347159,0.9631381129018305,0.03200000000000003,True
5.543721,4,46.356388,0.9616316445476375,0.03200000000000003,True
5.834102,3,46.364708,0.959606662039695,0.02400000000000002,True
6.033526,5,46.376665,0.9612536461834469,0.040000000000000036,True
5.462534,3,46.383279,0.9588555899768205,0.02400000000000002,True
5.647146,4,46.392381,0.9592030651050414,0.03200000000000003,True
5.549234,5,46.403709,0.958906199360632,0.040000000000000036,True
5.865625,6,46.41754,0.9603671588784013,0.04800000000000004,True
5.865161,4,46.425538,0.9611563201028608,0.03200000000000003,True
5.69791,4,46.434781,0.9622961017736483,0.03200000000000003,True
5.790802,4,46.444299,0.9647573164992684,0.03200000000000003,True
5.739841,5,46.455596,0.9668310437326695,0.040000000000000036,True
5.638985,5,46.468669,0.9561689871549086,0.040000000000000036,True
5.559516,3,46.475915,0.9624776472447859,0.02400000000000002,True
5.611014,4,46.485677,0.9591133648055395,0.03200000000000003,True
5.658533,4,46.49549,0.9596833615769257,0.03200000000000003,True
5.765865,4,46.505272,0.9638935682662388,0.03200000000000003,True
5.775313,5,46.517619,0.9588854747933735,0.040000000000000036,True
5.463492,5,46.529233,0.965571407626688,0.040000000000000036,True
5.641704,3,46.537622,0.9591974729363433,0.02400000000000002,True
5.529885,3,46.545323,0.9592127573632505,0.02400000000000002,True
5.782397,5,46.5579,0.9569451372526211,0.040000000000000036,True
5.688081,4,46.567884,0.9605569571285897,0.03200000000000003,True
5.757399,5,46.580389,0.9597890612935287,0.040000000000000036,True
5.481259,4,46.589654,0.9601082721283971,0.03200000000000003,True
5.956632,4,46.598913,0.9564177294707978,0.03200000000000003,True
5.426743,3,46.60631,0.9622054872156592,0.02400000000000002,True
5.680722,4,46.621892,0.9620398832815219,0.03200000000000003,True
5.524615,4,46.635425,0.9613392642944356,0.03200000000000003,True
5.665857,3,46.645841,0.9650254779327956,0.02400000000000002,True
5.838697,5,46.658368,0.9596255642138154,0.040000000000000036,True
5.545977,6,46.672042,0.9645256545274553,0.04800000000000004,True
5.683482,5,46.682886,0.9623492815485251,0.040000000000000036,True
5.566046,5,47.249001,0.9584156770759544,0.040000000000000036,True
5.681723,3,47.255924,0.9635571427805782,0.02400000000000002,True
5.875904,4,47.265584,0.9596530278659058,0.03200000000000003,True
5.825148,5,47.277243,0.9651773368625697,0.040000000000000036,True
5.692668,5,47.288431,0.9591834549029015,0.040000000000000036,True
5.468077,4,47.298656,0.9605466970340742,0.03200000000000003,True
5.471151,4,47.308563,0.9609797742972371,0.03200000000000003,True
5.751453,4,47.317369,0.9621589043411152,0.03200000000000003,True
5.533044,4,47.32793,0.959937882886507,0.03200000000000003,True
5.37993,2,47.332265,0.9592142950667473,0.016000000000000014,True
5.856366,4,47.342295,0.9604709279316528,0.03200000000000003,True
5.664023,3,47.350178,0.9577887955372761,0.02400000000000002,True
5.466703,3,47.357396,0.9626893820009499,0.02400000000000002,True
5.614192,6,47.371898,0.9583575157588224,0.04800000000000004,True
5.904358,3,47.379919,0.9613960602152324,0.02400000000000002,True
5.994699,4,47.38866,0.9605405365327793,0.03200000000000003,True
5.485144,4,47.399093,0.9590546172541479,0.03200000000000003,True
5.465805,4,47.408831,0.9629297042156371,0.03200000000000003,True
5.910744,5,47.421533,0.959732737229025,0.040000000000000036,True
5.644797,4,47.430935,0.9611180842080489,0.03200000000000003,True
5.632005,5,47.443146,0.9609070647116363,0.040000000000000036,True
5.61449,6,47.455724,0.9627529063358042,0.04800000000000004,True
5.829732,4,47.465244,0.9621610281445198,0.03200000000000003,True
5.677009,5,47.477679,0.9630013769693149,0.040000000000000036,True
5.774684,5,47.489981,0.9584227795150693,0.040000000000000036,True
5.523191,3,47.496144,0.9580472031891255,0.02400000000000002,True
5.622286,3,47.503382,0.9588949006727812,0.02400000000000002,True
5.500727,4,47.511902,0.9611405933520045,0.03200000000000003,True
5.517532,4,47.521358,0.9597239063108767,0.03200000000000003,True
5.722002,5,47.533989,0.9609067639427318,0.040000000000000036,True
5.713614,5,47.546439,0.9615283534741029,0.040000000000000036,True
5.534554,4,47.556034,0.9576983754131675,0.03200000000000003,True
5.565125,5,47.569596,0.9619027694570288,0.040000000000000036,True
5.650014,4,47.578048,0.9591237327263569,0.03200000000000003,True
5.59381,5,47.58993,0.9638248236479323,0.040000000000000036,True
5.506648,5,47.601083,0.9644201271135524,0.040000000000000036,True
5.671594,4,47.608964,0.9632791469912527,0.03200000000000003,True
5.743359,5,47.621377,0.959728643213043,0.040000000000000036,True
5.582052,4,47.630295,0.9618156762130274,0.03200000000000003,True
5.954859,4,47.640013,0.9608869783396128,0.03200000000000003,True
5.54125,4,47.656013,0.9620508625139124,0.03200000000000003,True
5.914017,4,47.670926,0.9571920279802538,0.03200000000000003,True
5.819548,3,47.68172,0.9627301136689315,0.02400000000000002,True
5.762446,4,47.691511,0.9710318814110002,0.03200000000000003,True
5.452117,3,47.699747,0.9613682334748397,0.02400000000000002,True
5.609845,4,47.709292,0.9688580174247213,0.03200000000000003,True
5.801577,5,47.721115,0.9572208919262164,0.040000000000000036,True
5.698568,4,47.730785,0.9617528899092408,0.03200000000000003,True
5.737786,4,47.741003,0.9567024483515766,0.03200000000000003,True
5.529354,6,47.755681,0.9592283285904193,0.04800000000000004,True
5.736949,4,47.76489,0.9645021201784879,0.03200000000000003,True
5.608712,4,47.774548,0.9614574959467928,0.03200000000000003,True
5.708003,5,47.785954,0.9591188315031455,0.040000000000000036,True
5.597629,2,47.792355,0.9633908619150544,0.016000000000000014,True
5.963956,5,47.804196,0.9603222423910828,0.040000000000000036,True
5.331184,3,47.811182,0.9620430010284932,0.02400000000000002,True
5.743913,4,47.819577,0.9599819500885477,0.03200000000000003,True
5.792013,4,47.829971,0.9648634137081248,0.03200000000000003,True
5.528619,5,47.840786,0.9611925806683277,0.040000000000000036,True
5.673539,4,47.849734,0.9599660939335837,0.03200000000000003,True
5.480738,4,47.859249,0.9580334871795491,0.03200000000000003,True
5.795228,5,48.402288,0.9606119930016052,0.040000000000000036,True
5.471999,5,48.414058,0.9653039279965601,0.040000000000000036,True
5.567879,4,48.423366,0.9599215257596696,0.03200000000000003,True
5.748672,5,48.434132,0.9668666296770883,0.040000000000000036,True
5.684837,6,48.449027,0.9610460450755807,0.04800000000000004,True
5.71454,5,48.460073,0.9598895235078528,0.040000000000000036,True
5.800877,3,48.467622,0.9588756961974365,0.02400000000000002,True
5.765309,5,48.478488,0.9615812966855084,0.040000000000000036,True
5.714344,3,48.48576,0.9617399339940809,0.02400000000000002,True
5.732397,5,48.49742,0.964095194381499,0.040000000000000036,True
5.675799,5,48.509881,0.9624395263945393,0.040000000000000036,True
5.346832,4,48.518605,0.9577503357727264,0.03200000000000003,True
5.817255,5,48.531649,0.9590350436437614,0.040000000000000036,True
5.542001,3,48.539582,0.9646789760003595,0.02400000000000002,True
5.398327,5,48.552123,0.9585483962588084,0.040000000000000036,True
5.614229,5,48.565005,0.9580143774601659,0.040000000000000036,True
5.722237,3,48.571672,0.9653872906944165,0.02400000000000002,True
5.973152,4,48.581686,0.9674126933284716,0.03200000000000003,True
5.478356,4,48.590358,0.961736298643235,0.03200000000000003,True
5.836504,3,48.598657,0.9597534503298282,0.02400000000000002,True
5.987135,4,48.608785,0.9592174322624369,0.03200000000000003,True
5.433804,5,48.619615,0.9616116936106301,0.040000000000000036,True
5.732836,5,48.630857,0.9590666851745488,0.040000000000000036,True
5.675452,5,48.643316,0.9623637722249647,0.040000000000000036,True
5.600606,5,48.654871,0.9634847449893944,0.040000000000000036,True
5.662087,4,48.664443,0.9621306002448843,0.03200000000000003,True
5.692943,3,48.673193,0.9571342678245219,0.02400000000000002,True
5.654065,5,48.687506,0.9588898134190587,0.040000000000000036,True
5.809728,4,48.700694,0.958765376443991,0.03200000000000003,True
5.705593,4,48.714413,0.9565811701479895,0.03200000000000003,True
5.775987,5,48.727501,0.9627082887143874,0.040000000000000036,True
5.748949,3,48.734656,0.9624304280703292,0.02400000000000002,True
5.628503,7,48.751221,0.9600382203192033,0.05600000000000005,True
5.535965,4,48.759876,0.9613765145539928,0.03200000000000003,True
5.690848,6,48.774958,0.964893635872418,0.04800000000000004,True
5.532818,3,48.781539,0.9600942607527501,0.02400000000000002,True
6.007295,4,48.790564,0.9610651489360553,0.03200000000000003,True
5.701319,4,48.800056,0.9599034320445283,0.03200000000000003,True
5.68373,5,48.812293,0.9637395186939696,0.040000000000000036,True
6.068274,6,48.824623,0.9657387067085572,0.04800000000000004,True
5.770345,3,48.832701,0.9628424990565264,0.02400000000000002,True
5.737788,4,48.84192,0.9597148914454066,0.03200000000000003,True
5.776652,5,48.85425,0.9602596907379137,0.040000000000000036,True
5.730275,4,48.86355,0.9627011687372854,0.03200000000000003,True
5.646878,3,48.870644,0.9617487199233763,0.02400000000000002,True
5.600022,5,48.881968,0.9591386320596509,0.040000000000000036,True
5.587698,4,48.892123,0.9612835653892171,0.03200000000000003,True
5.715842,3,48.900036,0.9607561769443254,0.02400000000000002,True
5.593793,4,48.911411,0.9632151295665536,0.03200000000000003,True
5.548352,3,48.920007,0.958012232488817,0.02400000000000002,True
5.535771,6,48.934534,0.9612094090161402,0.04800000000000004,True
5.760208,4,48.945675,0.9618074628314095,0.03200000000000003,True
5.603471,6,48.962127,0.9623024041147612,0.04800000000000004,True
5.665547,4,48.97305,0.967735377769601,0.03200000000000003,True
5.710143,3,48.981349,0.9628192437722223,0.02400000000000002,True
5.712877,3,48.989385,0.9572709057014733,0.02400000000000002,True
5.733296,5,49.002124,0.9586890953665044,0.040000000000000036,True
5.834286,5,49.016963,0.9615420467272534,0.040000000000000036,True
5.758158,5,49.027881,0.9624210087926186,0.040000000000000036,True
5.684192,3,49.57998,0.9623568020411593,0.02400000000000002,True
5.758078,3,49.58752,0.961352701718299,0.02400000000000002,True
5.698516,3,49.594484,0.9615224325823876,0.02400000000000002,True
5.500645,3,49.603138,0.9588009808507719,0.02400000000000002,True
5.727359,4,49.613635,0.9631933945907166,0.03200000000000003,True
5.779081,4,49.714982,0.9607093924260932,0.03200000000000003,True
5.829949,5,49.730323,0.9594971450497368,0.040000000000000036,True
5.625387,4,49.74347,0.9565179323362091,0.03200000000000003,True
5.871901,5,49.760781,0.9576780330477286,0.040000000000000036,True
5.771311,5,49.773437,0.9610538575930896,0.040000000000000036,True
5.645039,3,49.780637,0.9569410017268729,0.02400000000000002,True
5.442264,4,49.79039,0.9619959983621641,0.03200000000000003,True
5.799577,5,49.802731,0.96402589944262,0.040000000000000036,True
5.737828,4,49.813421,0.9628063303958487,0.03200000000000003,True
5.641218,3,49.821804,0.9564221239208744,0.02400000000000002,True
5.657677,3,49.828363,0.9671353392410312,0.02400000000000002,True
5.719088,5,49.84203,0.9597220804254964,0.040000000000000036,True
5.685405,3,49.849783,0.9566754332374183,0.02400000000000002,True
5.765653,4,49.860013,0.9617427087823687,0.03200000000000003,True
5.664848,4,49.869421,0.9645215058338507,0.03200000000000003,True
5.739384,4,49.880234,0.9607832423574427,0.03200000000000003,True
5.754186,3,49.886885,0.9612919670358415,0.02400000000000002,True
5.701504,5,49.898807,0.9585725998333747,0.040000000000000036,True
5.735265,4,49.907448,0.9601085140135098,0.03200000000000003,True
5.549483,3,49.92033,0.9637548382179468,0.02400000000000002,True
5.677303,4,49.930871,0.9677479262359051,0.03200000000000003,True
5.54163,5,49.943934,0.9597482564252539,0.040000000000000036,True
5.997854,5,49.956315,0.9626630246275637,0.040000000000000036,True
5.459066,3,49.965297,0.9626170250001725,0.02400000000000002,True
5.552107,4,49.975287,0.9608588506854283,0.03200000000000003,True
5.597371,4,49.985292,0.9650891997906981,0.03200000000000003,True
5.687622,4,49.995731,0.9597237630474497,0.03200000000000003,True
5.763077,5,50.008583,0.9600966454765877,0.040000000000000036,True
5.400012,3,50.016589,0.9605679035115978,0.02400000000000002,True
5.657894,3,50.02504,0.9576523607217016,0.02400000000000002,True
5.835691,4,50.034668,0.9664503340413031,0.03200000000000003,True
5.591637,5,50.046453,0.9593414907197828,0.040000000000000036,True
5.818926,3,50.0547,0.959452172214679,0.02400000000000002,True
5.938537,4,50.063521,0.9637339219325245,0.03200000000000003,True
5.779464,4,50.075781,0.9614218309241602,0.03200000000000003,True
5.695804,3,50.085256,0.9596392074361377,0.02400000000000002,True
5.565379,4,50.096798,0.9622211202516489,0.03200000000000003,True
5.570527,5,50.108516,0.9571328172418438,0.040000000000000036,True
5.664696,4,50.117968,0.963044624948135,0.03200000000000003,True
5.848229,5,50.129552,0.9623592753186174,0.040000000000000036,True
5.635524,2,50.134377,0.9586710463767478,0.016000000000000014,True
5.616131,5,50.146631,0.9616563438913988,0.040000000000000036,True
6.014894,4,50.156466,0.9580292586648269,0.03200000000000003,True
5.504461,4,50.166404,0.9624528177937505,0.03200000000000003,True
5.502204,4,50.175852,0.960828909401416,0.03200000000000003,True
5.490588,3,50.183794,0.9624668009917066,0.02400000000000002,True
5.409082,4,50.192892,0.9600086598016524,0.03200000000000003,True
5.789769,4,50.201652,0.9575321090734097,0.03200000000000003,True
6.063606,5,50.212563,0.959582382934637,0.040000000000000036,True
5.785536,4,50.222208,0.9576708938762393,0.03200000000000003,True
5.804831,5,50.234568,0.9603073508601188,0.040000000000000036,True
5.71929,4,50.244531,0.9632881036794136,0.03200000000000003,True
5.615415,5,50.257904,0.9591468659739273,0.040000000000000036,True
5.780652,4,50.267099,0.9607693229847807,0.03200000000000003,True
5.670867,4,50.27701,0.9631883921677971,0.03200000000000003,True
5.537555,5,50.290884,0.9634330935291258,0.040000000000000036,True
5.62595,3,50.300189,0.967102333894942,0.02400000000000002,True
5.901584,4,50.308355,0.9617065181500617,0.03200000000000003,True
5.461151,3,50.315803,0.9596351800427839,0.02400000000000002,True
5.766351,3,50.324455,0.968281090346341,0.02400000000000002,True
5.784692,4,50.915933,0.9595498102108964,0.03200000000000003,True
5.829823,4,50.926255,0.9693048461795953,0.03200000000000003,True
5.523215,4,50.936913,0.9616963652448844,0.03200000000000003,True
5.677836,3,50.945333,0.959711086756232,0.02400000000000002,True
5.507503,5,50.957629,0.9624995742342582,0.040000000000000036,True
5.688787,4,50.968791,0.96494383344549,0.03200000000000003,True
5.56402,4,50.978848,0.9614107596469684,0.03200000000000003,True
5.714788,4,50.988993,0.9608269330891805,0.03200000000000003,True
5.752835,3,50.996111,0.9664705944198735,0.02400000000000002,True
5.667364,4,51.005287,0.9563749067586251,0.03200000000000003,True
5.597371,4,51.014529,0.9589396822042141,0.03200000000000003,True
5.672318,5,51.026677,0.9599701742667377,0.040000000000000036,True
5.699355,4,51.036356,0.956904939487984,0.03200000000000003,True
5.561043,4,51.045806,0.9598186975356862,0.03200000000000003,True
5.401868,2,51.050107,0.9617838145182395,0.016000000000000014,True
6.061859,5,51.062583,0.9621653882264274,0.040000000000000036,True
5.759949,5,51.074865,0.9570154793729051,0.040000000000000036,True
5.638636,3,51.084701,0.9625537042990039,0.02400000000000002,True
5.831803,4,51.095355,0.9627780958775727,0.03200000000000003,True
5.917231,5,51.10639,0.9563573338187094,0.040000000000000036,True
5.801903,5,51.119814,0.9664853692597726,0.040000000000000036,True
5.573832,4,51.130032,0.961072346920818,0.03200000000000003,True
5.570618,4,51.140218,0.9619328960075557,0.03200000000000003,True
5.451256,5,51.15271,0.9614890823309692,0.040000000000000036,True
5.691294,3,51.161253,0.9625810931595435,0.02400000000000002,True
5.836708,5,51.17389,0.9596186286245751,0.040000000000000036,True
5.825499,5,51.18589,0.9613712792699908,0.040000000000000036,True
5.592816,3,51.194202,0.9600016601031365,0.02400000000000002,True
5.593704,4,51.204487,0.9595479214999144,0.03200000000000003,True
5.681877,5,51.216225,0.9611414732824202,0.040000000000000036,True
5.627557,5,51.230413,0.9635431309379994,0.040000000000000036,True
5.6331,5,51.242321,0.9580885421383963,0.040000000000000036,True
5.711233,3,51.247926,0.9631354959221662,0.02400000000000002,True
5.779178,4,51.257567,0.9569969442081603,0.03200000000000003,True
5.666159,3,51.26543,0.9620788729090144,0.02400000000000002,True
5.502141,5,51.276495,0.964505307904509,0.040000000000000036,True
5.720773,5,51.288956,0.9641740200943404,0.040000000000000036,True
5.676657,3,51.29595,0.9598311876500482,0.02400000000000002,True
5.46732,3,51.304563,0.9603794670116033,0.02400000000000002,True
5.678604,3,51.311362,0.9600315971901083,0.02400000000000002,True
5.764615,5,51.324332,0.9566847914483732,0.040000000000000036,True
5.574523,4,51.333001,0.9585386837056276,0.03200000000000003,True
5.549042,3,51.340394,0.9632068314930493,0.02400000000000002,True
5.866479,4,51.350274,0.9605775144695345,0.03200000000000003,True
5.897445,5,51.362486,0.9595771021119129,0.040000000000000036,True
5.611385,5,51.375306,0.9580657702007948,0.040000000000000036,True
5.42287,3,51.382034,0.9599959154275619,0.02400000000000002,True
5.743701,5,51.394619,0.9606206165242698,0.040000000000000036,True
5.822244,5,51.406096,0.9608089001889747,0.040000000000000036,True
5.630391,3,51.414221,0.9670226674277844,0.02400000000000002,True
6.045178,5,51.42492,0.9565143503897455,0.040000000000000036,True
5.458084,5,51.43696,0.9600068588556037,0.040000000000000036,True
5.81981,5,51.448533,0.9602835996662566,0.040000000000000036,True
5.513201,5,51.460951,0.9658644748787951,0.040000000000000036,True
5.824467,5,51.47375,0.9578156223257142,0.040000000000000036,True
5.93602,5,51.485219,0.9619792567623395,0.040000000000000036,True
5.818086,5,51.495769,0.9648734152921916,0.040000000000000036,True
5.899904,5,51.507474,0.9630184032398305,0.040000000000000036,True
5.507286,5,51.520116,0.9597516124199538,0.040000000000000036,True
5.726438,4,51.530235,0.9669239947550489,0.03200000000000003,True
5.860516,4,51.540421,0.9613457691067249,0.03200000000000003,True
5.834803,4,52.113498,0.9612015329929502,0.03200000000000003,True
5.556086,4,52.122999,0.959705492885519,0.03200000000000003,True
5.851419,4,52.132429,0.9589842418360262,0.03200000000000003,True
5.479437,4,52.14219,0.9644587187114729,0.03200000000000003,True
5.358652,4,52.15185,0.957476857557359,0.03200000000000003,True
5.465765,3,52.16007,0.9593033902198635,0.02400000000000002,True
5.652714,3,52.167289,0.9587053517232289,0.02400000000000002,True
5.832558,4,52.176969,0.9660364314309183,0.03200000000000003,True
5.687864,4,52.186929,0.958469022881848,0.03200000000000003,True
5.515968,4,52.196644,0.9611794408071275,0.03200000000000003,True
5.886452,4,52.206507,0.9570491983689542,0.03200000000000003,True
5.548476,5,52.217551,0.9593504385320221,0.040000000000000036,True
5.8195,4,52.227603,0.9620582009581753,0.03200000000000003,True
5.548332,4,52.237471,0.9560300374005734,0.03200000000000003,True
5.330187,2,52.245103,0.9591318186571492,0.016000000000000014,True
5.599929,4,52.254413,0.9618831737799314,0.03200000000000003,True
5.858178,4,52.263778,0.9618366661972104,0.03200000000000003,True
5.71908,3,52.271803,0.9602194423890533,0.02400000000000002,True
5.526438,5,52.283072,0.9592153056283778,0.040000000000000036,True
5.844302,6,52.297636,0.9616576442359146,0.04800000000000004,True
5.80939,4,52.307185,0.9618651979482336,0.03200000000000003,True
5.819541,5,52.317859,0.964464816944909,0.040000000000000036,True
5.850584,5,52.329125,0.9579153975377216,0.040000000000000036,True
5.732322,4,52.338845,0.9592656253942313,0.03200000000000003,True
5.674597,5,52.351826,0.9594049677712692,0.040000000000000036,True
5.713003,4,52.361001,0.9590221794475713,0.03200000000000003,True
5.578642,3,52.368162,0.9578481489036308,0.02400000000000002,True
5.793824,4,52.378097,0.9604959003713958,0.03200000000000003,True
5.7774,4,52.387833,0.96836092631732,0.03200000000000003,True
5.764829,5,52.398635,0.9622843712123182,0.040000000000000036,True
5.724744,5,52.411317,0.9624951084698283,0.040000000000000036,True
5.598721,4,52.420673,0.9579206783732539,0.03200000000000003,True
5.413247,4,52.430461,0.9712260971484438,0.03200000000000003,True
5.753334,4,52.438675,0.9649806622299962,0.03200000000000003,True
5.853485,4,52.449939,0.9579576008236063,0.03200000000000003,True
5.774666,4,52.459049,0.9587641426284038,0.03200000000000003,True
5.638412,3,52.466833,0.959305493983098,0.02400000000000002,True
5.70729,4,52.476099,0.9607518391272933,0.03200000000000003,True
5.57345,3,52.48315,0.9577383195222917,0.02400000000000002,True
5.593958,4,52.492246,0.9669967110488078,0.03200000000000003,True
5.612603,4,52.500653,0.9629293639314651,0.03200000000000003,True
5.791335,4,52.509868,0.963473907464768,0.03200000000000003,True
5.834952,4,52.519045,0.9621007659416512,0.03200000000000003,True
5.6651,3,52.525515,0.9592779731323543,0.02400000000000002,True
5.671992,5,52.538463,0.9604989197787805,0.040000000000000036,True
5.752818,4,52.54788,0.9611868929953453,0.03200000000000003,True
5.730202,5,52.558951,0.9636445794757643,0.040000000000000036,True
5.626461,5,52.57048,0.9621799777196879,0.040000000000000036,True
5.430273,3,52.578423,0.9606151681315568,0.02400000000000002,True
5.521786,4,52.587193,0.9610502500305556,0.03200000000000003,True
5.509289,5,52.599197,0.9664100971765766,0.040000000000000036,True
5.778985,6,52.612342,0.9644570038849156,0.04800000000000004,True
5.751557,4,52.621132,0.9570804905052237,0.03200000000000003,True
5.689429,4,52.630328,0.9585982707914071,0.03200000000000003,True
5.691023,3,52.637809,0.9611065215909191,0.02400000000000002,True
5.512711,4,52.647724,0.962886583892985,0.03200000000000003,True
5.75545,4,52.656382,0.9611679171145289,0.03200000000000003,True
5.422496,5,52.668607,0.9603491742804942,0.040000000000000036,True
5.91384,4,52.677574,0.965494241103938,0.03200000000000003,True
5.508847,4,52.687038,0.9643061339610572,0.03200000000000003,True
5.829366,4,52.698216,0.959103556376421,0.03200000000000003,True
5.699107,5,52.70984,0.9615945666732308,0.040000000000000036,True
5.62622,6,53.300956,0.9612697014634706,0.04800000000000004,True
5.6306,5,53.317858,0.9585681960699237,0.040000000000000036,True
5.511769,3,53.32995,0.9625087634843381,0.02400000000000002,True
5.537488,5,53.346515,0.9606519080801648,0.040000000000000036,True
5.442034,3,53.357671,0.9680892869074481,0.02400000000000002,True
5.690097,3,53.36958,0.9629269617631444,0.02400000000000002,True
5.739509,4,53.383506,0.9595690855266934,0.03200000000000003,True
5.661863,4,53.396056,0.9663490691112804,0.03200000000000003,True
5.337926,2,53.403048,0.956790087971527,0.016000000000000014,True
5.596959,5,53.417698,0.9644429681766883,0.040000000000000036,True
5.571195,4,53.430031,0.9584334041074531,0.03200000000000003,True
5.974012,4,53.444285,0.9592327248114801,0.03200000000000003,True
5.654689,4,53.456963,0.9615165939952282,0.03200000000000003,True
5.624235,5,53.472775,0.9657629258670235,0.040000000000000036,True
5.728011,5,53.487072,0.9649847840255021,0.040000000000000036,True
5.841978,5,53.501407,0.9602584221056942,0.040000000000000036,True
5.643871,4,53.513987,0.964188899281498,0.03200000000000003,True
5.794786,4,53.52731,0.9605179469565823,0.03200000000000003,True
5.862504,4,53.543818,0.9595281865443663,0.03200000000000003,True
5.967238,4,53.556253,0.9592938434403437,0.03200000000000003,True
5.671682,4,53.569389,0.9643377330144655,0.03200000000000003,True
5.776572,5,53.585093,0.9580654127251919,0.040000000000000036,True
5.552527,3,53.594629,0.9612067138388453,0.02400000000000002,True
5.640579,5,53.608611,0.9611995909678263,0.040000000000000036,True
5.574542,4,53.620828,0.9600123613685051,0.03200000000000003,True
5.492908,3,53.629591,0.9641185730074882,0.02400000000000002,True
5.793796,5,53.644016,0.9623311441150637,0.040000000000000036,True
5.691602,5,53.660098,0.9598919332002123,0.040000000000000036,True
5.680937,6,53.677284,0.961586315910544,0.04800000000000004,True
5.732693,4,53.689456,0.9600212456657029,0.03200000000000003,True
5.538139,4,53.703397,0.9600566689124684,0.03200000000000003,True
5.535507,4,53.715273,0.9661131755651818,0.03200000000000003,True
5.850383,4,53.726365,0.957171993860614,0.03200000000000003,True
5.502029,4,53.739202,0.9599255958986961,0.03200000000000003,True
5.994882,4,53.75091,0.960333279979205,0.03200000000000003,True
5.664413,3,53.760706,0.9573818749491938,0.02400000000000002,True
5.663693,4,53.77295,0.958475909723441,0.03200000000000003,True
5.586408,4,53.785442,0.9594987517591402,0.03200000000000003,True
5.615197,3,53.795038,0.9623434183898687,0.02400000000000002,True
5.892719,4,53.806159,0.9578087942417068,0.03200000000000003,True
5.763744,4,53.817724,0.9610380436560193,0.03200000000000003,True
5.466838,5,53.83166,0.9595064355049308,0.040000000000000036,True
5.440054,3,53.841714,0.9597304981007329,0.02400000000000002,True
6.005011,4,53.85447,0.9577465766477513,0.03200000000000003,True
5.478579,3,53.863604,0.9707496801717084,0.02400000000000002,True
5.814323,6,53.881887,0.9619222013874131,0.04800000000000004,True
5.711076,4,53.895731,0.9588177192048049,0.03200000000000003,True
5.78941,5,53.911787,0.9600157164085394,0.040000000000000036,True
5.807979,4,53.92459,0.9599517182452724,0.03200000000000003,True
5.721203,5,53.940525,0.9620787298232871,0.040000000000000036,True
5.824317,5,53.956222,0.9596925202802525,0.040000000000000036,True
5.408275,3,53.967376,0.9658978830606468,0.02400000000000002,True
5.600763,5,53.98269,0.9614474494803268,0.040000000000000036,True
5.669958,4,53.994055,0.9618558599662645,0.03200000000000003,True
5.460119,3,54.003084,0.9641138876976216,0.02400000000000002,True
6.031694,4,54.015727,0.9582638466374005,0.03200000000000003,True
5.700508,4,54.028009,0.958962294534357,0.03200000000000003,True
5.848989,4,54.03983,0.9620639991681003,0.03200000000000003,True
5.591486,4,54.052065,0.9651050494094573,0.03200000000000003,True
5.508132,4,54.066262,0.9585306033902845,0.03200000000000003,True
5.769027,4,54.079103,0.9638051120118094,0.03200000000000003,True
5.990732,3,54.092104,0.9631002302784718,0.02400000000000002,True
5.460957,5,54.854648,0.9611718339568969,0.040000000000000036,True
5.528653,4,54.867738,0.9589608159242625,0.03200000000000003,True
5.528512,4,54.879498,0.9655121156344965,0.03200000000000003,True
5.81832,5,54.895717,0.9599910572634847,0.040000000000000036,True
5.779598,4,54.90824,0.9598575327009764,0.03200000000000003,True
5.781083,4,54.920071,0.9614256185645706,0.03200000000000003,True
5.888366,6,54.940622,0.9621707669473006,0.04800000000000004,True
5.461502,4,54.953803,0.959809070262771,0.03200000000000003,True
5.445026,3,54.963471,0.9588988761705683,0.02400000000000002,True
5.634233,3,54.972308,0.9645517936067003,0.02400000000000002,True
6.022958,4,54.989714,0.9631854994529893,0.03200000000000003,True
5.763856,5,55.008771,0.964875630979594,0.040000000000000036,True
5.415469,3,55.021998,0.9606621212671376,0.02400000000000002,True
5.967584,3,55.031685,0.9606274222573382,0.02400000000000002,True
5.72053,3,55.042651,0.9621632621225931,0.02400000000000002,True
5.800086,4,55.054265,0.9618090186115402,0.03200000000000003,True
5.694188,5,55.068064,0.9590948064398688,0.040000000000000036,True
5.838958,4,55.08233,0.9633971236265586,0.03200000000000003,True
5.795041,5,55.100492,0.9601069684658303,0.040000000000000036,True
5.664813,5,55.114844,0.965558370788536,0.040000000000000036,True
5.535714,3,55.127458,0.9609651085628227,0.02400000000000002,True
5.717316,5,55.143838,0.959011837295594,0.040000000000000036,True
5.767317,4,55.156139,0.9616563737226244,0.03200000000000003,True
5.498287,4,55.168191,0.9577449219952742,0.03200000000000003,True
5.867335,4,55.180251,0.9608234029130024,0.03200000000000003,True
5.698257,4,55.192035,0.960147833179186,0.03200000000000003,True
5.995234,5,55.207146,0.9644152503560145,0.040000000000000036,True
5.767679,4,55.219311,0.9571368898644883,0.03200000000000003,True
5.48403,3,55.227817,0.9631600952954169,0.02400000000000002,True
5.680021,3,55.237241,0.9623918884094144,0.02400000000000002,True
5.901568,5,55.251486,0.9604308752626001,0.040000000000000036,True
5.684165,3,55.26208,0.960281425504727,0.02400000000000002,True
5.765697,4,55.273905,0.9630390466417535,0.03200000000000003,True
5.796926,4,55.284584,0.9610859798133127,0.03200000000000003,True
6.013897,5,55.299989,0.9635961136202961,0.040000000000000036,True
5.727204,4,55.311491,0.9587526823823238,0.03200000000000003,True
5.490398,3,55.320559,0.9619489644551562,0.02400000000000002,True
5.822889,3,55.329354,0.9598468009264327,0.02400000000000002,True
5.482204,4,55.341041,0.9669573858605146,0.03200000000000003,True
5.690488,4,55.352915,0.9581494553558638,0.03200000000000003,True
5.506661,4,55.365615,0.9667903893293917,0.03200000000000003,True
5.339282,3,55.374844,0.958482567525956,0.02400000000000002,True
5.781103,5,55.389732,0.9625178362435363,0.040000000000000036,True
5.729163,3,55.398662,0.966013506287182,0.02400000000000002,True
5.475144,5,55.413431,0.9639506547935064,0.040000000000000036,True
5.572915,3,55.422454,0.9614366471551938,0.02400000000000002,True
5.540039,4,55.435122,0.9633399739650712,0.03200000000000003,True
5.749641,5,55.449444,0.9658251687371966,0.040000000000000036,True
5.642306,5,55.466497,0.9606517296687516,0.040000000000000036,True
6.025775,4,55.478551,0.9645225900103631,0.03200000000000003,True
5.856449,4,55.491009,0.9619761317235036,0.03200000000000003,True
5.695206,3,55.499553,0.9633479998350158,0.02400000000000002,True
5.575447,4,55.512176,0.9616571748020544,0.03200000000000003,True
5.661994,3,55.522349,0.9616337005311091,0.02400000000000002,True
5.847635,4,55.535659,0.9645595173372682,0.03200000000000003,True
6.075743,5,55.55095,0.9594038395361011,0.040000000000000036,True
5.668781,5,55.566135,0.9646440387448847,0.040000000000000036,True
5.804419,5,55.582191,0.967503519878006,0.040000000000000036,True
5.87047,4,55.593338,0.9607533040317786,0.03200000000000003,True
5.547882,4,55.605622,0.9615687652126625,0.03200000000000003,True
5.771345,4,55.735925,0.9609816092470091,0.03200000000000003,True
5.758504,4,55.745782,0.9585011745600657,0.03200000000000003,True
5.783207,5,55.763219,0.9559603308958599,0.040000000000000036,True
5.709768,5,56.484899,0.9632979144416218,0.040000000000000036,True
5.484086,4,56.496892,0.9608600318776283,0.03200000000000003,True
5.664541,3,56.505637,0.9570134140578774,0.02400000000000002,True
5.726765,4,56.517587,0.9620578972012064,0.03200000000000003,True
5.708997,5,56.533332,0.9591530502393134,0.040000000000000036,True
5.346665,2,56.539696,0.9625429455116635,0.016000000000000014,True
5.848163,5,56.55697,0.9636275482971609,0.040000000000000036,True
5.969883,5,56.574901,0.9653367941746189,0.040000000000000036,True
5.524286,4,56.587857,0.9613189809569065,0.03200000000000003,True
5.69031,3,56.599251,0.9618194513438731,0.02400000000000002,True
5.521673,4,56.610502,0.9615672270884746,0.03200000000000003,True
5.559797,5,56.625773,0.9563064156600536,0.040000000000000036,True
5.770724,5,56.641678,0.958347294086338,0.040000000000000036,True
5.448742,3,56.653299,0.9624839664587483,0.02400000000000002,True
5.838623,4,56.665612,0.961232289726684,0.03200000000000003,True
5.920694,3,56.675238,0.959527382489373,0.02400000000000002,True
5.532264,3,56.686965,0.9615744631212806,0.02400000000000002,True
5.538798,4,56.699598,0.9568563956686011,0.03200000000000003,True
5.634586,5,56.71613,0.9621184064542327,0.040000000000000036,True
5.617894,3,56.724745,0.9578088528951882,0.02400000000000002,True
5.777454,4,56.73895,0.9576828118390543,0.03200000000000003,True
5.58923,3,56.748745,0.959851461232568,0.02400000000000002,True
5.624277,5,56.764393,0.9622954227177067,0.040000000000000036,True
5.672834,3,56.77415,0.9625498365229838,0.02400000000000002,True
5.778642,4,56.78659,0.9621322845120633,0.03200000000000003,True
5.580519,3,56.796447,0.9624596051716527,0.02400000000000002,True
5.514339,4,56.808208,0.9610958442192887,0.03200000000000003,True
5.7633,3,56.817188,0.9624146231098439,0.02400000000000002,True
5.659673,4,56.829266,0.9616311925531028,0.03200000000000003,True
5.571793,5,56.846597,0.9624412105433161,0.040000000000000036,True
5.531818,3,56.855568,0.9640567061949371,0.02400000000000002,True
5.476908,3,56.866404,0.9623202831930588,0.02400000000000002,True
5.820533,4,56.878518,0.9614485963372542,0.03200000000000003,True
5.69328,5,56.893564,0.9616872712408444,0.040000000000000036,True
5.67517,4,56.905546,0.9573599802937567,0.03200000000000003,True
5.700455,4,56.917245,0.9660204431898424,0.03200000000000003,True
5.589754,5,56.93262,0.969353115868572,0.040000000000000036,True
6.035018,4,56.944392,0.9668961247295643,0.03200000000000003,True
5.686624,4,56.957448,0.9616274579637648,0.03200000000000003,True
5.871353,5,56.971833,0.9587862230682677,0.040000000000000036,True
5.621049,5,56.986476,0.962786368976714,0.040000000000000036,True
5.774405,3,56.995081,0.9621917087018836,0.02400000000000002,True
5.752142,3,57.005475,0.962292454577096,0.02400000000000002,True
5.589128,3,57.01354,0.9626767710471006,0.02400000000000002,True
5.86061,4,57.027057,0.962241553059513,0.03200000000000003,True
5.62478,4,57.039998,0.9630115218030109,0.03200000000000003,True
5.54696,2,57.048007,0.9605766423289976,0.016000000000000014,True
5.719312,3,57.057665,0.9638014963752228,0.02400000000000002,True
5.647944,4,57.07536,0.9643375876608762,0.03200000000000003,True
6.021767,5,57.098603,0.9644242002760397,0.040000000000000036,True
5.710848,4,57.115678,0.9619999639418285,0.03200000000000003,True
5.579452,5,57.134409,0.9574749820314198,0.040000000000000036,True
5.538924,5,57.15409,0.9624265299703382,0.040000000000000036,True
5.800751,5,57.171366,0.9600485124424891,0.040000000000000036,True
5.623648,3,57.184243,0.9651953800269721,0.02400000000000002,True
5.587599,4,57.202764,0.9610045758982293,0.03200000000000003,True
5.81171,4,57.223011,0.9628102850944124,0.03200000000000003,True
5.696881,4,57.244927,0.9655508088809321,0.03200000000000003,True
5.731718,3,57.254345,0.9646249684881758,0.02400000000000002,True
5.670841,4,57.268349,0.9631349661912378,0.03200000000000003,True
5.770768,5,57.285086,0.9604204385603551,0.040000000000000036,True
5.803292,4,57.2988,0.9605021043581516,0.03200000000000003,True
5.768651,4,57.3127,0.9595327233670743,0.03200000000000003,True
5.471662,4,57.326183,0.960336628608564,0.03200000000000003,True
5.704113,4,57.339534,0.9573036367184217,0.03200000000000003,True
5.612932,3,57.350333,0.9595660196381259,0.02400000000000002,True
5.792034,4,58.012502,0.9614064187290179,0.03200000000000003,True
5.488348,3,58.019435,0.9609237418352425,0.02400000000000002,True
5.779692,4,58.030711,0.9596488909435634,0.03200000000000003,True
5.83486,4,58.039391,0.9620581754232588,0.03200000000000003,True
5.637552,5,58.051774,0.9614934873289516,0.040000000000000036,True
5.544316,5,58.063232,0.9616219947987943,0.040000000000000036,True
5.674875,3,58.070774,0.9607649040417376,0.02400000000000002,True
5.852046,3,58.077427,0.9614332737016629,0.02400000000000002,True
5.481538,3,58.087343,0.9669860669350641,0.02400000000000002,True
5.841072,4,58.097819,0.9597622703734194,0.03200000000000003,True
5.883494,3,58.105367,0.9594392501422102,0.02400000000000002,True
5.793555,5,58.116635,0.961988600968007,0.040000000000000036,True
5.525,5,58.128517,0.9594308687865913,0.040000000000000036,True
5.796016,4,58.138257,0.9572473759683854,0.03200000000000003,True
5.42073,3,58.145845,0.9630193073706321,0.02400000000000002,True
5.489034,4,58.155209,0.96117759768354,0.03200000000000003,True
5.812666,5,58.167111,0.9578109662137648,0.040000000000000036,True
5.77522,4,58.176539,0.9648240604428133,0.03200000000000003,True
5.78018,3,58.18442,0.9626464940875331,0.02400000000000002,True
5.570571,4,58.193313,0.9580967250332431,0.03200000000000003,True
5.784498,5,58.204399,0.9671867735074393,0.040000000000000036,True
5.71738,4,58.2147,0.9601295234331455,0.03200000000000003,True
5.979062,4,58.223675,0.9604753284014897,0.03200000000000003,True
5.505387,5,58.23605,0.9620942533987478,0.040000000000000036,True
5.423611,4,58.248698,0.9650794939919335,0.03200000000000003,True
5.629974,5,58.265582,0.9624961404422187,0.040000000000000036,True
5.679587,4,58.279934,0.9616149064173012,0.03200000000000003,True
5.78379,3,58.287837,0.9584324624307421,0.02400000000000002,True
5.880225,5,58.299948,0.9617117494041024,0.040000000000000036,True
5.878287,4,58.309844,0.9619531122543661,0.03200000000000003,True
5.66627,3,58.316438,0.9634246657045813,0.02400000000000002,True
5.536584,4,58.325779,0.9617832793417739,0.03200000000000003,True
5.688404,3,58.33309,0.9597413700205129,0.02400000000000002,True
5.730007,3,58.340452,0.9616973692176748,0.02400000000000002,True
5.750437,4,58.34997,0.9650803182034136,0.03200000000000003,True
5.547727,4,58.359843,0.9574112933339327,0.03200000000000003,True
5.566457,5,58.371554,0.964742516728381,0.040000000000000036,True
5.804852,5,58.384146,0.9579024602691597,0.040000000000000036,True
5.736551,4,58.394051,0.9600131998304048,0.03200000000000003,True
5.540418,4,58.405747,0.9630555595422037,0.03200000000000003,True
5.464,4,58.417317,0.958757206211369,0.03200000000000003,True
5.677773,3,58.426198,0.9597338044356266,0.02400000000000002,True
6.063526,4,58.435853,0.9609857685489629,0.03200000000000003,True
5.592835,6,58.451236,0.9575524755386051,0.04800000000000004,True
5.545306,3,58.458041,0.9592799903536655,0.02400000000000002,True
5.657112,5,58.469144,0.964030233269838,0.040000000000000036,True
5.742121,3,58.476977,0.9580598086702456,0.02400000000000002,True
5.580756,4,58.486781,0.9583317094851949,0.03200000000000003,True
5.805822,4,58.496485,0.9638225044933464,0.03200000000000003,True
5.874124,5,58.50883,0.9572876770494188,0.040000000000000036,True
5.639629,5,58.521026,0.9619110401387649,0.040000000000000036,True
5.875568,4,58.530491,0.9560740593530449,0.03200000000000003,True
5.482274,5,58.54415,0.9633006564762872,0.040000000000000036,True
5.672613,4,58.553746,0.9643093873405684,0.03200000000000003,True
5.734352,4,58.56358,0.9618132012525916,0.03200000000000003,True
5.468755,3,58.571996,0.9622793439250743,0.02400000000000002,True
5.812838,4,58.582345,0.9605748853800359,0.03200000000000003,True
5.561484,4,58.592359,0.9618186828945219,0.03200000000000003,True
5.487405,4,58.601426,0.9631493631870403,0.03200000000000003,True
5.699791,4,58.610648,0.9605341918957625,0.03200000000000003,True
5.60643,5,58.621991,0.9581444106956888,0.040000000000000036,True
5.636841,4,58.631583,0.9606000089783823,0.03200000000000003,True
5.98346,4,58.641936,0.9624186998898937,0.03200000000000003,True
5.615202,4,59.24601,0.9594144082183109,0.03200000000000003,True
5.616832,4,59.256223,0.9606703837007127,0.03200000000000003,True
5.634313,4,59.266118,0.9570206062657891,0.03200000000000003,True
5.829966,4,59.275639,0.9671088855301498,0.03200000000000003,True
5.391215,3,59.284687,0.9589881120622386,0.02400000000000002,True
5.659752,4,59.30082,0.9604844408942785,0.03200000000000003,True
5.696166,5,59.31677,0.9577217775397999,0.040000000000000036,True
5.5529,4,59.326746,0.9614281606857561,0.03200000000000003,True
5.624843,3,59.332289,0.9569119755624645,0.02400000000000002,True
5.610352,4,59.341668,0.9630083505657235,0.03200000000000003,True
5.835433,5,59.353803,0.9637697277600966,0.040000000000000036,True
5.934744,3,59.361816,0.9623186892527315,0.02400000000000002,True
5.768718,5,59.375504,0.9608125614004475,0.040000000000000036,True
5.503301,4,59.386856,0.9633824087868598,0.03200000000000003,True
5.636044,3,59.396047,0.9630798288424215,0.02400000000000002,True
5.684991,3,59.40448,0.9599641601400701,0.02400000000000002,True
5.659219,3,59.412836,0.9595107872657346,0.02400000000000002,True
5.476422,4,59.421732,0.9622290981826396,0.03200000000000003,True
5.581208,4,59.431637,0.9638522637494524,0.03200000000000003,True
5.601075,4,59.441669,0.9627302079397343,0.03200000000000003,True
5.581244,5,59.452603,0.9588195405669753,0.040000000000000036,True
5.426254,4,59.461911,0.9616851077421285,0.03200000000000003,True
5.97895,4,59.470888,0.9650367904882295,0.03200000000000003,True
5.982739,3,59.477763,0.9583173560804932,0.02400000000000002,True
5.484682,5,59.489367,0.9677921004599299,0.040000000000000036,True
5.587046,5,59.501463,0.9671572049364715,0.040000000000000036,True
5.616454,4,59.510838,0.9604696320426797,0.03200000000000003,True
5.524389,4,59.519577,0.9640357810853004,0.03200000000000003,True
5.531688,4,59.529815,0.9586758547122544,0.03200000000000003,True
5.41163,3,59.536736,0.9646924404071247,0.02400000000000002,True
5.892354,4,59.547799,0.9597330857343933,0.03200000000000003,True
5.584938,4,59.559722,0.9607871273215948,0.03200000000000003,True
5.648807,4,59.571265,0.9618769334333688,0.03200000000000003,True
5.60062,5,59.583304,0.9599370733009085,0.040000000000000036,True
5.701376,5,59.594776,0.9634025413949869,0.040000000000000036,True
5.59296,3,59.601897,0.9617897632021727,0.02400000000000002,True
6.06289,4,59.611016,0.9611238950851367,0.03200000000000003,True
5.675936,5,59.622036,0.9608140591820618,0.040000000000000036,True
5.483009,3,59.630399,0.9580754760056445,0.02400000000000002,True
5.743254,3,59.636675,0.958470152489671,0.02400000000000002,True
5.54235,4,59.646945,0.9618937044570407,0.03200000000000003,True
5.770048,4,59.656935,0.9614296968167692,0.03200000000000003,True
5.487682,3,59.665882,0.9628935574732915,0.02400000000000002,True
5.928911,4,59.676663,0.9587995364365031,0.03200000000000003,True
5.712173,4,59.686889,0.9626387220992167,0.03200000000000003,True
5.740137,4,59.696646,0.9590218068085168,0.03200000000000003,True
5.68264,4,59.706788,0.9641123659630193,0.03200000000000003,True
5.715894,4,59.717012,0.9623345664681786,0.03200000000000003,True
5.702106,3,59.724945,0.9614687618205394,0.02400000000000002,True
5.495845,3,59.733005,0.9596705529533547,0.02400000000000002,True
5.595276,4,59.744179,0.9637173273351637,0.03200000000000003,True
5.573004,3,59.754835,0.965225645647626,0.02400000000000002,True
5.846439,5,59.767205,0.9619567973381206,0.040000000000000036,True
5.730985,5,59.779208,0.9623133097059621,0.040000000000000036,True
5.818222,4,59.789299,0.9591525472212772,0.03200000000000003,True
5.728719,3,59.797314,0.9609785621271862,0.02400000000000002,True
5.718956,3,59.804029,0.9621187544184642,0.02400000000000002,True
5.793941,4,59.815104,0.9674561055348612,0.03200000000000003,True
5.686974,4,59.825049,0.9603260995921977,0.03200000000000003,True
5.597129,4,59.834636,0.9589533504950705,0.03200000000000003,True
5.99879,4,59.84465,0.961699910813343,0.03200000000000003,True
5.588899,4,59.853551,0.9627826561989501,0.03200000000000003,True
5.561557,4,59.863027,0.9594803136178123,0.03200000000000003,True
5.825352,4,59.873101,0.966029492656411,0.03200000000000003,True
5.795157,4,59.883048,0.9637039798735813,0.03200000000000003,True
5.523305,5,60.450421,0.9627673776307525,0.040000000000000036,True
5.783542,5,60.461137,0.9609544960537185,0.040000000000000036,True
5.980271,4,60.470521,0.9589788368016898,0.03200000000000003,True
5.667343,2,60.475081,0.9585527906043203,0.016000000000000014,True
5.748508,4,60.483886,0.9632753463349922,0.03200000000000003,True
5.496816,3,60.49151,0.9663577425987351,0.02400000000000002,True
5.45751,5,60.502186,0.9606341175147324,0.040000000000000036,True
6.011573,4,60.51185,0.9599682442522546,0.03200000000000003,True
5.488149,4,60.521461,0.9578770337483881,0.03200000000000003,True
5.574575,4,60.531678,0.9593471824126178,0.03200000000000003,True
5.550502,4,60.542429,0.9594613177720113,0.03200000000000003,True
5.636318,4,60.55239,0.9651771111591267,0.03200000000000003,True
5.502177,4,60.562927,0.9594686635503697,0.03200000000000003,True
5.739296,4,60.572594,0.9630754092382543,0.03200000000000003,True
5.640712,3,60.581835,0.9651000901255636,0.02400000000000002,True
5.493373,4,60.590698,0.9658012152831055,0.03200000000000003,True
5.591825,5,60.603486,0.9591869104027841,0.040000000000000036,True
5.731825,3,60.61048,0.9617858035328862,0.02400000000000002,True
5.499515,4,60.620024,0.9590325060942492,0.03200000000000003,True
5.506696,4,60.629914,0.960961763030275,0.03200000000000003,True
5.771704,4,60.640125,0.9599134424726357,0.03200000000000003,True
5.475222,3,60.648106,0.962912659773252,0.02400000000000002,True
5.644385,4,60.657601,0.9594606674577634,0.03200000000000003,True
6.085521,4,60.668303,0.9577471281099348,0.03200000000000003,True
5.80717,4,60.678006,0.9611329199729935,0.03200000000000003,True
5.687163,4,60.687049,0.9610880570868852,0.03200000000000003,True
5.82651,4,60.696093,0.962755967059566,0.03200000000000003,True
5.477668,3,60.704615,0.9577073074308456,0.02400000000000002,True
5.881828,4,60.714384,0.9601150281204834,0.03200000000000003,True
5.59822,4,60.723847,0.9601450163604867,0.03200000000000003,True
5.809599,5,60.73529,0.9602604663215667,0.040000000000000036,True
5.698249,5,60.746501,0.9634240245569891,0.040000000000000036,True
5.687756,4,60.759097,0.9583760566679913,0.03200000000000003,True
5.4917,4,60.768857,0.9627946283031479,0.03200000000000003,True
5.468011,3,60.77709,0.9635658060044641,0.02400000000000002,True
5.693428,4,60.786781,0.9587039491430097,0.03200000000000003,True
5.742653,4,60.796835,0.961009572742076,0.03200000000000003,True
5.803161,5,60.80828,0.9644281955940521,0.040000000000000036,True
5.367902,3,60.816018,0.9585353442952357,0.02400000000000002,True
5.71188,3,60.822971,0.9574537891869025,0.02400000000000002,True
5.793336,5,60.834999,0.9634176500817484,0.040000000000000036,True
5.792997,4,60.844289,0.9668265727387113,0.03200000000000003,True
5.712923,3,60.852353,0.9589899929881976,0.02400000000000002,True
5.590574,4,60.862171,0.9686983794268115,0.03200000000000003,True
5.832133,5,60.875266,0.9656883614483034,0.040000000000000036,True
5.804151,3,60.882718,0.9641916639953803,0.02400000000000002,True
5.567554,3,60.889996,0.9577370444521099,0.02400000000000002,True
6.062543,4,60.89926,0.9592610896368853,0.03200000000000003,True
5.481404,3,60.90762,0.9582081831930787,0.02400000000000002,True
5.745775,3,60.918998,0.961828638216621,0.02400000000000002,True
5.980757,6,60.933947,0.9618432005089596,0.04800000000000004,True
5.605446,5,60.946586,0.960338363038135,0.040000000000000036,True
5.639592,4,60.956742,0.9616113091976649,0.03200000000000003,True
5.751264,4,60.967045,0.9616432456465702,0.03200000000000003,True
5.867725,3,60.975313,0.9587853111448236,0.02400000000000002,True
5.976324,5,60.987263,0.9588710812672707,0.040000000000000036,True
5.673255,4,60.996986,0.9577378682188549,0.03200000000000003,True
5.800613,5,61.007858,0.9623897680885374,0.040000000000000036,True
5.67264,5,61.018626,0.9599575979747508,0.040000000000000036,True
5.835654,4,61.027974,0.9632011973554544,0.03200000000000003,True
5.635772,4,61.037731,0.961098930810292,0.03200000000000003,True
5.733332,4,61.048393,0.9632744949052191,0.03200000000000003,True
5.507363,4,61.057621,0.9630648287775947,0.03200000000000003,True
5.655178,4,61.06673,0.9606808450192753,0.03200000000000003,True
5.687608,3,61.073289,0.9634602319517134,0.02400000000000002,True
5.684751,4,61.647006,0.9598958157935564,0.03200000000000003,True
5.83622,5,61.659833,0.9574798419941541,0.040000000000000036,True
5.747383,5,61.671922,0.9594305882835402,0.040000000000000036,True
5.807466,5,61.684833,0.9592227967003963,0.040000000000000036,True
5.53076,3,61.694454,0.9609799917250377,0.02400000000000002,True
5.618337,5,61.706118,0.9694609490026951,0.040000000000000036,True
5.790684,5,61.719514,0.9616021618129186,0.040000000000000036,True
5.677302,4,61.72878,0.962275280386364,0.03200000000000003,True
5.682399,4,61.739202,0.9569787422109959,0.03200000000000003,True
5.689311,5,61.754888,0.9633670525348836,0.040000000000000036,True
5.559897,4,61.768797,0.9627522086223026,0.03200000000000003,True
5.833324,4,61.780967,0.9613066491517448,0.03200000000000003,True
5.692055,4,61.791938,0.9607604687104465,0.03200000000000003,True
6.001722,5,61.804857,0.9595444885446573,0.040000000000000036,True
5.756174,4,61.815484,0.9591056577796697,0.03200000000000003,True
5.711599,3,61.824684,0.9628031968430695,0.02400000000000002,True
5.51158,4,61.836341,0.9599262643136747,0.03200000000000003,True
5.746963,3,61.844967,0.9621021089942575,0.02400000000000002,True
5.479626,3,61.855572,0.9589493717331166,0.02400000000000002,True
5.837497,4,61.869297,0.9595583702394344,0.03200000000000003,True
5.581824,5,61.885455,0.9594079122633503,0.040000000000000036,True
5.636692,4,61.895785,0.9582238892651453,0.03200000000000003,True
5.469275,5,61.910686,0.964035660785325,0.040000000000000036,True
5.789938,4,61.921475,0.9646224051120565,0.03200000000000003,True
5.569907,4,61.932937,0.9562202379428474,0.03200000000000003,True
5.699294,4,61.944131,0.9610901098567137,0.03200000000000003,True
6.022597,5,61.95836,0.9609756698875205,0.040000000000000036,True
5.44743,4,61.969562,0.964465532434443,0.03200000000000003,True
5.891229,5,61.983343,0.9605723161443253,0.040000000000000036,True
5.567073,2,61.988771,0.960785521035634,0.016000000000000014,True
5.967541,4,61.999852,0.9622581685513061,0.03200000000000003,True
5.598654,3,62.007246,0.9636730699251619,0.02400000000000002,True
5.523476,4,62.019024,0.9645855389415963,0.03200000000000003,True
5.864862,4,62.029832,0.9602556193424893,0.03200000000000003,True
5.586889,5,62.042473,0.9608197694129779,0.040000000000000036,True
5.416514,3,62.051757,0.9630548966740189,0.02400000000000002,True
5.561651,4,62.062828,0.9564820323395261,0.03200000000000003,True
5.457376,4,62.073805,0.9599861028846306,0.03200000000000003,True
5.866581,4,62.085408,0.9592608146477806,0.03200000000000003,True
5.774867,4,62.096456,0.9633346909777192,0.03200000000000003,True
5.631085,3,62.104027,0.9605240134296988,0.02400000000000002,True
5.714674,5,62.118068,0.958847849496917,0.040000000000000036,True
5.608435,4,62.130097,0.961751780951159,0.03200000000000003,True
5.774948,4,62.139618,0.9573586918750657,0.03200000000000003,True
5.511611,4,62.150243,0.9588620546098451,0.03200000000000003,True
5.66018,4,62.160459,0.9569623127325289,0.03200000000000003,True
5.49769,4,62.170855,0.9619788825029485,0.03200000000000003,True
5.837925,5,62.184449,0.9669270227247672,0.040000000000000036,True
5.717738,3,62.192175,0.9647905287350804,0.02400000000000002,True
5.734328,4,62.203404,0.9600014374198447,0.03200000000000003,True
5.973911,3,62.211105,0.9612183525831148,0.02400000000000002,True
5.586535,4,62.221375,0.9640852899695116,0.03200000000000003,True
5.563953,3,62.310081,0.9572846628339611,0.02400000000000002,True
5.414791,3,62.31834,0.9612927842522677,0.02400000000000002,True
5.582111,4,62.327528,0.966155316012834,0.03200000000000003,True
5.740804,5,62.341253,0.9665334750683426,0.040000000000000036,True
5.678919,3,62.347855,0.9672212930546891,0.02400000000000002,True
5.653935,3,62.35654,0.9655221890056009,0.02400000000000002,True
5.625463,3,62.365253,0.9603806998735015,0.02400000000000002,True
5.695007,3,62.372946,0.9629848234330007,0.02400000000000002,True
5.746448,4,62.382779,0.9613348508090892,0.03200000000000003,True
5.574916,3,62.390332,0.9611698843076589,0.02400000000000002,True
5.749923,4,62.401839,0.9630466100928556,0.03200000000000003,True
5.527984,3,62.413082,0.9655784144228955,0.02400000000000002,True
5.754106,4,62.426465,0.9641681357725036,0.03200000000000003,True
5.980051,4,63.000785,0.9585817449213857,0.03200000000000003,True
5.443555,3,63.008672,0.9585742422485213,0.02400000000000002,True
5.721862,3,63.01568,0.967006427216335,0.02400000000000002,True
5.788625,4,63.026228,0.9581835422228416,0.03200000000000003,True
5.577134,4,63.036389,0.9607858431184206,0.03200000000000003,True
5.808611,5,63.049189,0.9584638938033008,0.040000000000000036,True
5.546243,4,63.059079,0.9594571279223567,0.03200000000000003,True
5.577734,3,63.066468,0.959291629733388,0.02400000000000002,True
5.83443,4,63.078473,0.9614357147464938,0.03200000000000003,True
5.808585,5,63.091067,0.960004165678895,0.040000000000000036,True
6.040424,4,63.100914,0.9636826601417349,0.03200000000000003,True
5.46285,4,63.1096,0.9591320890000716,0.03200000000000003,True
5.675944,3,63.116991,0.9610514225310938,0.02400000000000002,True
5.554347,3,63.125128,0.960610799119981,0.02400000000000002,True
5.468418,4,63.135221,0.9588942608640421,0.03200000000000003,True
5.509422,3,63.142648,0.9603079355470504,0.02400000000000002,True
5.634647,4,63.15239,0.963176583896133,0.03200000000000003,True
5.674467,4,63.162671,0.958048968703042,0.03200000000000003,True
5.518616,4,63.173013,0.9617351489169518,0.03200000000000003,True
5.490094,3,63.180717,0.9676426098847584,0.02400000000000002,True
5.719041,5,63.192827,0.9594210336657272,0.040000000000000036,True
5.574425,5,63.205733,0.9610182290500446,0.040000000000000036,True
5.731873,4,63.215257,0.9591433963239878,0.03200000000000003,True
5.635875,4,63.224802,0.9594234044440253,0.03200000000000003,True
5.577562,4,63.234269,0.9610476532304434,0.03200000000000003,True
5.940151,5,63.247389,0.9620424189719186,0.040000000000000036,True
5.856339,4,63.257592,0.9599101626748189,0.03200000000000003,True
5.599301,4,63.267335,0.9598666020878944,0.03200000000000003,True
5.96455,4,63.277626,0.9639692151719088,0.03200000000000003,True
5.67398,4,63.28696,0.9634352941867941,0.03200000000000003,True
5.700222,4,63.296432,0.9655847325645383,0.03200000000000003,True
5.956825,4,63.30612,0.9632733126996478,0.03200000000000003,True
5.759596,3,63.312998,0.9629004469708682,0.02400000000000002,True
5.498942,5,63.324767,0.9640721698359495,0.040000000000000036,True
5.810632,4,63.334371,0.9649449206743979,0.03200000000000003,True
5.752024,4,63.34399,0.9602574860575301,0.03200000000000003,True
5.772076,4,63.353884,0.959271498843021,0.03200000000000003,True
5.609156,3,63.361136,0.9597349917965752,0.02400000000000002,True
5.75312,4,63.370928,0.9605812587945386,0.03200000000000003,True
5.737452,4,63.380169,0.9609412054353327,0.03200000000000003,True
5.470703,3,63.387128,0.9594316371961613,0.02400000000000002,True
5.793086,4,63.397055,0.9662564425868692,0.03200000000000003,True
5.671978,3,63.405428,0.9560069245167978,0.02400000000000002,True
5.73928,4,63.415349,0.9604093597994144,0.03200000000000003,True
5.64297,3,63.422946,0.9580615586169338,0.02400000000000002,True
5.789796,4,63.432511,0.9625382282001881,0.03200000000000003,True
5.567545,4,63.445016,0.9605449481555217,0.03200000000000003,True
5.499585,4,63.458851,0.959303947845515,0.03200000000000003,True
5.793947,3,63.470232,0.9586450231502459,0.02400000000000002,True
5.553895,5,63.483091,0.9593606083581899,0.040000000000000036,True
5.523741,3,63.490294,0.9613846628409146,0.02400000000000002,True
5.414038,4,63.500191,0.9597788491438523,0.03200000000000003,True
5.581293,5,63.512268,0.9609748271350268,0.040000000000000036,True
5.698968,5,63.523581,0.9594864890122312,0.040000000000000036,True
5.584456,3,63.532436,0.9616627537149747,0.02400000000000002,True
5.560175,4,63.541992,0.9588095804119325,0.03200000000000003,True
5.658035,5,63.555304,0.9595147930187389,0.040000000000000036,True
5.583463,3,63.56281,0.9609778149746869,0.02400000000000002,True
5.744883,3,63.569424,0.9625706451352253,0.02400000000000002,True
5.72761,4,63.579607,0.9615117072297438,0.03200000000000003,True
5.743508,4,63.58832,0.9669170535455831,0.03200000000000003,True
5.780163,4,63.598193,0.9563014330070805,0.03200000000000003,True
5.417484,3,63.605082,0.9604799280665506,0.02400000000000002,True
5.852393,4,63.614193,0.961340979565176,0.03200000000000003,True
5.574959,4,63.623863,0.963917973327033,0.03200000000000003,True
5.89538,4,63.634409,0.9623244727565583,0.03200000000000003,True
5.752558,5,64.202641,0.9581551362873371,0.040000000000000036,True
5.413455,2,64.207968,0.9666128739789797,0.016000000000000014,True
5.904736,4,64.217654,0.9604338308307808,0.03200000000000003,True
5.609552,4,64.228296,0.960789062519111,0.03200000000000003,True
5.78508,5,64.240456,0.9641534712276494,0.040000000000000036,True
5.548591,5,64.252038,0.9571349450612808,0.040000000000000036,True
5.587881,4,64.262799,0.9594566761046828,0.03200000000000003,True
5.800182,3,64.270419,0.9604472989932866,0.02400000000000002,True
5.492221,3,64.277634,0.9611371252957209,0.02400000000000002,True
5.650986,5,64.290995,0.9636838154833618,0.040000000000000036,True
5.644643,5,64.302499,0.9630840092472743,0.040000000000000036,True
5.633588,4,64.312261,0.9635664923066004,0.03200000000000003,True
5.518188,4,64.322479,0.9589427660209195,0.03200000000000003,True
5.914136,3,64.329679,0.9593142351550372,0.02400000000000002,True
5.701557,4,64.339923,0.9581787713944965,0.03200000000000003,True
5.668149,3,64.346515,0.9596143344158499,0.02400000000000002,True
5.547277,4,64.356198,0.9635154250142738,0.03200000000000003,True
5.817771,4,64.366128,0.9644501863745554,0.03200000000000003,True
5.689584,4,64.375792,0.9619300463153796,0.03200000000000003,True
5.540135,3,64.384405,0.9626694476682445,0.02400000000000002,True
5.724993,3,64.393733,0.9604055356231425,0.02400000000000002,True
5.705293,3,64.402491,0.9587724613427235,0.02400000000000002,True
5.675195,4,64.413884,0.9617745215761976,0.03200000000000003,True
5.86489,5,64.428177,0.9610561511661162,0.040000000000000036,True
5.724915,4,64.438731,0.9586076748099102,0.03200000000000003,True
5.885412,5,64.453413,0.9569551430618821,0.040000000000000036,True
5.593873,5,64.465565,0.9618063952629777,0.040000000000000036,True
5.527011,4,64.476282,0.9631929143033422,0.03200000000000003,True
5.515209,2,64.484767,0.9609963669968724,0.016000000000000014,True
5.545774,4,64.496809,0.9637264005576551,0.03200000000000003,True
5.769368,4,64.511306,0.9615693026112082,0.03200000000000003,True
5.605216,4,64.520113,0.9619698167374261,0.03200000000000003,True
5.493194,5,64.53378,0.9607063175354746,0.040000000000000036,True
5.913319,3,64.540717,0.9626010046043103,0.02400000000000002,True
5.489598,4,64.551694,0.960203070563462,0.03200000000000003,True
5.731556,3,64.559381,0.958642878897028,0.02400000000000002,True
5.819513,3,64.567028,0.9575090895460437,0.02400000000000002,True
5.469923,3,64.574104,0.9593123532413306,0.02400000000000002,True
5.742769,4,64.583123,0.963332002787577,0.03200000000000003,True
5.593716,4,64.593027,0.9611863462670855,0.03200000000000003,True
5.957417,4,64.604889,0.959458544229086,0.03200000000000003,True
5.768407,3,64.61242,0.9613482790816527,0.02400000000000002,True
5.747231,3,64.619812,0.9616622597576603,0.02400000000000002,True
5.754286,4,64.629851,0.9615342470587076,0.03200000000000003,True
5.824699,4,64.63893,0.9609387054419363,0.03200000000000003,True
5.735158,3,64.645463,0.9596202492101293,0.02400000000000002,True
5.842167,5,64.658875,0.9635855722315587,0.040000000000000036,True
5.698517,3,64.667299,0.9587887831094302,0.02400000000000002,True
5.820433,4,64.67775,0.9621743712140424,0.03200000000000003,True
5.523591,5,64.689304,0.9600262975623,0.040000000000000036,True
5.580713,4,64.699317,0.9591022922570864,0.03200000000000003,True
5.781242,4,64.709836,0.9638444777232216,0.03200000000000003,True
5.85225,2,64.716333,0.9580893273081938,0.016000000000000014,True
5.880748,3,64.72481,0.9573095746792035,0.02400000000000002,True
5.436782,3,64.731727,0.9615143709850544,0.02400000000000002,True
5.757936,4,64.74266,0.9635667057995907,0.03200000000000003,True
5.568481,3,64.749177,0.9576152429181491,0.02400000000000002,True
5.63983,3,64.757595,0.9576941114828095,0.02400000000000002,True
5.490832,3,64.76658,0.9570713547275025,0.02400000000000002,True
5.468029,3,64.776019,0.964483103232292,0.02400000000000002,True
5.64532,5,64.788177,0.9641259000219131,0.040000000000000036,True
5.477811,5,64.801368,0.9622236381118187,0.040000000000000036,True
5.576781,4,64.816726,0.9605874722428529,0.03200000000000003,True
5.546163,5,64.832971,0.9579764863779656,0.040000000000000036,True
5.709075,3,64.845139,0.9643075383199231,0.02400000000000002,True
5.768242,4,64.857231,0.9605898661637094,0.03200000000000003,True
6.022599,5,64.870824,0.9664313032893808,0.040000000000000036,True
5.503975,4,65.422488,0.959004764834053,0.03200000000000003,True
5.700366,3,65.430346,0.962387399620013,0.02400000000000002,True
5.750138,4,65.439043,0.9614781339966054,0.03200000000000003,True
5.487128,4,65.448226,0.962938879022149,0.03200000000000003,True
5.639333,4,65.457768,0.9572365122324933,0.03200000000000003,True
5.627381,2,65.464266,0.963502947607086,0.016000000000000014,True
5.557944,4,65.473902,0.9602517093535161,0.03200000000000003,True
5.666374,4,65.483314,0.9587128892954175,0.03200000000000003,True
5.651217,5,65.494855,0.9640408009988535,0.040000000000000036,True
5.526147,3,65.503223,0.9638095267223455,0.02400000000000002,True
5.629216,3,65.51235,0.962959015822598,0.02400000000000002,True
5.86825,5,65.532966,0.9601044193267588,0.040000000000000036,True
5.776616,4,65.547858,0.9643946799099392,0.03200000000000003,True
5.617652,5,65.56106,0.9611438194110067,0.040000000000000036,True
5.744956,4,65.571299,0.959416010806825,0.03200000000000003,True
5.580586,3,65.577918,0.9602112206179104,0.02400000000000002,True
5.767078,3,65.585932,0.9579821416176921,0.02400000000000002,True
5.753615,4,65.593944,0.9620895522175501,0.03200000000000003,True
5.927072,3,65.603242,0.9598312712354267,0.02400000000000002,True
5.718089,4,65.612626,0.9613361526606408,0.03200000000000003,True
5.618199,5,65.625967,0.9633881161391511,0.040000000000000036,True
6.011486,4,65.636468,0.9631221153006562,0.03200000000000003,True
5.567436,5,65.648758,0.9625192835509118,0.040000000000000036,True
5.665877,5,65.66198,0.9573251180173625,0.040000000000000036,True
5.66835,5,65.674311,0.9647152888255719,0.040000000000000036,True
5.788483,5,65.686779,0.9586297691701398,0.040000000000000036,True
5.628642,5,65.698826,0.9624718492014979,0.040000000000000036,True
5.530571,4,65.709275,0.9629560308485503,0.03200000000000003,True
5.834872,4,65.718684,0.9642448634461358,0.03200000000000003,True
5.662272,3,65.726776,0.9590577640085229,0.02400000000000002,True
5.52456,4,65.737308,0.9638277954434619,0.03200000000000003,True
5.87369,4,65.746538,0.9605868162062291,0.03200000000000003,True
5.733454,4,65.757422,0.9593067749256732,0.03200000000000003,True
5.640853,3,65.766239,0.9578794728690254,0.02400000000000002,True
5.779051,5,65.77871,0.9605059519123387,0.040000000000000036,True
5.629143,5,65.790921,0.9593392407434282,0.040000000000000036,True
5.789123,4,65.801222,0.9579055921680637,0.03200000000000003,True
5.862679,4,65.811096,0.9617125861186265,0.03200000000000003,True
6.089152,5,65.822658,0.9566480980607901,0.040000000000000036,True
5.686082,4,65.832018,0.9605349560885497,0.03200000000000003,True
5.495145,4,65.841962,0.9580767584446711,0.03200000000000003,True
6.059461,4,65.851796,0.9628525928935534,0.03200000000000003,True
5.716814,3,65.859012,0.9634786791778747,0.02400000000000002,True
5.422657,3,65.867687,0.9610545011181078,0.02400000000000002,True
5.75389,4,65.87763,0.9592918284775172,0.03200000000000003,True
5.650436,4,65.886379,0.9584785352935035,0.03200000000000003,True
5.883307,5,65.899405,0.9578988231996615,0.040000000000000036,True
5.649552,3,65.907504,0.9585288404680931,0.02400000000000002,True
5.595367,3,65.915725,0.9616204956565773,0.02400000000000002,True
5.852148,4,65.926396,0.9609834561503328,0.03200000000000003,True
5.525921,3,65.933136,0.9604761332667009,0.02400000000000002,True
5.583278,4,65.942123,0.9575482038843717,0.03200000000000003,True
5.532246,3,65.949665,0.9617147287705026,0.02400000000000002,True
5.945072,4,65.959022,0.9612680410633745,0.03200000000000003,True
5.829543,5,65.972298,0.9588408375520856,0.040000000000000036,True
5.484438,4,65.981617,0.9666854479256951,0.03200000000000003,True
5.407052,4,65.991772,0.9596066964613247,0.03200000000000003,True
5.668373,5,66.005921,0.9643881776067922,0.040000000000000036,True
5.640203,3,66.013306,0.9602730845352034,0.02400000000000002,True
5.658774,4,66.022596,0.9595358872404801,0.03200000000000003,True
6.007757,4,66.032477,0.9640184402370302,0.03200000000000003,True
5.664108,3,66.039405,0.9639731663137927,0.02400000000000002,True
5.431064,3,66.047678,0.9576554189987512,0.02400000000000002,True
5.567293,5,66.059212,0.9595982229719783,0.040000000000000036,True
5.810414,4,66.068849,0.9615986850534224,0.03200000000000003,True
6.022262,5,66.635438,0.9633485391072727,0.040000000000000036,True
5.875489,4,66.644797,0.9641002667605374,0.03200000000000003,True
5.448129,3,66.651989,0.960006828723844,0.02400000000000002,True
5.500199,4,66.662026,0.9613557223510273,0.03200000000000003,True
5.478403,3,66.669072,0.9613319017422636,0.02400000000000002,True
5.881569,5,66.67982,0.9592189876371751,0.040000000000000036,True
5.759009,4,66.688849,0.9618900195141837,0.03200000000000003,True
5.778507,3,66.695564,0.9613424277464108,0.02400000000000002,True
5.731959,4,66.705042,0.958358787450392,0.03200000000000003,True
5.575993,4,66.714511,0.9616121620652942,0.03200000000000003,True
5.473067,3,66.721667,0.963371279551821,0.02400000000000002,True
5.690479,2,66.727088,0.9600141073645718,0.016000000000000014,True
5.441985,4,66.736479,0.9582028649112996,0.03200000000000003,True
5.513712,4,66.746191,0.963425610762409,0.03200000000000003,True
5.865318,5,66.759376,0.9616687284883638,0.040000000000000036,True
5.655534,2,66.765545,0.9632045326793098,0.016000000000000014,True
5.71784,5,66.778188,0.9574386887586429,0.040000000000000036,True
5.842214,4,66.788538,0.9579784830542409,0.03200000000000003,True
5.728926,4,66.798197,0.9605893212961218,0.03200000000000003,True
5.524398,4,66.808415,0.961816227192746,0.03200000000000003,True
5.678539,5,66.819069,0.9611374255201692,0.040000000000000036,True
5.955987,4,66.82799,0.961991217076817,0.03200000000000003,True
5.720414,3,66.835707,0.9624028544043892,0.02400000000000002,True
5.471433,3,66.842689,0.9656892944969193,0.02400000000000002,True
5.646297,3,66.850935,0.9613059399527808,0.02400000000000002,True
5.37439,3,66.85895,0.9590315081725072,0.02400000000000002,True
5.619909,4,66.871429,0.9649586365008868,0.03200000000000003,True
5.757762,5,66.88379,0.9582367625781762,0.040000000000000036,True
5.452469,4,66.892791,0.9610417476489646,0.03200000000000003,True
5.729444,4,66.902149,0.9626773298930085,0.03200000000000003,True
5.47123,5,66.91266,0.9669814029979362,0.040000000000000036,True
5.614149,5,66.92298,0.9606559391543961,0.040000000000000036,True
5.529565,4,66.932073,0.9588455539482548,0.03200000000000003,True
6.006122,5,66.943712,0.9607208813658029,0.040000000000000036,True
5.581533,3,66.950787,0.9669548140240997,0.02400000000000002,True
5.593532,4,66.960494,0.9620899092275379,0.03200000000000003,True
5.619879,4,66.96979,0.9617295205525794,0.03200000000000003,True
5.801761,4,66.978826,0.9619761870019818,0.03200000000000003,True
5.619489,4,66.987917,0.9594092886075803,0.03200000000000003,True
5.547321,4,66.996892,0.9606646391022495,0.03200000000000003,True
5.592562,4,67.010584,0.9630472934070324,0.03200000000000003,True
5.442838,3,67.019666,0.9633808237655375,0.02400000000000002,True
5.489171,5,67.030375,0.9654284301707283,0.040000000000000036,True
6.045927,4,67.03935,0.9615457757151518,0.03200000000000003,True
5.460321,3,67.046247,0.9590886657168739,0.02400000000000002,True
5.473261,2,67.052449,0.9621089330769792,0.016000000000000014,True
5.558912,5,67.063138,0.960683717245001,0.040000000000000036,True
5.871083,5,67.074054,0.9564810035029045,0.040000000000000036,True
5.532207,3,67.082084,0.9623736050908149,0.02400000000000002,True
5.472242,4,67.091651,0.9601481117671231,0.03200000000000003,True
5.856147,4,67.101109,0.9612888631187484,0.03200000000000003,True
5.746488,4,67.11021,0.9620451109785149,0.03200000000000003,True
5.842159,5,67.121941,0.9600057935966283,0.040000000000000036,True
5.768335,4,67.13162,0.9648268178582842,0.03200000000000003,True
5.744616,4,67.140062,0.957560109583595,0.03200000000000003,True
5.96577,4,67.149217,0.9573801273213904,0.03200000000000003,True
5.824031,4,67.158547,0.9589491687603919,0.03200000000000003,True
5.528056,4,67.168214,0.9634269973257585,0.03200000000000003,True
5.69973,3,67.175195,0.9611189660824502,0.02400000000000002,True
5.787025,2,67.181352,0.9623822463841132,0.016000000000000014,True
5.448446,4,67.190514,0.9573963317719909,0.03200000000000003,True
5.597301,4,67.200275,0.9631010072959696,0.03200000000000003,True
5.561423,4,67.211631,0.960153141048301,0.03200000000000003,True
5.811656,5,67.223057,0.9593353934081277,0.040000000000000036,True
5.786451,4,67.232512,0.9629788994020996,0.03200000000000003,True
5.834312,5,68.014588,0.9570988052555183,0.040000000000000036,True
5.710246,3,68.023654,0.9599129197922242,0.02400000000000002,True
5.729124,4,68.035393,0.9565867699266704,0.03200000000000003,True
5.708131,5,68.050689,0.9654865552274887,0.040000000000000036,True
6.04085,4,68.062603,0.9599175694258288,0.03200000000000003,True
5.643399,4,68.074671,0.959972296871269,0.03200000000000003,True
5.692299,4,68.086652,0.9620886680754706,0.03200000000000003,True
5.571768,4,68.09822,0.9591127493893863,0.03200000000000003,True
5.760115,4,68.110688,0.9629118816230409,0.03200000000000003,True
5.820472,3,68.11847,0.9588401628548906,0.02400000000000002,True
5.819724,4,68.130978,0.9596736185841921,0.03200000000000003,True
5.385439,3,68.139382,0.9638090882310992,0.02400000000000002,True
5.763283,4,68.151138,0.9600000103696117,0.03200000000000003,True
5.583541,5,68.166046,0.961115692935975,0.040000000000000036,True
5.472665,3,68.175107,0.9642110999804547,0.02400000000000002,True
5.536661,3,68.185199,0.9631023076610209,0.02400000000000002,True
5.80261,5,68.199404,0.9600125173698194,0.040000000000000036,True
5.510349,3,68.208307,0.9593596745172004,0.02400000000000002,True
5.491982,5,68.223743,0.9571592061730105,0.040000000000000036,True
5.671443,4,68.23668,0.9585646509950994,0.03200000000000003,True
5.545313,4,68.24913,0.9631522979014135,0.03200000000000003,True
5.601588,5,68.265976,0.9643752441165374,0.040000000000000036,True
5.703466,4,68.280483,0.964689559998454,0.03200000000000003,True
5.660325,3,68.29014,0.9606096676796387,0.02400000000000002,True
5.790462,4,68.304256,0.9638506914686122,0.03200000000000003,True
5.613973,5,68.318586,0.9583534226409836,0.040000000000000036,True
5.687191,4,68.331272,0.9605436904193039,0.03200000000000003,True
5.898583,3,68.341568,0.9576895359494154,0.02400000000000002,True
5.438754,3,68.351255,0.9610257099260986,0.02400000000000002,True
5.459881,4,68.36323,0.963048960793101,0.03200000000000003,True
5.846687,4,68.374614,0.9612714895837223,0.03200000000000003,True
5.997203,5,68.390458,0.9589020935161515,0.040000000000000036,True
5.775516,4,68.402104,0.9605685086725559,0.03200000000000003,True
5.755951,4,68.414426,0.9634347513176904,0.03200000000000003,True
6.033262,4,68.426071,0.9593323049440625,0.03200000000000003,True
5.824736,5,68.443077,0.9576248917603145,0.040000000000000036,True
5.734769,4,68.45505,0.9608084834776378,0.03200000000000003,True
5.823568,3,68.464604,0.9606315779738139,0.02400000000000002,True
5.768733,4,68.476107,0.9618090238348569,0.03200000000000003,True
5.54171,4,68.488233,0.964009566440474,0.03200000000000003,True
5.633094,4,68.499548,0.9672676450463464,0.03200000000000003,True
6.020541,5,68.514798,0.9588344878168397,0.040000000000000036,True
5.700588,5,68.53063,0.9576158046146762,0.040000000000000036,True
6.081912,5,68.546414,0.9594639988948606,0.040000000000000036,True
6.024246,4,68.558796,0.9644952988519943,0.03200000000000003,True
5.576151,4,68.571479,0.9598673662001926,0.03200000000000003,True
5.797549,3,68.692743,0.9646003563877992,0.02400000000000002,True
5.552043,5,68.706957,0.9611944786534505,0.040000000000000036,True
5.875162,5,68.721092,0.9666597454862822,0.040000000000000036,True
5.743619,4,68.732826,0.9599916539301365,0.03200000000000003,True
5.519223,4,68.745543,0.9593010945283122,0.03200000000000003,True
5.628507,4,68.757798,0.9592385834890587,0.03200000000000003,True
5.739171,4,68.770708,0.960195229057615,0.03200000000000003,True
5.497713,5,68.789138,0.9624869711713762,0.040000000000000036,True
5.997259,5,68.806909,0.9609952227150712,0.040000000000000036,True
5.809579,5,68.822253,0.9638781971453161,0.040000000000000036,True
5.688051,4,68.834337,0.9654153866934693,0.03200000000000003,True
5.956465,4,68.845623,0.9613915572692895,0.03200000000000003,True
5.286141,3,68.854421,0.9618224592382643,0.02400000000000002,True
5.506641,4,68.866704,0.96124314516618,0.03200000000000003,True
5.468643,5,68.883237,0.9584319864670162,0.040000000000000036,True
5.574538,4,68.896298,0.9634110612432518,0.03200000000000003,True
5.64147,5,68.91282,0.9617273534319998,0.040000000000000036,True
5.483289,4,69.719306,0.9565915869816105,0.03200000000000003,True
5.563228,5,69.743882,0.9649633354817124,0.040000000000000036,True
5.755496,4,69.758022,0.9615379567034674,0.03200000000000003,True
5.786923,3,69.76879,0.9621778930633118,0.02400000000000002,True
5.776131,4,69.78314,0.9584112171144752,0.03200000000000003,True
5.59069,6,69.803586,0.9641104957212743,0.04800000000000004,True
5.551032,3,69.815198,0.9562372258617028,0.02400000000000002,True
5.77665,3,69.825906,0.9623254280425763,0.02400000000000002,True
5.753356,4,69.839722,0.9632892815127911,0.03200000000000003,True
5.828547,5,69.856222,0.9650568841447739,0.040000000000000036,True
5.962653,4,69.86966,0.9620937315717402,0.03200000000000003,True
5.527073,3,69.879795,0.9607875531661434,0.02400000000000002,True
5.688431,4,69.893109,0.9601913961864708,0.03200000000000003,True
5.791555,3,69.902728,0.9621507302219408,0.02400000000000002,True
5.55243,4,69.915388,0.9645580172637502,0.03200000000000003,True
5.572103,4,69.928969,0.9629191287755812,0.03200000000000003,True
5.47973,3,69.938167,0.9577087110998002,0.02400000000000002,True
5.457917,3,69.948135,0.9592787625942851,0.02400000000000002,True
5.666185,4,69.959886,0.9590563585985241,0.03200000000000003,True
5.570467,4,69.972649,0.9605198110328834,0.03200000000000003,True
5.671562,3,69.980693,0.9588051831284555,0.02400000000000002,True
5.903442,4,69.993412,0.9684090231115541,0.03200000000000003,True
5.62667,4,70.005401,0.9580091191989717,0.03200000000000003,True
5.896034,4,70.017473,0.9573473548219453,0.03200000000000003,True
5.624403,4,70.02972,0.9594530626672657,0.03200000000000003,True
5.590924,3,70.039316,0.9653399147060506,0.02400000000000002,True
5.543596,3,70.047661,0.9624685809443048,0.02400000000000002,True
5.74025,4,70.058866,0.961928749327534,0.03200000000000003,True
5.897089,5,70.07488,0.9600862502322212,0.040000000000000036,True
5.609814,4,70.089402,0.9609156915679173,0.03200000000000003,True
5.843677,5,70.106741,0.9618979801175332,0.040000000000000036,True
5.734346,3,70.115254,0.962127044674032,0.02400000000000002,True
5.69117,4,70.126964,0.9594376663539019,0.03200000000000003,True
5.605774,3,70.137,0.9628752029351075,0.02400000000000002,True
5.49058,4,70.151689,0.9587033231401485,0.03200000000000003,True
5.538936,5,70.168134,0.960745134576686,0.040000000000000036,True
5.559043,4,70.179956,0.957114738210228,0.03200000000000003,True
6.014345,5,70.195121,0.9559059520634443,0.040000000000000036,True
5.660949,4,70.207535,0.9634510266111995,0.03200000000000003,True
5.625113,5,70.222936,0.9590644617887045,0.040000000000000036,True
5.65387,4,70.235222,0.9604772659544079,0.03200000000000003,True
5.365355,3,70.245058,0.9632987951353559,0.02400000000000002,True
5.645193,4,70.257684,0.9676908887879319,0.03200000000000003,True
5.334696,3,70.267318,0.9616890570278137,0.02400000000000002,True
5.74735,3,70.277376,0.9607609991352928,0.02400000000000002,True
5.899068,4,70.290003,0.9621805818810754,0.03200000000000003,True
5.728498,4,70.303425,0.9603118542246615,0.03200000000000003,True
5.688626,4,70.315161,0.9631385915583518,0.03200000000000003,True
5.505496,4,70.326953,0.9666095454322857,0.03200000000000003,True
5.523207,3,70.336517,0.9579279237011278,0.02400000000000002,True
5.554887,3,70.34641,0.9637029651397915,0.02400000000000002,True
5.517991,3,70.355405,0.9604436355613546,0.02400000000000002,True
5.725815,3,70.364054,0.9678124970963324,0.02400000000000002,True
5.68464,3,70.373323,0.9561175622465535,0.02400000000000002,True
5.786417,4,70.385277,0.9590002948601817,0.03200000000000003,True
6.122262,5,70.400392,0.9609523407673543,0.040000000000000036,True
5.822657,4,70.413169,0.9609472498306334,0.03200000000000003,True
5.94605,3,70.422823,0.9592089163978714,0.02400000000000002,True
5.855876,3,70.432431,0.9610768456574259,0.02400000000000002,True
5.456418,3,70.442472,0.9646264038419009,0.02400000000000002,True
5.852047,5,70.456596,0.9609713716948766,0.040000000000000036,True
5.679074,3,70.465403,0.9644072061026364,0.02400000000000002,True
5.522948,4,70.477298,0.9618628122193732,0.03200000000000003,True
5.449393,4,70.489555,0.9641686729855585,0.03200000000000003,True
5.883707,4,70.501985,0.9560909369403282,0.03200000000000003,True
5.505978,4,70.513854,0.9631321129044014,0.03200000000000003,True
5.639745,5,70.530274,0.9611223687694513,0.040000000000000036,True
5.785748,4,71.30782,0.957663470350542,0.03200000000000003,True
5.581314,4,71.31977,0.9633602187218251,0.03200000000000003,True
5.501275,4,71.3332,0.9615473493129293,0.03200000000000003,True
5.819667,4,71.345777,0.9582064158373527,0.03200000000000003,True
5.839609,5,71.361082,0.9621801497797521,0.040000000000000036,True
5.517704,4,71.373218,0.9611360543186938,0.03200000000000003,True
5.650748,5,71.387923,0.9629957366848105,0.040000000000000036,True
5.73096,4,71.399593,0.9602734354507922,0.03200000000000003,True
5.937306,5,71.414515,0.9646055439305931,0.040000000000000036,True
5.647638,4,71.426864,0.9620290970446232,0.03200000000000003,True
5.737182,3,71.436052,0.959176534922423,0.02400000000000002,True
5.811144,5,71.45048,0.9591861644342423,0.040000000000000036,True
5.617503,3,71.459209,0.9587226701451783,0.02400000000000002,True
5.834851,4,71.47325,0.9613590024809588,0.03200000000000003,True
6.010201,4,71.486238,0.9615980040748765,0.03200000000000003,True
5.413283,3,71.497025,0.9662583473887492,0.02400000000000002,True
5.700962,4,71.51131,0.9611359095305685,0.03200000000000003,True
5.643462,3,71.521547,0.9628413930720034,0.02400000000000002,True
5.825914,5,71.538369,0.9582485359250112,0.040000000000000036,True
5.488291,3,71.551005,0.9600028423583162,0.02400000000000002,True
5.533171,3,71.561485,0.9586973032147179,0.02400000000000002,True
5.686285,4,71.574504,0.9610208470955499,0.03200000000000003,True
5.907291,3,71.583732,0.9636663163790555,0.02400000000000002,True
5.465528,3,71.592672,0.9567414210196628,0.02400000000000002,True
5.602803,5,71.61052,0.9610831686033341,0.040000000000000036,True
5.938505,5,71.626813,0.964603929964819,0.040000000000000036,True
5.663662,4,71.640634,0.9622444650577153,0.03200000000000003,True
5.887161,3,71.655164,0.9601840224285527,0.02400000000000002,True
5.624375,5,71.670886,0.9597848939664928,0.040000000000000036,True
5.498137,3,71.682377,0.9612781480182221,0.02400000000000002,True
6.048896,4,71.695041,0.9596536669166373,0.03200000000000003,True
5.368923,3,71.705938,0.9615555627755992,0.02400000000000002,True
5.619256,4,71.721452,0.9587640129004155,0.03200000000000003,True
5.460462,3,71.730673,0.9629742504759342,0.02400000000000002,True
5.624503,4,71.74432,0.9593065406953846,0.03200000000000003,True
5.498474,3,71.756114,0.9681790632414117,0.02400000000000002,True
5.807255,3,71.767627,0.9596645752910267,0.02400000000000002,True
5.465658,4,71.781062,0.9657944177669635,0.03200000000000003,True
5.494674,5,71.799632,0.9609241681859049,0.040000000000000036,True
5.781862,5,71.818563,0.9611360079643209,0.040000000000000036,True
5.65659,4,71.831738,0.9611446724741275,0.03200000000000003,True
5.51229,4,71.850314,0.9580525750799768,0.03200000000000003,True
5.50885,4,71.868328,0.9615168393565938,0.03200000000000003,True
5.681516,3,71.87926,0.9643096789273687,0.02400000000000002,True
5.705964,3,71.892551,0.9609760066893596,0.02400000000000002,True
5.844879,4,71.907659,0.9594735566490035,0.03200000000000003,True
6.05122,4,71.921889,0.9589420336772734,0.03200000000000003,True
5.457404,3,71.931672,0.9664422684218608,0.02400000000000002,True
5.936337,4,71.946465,0.9660283479169831,0.03200000000000003,True
6.042517,5,71.963588,0.9636623898696717,0.040000000000000036,True
5.705992,4,71.977495,0.9614895296398906,0.03200000000000003,True
5.806808,4,71.99234,0.9596011694706257,0.03200000000000003,True
5.51308,3,72.003358,0.9590493824540316,0.02400000000000002,True
5.707645,3,72.013951,0.961648561971987,0.02400000000000002,True
5.73105,4,72.026439,0.9618835692550077,0.03200000000000003,True
5.601205,4,72.037208,0.9579897565794553,0.03200000000000003,True
5.873899,4,72.048348,0.9604210791641665,0.03200000000000003,True
5.672708,4,72.05793,0.9621344394791747,0.03200000000000003,True
5.86494,3,72.064551,0.9618604382216931,0.02400000000000002,True
5.781157,4,72.074455,0.9624255773457893,0.03200000000000003,True
5.697612,3,72.08372,0.9633724024335222,0.02400000000000002,True
5.555668,4,72.095235,0.9637849744756455,0.03200000000000003,True
5.59742,3,72.103974,0.9628625847213983,0.02400000000000002,True
5.564282,4,72.113734,0.955751068491103,0.03200000000000003,True
5.877859,4,72.123927,0.960425588373446,0.03200000000000003,True
5.586957,4,72.132917,0.9638854735040792,0.03200000000000003,True
5.965777,4,72.142729,0.9645746948490705,0.03200000000000003,True
5.677994,3,72.698105,0.962469276582592,0.02400000000000002,True
5.77329,4,72.709821,0.9593600051523689,0.03200000000000003,True
5.674082,3,72.718939,0.9612418058338883,0.02400000000000002,True
5.54512,4,72.731231,0.9629561273935252,0.03200000000000003,True
5.737057,3,72.73827,0.9624469135539466,0.02400000000000002,True
5.52732,3,72.744786,0.9594816423199649,0.02400000000000002,True
5.765902,3,72.753126,0.961159528486732,0.02400000000000002,True
5.711702,4,72.762859,0.9576176107159862,0.03200000000000003,True
5.743853,4,72.772334,0.9597069105113576,0.03200000000000003,True
5.702403,4,72.78184,0.9580127837999344,0.03200000000000003,True
5.484508,4,72.792977,0.9596591547371214,0.03200000000000003,True
5.795203,4,72.802551,0.9595456761394012,0.03200000000000003,True
5.78567,5,72.81488,0.9631159728856358,0.040000000000000036,True
5.937237,3,72.8235,0.9616014112142597,0.02400000000000002,True
5.71834,5,72.834549,0.9626288064609453,0.040000000000000036,True
5.826246,5,72.848527,0.957143627315407,0.040000000000000036,True
5.827906,3,72.858058,0.9564703298737558,0.02400000000000002,True
5.652446,3,72.866052,0.9618323162292448,0.02400000000000002,True
5.486988,3,72.874401,0.9603309846930104,0.02400000000000002,True
5.54621,4,72.883454,0.9624658956435858,0.03200000000000003,True
5.766959,4,72.8973,0.9623562122116552,0.03200000000000003,True
5.564738,4,72.911092,0.9581679324914449,0.03200000000000003,True
5.621212,4,72.924728,0.964709274551534,0.03200000000000003,True
5.970297,4,72.935805,0.9632614757688724,0.03200000000000003,True
5.564156,4,72.945465,0.9621521540902209,0.03200000000000003,True
5.776641,4,72.954844,0.9605465781208643,0.03200000000000003,True
5.610019,4,72.96341,0.9664482617368533,0.03200000000000003,True
6.016436,5,72.975076,0.96639887262342,0.040000000000000036,True
5.648998,5,72.987191,0.9606675325213638,0.040000000000000036,True
5.80226,4,72.996471,0.9631629979107013,0.03200000000000003,True
5.41744,3,73.004661,0.9580599066588554,0.02400000000000002,True
5.602653,5,73.016923,0.9643125981171523,0.040000000000000036,True
5.975117,4,73.026549,0.9575190423801696,0.03200000000000003,True
5.727375,3,73.034009,0.9635396924434931,0.02400000000000002,True
5.56427,4,73.043802,0.9616645943461728,0.03200000000000003,True
5.8125,4,73.054124,0.9647406192119816,0.03200000000000003,True
5.721844,4,73.063563,0.9561380641555561,0.03200000000000003,True
5.814858,4,73.073627,0.9595400547104822,0.03200000000000003,True
5.822043,4,73.083913,0.9606878658817944,0.03200000000000003,True
5.522233,4,73.093327,0.9637310205640223,0.03200000000000003,True
5.509821,3,73.100943,0.9681743146321258,0.02400000000000002,True
5.617694,4,73.109734,0.9629387236427966,0.03200000000000003,True
5.560683,3,73.117427,0.9615143004872018,0.02400000000000002,True
6.087407,4,73.126397,0.9652115337373044,0.03200000000000003,True
5.747413,4,73.135773,0.9614864172195745,0.03200000000000003,True
5.800236,4,73.14571,0.9598514001106303,0.03200000000000003,True
5.508218,4,73.155379,0.9640210677090995,0.03200000000000003,True
5.694679,3,73.163112,0.9660826592591638,0.02400000000000002,True
5.473916,4,73.172635,0.9581905527323931,0.03200000000000003,True
5.686514,3,73.179582,0.9579176177158508,0.02400000000000002,True
5.367941,4,73.189644,0.9646652774782465,0.03200000000000003,True
5.606779,5,73.201536,0.9613573753652503,0.040000000000000036,True
5.984937,3,73.20903,0.9653689597506504,0.02400000000000002,True
5.797104,5,73.220999,0.9608992829413209,0.040000000000000036,True
5.485174,4,73.230509,0.961558876967643,0.03200000000000003,True
5.774666,4,73.240052,0.9613686037739193,0.03200000000000003,True
5.646755,4,73.25069,0.9605290837613791,0.03200000000000003,True
5.614435,3,73.257883,0.9662050975949206,0.02400000000000002,True
5.722073,3,73.26613,0.9582148520977296,0.02400000000000002,True
5.638761,4,73.275457,0.9645399969963049,0.03200000000000003,True
5.739647,4,73.285032,0.963926599451247,0.03200000000000003,True
5.932242,3,73.292931,0.9622310510363703,0.02400000000000002,True
5.402459,3,73.299064,0.9593030121850175,0.02400000000000002,True
5.728219,4,73.308436,0.9640126746073308,0.03200000000000003,True
5.822065,4,73.317803,0.9643893602768534,0.03200000000000003,True
5.638461,5,73.329782,0.9568557491789154,0.040000000000000036,True
5.441398,4,73.878835,0.9614826415717304,0.03200000000000003,True
5.730722,4,73.887796,0.9645058073031998,0.03200000000000003,True
5.837842,4,73.897618,0.9606244535924301,0.03200000000000003,True
5.505057,4,73.906991,0.9604164019047943,0.03200000000000003,True
5.543344,4,73.917257,0.9609327671858242,0.03200000000000003,True
5.757518,3,73.925656,0.9631630860490283,0.02400000000000002,True
5.500439,4,73.942354,0.959893910698396,0.03200000000000003,True
5.594978,4,73.955977,0.9606104133208118,0.03200000000000003,True
5.650416,3,73.964128,0.9620994661515639,0.02400000000000002,True
5.748668,4,73.973468,0.9574322756893286,0.03200000000000003,True
5.633948,5,73.985024,0.9616135279906519,0.040000000000000036,True
5.566302,4,73.994208,0.9573505708410641,0.03200000000000003,True
5.510587,4,74.002893,0.9616898916714772,0.03200000000000003,True
5.501676,3,74.011137,0.960539477585453,0.02400000000000002,True
5.554161,4,74.02119,0.958791222044466,0.03200000000000003,True
5.681567,4,74.031766,0.96107621306541,0.03200000000000003,True
5.576631,4,74.041774,0.958484516070014,0.03200000000000003,True
5.625863,4,74.051828,0.9616262463378893,0.03200000000000003,True
5.533975,4,74.062979,0.9570698563909261,0.03200000000000003,True
5.436531,2,74.068409,0.9587843837792485,0.016000000000000014,True
5.747688,4,74.079539,0.9599016101240153,0.03200000000000003,True
5.550603,3,74.089427,0.9632792337128238,0.02400000000000002,True
5.795157,4,74.099823,0.9633115252607135,0.03200000000000003,True
5.584193,4,74.109698,0.9577734488324368,0.03200000000000003,True
5.976283,4,74.119463,0.9567207211505117,0.03200000000000003,True
5.660344,3,74.127311,0.9600069495290644,0.02400000000000002,True
5.575137,5,74.138344,0.9617302922896847,0.040000000000000036,True
5.517323,5,74.150112,0.9632480934835566,0.040000000000000036,True
5.547661,4,74.159567,0.9595701091622981,0.03200000000000003,True
5.615292,4,74.170132,0.9580474656311917,0.03200000000000003,True
5.827731,5,74.182609,0.966425695564482,0.040000000000000036,True
5.653009,4,74.191417,0.9570359269347415,0.03200000000000003,True
5.863673,5,74.204033,0.9664943991350516,0.040000000000000036,True
5.731214,5,74.21499,0.9596413001987524,0.040000000000000036,True
5.63722,4,74.223732,0.9644330532361505,0.03200000000000003,True
5.974271,3,74.232009,0.9632570676115554,0.02400000000000002,True
5.748739,4,74.24052,0.9608363764715713,0.03200000000000003,True
5.823316,5,74.252352,0.9597729569808149,0.040000000000000036,True
5.734653,3,74.259092,0.9581453687124151,0.02400000000000002,True
5.466445,4,74.269112,0.9620036430920796,0.03200000000000003,True
5.675744,4,74.277751,0.9627163327587431,0.03200000000000003,True
5.718283,5,74.289226,0.9660092498235586,0.040000000000000036,True
5.563852,5,74.301728,0.9630878110534286,0.040000000000000036,True
5.589815,4,74.309735,0.9598687903879581,0.03200000000000003,True
5.528624,4,74.320107,0.9645499454693929,0.03200000000000003,True
6.018419,4,74.327943,0.959785189341342,0.03200000000000003,True
5.880643,5,74.338966,0.9592536899121604,0.040000000000000036,True
5.722517,4,74.348666,0.9617266967328789,0.03200000000000003,True
5.671543,3,74.355582,0.9603343107817016,0.02400000000000002,True
5.536815,3,74.363118,0.9568117225894759,0.02400000000000002,True
5.678307,4,74.372026,0.9606129229433387,0.03200000000000003,True
5.506761,3,74.378888,0.9633398773956834,0.02400000000000002,True
6.097971,4,74.388295,0.9638654930315733,0.03200000000000003,True
5.55368,4,74.397872,0.959056946798434,0.03200000000000003,True
5.54337,4,74.407519,0.9574436172974184,0.03200000000000003,True
5.56486,4,74.416939,0.9591501410719241,0.03200000000000003,True
5.811749,5,74.428586,0.9571103807294126,0.040000000000000036,True
5.609,3,74.43684,0.9572323357620736,0.02400000000000002,True
5.878585,3,74.443928,0.9606016655949203,0.02400000000000002,True
5.486325,4,74.45361,0.9640215238731518,0.03200000000000003,True
5.886429,5,74.465787,0.9627323377489471,0.040000000000000036,True
5.431239,3,74.473549,0.9619843468087035,0.02400000000000002,True
5.805686,4,74.482552,0.9573444515953713,0.03200000000000003,True
5.551841,4,74.492144,0.9587308223187199,0.03200000000000003,True
5.801519,4,74.501387,0.9616609431062729,0.03200000000000003,True
5.533788,4,75.110112,0.9575871758378047,0.03200000000000003,True
5.480165,3,75.118331,0.9609873018772257,0.02400000000000002,True
5.823467,4,75.128022,0.963735793029121,0.03200000000000003,True
5.595128,4,75.138864,0.9613464963477815,0.03200000000000003,True
5.583709,3,75.145432,0.9670594541956506,0.02400000000000002,True
5.686213,3,75.153229,0.9630351761177013,0.02400000000000002,True
5.793301,4,75.163356,0.9572342860369274,0.03200000000000003,True
5.557502,4,75.173027,0.9598754675154297,0.03200000000000003,True
5.448999,3,75.181644,0.9579494553838181,0.02400000000000002,True
5.857663,4,75.190753,0.9590737186742294,0.03200000000000003,True
5.928619,5,75.202425,0.9624432012122703,0.040000000000000036,True
5.793121,3,75.209251,0.9610629177980359,0.02400000000000002,True
5.567945,5,75.2228,0.9635995757282914,0.040000000000000036,True
5.657701,4,75.232437,0.9604399472411342,0.03200000000000003,True
5.501757,2,75.237322,0.9639517025728069,0.016000000000000014,True
5.674812,5,75.2512,0.9572292952576725,0.040000000000000036,True
5.895615,5,75.263621,0.9643002028632995,0.040000000000000036,True
5.735808,4,75.274436,0.9579991026489609,0.03200000000000003,True
5.575007,4,75.284835,0.9579741191256765,0.03200000000000003,True
5.578317,5,75.296451,0.9603269333209048,0.040000000000000036,True
5.431737,4,75.306662,0.9645010589887878,0.03200000000000003,True
5.801219,4,75.315796,0.9598737653082975,0.03200000000000003,True
5.542501,4,75.326316,0.9618940876319293,0.03200000000000003,True
5.433343,4,75.335681,0.9633036567491168,0.03200000000000003,True
5.5234,3,75.343365,0.9620151734083237,0.02400000000000002,True
5.966564,3,75.351356,0.9613160530026092,0.02400000000000002,True
5.727333,3,75.358773,0.9586148926827549,0.02400000000000002,True
5.804463,4,75.369401,0.9636601426642464,0.03200000000000003,True
5.470152,4,75.379389,0.9686725040171646,0.03200000000000003,True
5.812392,5,75.391232,0.9647535805474015,0.040000000000000036,True
5.50446,3,75.397314,0.9640679839542554,0.02400000000000002,True
5.621694,3,75.404326,0.9625937405533812,0.02400000000000002,True
5.769818,5,75.415379,0.96072832231885,0.040000000000000036,True
5.547266,5,75.426991,0.9599399460599927,0.040000000000000036,True
5.698051,4,75.435944,0.9627117646367973,0.03200000000000003,True
5.777094,4,75.445653,0.958806535867083,0.03200000000000003,True
5.737505,3,75.452584,0.9604607093460367,0.02400000000000002,True
5.9536,3,75.459222,0.9636207013163839,0.02400000000000002,True
5.702255,4,75.46896,0.962818200653384,0.03200000000000003,True
5.744824,4,75.478126,0.9591264620443003,0.03200000000000003,True
5.593107,4,75.559954,0.9649049887170978,0.03200000000000003,True
5.672316,5,75.57138,0.9587260592546529,0.040000000000000036,True
5.616189,4,75.581535,0.961099744399387,0.03200000000000003,True
5.385679,3,75.588727,0.9608570759528056,0.02400000000000002,True
6.047447,4,75.59812,0.9566891174390075,0.03200000000000003,True
5.529833,5,75.610866,0.9601941288128821,0.040000000000000036,True
5.545159,3,75.617429,0.9634156971286911,0.02400000000000002,True
5.853889,4,75.628027,0.9580462746259064,0.03200000000000003,True
5.577492,4,75.637758,0.9661816230805678,0.03200000000000003,True
5.719972,4,75.647625,0.9600516664880561,0.03200000000000003,True
5.721301,3,75.654907,0.9623756035198247,0.02400000000000002,True
5.646483,3,75.662265,0.9584113891430864,0.02400000000000002,True
5.703467,4,75.671867,0.9637320811749853,0.03200000000000003,True
5.530067,3,75.679443,0.9698750175207393,0.02400000000000002,True
5.715592,5,75.691721,0.9598558418172735,0.040000000000000036,True
5.677753,4,75.701574,0.9605051279201793,0.03200000000000003,True
5.779862,4,75.711336,0.9596180325465006,0.03200000000000003,True
5.36847,3,75.719415,0.960587871685836,0.02400000000000002,True
5.508159,3,75.727328,0.9639643717953912,0.02400000000000002,True
5.991808,5,75.738841,0.9604848289671292,0.040000000000000036,True
5.669889,4,75.74958,0.9617143248040965,0.03200000000000003,True
5.717626,4,75.760479,0.9632685542871686,0.03200000000000003,True
5.737716,4,75.77095,0.9598430411765239,0.03200000000000003,True
5.755382,3,75.779247,0.9641033157091212,0.02400000000000002,True
5.789846,5,75.790955,0.9589749907120275,0.040000000000000036,True
5.672357,5,75.803734,0.9625263636721915,0.040000000000000036,True
