#{"t_start": 1790446234.808454, "env_id": "None"}
r,l,t,mean_uncertainty,energy_used,success
-2.328192,30,1.486835,0.969024119144021,0.2400000000000002,False
-2.256286,30,1.539146,0.9619083936419697,0.2400000000000002,False
5.598385,21,1.575277,0.958992932600015,0.16800000000000015,True
-2.345072,30,1.631522,0.9654675968401831,0.2400000000000002,False
-2.351958,30,1.682203,0.961741911931218,0.2400000000000002,False
-2.423154,30,1.739685,0.9619181087545245,0.2400000000000002,False
-2.409814,30,1.794311,0.962899866949336,0.2400000000000002,False
-2.483047,30,1.848041,0.9601803541914591,0.2400000000000002,False
-2.095822,30,2.564072,0.9638250915939772,0.2400000000000002,False
-1.86809,30,2.625958,0.9640885622043347,0.2400000000000002,False
-2.260847,30,2.68832,0.958319588031484,0.2400000000000002,False
-2.040266,30,2.749846,0.96635263291669,0.2400000000000002,False
-1.875557,30,2.803536,0.9672361762555319,0.2400000000000002,False
-1.771757,30,2.855359,0.9678826212740878,0.2400000000000002,False
-1.787024,30,2.911727,0.9612361562397596,0.2400000000000002,False
-1.996546,30,2.969642,0.9646549661254047,0.2400000000000002,False
5.527457,18,3.003599,0.9605665720577748,0.14400000000000013,True
-2.005544,30,3.629788,0.9662392196459582,0.2400000000000002,False
-2.031191,30,3.683558,0.9617049431241318,0.2400000000000002,False
-1.968815,30,3.736534,0.965122549187412,0.2400000000000002,False
5.544521,26,3.779979,0.9627474316666516,0.20800000000000018,True
-2.18209,30,3.834949,0.9635343778304356,0.2400000000000002,False
5.486086,25,3.877242,0.9624395663707053,0.20000000000000018,True
-2.059171,30,3.928119,0.9642288171688349,0.2400000000000002,False
-2.190352,30,3.980186,0.9631528626716765,0.2400000000000002,False
-1.859555,30,4.033166,0.9622977330279221,0.2400000000000002,False
-2.121058,30,4.634222,0.9621045249992085,0.2400000000000002,False
5.596339,19,4.667365,0.9609091333520442,0.15200000000000014,True
5.573893,16,4.694663,0.9586265825441059,0.1280000000000001,True
5.282723,27,4.741794,0.9611287488553488,0.2160000000000002,True
5.417949,28,4.789603,0.9597051907401875,0.2240000000000002,True
5.628438,8,4.803313,0.9573379326292122,0.06400000000000006,True
5.41165,26,4.851374,0.9593343592290542,0.20800000000000018,True
-1.779149,30,4.907789,0.9606624904024377,0.2400000000000002,False
5.411754,6,4.920125,0.958838574598798,0.04800000000000004,True
-1.803425,30,4.976002,0.9589616982849772,0.2400000000000002,False
-1.939172,30,5.032016,0.9662921280800978,0.2400000000000002,False
-1.724997,30,5.646918,0.963569770183135,0.2400000000000002,False
5.632122,12,5.669581,0.9624514665383188,0.09600000000000009,True
5.489237,15,5.697723,0.9584974493247509,0.1200000000000001,True
5.833864,9,5.713365,0.9605138190151594,0.07200000000000006,True
5.423197,12,5.733963,0.9611581544179142,0.09600000000000009,True
5.545108,7,5.74755,0.9617594917398197,0.05600000000000005,True
5.444799,8,5.761833,0.9592918332951588,0.06400000000000006,True
5.296562,6,5.772738,0.969432689430221,0.04800000000000004,True
5.683865,5,5.782912,0.9616678622306827,0.040000000000000036,True
5.423067,11,5.804186,0.9645917804334334,0.08800000000000008,True
5.711704,6,5.815753,0.956054000407712,0.04800000000000004,True
5.168309,20,5.854582,0.9592792939405715,0.16000000000000014,True
5.685029,8,5.873392,0.9627621188417097,0.06400000000000006,True
5.591896,17,5.906928,0.963446293083208,0.13600000000000012,True
5.528494,7,5.91966,0.9590533626950588,0.05600000000000005,True
5.417627,22,5.958955,0.9618867106426143,0.17600000000000016,True
5.680884,21,5.99819,0.9606028877945376,0.16800000000000015,True
5.423209,4,6.00697,0.958711729914179,0.03200000000000003,True
5.553343,13,6.030534,0.9575858970397837,0.10400000000000009,True
5.443103,7,6.043768,0.9642832457689383,0.05600000000000005,True
5.344546,16,6.236261,0.9607288700618444,0.1280000000000001,True
5.617081,7,6.250268,0.9621133354854303,0.05600000000000005,True
5.639027,7,6.263835,0.9606535781605658,0.05600000000000005,True
5.215059,21,6.929652,0.9609789436292222,0.16800000000000015,True
5.639307,16,6.969086,0.9586329415846452,0.1280000000000001,True
5.524593,22,7.011089,0.9596408463960275,0.17600000000000016,True
5.566669,7,7.02539,0.9622516822434017,0.05600000000000005,True
5.412289,5,7.034663,0.9635352988239347,0.040000000000000036,True
5.462939,16,7.065586,0.9608998560739923,0.1280000000000001,True
5.979111,6,7.077055,0.9584589607377219,0.04800000000000004,True
5.44133,16,7.117069,0.9579006639943666,0.1280000000000001,True
5.513876,16,7.146151,0.9594780598955287,0.1280000000000001,True
5.583333,19,7.182815,0.9663663109697304,0.15200000000000014,True
5.32875,6,7.193482,0.9637972047508412,0.04800000000000004,True
5.466325,10,7.214758,0.9568467959085782,0.08000000000000007,True
5.493306,12,7.237963,0.9591069977415598,0.09600000000000009,True
5.520782,11,7.259642,0.9595146883499482,0.08800000000000008,True
5.772013,18,7.291926,0.95990431321476,0.14400000000000013,True
5.878148,12,7.315119,0.958030180112044,0.09600000000000009,True
5.733283,20,7.352558,0.9570835578836508,0.16000000000000014,True
5.963073,7,7.3729,0.962072536058567,0.05600000000000005,True
5.670019,9,7.400202,0.9571371896954358,0.07200000000000006,True
5.419934,7,7.413697,0.960552811017284,0.05600000000000005,True
5.747986,11,7.955173,0.961819880986844,0.08800000000000008,True
5.68973,8,7.971765,0.9567583632271781,0.06400000000000006,True
5.509078,10,7.992767,0.9609550743451941,0.08000000000000007,True
5.435515,8,8.009844,0.9585833833997872,0.06400000000000006,True
5.570121,9,8.028619,0.961400309920836,0.07200000000000006,True
5.662214,18,8.066717,0.9655588378830737,0.14400000000000013,True
5.952544,13,8.093598,0.9638547521402867,0.10400000000000009,True
5.818205,10,8.114473,0.9622876512385282,0.08000000000000007,True
5.569112,10,8.134452,0.9629563001531948,0.08000000000000007,True
5.650556,8,8.148717,0.9633210109691277,0.06400000000000006,True
5.469276,10,8.16776,0.9653483712248738,0.08000000000000007,True
5.690364,16,8.20061,0.9594788061152275,0.1280000000000001,True
5.678556,11,8.222557,0.9618205129016189,0.08800000000000008,True
5.637171,12,8.245655,0.9637741703435023,0.09600000000000009,True
5.682499,16,8.279316,0.9653690483287561,0.1280000000000001,True
5.409444,14,8.311868,0.9588653177352982,0.1120000000000001,True
5.729816,10,8.334206,0.9600765041385988,0.08000000000000007,True
5.667285,12,8.362324,0.9606461615090431,0.09600000000000009,True
5.467807,9,8.382156,0.9601289639834324,0.07200000000000006,True
5.600809,10,8.413725,0.9618144993098842,0.08000000000000007,True
5.349715,14,8.453259,0.9578815669408887,0.1120000000000001,True
5.437166,11,8.478027,0.9628386177954413,0.08800000000000008,True
5.584174,17,9.076267,0.9570618777434956,0.13600000000000012,True
5.766218,5,9.086903,0.9643009142485905,0.040000000000000036,True
5.651176,10,9.10707,0.9619373209120075,0.08000000000000007,True
5.392691,5,9.118526,0.9636862084197608,0.040000000000000036,True
5.724694,11,9.140153,0.9615929421885903,0.08800000000000008,True
5.541316,13,9.165185,0.9624272265351992,0.10400000000000009,True
5.382677,17,9.201531,0.9610951794190873,0.13600000000000012,True
5.557201,11,9.223296,0.9613312729034625,0.08800000000000008,True
5.520583,7,9.237824,0.9572274720210512,0.05600000000000005,True
5.351669,11,9.259507,0.9599110775826685,0.08800000000000008,True
5.539955,7,9.273809,0.961980189859586,0.05600000000000005,True
5.65794,6,9.287726,0.9588898407672345,0.04800000000000004,True
5.506881,5,9.297113,0.9586401041530965,0.040000000000000036,True
5.317274,11,9.321102,0.9602306688162566,0.08800000000000008,True
5.526636,7,9.334369,0.9573607332773528,0.05600000000000005,True
5.662458,7,9.348473,0.9598195222847943,0.05600000000000005,True
5.620563,7,9.362095,0.9631058014845223,0.05600000000000005,True
5.467809,6,9.374273,0.9641073458413341,0.04800000000000004,True
5.353423,12,9.398372,0.9607907358594833,0.09600000000000009,True
5.550645,6,9.412288,0.9651907590446938,0.04800000000000004,True
5.568164,10,9.433667,0.9599911727629173,0.08000000000000007,True
5.300098,8,9.457815,0.9632548969190797,0.06400000000000006,True
5.571544,2,9.465345,0.9593956280371374,0.016000000000000014,True
5.849446,5,9.47783,0.9623679924281339,0.040000000000000036,True
5.821506,8,9.494173,0.9573349230448918,0.06400000000000006,True
5.64846,5,9.505565,0.9582699755744905,0.040000000000000036,True
5.390461,6,9.520776,0.9617827814116859,0.04800000000000004,True
5.280604,26,9.571462,0.9602445397281867,0.20800000000000018,True
5.989487,7,9.588483,0.9599611231317339,0.05600000000000005,True
5.982019,7,9.610979,0.9632354479598253,0.05600000000000005,True
5.585595,6,9.628696,0.9595330203316713,0.04800000000000004,True
5.688766,8,10.38976,0.9628587343647759,0.06400000000000006,True
5.606359,7,10.411546,0.9621203112647596,0.05600000000000005,True
5.688879,5,10.428702,0.9616605693378655,0.040000000000000036,True
5.482702,6,10.44671,0.9609645979084758,0.04800000000000004,True
5.859391,6,10.462855,0.9590733479206861,0.04800000000000004,True
5.62552,7,10.486615,0.9575159466124663,0.05600000000000005,True
5.560047,11,10.523986,0.9614564068954702,0.08800000000000008,True
5.840246,7,10.546405,0.965058452788387,0.05600000000000005,True
5.819701,8,10.572422,0.9572320710437907,0.06400000000000006,True
5.70591,7,10.591772,0.9660795715251673,0.05600000000000005,True
5.503886,8,10.614416,0.9610921558795034,0.06400000000000006,True
5.762577,5,10.627143,0.9654766359381668,0.040000000000000036,True
5.448241,6,10.642888,0.9619195109990084,0.04800000000000004,True
5.648139,12,10.674702,0.9590050586147805,0.09600000000000009,True
5.54575,4,10.686852,0.9641345451583996,0.03200000000000003,True
5.754592,5,10.700274,0.9629487726230612,0.040000000000000036,True
5.490981,7,10.720242,0.9597042850646865,0.05600000000000005,True
5.486153,8,10.742908,0.9633650234592906,0.06400000000000006,True
5.799733,6,10.759157,0.9589414537154928,0.04800000000000004,True
5.864483,4,10.77038,0.9601593455914517,0.03200000000000003,True
5.445278,4,10.782213,0.9635398928237292,0.03200000000000003,True
5.516011,6,10.80007,0.9644413674061177,0.04800000000000004,True
5.860184,5,10.813485,0.9654618602304663,0.040000000000000036,True
5.512951,3,10.822573,0.9604211479499332,0.02400000000000002,True
5.66638,4,10.835383,0.9666391469820202,0.03200000000000003,True
5.74744,8,10.857162,0.9582609624747829,0.06400000000000006,True
5.607033,4,10.870418,0.9614816314169687,0.03200000000000003,True
5.757538,10,10.898976,0.961413638282144,0.08000000000000007,True
5.743503,7,10.918182,0.9617767947785534,0.05600000000000005,True
5.476427,9,10.942579,0.9597227086213812,0.07200000000000006,True
5.297267,12,10.974602,0.9614318276288929,0.09600000000000009,True
5.737694,6,10.990481,0.9647244978799756,0.04800000000000004,True
5.495115,4,11.000548,0.9599913409666567,0.03200000000000003,True
5.415242,6,11.016987,0.9605666737091423,0.04800000000000004,True
5.59464,12,11.04641,0.9656679912660229,0.09600000000000009,True
5.525934,10,11.074683,0.9658130849148286,0.08000000000000007,True
5.646453,5,11.091874,0.9646001850803743,0.040000000000000036,True
5.65623,4,11.104732,0.9627123695254345,0.03200000000000003,True
5.664519,7,11.869217,0.9635649000896778,0.05600000000000005,True
5.742908,6,11.885466,0.9619542861083857,0.04800000000000004,True
5.393961,6,11.903072,0.9574931346428033,0.04800000000000004,True
5.634779,8,11.925093,0.9602160594599094,0.06400000000000006,True
5.68444,8,11.945858,0.960800943532639,0.06400000000000006,True
5.598857,3,11.955735,0.9623543187205601,0.02400000000000002,True
5.564466,5,11.97039,0.958888742867053,0.040000000000000036,True
5.723513,4,11.982053,0.9623500010637387,0.03200000000000003,True
5.637839,9,12.007003,0.9574943086701364,0.07200000000000006,True
6.021809,5,12.021038,0.9593691252015667,0.040000000000000036,True
5.4895,5,12.036158,0.9603062037890674,0.040000000000000036,True
5.741138,5,12.049789,0.9588744021918787,0.040000000000000036,True
5.565155,5,12.064541,0.961613633395167,0.040000000000000036,True
5.869994,6,12.082399,0.9614285681512105,0.04800000000000004,True
5.64257,3,12.092072,0.9610265834593135,0.02400000000000002,True
5.720431,5,12.105654,0.9598017805508898,0.040000000000000036,True
5.484508,7,12.125251,0.9635607737323476,0.05600000000000005,True
5.978178,6,12.140386,0.9606698318277975,0.04800000000000004,True
5.993716,7,12.16309,0.9607150713791521,0.05600000000000005,True
5.77082,4,12.175018,0.958859554859307,0.03200000000000003,True
5.491163,6,12.191141,0.9652135382575988,0.04800000000000004,True
5.478163,5,12.205127,0.9634050180200262,0.040000000000000036,True
5.593833,10,12.231524,0.96165997018131,0.08000000000000007,True
5.670929,4,12.242679,0.9620585840043344,0.03200000000000003,True
5.435735,8,12.264741,0.9600068894975045,0.06400000000000006,True
5.37593,9,12.288897,0.9623148189623161,0.07200000000000006,True
5.596176,6,12.304366,0.9579639140152794,0.04800000000000004,True
5.858451,8,12.338201,0.9597466744740635,0.06400000000000006,True
5.722537,8,12.361593,0.9571844407233356,0.06400000000000006,True
5.611984,5,12.376212,0.9601286004656748,0.040000000000000036,True
5.672964,6,12.392022,0.9636000008759702,0.04800000000000004,True
5.654223,7,12.410724,0.9619570384929659,0.05600000000000005,True
5.571317,7,12.566544,0.9614319787762214,0.05600000000000005,True
5.611532,4,12.578704,0.9632361907190344,0.03200000000000003,True
6.019223,9,12.602225,0.9574361353721896,0.07200000000000006,True
5.746327,6,12.621596,0.9648623875859884,0.04800000000000004,True
5.369191,4,12.633908,0.96232623969949,0.03200000000000003,True
5.73611,4,12.646368,0.9606480856538506,0.03200000000000003,True
6.005634,6,12.667098,0.9597322876361176,0.04800000000000004,True
5.743921,5,12.681867,0.9657542536112874,0.040000000000000036,True
5.664574,5,12.696358,0.9632214749449625,0.040000000000000036,True
5.547959,8,12.720146,0.960851570463601,0.06400000000000006,True
5.465935,4,13.459466,0.9645213099441147,0.03200000000000003,True
5.746312,5,13.473131,0.9591211699326669,0.040000000000000036,True
5.562813,6,13.490439,0.9623857095341868,0.04800000000000004,True
5.566589,7,13.511739,0.9596077902574245,0.05600000000000005,True
5.365386,3,13.52165,0.9654630461775261,0.02400000000000002,True
5.758856,5,13.538775,0.9651453513684431,0.040000000000000036,True
5.798507,4,13.552477,0.9612267942194122,0.03200000000000003,True
5.469293,4,13.565974,0.9665933232717848,0.03200000000000003,True
5.933904,4,13.579939,0.9673615275965137,0.03200000000000003,True
5.361908,5,13.596077,0.9656741836635665,0.040000000000000036,True
5.903964,4,13.610024,0.9626045229342708,0.03200000000000003,True
5.584501,6,13.629939,0.9658923054073005,0.04800000000000004,True
5.524119,5,13.645421,0.9575344439115027,0.040000000000000036,True
5.805323,6,13.665904,0.9595838136126336,0.04800000000000004,True
5.555199,6,13.685451,0.9604492041746416,0.04800000000000004,True
5.836075,5,13.704223,0.9640758428018052,0.040000000000000036,True
5.707057,4,13.714916,0.9630378186615274,0.03200000000000003,True
5.492709,5,13.731022,0.9617459760401353,0.040000000000000036,True
5.373408,3,13.741148,0.9593426332725503,0.02400000000000002,True
5.505569,7,13.766429,0.9588516832286592,0.05600000000000005,True
5.759078,5,13.783916,0.9617041066571845,0.040000000000000036,True
5.798807,5,13.801176,0.9597629755882586,0.040000000000000036,True
5.676078,8,13.827458,0.962749011898616,0.06400000000000006,True
5.752941,5,13.843699,0.9613188853422379,0.040000000000000036,True
5.519485,4,13.857371,0.9589631948712275,0.03200000000000003,True
5.567402,3,13.867554,0.9606558674184386,0.02400000000000002,True
5.6109,5,13.883158,0.9631299479305002,0.040000000000000036,True
5.561793,6,13.902361,0.9653578698545378,0.04800000000000004,True
5.489341,6,13.92024,0.9625967576958333,0.04800000000000004,True
5.700341,6,13.938437,0.9608381612416158,0.04800000000000004,True
5.657115,6,13.956702,0.9643108016828095,0.04800000000000004,True
6.019223,5,13.970812,0.9595691622906521,0.040000000000000036,True
5.807406,3,13.981605,0.9619927138868121,0.02400000000000002,True
5.730565,6,14.000671,0.9636014632532078,0.04800000000000004,True
6.034872,4,14.012285,0.9619340710784439,0.03200000000000003,True
5.744082,6,14.031216,0.9613852617661418,0.04800000000000004,True
5.797126,8,14.057001,0.9647294264095354,0.06400000000000006,True
5.842713,6,14.078132,0.9614432966437165,0.04800000000000004,True
5.575375,5,14.092914,0.9623294971451721,0.040000000000000036,True
5.811945,5,14.105006,0.9606741086948332,0.040000000000000036,True
5.378684,3,14.111375,0.959197017380809,0.02400000000000002,True
5.733939,5,14.122384,0.9576961927169831,0.040000000000000036,True
5.517114,6,14.134956,0.9662100980555806,0.04800000000000004,True
5.40085,9,14.15531,0.9609661569610582,0.07200000000000006,True
5.83867,7,14.169557,0.9605314029542005,0.05600000000000005,True
5.736966,6,14.182921,0.9634705576015514,0.04800000000000004,True
5.441168,6,14.195662,0.964363570372564,0.04800000000000004,True
5.820958,4,14.203157,0.9599161701360104,0.03200000000000003,True
5.376599,4,14.211768,0.964994798807689,0.03200000000000003,True
5.662584,5,14.750786,0.9593237560611299,0.040000000000000036,True
5.616829,3,14.759394,0.9602021374409891,0.02400000000000002,True
5.744632,5,14.770097,0.9618232497035346,0.040000000000000036,True
5.773869,4,14.780051,0.9626694822907517,0.03200000000000003,True
5.805934,6,14.793239,0.9695778805094666,0.04800000000000004,True
5.603368,3,14.799589,0.9570357428430818,0.02400000000000002,True
5.855713,5,14.814724,0.9579536645397415,0.040000000000000036,True
5.51405,5,14.830794,0.9638006714755213,0.040000000000000036,True
5.677562,4,14.84496,0.9571841472807457,0.03200000000000003,True
5.841453,5,14.856511,0.9575235318590106,0.040000000000000036,True
5.640741,3,14.864297,0.9605429605639969,0.02400000000000002,True
5.660549,3,14.871175,0.9593359412600749,0.02400000000000002,True
5.780833,4,14.881051,0.9623137573666243,0.03200000000000003,True
5.523463,4,14.890723,0.9587545367863118,0.03200000000000003,True
5.791955,4,14.900625,0.9603437897314177,0.03200000000000003,True
5.499501,5,14.911981,0.9615125807702206,0.040000000000000036,True
5.575667,6,14.924465,0.9591006616789359,0.04800000000000004,True
5.81281,7,14.939764,0.9632214925877282,0.05600000000000005,True
5.853551,4,14.949063,0.9637280820539804,0.03200000000000003,True
5.598777,4,14.958033,0.9578283385853511,0.03200000000000003,True
5.640144,3,14.965001,0.9586666648491554,0.02400000000000002,True
5.886107,6,14.977815,0.958361528655163,0.04800000000000004,True
5.711016,5,14.987219,0.9603661369319534,0.040000000000000036,True
5.491017,4,14.996287,0.9592862632867538,0.03200000000000003,True
5.860542,5,15.0072,0.9617386310458793,0.040000000000000036,True
5.82238,5,15.019919,0.9589960730616323,0.040000000000000036,True
5.784051,4,15.028865,0.9613098701410778,0.03200000000000003,True
5.620459,3,15.035829,0.9638539676530107,0.02400000000000002,True
5.725793,6,15.04757,0.9607989356735229,0.04800000000000004,True
5.746961,4,15.057195,0.959037221390314,0.03200000000000003,True
5.986292,7,15.073085,0.9641582868635251,0.05600000000000005,True
5.550826,5,15.085494,0.9599331668901532,0.040000000000000036,True
5.85076,5,15.097676,0.9656420734684728,0.040000000000000036,True
5.824493,5,15.109282,0.9646537159780035,0.040000000000000036,True
5.627912,4,15.117892,0.9571965805455183,0.03200000000000003,True
5.665128,6,15.131247,0.9616772792868258,0.04800000000000004,True
5.757134,4,15.139963,0.9582338985654768,0.03200000000000003,True
5.593641,4,15.14886,0.9651573867209203,0.03200000000000003,True
5.774897,5,15.161042,0.9609846123887691,0.040000000000000036,True
5.62594,5,15.172032,0.9643932887378484,0.040000000000000036,True
5.481525,4,15.181221,0.9602088337866823,0.03200000000000003,True
5.738875,6,15.195362,0.9589416203239777,0.04800000000000004,True
6.001117,5,15.206092,0.9595157129506121,0.040000000000000036,True
6.045695,6,15.219111,0.9572944452880776,0.04800000000000004,True
5.909757,5,15.230353,0.9640847320604249,0.040000000000000036,True
5.684894,5,15.242159,0.9600794857115402,0.040000000000000036,True
5.610602,6,15.254695,0.9607448031589989,0.04800000000000004,True
5.364338,7,15.268902,0.9672885281450936,0.05600000000000005,True
5.74792,4,15.276923,0.9595924924725154,0.03200000000000003,True
5.777933,5,15.289243,0.9610098446552107,0.040000000000000036,True
5.690585,3,15.296651,0.9650879115303024,0.02400000000000002,True
5.718142,5,15.307612,0.9600755933829173,0.040000000000000036,True
5.696617,3,15.314253,0.9604351299562406,0.02400000000000002,True
5.554003,4,15.323424,0.9601532920260116,0.03200000000000003,True
5.601149,5,15.334697,0.9602950344835754,0.040000000000000036,True
5.674511,9,15.901243,0.9651863108561713,0.07200000000000006,True
6.058405,6,15.916068,0.9577954311333026,0.04800000000000004,True
5.46978,5,15.927224,0.9637182442398835,0.040000000000000036,True
5.496376,5,15.939265,0.961176972953719,0.040000000000000036,True
5.640374,5,15.950273,0.9602908933056599,0.040000000000000036,True
5.775071,6,15.963793,0.9619531746793476,0.04800000000000004,True
5.865771,5,15.974188,0.956507752363018,0.040000000000000036,True
5.752637,7,15.989613,0.964143188494174,0.05600000000000005,True
5.426761,5,16.000868,0.9620189673722963,0.040000000000000036,True
5.758511,4,16.01028,0.9590544462559955,0.03200000000000003,True
5.592563,5,16.021233,0.9601553940229866,0.040000000000000036,True
5.704199,5,16.032629,0.9622912425609211,0.040000000000000036,True
5.540181,4,16.041202,0.9655857102032899,0.03200000000000003,True
5.611859,3,16.049062,0.9592132894461232,0.02400000000000002,True
5.349767,6,16.062016,0.9570425126354756,0.04800000000000004,True
5.660632,4,16.072958,0.9603320657561686,0.03200000000000003,True
5.793303,3,16.078999,0.9655628665681634,0.02400000000000002,True
5.784162,7,16.096684,0.9656478734502201,0.05600000000000005,True
5.564878,4,16.105416,0.9641273036830924,0.03200000000000003,True
5.756415,6,16.118599,0.9581071569461835,0.04800000000000004,True
6.068242,5,16.128718,0.9609795733903547,0.040000000000000036,True
5.831965,4,16.139789,0.964445502129679,0.03200000000000003,True
5.39029,5,16.150912,0.9647599818318442,0.040000000000000036,True
5.666245,3,16.158757,0.9583229563035157,0.02400000000000002,True
5.669462,3,16.165199,0.9596836159786011,0.02400000000000002,True
5.640934,5,16.176525,0.9642500277072729,0.040000000000000036,True
5.632022,2,16.181757,0.9677521690010946,0.016000000000000014,True
5.806692,6,16.194338,0.9589940421408377,0.04800000000000004,True
5.444246,3,16.202041,0.9591315185826943,0.02400000000000002,True
5.48071,6,16.216755,0.9621915098352417,0.04800000000000004,True
5.692682,5,16.229733,0.9612312453350033,0.040000000000000036,True
5.799438,5,16.242033,0.9588555613488556,0.040000000000000036,True
5.785961,3,16.248996,0.9615627015146344,0.02400000000000002,True
5.596892,5,16.259974,0.9584130786619568,0.040000000000000036,True
5.565996,4,16.269301,0.9612571257998118,0.03200000000000003,True
5.657206,4,16.27861,0.9581071608567555,0.03200000000000003,True
5.615102,5,16.291153,0.9635759738174949,0.040000000000000036,True
5.565815,3,16.29861,0.9594728223686777,0.02400000000000002,True
5.77786,5,16.309282,0.9577432245630573,0.040000000000000036,True
5.52259,4,16.318835,0.9607992143925179,0.03200000000000003,True
5.602226,4,16.327975,0.9624098528643127,0.03200000000000003,True
5.745921,5,16.338743,0.9638991409027379,0.040000000000000036,True
5.765274,5,16.350118,0.9595554734850753,0.040000000000000036,True
5.833337,4,16.360107,0.9565338548786473,0.03200000000000003,True
5.379621,3,16.36638,0.9590207512604234,0.02400000000000002,True
5.844577,5,16.378219,0.9594328471964876,0.040000000000000036,True
5.336875,5,16.389162,0.9573079540855552,0.040000000000000036,True
5.491727,6,16.401455,0.9588527723336091,0.04800000000000004,True
5.74397,4,16.41141,0.9594383333643298,0.03200000000000003,True
5.627941,4,16.421181,0.959991238630439,0.03200000000000003,True
5.486925,4,16.430405,0.9600066992189968,0.03200000000000003,True
5.767138,5,16.44259,0.963959240126204,0.040000000000000036,True
5.807288,5,16.453202,0.9629948484442017,0.040000000000000036,True
5.711419,5,16.464192,0.964519009310121,0.040000000000000036,True
5.664359,5,16.475426,0.961157389207502,0.040000000000000036,True
5.524801,4,17.033798,0.9590861313828065,0.03200000000000003,True
5.780502,4,17.042688,0.9592870496847024,0.03200000000000003,True
5.716845,4,17.050963,0.9679656272690798,0.03200000000000003,True
5.745793,4,17.060107,0.9568739268738596,0.03200000000000003,True
6.047358,5,17.073506,0.9634628189884658,0.040000000000000036,True
5.776785,4,17.082641,0.9612999933049744,0.03200000000000003,True
5.835285,4,17.090861,0.9638322668958879,0.03200000000000003,True
5.676716,4,17.100816,0.9613812152133911,0.03200000000000003,True
5.910575,4,17.109807,0.960199247360447,0.03200000000000003,True
5.54167,4,17.118928,0.9568895787270715,0.03200000000000003,True
5.847954,5,17.130219,0.9603450115517702,0.040000000000000036,True
5.810545,5,17.142024,0.9655188722490837,0.040000000000000036,True
5.638799,4,17.150434,0.9641449223288809,0.03200000000000003,True
5.92111,5,17.165854,0.9634747897000261,0.040000000000000036,True
5.632201,4,17.17987,0.9597187092065333,0.03200000000000003,True
5.59266,4,17.188388,0.9625175284749797,0.03200000000000003,True
5.577559,5,17.20054,0.9657397654515227,0.040000000000000036,True
5.935496,4,17.209895,0.9635320898140368,0.03200000000000003,True
5.500532,3,17.217411,0.958121196421754,0.02400000000000002,True
6.098553,4,17.22639,0.9619268176404802,0.03200000000000003,True
5.763815,4,17.235854,0.9609682536587247,0.03200000000000003,True
5.770091,6,17.248195,0.9660854415369521,0.04800000000000004,True
5.833828,6,17.261322,0.9585339887432318,0.04800000000000004,True
5.606192,6,17.274471,0.9624858802850247,0.04800000000000004,True
5.614795,4,17.283857,0.9593285526338561,0.03200000000000003,True
5.519978,4,17.291753,0.9640241442204829,0.03200000000000003,True
5.412652,8,17.309997,0.9602363826813954,0.06400000000000006,True
5.853183,5,17.321272,0.9589697472540882,0.040000000000000036,True
5.582547,4,17.334603,0.9615900730992875,0.03200000000000003,True
5.808812,5,17.346347,0.9595303240750985,0.040000000000000036,True
5.738879,5,17.357949,0.9605514981942227,0.040000000000000036,True
5.598913,5,17.368936,0.9618988062530672,0.040000000000000036,True
5.770691,5,17.379852,0.9595508363771356,0.040000000000000036,True
5.783067,4,17.389153,0.959685978169907,0.03200000000000003,True
5.76987,5,17.400062,0.961432220929349,0.040000000000000036,True
5.499295,4,17.409361,0.9578978368821716,0.03200000000000003,True
5.893974,4,17.41802,0.9583591455370293,0.03200000000000003,True
5.679952,6,17.431714,0.9642523749539557,0.04800000000000004,True
5.732068,5,17.443291,0.9611134385628052,0.040000000000000036,True
5.654107,4,17.452721,0.960101206219941,0.03200000000000003,True
5.441663,3,17.459844,0.9650919014297555,0.02400000000000002,True
5.594602,6,17.473131,0.9582186393115093,0.04800000000000004,True
5.717534,7,17.488411,0.9605643944060693,0.05600000000000005,True
5.97578,4,17.497896,0.9663766597622685,0.03200000000000003,True
5.616395,4,17.505745,0.9584927965494765,0.03200000000000003,True
5.479054,3,17.513458,0.9618880935224392,0.02400000000000002,True
5.497519,3,17.526164,0.9612964405394204,0.02400000000000002,True
5.822137,3,17.536217,0.9618848935090616,0.02400000000000002,True
5.796217,5,17.549498,0.9634508676408138,0.040000000000000036,True
5.872788,5,17.560915,0.9625691849940821,0.040000000000000036,True
5.470089,3,17.567756,0.958591406347092,0.02400000000000002,True
5.786795,3,17.574692,0.957900492615067,0.02400000000000002,True
5.714172,6,17.590692,0.962814971441775,0.04800000000000004,True
5.746794,5,17.601522,0.957940495162132,0.040000000000000036,True
5.725672,4,17.610788,0.95989913441375,0.03200000000000003,True
5.845856,5,17.623052,0.9612171606838127,0.040000000000000036,True
5.771238,4,17.632071,0.9654334206775965,0.03200000000000003,True
5.634515,4,18.168532,0.9702800167763865,0.03200000000000003,True
5.653725,5,18.179463,0.9615610075834854,0.040000000000000036,True
5.507215,5,18.190593,0.9713415882073431,0.040000000000000036,True
5.461163,3,18.197372,0.960081021699561,0.02400000000000002,True
5.694339,4,18.206573,0.9641481449162146,0.03200000000000003,True
5.972086,5,18.218262,0.9620303890573896,0.040000000000000036,True
5.746669,4,18.226715,0.9639668685090652,0.03200000000000003,True
5.579642,3,18.234438,0.9626595034847154,0.02400000000000002,True
5.771114,6,18.247747,0.9619989010640431,0.04800000000000004,True
5.749537,5,18.258458,0.9587201616872468,0.040000000000000036,True
5.727964,6,18.277481,0.9606204971644872,0.04800000000000004,True
5.644992,5,18.290867,0.9598824150293701,0.040000000000000036,True
5.746353,4,18.299496,0.9589768667190957,0.03200000000000003,True
5.64252,3,18.306455,0.9624304880440929,0.02400000000000002,True
5.536433,5,18.319006,0.9588234184536397,0.040000000000000036,True
5.509446,5,18.33009,0.9617824448179108,0.040000000000000036,True
5.895824,4,18.33868,0.9599360343416392,0.03200000000000003,True
5.621645,4,18.347497,0.9610421908864761,0.03200000000000003,True
5.81219,5,18.358747,0.9618721366994512,0.040000000000000036,True
5.771435,4,18.368239,0.961405046672121,0.03200000000000003,True
5.634255,4,18.377644,0.9605997131069951,0.03200000000000003,True
6.005758,4,18.386657,0.9577854537453921,0.03200000000000003,True
5.551028,3,18.393251,0.9597531999380663,0.02400000000000002,True
5.729952,4,18.402246,0.9612942786150589,0.03200000000000003,True
5.680591,3,18.408686,0.95925111214672,0.02400000000000002,True
5.622894,4,18.418404,0.961311118602459,0.03200000000000003,True
5.566904,4,18.427957,0.9620648412382959,0.03200000000000003,True
5.456921,3,18.435027,0.9568182944140238,0.02400000000000002,True
5.551812,6,18.448501,0.958081538813353,0.04800000000000004,True
5.589001,4,18.457778,0.959370230966727,0.03200000000000003,True
5.856265,5,18.468091,0.9607657779006331,0.040000000000000036,True
5.984215,4,18.477636,0.961338471043933,0.03200000000000003,True
5.623907,4,18.487273,0.9598860561076819,0.03200000000000003,True
5.641898,3,18.494127,0.9629145243071167,0.02400000000000002,True
5.415749,3,18.502484,0.9607044326873014,0.02400000000000002,True
5.547002,5,18.513996,0.9611169913499918,0.040000000000000036,True
5.81387,4,18.523453,0.9604328935454327,0.03200000000000003,True
5.627222,3,18.530954,0.9598951249671515,0.02400000000000002,True
5.580719,3,18.538237,0.9640236648648632,0.02400000000000002,True
5.580782,5,18.548542,0.9641256458572394,0.040000000000000036,True
5.49789,3,18.630375,0.962913062782335,0.02400000000000002,True
5.657828,4,18.6388,0.964031670932162,0.03200000000000003,True
5.793967,5,18.651513,0.9646333400815287,0.040000000000000036,True
5.834922,4,18.660641,0.959053502664621,0.03200000000000003,True
5.6977,5,18.672565,0.9614797919206088,0.040000000000000036,True
5.53943,3,18.680033,0.9596135106933328,0.02400000000000002,True
5.524989,4,18.692497,0.9592009111874724,0.03200000000000003,True
5.509648,5,18.709224,0.9633057794322708,0.040000000000000036,True
5.698238,3,18.718282,0.9595198810989695,0.02400000000000002,True
5.482317,4,18.734523,0.9615734379775999,0.03200000000000003,True
5.584238,5,18.749329,0.9656590055695254,0.040000000000000036,True
5.448864,3,18.759585,0.9644007839423959,0.02400000000000002,True
5.731167,5,18.775009,0.9619491175711379,0.040000000000000036,True
5.37848,4,18.786772,0.9637687635560017,0.03200000000000003,True
5.622694,5,18.80056,0.9609742692708441,0.040000000000000036,True
5.827174,5,18.814752,0.9606274041716079,0.040000000000000036,True
5.416478,4,18.823593,0.9607374417299295,0.03200000000000003,True
5.618488,4,18.833155,0.9572322188905749,0.03200000000000003,True
5.894582,3,18.839994,0.9628616921530071,0.02400000000000002,True
5.977947,4,18.849035,0.9568717735339315,0.03200000000000003,True
5.766729,5,18.859899,0.9588691248981767,0.040000000000000036,True
5.529951,6,19.425734,0.9608571722580475,0.04800000000000004,True
5.741412,4,19.434603,0.9619902496467634,0.03200000000000003,True
5.674093,5,19.447919,0.9577662392318069,0.040000000000000036,True
5.691933,5,19.458887,0.9636308384856109,0.040000000000000036,True
5.573798,3,19.466613,0.9583654531556367,0.02400000000000002,True
5.793616,4,19.475292,0.9628820385379635,0.03200000000000003,True
5.848775,5,19.487201,0.9583466913676426,0.040000000000000036,True
5.489084,5,19.499447,0.9587413785239898,0.040000000000000036,True
5.558631,3,19.506628,0.9641926485388582,0.02400000000000002,True
5.703202,5,19.51918,0.9601196714828785,0.040000000000000036,True
5.742323,3,19.525966,0.9606662378536542,0.02400000000000002,True
5.493465,5,19.536809,0.9595444752810822,0.040000000000000036,True
5.706355,5,19.548082,0.9610641476465732,0.040000000000000036,True
5.588175,5,19.559781,0.9582843825997953,0.040000000000000036,True
5.512508,3,19.565889,0.9593533206214662,0.02400000000000002,True
5.645491,5,19.577717,0.9585839512771677,0.040000000000000036,True
5.717989,4,19.587989,0.9647810190999635,0.03200000000000003,True
5.437774,5,19.59967,0.9583050120037075,0.040000000000000036,True
5.858434,5,19.613099,0.9609424005905092,0.040000000000000036,True
5.467068,4,19.623457,0.9624875240226691,0.03200000000000003,True
5.75946,5,19.636447,0.9625039842549453,0.040000000000000036,True
5.815572,4,19.645259,0.9561507044295314,0.03200000000000003,True
5.81318,4,19.654676,0.9645524485905828,0.03200000000000003,True
5.818066,4,19.663444,0.9562119233581743,0.03200000000000003,True
5.604817,4,19.672493,0.9628154997770572,0.03200000000000003,True
5.673286,3,19.678101,0.9615378595546455,0.02400000000000002,True
5.60372,4,19.687287,0.9630274174097652,0.03200000000000003,True
5.726742,6,19.701546,0.9653142250165465,0.04800000000000004,True
5.510778,4,19.710625,0.9637980753379699,0.03200000000000003,True
5.819931,4,19.720987,0.9662232040479255,0.03200000000000003,True
5.70976,4,19.730367,0.9606213681955287,0.03200000000000003,True
5.709951,5,19.742244,0.9643102515411983,0.040000000000000036,True
5.792428,5,19.753891,0.9597059901217153,0.040000000000000036,True
5.677957,5,19.76575,0.9588454107929558,0.040000000000000036,True
5.477538,3,19.772665,0.9599516343988197,0.02400000000000002,True
5.707484,4,19.781627,0.9605307315206446,0.03200000000000003,True
5.43469,4,19.791148,0.9604457129616726,0.03200000000000003,True
5.65675,4,19.800203,0.9581626515753137,0.03200000000000003,True
5.955592,4,19.808624,0.9583897914234787,0.03200000000000003,True
5.558024,4,19.818237,0.960488266603913,0.03200000000000003,True
5.865524,4,19.827509,0.960569097493976,0.03200000000000003,True
5.62874,5,19.838625,0.9612401491515852,0.040000000000000036,True
5.636096,5,19.850747,0.96379494030312,0.040000000000000036,True
5.648323,3,19.856068,0.961941719174195,0.02400000000000002,True
5.7394,3,19.863393,0.9631332192640708,0.02400000000000002,True
6.077689,3,19.870938,0.9608137034048612,0.02400000000000002,True
5.401968,3,19.877275,0.9618228279240009,0.02400000000000002,True
5.698023,5,19.888593,0.961894507513207,0.040000000000000036,True
5.80608,5,19.900163,0.9638155337430931,0.040000000000000036,True
5.432912,4,19.90955,0.9613256257467244,0.03200000000000003,True
5.410784,5,19.920638,0.9592308719230696,0.040000000000000036,True
5.70994,3,19.928646,0.9637406677227454,0.02400000000000002,True
5.440714,4,19.938264,0.9635806280682182,0.03200000000000003,True
5.795044,5,19.949395,0.9592887239626032,0.040000000000000036,True
5.695845,5,19.96175,0.9587865730595293,0.040000000000000036,True
5.639037,5,19.972966,0.9565510411731051,0.040000000000000036,True
5.882656,5,19.985235,0.961136959843945,0.040000000000000036,True
5.967172,5,19.997138,0.9637003073640735,0.040000000000000036,True
5.734699,4,20.005633,0.9614058057202124,0.03200000000000003,True
5.660799,3,20.017359,0.967039857679347,0.02400000000000002,True
5.636452,5,20.547553,0.9639035604932642,0.040000000000000036,True
5.337098,2,20.55199,0.9611709430179802,0.016000000000000014,True
5.368394,3,20.55977,0.9642899644618156,0.02400000000000002,True
5.711854,4,20.568555,0.9573270637476126,0.03200000000000003,True
5.492474,4,20.577679,0.9577085813044428,0.03200000000000003,True
5.666904,5,20.589337,0.961758349603141,0.040000000000000036,True
5.930607,4,20.603328,0.9589198608871581,0.03200000000000003,True
5.446323,4,20.615624,0.9617010115456421,0.03200000000000003,True
5.482,4,20.626007,0.9613850336051724,0.03200000000000003,True
5.776321,5,20.638239,0.9599076940254225,0.040000000000000036,True
5.888232,5,20.64875,0.9653150789938054,0.040000000000000036,True
5.640233,5,20.660086,0.9596122716490937,0.040000000000000036,True
5.577891,4,20.669443,0.9597589919696257,0.03200000000000003,True
5.757819,5,20.680473,0.9609445293190977,0.040000000000000036,True
5.84517,4,20.690162,0.9597729301563952,0.03200000000000003,True
5.534814,3,20.697591,0.9593281466622914,0.02400000000000002,True
5.45353,4,20.706935,0.9637963845175308,0.03200000000000003,True
5.452679,4,20.716352,0.9611625857304171,0.03200000000000003,True
5.697138,5,20.726817,0.9639224268498894,0.040000000000000036,True
5.421764,5,20.737561,0.961339956263402,0.040000000000000036,True
5.738308,4,20.747363,0.9592111275555275,0.03200000000000003,True
6.055512,4,20.757145,0.9657430260817406,0.03200000000000003,True
5.506102,3,20.764317,0.9602828496455407,0.02400000000000002,True
5.755764,4,20.773643,0.9632345832889313,0.03200000000000003,True
5.944027,4,20.782511,0.9622553159409395,0.03200000000000003,True
6.078917,5,20.792929,0.9645689656274521,0.040000000000000036,True
5.800812,5,20.804779,0.959356495819106,0.040000000000000036,True
5.516929,4,20.813959,0.9626136765299125,0.03200000000000003,True
5.729391,3,20.821987,0.9629534350293356,0.02400000000000002,True
5.321083,2,20.826034,0.9626656611036917,0.016000000000000014,True
5.647648,2,20.832049,0.958522707855657,0.016000000000000014,True
5.782173,4,20.841102,0.9595429303744893,0.03200000000000003,True
5.643573,3,20.848413,0.9573250497459669,0.02400000000000002,True
5.503139,3,20.854498,0.9613103635989055,0.02400000000000002,True
5.937687,4,20.864541,0.9600738269598441,0.03200000000000003,True
5.512851,4,20.8771,0.9610849706681804,0.03200000000000003,True
5.453363,3,20.88387,0.9591419820267728,0.02400000000000002,True
5.570856,6,20.898361,0.9644133889334993,0.04800000000000004,True
5.567937,4,20.908428,0.9603511261452942,0.03200000000000003,True
5.45069,3,20.916895,0.9628761817119322,0.02400000000000002,True
5.523497,4,20.927281,0.9585898025880835,0.03200000000000003,True
5.818176,7,20.943191,0.9664233564446488,0.05600000000000005,True
5.624265,3,20.9508,0.9572367112335455,0.02400000000000002,True
5.447333,3,20.958429,0.9575414651316736,0.02400000000000002,True
6.007225,5,20.970817,0.9600628614891251,0.040000000000000036,True
5.706648,3,20.978093,0.9614048733986574,0.02400000000000002,True
5.566808,4,20.986922,0.9613319629640701,0.03200000000000003,True
5.561548,7,21.003767,0.9583311202574994,0.05600000000000005,True
5.77335,4,21.012638,0.9580255568273149,0.03200000000000003,True
5.787876,5,21.023316,0.9617484406895646,0.040000000000000036,True
5.588872,4,21.032865,0.9567901540263741,0.03200000000000003,True
5.464294,3,21.039854,0.9598190170243086,0.02400000000000002,True
5.953379,4,21.054276,0.9625852340337024,0.03200000000000003,True
5.731301,4,21.068704,0.9572842897031525,0.03200000000000003,True
5.73901,4,21.081544,0.961495277058532,0.03200000000000003,True
5.816477,4,21.092547,0.9645212348583543,0.03200000000000003,True
5.381842,3,21.100289,0.9586297754178541,0.02400000000000002,True
5.374775,3,21.107319,0.961970701792665,0.02400000000000002,True
5.517499,5,21.119095,0.9632623666058662,0.040000000000000036,True
5.360041,3,21.126582,0.9563536926974945,0.02400000000000002,True
5.44147,4,21.13581,0.9618775410147024,0.03200000000000003,True
5.620131,4,21.143907,0.9634982179084537,0.03200000000000003,True
5.747485,3,21.151497,0.9573445145868875,0.02400000000000002,True
5.464862,3,21.158751,0.9614853346885415,0.02400000000000002,True
5.819925,3,21.165634,0.962009998148796,0.02400000000000002,True
5.427958,3,21.685513,0.9598914748894731,0.02400000000000002,True
5.481085,3,21.693608,0.9614332268661547,0.02400000000000002,True
5.952839,4,21.703387,0.9657696691104036,0.03200000000000003,True
5.793356,4,21.712795,0.9614388199353706,0.03200000000000003,True
5.788828,4,21.721737,0.9623272605114488,0.03200000000000003,True
5.643379,4,21.730639,0.9595571854177594,0.03200000000000003,True
5.762822,4,21.740318,0.9629296810183424,0.03200000000000003,True
5.750243,4,21.749219,0.9608013968362122,0.03200000000000003,True
5.709062,4,21.758295,0.9607538744938138,0.03200000000000003,True
5.8287,4,21.767662,0.9608047964267226,0.03200000000000003,True
5.78385,4,21.777641,0.9638861774006686,0.03200000000000003,True
5.698421,5,21.788406,0.9640333885044415,0.040000000000000036,True
5.54605,4,21.798043,0.9608928886094585,0.03200000000000003,True
5.576133,4,21.807326,0.9578586024059096,0.03200000000000003,True
5.681605,4,21.816818,0.9630715475306961,0.03200000000000003,True
5.926798,4,21.825872,0.9629559783854,0.03200000000000003,True
5.727799,3,21.832542,0.9623258205597571,0.02400000000000002,True
6.003905,4,21.841982,0.9617030888121372,0.03200000000000003,True
5.876824,3,21.848052,0.9598148559869851,0.02400000000000002,True
5.690055,5,21.859106,0.9590854277363039,0.040000000000000036,True
5.858742,5,21.869728,0.9579257494811493,0.040000000000000036,True
5.429584,3,21.876907,0.960647060888185,0.02400000000000002,True
5.511722,3,21.884781,0.9618763251059241,0.02400000000000002,True
5.815569,5,21.89562,0.9571492751805387,0.040000000000000036,True
5.559714,4,21.905279,0.9592921118121691,0.03200000000000003,True
5.78838,4,21.915009,0.9618601206976691,0.03200000000000003,True
5.995526,4,21.923916,0.961568394804883,0.03200000000000003,True
5.42332,3,21.930502,0.9628085455541026,0.02400000000000002,True
5.871887,4,21.940264,0.9595032998840669,0.03200000000000003,True
5.961223,6,21.952945,0.9619961835042945,0.04800000000000004,True
6.045133,4,21.961248,0.959560571436835,0.03200000000000003,True
5.587947,6,21.975279,0.9639103771263982,0.04800000000000004,True
5.726583,4,21.98366,0.9602033609167953,0.03200000000000003,True
5.651198,3,21.990882,0.9603931762919657,0.02400000000000002,True
6.049577,5,22.002858,0.9577509859679763,0.040000000000000036,True
5.64237,4,22.012544,0.9632736291885717,0.03200000000000003,True
5.810285,4,22.02172,0.9661136524539097,0.03200000000000003,True
5.655411,4,22.030712,0.9599434541054102,0.03200000000000003,True
5.633731,5,22.042179,0.9631072797386285,0.040000000000000036,True
5.692368,4,22.050597,0.9574227489122742,0.03200000000000003,True
5.407407,4,22.060531,0.9588564382723604,0.03200000000000003,True
5.512533,3,22.068114,0.9617012808303744,0.02400000000000002,True
5.75643,3,22.076459,0.9622375235435088,0.02400000000000002,True
5.451898,4,22.087818,0.959503799783604,0.03200000000000003,True
5.574445,4,22.101526,0.9566787111185517,0.03200000000000003,True
5.588903,4,22.115821,0.960059826153415,0.03200000000000003,True
5.42768,3,22.123634,0.957754157470063,0.02400000000000002,True
5.801042,4,22.133396,0.9617500912476061,0.03200000000000003,True
5.490013,4,22.142951,0.9651471553348361,0.03200000000000003,True
5.609861,4,22.152041,0.9655586537677651,0.03200000000000003,True
5.850271,5,22.162809,0.9652325795313572,0.040000000000000036,True
5.676249,3,22.17092,0.9625226721324351,0.02400000000000002,True
5.793274,5,22.183083,0.9626353811274346,0.040000000000000036,True
5.733751,5,22.194001,0.959836838720245,0.040000000000000036,True
5.637654,5,22.206374,0.9625316465305638,0.040000000000000036,True
5.732105,4,22.21587,0.9650655989315426,0.03200000000000003,True
5.653735,4,22.224726,0.9585650469782174,0.03200000000000003,True
5.768222,4,22.233779,0.9598079282654037,0.03200000000000003,True
5.727487,5,22.245022,0.9611211061162364,0.040000000000000036,True
5.664876,4,22.25576,0.9611714445957986,0.03200000000000003,True
5.747284,5,22.266756,0.9576930409172251,0.040000000000000036,True
5.694428,5,22.278186,0.9601755769956839,0.040000000000000036,True
5.70445,5,22.828002,0.9626201117677325,0.040000000000000036,True
5.468304,4,22.838145,0.9613140251395695,0.03200000000000003,True
5.909589,3,22.84521,0.9574945240210938,0.02400000000000002,True
5.753869,5,22.855926,0.959731744008191,0.040000000000000036,True
5.76124,5,22.867057,0.9620812013452856,0.040000000000000036,True
5.629988,4,22.876742,0.9562507519611917,0.03200000000000003,True
5.743021,5,22.88787,0.9588413290093666,0.040000000000000036,True
5.771008,5,22.898873,0.9667954017900767,0.040000000000000036,True
6.000627,5,22.909998,0.9600125212020718,0.040000000000000036,True
5.659181,5,22.922908,0.9610643110305521,0.040000000000000036,True
5.777471,4,22.932782,0.9594447215248569,0.03200000000000003,True
5.598368,3,22.940044,0.9616367278989062,0.02400000000000002,True
5.365491,4,22.950644,0.9609865188768536,0.03200000000000003,True
5.594688,3,22.958068,0.96502195077437,0.02400000000000002,True
6.039815,4,22.968072,0.9606882308470629,0.03200000000000003,True
5.740137,3,22.974915,0.9676683732516145,0.02400000000000002,True
5.584751,4,22.98495,0.9591818545375135,0.03200000000000003,True
5.836447,5,22.997379,0.9635345738345038,0.040000000000000036,True
5.64295,4,23.007655,0.9605885606138307,0.03200000000000003,True
5.666797,4,23.016737,0.9634976885343616,0.03200000000000003,True
5.844322,3,23.023825,0.9610797141280442,0.02400000000000002,True
5.619037,5,23.036765,0.9655095497039922,0.040000000000000036,True
5.53203,4,23.044468,0.9619379061749248,0.03200000000000003,True
5.727989,4,23.054179,0.9631598823773742,0.03200000000000003,True
5.962969,3,23.061486,0.9633009929693923,0.02400000000000002,True
5.645255,3,23.068888,0.9565117217880084,0.02400000000000002,True
5.822616,4,23.07846,0.962347252329312,0.03200000000000003,True
5.876278,4,23.088091,0.9622502090304177,0.03200000000000003,True
5.672169,4,23.09761,0.9611018557792971,0.03200000000000003,True
5.705977,4,23.106441,0.9636267987926703,0.03200000000000003,True
5.749517,5,23.117683,0.9596043686918241,0.040000000000000036,True
5.414107,4,23.130711,0.9618161078413117,0.03200000000000003,True
5.566806,4,23.144076,0.9591796150374508,0.03200000000000003,True
5.743762,5,23.158591,0.9604841206919291,0.040000000000000036,True
5.657734,4,23.16758,0.9575302681305426,0.03200000000000003,True
5.685629,4,23.177423,0.9612723339883631,0.03200000000000003,True
5.380746,4,23.186565,0.960255784273679,0.03200000000000003,True
5.915895,5,23.197952,0.9629761839929125,0.040000000000000036,True
5.657952,3,23.204481,0.9571084692369991,0.02400000000000002,True
5.835708,4,23.214901,0.9593729486688735,0.03200000000000003,True
5.416838,4,23.223068,0.9613972454265091,0.03200000000000003,True
6.033734,4,23.231914,0.9667674692643262,0.03200000000000003,True
5.549877,3,23.240072,0.9614581527919372,0.02400000000000002,True
5.771312,5,23.251775,0.9621542373566818,0.040000000000000036,True
5.954998,5,23.263645,0.9602273366136667,0.040000000000000036,True
5.394968,5,23.274513,0.957719162266699,0.040000000000000036,True
5.895284,4,23.285179,0.9593015998788557,0.03200000000000003,True
5.477446,6,23.300716,0.9631213709305675,0.04800000000000004,True
5.694429,3,23.309125,0.9605487417523495,0.02400000000000002,True
5.835516,4,23.31973,0.9599921602628978,0.03200000000000003,True
5.967172,4,23.328927,0.960237726193992,0.03200000000000003,True
5.645233,5,23.340102,0.9607473697308138,0.040000000000000036,True
5.517712,4,23.349222,0.96231609745385,0.03200000000000003,True
5.645429,4,23.359194,0.9621183895515772,0.03200000000000003,True
5.407022,3,23.366015,0.9615034381763516,0.02400000000000002,True
5.812863,4,23.374955,0.9577135853943161,0.03200000000000003,True
5.804524,4,23.383105,0.9595599341808267,0.03200000000000003,True
5.445404,5,23.39512,0.9591772553739952,0.040000000000000036,True
5.567687,4,23.404106,0.9628744688369939,0.03200000000000003,True
5.846656,4,23.414377,0.964220348120783,0.03200000000000003,True
5.648813,3,23.421834,0.9611722102024749,0.02400000000000002,True
5.541459,4,23.431188,0.9608505500083492,0.03200000000000003,True
5.82815,5,23.442805,0.9566845226908642,0.040000000000000036,True
5.864411,4,23.980397,0.968527487876359,0.03200000000000003,True
5.880624,4,23.989676,0.9566638195551469,0.03200000000000003,True
5.638001,4,24.000156,0.9690458483084529,0.03200000000000003,True
5.545216,3,24.00755,0.9637023278939044,0.02400000000000002,True
5.436132,4,24.016024,0.9594684515000602,0.03200000000000003,True
5.570609,4,24.025761,0.9614911030592997,0.03200000000000003,True
5.481159,4,24.035048,0.9591908471536628,0.03200000000000003,True
5.641652,4,24.045587,0.9591686068679302,0.03200000000000003,True
5.688828,3,24.052774,0.9611398991567746,0.02400000000000002,True
5.915569,4,24.062623,0.9641510399370068,0.03200000000000003,True
5.781762,4,24.072652,0.9605675990356322,0.03200000000000003,True
5.713117,5,24.084731,0.9614684443881539,0.040000000000000036,True
6.011477,5,24.106163,0.9620651311282393,0.040000000000000036,True
5.591453,5,24.12199,0.9596099087727173,0.040000000000000036,True
5.434969,4,24.135715,0.9643967685268879,0.03200000000000003,True
5.629197,3,24.147103,0.9635829494063799,0.02400000000000002,True
5.649516,4,24.162149,0.9608581023093186,0.03200000000000003,True
5.678536,3,24.174567,0.9593791953861978,0.02400000000000002,True
5.771142,4,24.190125,0.9623483353647759,0.03200000000000003,True
5.73938,3,24.203558,0.9598418317321192,0.02400000000000002,True
5.565553,4,24.218381,0.9604089631243589,0.03200000000000003,True
5.76839,4,24.234527,0.9609698754676388,0.03200000000000003,True
5.666916,5,24.251537,0.9591081392416001,0.040000000000000036,True
5.483394,5,24.267323,0.9630662369811165,0.040000000000000036,True
5.64774,4,24.280528,0.9566959375862472,0.03200000000000003,True
5.741404,5,24.298256,0.9626740977044516,0.040000000000000036,True
5.32992,3,24.307593,0.9578195947398838,0.02400000000000002,True
5.447178,4,24.32079,0.9635628326224187,0.03200000000000003,True
5.851756,5,24.334551,0.9569767637384802,0.040000000000000036,True
5.924904,4,24.346399,0.9565600815396064,0.03200000000000003,True
5.836637,4,24.358487,0.9589978869654208,0.03200000000000003,True
5.884791,4,24.370842,0.9595000446749684,0.03200000000000003,True
5.679904,4,24.384455,0.960817769106289,0.03200000000000003,True
5.500246,5,24.523732,0.9615667492402951,0.040000000000000036,True
5.471056,3,24.533396,0.9596438299195623,0.02400000000000002,True
5.847186,5,24.54789,0.9584491286275717,0.040000000000000036,True
5.707978,3,24.557429,0.9594779114848868,0.02400000000000002,True
5.698981,5,24.57289,0.9636925900095319,0.040000000000000036,True
5.481693,5,24.58776,0.9581533801768349,0.040000000000000036,True
5.367426,4,24.600016,0.9595743276060645,0.03200000000000003,True
5.77663,4,24.613877,0.9583314433390889,0.03200000000000003,True
5.914214,3,24.625478,0.9621613162957878,0.02400000000000002,True
5.865867,4,24.638905,0.9626213563523474,0.03200000000000003,True
5.669037,3,24.647422,0.9591186989080821,0.02400000000000002,True
5.64405,5,24.66152,0.9575863718552862,0.040000000000000036,True
5.686448,3,24.67017,0.9633011010974021,0.02400000000000002,True
5.630653,4,24.682553,0.9681235908444568,0.03200000000000003,True
5.69562,5,24.696698,0.9601542579105744,0.040000000000000036,True
5.49231,4,24.708806,0.9587595311864089,0.03200000000000003,True
5.82829,4,24.719562,0.9625709867085549,0.03200000000000003,True
5.704757,4,24.731187,0.9620854432010908,0.03200000000000003,True
5.456374,3,24.74156,0.9657431829524434,0.02400000000000002,True
5.672009,4,24.753474,0.9573702109213417,0.03200000000000003,True
5.801001,4,24.765871,0.9579826803830992,0.03200000000000003,True
5.492586,4,24.777726,0.9583702965278756,0.03200000000000003,True
5.424551,4,24.792336,0.9607752499656272,0.03200000000000003,True
5.582951,4,24.803817,0.9611583108527821,0.03200000000000003,True
5.673849,4,24.815828,0.9587809958069953,0.03200000000000003,True
5.853515,5,24.829896,0.9608798263624687,0.040000000000000036,True
5.551963,5,24.844253,0.9591403814930703,0.040000000000000036,True
5.496408,4,24.856409,0.9572609148629541,0.03200000000000003,True
5.695489,3,24.866201,0.9649744072799835,0.02400000000000002,True
5.900508,4,24.877693,0.9599952656647717,0.03200000000000003,True
5.685613,5,25.598852,0.9609449480932986,0.040000000000000036,True
5.653142,4,25.613183,0.9619650060462621,0.03200000000000003,True
5.714994,5,25.631283,0.9578176950004963,0.040000000000000036,True
5.807925,4,25.645749,0.9601701643176535,0.03200000000000003,True
5.775457,5,25.665545,0.9595238328106036,0.040000000000000036,True
5.770574,5,25.682577,0.9615151952712839,0.040000000000000036,True
5.775143,5,25.697562,0.9587767555079145,0.040000000000000036,True
5.511924,4,25.710853,0.9587883473271643,0.03200000000000003,True
5.558003,3,25.721111,0.9636820034518645,0.02400000000000002,True
5.630116,4,25.733116,0.9639450632164821,0.03200000000000003,True
5.672372,3,25.74276,0.958872357535619,0.02400000000000002,True
5.849763,5,25.758037,0.9563532675011898,0.040000000000000036,True
5.562563,5,25.777263,0.9583088776568581,0.040000000000000036,True
5.655565,5,25.793051,0.956787115331745,0.040000000000000036,True
5.693333,5,25.807917,0.9590432719435732,0.040000000000000036,True
5.85996,3,25.819016,0.9604036407372193,0.02400000000000002,True
5.648849,4,25.831863,0.9590078693283222,0.03200000000000003,True
5.840827,4,25.845483,0.9580666694171955,0.03200000000000003,True
6.040022,4,25.857226,0.9601737076325509,0.03200000000000003,True
5.440104,3,25.863987,0.9629355346507147,0.02400000000000002,True
5.502746,4,25.876819,0.9617764999808793,0.03200000000000003,True
5.902468,4,25.887902,0.9641842845377208,0.03200000000000003,True
5.804317,4,25.900426,0.9664750192069484,0.03200000000000003,True
5.666684,3,25.909386,0.9631078118452226,0.02400000000000002,True
5.743407,4,25.92278,0.9571129237604767,0.03200000000000003,True
5.520538,4,25.936336,0.9640091477526159,0.03200000000000003,True
5.833977,4,25.94841,0.9617780086642369,0.03200000000000003,True
5.770074,3,25.958418,0.9653942511459297,0.02400000000000002,True
5.822394,5,25.972462,0.9618737508148487,0.040000000000000036,True
5.541748,4,25.985101,0.9600637728274984,0.03200000000000003,True
5.698435,4,25.996852,0.959700736997494,0.03200000000000003,True
5.600503,4,26.008554,0.9595227886159743,0.03200000000000003,True
5.410242,5,26.023113,0.9612459940197942,0.040000000000000036,True
5.97374,4,26.035003,0.9638132062678719,0.03200000000000003,True
5.801308,4,26.045694,0.9588661455479457,0.03200000000000003,True
5.718777,4,26.061007,0.9615691877925776,0.03200000000000003,True
6.031613,3,26.073597,0.9634223196275115,0.02400000000000002,True
5.435713,3,26.087183,0.9595881095526014,0.02400000000000002,True
5.676536,4,26.09968,0.9612900741311206,0.03200000000000003,True
5.469075,4,26.110606,0.9599820355885306,0.03200000000000003,True
5.51314,3,26.119896,0.9637727448045663,0.02400000000000002,True
5.531277,4,26.132076,0.9651873137281928,0.03200000000000003,True
5.824015,4,26.143237,0.9592153857816644,0.03200000000000003,True
5.494927,4,26.155238,0.9615601460282039,0.03200000000000003,True
5.650088,4,26.166732,0.9647819011013679,0.03200000000000003,True
5.795548,4,26.178463,0.9578896743175542,0.03200000000000003,True
5.605119,5,26.192182,0.9651425974111787,0.040000000000000036,True
5.650481,5,26.206817,0.9587946336801922,0.040000000000000036,True
5.769143,4,26.219066,0.9597144927401973,0.03200000000000003,True
5.850696,4,26.230459,0.9620106323524997,0.03200000000000003,True
5.878075,5,26.244249,0.9629597659908102,0.040000000000000036,True
5.883033,3,26.25308,0.9555904861154592,0.02400000000000002,True
5.815885,3,26.261652,0.9614644902484235,0.02400000000000002,True
5.719083,4,26.273127,0.9675649256390573,0.03200000000000003,True
5.742388,5,26.286907,0.9669020489217968,0.040000000000000036,True
5.747508,4,26.298757,0.9645397691204719,0.03200000000000003,True
5.528839,4,26.310134,0.957805915570707,0.03200000000000003,True
5.687223,3,26.319757,0.9574900747027223,0.02400000000000002,True
5.760834,5,26.338338,0.9604662811637533,0.040000000000000036,True
5.51959,4,26.35463,0.9627819397720772,0.03200000000000003,True
5.62332,3,26.366763,0.9626572775839168,0.02400000000000002,True
5.553447,4,26.381635,0.9632439554544912,0.03200000000000003,True
5.770913,4,26.395379,0.9638718375699622,0.03200000000000003,True
5.390823,4,27.142056,0.9623719642024807,0.03200000000000003,True
5.824666,4,27.161674,0.9587036099130202,0.03200000000000003,True
5.57656,4,27.17889,0.9619077618190119,0.03200000000000003,True
5.631753,3,27.188352,0.9588358387967231,0.02400000000000002,True
5.880148,4,27.199134,0.9617313914641561,0.03200000000000003,True
5.510012,4,27.210968,0.9618398444756556,0.03200000000000003,True
5.824547,5,27.225482,0.9682147233844672,0.040000000000000036,True
5.68225,5,27.241387,0.959093358954693,0.040000000000000036,True
5.53703,5,27.26169,0.9566282995396282,0.040000000000000036,True
5.651068,4,27.275965,0.9610205599198895,0.03200000000000003,True
5.474721,3,27.286718,0.9610574822141063,0.02400000000000002,True
5.812471,5,27.302089,0.9604778356053888,0.040000000000000036,True
5.620639,4,27.314616,0.9595136995193583,0.03200000000000003,True
5.506793,4,27.327304,0.9562924515703599,0.03200000000000003,True
5.701043,5,27.341928,0.9631931046141371,0.040000000000000036,True
5.469852,4,27.353503,0.9639490997475346,0.03200000000000003,True
5.450193,4,27.374094,0.9558729922343163,0.03200000000000003,True
5.466344,4,27.395734,0.9599986447481337,0.03200000000000003,True
5.535179,4,27.412002,0.9614513883664532,0.03200000000000003,True
5.405002,2,27.418714,0.9636328044489549,0.016000000000000014,True
5.900133,5,27.4357,0.9601642140433041,0.040000000000000036,True
5.611487,4,27.451193,0.9565900904124176,0.03200000000000003,True
5.6672,4,27.463491,0.9585084878079654,0.03200000000000003,True
5.603054,4,27.479096,0.963077162889211,0.03200000000000003,True
5.544216,4,27.492015,0.9581674550271824,0.03200000000000003,True
5.609321,3,27.508432,0.9601874312623045,0.02400000000000002,True
5.448408,3,27.528647,0.965764641648839,0.02400000000000002,True
5.733026,4,27.542024,0.9623898487446662,0.03200000000000003,True
5.564368,4,27.556705,0.9658144857705695,0.03200000000000003,True
5.510461,4,27.570716,0.9605046920952348,0.03200000000000003,True
5.504091,4,27.585524,0.9623915125762992,0.03200000000000003,True
5.531236,3,27.596552,0.9572770916955211,0.02400000000000002,True
5.619067,4,27.608339,0.9611954508264218,0.03200000000000003,True
5.788933,4,27.621143,0.9600631605299428,0.03200000000000003,True
5.575141,5,27.636508,0.9612833622357658,0.040000000000000036,True
5.574649,5,27.651383,0.9609987374678447,0.040000000000000036,True
5.75211,3,27.661264,0.9594104612426056,0.02400000000000002,True
5.401876,2,27.667584,0.9604698375396907,0.016000000000000014,True
5.503435,3,27.680693,0.9629054153855208,0.02400000000000002,True
5.543809,2,27.687562,0.967009257655753,0.016000000000000014,True
5.597778,4,27.704992,0.9575916465018097,0.03200000000000003,True
5.650721,4,27.716835,0.9591153462284796,0.03200000000000003,True
5.667304,3,27.725039,0.9611926776622524,0.02400000000000002,True
5.855898,4,27.737286,0.9644141876237129,0.03200000000000003,True
5.619416,4,27.751519,0.9654720632568459,0.03200000000000003,True
5.802883,4,27.763178,0.966880525478161,0.03200000000000003,True
5.408812,3,27.772878,0.9585796515728489,0.02400000000000002,True
5.850496,4,27.784588,0.9584429705285751,0.03200000000000003,True
5.598415,4,27.796122,0.9614304481936842,0.03200000000000003,True
5.569943,4,27.807626,0.9649396977014177,0.03200000000000003,True
5.487868,4,27.820165,0.963424613345276,0.03200000000000003,True
5.821499,4,27.83049,0.9609816183723022,0.03200000000000003,True
5.596516,5,27.845774,0.9596202881994731,0.040000000000000036,True
5.504418,4,27.857466,0.9592110415988679,0.03200000000000003,True
5.73889,5,27.871073,0.9588249342431016,0.040000000000000036,True
5.525722,3,27.881377,0.9616494119830081,0.02400000000000002,True
5.637362,5,27.89653,0.9584653227123725,0.040000000000000036,True
5.877836,5,27.911513,0.960225889767806,0.040000000000000036,True
5.807886,5,27.926671,0.9633473143446878,0.040000000000000036,True
5.825171,5,27.940331,0.9620854594037747,0.040000000000000036,True
5.577195,2,27.946074,0.9595135693080399,0.016000000000000014,True
5.453987,3,27.956515,0.9579192359453333,0.02400000000000002,True
5.872329,4,27.970342,0.9617776608570217,0.03200000000000003,True
5.485487,4,27.983484,0.9603694716494704,0.03200000000000003,True
5.707527,4,27.995837,0.9601170412609378,0.03200000000000003,True
5.524428,5,28.722563,0.9574266255390239,0.040000000000000036,True
5.560406,2,28.727803,0.9618068532615726,0.016000000000000014,True
5.792559,3,28.735025,0.9609178272252634,0.02400000000000002,True
5.634312,5,28.746502,0.9672442184946085,0.040000000000000036,True
5.781004,5,28.758902,0.9563688147711272,0.040000000000000036,True
5.553993,3,28.764901,0.9612052555864612,0.02400000000000002,True
5.527876,5,28.777373,0.9587133749161367,0.040000000000000036,True
5.531966,4,28.785949,0.9592362068329133,0.03200000000000003,True
5.51946,5,28.797478,0.9635995823530106,0.040000000000000036,True
5.665933,4,28.806688,0.9575330438562955,0.03200000000000003,True
5.790042,4,28.815148,0.9631152871235508,0.03200000000000003,True
5.862587,3,28.822577,0.95742474634514,0.02400000000000002,True
5.544222,5,28.83356,0.9630184471207504,0.040000000000000036,True
5.531213,5,28.845944,0.9646754532059796,0.040000000000000036,True
5.840091,4,28.855231,0.958407729214168,0.03200000000000003,True
5.6796,3,28.862282,0.9623195781152387,0.02400000000000002,True
5.702565,4,28.872115,0.9618679687163578,0.03200000000000003,True
5.714493,4,28.881396,0.9627954624102251,0.03200000000000003,True
5.664102,4,28.891785,0.9589977534013554,0.03200000000000003,True
5.364831,4,28.901146,0.9638458619233712,0.03200000000000003,True
5.555519,4,28.910706,0.9587826563157813,0.03200000000000003,True
5.496999,5,28.921693,0.9633511427719647,0.040000000000000036,True
5.759411,4,28.930799,0.9582688928927892,0.03200000000000003,True
5.652716,5,28.941328,0.9641435517307362,0.040000000000000036,True
5.706587,4,28.951136,0.961022439791066,0.03200000000000003,True
5.543205,4,28.961924,0.9605614697068917,0.03200000000000003,True
5.677379,4,28.971812,0.9627191213746992,0.03200000000000003,True
5.578418,4,28.982627,0.9595986081174911,0.03200000000000003,True
5.669651,3,28.989939,0.9569759329886295,0.02400000000000002,True
5.599529,4,28.999863,0.9627809998012005,0.03200000000000003,True
5.703205,5,29.013249,0.9562224607276313,0.040000000000000036,True
5.44734,3,29.020819,0.9629489321271876,0.02400000000000002,True
5.578903,5,29.033592,0.9626792747257051,0.040000000000000036,True
5.574121,3,29.04067,0.9585862979068038,0.02400000000000002,True
5.879621,3,29.048922,0.9624136743022885,0.02400000000000002,True
5.71051,4,29.059036,0.9607204040443045,0.03200000000000003,True
5.70758,3,29.067489,0.9557915073773673,0.02400000000000002,True
5.762868,3,29.074121,0.9611585659697153,0.02400000000000002,True
5.605818,5,29.087569,0.9577219450528056,0.040000000000000036,True
5.503589,3,29.095079,0.9567446416727212,0.02400000000000002,True
5.801275,4,29.105201,0.9577763824880778,0.03200000000000003,True
5.837585,4,29.116196,0.9664514480629063,0.03200000000000003,True
5.911903,4,29.124511,0.9599736807322192,0.03200000000000003,True
5.929412,4,29.133623,0.9640792063727476,0.03200000000000003,True
5.573166,4,29.142762,0.9615674369530992,0.03200000000000003,True
5.601564,4,29.152437,0.962067329680185,0.03200000000000003,True
5.483817,4,29.162129,0.960921941412521,0.03200000000000003,True
5.639464,4,29.171582,0.9627276326437401,0.03200000000000003,True
5.802298,4,29.180968,0.959482900542961,0.03200000000000003,True
5.51981,4,29.190424,0.9631597805302177,0.03200000000000003,True
5.788641,4,29.199788,0.9597120810690898,0.03200000000000003,True
5.812207,5,29.210901,0.9599373618264828,0.040000000000000036,True
5.593784,4,29.220835,0.9620395228508744,0.03200000000000003,True
5.721145,3,29.22879,0.9628553545416276,0.02400000000000002,True
5.697241,5,29.240928,0.9620977761979814,0.040000000000000036,True
5.510229,4,29.249586,0.9621272748378271,0.03200000000000003,True
5.670016,3,29.257388,0.9618136403472313,0.02400000000000002,True
5.931448,4,29.267076,0.9596150268413457,0.03200000000000003,True
5.827642,4,29.276734,0.961523585039881,0.03200000000000003,True
5.60143,6,29.290675,0.9636734301955465,0.04800000000000004,True
5.766294,4,29.30044,0.9632257821990038,0.03200000000000003,True
5.627233,4,29.311184,0.9593733711878143,0.03200000000000003,True
5.695409,4,29.321261,0.9677545942541562,0.03200000000000003,True
5.619632,2,29.325207,0.9622419888695134,0.016000000000000014,True
5.841912,4,29.335834,0.9582392232903881,0.03200000000000003,True
5.848385,4,29.87512,0.9596796845354296,0.03200000000000003,True
5.628748,4,29.883815,0.9626264483208493,0.03200000000000003,True
6.00445,4,29.892461,0.9622893699224371,0.03200000000000003,True
5.829593,3,29.900183,0.9620697191512324,0.02400000000000002,True
5.713194,4,29.909566,0.9580940710025942,0.03200000000000003,True
5.818056,3,29.917675,0.960093194157914,0.02400000000000002,True
5.585582,4,29.926629,0.9585425996584809,0.03200000000000003,True
5.644025,4,29.936198,0.9567258131897416,0.03200000000000003,True
5.706658,4,29.944235,0.9596275500708642,0.03200000000000003,True
5.677596,4,29.95365,0.9601688611528184,0.03200000000000003,True
5.613132,3,29.961231,0.9570138205861195,0.02400000000000002,True
5.927848,5,29.972936,0.9615856906580067,0.040000000000000036,True
5.523147,4,29.982158,0.9601344290302696,0.03200000000000003,True
5.557442,4,29.991779,0.9611033175824337,0.03200000000000003,True
5.751886,4,30.00189,0.963875802002707,0.03200000000000003,True
5.617987,4,30.010529,0.9588375385960872,0.03200000000000003,True
5.736544,4,30.019648,0.9625359008025853,0.03200000000000003,True
5.491816,4,30.028104,0.9641499294475059,0.03200000000000003,True
5.525436,3,30.035749,0.9644650038149272,0.02400000000000002,True
5.748716,4,30.044756,0.9608833985522691,0.03200000000000003,True
5.536782,3,30.051843,0.9608129570915868,0.02400000000000002,True
5.845692,4,30.061252,0.9661035226396832,0.03200000000000003,True
5.561792,3,30.06845,0.9594375225909793,0.02400000000000002,True
5.570429,3,30.076088,0.958499179884568,0.02400000000000002,True
5.722278,5,30.088887,0.9602435837658125,0.040000000000000036,True
5.74027,4,30.098733,0.9602797907531875,0.03200000000000003,True
5.589664,5,30.109948,0.9589221802283505,0.040000000000000036,True
5.667144,5,30.122401,0.960754583047652,0.040000000000000036,True
5.719234,3,30.129465,0.9644261435402022,0.02400000000000002,True
5.603943,5,30.140175,0.9628479488061439,0.040000000000000036,True
6.070225,4,30.149978,0.9646850531661377,0.03200000000000003,True
5.769528,4,30.158957,0.9589997293318138,0.03200000000000003,True
5.670415,4,30.168422,0.961000085005161,0.03200000000000003,True
5.744494,4,30.17811,0.9664293246719999,0.03200000000000003,True
5.777726,4,30.187388,0.9648235650757074,0.03200000000000003,True
5.486205,4,30.196661,0.9640146068720229,0.03200000000000003,True
5.616794,3,30.204103,0.9579929825088715,0.02400000000000002,True
5.872112,5,30.215181,0.9652959601189888,0.040000000000000036,True
5.64131,3,30.221979,0.9599480177195446,0.02400000000000002,True
5.45375,3,30.22905,0.9613460729329629,0.02400000000000002,True
5.825197,4,30.237853,0.9586955313008919,0.03200000000000003,True
5.799754,6,30.251614,0.9645704835195582,0.04800000000000004,True
5.459573,3,30.258682,0.9595379632667388,0.02400000000000002,True
5.688589,3,30.266666,0.9600909605966461,0.02400000000000002,True
5.789943,5,30.278444,0.962472381350886,0.040000000000000036,True
5.791264,3,30.286116,0.9632236716091309,0.02400000000000002,True
5.811097,4,30.296149,0.960484772777537,0.03200000000000003,True
5.463318,4,30.305126,0.9623855400443591,0.03200000000000003,True
5.90081,4,30.315522,0.9612387403692386,0.03200000000000003,True
5.524426,4,30.326203,0.9604512776737493,0.03200000000000003,True
5.625003,4,30.335714,0.963081725219607,0.03200000000000003,True
5.851404,6,30.3486,0.9620235922698644,0.04800000000000004,True
5.471158,4,30.357755,0.9567576082041952,0.03200000000000003,True
5.420594,3,30.365342,0.9691790719293207,0.02400000000000002,True
5.571169,4,30.374834,0.9566760421974415,0.03200000000000003,True
6.044809,4,30.384257,0.9595623803553662,0.03200000000000003,True
5.521874,4,30.393494,0.9579625590708619,0.03200000000000003,True
5.707104,4,30.402343,0.9641936419307193,0.03200000000000003,True
5.709409,3,30.409715,0.9604051540567702,0.02400000000000002,True
5.658694,4,30.419198,0.9590418985494891,0.03200000000000003,True
5.727285,5,30.431816,0.9581792765430306,0.040000000000000036,True
5.998202,5,30.44282,0.9571724911559423,0.040000000000000036,True
5.46894,5,30.453343,0.9638216047432882,0.040000000000000036,True
5.891822,4,30.462255,0.9679098335113759,0.03200000000000003,True
5.546709,3,30.470091,0.9617168140636595,0.02400000000000002,True
5.834114,4,31.012823,0.9656785193367527,0.03200000000000003,True
5.792151,5,31.02364,0.96083778404375,0.040000000000000036,True
5.433249,5,31.034228,0.9644126602814247,0.040000000000000036,True
5.769274,5,31.045391,0.9670073717616596,0.040000000000000036,True
5.613066,4,31.054705,0.9595186741515545,0.03200000000000003,True
5.586102,4,31.064825,0.9647920898947588,0.03200000000000003,True
6.031082,4,31.075843,0.9631932558178158,0.03200000000000003,True
5.524858,4,31.083828,0.95867401815017,0.03200000000000003,True
5.810176,4,31.093647,0.9633916247046587,0.03200000000000003,True
5.626267,4,31.103266,0.9610845539447894,0.03200000000000003,True
5.803697,4,31.11269,0.962073676753787,0.03200000000000003,True
5.715891,3,31.120055,0.9631381513715904,0.02400000000000002,True
5.691679,3,31.126944,0.9608380906558206,0.02400000000000002,True
5.732349,4,31.137235,0.9633656610850194,0.03200000000000003,True
5.440492,3,31.144476,0.9617409585472125,0.02400000000000002,True
5.415964,4,31.153655,0.9619444241957751,0.03200000000000003,True
5.843923,5,31.164637,0.962230805709369,0.040000000000000036,True
5.601783,3,31.171664,0.9602307507350778,0.02400000000000002,True
5.581773,4,31.179869,0.9589232034516104,0.03200000000000003,True
5.983596,4,31.189599,0.9606523853839295,0.03200000000000003,True
5.498492,3,31.19655,0.9629172561868999,0.02400000000000002,True
5.441463,4,31.206999,0.9624850243821089,0.03200000000000003,True
5.436611,3,31.213435,0.9598118349607212,0.02400000000000002,True
5.794394,4,31.224386,0.964381976083653,0.03200000000000003,True
5.840013,3,31.233403,0.9590462610615897,0.02400000000000002,True
5.802484,4,31.24424,0.9655164677414912,0.03200000000000003,True
5.595609,4,31.254493,0.9596263649725378,0.03200000000000003,True
5.523326,4,31.335742,0.9600592344558765,0.03200000000000003,True
5.878152,5,31.345902,0.9619442668277376,0.040000000000000036,True
5.599444,2,31.350888,0.9585514640218699,0.016000000000000014,True
5.717669,3,31.357926,0.9614808957246486,0.02400000000000002,True
5.682124,3,31.365342,0.9587990182231227,0.02400000000000002,True
5.54491,4,31.374321,0.9574932843389025,0.03200000000000003,True
5.505943,3,31.381573,0.9626800162089865,0.02400000000000002,True
5.556676,5,31.393173,0.9650386896978185,0.040000000000000036,True
5.680316,5,31.404612,0.9595232404097418,0.040000000000000036,True
5.620077,3,31.411642,0.9615660807483769,0.02400000000000002,True
5.550946,3,31.418725,0.9618943701401513,0.02400000000000002,True
5.765915,3,31.426463,0.9589511351428166,0.02400000000000002,True
5.890594,4,31.435583,0.9615414827744125,0.03200000000000003,True
5.495897,5,31.447008,0.9585477560732465,0.040000000000000036,True
5.732864,4,31.457107,0.9601722397517121,0.03200000000000003,True
5.788401,4,31.466031,0.9655273761605918,0.03200000000000003,True
5.690461,3,31.472982,0.9616571942088727,0.02400000000000002,True
5.747752,4,31.481794,0.9620787314084157,0.03200000000000003,True
5.621995,4,31.490242,0.9644256180120951,0.03200000000000003,True
5.737657,5,31.502565,0.9650947963957761,0.040000000000000036,True
5.499974,5,31.514526,0.9641652387686881,0.040000000000000036,True
6.050017,4,31.523572,0.9601010998749512,0.03200000000000003,True
5.634205,3,31.530484,0.960274230772793,0.02400000000000002,True
5.519925,3,31.536784,0.9622880881816009,0.02400000000000002,True
6.025352,4,31.545985,0.9574612874062202,0.03200000000000003,True
5.842881,4,31.555161,0.962677080939731,0.03200000000000003,True
5.790003,4,31.564121,0.9598033983317167,0.03200000000000003,True
5.618012,3,31.570927,0.9614468687011299,0.02400000000000002,True
5.32483,3,31.577508,0.962683493665885,0.02400000000000002,True
5.598521,4,31.587286,0.9616396995117841,0.03200000000000003,True
5.689696,4,31.596979,0.9578081973115462,0.03200000000000003,True
6.008706,4,31.60676,0.9579258353870727,0.03200000000000003,True
5.369635,4,31.620476,0.9612893323904714,0.03200000000000003,True
5.735055,5,31.633678,0.962093417674217,0.040000000000000036,True
5.526221,5,31.645737,0.9654587032243468,0.040000000000000036,True
5.747348,5,31.660226,0.9611905222772964,0.040000000000000036,True
5.697828,5,31.67648,0.9641247769432332,0.040000000000000036,True
5.753419,5,31.693474,0.9619117418362448,0.040000000000000036,True
6.031373,4,32.210906,0.9663229365142989,0.03200000000000003,True
5.692402,5,32.224122,0.967179169740378,0.040000000000000036,True
5.794122,3,32.230129,0.9586117192955109,0.02400000000000002,True
5.547958,5,32.243582,0.9585371612535067,0.040000000000000036,True
5.670566,4,32.253361,0.9635322529686805,0.03200000000000003,True
5.881836,5,32.264518,0.9574111757846866,0.040000000000000036,True
5.772294,4,32.274079,0.9608602372102502,0.03200000000000003,True
5.581532,4,32.283499,0.9643632903854982,0.03200000000000003,True
5.790296,4,32.293852,0.9588698364150181,0.03200000000000003,True
5.559727,4,32.303625,0.9625089865509062,0.03200000000000003,True
5.479603,3,32.31066,0.9631511113953113,0.02400000000000002,True
5.808506,4,32.319462,0.9616593926204403,0.03200000000000003,True
5.653133,4,32.329372,0.9641319171248379,0.03200000000000003,True
5.50741,5,32.341017,0.9623666801692814,0.040000000000000036,True
5.735931,4,32.350032,0.962261656627661,0.03200000000000003,True
5.515661,4,32.360185,0.9589604558033261,0.03200000000000003,True
5.476307,5,32.370791,0.95859640755246,0.040000000000000036,True
5.490692,5,32.383642,0.959408438908895,0.040000000000000036,True
5.37078,3,32.393446,0.957266680682673,0.02400000000000002,True
5.596199,2,32.39983,0.9602998797200023,0.016000000000000014,True
5.969253,4,32.409808,0.9615440116392452,0.03200000000000003,True
5.777488,3,32.418044,0.9594184755487343,0.02400000000000002,True
5.779125,5,32.429924,0.9650081628146716,0.040000000000000036,True
5.548965,5,32.441998,0.9594882026369506,0.040000000000000036,True
5.701317,4,32.453923,0.9615206202951814,0.03200000000000003,True
5.508671,5,32.466922,0.9623688281245465,0.040000000000000036,True
5.544241,3,32.47592,0.9615790245852408,0.02400000000000002,True
5.86987,3,32.483746,0.9587916592019466,0.02400000000000002,True
5.395066,4,32.494276,0.9685331457871844,0.03200000000000003,True
5.905951,3,32.503413,0.9635797836295825,0.02400000000000002,True
5.658823,4,32.513558,0.9627172066396816,0.03200000000000003,True
5.747132,4,32.525631,0.9596794233783236,0.03200000000000003,True
5.545903,4,32.535312,0.9614983121505997,0.03200000000000003,True
5.718553,4,32.545284,0.9589941251279189,0.03200000000000003,True
5.579503,5,32.558372,0.9609697294150461,0.040000000000000036,True
5.60256,4,32.567273,0.9564937209178243,0.03200000000000003,True
5.830293,5,32.578226,0.9617142161420036,0.040000000000000036,True
5.901275,4,32.588801,0.9646547518372857,0.03200000000000003,True
5.791861,5,32.60055,0.9620017045996203,0.040000000000000036,True
5.609665,5,32.611515,0.9673176515497826,0.040000000000000036,True
5.754252,4,32.621102,0.9638558609172172,0.03200000000000003,True
5.663759,3,32.628727,0.9653167354438024,0.02400000000000002,True
5.864819,4,32.637555,0.9579458717099791,0.03200000000000003,True
5.76674,4,32.645751,0.9651193218632284,0.03200000000000003,True
5.390577,4,32.655654,0.9617095505493997,0.03200000000000003,True
5.59321,4,32.668252,0.9612732157798405,0.03200000000000003,True
5.638296,4,32.677513,0.9579852876742938,0.03200000000000003,True
5.9069,4,32.687685,0.9580631977296974,0.03200000000000003,True
5.447216,3,32.698222,0.9636152856746505,0.02400000000000002,True
5.515901,3,32.709035,0.9619351210960648,0.02400000000000002,True
5.889378,3,32.719418,0.9628828192109079,0.02400000000000002,True
5.662534,4,32.729922,0.9615583686733182,0.03200000000000003,True
5.529315,6,32.744524,0.9615766740813232,0.04800000000000004,True
5.565348,5,32.756967,0.9567380019543783,0.040000000000000036,True
5.896118,4,32.766881,0.9600526279701578,0.03200000000000003,True
6.022175,5,32.778663,0.9596605436311492,0.040000000000000036,True
6.014623,4,32.787925,0.9621118865872406,0.03200000000000003,True
5.706571,4,32.797042,0.9648264868100909,0.03200000000000003,True
5.532587,4,32.806696,0.9614195965440202,0.03200000000000003,True
5.574351,5,32.817729,0.965031364195906,0.040000000000000036,True
5.610728,5,32.829825,0.9636326245807351,0.040000000000000036,True
5.735614,4,32.839043,0.9575527032431257,0.03200000000000003,True
5.816489,5,33.409122,0.9631907998314462,0.040000000000000036,True
5.654456,4,33.419885,0.9588773692395758,0.03200000000000003,True
5.82186,4,33.429226,0.961943457985678,0.03200000000000003,True
5.65093,5,33.440387,0.957047351779083,0.040000000000000036,True
5.723846,5,33.452739,0.9641917774571083,0.040000000000000036,True
5.580321,4,33.462263,0.9601348929729401,0.03200000000000003,True
5.510222,3,33.468678,0.9608693659016192,0.02400000000000002,True
5.832802,4,33.478981,0.9627436943912302,0.03200000000000003,True
5.487524,3,33.486895,0.9607576179125255,0.02400000000000002,True
5.662198,3,33.493862,0.9589731623990769,0.02400000000000002,True
5.44927,3,33.501577,0.9640766777799378,0.02400000000000002,True
5.553521,4,33.511117,0.9606949750211387,0.03200000000000003,True
5.537663,3,33.51877,0.9630865901033989,0.02400000000000002,True
5.747524,4,33.528089,0.9591775983380647,0.03200000000000003,True
5.672762,3,33.535164,0.9580025603104938,0.02400000000000002,True
5.483175,3,33.542206,0.9587686715397987,0.02400000000000002,True
5.742252,4,33.552624,0.9607430978735692,0.03200000000000003,True
5.466423,4,33.562494,0.958924977111677,0.03200000000000003,True
5.93303,3,33.569703,0.96525089536127,0.02400000000000002,True
5.624849,4,33.579039,0.9591945689438968,0.03200000000000003,True
5.793998,4,33.588087,0.9635652858796449,0.03200000000000003,True
5.500408,4,33.59832,0.9619451677601984,0.03200000000000003,True
6.007318,4,33.608519,0.9577438546934707,0.03200000000000003,True
6.101931,5,33.620755,0.9587784630105527,0.040000000000000036,True
5.799085,4,33.629717,0.9592689053148071,0.03200000000000003,True
5.983784,5,33.641257,0.9611296062437309,0.040000000000000036,True
5.689492,5,33.654147,0.9603049668209318,0.040000000000000036,True
5.814691,4,33.663061,0.9595533574675044,0.03200000000000003,True
5.724533,4,33.671772,0.9609975915328879,0.03200000000000003,True
5.513115,5,33.683624,0.9605735028707658,0.040000000000000036,True
5.820248,5,33.697943,0.9604661197453541,0.040000000000000036,True
5.666046,5,33.71025,0.9601482506725003,0.040000000000000036,True
5.880227,5,33.721781,0.9580119861799667,0.040000000000000036,True
5.566205,4,33.734282,0.9623378507872732,0.03200000000000003,True
5.439704,4,33.748415,0.9640245541818966,0.03200000000000003,True
5.87457,4,33.761933,0.960894039817806,0.03200000000000003,True
5.527757,4,33.771228,0.9582987729027015,0.03200000000000003,True
5.671851,5,33.782136,0.9626040014075126,0.040000000000000036,True
5.511119,4,33.791555,0.9608706723445175,0.03200000000000003,True
5.485027,3,33.799245,0.9607057187473582,0.02400000000000002,True
5.854824,5,33.81112,0.9623348870797286,0.040000000000000036,True
5.583341,3,33.818971,0.9567994553397051,0.02400000000000002,True
5.796356,4,33.829647,0.960403781441635,0.03200000000000003,True
5.751963,5,33.841447,0.9606845821176646,0.040000000000000036,True
5.745781,4,33.849621,0.9588344361215325,0.03200000000000003,True
5.77951,5,33.860915,0.9616864568695103,0.040000000000000036,True
5.74375,4,33.8702,0.9622634378997285,0.03200000000000003,True
5.503338,4,33.879164,0.9634990289844525,0.03200000000000003,True
5.742158,4,33.889027,0.9609519388658813,0.03200000000000003,True
5.806306,4,33.89768,0.9623886095909879,0.03200000000000003,True
5.529462,3,33.904279,0.9576599662075573,0.02400000000000002,True
5.971997,4,33.91374,0.9582104190265912,0.03200000000000003,True
5.958287,4,33.923006,0.9612720673122228,0.03200000000000003,True
5.557542,3,33.929866,0.9574511751370566,0.02400000000000002,True
5.844302,4,33.939282,0.9640073402316205,0.03200000000000003,True
5.835795,5,33.949864,0.9647329729727336,0.040000000000000036,True
5.567275,3,33.957761,0.9608186465356187,0.02400000000000002,True
6.008982,5,33.968647,0.9624411898300335,0.040000000000000036,True
5.563761,4,33.977886,0.9592481191463447,0.03200000000000003,True
5.5112,3,33.985048,0.9600851702827089,0.02400000000000002,True
5.696232,4,33.994442,0.962125444548199,0.03200000000000003,True
5.714264,4,34.003681,0.9635417346820845,0.03200000000000003,True
6.040183,4,34.01277,0.9587477962650326,0.03200000000000003,True
5.633071,5,34.024019,0.9589526973551197,0.040000000000000036,True
5.471569,3,34.551989,0.9615985791476793,0.02400000000000002,True
5.798933,4,34.562147,0.9653119143275061,0.03200000000000003,True
5.740424,4,34.571428,0.9587972103136881,0.03200000000000003,True
5.695856,4,34.58049,0.9615112467983373,0.03200000000000003,True
5.444311,3,34.586706,0.9617523720434428,0.02400000000000002,True
5.462349,3,34.594949,0.9591442696812956,0.02400000000000002,True
5.78362,4,34.604483,0.9629708211621744,0.03200000000000003,True
5.755836,4,34.616193,0.9587174154968026,0.03200000000000003,True
6.028123,4,34.626879,0.9578913404494644,0.03200000000000003,True
5.781684,4,34.636249,0.9598856966313183,0.03200000000000003,True
5.708357,3,34.642714,0.962267229982184,0.02400000000000002,True
5.624984,5,34.653895,0.9660142117158115,0.040000000000000036,True
5.713277,3,34.661383,0.9586956940454958,0.02400000000000002,True
5.635633,5,34.671762,0.9582898664718671,0.040000000000000036,True
5.492825,4,34.680774,0.964290362584507,0.03200000000000003,True
5.554056,4,34.689721,0.9609854181579401,0.03200000000000003,True
5.56836,3,34.69953,0.963660211550793,0.02400000000000002,True
5.903277,3,34.705783,0.9625672929321081,0.02400000000000002,True
5.898742,3,34.712914,0.9631554945932019,0.02400000000000002,True
5.665773,3,34.720319,0.9597426163340786,0.02400000000000002,True
5.752994,4,34.72948,0.9608258716405425,0.03200000000000003,True
5.454249,3,34.737214,0.9602457807301427,0.02400000000000002,True
5.847524,5,34.749831,0.9608366135660615,0.040000000000000036,True
5.924808,4,34.760231,0.962462919290856,0.03200000000000003,True
5.803402,4,34.774267,0.9579591185654799,0.03200000000000003,True
5.725933,3,34.784687,0.9620183269595914,0.02400000000000002,True
5.45612,4,34.8005,0.9611512826522387,0.03200000000000003,True
5.785243,3,34.807182,0.9569147479562189,0.02400000000000002,True
5.446233,4,34.817197,0.9630124654083406,0.03200000000000003,True
5.625658,4,34.826039,0.9597527069841014,0.03200000000000003,True
5.60097,4,34.835718,0.962941321907848,0.03200000000000003,True
5.775121,4,34.846521,0.9598137763237405,0.03200000000000003,True
5.992736,4,34.854846,0.9590476985772551,0.03200000000000003,True
5.749382,4,34.864052,0.9601594307184417,0.03200000000000003,True
5.613899,3,34.871154,0.9614348471097981,0.02400000000000002,True
5.568007,4,34.881611,0.9612548925277224,0.03200000000000003,True
5.577795,4,34.890911,0.9627781790698086,0.03200000000000003,True
5.731453,4,34.900399,0.9592690306577202,0.03200000000000003,True
5.781349,4,34.909907,0.9591955974224348,0.03200000000000003,True
5.425463,4,34.920403,0.9596827687483414,0.03200000000000003,True
6.03868,4,34.929839,0.9569698516909946,0.03200000000000003,True
5.670044,4,34.938019,0.960007269924546,0.03200000000000003,True
5.723777,4,34.947498,0.9585928332255604,0.03200000000000003,True
5.590775,4,34.957175,0.9591344488314895,0.03200000000000003,True
5.511458,4,34.966598,0.9589656273467488,0.03200000000000003,True
5.669286,4,34.976472,0.9613308817162838,0.03200000000000003,True
5.606814,5,34.988846,0.959983793176165,0.040000000000000036,True
5.761178,4,34.998678,0.9650720362345417,0.03200000000000003,True
5.508621,4,35.007821,0.9611020293758605,0.03200000000000003,True
6.036429,4,35.017865,0.9611714055621225,0.03200000000000003,True
5.818707,4,35.028236,0.9645894163604201,0.03200000000000003,True
5.519523,4,35.037005,0.9600437871894019,0.03200000000000003,True
5.727979,3,35.043898,0.9587035491163588,0.02400000000000002,True
5.869878,3,35.051944,0.9661348975229902,0.02400000000000002,True
5.677083,3,35.059241,0.963282995272053,0.02400000000000002,True
5.567651,5,35.071978,0.9579090096578002,0.040000000000000036,True
5.78436,4,35.081255,0.9565856601876933,0.03200000000000003,True
5.507882,4,35.091827,0.9581585220085577,0.03200000000000003,True
5.597505,6,35.106298,0.9565672292206124,0.04800000000000004,True
5.872595,3,35.112628,0.960289158295077,0.02400000000000002,True
5.432858,4,35.12237,0.9602276819575548,0.03200000000000003,True
5.907938,5,35.1336,0.9655405089264532,0.040000000000000036,True
5.537285,4,35.142862,0.9601418477076591,0.03200000000000003,True
5.905681,3,35.15039,0.9590126781781485,0.02400000000000002,True
5.7969,5,35.16186,0.9605016633053943,0.040000000000000036,True
5.832432,4,35.171321,0.961188805513157,0.03200000000000003,True
5.785659,4,35.714781,0.9677301351055319,0.03200000000000003,True
5.614211,3,35.722216,0.9617733012957994,0.02400000000000002,True
5.795968,4,35.731549,0.9573300763107866,0.03200000000000003,True
5.648374,3,35.738744,0.9635177410137601,0.02400000000000002,True
5.662437,3,35.745641,0.9613126161858324,0.02400000000000002,True
5.594096,4,35.754791,0.9599301527350423,0.03200000000000003,True
5.491243,4,35.763941,0.958315540848821,0.03200000000000003,True
5.793907,4,35.773527,0.9676173690310463,0.03200000000000003,True
5.455909,3,35.781567,0.9576022321979039,0.02400000000000002,True
5.761827,4,35.78987,0.9589589168585797,0.03200000000000003,True
5.640451,4,35.799742,0.9635330583671011,0.03200000000000003,True
5.788833,4,35.813215,0.9605613515736534,0.03200000000000003,True
5.685191,4,35.827558,0.9622073128445144,0.03200000000000003,True
5.773817,5,35.841618,0.9622978674962355,0.040000000000000036,True
5.727641,4,35.850774,0.9610325628146293,0.03200000000000003,True
5.86743,5,35.863031,0.9627686083658851,0.040000000000000036,True
5.672072,3,35.870109,0.9626744240913057,0.02400000000000002,True
5.700296,5,35.883487,0.9596819966148635,0.040000000000000036,True
5.637301,4,35.891947,0.9562720155372633,0.03200000000000003,True
5.400324,2,35.897474,0.9621023218182017,0.016000000000000014,True
5.597645,4,35.9067,0.961476990842292,0.03200000000000003,True
5.831565,6,35.920835,0.957292888300807,0.04800000000000004,True
5.774256,5,35.931978,0.9597124723218663,0.040000000000000036,True
5.568649,3,35.93925,0.9586286582200293,0.02400000000000002,True
5.810177,4,35.948771,0.9629764416488198,0.03200000000000003,True
5.705996,3,35.957165,0.9587665385565889,0.02400000000000002,True
5.916572,5,35.969047,0.9604186126667931,0.040000000000000036,True
5.707044,2,35.973773,0.9611981209268006,0.016000000000000014,True
5.859249,5,35.985105,0.9629718434339372,0.040000000000000036,True
5.771376,4,35.995251,0.9585455869097307,0.03200000000000003,True
5.598113,5,36.007523,0.961399813708256,0.040000000000000036,True
5.759432,4,36.016218,0.9628029663158137,0.03200000000000003,True
5.521605,3,36.023865,0.9580662420672084,0.02400000000000002,True
5.682864,5,36.034697,0.9657938184706759,0.040000000000000036,True
6.067481,5,36.045224,0.9613827474300265,0.040000000000000036,True
6.008818,4,36.056038,0.9617345795555083,0.03200000000000003,True
5.446507,3,36.064517,0.9613546261270043,0.02400000000000002,True
5.73614,3,36.072249,0.965708466526055,0.02400000000000002,True
5.644259,4,36.082633,0.9599182957122674,0.03200000000000003,True
5.515068,4,36.092512,0.9603477139589809,0.03200000000000003,True
5.504528,3,36.100613,0.9601176778401198,0.02400000000000002,True
5.80877,4,36.110119,0.967422356197631,0.03200000000000003,True
5.847671,4,36.120049,0.9650140726650326,0.03200000000000003,True
5.566627,4,36.12877,0.9637559857508495,0.03200000000000003,True
5.612786,5,36.140011,0.9627264932984594,0.040000000000000036,True
5.624513,4,36.149337,0.9618099540752454,0.03200000000000003,True
5.721111,4,36.159154,0.9574700199790627,0.03200000000000003,True
5.732262,4,36.167855,0.9619669256277356,0.03200000000000003,True
5.583388,5,36.180218,0.9586697835781748,0.040000000000000036,True
5.532003,5,36.191986,0.9636001590086715,0.040000000000000036,True
5.812867,4,36.201138,0.9638610275831658,0.03200000000000003,True
5.663274,3,36.208907,0.9652130303803681,0.02400000000000002,True
5.510054,4,36.218845,0.9590280653057435,0.03200000000000003,True
5.708196,4,36.228299,0.9578551009589107,0.03200000000000003,True
6.14254,4,36.237988,0.9637458863544507,0.03200000000000003,True
5.683392,4,36.247905,0.960606576195687,0.03200000000000003,True
5.693151,5,36.259435,0.9651462868837509,0.040000000000000036,True
5.736578,4,36.268724,0.957714814416306,0.03200000000000003,True
5.735802,5,36.281451,0.9631241225756451,0.040000000000000036,True
5.785064,4,36.291651,0.9619367957386797,0.03200000000000003,True
5.611092,3,36.298689,0.9664586734593601,0.02400000000000002,True
5.853581,4,36.308233,0.9608324189097763,0.03200000000000003,True
5.626513,3,36.316158,0.9629764643987349,0.02400000000000002,True
5.66712,2,36.319849,0.9629908948307649,0.016000000000000014,True
5.810212,5,36.331595,0.9641739872081347,0.040000000000000036,True
5.615489,4,36.875173,0.9611331684744919,0.03200000000000003,True
5.715849,3,36.883702,0.9582451533695666,0.02400000000000002,True
5.726432,5,36.896255,0.9564986740134457,0.040000000000000036,True
5.801657,5,36.907476,0.9609457588188117,0.040000000000000036,True
5.506186,3,36.915686,0.9568255305504454,0.02400000000000002,True
5.627245,3,36.92868,0.9595092598993976,0.02400000000000002,True
5.836687,4,36.938013,0.9577089987971645,0.03200000000000003,True
5.388802,4,36.946931,0.9594666852429585,0.03200000000000003,True
5.422173,3,36.953916,0.9643355486159483,0.02400000000000002,True
5.697122,4,36.963163,0.9568292377873954,0.03200000000000003,True
5.646817,5,36.975011,0.9636228856165514,0.040000000000000036,True
5.812157,4,36.984664,0.9609937908161356,0.03200000000000003,True
5.453225,5,37.002789,0.9634005347974067,0.040000000000000036,True
5.650673,3,37.012033,0.9596519668759884,0.02400000000000002,True
5.759659,3,37.021523,0.9593716867164823,0.02400000000000002,True
5.885831,4,37.036918,0.9639029951238789,0.03200000000000003,True
5.745628,4,37.046699,0.9613109155488362,0.03200000000000003,True
5.721164,3,37.054332,0.9641971259499464,0.02400000000000002,True
5.498725,4,37.063916,0.9601675414762674,0.03200000000000003,True
5.889108,3,37.072458,0.9582990684968911,0.02400000000000002,True
5.832727,5,37.188054,0.964577942371079,0.040000000000000036,True
6.051958,5,37.199466,0.9616723816385158,0.040000000000000036,True
5.714557,5,37.211132,0.9565885121699367,0.040000000000000036,True
5.536996,5,37.23551,0.9582065523174542,0.040000000000000036,True
5.484813,3,37.243222,0.9616189287148434,0.02400000000000002,True
5.971531,4,37.253185,0.9607389360197075,0.03200000000000003,True
5.777873,4,37.262317,0.9641693619811172,0.03200000000000003,True
5.563914,4,37.271867,0.9631896263463566,0.03200000000000003,True
6.088576,4,37.281091,0.9646787790499776,0.03200000000000003,True
5.644426,4,37.29153,0.9586787974626074,0.03200000000000003,True
5.99811,5,37.302177,0.9633244420261868,0.040000000000000036,True
5.453717,4,37.311372,0.9627523079673423,0.03200000000000003,True
5.561129,4,37.322091,0.9653378929887242,0.03200000000000003,True
5.453403,3,37.329768,0.9602999223780266,0.02400000000000002,True
5.692707,5,37.341538,0.9641931131814006,0.040000000000000036,True
5.589028,3,37.348426,0.9624002739619633,0.02400000000000002,True
5.573715,5,37.361589,0.9661530795967168,0.040000000000000036,True
5.520297,5,37.376818,0.9586299246590362,0.040000000000000036,True
5.986051,3,37.383685,0.9591862885791915,0.02400000000000002,True
5.828625,4,37.392866,0.960008863451808,0.03200000000000003,True
5.633852,5,37.404362,0.96302231557463,0.040000000000000036,True
5.716097,3,37.411446,0.9654384258431593,0.02400000000000002,True
5.798653,4,37.420609,0.9635074096345377,0.03200000000000003,True
5.830452,5,37.434272,0.9651856371518435,0.040000000000000036,True
5.465436,4,37.443652,0.9595893655930464,0.03200000000000003,True
5.848782,5,37.455924,0.9625592452293781,0.040000000000000036,True
5.956098,4,37.464574,0.961544716139791,0.03200000000000003,True
5.74636,4,37.474344,0.9617756111483005,0.03200000000000003,True
5.437206,3,37.481816,0.9594624332453058,0.02400000000000002,True
5.760858,4,37.490052,0.9635439591670019,0.03200000000000003,True
5.498332,4,37.502966,0.9598644495744768,0.03200000000000003,True
5.844192,4,37.517135,0.9609213817033873,0.03200000000000003,True
5.834349,4,37.525805,0.9650736595034208,0.03200000000000003,True
5.574985,4,37.5347,0.960363990756393,0.03200000000000003,True
5.626493,3,37.541709,0.9608189274657006,0.02400000000000002,True
5.429047,3,37.548598,0.9595836854662756,0.02400000000000002,True
5.835497,4,37.558793,0.963720721765117,0.03200000000000003,True
5.645465,4,37.567901,0.9582620941000612,0.03200000000000003,True
5.507208,5,37.57924,0.9610998112288766,0.040000000000000036,True
5.875926,4,37.588629,0.9601080807423462,0.03200000000000003,True
5.555436,4,37.597802,0.9605520104075661,0.03200000000000003,True
5.875123,5,37.609786,0.9602219762786182,0.040000000000000036,True
5.748113,3,37.617429,0.9576706539961064,0.02400000000000002,True
5.533687,4,37.62658,0.9584864477645911,0.03200000000000003,True
5.460131,2,38.171859,0.9607397791897463,0.016000000000000014,True
5.774308,3,38.179116,0.9589429775686761,0.02400000000000002,True
5.7504,4,38.188381,0.9616191693743583,0.03200000000000003,True
5.503145,4,38.198402,0.9589587788845116,0.03200000000000003,True
5.685564,5,38.209961,0.9678227452606949,0.040000000000000036,True
5.832908,4,38.21927,0.9596335697887074,0.03200000000000003,True
6.022593,3,38.22655,0.9619784114425116,0.02400000000000002,True
5.844371,4,38.236585,0.9587912187164075,0.03200000000000003,True
5.709761,4,38.245903,0.9619365831267168,0.03200000000000003,True
5.698212,5,38.258594,0.9565030356431357,0.040000000000000036,True
5.787656,4,38.267676,0.9634756646822823,0.03200000000000003,True
5.429898,5,38.278725,0.9612858162247351,0.040000000000000036,True
6.003617,4,38.288342,0.9574676566382179,0.03200000000000003,True
5.84768,4,38.298036,0.9587893602925934,0.03200000000000003,True
5.532504,4,38.306898,0.9647331121468635,0.03200000000000003,True
5.378867,3,38.314651,0.9696541583676981,0.02400000000000002,True
5.451367,4,38.323653,0.9603425252793313,0.03200000000000003,True
5.629063,5,38.334841,0.9573962300763165,0.040000000000000036,True
5.846321,4,38.34474,0.9586276401097559,0.03200000000000003,True
5.81838,5,38.355422,0.9637879193725855,0.040000000000000036,True
5.771419,4,38.364704,0.9636022642509697,0.03200000000000003,True
5.480688,3,38.372518,0.9607145961225312,0.02400000000000002,True
5.796389,3,38.380164,0.9629538848897286,0.02400000000000002,True
5.425711,4,38.390798,0.9600161112682684,0.03200000000000003,True
5.587176,3,38.398402,0.9600022845241173,0.02400000000000002,True
6.055442,5,38.409418,0.9605780016962373,0.040000000000000036,True
5.757484,4,38.419293,0.9602294815619219,0.03200000000000003,True
5.602197,5,38.430991,0.9611436516380956,0.040000000000000036,True
5.832101,5,38.44193,0.9581285898013948,0.040000000000000036,True
5.803753,5,38.453764,0.9648026245634682,0.040000000000000036,True
5.497198,4,38.462127,0.9631700157883984,0.03200000000000003,True
5.506902,5,38.474575,0.9618669396806414,0.040000000000000036,True
5.63559,4,38.483648,0.960441565204128,0.03200000000000003,True
5.496309,3,38.49074,0.9591378710624607,0.02400000000000002,True
5.58667,3,38.49879,0.9567912500362502,0.02400000000000002,True
5.81072,5,38.509666,0.9654900497601525,0.040000000000000036,True
5.868531,5,38.522473,0.9612535333259267,0.040000000000000036,True
5.714246,3,38.530372,0.9586863899973969,0.02400000000000002,True
5.690394,3,38.537863,0.9579257818666662,0.02400000000000002,True
5.761516,4,38.546957,0.960743731661945,0.03200000000000003,True
5.523208,2,38.555375,0.9635032262336938,0.016000000000000014,True
5.7192,4,38.56967,0.9593481592616253,0.03200000000000003,True
5.862997,5,38.585941,0.9619409826294966,0.040000000000000036,True
5.981219,4,38.598946,0.9569879471765848,0.03200000000000003,True
5.618733,3,38.610944,0.9572411315832751,0.02400000000000002,True
5.724253,5,38.629489,0.9580623126066758,0.040000000000000036,True
5.395165,3,38.641439,0.9614277276749901,0.02400000000000002,True
5.675932,4,38.65631,0.961693892110963,0.03200000000000003,True
5.457759,3,38.66464,0.9589569340628994,0.02400000000000002,True
5.418338,3,38.675077,0.9599360763575093,0.02400000000000002,True
5.687812,4,38.689365,0.9622515892498424,0.03200000000000003,True
5.79017,3,38.698741,0.9623272218321433,0.02400000000000002,True
5.520581,3,38.708077,0.9595489419752745,0.02400000000000002,True
5.782778,4,38.722092,0.9639276500207665,0.03200000000000003,True
5.768941,6,38.741417,0.9586859932805836,0.04800000000000004,True
5.442385,3,38.752531,0.9584716614501874,0.02400000000000002,True
5.779955,4,38.765146,0.9614178904367859,0.03200000000000003,True
5.642425,5,38.779764,0.9591430653339857,0.040000000000000036,True
5.518399,3,38.788812,0.9650653786353685,0.02400000000000002,True
5.554118,4,38.801943,0.9616593817708496,0.03200000000000003,True
5.603594,4,38.81545,0.9630739441202312,0.03200000000000003,True
5.662323,3,38.824013,0.9653303323173679,0.02400000000000002,True
5.719314,3,38.836112,0.9675595293170911,0.02400000000000002,True
5.496402,4,38.84934,0.9639069084209749,0.03200000000000003,True
5.838288,4,38.870364,0.95703711295297,0.03200000000000003,True
5.609663,3,38.880292,0.9610226095687395,0.02400000000000002,True
5.539853,3,39.616828,0.9612307462432511,0.02400000000000002,True
5.842099,4,39.628826,0.9625744539461534,0.03200000000000003,True
5.520736,3,39.63842,0.9587144601640665,0.02400000000000002,True
5.567327,4,39.650719,0.957489735313243,0.03200000000000003,True
5.467336,3,39.659566,0.9627394891053112,0.02400000000000002,True
5.598906,3,39.667733,0.9619224690267352,0.02400000000000002,True
5.453826,3,39.677449,0.9597712908511422,0.02400000000000002,True
5.810713,4,39.69048,0.9633101553239976,0.03200000000000003,True
5.762732,4,39.702664,0.9610624872553868,0.03200000000000003,True
5.786112,4,39.715045,0.962867046713588,0.03200000000000003,True
5.725202,4,39.728627,0.9580710178709992,0.03200000000000003,True
5.544748,4,39.741013,0.9599780867091834,0.03200000000000003,True
5.3913,3,39.750632,0.9640178806981412,0.02400000000000002,True
5.553066,3,39.760331,0.9617206986794935,0.02400000000000002,True
5.84399,4,39.77117,0.9589513436610163,0.03200000000000003,True
5.631466,3,39.779105,0.9591322916685361,0.02400000000000002,True
5.339561,3,39.788912,0.9616523026667874,0.02400000000000002,True
5.601533,3,39.797214,0.9598451131716135,0.02400000000000002,True
5.71831,5,39.811596,0.9598765477271298,0.040000000000000036,True
5.429619,3,39.820267,0.9633522772904293,0.02400000000000002,True
5.702897,3,39.829667,0.9587321486902445,0.02400000000000002,True
5.526402,5,39.844449,0.9589744206486548,0.040000000000000036,True
5.724794,3,39.853714,0.9613739663398932,0.02400000000000002,True
5.494019,4,39.865468,0.9662834043932831,0.03200000000000003,True
5.662896,3,39.87501,0.9568866279976938,0.02400000000000002,True
5.698218,4,39.887821,0.9619561011976298,0.03200000000000003,True
5.644945,5,39.902021,0.9575608214464782,0.040000000000000036,True
5.469332,4,39.914116,0.9637708315955515,0.03200000000000003,True
5.425879,5,39.929269,0.9590861468911467,0.040000000000000036,True
5.534667,4,39.941229,0.9599044737345755,0.03200000000000003,True
5.627251,4,39.953294,0.9630566449284165,0.03200000000000003,True
5.967865,4,39.965229,0.9615731221492848,0.03200000000000003,True
5.604465,4,39.97774,0.9618442358824737,0.03200000000000003,True
5.670607,4,39.990347,0.9637707138628823,0.03200000000000003,True
5.914415,3,39.998888,0.9577230977814886,0.02400000000000002,True
5.603127,4,40.012266,0.9568357414340877,0.03200000000000003,True
5.935919,4,40.027347,0.960910849419666,0.03200000000000003,True
5.650624,4,40.040849,0.9628160435333128,0.03200000000000003,True
5.764699,3,40.050587,0.9611541580708627,0.02400000000000002,True
5.488431,3,40.061438,0.9613629619339994,0.02400000000000002,True
5.957868,4,40.075552,0.962463343589191,0.03200000000000003,True
5.767631,4,40.091135,0.9624779304931625,0.03200000000000003,True
5.627591,3,40.100727,0.9595497912355923,0.02400000000000002,True
5.807106,3,40.112562,0.9640747244527356,0.02400000000000002,True
5.54713,5,40.129778,0.9612818279637098,0.040000000000000036,True
5.694126,5,40.146034,0.9611834494334749,0.040000000000000036,True
5.621735,4,40.158261,0.9650204176795962,0.03200000000000003,True
5.7407,4,40.170192,0.9602448485679325,0.03200000000000003,True
5.412917,4,40.185299,0.9622406464080651,0.03200000000000003,True
5.504925,5,40.19928,0.9641347205107792,0.040000000000000036,True
5.566669,5,40.21534,0.9652222834221326,0.040000000000000036,True
5.53927,4,40.229197,0.9612704795300127,0.03200000000000003,True
6.015021,4,40.24077,0.9613971232197749,0.03200000000000003,True
5.602386,4,40.254251,0.9603260288559236,0.03200000000000003,True
5.410322,3,40.262291,0.9610307437580623,0.02400000000000002,True
5.57375,4,40.276816,0.963702343603736,0.03200000000000003,True
5.503821,4,40.289932,0.9590460377175922,0.03200000000000003,True
5.596788,4,40.303486,0.9600066869677224,0.03200000000000003,True
5.531962,4,40.314524,0.9638935173883596,0.03200000000000003,True
5.850566,3,40.323889,0.958469690745011,0.02400000000000002,True
5.467889,3,40.331871,0.959837200379666,0.02400000000000002,True
5.685653,4,40.343204,0.9662551484913066,0.03200000000000003,True
5.460608,3,40.351913,0.9650826748441967,0.02400000000000002,True
5.705351,4,40.363284,0.9590653929682811,0.03200000000000003,True
5.426538,3,40.37499,0.9627836836881325,0.02400000000000002,True
5.450371,3,40.383609,0.9599910288487665,0.02400000000000002,True
5.726987,5,40.39867,0.9629521189939989,0.040000000000000036,True
5.376795,4,40.410735,0.9604511481194057,0.03200000000000003,True
5.55236,3,41.123215,0.9566605649570996,0.02400000000000002,True
5.558213,4,41.13615,0.9578677778087319,0.03200000000000003,True
5.716139,4,41.150632,0.9648112611285506,0.03200000000000003,True
5.708525,3,41.16117,0.9599250506236572,0.02400000000000002,True
5.879958,4,41.173774,0.9604695965433179,0.03200000000000003,True
5.62491,3,41.182737,0.9605964701039836,0.02400000000000002,True
6.014234,3,41.191749,0.96289920179583,0.02400000000000002,True
5.814654,4,41.203583,0.9641275896903427,0.03200000000000003,True
5.554961,4,41.214919,0.9633960629685181,0.03200000000000003,True
5.814881,5,41.231376,0.9606602105952621,0.040000000000000036,True
5.602449,3,41.240267,0.96619787710212,0.02400000000000002,True
5.543699,3,41.25,0.9611867392878493,0.02400000000000002,True
5.636776,3,41.259583,0.9568396123744922,0.02400000000000002,True
5.487773,3,41.269438,0.9610195314204024,0.02400000000000002,True
5.84409,4,41.282017,0.9582768732622035,0.03200000000000003,True
5.617565,3,41.292271,0.9603244013564791,0.02400000000000002,True
5.826616,5,41.308984,0.9584745638440672,0.040000000000000036,True
5.768349,4,41.324016,0.9592384496302166,0.03200000000000003,True
5.576279,4,41.33723,0.9625001634254567,0.03200000000000003,True
5.703543,5,41.355503,0.9578466675639478,0.040000000000000036,True
5.687138,3,41.367219,0.9609306059416827,0.02400000000000002,True
5.873297,4,41.38081,0.9601439795109815,0.03200000000000003,True
6.081146,5,41.398788,0.958630004831122,0.040000000000000036,True
5.810116,5,41.417039,0.9644135241232221,0.040000000000000036,True
6.001731,3,41.427753,0.9638716863062853,0.02400000000000002,True
5.703726,4,41.442016,0.9667730492018367,0.03200000000000003,True
5.579251,4,41.456716,0.9619227540391867,0.03200000000000003,True
5.522989,4,41.472171,0.9602241022818669,0.03200000000000003,True
5.755422,4,41.486533,0.9659732342043925,0.03200000000000003,True
5.611193,4,41.500727,0.9573390073448025,0.03200000000000003,True
5.925581,4,41.514863,0.9680702044278803,0.03200000000000003,True
5.740884,3,41.528652,0.960832279237169,0.02400000000000002,True
5.533911,4,41.542552,0.9631027122541835,0.03200000000000003,True
5.851993,5,41.560131,0.9603527659391462,0.040000000000000036,True
5.84545,5,41.577585,0.9684274643632993,0.040000000000000036,True
5.727644,4,41.591408,0.9578682802101394,0.03200000000000003,True
5.612546,5,41.61152,0.9612905415735516,0.040000000000000036,True
5.730683,4,41.625985,0.9601076712633734,0.03200000000000003,True
5.700275,3,41.635053,0.9615573638488198,0.02400000000000002,True
5.503803,4,41.648156,0.9606531169148905,0.03200000000000003,True
5.745099,3,41.65839,0.9592054682382454,0.02400000000000002,True
5.552768,4,41.670062,0.9620076761853983,0.03200000000000003,True
5.428912,3,41.678366,0.9647361226159303,0.02400000000000002,True
5.838159,3,41.687173,0.9630534024628324,0.02400000000000002,True
5.652335,3,41.696784,0.9659452306451632,0.02400000000000002,True
5.727742,2,41.703419,0.9641536747448064,0.016000000000000014,True
5.673269,4,41.715188,0.96122373172977,0.03200000000000003,True
5.511873,4,41.726169,0.9596825355751935,0.03200000000000003,True
5.639278,5,41.740184,0.9621705288007834,0.040000000000000036,True
5.438123,3,41.750192,0.9657578165398861,0.02400000000000002,True
5.549705,4,41.764441,0.9613557994889101,0.03200000000000003,True
5.759276,4,41.777052,0.9627959416502154,0.03200000000000003,True
5.6657,3,41.786572,0.963277115693555,0.02400000000000002,True
5.513075,4,41.800616,0.9650221342298304,0.03200000000000003,True
5.525383,4,41.814779,0.9634778772414616,0.03200000000000003,True
5.439876,4,41.828842,0.9596220093760554,0.03200000000000003,True
5.748506,4,41.841638,0.9649553177818293,0.03200000000000003,True
5.575703,4,41.854035,0.9617477294716142,0.03200000000000003,True
5.62403,4,41.866123,0.960233757074628,0.03200000000000003,True
5.73644,5,41.883217,0.9599832877894297,0.040000000000000036,True
5.683295,5,41.900786,0.9576585512455781,0.040000000000000036,True
5.702435,2,41.908043,0.9634705249992277,0.016000000000000014,True
5.780211,5,41.926663,0.9654809111758293,0.040000000000000036,True
5.813424,3,41.935005,0.9564627664207559,0.02400000000000002,True
5.756423,4,41.947163,0.9621518719617501,0.03200000000000003,True
5.684578,5,41.964467,0.9586621930064461,0.040000000000000036,True
5.951985,4,42.742707,0.959041166368562,0.03200000000000003,True
5.712349,4,42.757129,0.963293698450196,0.03200000000000003,True
5.732996,4,42.773249,0.9613646478919794,0.03200000000000003,True
5.537874,4,42.785275,0.9559300535643454,0.03200000000000003,True
5.573081,5,42.803536,0.9723151071543523,0.040000000000000036,True
5.679943,4,42.815957,0.959758693395158,0.03200000000000003,True
5.588201,4,42.830098,0.9611965851899349,0.03200000000000003,True
5.724432,5,42.845635,0.9592473118363609,0.040000000000000036,True
5.701023,3,42.856805,0.956732659686977,0.02400000000000002,True
5.896416,3,42.869522,0.9591150380547769,0.02400000000000002,True
5.939909,3,42.880406,0.9584157041713969,0.02400000000000002,True
5.596402,4,42.893043,0.9625729759526241,0.03200000000000003,True
5.388638,3,42.902848,0.9619740845398026,0.02400000000000002,True
5.729418,4,42.916674,0.9636063343818104,0.03200000000000003,True
5.81865,5,42.934193,0.9646071194311459,0.040000000000000036,True
5.841259,4,42.945946,0.9663749066541313,0.03200000000000003,True
5.852065,5,42.961876,0.960536338455074,0.040000000000000036,True
5.840964,3,42.971409,0.9594533051842701,0.02400000000000002,True
5.587666,4,42.984409,0.9575093590673501,0.03200000000000003,True
5.939292,5,43.001429,0.9653718879407531,0.040000000000000036,True
5.612448,4,43.015488,0.9590736876946271,0.03200000000000003,True
5.59625,4,43.029329,0.9573740024405293,0.03200000000000003,True
6.102179,4,43.041423,0.9560061546476527,0.03200000000000003,True
6.0194,5,43.052187,0.9620224801891321,0.040000000000000036,True
5.724856,5,43.065728,0.9580973412895069,0.040000000000000036,True
5.768205,3,43.073947,0.9568353357946603,0.02400000000000002,True
5.603566,4,43.083145,0.9631140495289321,0.03200000000000003,True
5.759037,4,43.093039,0.9588264327787275,0.03200000000000003,True
5.970902,4,43.102602,0.9637503985787157,0.03200000000000003,True
5.615809,3,43.110767,0.9597624299695193,0.02400000000000002,True
5.566518,3,43.116505,0.9626283286303826,0.02400000000000002,True
5.757339,3,43.123995,0.9603721074409626,0.02400000000000002,True
5.547016,5,43.136715,0.9647339102027359,0.040000000000000036,True
5.572345,4,43.14558,0.9615819186416694,0.03200000000000003,True
5.54932,4,43.15496,0.96124206968725,0.03200000000000003,True
5.70561,4,43.164762,0.9578360834116537,0.03200000000000003,True
5.746777,4,43.174247,0.9640649888095003,0.03200000000000003,True
5.831319,4,43.183342,0.9614978024767686,0.03200000000000003,True
5.465522,3,43.19086,0.9610155799601241,0.02400000000000002,True
5.776843,5,43.201748,0.9622625662889028,0.040000000000000036,True
5.804089,5,43.213711,0.9594592641521922,0.040000000000000036,True
5.477128,3,43.221258,0.9654851182673072,0.02400000000000002,True
5.751099,4,43.230439,0.9575763306692682,0.03200000000000003,True
5.781007,4,43.240663,0.9641205285420431,0.03200000000000003,True
5.66406,3,43.24849,0.9613221690313128,0.02400000000000002,True
5.694141,4,43.261261,0.9662590541354514,0.03200000000000003,True
5.580651,4,43.275597,0.9660183875032811,0.03200000000000003,True
5.656589,4,43.288907,0.9609851226561146,0.03200000000000003,True
5.714502,3,43.296,0.9615809629598467,0.02400000000000002,True
5.486462,5,43.307746,0.9583596358900963,0.040000000000000036,True
5.576874,3,43.315069,0.9577700831000675,0.02400000000000002,True
5.626845,4,43.324203,0.9610415776447643,0.03200000000000003,True
5.65514,5,43.336636,0.9635155341199682,0.040000000000000036,True
5.507399,3,43.343393,0.9590002179878475,0.02400000000000002,True
5.730305,4,43.353472,0.96292249593042,0.03200000000000003,True
5.636567,3,43.362041,0.9609990111549578,0.02400000000000002,True
5.889295,5,43.375955,0.959814029730443,0.040000000000000036,True
5.674827,4,43.387073,0.9631747625767276,0.03200000000000003,True
5.839011,5,43.400352,0.9592688232385818,0.040000000000000036,True
6.038263,4,43.409204,0.9635413076010255,0.03200000000000003,True
5.476011,3,43.417627,0.9646390516750697,0.02400000000000002,True
5.464686,5,43.429444,0.9595001962457892,0.040000000000000036,True
5.870324,5,43.441131,0.9602395754228865,0.040000000000000036,True
5.776734,4,43.450463,0.9616208428848996,0.03200000000000003,True
5.743874,5,43.967573,0.959804627939576,0.040000000000000036,True
5.612586,4,43.976556,0.9582245232790925,0.03200000000000003,True
5.824279,4,43.986788,0.961990149755505,0.03200000000000003,True
5.672957,4,43.996393,0.9602980040984022,0.03200000000000003,True
5.331139,3,44.00421,0.9623936564479009,0.02400000000000002,True
5.870183,5,44.01563,0.9614378154724998,0.040000000000000036,True
5.498604,4,44.025637,0.9623736329613313,0.03200000000000003,True
5.55904,4,44.033994,0.9618156463665055,0.03200000000000003,True
5.591746,4,44.043648,0.9603073113084362,0.03200000000000003,True
5.489437,4,44.051847,0.9574408547983,0.03200000000000003,True
5.732708,4,44.063019,0.9634694604680807,0.03200000000000003,True
5.537502,3,44.070502,0.9654750754572126,0.02400000000000002,True
5.785409,4,44.158535,0.9591336047501171,0.03200000000000003,True
5.669833,4,44.169002,0.9609741029566421,0.03200000000000003,True
5.649856,4,44.178099,0.9658438694854197,0.03200000000000003,True
5.737944,4,44.187261,0.9616707953346013,0.03200000000000003,True
5.642544,3,44.193735,0.961380934899482,0.02400000000000002,True
5.653811,5,44.205025,0.9639529823452289,0.040000000000000036,True
5.676064,4,44.214333,0.9614172504822485,0.03200000000000003,True
5.581538,5,44.224966,0.9620096442745498,0.040000000000000036,True
5.554315,4,44.235305,0.9643343905118229,0.03200000000000003,True
5.927596,4,44.244248,0.9640243163113704,0.03200000000000003,True
5.670087,3,44.250421,0.9594383155621402,0.02400000000000002,True
5.527626,3,44.257843,0.9618854349841514,0.02400000000000002,True
5.593063,4,44.267213,0.9636922486878049,0.03200000000000003,True
5.794649,4,44.276418,0.9607589065788394,0.03200000000000003,True
5.450905,4,44.287414,0.9624692391953074,0.03200000000000003,True
5.674027,3,44.297889,0.9606286375375512,0.02400000000000002,True
5.74512,4,44.310172,0.9613831403281161,0.03200000000000003,True
5.562659,4,44.322004,0.9592357693679243,0.03200000000000003,True
5.549568,4,44.332301,0.9609177978698393,0.03200000000000003,True
5.539205,4,44.341153,0.9623318435547097,0.03200000000000003,True
5.511191,4,44.351193,0.9614036865876701,0.03200000000000003,True
5.666396,4,44.360837,0.9594979533385546,0.03200000000000003,True
5.789406,5,44.380056,0.9571272225430709,0.040000000000000036,True
5.779108,4,44.389224,0.9650043633471695,0.03200000000000003,True
5.582829,4,44.39919,0.9600402178635671,0.03200000000000003,True
5.574476,3,44.405356,0.9568667945546169,0.02400000000000002,True
5.700418,4,44.414481,0.9611841062380919,0.03200000000000003,True
5.681696,2,44.421129,0.9570798637879006,0.016000000000000014,True
5.432772,3,44.428729,0.9598571329742007,0.02400000000000002,True
5.381685,3,44.435679,0.9608710897450699,0.02400000000000002,True
5.354448,3,44.444005,0.9629282611974863,0.02400000000000002,True
5.832959,4,44.454614,0.9595360407906082,0.03200000000000003,True
5.705861,5,44.467721,0.9598536826294619,0.040000000000000036,True
5.514296,4,44.478047,0.9645496800798633,0.03200000000000003,True
5.554062,5,44.490587,0.9590820450567554,0.040000000000000036,True
5.645304,5,44.50239,0.9654204992314998,0.040000000000000036,True
5.77041,4,44.511962,0.962933069337379,0.03200000000000003,True
5.515549,3,44.519451,0.9564390773538006,0.02400000000000002,True
5.576707,4,44.528111,0.9599090142597457,0.03200000000000003,True
5.556803,4,44.537982,0.96080883374668,0.03200000000000003,True
5.693823,4,44.547016,0.960526426621541,0.03200000000000003,True
5.611697,5,44.557909,0.9631451471369001,0.040000000000000036,True
5.868544,3,44.564841,0.9596822591169205,0.02400000000000002,True
5.719317,4,44.573866,0.9588945376092567,0.03200000000000003,True
5.566125,4,44.583038,0.9628906745159276,0.03200000000000003,True
5.733661,3,44.5902,0.9596770149764944,0.02400000000000002,True
5.551429,5,44.600663,0.9655999550677994,0.040000000000000036,True
5.741118,4,44.613132,0.9627495966435378,0.03200000000000003,True
5.621314,4,44.624449,0.9623209947574458,0.03200000000000003,True
5.773111,4,44.634455,0.9634762123174108,0.03200000000000003,True
5.74478,3,44.640953,0.959842138940293,0.02400000000000002,True
5.696581,4,44.650361,0.9631414054914018,0.03200000000000003,True
5.783879,4,44.659099,0.9624970328603336,0.03200000000000003,True
5.70214,3,44.667022,0.9605349491864106,0.02400000000000002,True
5.79742,4,45.185789,0.9590101088509357,0.03200000000000003,True
5.601825,4,45.196199,0.9609089801165315,0.03200000000000003,True
5.689578,4,45.204569,0.9626171768438687,0.03200000000000003,True
5.900553,4,45.213938,0.9578034263182578,0.03200000000000003,True
5.597558,3,45.221048,0.9613637574563012,0.02400000000000002,True
5.527601,4,45.230103,0.9593481820975114,0.03200000000000003,True
6.0146,3,45.238112,0.962901920389394,0.02400000000000002,True
5.597153,4,45.246665,0.9636494205838689,0.03200000000000003,True
5.748907,5,45.257448,0.965750601013253,0.040000000000000036,True
5.46739,4,45.266583,0.9634485598054967,0.03200000000000003,True
5.616151,4,45.276106,0.9575992455982625,0.03200000000000003,True
5.549503,4,45.285145,0.9605249225524015,0.03200000000000003,True
5.472607,5,45.297939,0.9627336716030173,0.040000000000000036,True
5.772085,4,45.306903,0.9571640596008089,0.03200000000000003,True
5.722759,3,45.312718,0.9655408382350119,0.02400000000000002,True
5.614946,5,45.32851,0.9615288880873183,0.040000000000000036,True
5.72116,4,45.342145,0.9623747092470598,0.03200000000000003,True
5.545188,5,45.356884,0.9570088218325807,0.040000000000000036,True
5.494791,5,45.369367,0.9587344590538276,0.040000000000000036,True
5.755627,5,45.382513,0.9696281480523522,0.040000000000000036,True
5.754676,3,45.390245,0.9616697948142354,0.02400000000000002,True
5.717901,5,45.403181,0.9609395384237269,0.040000000000000036,True
5.676457,5,45.416283,0.9622795042226251,0.040000000000000036,True
5.549975,4,45.425651,0.9597107152074014,0.03200000000000003,True
5.477238,3,45.433588,0.9623708876025403,0.02400000000000002,True
5.805844,4,45.442811,0.9590314490611723,0.03200000000000003,True
5.6797,3,45.449798,0.9629104949181556,0.02400000000000002,True
5.428935,3,45.457476,0.960532255481197,0.02400000000000002,True
5.7667,3,45.46505,0.9600465244679494,0.02400000000000002,True
5.849255,5,45.476674,0.9662238415911226,0.040000000000000036,True
5.699375,3,45.484778,0.9620362977776871,0.02400000000000002,True
5.586399,4,45.493587,0.9621129623347249,0.03200000000000003,True
5.76117,3,45.501981,0.9595711219443379,0.02400000000000002,True
5.816956,4,45.510933,0.962255209429687,0.03200000000000003,True
5.779732,4,45.519474,0.9609394600281803,0.03200000000000003,True
5.800208,5,45.53073,0.9560009556729241,0.040000000000000036,True
5.655622,5,45.54297,0.9588556018911218,0.040000000000000036,True
5.748557,3,45.550104,0.9596909105285718,0.02400000000000002,True
5.629457,4,45.560011,0.9599588834226654,0.03200000000000003,True
5.435558,3,45.566698,0.9645979348058704,0.02400000000000002,True
5.45564,4,45.576415,0.9636193963786577,0.03200000000000003,True
5.700501,4,45.589933,0.9604413588762047,0.03200000000000003,True
5.571178,4,45.599258,0.9671581394339985,0.03200000000000003,True
5.668597,5,45.613801,0.961064917733119,0.040000000000000036,True
5.637904,4,45.62262,0.9595201907661837,0.03200000000000003,True
5.774737,5,45.634476,0.9601105071249029,0.040000000000000036,True
5.785655,4,45.643644,0.9610199131231544,0.03200000000000003,True
5.500818,4,45.65284,0.9622107828533835,0.03200000000000003,True
5.688484,4,45.662067,0.9632858075756258,0.03200000000000003,True
5.61182,4,45.671465,0.962264191962825,0.03200000000000003,True
5.898816,3,45.67847,0.9589263153532348,0.02400000000000002,True
5.758383,5,45.690578,0.9630214941604458,0.040000000000000036,True
5.574948,3,45.697626,0.960980991360771,0.02400000000000002,True
5.90758,5,45.708833,0.9594061296016415,0.040000000000000036,True
5.672938,4,45.717084,0.9619366449952397,0.03200000000000003,True
5.726673,3,45.724189,0.9588622720619835,0.02400000000000002,True
5.817241,3,45.730603,0.9641629920146941,0.02400000000000002,True
5.625749,3,45.738468,0.9647929349660409,0.02400000000000002,True
5.855414,4,45.747453,0.9604354213509737,0.03200000000000003,True
5.754632,4,45.757239,0.9585795942900686,0.03200000000000003,True
5.431786,4,45.766922,0.9571344170995439,0.03200000000000003,True
5.555702,3,45.774093,0.9622244621180785,0.02400000000000002,True
5.795552,4,45.785377,0.9653164290163738,0.03200000000000003,True
5.808942,4,45.796555,0.9577932479447238,0.03200000000000003,True
5.63884,5,45.807958,0.9660702042896874,0.040000000000000036,True
5.511981,4,46.341768,0.9659982469668158,0.03200000000000003,True
5.497589,4,46.351464,0.9566610359383784,0.03200000000000003,True
5.725277,3,46.361547,0.9627568757260818,0.02400000000000002,True
5.67029,5,46.378552,0.9620734577741102,0.040000000000000036,True
5.549667,4,46.391738,0.9614418118786776,0.03200000000000003,True
5.488632,3,46.401375,0.9620595877774067,0.02400000000000002,True
5.74005,4,46.412016,0.9612734504517761,0.03200000000000003,True
5.662964,4,46.420953,0.9587853749095594,0.03200000000000003,True
5.698456,5,46.431789,0.9607934017729204,0.040000000000000036,True
5.491149,4,46.441364,0.9665678181481375,0.03200000000000003,True
5.618519,5,46.453844,0.9631447184855306,0.040000000000000036,True
5.772383,4,46.461579,0.9588444911919591,0.03200000000000003,True
5.944476,4,46.470596,0.9621123171175054,0.03200000000000003,True
5.656855,5,46.484841,0.9629952909574734,0.040000000000000036,True
5.660186,3,46.490886,0.9609342444098878,0.02400000000000002,True
5.572534,4,46.501831,0.959865560542452,0.03200000000000003,True
5.669997,3,46.508663,0.9613008566571296,0.02400000000000002,True
5.720005,4,46.517948,0.9602411991311912,0.03200000000000003,True
5.912452,4,46.526824,0.9601826415042625,0.03200000000000003,True
5.935604,4,46.53844,0.9621665997056126,0.03200000000000003,True
6.031533,4,46.54657,0.9592557596663249,0.03200000000000003,True
5.653295,4,46.555675,0.9641722351698861,0.03200000000000003,True
5.45033,4,46.565069,0.9592341523760991,0.03200000000000003,True
5.70246,4,46.574714,0.9618820795871743,0.03200000000000003,True
5.585276,5,46.585442,0.9598524877058497,0.040000000000000036,True
5.711977,4,46.595484,0.9608541311602994,0.03200000000000003,True
5.448818,3,46.602846,0.9598608520024852,0.02400000000000002,True
5.591752,4,46.614001,0.9568796054231865,0.03200000000000003,True
5.519415,4,46.623002,0.9601370318812918,0.03200000000000003,True
5.398072,3,46.630788,0.9603081231625006,0.02400000000000002,True
5.447373,3,46.63809,0.9605701846561359,0.02400000000000002,True
5.44362,3,46.644982,0.9592003234076711,0.02400000000000002,True
5.58198,4,46.654191,0.9611543942443874,0.03200000000000003,True
5.487801,4,46.663871,0.9613596074580957,0.03200000000000003,True
5.780844,4,46.672997,0.961464440992492,0.03200000000000003,True
5.749973,5,46.684278,0.9610852469505572,0.040000000000000036,True
5.804303,4,46.692522,0.9669697341204306,0.03200000000000003,True
5.840127,4,46.70277,0.9606474918385839,0.03200000000000003,True
5.74212,4,46.712514,0.9624897642119138,0.03200000000000003,True
5.629782,4,46.721559,0.9620140583382951,0.03200000000000003,True
5.98842,4,46.730741,0.9632286284075596,0.03200000000000003,True
5.549111,4,46.740172,0.9623371763574501,0.03200000000000003,True
5.469211,2,46.744501,0.9616278093707521,0.016000000000000014,True
5.486288,3,46.751238,0.9570362364780001,0.02400000000000002,True
5.716912,5,46.763806,0.9621365018520427,0.040000000000000036,True
5.787072,5,46.775595,0.9616354094446392,0.040000000000000036,True
5.801,5,46.787789,0.9589563142743136,0.040000000000000036,True
5.759021,4,46.798167,0.9628919396415974,0.03200000000000003,True
5.623304,3,46.804795,0.9664274381250835,0.02400000000000002,True
5.590255,5,46.817536,0.9626450225050431,0.040000000000000036,True
5.599391,4,46.827038,0.9652413216877633,0.03200000000000003,True
5.786566,5,46.83892,0.9582844604660642,0.040000000000000036,True
5.565448,4,46.848475,0.9616643772034885,0.03200000000000003,True
5.711952,3,46.855722,0.9599479454607229,0.02400000000000002,True
5.708866,4,46.865048,0.9629420643387114,0.03200000000000003,True
5.564777,4,46.874804,0.9629270970985054,0.03200000000000003,True
5.582699,3,46.88184,0.9607991955021586,0.02400000000000002,True
5.477987,4,46.891255,0.9631760552245274,0.03200000000000003,True
5.539688,3,46.898618,0.9637348631744123,0.02400000000000002,True
5.891984,4,46.90912,0.9608574603056508,0.03200000000000003,True
5.525441,3,46.916641,0.9562688766454694,0.02400000000000002,True
5.383806,3,46.923506,0.9609118684444785,0.02400000000000002,True
5.444968,3,46.931327,0.9594900292625315,0.02400000000000002,True
5.691305,3,46.938791,0.9582927713157395,0.02400000000000002,True
5.785266,3,46.945452,0.9573654477728568,0.02400000000000002,True
5.626703,4,46.955204,0.9616584275047522,0.03200000000000003,True
5.542457,3,47.549123,0.9605380644290457,0.02400000000000002,True
6.000325,4,47.559873,0.9587833254212412,0.03200000000000003,True
5.50948,3,47.5678,0.9639087880371789,0.02400000000000002,True
5.993773,4,47.577877,0.9635805591573503,0.03200000000000003,True
5.668655,3,47.583268,0.9629646927864786,0.02400000000000002,True
5.434855,2,47.589956,0.9584216770113558,0.016000000000000014,True
5.80608,4,47.600069,0.9629880924483326,0.03200000000000003,True
5.72763,4,47.611594,0.9613069485409893,0.03200000000000003,True
5.823198,4,47.621085,0.9594430848839207,0.03200000000000003,True
5.737768,5,47.632988,0.9615527748039271,0.040000000000000036,True
5.892511,3,47.641259,0.9652448164555552,0.02400000000000002,True
5.598569,3,47.647835,0.958455686398047,0.02400000000000002,True
5.715762,4,47.657361,0.9614140692713302,0.03200000000000003,True
5.789133,4,47.666217,0.9585711045081762,0.03200000000000003,True
5.561157,5,47.677361,0.9607073239954076,0.040000000000000036,True
5.697897,4,47.6864,0.9590164840306075,0.03200000000000003,True
5.782189,6,47.699686,0.958841542756049,0.04800000000000004,True
5.802724,4,47.708736,0.9569647544564979,0.03200000000000003,True
5.773625,4,47.719422,0.9594980141078818,0.03200000000000003,True
5.798423,4,47.728536,0.9614441469405062,0.03200000000000003,True
5.805013,5,47.73963,0.9573207593642614,0.040000000000000036,True
5.659326,4,47.749264,0.9643437040866127,0.03200000000000003,True
5.791094,5,47.760732,0.9603698217290493,0.040000000000000036,True
5.507322,5,47.772768,0.9598985480609906,0.040000000000000036,True
5.387421,3,47.780985,0.9652702077071098,0.02400000000000002,True
5.589294,5,47.795172,0.962937813150792,0.040000000000000036,True
5.776934,4,47.804359,0.9602628063589737,0.03200000000000003,True
5.561574,4,47.813845,0.9580443668297007,0.03200000000000003,True
5.606684,3,47.820004,0.9633823035358637,0.02400000000000002,True
5.402785,3,47.826813,0.967370738874676,0.02400000000000002,True
5.673611,3,47.834531,0.9639585725691193,0.02400000000000002,True
5.635036,3,47.842393,0.960365507781376,0.02400000000000002,True
5.53841,4,47.851783,0.9596589185194011,0.03200000000000003,True
5.848807,5,47.862556,0.9597485421680563,0.040000000000000036,True
5.568843,4,47.872072,0.9629110595626009,0.03200000000000003,True
5.710403,3,47.880481,0.9571182086814386,0.02400000000000002,True
5.487281,5,47.891958,0.9594281089600947,0.040000000000000036,True
5.452429,3,47.898663,0.9636298393703829,0.02400000000000002,True
5.555801,3,47.905836,0.9597828717881948,0.02400000000000002,True
5.572489,4,47.916597,0.9583308170952863,0.03200000000000003,True
5.461122,3,47.924505,0.9635262629133636,0.02400000000000002,True
5.800187,4,47.933157,0.9616954571030175,0.03200000000000003,True
5.856933,4,47.942625,0.9659259895364106,0.03200000000000003,True
5.935751,3,47.950364,0.9685834048106732,0.02400000000000002,True
5.608243,3,47.95807,0.961124679100313,0.02400000000000002,True
5.600081,4,47.967366,0.962569483462404,0.03200000000000003,True
5.379459,3,47.974998,0.9620629493503274,0.02400000000000002,True
5.500002,4,47.984612,0.9653101428078436,0.03200000000000003,True
5.767125,4,47.993833,0.9587960449344555,0.03200000000000003,True
5.652416,3,48.000994,0.969647827893342,0.02400000000000002,True
5.726276,4,48.010049,0.9615865416122263,0.03200000000000003,True
5.658435,4,48.018732,0.9584523442135677,0.03200000000000003,True
5.982125,5,48.031841,0.9622935769731302,0.040000000000000036,True
5.383171,4,48.039634,0.9586436355423839,0.03200000000000003,True
5.749793,3,48.0475,0.9624311654127917,0.02400000000000002,True
5.71921,3,48.055455,0.9601201235479111,0.02400000000000002,True
5.804802,4,48.064906,0.9625179204341309,0.03200000000000003,True
5.723003,5,48.076949,0.957332408338971,0.040000000000000036,True
5.535571,3,48.084805,0.9658656197864518,0.02400000000000002,True
5.978756,4,48.095279,0.9614055499181644,0.03200000000000003,True
5.93832,4,48.104666,0.9599142243434132,0.03200000000000003,True
5.819072,5,48.117082,0.9634318562657003,0.040000000000000036,True
5.627953,3,48.124121,0.9629088799735391,0.02400000000000002,True
5.822407,4,48.133937,0.9639439731120394,0.03200000000000003,True
5.733667,4,48.142984,0.9608143426400836,0.03200000000000003,True
5.577217,3,48.150481,0.9594710798067021,0.02400000000000002,True
5.586117,3,48.157539,0.9628274853670808,0.02400000000000002,True
5.644452,3,48.164852,0.9615228731239742,0.02400000000000002,True
5.797769,4,48.717591,0.9591460490806909,0.03200000000000003,True
5.804162,4,48.726523,0.9636419334069395,0.03200000000000003,True
5.569294,4,48.736422,0.960457392482915,0.03200000000000003,True
5.907869,4,48.745991,0.9578467241300366,0.03200000000000003,True
5.699616,4,48.756161,0.9590087883417271,0.03200000000000003,True
5.709824,4,48.765523,0.9602083044179321,0.03200000000000003,True
5.663358,4,48.774914,0.9629695294468432,0.03200000000000003,True
5.569844,4,48.784259,0.9566272120590562,0.03200000000000003,True
5.703933,4,48.793966,0.9602810053763197,0.03200000000000003,True
5.951513,4,48.804912,0.9627889389584818,0.03200000000000003,True
6.03389,4,48.815202,0.9596821282386301,0.03200000000000003,True
5.806593,4,48.824799,0.963631679032241,0.03200000000000003,True
5.707037,4,48.833047,0.9573952263573146,0.03200000000000003,True
5.590696,5,48.844489,0.9589936057269186,0.040000000000000036,True
5.809946,4,48.8548,0.9617975280738711,0.03200000000000003,True
5.365897,3,48.862085,0.9573746193545518,0.02400000000000002,True
5.473436,5,48.873373,0.9640765716530773,0.040000000000000036,True
5.599657,3,48.880136,0.9617280728339677,0.02400000000000002,True
5.61839,3,48.88703,0.9596677310729265,0.02400000000000002,True
5.794372,3,48.894362,0.9650891969033016,0.02400000000000002,True
5.994499,5,48.90558,0.9623445180134411,0.040000000000000036,True
5.537633,4,48.915022,0.9661473836728646,0.03200000000000003,True
5.831234,5,48.927111,0.9589391381795792,0.040000000000000036,True
5.97664,3,48.933914,0.9605285988586951,0.02400000000000002,True
5.390353,4,48.942925,0.9568015069294117,0.03200000000000003,True
5.878652,5,48.955462,0.9617094174564544,0.040000000000000036,True
5.866601,4,48.964822,0.9577831527748939,0.03200000000000003,True
5.5076,4,48.973203,0.958723485973155,0.03200000000000003,True
5.360344,3,48.979447,0.9645227871039208,0.02400000000000002,True
5.74189,3,48.987363,0.962873358218358,0.02400000000000002,True
5.630321,3,48.995483,0.9593554678273591,0.02400000000000002,True
5.73972,4,49.005692,0.9615229329409929,0.03200000000000003,True
5.629189,4,49.015709,0.9612823044645706,0.03200000000000003,True
5.399043,4,49.025795,0.963099239607861,0.03200000000000003,True
5.370893,3,49.033617,0.95881624944285,0.02400000000000002,True
5.754207,4,49.043628,0.9566054171198628,0.03200000000000003,True
5.784339,4,49.053811,0.9649575782787199,0.03200000000000003,True
5.560203,3,49.061827,0.964371004970881,0.02400000000000002,True
5.51544,4,49.073647,0.9608781962697969,0.03200000000000003,True
5.627437,5,49.086273,0.9633824311204755,0.040000000000000036,True
5.535281,4,49.096833,0.9600561206393736,0.03200000000000003,True
5.922581,3,49.103644,0.9616051650430143,0.02400000000000002,True
5.528696,4,49.114203,0.9659688686507422,0.03200000000000003,True
5.393197,3,49.121546,0.9582854810119867,0.02400000000000002,True
5.52062,4,49.131628,0.9593091280681691,0.03200000000000003,True
5.517747,4,49.141439,0.9594334647473022,0.03200000000000003,True
5.617743,4,49.151884,0.9615544266024997,0.03200000000000003,True
5.620997,4,49.161504,0.9581471116912872,0.03200000000000003,True
5.542725,4,49.17187,0.9634008944582257,0.03200000000000003,True
5.770134,4,49.181215,0.9619896470551983,0.03200000000000003,True
5.595042,5,49.192904,0.9653927230599724,0.040000000000000036,True
5.636069,5,49.204494,0.9578981215998521,0.040000000000000036,True
5.835694,4,49.214105,0.9587050214653914,0.03200000000000003,True
5.73469,5,49.224545,0.9661382497357263,0.040000000000000036,True
5.700723,4,49.235102,0.9630044818596987,0.03200000000000003,True
5.598534,4,49.245377,0.959708173611824,0.03200000000000003,True
5.814131,4,49.255396,0.9675153045416024,0.03200000000000003,True
5.618386,5,49.266103,0.9630104924192289,0.040000000000000036,True
5.917645,4,49.275767,0.9592935128251154,0.03200000000000003,True
5.789447,5,49.288032,0.9618995160357733,0.040000000000000036,True
5.673456,4,49.297172,0.9584225355280165,0.03200000000000003,True
5.523724,5,49.307621,0.9606757982132863,0.040000000000000036,True
5.611213,3,49.31505,0.9621805897267262,0.02400000000000002,True
5.862082,4,49.323879,0.9628517304082214,0.03200000000000003,True
5.559262,4,49.91496,0.9614414671090821,0.03200000000000003,True
5.867027,4,49.924501,0.9594569570221447,0.03200000000000003,True
5.795961,3,49.931688,0.9586407043279386,0.02400000000000002,True
5.667714,4,49.941005,0.9653862219619089,0.03200000000000003,True
5.641382,4,50.024729,0.9649798228568052,0.03200000000000003,True
6.051482,3,50.032114,0.9599342802589854,0.02400000000000002,True
5.840505,4,50.041357,0.9629482747887288,0.03200000000000003,True
5.676827,4,50.050604,0.9576778740570835,0.03200000000000003,True
5.787777,4,50.060882,0.958857245915934,0.03200000000000003,True
5.617251,3,50.069133,0.9626830529257092,0.02400000000000002,True
5.451742,3,50.075758,0.9575674563984915,0.02400000000000002,True
5.614373,4,50.087219,0.9599548401802099,0.03200000000000003,True
5.950539,3,50.094323,0.9612991633945134,0.02400000000000002,True
5.799161,4,50.103631,0.9646201191869661,0.03200000000000003,True
5.870363,3,50.110707,0.961923160948421,0.02400000000000002,True
5.858866,3,50.118711,0.9676545678972597,0.02400000000000002,True
5.587317,5,50.131191,0.9593952520516109,0.040000000000000036,True
5.651535,5,50.144281,0.9658228191865055,0.040000000000000036,True
5.674484,3,50.15065,0.9642936301969309,0.02400000000000002,True
5.667566,4,50.160795,0.9606186572181727,0.03200000000000003,True
5.787437,4,50.170012,0.9647708539895948,0.03200000000000003,True
5.720429,4,50.179429,0.9627190906858802,0.03200000000000003,True
5.381234,2,50.183797,0.9591071848866343,0.016000000000000014,True
5.740714,4,50.19435,0.9603980382388668,0.03200000000000003,True
5.471766,3,50.201142,0.9637259307043948,0.02400000000000002,True
5.893526,5,50.21331,0.9635962595551418,0.040000000000000036,True
5.748066,4,50.22354,0.9598773357752046,0.03200000000000003,True
5.793805,4,50.232985,0.9603450540879094,0.03200000000000003,True
6.040147,4,50.243488,0.9628949871341154,0.03200000000000003,True
5.512194,3,50.249708,0.9636985102186645,0.02400000000000002,True
6.042219,5,50.262802,0.9608080015368483,0.040000000000000036,True
5.662773,4,50.271889,0.9636835166942773,0.03200000000000003,True
5.411375,3,50.278131,0.9648781597498275,0.02400000000000002,True
5.761459,4,50.290079,0.959032545828874,0.03200000000000003,True
5.61193,4,50.300423,0.9637747200873811,0.03200000000000003,True
5.639146,5,50.311734,0.957420283067073,0.040000000000000036,True
5.661584,3,50.319474,0.9611202187559005,0.02400000000000002,True
5.471884,5,50.331266,0.9596582183287536,0.040000000000000036,True
5.725084,4,50.340644,0.9593318243628501,0.03200000000000003,True
5.536426,3,50.346579,0.9598515265305627,0.02400000000000002,True
5.588342,4,50.356606,0.9631607695243916,0.03200000000000003,True
5.795309,4,50.365921,0.9619094558726576,0.03200000000000003,True
5.812199,4,50.375597,0.9649302821805437,0.03200000000000003,True
5.770426,5,50.387977,0.9620011922872768,0.040000000000000036,True
5.62256,4,50.398067,0.9607740204391324,0.03200000000000003,True
5.671595,3,50.405121,0.9627491161625135,0.02400000000000002,True
5.726168,3,50.412436,0.9609787411789465,0.02400000000000002,True
5.575314,3,50.420074,0.9587470024052411,0.02400000000000002,True
5.537768,5,50.432198,0.9610197514709804,0.040000000000000036,True
5.313945,3,50.440457,0.9617203530024022,0.02400000000000002,True
5.479136,4,50.451026,0.961880634662339,0.03200000000000003,True
5.543295,4,50.462852,0.9605030590440088,0.03200000000000003,True
5.644321,4,50.472775,0.9598983875348358,0.03200000000000003,True
5.585658,5,50.4844,0.9589449506432057,0.040000000000000036,True
5.794081,4,50.493444,0.9585768207642194,0.03200000000000003,True
5.589858,3,50.501382,0.9581827844916847,0.02400000000000002,True
5.60416,4,50.510966,0.9594669745429769,0.03200000000000003,True
5.624649,3,50.518448,0.9637608077997315,0.02400000000000002,True
5.614566,3,50.527869,0.9605116090415513,0.02400000000000002,True
5.792892,4,50.541283,0.9604162074770783,0.03200000000000003,True
5.774518,3,50.552538,0.960740651981641,0.02400000000000002,True
5.586315,4,50.563352,0.9651750404695425,0.03200000000000003,True
5.629496,5,50.575561,0.9636631016104588,0.040000000000000036,True
5.709294,4,50.584547,0.9591185691573301,0.03200000000000003,True
5.418275,5,50.596194,0.9622489753962191,0.040000000000000036,True
5.916435,4,50.607009,0.9651048895177214,0.03200000000000003,True
5.663131,4,50.620257,0.9611259260570719,0.03200000000000003,True
5.530023,4,51.149796,0.9624224587240306,0.03200000000000003,True
5.736092,3,51.156983,0.9629514954211438,0.02400000000000002,True
5.485795,5,51.169032,0.9645421206416612,0.040000000000000036,True
5.816055,4,51.179271,0.9601235376819108,0.03200000000000003,True
5.537703,4,51.18849,0.9619986281208194,0.03200000000000003,True
5.85723,4,51.198163,0.9610731121076261,0.03200000000000003,True
5.491157,3,51.205866,0.9618358560403412,0.02400000000000002,True
5.62879,5,51.217417,0.9676181930311248,0.040000000000000036,True
5.559419,5,51.228981,0.9628239134859078,0.040000000000000036,True
5.699553,5,51.241459,0.9646804512026363,0.040000000000000036,True
5.666848,4,51.25082,0.9611930083413032,0.03200000000000003,True
5.707253,4,51.259973,0.96021173037247,0.03200000000000003,True
5.729379,4,51.269649,0.9665750034468255,0.03200000000000003,True
5.656009,3,51.275781,0.9631550669114142,0.02400000000000002,True
5.589869,4,51.28689,0.9605706242657115,0.03200000000000003,True
5.449573,3,51.294044,0.9592704522500325,0.02400000000000002,True
5.873795,5,51.306172,0.9588731718385208,0.040000000000000036,True
5.819255,4,51.31591,0.961791493337465,0.03200000000000003,True
5.606413,4,51.325046,0.9608174578766949,0.03200000000000003,True
5.563579,3,51.331946,0.9611597611814211,0.02400000000000002,True
5.726911,4,51.341569,0.9612491231100775,0.03200000000000003,True
5.770131,4,51.352014,0.9653177380868154,0.03200000000000003,True
5.579237,4,51.360513,0.9618865256579414,0.03200000000000003,True
5.615756,5,51.372563,0.9626546920592268,0.040000000000000036,True
5.806503,5,51.385378,0.9600360119424785,0.040000000000000036,True
5.4775,3,51.395353,0.9587007196868786,0.02400000000000002,True
5.526556,4,51.406259,0.9612687661636479,0.03200000000000003,True
5.659878,4,51.415897,0.9662124452209375,0.03200000000000003,True
5.520691,3,51.423812,0.9610392038117554,0.02400000000000002,True
5.764499,5,51.435421,0.9603936164063118,0.040000000000000036,True
5.54883,3,51.443203,0.9594129049278274,0.02400000000000002,True
5.693231,4,51.452907,0.9592633956052445,0.03200000000000003,True
5.512305,3,51.460923,0.9709791879878856,0.02400000000000002,True
5.559101,3,51.468129,0.9631238380003228,0.02400000000000002,True
5.947588,4,51.47796,0.9652736209314619,0.03200000000000003,True
5.76755,3,51.485257,0.9598637845766307,0.02400000000000002,True
5.681287,4,51.494827,0.9594667992285718,0.03200000000000003,True
5.507649,4,51.504853,0.9608730747998085,0.03200000000000003,True
5.543977,4,51.51428,0.9610738439456564,0.03200000000000003,True
5.546407,3,51.522015,0.9610344982392943,0.02400000000000002,True
5.674685,3,51.530207,0.9635075308280239,0.02400000000000002,True
5.738365,4,51.539662,0.9624245182157285,0.03200000000000003,True
5.764623,3,51.547558,0.9598412204179599,0.02400000000000002,True
5.514982,4,51.558916,0.9610802822185481,0.03200000000000003,True
5.818352,4,51.57213,0.9605952577311287,0.03200000000000003,True
5.780052,4,51.585874,0.9610453823757863,0.03200000000000003,True
5.790799,5,51.602868,0.9693359243752142,0.040000000000000036,True
5.352233,3,51.610896,0.9631383746602252,0.02400000000000002,True
5.713315,3,51.619403,0.9612043991488675,0.02400000000000002,True
5.540255,3,51.626736,0.9632777727849121,0.02400000000000002,True
5.584138,3,51.632905,0.9618350414731908,0.02400000000000002,True
5.797861,4,51.643934,0.9570256600096876,0.03200000000000003,True
5.35976,2,51.649568,0.9595999308951437,0.016000000000000014,True
5.664151,3,51.656847,0.964127672713278,0.02400000000000002,True
5.527497,4,51.667546,0.9603397542325156,0.03200000000000003,True
5.553027,5,51.678707,0.9576050525115591,0.040000000000000036,True
5.445947,3,51.686704,0.9576636867156092,0.02400000000000002,True
5.627381,4,51.696213,0.9605995068796676,0.03200000000000003,True
5.4871,3,51.704223,0.9589785452818863,0.02400000000000002,True
5.489839,3,51.710842,0.9616255822223838,0.02400000000000002,True
5.711424,5,51.722835,0.9609939044577923,0.040000000000000036,True
6.057907,5,51.735353,0.9599048420031042,0.040000000000000036,True
5.551386,4,51.743723,0.9577817178916067,0.03200000000000003,True
5.913649,4,51.753163,0.9612025481983102,0.03200000000000003,True
5.825749,4,51.762481,0.9596785144288356,0.03200000000000003,True
5.687225,4,51.772451,0.9608957005242325,0.03200000000000003,True
5.560977,4,51.781915,0.9568399554520275,0.03200000000000003,True
5.843942,4,52.309112,0.9679524165991875,0.03200000000000003,True
5.859433,4,52.319349,0.9613037141710167,0.03200000000000003,True
5.702855,3,52.32623,0.9587478267866544,0.02400000000000002,True
5.684818,5,52.338005,0.9565702876805674,0.040000000000000036,True
5.418923,2,52.342365,0.9586780911796449,0.016000000000000014,True
5.836612,4,52.352881,0.9638288788790301,0.03200000000000003,True
5.854056,5,52.363574,0.9613225627112305,0.040000000000000036,True
5.796515,4,52.372894,0.9595850403640709,0.03200000000000003,True
5.519603,4,52.383384,0.9674942751272084,0.03200000000000003,True
5.883072,4,52.395559,0.9583548720305357,0.03200000000000003,True
5.9967,3,52.40403,0.9635277501134234,0.02400000000000002,True
5.440741,4,52.412859,0.9600325941711106,0.03200000000000003,True
5.419975,4,52.422968,0.9575595932547563,0.03200000000000003,True
5.810998,4,52.433483,0.96606650800001,0.03200000000000003,True
5.577399,5,52.446718,0.9594695593159139,0.040000000000000036,True
5.485262,3,52.454753,0.9625116689787939,0.02400000000000002,True
5.851041,5,52.468484,0.9605258480562222,0.040000000000000036,True
5.946141,5,52.482548,0.9601551717971379,0.040000000000000036,True
5.54347,3,52.491768,0.9606420266492668,0.02400000000000002,True
5.561505,4,52.502797,0.9596208595474507,0.03200000000000003,True
5.699338,5,52.516402,0.9642515185532552,0.040000000000000036,True
5.493536,5,52.529384,0.9586031902964338,0.040000000000000036,True
5.546075,4,52.540692,0.9611713728120354,0.03200000000000003,True
5.518408,3,52.549921,0.9632968116595553,0.02400000000000002,True
5.541935,5,52.56497,0.9585860531933953,0.040000000000000036,True
5.706162,4,52.575688,0.9571238173556186,0.03200000000000003,True
5.810902,4,52.585553,0.9652795248758335,0.03200000000000003,True
5.792959,4,52.595442,0.9598391090864404,0.03200000000000003,True
5.769431,4,52.61021,0.9669882423930953,0.03200000000000003,True
5.445719,3,52.621123,0.9615190961618894,0.02400000000000002,True
5.714698,3,52.63267,0.9642901210785834,0.02400000000000002,True
5.424827,3,52.642066,0.9613819722490373,0.02400000000000002,True
6.058131,4,52.652661,0.9634661609371461,0.03200000000000003,True
5.62141,3,52.659448,0.9639261957369051,0.02400000000000002,True
5.56267,4,52.668875,0.9622915325269297,0.03200000000000003,True
5.868899,5,52.68031,0.9611928034122194,0.040000000000000036,True
5.627027,5,52.691979,0.9609661361868898,0.040000000000000036,True
5.350126,2,52.696803,0.9621035810813852,0.016000000000000014,True
5.616241,4,52.706199,0.962166034000598,0.03200000000000003,True
5.704348,3,52.713833,0.9613937163110016,0.02400000000000002,True
5.497183,3,52.721449,0.9591233788237612,0.02400000000000002,True
5.860462,4,52.73026,0.9612954410013875,0.03200000000000003,True
5.870719,4,52.739075,0.9623064503609642,0.03200000000000003,True
5.767668,5,52.75055,0.9597019361591932,0.040000000000000036,True
5.787589,4,52.760268,0.9613014798613684,0.03200000000000003,True
5.90364,4,52.769651,0.9633941751775504,0.03200000000000003,True
5.681615,3,52.777514,0.9629351607725694,0.02400000000000002,True
5.59367,3,52.78422,0.9602126797516884,0.02400000000000002,True
5.695808,4,52.793752,0.9619210804903922,0.03200000000000003,True
5.752696,4,52.803128,0.9629056853750071,0.03200000000000003,True
5.633254,5,52.815533,0.9609772983115147,0.040000000000000036,True
5.920155,4,52.824845,0.9573197420705273,0.03200000000000003,True
5.476302,3,52.834502,0.962625755351623,0.02400000000000002,True
5.494727,2,52.838667,0.9571454013832654,0.016000000000000014,True
5.617225,3,52.845809,0.9632957788584593,0.02400000000000002,True
5.778154,3,52.853698,0.9630860455560091,0.02400000000000002,True
6.067079,4,52.862052,0.9624480193704961,0.03200000000000003,True
5.476588,4,52.871207,0.9606772749823149,0.03200000000000003,True
5.675644,4,52.880418,0.9622049687169685,0.03200000000000003,True
5.842142,4,52.889454,0.9611943034294619,0.03200000000000003,True
5.424579,5,52.901795,0.9642364589876482,0.040000000000000036,True
5.58535,3,52.909532,0.9628399814891049,0.02400000000000002,True
5.578694,3,52.916655,0.958320390306368,0.02400000000000002,True
5.494311,3,52.923842,0.9574433075798827,0.02400000000000002,True
5.715197,3,52.932095,0.9635754684298189,0.02400000000000002,True
5.656806,3,52.938643,0.9587029616287717,0.02400000000000002,True
5.500381,4,52.948149,0.9653069631302138,0.03200000000000003,True
5.664222,3,52.955562,0.9594502285788199,0.02400000000000002,True
5.478932,3,53.691873,0.9611865148972043,0.02400000000000002,True
5.615534,4,53.712189,0.9621512300122045,0.03200000000000003,True
5.965499,3,53.721596,0.9618902358825872,0.02400000000000002,True
5.414909,2,53.728237,0.9581567578024263,0.016000000000000014,True
5.495334,4,53.740493,0.9592080001123295,0.03200000000000003,True
5.572163,3,53.748338,0.9614256117951422,0.02400000000000002,True
5.532398,3,53.758193,0.9611395804631843,0.02400000000000002,True
5.769742,5,53.772724,0.9588850416106418,0.040000000000000036,True
5.650328,4,53.784572,0.9614251657744662,0.03200000000000003,True
5.630198,4,53.797065,0.9584436053610098,0.03200000000000003,True
5.663145,4,53.809049,0.9628242032810344,0.03200000000000003,True
5.776229,5,53.823602,0.9602840547066838,0.040000000000000036,True
5.782279,4,53.838491,0.9608739005265687,0.03200000000000003,True
5.748916,4,53.850053,0.9624387137899247,0.03200000000000003,True
5.49482,3,53.859046,0.96269454228137,0.02400000000000002,True
5.727096,4,53.873533,0.9657879267310086,0.03200000000000003,True
5.553304,3,53.88792,0.9614652128194081,0.02400000000000002,True
5.769618,4,53.901017,0.9613530374701037,0.03200000000000003,True
5.837133,4,53.912987,0.9617472512757237,0.03200000000000003,True
5.905497,4,53.924777,0.9620772532464279,0.03200000000000003,True
5.717041,4,53.937761,0.9674288120396718,0.03200000000000003,True
5.488856,3,53.947288,0.9590338517004231,0.02400000000000002,True
5.475337,5,53.96118,0.9612066818247045,0.040000000000000036,True
5.602386,4,53.972864,0.9592118847054103,0.03200000000000003,True
5.660242,4,53.985493,0.9621579885680739,0.03200000000000003,True
5.82924,5,54.000493,0.9593931896659941,0.040000000000000036,True
5.817705,5,54.016057,0.9592679206570822,0.040000000000000036,True
5.531262,4,54.028088,0.9587887716076322,0.03200000000000003,True
5.729918,4,54.04022,0.9591547807528112,0.03200000000000003,True
5.661417,3,54.050343,0.9629551718425999,0.02400000000000002,True
5.515979,4,54.063169,0.9611930501456212,0.03200000000000003,True
5.602154,4,54.075742,0.9576423310118007,0.03200000000000003,True
5.514738,4,54.089302,0.9645306943459776,0.03200000000000003,True
5.714998,3,54.098542,0.9628374778912911,0.02400000000000002,True
5.817614,5,54.113911,0.9585338728540242,0.040000000000000036,True
5.722068,4,54.126013,0.9613302435951558,0.03200000000000003,True
5.63313,4,54.136818,0.9656447414148093,0.03200000000000003,True
5.558888,4,54.149229,0.9571698701771525,0.03200000000000003,True
5.975826,5,54.163057,0.9603935692809931,0.040000000000000036,True
5.739168,4,54.175137,0.9640522036016077,0.03200000000000003,True
5.668287,3,54.185149,0.9650726850122568,0.02400000000000002,True
5.707674,4,54.197711,0.9594724830397232,0.03200000000000003,True
5.616181,4,54.21021,0.9639107980165784,0.03200000000000003,True
5.527083,4,54.222533,0.9608089655619172,0.03200000000000003,True
5.534363,5,54.237629,0.9603426660633887,0.040000000000000036,True
5.625948,4,54.250429,0.9575541263615007,0.03200000000000003,True
5.792786,4,54.264058,0.9606764395308128,0.03200000000000003,True
5.91599,4,54.275725,0.9597320544245079,0.03200000000000003,True
5.80349,4,54.289302,0.9591274278261286,0.03200000000000003,True
5.521373,4,54.307365,0.9611954252512882,0.03200000000000003,True
5.78736,4,54.320081,0.9639573880981063,0.03200000000000003,True
5.511438,4,54.333287,0.9617011471366593,0.03200000000000003,True
5.656561,5,54.348154,0.9590293561490323,0.040000000000000036,True
5.435494,3,54.357499,0.9621193236593781,0.02400000000000002,True
5.736558,4,54.370496,0.9623456753646172,0.03200000000000003,True
5.73421,4,54.382619,0.9613514034840698,0.03200000000000003,True
5.78958,4,54.395377,0.9581550465300877,0.03200000000000003,True
5.449259,4,54.408208,0.9599806613819761,0.03200000000000003,True
5.782673,3,54.417643,0.9602005066989454,0.02400000000000002,True
5.715948,3,54.427863,0.9627135047729645,0.02400000000000002,True
5.791581,4,54.44034,0.9601295769108416,0.03200000000000003,True
6.124623,4,54.453472,0.9570957487855232,0.03200000000000003,True
5.616396,4,54.467013,0.9631248808824436,0.03200000000000003,True
5.530173,3,54.476712,0.9635907313769869,0.02400000000000002,True
5.729836,3,54.488127,0.9641958430915019,0.02400000000000002,True
5.828536,3,54.498167,0.9627996302511802,0.02400000000000002,True
5.425143,3,55.24949,0.9587041809254846,0.02400000000000002,True
5.560908,3,55.258305,0.9613756447917772,0.02400000000000002,True
5.628211,5,55.272909,0.9588753072629118,0.040000000000000036,True
5.784003,5,55.288844,0.9626490570207941,0.040000000000000036,True
6.025695,4,55.300564,0.9597876381465267,0.03200000000000003,True
5.66001,2,55.306074,0.9607974917580324,0.016000000000000014,True
5.622631,4,55.317902,0.9631479962892567,0.03200000000000003,True
5.428491,3,55.326019,0.9632406713239785,0.02400000000000002,True
5.628372,4,55.338958,0.9616774674143329,0.03200000000000003,True
5.726452,4,55.350974,0.956964682186033,0.03200000000000003,True
5.820763,4,55.362521,0.9568850558358416,0.03200000000000003,True
5.951331,5,55.376055,0.95767272465975,0.040000000000000036,True
5.802394,3,55.384507,0.960779576885643,0.02400000000000002,True
5.612147,4,55.396884,0.9587281065491653,0.03200000000000003,True
5.646758,4,55.409074,0.957717514542439,0.03200000000000003,True
5.955169,4,55.420782,0.9572160928847784,0.03200000000000003,True
6.03955,4,55.432065,0.9588463813026065,0.03200000000000003,True
5.585773,5,55.445691,0.9611425591270765,0.040000000000000036,True
5.535727,4,55.45842,0.9586011052187644,0.03200000000000003,True
5.685922,4,55.470227,0.9598106358841545,0.03200000000000003,True
5.693963,5,55.484156,0.9614251903561019,0.040000000000000036,True
6.00043,4,55.496222,0.9633051715274937,0.03200000000000003,True
5.573364,4,55.508665,0.9624666564575404,0.03200000000000003,True
5.625401,4,55.520179,0.963323308801805,0.03200000000000003,True
5.546535,4,55.533134,0.9608956195365255,0.03200000000000003,True
5.443671,4,55.545243,0.9592034480763076,0.03200000000000003,True
5.472215,3,55.555486,0.9605398810391607,0.02400000000000002,True
5.581815,4,55.567225,0.9583180417532217,0.03200000000000003,True
5.917024,3,55.577217,0.9605950931440163,0.02400000000000002,True
5.490855,5,55.591779,0.962129841029109,0.040000000000000036,True
5.61905,5,55.606622,0.9613055267004356,0.040000000000000036,True
5.500441,5,55.625146,0.959447926947192,0.040000000000000036,True
5.75502,3,55.634622,0.9657708848760403,0.02400000000000002,True
5.425091,3,55.644225,0.9577037942385461,0.02400000000000002,True
5.948109,5,55.660079,0.963602353605325,0.040000000000000036,True
5.418014,4,55.671684,0.9614034712473085,0.03200000000000003,True
5.45613,4,55.683384,0.9571307060791445,0.03200000000000003,True
6.024075,4,55.695431,0.9617696989638884,0.03200000000000003,True
5.586028,5,55.710771,0.9570854444537631,0.040000000000000036,True
5.659827,4,55.722797,0.9614891303313646,0.03200000000000003,True
5.826199,4,55.735031,0.9599140146364905,0.03200000000000003,True
5.892562,3,55.743455,0.9569241657137324,0.02400000000000002,True
5.851564,3,55.753586,0.96009685857254,0.02400000000000002,True
5.618262,4,55.765694,0.9634675125862757,0.03200000000000003,True
5.625189,4,55.77782,0.9585043530960773,0.03200000000000003,True
5.582106,3,55.788468,0.9615915516740512,0.02400000000000002,True
5.625019,4,55.802839,0.9568223150420845,0.03200000000000003,True
5.483777,3,55.813642,0.9637345595511142,0.02400000000000002,True
5.750732,4,55.826442,0.958524385643281,0.03200000000000003,True
5.825755,4,55.839668,0.9590576600348075,0.03200000000000003,True
5.434677,5,55.856113,0.959599696372391,0.040000000000000036,True
5.518949,3,55.869713,0.9630614318727475,0.02400000000000002,True
5.751791,4,55.886429,0.9587136621562029,0.03200000000000003,True
5.451194,3,55.895096,0.9626400411615548,0.02400000000000002,True
5.940038,3,55.905168,0.9599219872071127,0.02400000000000002,True
5.498798,4,55.916777,0.9616868223218259,0.03200000000000003,True
5.326206,2,55.923376,0.961267775826217,0.016000000000000014,True
6.064383,4,55.936283,0.9651704739643859,0.03200000000000003,True
5.448397,3,55.945286,0.9630534116266052,0.02400000000000002,True
5.612081,5,55.961129,0.9609898331530544,0.040000000000000036,True
5.453871,2,55.967049,0.9618958449477901,0.016000000000000014,True
5.905166,5,55.982764,0.962463015938847,0.040000000000000036,True
5.429237,2,55.990262,0.961907491729328,0.016000000000000014,True
5.738167,4,56.097172,0.9634594005195511,0.03200000000000003,True
5.762411,5,56.112246,0.9591371334745424,0.040000000000000036,True
5.778443,4,56.123202,0.9616905255616782,0.03200000000000003,True
5.647934,5,56.84205,0.9658321818472724,0.040000000000000036,True
5.824531,4,56.855434,0.9608772337126508,0.03200000000000003,True
5.79002,5,56.873046,0.9590701108365141,0.040000000000000036,True
5.608494,3,56.885716,0.9579328609583655,0.02400000000000002,True
5.858532,5,56.910036,0.9600197068907126,0.040000000000000036,True
6.016154,3,56.921699,0.9579813897893528,0.02400000000000002,True
5.655736,4,56.938115,0.961863239148037,0.03200000000000003,True
5.634872,5,56.957637,0.9616033969409692,0.040000000000000036,True
5.703582,3,56.96839,0.9594946868743193,0.02400000000000002,True
6.000644,4,56.98316,0.9573932329561761,0.03200000000000003,True
5.446514,5,56.998266,0.9613766287426193,0.040000000000000036,True
5.668148,3,57.007039,0.9620593726895418,0.02400000000000002,True
5.624384,4,57.021057,0.9576766983155962,0.03200000000000003,True
5.839597,4,57.034204,0.9626240703247844,0.03200000000000003,True
5.653534,4,57.046853,0.9639379709110918,0.03200000000000003,True
5.560576,4,57.061604,0.9638971149285878,0.03200000000000003,True
5.725619,4,57.07629,0.9612100562193402,0.03200000000000003,True
5.730322,4,57.090076,0.9623842013374705,0.03200000000000003,True
5.606105,4,57.105581,0.9620711340215037,0.03200000000000003,True
5.603921,3,57.118272,0.9632761076007206,0.02400000000000002,True
5.711656,3,57.1285,0.9627641093505165,0.02400000000000002,True
5.70446,4,57.141992,0.9590013199803383,0.03200000000000003,True
5.866655,5,57.158043,0.9633749145919571,0.040000000000000036,True
5.864444,4,57.170866,0.9606171959928805,0.03200000000000003,True
5.683806,4,57.183997,0.9609725952982922,0.03200000000000003,True
5.815747,5,57.199839,0.957006041998095,0.040000000000000036,True
5.809022,4,57.213702,0.9633578591726865,0.03200000000000003,True
5.860562,3,57.222638,0.9618252492638182,0.02400000000000002,True
5.639079,2,57.229612,0.9620217497996443,0.016000000000000014,True
5.933104,5,57.248685,0.9614802582973273,0.040000000000000036,True
5.745089,4,57.264454,0.9643390942559289,0.03200000000000003,True
5.669007,4,57.280556,0.9615077439985609,0.03200000000000003,True
5.749048,4,57.296342,0.9630557550629496,0.03200000000000003,True
5.559543,4,57.314878,0.9601348846931219,0.03200000000000003,True
5.531557,3,57.329079,0.9656961650320713,0.02400000000000002,True
6.068286,4,57.353232,0.9571377932709997,0.03200000000000003,True
5.709285,4,57.372831,0.9619664648649612,0.03200000000000003,True
5.517122,4,57.387717,0.9617280374300378,0.03200000000000003,True
5.774913,4,57.402174,0.9614245865184029,0.03200000000000003,True
5.696671,3,57.415473,0.9625287557217439,0.02400000000000002,True
5.95252,4,57.428971,0.9612609705404425,0.03200000000000003,True
5.601497,4,57.442568,0.960073654889857,0.03200000000000003,True
5.516858,4,57.45605,0.957429175192724,0.03200000000000003,True
5.750623,3,57.46641,0.9624590044039163,0.02400000000000002,True
5.807764,5,57.483787,0.9639178714155807,0.040000000000000036,True
5.670085,3,57.496556,0.9631527675850524,0.02400000000000002,True
5.770457,4,57.513515,0.9655725189668953,0.03200000000000003,True
5.862231,3,57.528007,0.9604805789821301,0.02400000000000002,True
5.604157,4,57.544435,0.9570219025732998,0.03200000000000003,True
5.459683,4,57.557281,0.9614682363766257,0.03200000000000003,True
5.94446,4,57.567182,0.9581350143047557,0.03200000000000003,True
5.877576,4,57.576162,0.9630047026476743,0.03200000000000003,True
5.722989,3,57.584617,0.9566198464567817,0.02400000000000002,True
5.754005,5,57.595233,0.9621299929487226,0.040000000000000036,True
5.486241,3,57.603211,0.9649387480813965,0.02400000000000002,True
5.54285,5,57.614226,0.9596421411227384,0.040000000000000036,True
5.637815,4,57.623897,0.9603595107639282,0.03200000000000003,True
5.643065,4,57.635455,0.9635556333588395,0.03200000000000003,True
5.593551,4,57.649624,0.9610673570131189,0.03200000000000003,True
5.453051,4,57.662212,0.9600394024921967,0.03200000000000003,True
5.895549,3,57.668539,0.9635074663225427,0.02400000000000002,True
5.76308,5,57.680734,0.9633169004327219,0.040000000000000036,True
5.98659,4,57.690904,0.9592863975417838,0.03200000000000003,True
5.76894,4,57.69955,0.9604456212966302,0.03200000000000003,True
5.548799,4,57.708609,0.9649329518106553,0.03200000000000003,True
5.482776,4,57.717942,0.9695567567275123,0.03200000000000003,True
5.614031,5,58.263361,0.9626998084378998,0.040000000000000036,True
5.945213,4,58.272727,0.9609945213044322,0.03200000000000003,True
5.537702,4,58.283043,0.9586186172003174,0.03200000000000003,True
5.443597,3,58.29126,0.9649559398517655,0.02400000000000002,True
5.593921,3,58.299181,0.959022913243726,0.02400000000000002,True
5.513417,4,58.308078,0.9683043840345862,0.03200000000000003,True
5.78078,5,58.319637,0.9622741859558893,0.040000000000000036,True
5.603077,3,58.327461,0.960696810567464,0.02400000000000002,True
5.659258,3,58.335082,0.9627226645316107,0.02400000000000002,True
5.629695,3,58.341478,0.9657049964442148,0.02400000000000002,True
5.633465,3,58.349132,0.9592194641372664,0.02400000000000002,True
5.666192,3,58.356848,0.9599226270623441,0.02400000000000002,True
5.84708,4,58.366343,0.9581217471267814,0.03200000000000003,True
5.712427,3,58.372834,0.9593961841917462,0.02400000000000002,True
5.32679,3,58.382068,0.9559124942181566,0.02400000000000002,True
5.68933,3,58.391251,0.9598971923483408,0.02400000000000002,True
5.678993,3,58.400073,0.9630191661301604,0.02400000000000002,True
5.557129,3,58.407067,0.9650266949275759,0.02400000000000002,True
5.596797,4,58.416198,0.961518634244901,0.03200000000000003,True
5.714106,5,58.427549,0.9615057569007152,0.040000000000000036,True
5.807341,4,58.436695,0.9604294352271427,0.03200000000000003,True
5.846384,4,58.446667,0.9605144774996556,0.03200000000000003,True
5.718918,4,58.456631,0.9641189291754846,0.03200000000000003,True
5.46372,4,58.465897,0.9647528825234498,0.03200000000000003,True
5.705104,4,58.475213,0.9639878143777838,0.03200000000000003,True
5.809033,2,58.480645,0.9603566905420167,0.016000000000000014,True
5.67662,5,58.491367,0.9647298312579041,0.040000000000000036,True
5.718768,4,58.501863,0.9640131799736815,0.03200000000000003,True
5.449264,3,58.510212,0.9594751967270663,0.02400000000000002,True
5.713006,4,58.519987,0.9580443897055484,0.03200000000000003,True
5.415783,4,58.529462,0.9637905917819957,0.03200000000000003,True
5.918012,4,58.539122,0.9643152852339805,0.03200000000000003,True
5.547642,4,58.548142,0.9565669540436016,0.03200000000000003,True
5.534259,3,58.554183,0.955696933692493,0.02400000000000002,True
5.716302,3,58.561029,0.9606119862005513,0.02400000000000002,True
5.425506,4,58.571148,0.9621830237749139,0.03200000000000003,True
5.673245,5,58.58331,0.9576252013548963,0.040000000000000036,True
5.772481,4,58.593643,0.9578679444358084,0.03200000000000003,True
5.817952,4,58.60302,0.9613708401414629,0.03200000000000003,True
5.787963,4,58.613101,0.961882030806002,0.03200000000000003,True
5.957997,3,58.620236,0.9703067779221083,0.02400000000000002,True
5.706207,3,58.628184,0.9575202507539795,0.02400000000000002,True
5.867772,5,58.639459,0.9608263565430526,0.040000000000000036,True
5.836508,4,58.649969,0.9622476280348546,0.03200000000000003,True
5.798965,5,58.661074,0.9621699402643924,0.040000000000000036,True
5.621549,4,58.672213,0.9611678683830089,0.03200000000000003,True
5.977636,4,58.681763,0.9610809380485075,0.03200000000000003,True
5.795261,4,58.691498,0.964100877106125,0.03200000000000003,True
5.602669,3,58.699802,0.9595796579997449,0.02400000000000002,True
5.523938,3,58.7067,0.9645970812213012,0.02400000000000002,True
5.519887,4,58.717165,0.9637290119462145,0.03200000000000003,True
5.674706,4,58.726135,0.9608158250278909,0.03200000000000003,True
5.719574,4,58.735147,0.9619005889114963,0.03200000000000003,True
5.352362,3,58.742826,0.9597601471472406,0.02400000000000002,True
5.962704,4,58.752875,0.967616404687595,0.03200000000000003,True
5.537895,4,58.763145,0.9604960446925364,0.03200000000000003,True
5.648311,3,58.771401,0.9604713564187203,0.02400000000000002,True
5.690685,4,58.78,0.9597259255125659,0.03200000000000003,True
5.702367,3,58.787655,0.9624695997907939,0.02400000000000002,True
5.358044,3,58.795722,0.962267916691946,0.02400000000000002,True
5.825582,4,58.804128,0.9610223145052967,0.03200000000000003,True
5.610545,5,58.815818,0.9614815370256338,0.040000000000000036,True
5.699609,4,58.825082,0.9608983927944692,0.03200000000000003,True
5.6065,4,58.835721,0.9649101820400493,0.03200000000000003,True
5.426477,4,58.84663,0.9634217747474004,0.03200000000000003,True
5.534723,3,58.854774,0.9559542925708246,0.02400000000000002,True
5.894129,3,58.863699,0.9592186275870989,0.02400000000000002,True
5.799617,4,58.87474,0.9661503992653693,0.03200000000000003,True
5.66117,3,58.883294,0.9592306588399604,0.02400000000000002,True
5.757135,4,59.463405,0.9597138199034733,0.03200000000000003,True
5.704496,4,59.473025,0.9634735337823956,0.03200000000000003,True
5.457372,4,59.484165,0.9572078491630847,0.03200000000000003,True
5.677859,3,59.490335,0.9632105757581312,0.02400000000000002,True
5.79143,3,59.497429,0.9624298170432828,0.02400000000000002,True
5.717228,5,59.511261,0.9595206958753265,0.040000000000000036,True
5.50157,4,59.520748,0.9643745978733861,0.03200000000000003,True
5.665684,3,59.526882,0.9571041276600482,0.02400000000000002,True
5.723446,4,59.536558,0.9605641841728174,0.03200000000000003,True
5.890548,5,59.549368,0.962503251706318,0.040000000000000036,True
5.824997,4,59.558828,0.9571479733753256,0.03200000000000003,True
5.52406,3,59.566637,0.9643330952315106,0.02400000000000002,True
5.876788,3,59.574645,0.9616063176473933,0.02400000000000002,True
5.717078,5,59.586156,0.9591211748537374,0.040000000000000036,True
5.887935,4,59.596728,0.961554487994177,0.03200000000000003,True
5.761321,5,59.609563,0.9623816768800277,0.040000000000000036,True
5.443606,3,59.616488,0.9563697356114385,0.02400000000000002,True
5.571887,3,59.623582,0.9588287322818176,0.02400000000000002,True
5.638709,4,59.633047,0.9589260594442898,0.03200000000000003,True
5.618312,4,59.642157,0.9636649026584454,0.03200000000000003,True
5.760818,4,59.651608,0.9625087405618944,0.03200000000000003,True
5.723683,4,59.661975,0.961880367648347,0.03200000000000003,True
5.434388,3,59.669145,0.9590319971605163,0.02400000000000002,True
5.609826,5,59.681146,0.9618804668300004,0.040000000000000036,True
5.803281,4,59.691224,0.9593770573935945,0.03200000000000003,True
5.364268,3,59.697847,0.9630718742961011,0.02400000000000002,True
5.669556,3,59.705888,0.9608812973406635,0.02400000000000002,True
5.737087,4,59.715669,0.9583390857650613,0.03200000000000003,True
5.549777,4,59.7249,0.966967383736987,0.03200000000000003,True
5.506714,3,59.732705,0.9599268527959008,0.02400000000000002,True
5.648272,3,59.740378,0.9606882669826613,0.02400000000000002,True
5.454693,4,59.749471,0.9679599533683695,0.03200000000000003,True
5.574057,4,59.759473,0.9620604793726836,0.03200000000000003,True
5.624906,4,59.769709,0.9624024775792219,0.03200000000000003,True
5.429307,3,59.77689,0.9592408704543667,0.02400000000000002,True
5.570095,3,59.784933,0.9602117486223274,0.02400000000000002,True
5.554148,3,59.793132,0.9608158887523173,0.02400000000000002,True
5.541923,3,59.800208,0.9609110017452008,0.02400000000000002,True
5.473826,4,59.80903,0.9603533160945695,0.03200000000000003,True
5.953718,4,59.81956,0.961321380588675,0.03200000000000003,True
5.62841,4,59.828618,0.9619197362683417,0.03200000000000003,True
6.026582,4,59.837874,0.9626123697898369,0.03200000000000003,True
5.559692,4,59.846861,0.9618782116050617,0.03200000000000003,True
5.646308,4,59.855981,0.9620269000368672,0.03200000000000003,True
5.744478,4,59.865264,0.9620625562169153,0.03200000000000003,True
5.719804,4,59.874906,0.9605447229052241,0.03200000000000003,True
5.463288,3,59.882509,0.9626162398445776,0.02400000000000002,True
5.662231,5,59.896172,0.9564577434439973,0.040000000000000036,True
5.956687,4,59.90581,0.964005581487867,0.03200000000000003,True
5.683098,4,59.914861,0.9666862018759643,0.03200000000000003,True
5.376916,4,59.924417,0.9631004574941122,0.03200000000000003,True
5.567491,3,59.931476,0.9578264038236193,0.02400000000000002,True
5.824047,4,59.940608,0.9606272698832254,0.03200000000000003,True
5.654247,4,59.949987,0.96158368691517,0.03200000000000003,True
5.528628,4,59.959916,0.9627604432579584,0.03200000000000003,True
5.487925,4,59.969604,0.9583791482347629,0.03200000000000003,True
5.64147,3,59.978502,0.9606492017505475,0.02400000000000002,True
5.360874,3,59.985856,0.9599895114191594,0.02400000000000002,True
5.564916,4,59.995546,0.9602349010256735,0.03200000000000003,True
5.514357,3,60.003628,0.9588602024247883,0.02400000000000002,True
5.491628,4,60.01347,0.9611949957544585,0.03200000000000003,True
5.599978,3,60.020898,0.9608303560100651,0.02400000000000002,True
5.804236,4,60.031249,0.9590295182909434,0.03200000000000003,True
5.708471,4,60.041589,0.9637479884217413,0.03200000000000003,True
5.686419,3,60.052808,0.95983450326217,0.02400000000000002,True
6.071875,4,60.069549,0.961323299357104,0.03200000000000003,True
5.774062,4,60.081186,0.9595966803612497,0.03200000000000003,True
5.773652,4,60.090544,0.9570356785805497,0.03200000000000003,True
5.68767,3,60.609862,0.9585226962043132,0.02400000000000002,True
5.549484,4,60.621923,0.9612857352350328,0.03200000000000003,True
6.011995,4,60.632208,0.9570830052194802,0.03200000000000003,True
6.056003,4,60.641247,0.9654822443179448,0.03200000000000003,True
5.467025,3,60.647442,0.9630386415109332,0.02400000000000002,True
5.818699,4,60.656495,0.9594908222182496,0.03200000000000003,True
5.348373,2,60.662842,0.9610801670762201,0.016000000000000014,True
5.695214,3,60.670788,0.9661491176175468,0.02400000000000002,True
5.305017,3,60.676113,0.9610939686588627,0.02400000000000002,True
5.503986,4,60.686013,0.9606690509378173,0.03200000000000003,True
5.786884,4,60.694488,0.9614981189900258,0.03200000000000003,True
5.563618,5,60.708233,0.9617574805586504,0.040000000000000036,True
5.696358,5,60.719806,0.962384557739695,0.040000000000000036,True
5.841935,4,60.728917,0.963786019096049,0.03200000000000003,True
5.495615,3,60.735549,0.9596143345236123,0.02400000000000002,True
5.451388,4,60.744755,0.9586724702619687,0.03200000000000003,True
5.469587,3,60.751742,0.963480359350258,0.02400000000000002,True
5.907705,3,60.759597,0.9575760533317248,0.02400000000000002,True
5.757134,4,60.76899,0.9604504103105429,0.03200000000000003,True
5.694002,4,60.778497,0.957037453788776,0.03200000000000003,True
5.475569,3,60.785537,0.9575474743339462,0.02400000000000002,True
5.81265,4,60.795194,0.9624348532620093,0.03200000000000003,True
5.527053,4,60.805768,0.9632396063697423,0.03200000000000003,True
5.58769,3,60.812816,0.959298725026691,0.02400000000000002,True
5.640844,2,60.817328,0.9608328012057219,0.016000000000000014,True
5.512272,4,60.828258,0.9637791659106756,0.03200000000000003,True
5.681878,4,60.83709,0.9597254503737985,0.03200000000000003,True
5.418564,4,60.846,0.9570113964836469,0.03200000000000003,True
5.416323,4,60.855323,0.9664978072420662,0.03200000000000003,True
5.658375,3,60.863412,0.9594568259583245,0.02400000000000002,True
5.672665,5,60.874696,0.9589599199012662,0.040000000000000036,True
5.789908,4,60.884761,0.9610519075597517,0.03200000000000003,True
5.631713,5,60.897831,0.9645428474475954,0.040000000000000036,True
5.745921,4,60.909082,0.9569854074246161,0.03200000000000003,True
5.599872,5,60.920517,0.9616907733127895,0.040000000000000036,True
5.907689,5,60.931157,0.95621127798832,0.040000000000000036,True
5.765133,4,60.940738,0.9632302148000809,0.03200000000000003,True
5.704781,4,60.950155,0.9603759652376023,0.03200000000000003,True
5.854816,5,60.961773,0.9569520997043779,0.040000000000000036,True
5.690155,4,60.971101,0.9624821547121076,0.03200000000000003,True
5.691224,2,60.976674,0.9581489686960653,0.016000000000000014,True
5.685364,4,60.986101,0.9591383897009187,0.03200000000000003,True
5.706137,3,60.993137,0.9568865505652262,0.02400000000000002,True
5.732758,5,61.004758,0.9609264337822818,0.040000000000000036,True
5.744421,4,61.014234,0.9663849456407358,0.03200000000000003,True
5.986215,4,61.023692,0.9599815961093567,0.03200000000000003,True
5.568224,4,61.033875,0.9580801715292744,0.03200000000000003,True
5.619027,3,61.041791,0.9611822586866092,0.02400000000000002,True
5.541723,2,61.046396,0.9629631910414069,0.016000000000000014,True
5.736379,3,61.053406,0.9588492700926088,0.02400000000000002,True
5.662205,4,61.063037,0.9588475402244462,0.03200000000000003,True
5.551754,3,61.071198,0.9631884011080044,0.02400000000000002,True
5.901127,3,61.079654,0.9660991666452203,0.02400000000000002,True
5.711864,3,61.092535,0.960237212567265,0.02400000000000002,True
5.800489,3,61.103585,0.9604551183034018,0.02400000000000002,True
5.664823,4,61.115282,0.9560364678699347,0.03200000000000003,True
5.739258,3,61.122141,0.9589074320616281,0.02400000000000002,True
5.890314,4,61.131445,0.9599666722990654,0.03200000000000003,True
5.485559,4,61.140548,0.9613681236287388,0.03200000000000003,True
5.663615,3,61.1465,0.9651022884128858,0.02400000000000002,True
5.618455,4,61.156462,0.9643789694262901,0.03200000000000003,True
6.013919,4,61.166243,0.9610249842987346,0.03200000000000003,True
5.732527,5,61.178637,0.9587240477033246,0.040000000000000036,True
5.754457,4,61.18762,0.9620660403515987,0.03200000000000003,True
5.498783,3,61.195138,0.959087748862627,0.02400000000000002,True
5.634562,5,61.206822,0.9673885204144731,0.040000000000000036,True
5.482508,3,61.215853,0.9617135804957635,0.02400000000000002,True
5.56677,4,61.226725,0.9603498052785016,0.03200000000000003,True
5.389112,3,61.23587,0.9604110780330221,0.02400000000000002,True
5.524126,3,61.750612,0.959955717464287,0.02400000000000002,True
5.732743,3,61.758383,0.9594417284536703,0.02400000000000002,True
5.483152,3,61.765619,0.9591570473034566,0.02400000000000002,True
5.671829,5,61.777031,0.9659677549922981,0.040000000000000036,True
5.699301,5,61.788945,0.9614273514920634,0.040000000000000036,True
5.975667,3,61.796848,0.9593376146182948,0.02400000000000002,True
5.752022,4,61.805811,0.9647804858365754,0.03200000000000003,True
5.944445,4,61.815515,0.960588870231981,0.03200000000000003,True
5.687667,4,61.824721,0.9628446656759047,0.03200000000000003,True
5.800968,4,61.833082,0.9621193066330704,0.03200000000000003,True
5.835156,4,61.842176,0.9604083249113227,0.03200000000000003,True
5.59851,3,61.84958,0.9630980859899338,0.02400000000000002,True
5.77114,4,61.859328,0.9576595942734384,0.03200000000000003,True
5.641295,4,61.868543,0.9624589180524121,0.03200000000000003,True
5.707949,3,61.875833,0.9589977132426534,0.02400000000000002,True
5.746134,4,61.885534,0.9571846460302319,0.03200000000000003,True
5.659146,3,61.893557,0.9644227464571282,0.02400000000000002,True
5.553796,3,61.900737,0.9633044110070639,0.02400000000000002,True
5.856089,3,61.909544,0.9655790732422658,0.02400000000000002,True
5.614532,3,61.917661,0.9595326808690936,0.02400000000000002,True
5.73662,3,61.925195,0.9603208107143208,0.02400000000000002,True
5.697316,5,61.936448,0.9590436642847554,0.040000000000000036,True
5.729101,4,61.945308,0.9637829804716115,0.03200000000000003,True
5.491883,4,61.954308,0.962060522060082,0.03200000000000003,True
5.809332,4,61.963746,0.9571319637277462,0.03200000000000003,True
5.880697,4,61.97298,0.959295146085079,0.03200000000000003,True
5.57492,3,61.980461,0.9616555868484851,0.02400000000000002,True
6.081487,5,61.991357,0.9590218905617782,0.040000000000000036,True
6.058876,5,62.002206,0.9632584568963247,0.040000000000000036,True
5.754696,3,62.009548,0.9640170481061866,0.02400000000000002,True
5.622424,3,62.017029,0.9628089965031478,0.02400000000000002,True
5.511483,4,62.025982,0.9575013185553445,0.03200000000000003,True
5.67527,3,62.033504,0.9593377532748522,0.02400000000000002,True
5.577917,4,62.042471,0.9602442864411662,0.03200000000000003,True
5.564496,3,62.049246,0.9662338445049854,0.02400000000000002,True
5.635798,3,62.056276,0.959008832870891,0.02400000000000002,True
5.719575,3,62.063627,0.9623202897445953,0.02400000000000002,True
5.536925,4,62.073144,0.9603979509786361,0.03200000000000003,True
5.813261,4,62.081608,0.9612371349541706,0.03200000000000003,True
5.384435,4,62.09081,0.9631402959480015,0.03200000000000003,True
5.399328,3,62.098757,0.9644683481265233,0.02400000000000002,True
5.929698,4,62.107213,0.9557652584387231,0.03200000000000003,True
5.501145,4,62.119779,0.9634617453898496,0.03200000000000003,True
5.839285,5,62.138946,0.9616973000523602,0.040000000000000036,True
5.58463,5,62.152975,0.9641127662563274,0.040000000000000036,True
5.77113,4,62.162338,0.963325876366864,0.03200000000000003,True
5.745514,4,62.171417,0.964637075021157,0.03200000000000003,True
5.650155,4,62.180037,0.9592092185610145,0.03200000000000003,True
5.617694,3,62.187401,0.9655655391754033,0.02400000000000002,True
5.643872,5,62.19827,0.956910460095402,0.040000000000000036,True
5.79555,4,62.207957,0.9638361027673228,0.03200000000000003,True
5.856113,4,62.217315,0.9646378593325111,0.03200000000000003,True
5.837957,4,62.226311,0.9606775316613085,0.03200000000000003,True
5.771687,4,62.235967,0.965613505177457,0.03200000000000003,True
5.648492,4,62.245304,0.9615077179840483,0.03200000000000003,True
5.730515,5,62.258192,0.9596035347805066,0.040000000000000036,True
5.683829,4,62.342593,0.9605948872924865,0.03200000000000003,True
5.707346,4,62.351614,0.9639873247934814,0.03200000000000003,True
5.616098,3,62.357671,0.960269522081289,0.02400000000000002,True
5.491052,4,62.36918,0.9598236480946143,0.03200000000000003,True
5.657185,3,62.376203,0.9656467329039441,0.02400000000000002,True
5.685434,3,62.382787,0.9623345890808276,0.02400000000000002,True
5.999494,3,62.390606,0.9630024247558013,0.02400000000000002,True
5.575745,4,62.400756,0.9622380007488732,0.03200000000000003,True
5.686367,5,62.413233,0.9592838529844442,0.040000000000000036,True
5.711459,4,62.42321,0.9615350748887184,0.03200000000000003,True
5.654523,5,62.435679,0.9592293670468279,0.040000000000000036,True
5.653035,4,63.000617,0.9645875857340309,0.03200000000000003,True
5.595698,4,63.010878,0.9593714499117205,0.03200000000000003,True
5.652727,3,63.018357,0.9639521917735248,0.02400000000000002,True
5.86133,4,63.02912,0.9626019329171706,0.03200000000000003,True
5.583611,5,63.040895,0.9593445554120207,0.040000000000000036,True
5.497036,4,63.050406,0.9644317896492896,0.03200000000000003,True
5.669741,3,63.058684,0.9644244156723063,0.02400000000000002,True
5.793241,4,63.068724,0.9573901400306295,0.03200000000000003,True
5.491397,4,63.079607,0.960739712363197,0.03200000000000003,True
5.823933,5,63.091902,0.9588895418812502,0.040000000000000036,True
5.521137,4,63.101125,0.961414477608565,0.03200000000000003,True
5.704216,4,63.110363,0.9631127982970988,0.03200000000000003,True
5.990643,4,63.120469,0.9637495688372193,0.03200000000000003,True
5.617098,4,63.130539,0.9587002489171269,0.03200000000000003,True
5.835633,4,63.141228,0.9622723043645125,0.03200000000000003,True
5.757349,4,63.15253,0.9639791051899527,0.03200000000000003,True
5.618386,4,63.167141,0.9606619123339479,0.03200000000000003,True
5.842434,4,63.182358,0.9592634334158676,0.03200000000000003,True
5.670786,3,63.190491,0.9592411942820469,0.02400000000000002,True
5.540104,5,63.202734,0.9629007888186868,0.040000000000000036,True
5.734307,4,63.211858,0.9611816756612446,0.03200000000000003,True
5.787294,4,63.220746,0.964385847001436,0.03200000000000003,True
5.66456,5,63.233069,0.9621696826887132,0.040000000000000036,True
5.703913,4,63.243127,0.9606007309534728,0.03200000000000003,True
5.671419,3,63.250458,0.9649778643253758,0.02400000000000002,True
5.595383,4,63.259673,0.959454067003273,0.03200000000000003,True
5.582066,2,63.270144,0.959155323833448,0.016000000000000014,True
5.543927,4,63.279716,0.9611316569825978,0.03200000000000003,True
5.792391,5,63.291621,0.9596663009906765,0.040000000000000036,True
5.456352,4,63.30112,0.9606829724553986,0.03200000000000003,True
5.832634,4,63.310433,0.959223181662161,0.03200000000000003,True
5.868156,4,63.320147,0.9610532147865039,0.03200000000000003,True
5.667516,4,63.329717,0.9626023649336077,0.03200000000000003,True
5.683361,4,63.339766,0.9620207995711487,0.03200000000000003,True
5.672473,4,63.34899,0.9611836418131543,0.03200000000000003,True
5.525054,4,63.35813,0.9589034847735092,0.03200000000000003,True
5.810702,4,63.368062,0.9630860106790516,0.03200000000000003,True
5.81897,4,63.377293,0.9612997787055968,0.03200000000000003,True
5.848266,4,63.386705,0.9581275529653972,0.03200000000000003,True
5.663002,4,63.397,0.9604364611479823,0.03200000000000003,True
5.859729,4,63.405493,0.968013554982273,0.03200000000000003,True
6.05474,4,63.415598,0.9665810318314505,0.03200000000000003,True
5.683519,4,63.425193,0.9620177444156923,0.03200000000000003,True
5.78627,4,63.434722,0.9596878621035128,0.03200000000000003,True
5.856569,4,63.445846,0.9610301431075902,0.03200000000000003,True
5.625987,4,63.457861,0.9574370422318227,0.03200000000000003,True
5.368069,2,63.463201,0.9644526373912541,0.016000000000000014,True
5.478735,4,63.474337,0.9580401501206878,0.03200000000000003,True
5.500989,4,63.484464,0.9611809761136804,0.03200000000000003,True
5.855423,5,63.496042,0.9582913992711466,0.040000000000000036,True
6.073608,4,63.505157,0.9618189088600426,0.03200000000000003,True
5.442333,5,63.516833,0.9631208482306033,0.040000000000000036,True
5.703755,3,63.523955,0.964754748464244,0.02400000000000002,True
5.698624,5,63.535999,0.9637025102756068,0.040000000000000036,True
5.795486,4,63.544944,0.9589842465845078,0.03200000000000003,True
5.519542,4,63.55435,0.9582826517759554,0.03200000000000003,True
5.557874,3,63.561128,0.9632882564446107,0.02400000000000002,True
5.792279,2,63.565785,0.9608482388734501,0.016000000000000014,True
5.377395,3,63.573139,0.961623249692611,0.02400000000000002,True
5.531004,3,63.580731,0.9625823497846941,0.02400000000000002,True
5.53044,3,63.588727,0.9556078254734355,0.02400000000000002,True
5.493026,4,63.599144,0.9619036854211318,0.03200000000000003,True
5.4909,4,63.608576,0.9608407727595323,0.03200000000000003,True
5.773859,5,63.622994,0.9633644254116839,0.040000000000000036,True
5.615033,4,63.632719,0.9599985576503364,0.03200000000000003,True
5.704706,3,63.640403,0.9616836238796973,0.02400000000000002,True
5.745127,3,64.169512,0.9566485675617842,0.02400000000000002,True
5.617685,4,64.178291,0.963441719393674,0.03200000000000003,True
5.671576,5,64.195168,0.9608056582523217,0.040000000000000036,True
5.861338,5,64.211645,0.9647785881212776,0.040000000000000036,True
5.818178,4,64.223629,0.9613005563917094,0.03200000000000003,True
5.44216,3,64.231481,0.9566033477194725,0.02400000000000002,True
5.774626,3,64.239543,0.9608499366930422,0.02400000000000002,True
5.575627,3,64.246163,0.9606040408061063,0.02400000000000002,True
5.634856,2,64.25207,0.9607339307872949,0.016000000000000014,True
5.765438,4,64.261328,0.9637456888630882,0.03200000000000003,True
5.888792,4,64.270364,0.9640232658295556,0.03200000000000003,True
5.536546,4,64.280395,0.9618719434282998,0.03200000000000003,True
5.65892,3,64.287918,0.9603100534672904,0.02400000000000002,True
5.736135,3,64.294136,0.9641853838726206,0.02400000000000002,True
5.512016,4,64.303571,0.9597314892719759,0.03200000000000003,True
5.672876,4,64.314153,0.9635532354584633,0.03200000000000003,True
5.833921,4,64.322504,0.9618904984546786,0.03200000000000003,True
5.684045,4,64.330724,0.9592113205657583,0.03200000000000003,True
6.004602,4,64.340228,0.9630572795153626,0.03200000000000003,True
5.488149,4,64.349763,0.9601543522982983,0.03200000000000003,True
5.53598,5,64.360236,0.9641167082786073,0.040000000000000036,True
5.683712,4,64.369815,0.9612811906722974,0.03200000000000003,True
5.852322,4,64.380199,0.9653395457340317,0.03200000000000003,True
5.787756,4,64.391763,0.9628359604377787,0.03200000000000003,True
5.594995,4,64.403431,0.9654341820463286,0.03200000000000003,True
5.863904,4,64.413112,0.9612156409620225,0.03200000000000003,True
5.917899,4,64.422772,0.9659451287417357,0.03200000000000003,True
5.735427,4,64.433494,0.961406996148046,0.03200000000000003,True
5.48974,4,64.44287,0.9629523538763285,0.03200000000000003,True
5.66127,5,64.454726,0.9607923524345384,0.040000000000000036,True
6.008904,4,64.464566,0.96716867088362,0.03200000000000003,True
5.781973,5,64.477913,0.963374763589228,0.040000000000000036,True
5.72437,4,64.486839,0.9637760142888201,0.03200000000000003,True
5.382793,4,64.49809,0.9592292516550064,0.03200000000000003,True
5.534105,3,64.505751,0.9626309957967992,0.02400000000000002,True
5.685839,4,64.515827,0.9597608679924117,0.03200000000000003,True
5.580039,4,64.525425,0.9627721427542684,0.03200000000000003,True
5.421097,3,64.532098,0.9629171965074661,0.02400000000000002,True
5.726949,4,64.543189,0.9581033989184691,0.03200000000000003,True
5.518222,4,64.553707,0.9612237072059758,0.03200000000000003,True
5.413477,3,64.560081,0.9598883034230296,0.02400000000000002,True
5.496271,4,64.569588,0.9588628706468181,0.03200000000000003,True
5.724068,4,64.579789,0.9572251240458327,0.03200000000000003,True
5.986024,5,64.591711,0.962335970681875,0.040000000000000036,True
5.717753,4,64.602655,0.9571366703902917,0.03200000000000003,True
5.812464,5,64.613848,0.9626658108344479,0.040000000000000036,True
5.884206,5,64.625478,0.9615022555630682,0.040000000000000036,True
5.68132,4,64.635893,0.9605925152430024,0.03200000000000003,True
5.791146,3,64.643496,0.9573300502734012,0.02400000000000002,True
5.887635,4,64.651423,0.9618185258335443,0.03200000000000003,True
5.726365,5,64.664016,0.9660307551458147,0.040000000000000036,True
5.560313,4,64.673806,0.9575858348642451,0.03200000000000003,True
5.550726,3,64.681674,0.9625418838021572,0.02400000000000002,True
5.471527,4,64.691028,0.9633495023970698,0.03200000000000003,True
5.685956,3,64.698598,0.9664640004366826,0.02400000000000002,True
6.034914,4,64.708385,0.9678525563140845,0.03200000000000003,True
5.561683,5,64.719861,0.9625574832788883,0.040000000000000036,True
5.70886,3,64.728028,0.959622855229997,0.02400000000000002,True
5.622478,4,64.736096,0.9612266966328273,0.03200000000000003,True
5.80783,5,64.748853,0.9585770635025913,0.040000000000000036,True
5.547202,3,64.755399,0.9611415739235024,0.02400000000000002,True
5.440369,3,64.763408,0.9592533914993273,0.02400000000000002,True
5.623666,4,64.773012,0.9678856752528617,0.03200000000000003,True
5.987542,4,64.782755,0.9574307335710275,0.03200000000000003,True
5.819801,5,64.793677,0.9634401051738611,0.040000000000000036,True
5.748633,3,65.357124,0.9615130578036016,0.02400000000000002,True
5.609923,5,65.369447,0.9598227618043909,0.040000000000000036,True
5.552661,5,65.384228,0.9599817922248042,0.040000000000000036,True
5.526137,3,65.393458,0.9604897826571519,0.02400000000000002,True
5.624003,4,65.404436,0.9676077799221153,0.03200000000000003,True
5.626758,3,65.413099,0.9617576797137872,0.02400000000000002,True
5.710526,3,65.420528,0.9606541015053693,0.02400000000000002,True
5.699933,3,65.428565,0.9632728317867221,0.02400000000000002,True
5.912697,4,65.438392,0.9594163414201624,0.03200000000000003,True
5.486634,4,65.447841,0.9627310800677478,0.03200000000000003,True
5.431558,3,65.455973,0.9594470432300578,0.02400000000000002,True
5.491987,3,65.464527,0.9592059588132561,0.02400000000000002,True
5.651963,5,65.476974,0.958586137664342,0.040000000000000036,True
5.626723,4,65.487352,0.9596643063654287,0.03200000000000003,True
5.766846,5,65.501607,0.9612589155459808,0.040000000000000036,True
5.618205,4,65.51157,0.9587420043192629,0.03200000000000003,True
5.618085,4,65.521268,0.9617714730636673,0.03200000000000003,True
5.436678,3,65.52965,0.963369474080239,0.02400000000000002,True
5.848411,5,65.541169,0.9619149369434563,0.040000000000000036,True
5.667335,4,65.55097,0.9632857051131092,0.03200000000000003,True
6.069035,4,65.560631,0.9627938630804033,0.03200000000000003,True
5.685228,3,65.567732,0.9602317471234492,0.02400000000000002,True
5.553312,4,65.577272,0.9609035857283854,0.03200000000000003,True
5.7701,4,65.58751,0.9591766222206948,0.03200000000000003,True
5.861452,4,65.597068,0.9623686752485086,0.03200000000000003,True
5.808276,5,65.611209,0.9647322356527028,0.040000000000000036,True
5.79584,4,65.623067,0.9621140156013258,0.03200000000000003,True
5.729062,3,65.630804,0.9632554702653142,0.02400000000000002,True
5.769333,5,65.6421,0.9625751380626781,0.040000000000000036,True
5.929588,4,65.651745,0.9618560205918074,0.03200000000000003,True
5.778802,5,65.664163,0.9563881764857318,0.040000000000000036,True
5.881658,4,65.673808,0.9599015861789417,0.03200000000000003,True
5.561541,3,65.680033,0.959408884087881,0.02400000000000002,True
5.656462,4,65.689523,0.9627213543667891,0.03200000000000003,True
5.861068,4,65.699411,0.9640091723366697,0.03200000000000003,True
5.660573,4,65.709004,0.9566515202720369,0.03200000000000003,True
5.772172,5,65.721018,0.9632189933004549,0.040000000000000036,True
5.640742,4,65.731797,0.9607826130779402,0.03200000000000003,True
5.810974,5,65.743662,0.9576770429775869,0.040000000000000036,True
5.762564,4,65.753489,0.9592663659945794,0.03200000000000003,True
5.640042,4,65.764177,0.9601443701863577,0.03200000000000003,True
5.583967,4,65.774506,0.9622581538315869,0.03200000000000003,True
5.888374,4,65.783849,0.9606744653874286,0.03200000000000003,True
5.97858,5,65.794961,0.9640853669167835,0.040000000000000036,True
5.411162,5,65.80785,0.9574799661844808,0.040000000000000036,True
5.489429,4,65.818163,0.9628106924074487,0.03200000000000003,True
6.05944,5,65.830062,0.9567716732886145,0.040000000000000036,True
5.460521,3,65.83738,0.9591588503737236,0.02400000000000002,True
5.635667,3,65.8455,0.9659467448991139,0.02400000000000002,True
5.881781,5,65.856079,0.960335342006801,0.040000000000000036,True
5.806085,4,65.866055,0.961168959081497,0.03200000000000003,True
5.640226,4,65.875715,0.9708467901927343,0.03200000000000003,True
5.525512,2,65.881217,0.9647326847020599,0.016000000000000014,True
5.544725,3,65.889213,0.9653921864426259,0.02400000000000002,True
5.884143,4,65.900162,0.9578424481567471,0.03200000000000003,True
5.754231,4,65.911974,0.9620694621671125,0.03200000000000003,True
5.852944,3,65.919182,0.960157073773623,0.02400000000000002,True
5.658198,4,65.929831,0.958529897178122,0.03200000000000003,True
5.701423,3,65.938591,0.9638271012341852,0.02400000000000002,True
5.708492,4,65.947989,0.9641578334617584,0.03200000000000003,True
5.637148,4,65.958118,0.9570667085162389,0.03200000000000003,True
5.764519,3,65.965258,0.9613210065749682,0.02400000000000002,True
5.566218,4,65.975108,0.9609981448415239,0.03200000000000003,True
5.762986,4,65.985371,0.9593080012390356,0.03200000000000003,True
5.818586,4,65.994961,0.9601843475873908,0.03200000000000003,True
5.422869,2,66.000644,0.9606364223970003,0.016000000000000014,True
5.853657,2,66.53485,0.9592477668771272,0.016000000000000014,True
5.895673,5,66.547276,0.9614948965633723,0.040000000000000036,True
5.788784,3,66.555102,0.9682024965912884,0.02400000000000002,True
5.748121,3,66.563043,0.9588691132652865,0.02400000000000002,True
5.627519,4,66.571433,0.9603684197209432,0.03200000000000003,True
5.82482,5,66.583838,0.9590029961545271,0.040000000000000036,True
5.635327,4,66.592901,0.9594489884165807,0.03200000000000003,True
5.606604,4,66.601433,0.9594435796710942,0.03200000000000003,True
5.638444,5,66.61591,0.9567216397765922,0.040000000000000036,True
5.915101,4,66.626865,0.9582526529000236,0.03200000000000003,True
5.894265,5,66.640826,0.9589876869918538,0.040000000000000036,True
5.565491,5,66.652192,0.9588307735127725,0.040000000000000036,True
5.921328,3,66.659167,0.9620408642312396,0.02400000000000002,True
5.625581,4,66.669026,0.9585991782949627,0.03200000000000003,True
5.684081,3,66.676016,0.9595697480931429,0.02400000000000002,True
5.490073,3,66.682839,0.9613009470563476,0.02400000000000002,True
5.489584,4,66.692138,0.9633196287230712,0.03200000000000003,True
5.786904,4,66.701463,0.9591393337306806,0.03200000000000003,True
5.363508,3,66.70844,0.9615783878363167,0.02400000000000002,True
5.507384,3,66.715184,0.9610171253237046,0.02400000000000002,True
5.684867,3,66.721742,0.9617616325051683,0.02400000000000002,True
5.89864,4,66.731701,0.9641994365044768,0.03200000000000003,True
5.51741,4,66.740827,0.958956955995814,0.03200000000000003,True
5.550714,4,66.749771,0.9657682009033934,0.03200000000000003,True
5.721064,4,66.75895,0.959246145522729,0.03200000000000003,True
5.787403,5,66.770133,0.9587528380039673,0.040000000000000036,True
5.477722,3,66.779926,0.9624613343840457,0.02400000000000002,True
5.526802,4,66.789868,0.9586754917199412,0.03200000000000003,True
5.893527,4,66.798831,0.9605171045318573,0.03200000000000003,True
5.567172,4,66.809185,0.9630234439487542,0.03200000000000003,True
5.708963,4,66.818997,0.9603941846091406,0.03200000000000003,True
5.716629,4,66.828079,0.9666365404088405,0.03200000000000003,True
5.577101,4,66.837537,0.9656531484476792,0.03200000000000003,True
5.706964,4,66.847061,0.9588416297966695,0.03200000000000003,True
5.516924,3,66.85439,0.9632734778449173,0.02400000000000002,True
5.709924,3,66.861155,0.9593965724360749,0.02400000000000002,True
5.496318,3,66.868565,0.9646339181955054,0.02400000000000002,True
5.646636,5,66.880255,0.9610178655597053,0.040000000000000036,True
5.635829,4,66.889107,0.9578847847192054,0.03200000000000003,True
5.495515,3,66.897097,0.9629961024677909,0.02400000000000002,True
5.680672,3,66.905233,0.9618932921402507,0.02400000000000002,True
5.641135,5,66.918067,0.9605714569354611,0.040000000000000036,True
5.560203,4,66.930373,0.9601504634170959,0.03200000000000003,True
5.796463,4,66.940929,0.9570036502684647,0.03200000000000003,True
5.809436,5,66.952821,0.9596288148845878,0.040000000000000036,True
5.713627,4,66.961674,0.9682475078506758,0.03200000000000003,True
5.682119,5,66.973693,0.960011821652863,0.040000000000000036,True
5.506835,3,66.981407,0.9612463118731311,0.02400000000000002,True
5.601195,4,66.989786,0.9604454791507335,0.03200000000000003,True
5.808842,5,67.002038,0.9588540319446864,0.040000000000000036,True
5.812097,4,67.011472,0.9602806188064106,0.03200000000000003,True
5.621293,4,67.021659,0.9591829170006266,0.03200000000000003,True
5.597928,3,67.028913,0.9586675314154907,0.02400000000000002,True
5.620219,4,67.038167,0.9648089621299917,0.03200000000000003,True
5.649519,4,67.046539,0.9596395868924262,0.03200000000000003,True
5.879289,4,67.057389,0.9598717854632067,0.03200000000000003,True
5.409371,3,67.065522,0.9607986363953638,0.02400000000000002,True
5.672859,3,67.074356,0.9593230931387995,0.02400000000000002,True
5.387505,3,67.082598,0.9631229581314584,0.02400000000000002,True
5.579393,3,67.089375,0.9620701548865473,0.02400000000000002,True
5.729197,3,67.097636,0.962818025252343,0.02400000000000002,True
5.715751,4,67.106954,0.9660476992471692,0.03200000000000003,True
5.736179,4,67.116696,0.9599708655118953,0.03200000000000003,True
5.951744,5,67.129423,0.9610708432081492,0.040000000000000036,True
5.740279,4,67.139674,0.9609743913762583,0.03200000000000003,True
5.697231,3,67.146883,0.9599799866989007,0.02400000000000002,True
5.562915,5,67.158621,0.9590911093709542,0.040000000000000036,True
5.708428,4,67.826681,0.9600976586769736,0.03200000000000003,True
6.068678,4,67.841194,0.9631864799642165,0.03200000000000003,True
5.673954,3,67.850076,0.9605801746959406,0.02400000000000002,True
5.878677,5,67.866432,0.9604372419887799,0.040000000000000036,True
5.488021,4,67.882648,0.9581974071831679,0.03200000000000003,True
5.57496,5,67.903393,0.9599361968779467,0.040000000000000036,True
5.759108,4,67.924405,0.9661576305798321,0.03200000000000003,True
5.641414,4,67.939882,0.9610211816828357,0.03200000000000003,True
5.658597,4,67.951998,0.9571247889898808,0.03200000000000003,True
5.585629,4,67.964736,0.9588408317193788,0.03200000000000003,True
5.786102,3,67.973416,0.9626332725802286,0.02400000000000002,True
5.417684,3,67.982889,0.9601247392438381,0.02400000000000002,True
5.551103,4,67.994837,0.966628043993689,0.03200000000000003,True
5.588311,3,68.004717,0.9613948856179482,0.02400000000000002,True
5.672755,3,68.013861,0.9598149384493777,0.02400000000000002,True
5.921684,4,68.025691,0.9622981223215856,0.03200000000000003,True
5.696222,3,68.035911,0.9601230338164732,0.02400000000000002,True
5.624064,3,68.043998,0.9572884604192233,0.02400000000000002,True
5.842601,4,68.056013,0.9582019168589682,0.03200000000000003,True
5.830353,3,68.066274,0.9609692982215586,0.02400000000000002,True
5.891749,4,68.079569,0.9591576169572695,0.03200000000000003,True
5.544775,5,68.094625,0.9603020829194847,0.040000000000000036,True
5.710522,4,68.107406,0.9584954407472916,0.03200000000000003,True
5.606794,4,68.119545,0.9619249178642425,0.03200000000000003,True
5.530042,3,68.127941,0.9612484770571013,0.02400000000000002,True
5.442602,2,68.134741,0.959462686946573,0.016000000000000014,True
5.83602,5,68.148481,0.9625629693754563,0.040000000000000036,True
5.757087,4,68.160216,0.9627351437733336,0.03200000000000003,True
5.671018,3,68.169957,0.9625640328362831,0.02400000000000002,True
5.627653,5,68.185621,0.9634465197154893,0.040000000000000036,True
5.40504,3,68.195555,0.9612552466179805,0.02400000000000002,True
5.842129,5,68.210099,0.9583057341979063,0.040000000000000036,True
5.861029,4,68.222213,0.9618300448243486,0.03200000000000003,True
5.599652,4,68.234345,0.9634274059000796,0.03200000000000003,True
5.656902,5,68.248327,0.96151521668926,0.040000000000000036,True
5.769834,4,68.261292,0.9670805083513366,0.03200000000000003,True
5.849488,4,68.272387,0.9624690081500691,0.03200000000000003,True
5.502448,3,68.282228,0.9616043355046335,0.02400000000000002,True
5.857784,5,68.2978,0.9605090849408406,0.040000000000000036,True
5.662643,2,68.304647,0.9624980667284604,0.016000000000000014,True
5.440509,4,68.317525,0.9629750873837463,0.03200000000000003,True
5.723118,4,68.329545,0.9601414386669782,0.03200000000000003,True
5.832645,4,68.34096,0.9606377160928063,0.03200000000000003,True
5.719168,4,68.352576,0.9620911128574948,0.03200000000000003,True
5.719079,4,68.36919,0.9616634067631307,0.03200000000000003,True
5.885295,5,68.396572,0.9590034002009244,0.040000000000000036,True
5.487878,3,68.41066,0.9634794451753355,0.02400000000000002,True
5.800553,4,68.524033,0.9600584988677185,0.03200000000000003,True
5.753771,5,68.538836,0.9568392011702163,0.040000000000000036,True
5.921321,3,68.547806,0.961725052470155,0.02400000000000002,True
5.696019,4,68.560623,0.9607843306447728,0.03200000000000003,True
5.423399,4,68.573056,0.9605822533349728,0.03200000000000003,True
5.516018,3,68.582279,0.9563279974959009,0.02400000000000002,True
5.705411,3,68.590037,0.9589434579372768,0.02400000000000002,True
5.422807,4,68.602924,0.9581170489693244,0.03200000000000003,True
5.670761,4,68.616741,0.9637823041068478,0.03200000000000003,True
5.522089,4,68.628998,0.9632344304158704,0.03200000000000003,True
5.765258,3,68.637853,0.9632093512335503,0.02400000000000002,True
5.618141,5,68.652838,0.9630018774315812,0.040000000000000036,True
5.744178,4,68.663339,0.9612361048689727,0.03200000000000003,True
5.708009,5,68.680016,0.9587801732845859,0.040000000000000036,True
6.003644,5,68.693954,0.9650943407234273,0.040000000000000036,True
5.772567,3,68.704031,0.9598964909200115,0.02400000000000002,True
5.866734,4,68.715768,0.9589565538367144,0.03200000000000003,True
5.724052,4,68.726397,0.9598283116619102,0.03200000000000003,True
5.841298,4,68.739021,0.9581195562636367,0.03200000000000003,True
5.620178,4,69.470085,0.9632373733768852,0.03200000000000003,True
5.715893,4,69.483851,0.9607389476833424,0.03200000000000003,True
5.598378,4,69.503039,0.9645788995963713,0.03200000000000003,True
5.665028,4,69.519472,0.9642252847076562,0.03200000000000003,True
5.556692,3,69.529051,0.9647705090215567,0.02400000000000002,True
5.87434,5,69.544641,0.9663226948804575,0.040000000000000036,True
5.7932,4,69.556716,0.9631948357977518,0.03200000000000003,True
5.779295,4,69.568413,0.9614335236298481,0.03200000000000003,True
5.75101,3,69.578027,0.9618943076590475,0.02400000000000002,True
5.826959,4,69.589803,0.9612011361779924,0.03200000000000003,True
5.587975,4,69.601378,0.958975360066444,0.03200000000000003,True
5.566186,4,69.614923,0.958241119228101,0.03200000000000003,True
5.447748,3,69.624275,0.9608504182491948,0.02400000000000002,True
5.64918,5,69.6398,0.9657259611006518,0.040000000000000036,True
5.498566,3,69.64737,0.9562703346522903,0.02400000000000002,True
5.754548,4,69.659211,0.9618901629760727,0.03200000000000003,True
5.442875,3,69.667508,0.9589544749921027,0.02400000000000002,True
6.040862,4,69.680293,0.9603368163553039,0.03200000000000003,True
5.605821,4,69.691527,0.9639125511991091,0.03200000000000003,True
5.78449,5,69.705884,0.9597082152987741,0.040000000000000036,True
5.459596,4,69.718199,0.964914611684252,0.03200000000000003,True
5.554587,2,69.724038,0.9588100517673974,0.016000000000000014,True
5.848335,5,69.740175,0.9571582895929815,0.040000000000000036,True
5.857396,4,69.751697,0.9624678190370954,0.03200000000000003,True
5.828479,4,69.763572,0.9585298680466072,0.03200000000000003,True
5.999781,4,69.775028,0.962475067760089,0.03200000000000003,True
5.47179,3,69.783807,0.9596805993154455,0.02400000000000002,True
5.681314,3,69.793201,0.9607140679973633,0.02400000000000002,True
5.506222,4,69.805205,0.9585938169140169,0.03200000000000003,True
5.541729,4,69.817789,0.9637950066679121,0.03200000000000003,True
5.452706,3,69.82667,0.9629557727389071,0.02400000000000002,True
5.746314,4,69.838427,0.9598876627906396,0.03200000000000003,True
5.503763,4,69.850112,0.9639979210635053,0.03200000000000003,True
5.990963,4,69.86299,0.9617495351410872,0.03200000000000003,True
5.487499,5,69.878016,0.9619601994963871,0.040000000000000036,True
5.828137,5,69.893615,0.9650168227467728,0.040000000000000036,True
5.845962,4,69.906081,0.9634689963868269,0.03200000000000003,True
5.793598,4,69.918344,0.9581816041172775,0.03200000000000003,True
5.627678,4,69.931676,0.9569033603215982,0.03200000000000003,True
5.570136,5,69.946279,0.9625393018492534,0.040000000000000036,True
5.831965,3,69.956688,0.9612471118610993,0.02400000000000002,True
5.538281,4,69.971499,0.9601969543346597,0.03200000000000003,True
5.628149,4,69.98494,0.9620268921387369,0.03200000000000003,True
5.626764,4,69.997016,0.959539055819494,0.03200000000000003,True
6.049399,5,70.011299,0.9590326811019934,0.040000000000000036,True
5.80843,4,70.025538,0.9626738872321237,0.03200000000000003,True
5.84883,4,70.037549,0.9601867734152085,0.03200000000000003,True
5.750872,4,70.052162,0.9614738414793096,0.03200000000000003,True
5.572812,4,70.065917,0.9595698828430713,0.03200000000000003,True
5.476293,3,70.075791,0.9582334042746766,0.02400000000000002,True
5.629398,3,70.085813,0.9661020389357433,0.02400000000000002,True
5.55652,3,70.095039,0.9599244633671911,0.02400000000000002,True
5.535744,4,70.107213,0.9649938364648659,0.03200000000000003,True
5.824451,4,70.119169,0.9605106232678464,0.03200000000000003,True
5.617416,3,70.127669,0.9571780631678948,0.02400000000000002,True
5.712409,3,70.137211,0.9640807351421352,0.02400000000000002,True
5.953798,4,70.149883,0.9606006607402331,0.03200000000000003,True
5.800067,3,70.158479,0.9568920164185948,0.02400000000000002,True
5.556517,4,70.171276,0.9622589574954032,0.03200000000000003,True
5.739784,4,70.183584,0.9667127995945524,0.03200000000000003,True
5.634775,4,70.196436,0.9594284705578829,0.03200000000000003,True
5.816029,4,70.208272,0.9624002550537113,0.03200000000000003,True
5.767349,3,70.218459,0.95781247697281,0.02400000000000002,True
5.694128,3,70.22687,0.9602946327151137,0.02400000000000002,True
5.753655,4,70.23953,0.9620980879462844,0.03200000000000003,True
5.812974,4,70.25367,0.9622139267456808,0.03200000000000003,True
5.75806,5,70.995078,0.9609801999373155,0.040000000000000036,True
5.454054,3,71.005177,0.9613724571754465,0.02400000000000002,True
5.662595,4,71.016883,0.9620169943672785,0.03200000000000003,True
5.485998,2,71.022743,0.9624875112165939,0.016000000000000014,True
5.763363,4,71.03627,0.9607983365963533,0.03200000000000003,True
5.729246,3,71.044379,0.9654855504554766,0.02400000000000002,True
5.750309,4,71.056779,0.9571720783165368,0.03200000000000003,True
5.531846,4,71.070651,0.9711589280917383,0.03200000000000003,True
5.581125,3,71.080029,0.9647466202224788,0.02400000000000002,True
5.606273,4,71.092419,0.9606007069621554,0.03200000000000003,True
5.637876,5,71.108011,0.9618268336484626,0.040000000000000036,True
5.893423,4,71.120733,0.9611193675861733,0.03200000000000003,True
5.66492,4,71.138122,0.9622501162627137,0.03200000000000003,True
5.394219,3,71.149183,0.9623837283999145,0.02400000000000002,True
5.764869,4,71.162212,0.9605106831129103,0.03200000000000003,True
5.848964,4,71.175055,0.9658298758729511,0.03200000000000003,True
6.039972,5,71.190468,0.9605649671260046,0.040000000000000036,True
5.412407,2,71.196573,0.9593418007489294,0.016000000000000014,True
5.857805,4,71.209584,0.9620602930537021,0.03200000000000003,True
5.428263,3,71.220219,0.960982755365961,0.02400000000000002,True
5.765295,4,71.233012,0.9602447103943585,0.03200000000000003,True
5.634218,3,71.242596,0.9633903501689123,0.02400000000000002,True
5.584453,3,71.252881,0.9617140624724289,0.02400000000000002,True
5.456452,4,71.264806,0.9622004300655522,0.03200000000000003,True
5.510616,3,71.275249,0.9619320192898573,0.02400000000000002,True
5.587589,4,71.288195,0.9579191091915722,0.03200000000000003,True
5.556836,3,71.297914,0.9587326823509257,0.02400000000000002,True
5.556711,4,71.310732,0.959686829037759,0.03200000000000003,True
5.544588,5,71.328191,0.9671132999455003,0.040000000000000036,True
5.773941,4,71.341537,0.9608884460430855,0.03200000000000003,True
5.809677,5,71.359521,0.9629250338779404,0.040000000000000036,True
5.474967,5,71.37626,0.9592422475044144,0.040000000000000036,True
5.59358,4,71.38923,0.9572259147304877,0.03200000000000003,True
5.618008,4,71.402997,0.9619248003502527,0.03200000000000003,True
5.805401,4,71.416014,0.9648219739147232,0.03200000000000003,True
5.77275,4,71.429552,0.9670857901572261,0.03200000000000003,True
5.681867,4,71.442765,0.9609675325396423,0.03200000000000003,True
5.630224,3,71.452746,0.9631186148877462,0.02400000000000002,True
5.740585,3,71.462325,0.9640479875773154,0.02400000000000002,True
5.718815,5,71.479123,0.9584298032515042,0.040000000000000036,True
5.634603,4,71.49195,0.9573776982438279,0.03200000000000003,True
5.602029,4,71.505755,0.9596273498653516,0.03200000000000003,True
5.745118,5,71.521776,0.9640949267044987,0.040000000000000036,True
5.841594,4,71.537922,0.9612019287976526,0.03200000000000003,True
5.651823,4,71.552912,0.961013087364432,0.03200000000000003,True
5.600763,4,71.56678,0.9653498014038052,0.03200000000000003,True
5.86147,5,71.583914,0.9640618602017064,0.040000000000000036,True
5.844351,5,71.601756,0.9586831733929908,0.040000000000000036,True
5.474192,2,71.609701,0.9596298239466106,0.016000000000000014,True
6.052625,5,71.628714,0.9591292235664385,0.040000000000000036,True
5.450202,3,71.64122,0.9628964683076942,0.02400000000000002,True
5.435666,4,71.659518,0.9605186606360987,0.03200000000000003,True
5.855719,5,71.680161,0.9606433886798309,0.040000000000000036,True
5.924423,4,71.695181,0.9590716634016236,0.03200000000000003,True
5.738287,3,71.706395,0.9617963237426486,0.02400000000000002,True
5.566188,2,71.71595,0.9583321207364609,0.016000000000000014,True
5.869985,3,71.723785,0.9602192631248752,0.02400000000000002,True
5.496008,4,71.738776,0.9633522661875052,0.03200000000000003,True
5.658672,3,71.749442,0.9569351233036221,0.02400000000000002,True
5.714132,3,71.759539,0.9608122075765901,0.02400000000000002,True
5.643218,4,71.773647,0.9726380155593378,0.03200000000000003,True
5.84379,4,71.786838,0.9623506549060936,0.03200000000000003,True
5.48138,3,71.796567,0.9651017548596731,0.02400000000000002,True
6.028307,4,71.810501,0.9632751358254011,0.03200000000000003,True
5.849132,3,71.819962,0.9631238157785522,0.02400000000000002,True
5.618098,3,71.829732,0.962760284588873,0.02400000000000002,True
5.553494,3,71.840367,0.9593149107015234,0.02400000000000002,True
5.752181,3,71.851086,0.9628728181752428,0.02400000000000002,True
5.627066,4,71.86403,0.9590288004966172,0.03200000000000003,True
5.403464,5,72.469437,0.9615197766352747,0.040000000000000036,True
5.63397,3,72.478746,0.9613679171990285,0.02400000000000002,True
5.643948,4,72.49038,0.9605479853687158,0.03200000000000003,True
5.717243,4,72.501419,0.9656629675215562,0.03200000000000003,True
5.738614,5,72.514161,0.9626470994513996,0.040000000000000036,True
5.866279,3,72.523054,0.9614514545220205,0.02400000000000002,True
5.552035,2,72.528537,0.9590395315494588,0.016000000000000014,True
5.865012,4,72.540377,0.959492868210578,0.03200000000000003,True
5.607929,4,72.552089,0.9586754687610655,0.03200000000000003,True
5.620863,4,72.563167,0.9593162405180163,0.03200000000000003,True
5.739603,4,72.573756,0.9613450375729891,0.03200000000000003,True
5.507451,4,72.583857,0.960189106455831,0.03200000000000003,True
5.617225,4,72.593477,0.9610232785791811,0.03200000000000003,True
6.029874,4,72.603218,0.962092015298477,0.03200000000000003,True
5.821174,4,72.615808,0.9643397631250781,0.03200000000000003,True
6.083919,5,72.629956,0.9597490416014325,0.040000000000000036,True
5.806668,4,72.640629,0.9602052687979694,0.03200000000000003,True
5.556079,3,72.648949,0.9654560805588297,0.02400000000000002,True
5.681396,4,72.658388,0.9592932208113369,0.03200000000000003,True
5.56135,5,72.670913,0.9680620045094307,0.040000000000000036,True
5.975225,5,72.683196,0.9621961339827428,0.040000000000000036,True
5.764094,4,72.693188,0.9569169789288405,0.03200000000000003,True
5.607591,5,72.704798,0.9593782829519739,0.040000000000000036,True
5.633367,3,72.716174,0.9626985091326059,0.02400000000000002,True
5.555647,4,72.730044,0.9631811079814373,0.03200000000000003,True
5.711641,3,72.740609,0.9631152705070598,0.02400000000000002,True
5.816974,4,72.7517,0.9579019242851978,0.03200000000000003,True
5.686059,4,72.761904,0.9598800269570773,0.03200000000000003,True
5.532287,4,72.771278,0.963602590604764,0.03200000000000003,True
5.557369,4,72.780963,0.9634531784155971,0.03200000000000003,True
5.55545,4,72.790528,0.9657128516340705,0.03200000000000003,True
5.531552,4,72.800955,0.9623729980777362,0.03200000000000003,True
5.698299,3,72.807767,0.9648560557326725,0.02400000000000002,True
5.769034,4,72.818458,0.962620933634343,0.03200000000000003,True
5.960204,3,72.824869,0.9589015823933754,0.02400000000000002,True
5.811603,4,72.835426,0.9617176700832738,0.03200000000000003,True
5.488946,3,72.844002,0.9626461451489277,0.02400000000000002,True
5.744769,3,72.85104,0.9569516760394677,0.02400000000000002,True
5.428036,3,72.858707,0.9598638396667964,0.02400000000000002,True
5.69955,4,72.867815,0.9596094830498556,0.03200000000000003,True
5.613935,4,72.877689,0.9619622931822494,0.03200000000000003,True
5.527888,5,72.889387,0.9599115065898047,0.040000000000000036,True
5.493395,4,72.898874,0.9608831703051008,0.03200000000000003,True
5.537729,4,72.909044,0.9651505639384972,0.03200000000000003,True
5.745353,4,72.91866,0.9611732496428711,0.03200000000000003,True
5.824131,4,72.928159,0.9573400701328532,0.03200000000000003,True
5.694045,3,72.935882,0.9588988498939711,0.02400000000000002,True
5.504998,4,72.945756,0.9600438877329512,0.03200000000000003,True
5.668045,3,72.951455,0.9595539401372731,0.02400000000000002,True
5.598961,4,72.961443,0.9617248869373063,0.03200000000000003,True
5.532307,4,72.971717,0.9628667892822053,0.03200000000000003,True
5.510837,3,72.979163,0.9592870505738494,0.02400000000000002,True
5.74108,3,72.986936,0.9608094050690352,0.02400000000000002,True
5.465045,3,72.995649,0.9634236283321757,0.02400000000000002,True
5.803436,4,73.006137,0.9594405862343667,0.03200000000000003,True
5.479034,3,73.014344,0.9591936287636302,0.02400000000000002,True
5.628152,4,73.025008,0.9616007261711705,0.03200000000000003,True
5.552044,3,73.031699,0.9593189799672817,0.02400000000000002,True
5.433858,4,73.041764,0.9617643754128304,0.03200000000000003,True
5.646433,5,73.0545,0.9597646950499332,0.040000000000000036,True
5.634524,5,73.067105,0.9582940966709199,0.040000000000000036,True
6.023989,3,73.074528,0.960128679383117,0.02400000000000002,True
5.673766,4,73.084194,0.9635763771190243,0.03200000000000003,True
5.617064,4,73.093988,0.961859678531731,0.03200000000000003,True
5.601529,5,73.106523,0.9646898312780621,0.040000000000000036,True
5.830187,4,73.116194,0.9598215844827782,0.03200000000000003,True
5.729251,4,73.662811,0.9619194219186449,0.03200000000000003,True
5.541403,5,73.675694,0.9640275013377105,0.040000000000000036,True
5.949611,4,73.685661,0.957918038196285,0.03200000000000003,True
5.729795,4,73.694624,0.964915599006056,0.03200000000000003,True
5.693146,4,73.705422,0.9590211619577667,0.03200000000000003,True
5.595453,3,73.713747,0.9606686125702181,0.02400000000000002,True
5.758815,5,73.725137,0.9599414013358504,0.040000000000000036,True
5.851038,5,73.737712,0.9633359736067095,0.040000000000000036,True
5.689463,2,73.743423,0.9603674321357294,0.016000000000000014,True
5.623128,3,73.754349,0.9598500343755546,0.02400000000000002,True
5.465804,4,73.768089,0.9571454040152341,0.03200000000000003,True
5.527173,4,73.783914,0.9657796952192759,0.03200000000000003,True
6.095469,4,73.793866,0.9638768854853045,0.03200000000000003,True
5.630591,4,73.803166,0.9594223704663911,0.03200000000000003,True
5.513768,3,73.810943,0.9656260591757826,0.02400000000000002,True
5.552471,5,73.823714,0.9644540970727374,0.040000000000000036,True
5.558717,4,73.833871,0.9636860478330018,0.03200000000000003,True
5.697851,3,73.841132,0.9607263075543786,0.02400000000000002,True
5.741701,3,73.846927,0.9585222433582514,0.02400000000000002,True
5.925236,4,73.856049,0.961515644569871,0.03200000000000003,True
5.756453,4,73.865702,0.9597534381652182,0.03200000000000003,True
5.781182,4,73.875003,0.9584712106490764,0.03200000000000003,True
5.895991,4,73.885138,0.9596664987780961,0.03200000000000003,True
5.470623,3,73.892528,0.9601247303947429,0.02400000000000002,True
5.603433,4,73.901613,0.9597177660975831,0.03200000000000003,True
5.99783,4,73.9119,0.9568566454087712,0.03200000000000003,True
5.589043,4,73.921827,0.9628098954677087,0.03200000000000003,True
5.862123,4,73.930542,0.9618771472074394,0.03200000000000003,True
5.403198,4,73.941576,0.959945145315923,0.03200000000000003,True
5.520561,3,73.947683,0.963049199181541,0.02400000000000002,True
5.557649,4,73.957214,0.9607968413776355,0.03200000000000003,True
5.854421,4,73.966876,0.9590964919681415,0.03200000000000003,True
5.679656,3,73.974992,0.9597034033402736,0.02400000000000002,True
5.6531,4,73.98466,0.9624578974750482,0.03200000000000003,True
5.930767,4,73.995106,0.9643875988245899,0.03200000000000003,True
5.782185,4,74.006263,0.9609944422445592,0.03200000000000003,True
5.643253,4,74.016772,0.958631437805396,0.03200000000000003,True
5.528278,4,74.02616,0.9595691993397948,0.03200000000000003,True
5.674308,4,74.035868,0.9592526487034903,0.03200000000000003,True
5.735377,4,74.045164,0.9618176934055551,0.03200000000000003,True
5.694173,3,74.051778,0.9676754776800697,0.02400000000000002,True
5.560425,3,74.060044,0.961663693417022,0.02400000000000002,True
5.872815,3,74.068671,0.9592383992644083,0.02400000000000002,True
5.565964,3,74.075827,0.959567893196492,0.02400000000000002,True
5.551478,3,74.083947,0.9641351865147613,0.02400000000000002,True
5.716674,3,74.091417,0.9621475583868659,0.02400000000000002,True
5.67579,3,74.099577,0.9635666615817635,0.02400000000000002,True
5.775303,4,74.108833,0.961728678674477,0.03200000000000003,True
5.593835,4,74.117965,0.9612678916960595,0.03200000000000003,True
5.646709,5,74.129747,0.9631740371202177,0.040000000000000036,True
5.681558,4,74.138244,0.9625189421825778,0.03200000000000003,True
5.579292,4,74.14762,0.9595845146949402,0.03200000000000003,True
5.495656,4,74.157981,0.9614131255462292,0.03200000000000003,True
5.529702,4,74.167175,0.9576355200038168,0.03200000000000003,True
5.510365,4,74.177863,0.9640287907070261,0.03200000000000003,True
5.740957,5,74.189011,0.9635680712173653,0.040000000000000036,True
5.626129,3,74.197145,0.9576077562778189,0.02400000000000002,True
5.731133,3,74.204855,0.9613076847123502,0.02400000000000002,True
5.87826,5,74.215999,0.9600311056942673,0.040000000000000036,True
5.691298,4,74.225199,0.960515291871117,0.03200000000000003,True
5.638966,3,74.233518,0.964351198708298,0.02400000000000002,True
5.53194,3,74.240887,0.961477900716203,0.02400000000000002,True
5.754438,4,74.250957,0.9624667993150422,0.03200000000000003,True
5.777806,3,74.257757,0.9599136321166862,0.02400000000000002,True
5.816287,5,74.269424,0.9592390590831184,0.040000000000000036,True
5.672822,5,74.281214,0.9572986206831338,0.040000000000000036,True
5.874939,5,74.293264,0.9609652992463236,0.040000000000000036,True
5.868487,5,74.845973,0.9577084537158691,0.040000000000000036,True
5.770579,3,74.853582,0.9586235204179253,0.02400000000000002,True
5.484826,4,74.862672,0.9624325451561098,0.03200000000000003,True
6.100464,4,74.872113,0.9586436214915515,0.03200000000000003,True
5.430074,3,74.878626,0.9638926347920265,0.02400000000000002,True
5.402839,4,74.890501,0.9647569050177489,0.03200000000000003,True
5.678627,3,74.89767,0.9600244565168583,0.02400000000000002,True
5.508313,3,74.905595,0.9605969858881561,0.02400000000000002,True
5.508691,5,74.917491,0.957006850084227,0.040000000000000036,True
5.728736,4,74.926444,0.9611000914433856,0.03200000000000003,True
5.487447,3,74.934943,0.9600407609780996,0.02400000000000002,True
5.840765,4,74.943904,0.9628110954327261,0.03200000000000003,True
5.807945,4,74.953265,0.9607795668366793,0.03200000000000003,True
5.789522,3,74.960396,0.9606878192915362,0.02400000000000002,True
5.530961,3,74.96787,0.9586785528433011,0.02400000000000002,True
5.622988,3,74.974278,0.9633767690229275,0.02400000000000002,True
5.75999,2,74.979883,0.9576186460997849,0.016000000000000014,True
5.571226,4,74.989179,0.9568105251904664,0.03200000000000003,True
5.506649,3,74.997076,0.9631511529696267,0.02400000000000002,True
5.880991,4,75.007732,0.9576953942791441,0.03200000000000003,True
5.959175,4,75.017174,0.9643732545917739,0.03200000000000003,True
5.72486,4,75.026649,0.9595095615823283,0.03200000000000003,True
5.665937,3,75.033862,0.9689356746081088,0.02400000000000002,True
5.788074,4,75.042949,0.9592044697480511,0.03200000000000003,True
5.503096,4,75.052459,0.9597854186065439,0.03200000000000003,True
5.491538,2,75.057822,0.9603758763188734,0.016000000000000014,True
5.716215,3,75.065655,0.9611551623869046,0.02400000000000002,True
5.516907,3,75.073331,0.9582002127632501,0.02400000000000002,True
5.421271,5,75.086916,0.961694552936514,0.040000000000000036,True
5.803413,4,75.097076,0.9642993042093289,0.03200000000000003,True
5.612315,4,75.107625,0.961960827460024,0.03200000000000003,True
5.655393,3,75.115021,0.9586499355591193,0.02400000000000002,True
5.772207,5,75.126937,0.9581025188757372,0.040000000000000036,True
5.898755,4,75.136786,0.9656697911746783,0.03200000000000003,True
5.876117,5,75.149293,0.9561336712321863,0.040000000000000036,True
5.622572,4,75.159172,0.9616423565027155,0.03200000000000003,True
5.636657,4,75.168915,0.9601544009692535,0.03200000000000003,True
5.815981,5,75.182618,0.9600873943981452,0.040000000000000036,True
5.51384,3,75.190659,0.9622484311113366,0.02400000000000002,True
5.635139,4,75.20091,0.9637712634622744,0.03200000000000003,True
5.46284,5,75.213042,0.9632868087969398,0.040000000000000036,True
5.550074,4,75.303559,0.9628482564422688,0.03200000000000003,True
5.730041,4,75.312759,0.9588716188548001,0.03200000000000003,True
5.717063,3,75.320735,0.9612506198741766,0.02400000000000002,True
5.930362,3,75.328546,0.9604975666212685,0.02400000000000002,True
5.798813,5,75.340957,0.9630252272781088,0.040000000000000036,True
5.561204,3,75.347454,0.9629165282702334,0.02400000000000002,True
5.80785,5,75.360492,0.9599395737876834,0.040000000000000036,True
5.67517,3,75.367405,0.9591648163614882,0.02400000000000002,True
5.739013,3,75.374941,0.9624625245522954,0.02400000000000002,True
5.775546,4,75.384271,0.9596541631064645,0.03200000000000003,True
6.00843,4,75.394115,0.9622427030949738,0.03200000000000003,True
5.575242,3,75.400908,0.9632864742567118,0.02400000000000002,True
5.687604,4,75.410559,0.9604433037432378,0.03200000000000003,True
5.828393,5,75.422691,0.9647984303867078,0.040000000000000036,True
5.870655,4,75.432188,0.960086416780363,0.03200000000000003,True
5.772154,4,75.442008,0.9633601358773949,0.03200000000000003,True
5.679044,3,75.449219,0.9624961182317466,0.02400000000000002,True
5.85068,5,75.461429,0.9591097958522355,0.040000000000000036,True
5.506734,4,75.470773,0.9598473400171494,0.03200000000000003,True
5.624226,3,75.477942,0.9610624108968552,0.02400000000000002,True
5.519669,4,75.487561,0.9588981533487458,0.03200000000000003,True
5.84223,3,75.494986,0.957647708720293,0.02400000000000002,True
5.706476,4,75.50458,0.9599091642362026,0.03200000000000003,True
5.688992,4,75.51398,0.9614778421514766,0.03200000000000003,True
5.484493,4,75.522857,0.9615867618839721,0.03200000000000003,True
5.593913,4,75.531768,0.9610012919090117,0.03200000000000003,True
5.789315,4,75.541096,0.9581241886480412,0.03200000000000003,True
