#{"t_start": 1790446234.824696, "env_id": "None"}
r,l,t,mean_uncertainty,energy_used,success
-2.150563,30,1.472534,0.9634132924836567,0.2400000000000002,False
-1.98462,30,1.524598,0.9610441431848669,0.2400000000000002,False
-2.009542,30,1.576142,0.9620822860972724,0.2400000000000002,False
-1.700629,30,1.632312,0.9628829895481386,0.2400000000000002,False
5.369817,23,1.670491,0.9598013165557174,0.18400000000000016,True
-2.116491,30,1.727973,0.9610205830358295,0.2400000000000002,False
-2.059414,30,1.782791,0.9634370759358766,0.2400000000000002,False
-2.156328,30,1.83641,0.9586884839184313,0.2400000000000002,False
5.655412,19,1.870405,0.9610376563509329,0.15200000000000014,True
5.33597,22,2.572363,0.965722786091964,0.17600000000000016,True
-2.143013,30,2.637439,0.9611964102087416,0.2400000000000002,False
-1.957988,30,2.699553,0.9688917187571829,0.2400000000000002,False
-2.41495,30,2.758211,0.96226722598648,0.2400000000000002,False
-1.770931,30,2.811293,0.9586223156417284,0.2400000000000002,False
-2.387484,30,2.862484,0.9614087836050096,0.2400000000000002,False
-2.470868,30,2.921557,0.9622065070856656,0.2400000000000002,False
-2.371254,30,2.977986,0.9642294244290244,0.2400000000000002,False
-2.250686,30,3.601991,0.960820718619032,0.2400000000000002,False
5.796552,8,3.619958,0.9628228504371257,0.06400000000000006,True
5.564162,10,3.636842,0.9634450410451014,0.08000000000000007,True
-1.723558,30,3.690107,0.9646825054005875,0.2400000000000002,False
5.334928,28,3.73875,0.9599830816389467,0.2240000000000002,True
-1.710169,30,3.789862,0.9667182248931936,0.2400000000000002,False
5.673345,16,3.821401,0.9620112613338909,0.1280000000000001,True
5.278206,24,3.862625,0.9606057820325169,0.19200000000000017,True
-2.047349,30,3.912878,0.9651045770130733,0.2400000000000002,False
-2.041,30,3.964999,0.9660508558835574,0.2400000000000002,False
5.631886,5,3.974625,0.95983144959978,0.040000000000000036,True
-2.011864,30,4.026814,0.9619764664913659,0.2400000000000002,False
-2.182377,30,4.62762,0.9634275862720526,0.2400000000000002,False
5.407398,11,4.64592,0.9577152579552992,0.08800000000000008,True
-1.999449,30,4.697855,0.9591158319390239,0.2400000000000002,False
-1.949888,30,4.749433,0.965724505930929,0.2400000000000002,False
-2.063784,30,4.802593,0.963255097756478,0.2400000000000002,False
5.604419,23,4.844805,0.9634974576569499,0.18400000000000016,True
-1.884785,30,4.901549,0.9660739434236549,0.2400000000000002,False
5.425788,24,4.946292,0.9595669036046982,0.19200000000000017,True
5.413346,17,4.978782,0.9579512376716147,0.13600000000000012,True
5.565556,11,5.000923,0.9596519405320698,0.08800000000000008,True
5.474266,19,5.032527,0.9610962824517537,0.15200000000000014,True
5.550183,23,5.637995,0.9593781204766632,0.18400000000000016,True
5.680805,6,5.64822,0.9648917077283639,0.04800000000000004,True
5.63047,20,5.685673,0.9616319575226338,0.16000000000000014,True
5.510005,19,5.718792,0.9631383921060443,0.15200000000000014,True
5.882045,21,5.757841,0.9570260654702396,0.16800000000000015,True
5.617604,14,5.783098,0.9636548670095356,0.1120000000000001,True
5.156755,22,5.825373,0.9611401192262834,0.17600000000000016,True
5.687236,13,5.854825,0.9632668920512442,0.10400000000000009,True
5.714878,13,5.882,0.9673437661307848,0.10400000000000009,True
5.307662,20,5.919378,0.9600621287156778,0.16000000000000014,True
5.233718,23,5.959555,0.9616619271876896,0.18400000000000016,True
5.655375,14,5.98695,0.9627873532167153,0.1120000000000001,True
5.389383,14,6.012522,0.963412890609225,0.1120000000000001,True
-1.929298,30,6.231785,0.9617513725888327,0.2400000000000002,False
5.559028,12,6.255216,0.9594856199421438,0.09600000000000009,True
5.556111,16,6.910714,0.962643664474938,0.1280000000000001,True
5.389214,8,6.932746,0.9626345194227885,0.06400000000000006,True
5.774304,4,6.94362,0.9590856674114188,0.03200000000000003,True
5.966091,9,6.961463,0.9684854180803577,0.07200000000000006,True
5.746242,9,6.97896,0.9636162133341163,0.07200000000000006,True
5.628,13,7.003188,0.9597292847470364,0.10400000000000009,True
5.54856,8,7.019435,0.9611015130372738,0.06400000000000006,True
5.682207,11,7.039199,0.9647057110662267,0.08800000000000008,True
5.480891,11,7.061909,0.962501854886455,0.08800000000000008,True
5.806938,6,7.079264,0.9687684180007252,0.04800000000000004,True
-1.92753,30,7.138263,0.9620221435986247,0.2400000000000002,False
5.670388,6,7.150263,0.962262038913626,0.04800000000000004,True
5.586552,8,7.164693,0.9618074521643426,0.06400000000000006,True
5.495525,10,7.18424,0.9573200240417519,0.08000000000000007,True
5.516302,11,7.20588,0.9639403869714072,0.08800000000000008,True
5.479332,4,7.21388,0.9676858667883226,0.03200000000000003,True
5.616336,12,7.237126,0.9586735286766491,0.09600000000000009,True
5.372842,9,7.254257,0.9673619815124624,0.07200000000000006,True
5.40212,23,7.296706,0.9596391779508142,0.18400000000000016,True
5.362136,17,7.327964,0.9587879802730221,0.13600000000000012,True
5.397961,6,7.343314,0.9582843359920572,0.04800000000000004,True
5.789592,9,7.370951,0.964014871400467,0.07200000000000006,True
5.312756,19,7.410144,0.9617812192233106,0.15200000000000014,True
5.425868,6,7.944607,0.9631006941010709,0.04800000000000004,True
5.736221,12,7.968698,0.9589994143944285,0.09600000000000009,True
5.697873,7,7.984398,0.9609183783113819,0.05600000000000005,True
5.814253,21,8.027294,0.9633171548938452,0.16800000000000015,True
5.264228,17,8.063094,0.9613371041827962,0.13600000000000012,True
5.807068,9,8.082751,0.9594426660674238,0.07200000000000006,True
5.721404,5,8.092705,0.9594137075134028,0.040000000000000036,True
5.45645,6,8.103751,0.9605210373078,0.04800000000000004,True
5.726668,12,8.1271,0.9574089961763095,0.09600000000000009,True
5.386356,6,8.138549,0.9588822278870927,0.04800000000000004,True
5.599281,8,8.154257,0.9613303128534987,0.06400000000000006,True
5.540965,4,8.162939,0.9613165815513884,0.03200000000000003,True
5.715503,7,8.176308,0.9603269821208411,0.05600000000000005,True
6.022819,6,8.188774,0.9610054078613222,0.04800000000000004,True
5.813725,6,8.200739,0.959855495280341,0.04800000000000004,True
5.381783,6,8.212325,0.9613905100814728,0.04800000000000004,True
5.534854,6,8.224164,0.9625854286340412,0.04800000000000004,True
5.704223,8,8.240322,0.959939606043085,0.06400000000000006,True
5.643815,6,8.251589,0.9625193089578477,0.04800000000000004,True
5.421789,8,8.270794,0.9592938837808694,0.06400000000000006,True
5.55699,10,8.293315,0.9613760384381234,0.08000000000000007,True
5.694626,5,8.304541,0.9624062257681812,0.040000000000000036,True
5.762535,8,8.323143,0.9606981393249818,0.06400000000000006,True
5.747457,9,8.343871,0.9655214342198305,0.07200000000000006,True
5.781001,7,8.359194,0.961762626492358,0.05600000000000005,True
5.359646,6,8.37541,0.9605623533023444,0.04800000000000004,True
5.668295,8,8.402102,0.9586789301662901,0.06400000000000006,True
5.422954,8,8.424996,0.9595030530843911,0.06400000000000006,True
5.365361,15,8.459004,0.9593720267411721,0.1200000000000001,True
5.475486,10,8.480357,0.9592111105934689,0.08000000000000007,True
5.557572,8,9.061474,0.9588598330220978,0.06400000000000006,True
5.554895,5,9.071891,0.9652504868884264,0.040000000000000036,True
5.484409,11,9.09427,0.9645799893741549,0.08800000000000008,True
5.79697,8,9.110364,0.9593057733820181,0.06400000000000006,True
5.512854,8,9.126569,0.959610279342312,0.06400000000000006,True
5.736671,8,9.141641,0.9616820074002037,0.06400000000000006,True
5.515491,13,9.167437,0.9595080793916939,0.10400000000000009,True
5.536067,5,9.178597,0.9637751240918362,0.040000000000000036,True
5.641979,4,9.18844,0.9573172872140396,0.03200000000000003,True
5.702822,6,9.200366,0.96077075496304,0.04800000000000004,True
5.650542,6,9.212869,0.9572466965948677,0.04800000000000004,True
5.476106,11,9.23419,0.9595379322985637,0.08800000000000008,True
5.470256,3,9.239817,0.9625299656115947,0.02400000000000002,True
5.629543,8,9.254656,0.9630944175679758,0.06400000000000006,True
5.809065,6,9.268529,0.9615012488583349,0.04800000000000004,True
5.58087,6,9.282619,0.9639400628348902,0.04800000000000004,True
5.992444,9,9.300295,0.9567111140413809,0.07200000000000006,True
5.851974,9,9.319195,0.9633754486463066,0.07200000000000006,True
5.50678,4,9.326188,0.9642281269253855,0.03200000000000003,True
5.704256,8,9.342377,0.9597072145981738,0.06400000000000006,True
5.450771,18,9.377952,0.9626014357324318,0.14400000000000013,True
5.490775,8,9.397208,0.9617092967464302,0.06400000000000006,True
5.559975,6,9.409221,0.9638815221850228,0.04800000000000004,True
5.551388,6,9.425147,0.9604058098200206,0.04800000000000004,True
5.177854,25,9.487246,0.9596917407537973,0.20000000000000018,True
5.38899,5,9.499981,0.9640738087586125,0.040000000000000036,True
5.544227,8,9.517374,0.9599597745907897,0.06400000000000006,True
5.537724,5,9.526288,0.9612314522739058,0.040000000000000036,True
5.350457,10,9.545536,0.9579371426930462,0.08000000000000007,True
5.648156,8,9.562697,0.9626364415451321,0.06400000000000006,True
5.624878,8,9.584987,0.9601885911574752,0.06400000000000006,True
5.557629,7,9.606393,0.9607015431040182,0.05600000000000005,True
5.837462,8,10.366353,0.9600163284591396,0.06400000000000006,True
5.766241,8,10.390902,0.9602616868895139,0.06400000000000006,True
5.524479,3,10.403961,0.9618238278926904,0.02400000000000002,True
5.713414,8,10.428207,0.9597092573166053,0.06400000000000006,True
5.764736,6,10.444167,0.9644114036246538,0.04800000000000004,True
5.618977,6,10.463662,0.963510420018445,0.04800000000000004,True
5.637802,4,10.478201,0.9587496528291735,0.03200000000000003,True
5.693647,6,10.498692,0.9634163707109868,0.04800000000000004,True
5.97935,7,10.520378,0.9637331641758103,0.05600000000000005,True
5.826319,9,10.550087,0.9647942905592889,0.07200000000000006,True
5.675671,8,10.573078,0.9594632241071414,0.06400000000000006,True
5.711606,5,10.586457,0.9572069368580305,0.040000000000000036,True
5.585812,11,10.617706,0.9628464993207173,0.08800000000000008,True
5.479955,6,10.633779,0.9637704321229488,0.04800000000000004,True
5.683187,9,10.655838,0.9635077986480907,0.07200000000000006,True
5.573191,6,10.674715,0.9588982380791014,0.04800000000000004,True
5.70992,6,10.691717,0.9602340819490471,0.04800000000000004,True
5.613334,5,10.705326,0.9601065992291011,0.040000000000000036,True
5.737949,5,10.718786,0.9620272927855992,0.040000000000000036,True
5.706266,11,10.749302,0.9601047213446787,0.08800000000000008,True
5.576766,11,10.780644,0.9672709316329875,0.08800000000000008,True
5.662728,4,10.792397,0.9595011473360756,0.03200000000000003,True
5.550304,7,10.81346,0.9591872217101027,0.05600000000000005,True
5.441984,5,10.826841,0.9625301543322764,0.040000000000000036,True
5.553355,4,10.83847,0.9587278753050152,0.03200000000000003,True
5.833591,5,10.856432,0.9609183283336946,0.040000000000000036,True
5.70467,6,10.872295,0.956555725714647,0.04800000000000004,True
5.626972,7,10.891837,0.9566671505071107,0.05600000000000005,True
5.857741,6,10.90861,0.9625072910944916,0.04800000000000004,True
5.665698,15,10.947902,0.9609164325471327,0.1200000000000001,True
5.482945,3,10.955807,0.9637082466602465,0.02400000000000002,True
5.344922,5,10.969062,0.9595686998194939,0.040000000000000036,True
5.584457,11,10.99845,0.959936750410349,0.08800000000000008,True
5.732764,11,11.025508,0.9606185340958493,0.08800000000000008,True
5.526278,4,11.035828,0.9588227710046382,0.03200000000000003,True
5.368815,3,11.045361,0.9609923351080939,0.02400000000000002,True
5.53065,5,11.059825,0.9569737419621707,0.040000000000000036,True
5.578949,4,11.072199,0.9618313373052343,0.03200000000000003,True
5.705004,6,11.091777,0.9600885074063663,0.04800000000000004,True
5.333217,5,11.850587,0.9607229389314125,0.040000000000000036,True
5.877074,7,11.870424,0.959257157957901,0.05600000000000005,True
5.677571,5,11.884412,0.9603109618379074,0.040000000000000036,True
5.854082,6,11.901306,0.9591016824475479,0.04800000000000004,True
5.673283,5,11.915224,0.9567775306129529,0.040000000000000036,True
5.542838,7,11.934587,0.965904910680889,0.05600000000000005,True
5.599324,4,11.945303,0.9584083529718218,0.03200000000000003,True
5.657569,6,11.963256,0.9602317224164568,0.04800000000000004,True
5.67284,4,11.974975,0.963559547848717,0.03200000000000003,True
5.813098,7,11.99439,0.959267497346119,0.05600000000000005,True
5.439746,5,12.008578,0.96422876427965,0.040000000000000036,True
5.770608,6,12.025651,0.9602538580056323,0.04800000000000004,True
5.960564,5,12.040645,0.9603419694435769,0.040000000000000036,True
5.531401,4,12.052751,0.9622226410398371,0.03200000000000003,True
5.690836,6,12.070149,0.9585947515221604,0.04800000000000004,True
5.711434,10,12.098543,0.9624625685589596,0.08000000000000007,True
5.479186,5,12.112599,0.9619375200110436,0.040000000000000036,True
5.928789,6,12.128512,0.9592597491785078,0.04800000000000004,True
5.721449,8,12.153366,0.9585155909998663,0.06400000000000006,True
5.672595,9,12.178571,0.9685208692783454,0.07200000000000006,True
5.972735,5,12.192276,0.9601422665770476,0.040000000000000036,True
5.900883,4,12.203272,0.9575703781816985,0.03200000000000003,True
5.627238,6,12.220183,0.9617242560115504,0.04800000000000004,True
5.602382,9,12.242241,0.959534124326094,0.07200000000000006,True
5.549084,4,12.254899,0.9575277306307188,0.03200000000000003,True
5.741243,10,12.280618,0.96202770248057,0.08000000000000007,True
5.433128,4,12.292579,0.9569550500239654,0.03200000000000003,True
5.795588,4,12.314456,0.9620023238706897,0.03200000000000003,True
5.538674,5,12.328557,0.9653773939138897,0.040000000000000036,True
5.753969,5,12.342809,0.9588421543099137,0.040000000000000036,True
5.595271,4,12.353482,0.963780516766471,0.03200000000000003,True
5.465214,7,12.372635,0.9592771617746345,0.05600000000000005,True
5.752809,9,12.400954,0.9688946938494847,0.07200000000000006,True
5.489792,7,12.55454,0.9623604981664443,0.05600000000000005,True
5.61203,6,12.570665,0.9633824180907197,0.04800000000000004,True
5.612151,7,12.590003,0.9652274839096994,0.05600000000000005,True
5.589747,2,12.596525,0.9635728299403281,0.016000000000000014,True
5.514538,7,12.619352,0.9602073313022015,0.05600000000000005,True
5.627386,6,12.639412,0.9568713514181819,0.04800000000000004,True
5.536893,4,12.652395,0.9643156066780967,0.03200000000000003,True
5.536632,7,12.672131,0.9594531430860694,0.05600000000000005,True
5.566323,3,12.681576,0.9617165353408371,0.02400000000000002,True
5.498066,5,12.695603,0.965505691857147,0.040000000000000036,True
5.389801,4,12.707802,0.9590929974260074,0.03200000000000003,True
5.390692,3,13.444659,0.9641424796580957,0.02400000000000002,True
5.754073,5,13.458436,0.958392901378635,0.040000000000000036,True
5.535902,5,13.471895,0.9590915811098487,0.040000000000000036,True
5.572713,3,13.481149,0.9587125891360859,0.02400000000000002,True
5.66239,4,13.492735,0.9653409269561071,0.03200000000000003,True
5.591075,4,13.506699,0.9574676428630444,0.03200000000000003,True
5.654307,5,13.524022,0.9614206351976629,0.040000000000000036,True
5.749266,6,13.543836,0.9620405958171921,0.04800000000000004,True
5.61635,5,13.560997,0.9584997049366861,0.040000000000000036,True
5.279805,3,13.572382,0.960533173041182,0.02400000000000002,True
5.428758,5,13.588601,0.9618151200884204,0.040000000000000036,True
5.915165,7,13.610969,0.9598437940098645,0.05600000000000005,True
5.952452,6,13.63059,0.9616137658621247,0.04800000000000004,True
5.463635,5,13.6463,0.9602182438464111,0.040000000000000036,True
5.826842,7,13.670526,0.9589586271182124,0.05600000000000005,True
5.530619,4,13.685031,0.9602160322734143,0.03200000000000003,True
5.634661,7,13.705494,0.9648888698493346,0.05600000000000005,True
5.801953,6,13.727031,0.966994214155818,0.04800000000000004,True
5.446779,5,13.74469,0.9605922258046818,0.040000000000000036,True
5.586723,3,13.754435,0.9638225965558723,0.02400000000000002,True
5.571004,3,13.764311,0.9640751541174564,0.02400000000000002,True
5.865855,5,13.781441,0.9591481975420262,0.040000000000000036,True
5.715953,5,13.798786,0.9593530165406253,0.040000000000000036,True
5.637183,3,13.808616,0.9646042036053124,0.02400000000000002,True
5.411222,6,13.831027,0.9658790123182361,0.04800000000000004,True
5.889566,3,13.838621,0.959718589499686,0.02400000000000002,True
5.645381,5,13.855224,0.9615136924116127,0.040000000000000036,True
5.711702,5,13.87076,0.959008389356643,0.040000000000000036,True
5.701818,7,13.892815,0.9609756675149668,0.05600000000000005,True
5.742529,4,13.905282,0.9634054762327462,0.03200000000000003,True
5.768891,4,13.917215,0.9590710667450868,0.03200000000000003,True
5.915832,5,13.932427,0.9611665965992342,0.040000000000000036,True
5.753074,4,13.9449,0.959447323096575,0.03200000000000003,True
5.486341,5,13.960253,0.9644482288745458,0.040000000000000036,True
5.775047,5,13.976164,0.9607162582945022,0.040000000000000036,True
5.567661,4,13.989156,0.9574068985100309,0.03200000000000003,True
5.478032,3,13.997465,0.9627038042557311,0.02400000000000002,True
5.637992,3,14.006209,0.9636478303477103,0.02400000000000002,True
5.55813,7,14.028459,0.9579813474487398,0.05600000000000005,True
5.669043,4,14.042264,0.9663671746985526,0.03200000000000003,True
5.610449,5,14.05906,0.961269410008051,0.040000000000000036,True
5.838945,6,14.077894,0.961393447521631,0.04800000000000004,True
5.615478,3,14.084395,0.9598241667730332,0.02400000000000002,True
5.468227,5,14.096122,0.9597875689398301,0.040000000000000036,True
5.782125,5,14.107227,0.9579600969266487,0.040000000000000036,True
5.735897,8,14.123576,0.958222123614074,0.06400000000000006,True
5.757842,3,14.130409,0.9597500895856041,0.02400000000000002,True
5.811004,6,14.143974,0.9578791491038483,0.04800000000000004,True
5.829245,5,14.154365,0.961741000347553,0.040000000000000036,True
5.57825,4,14.162331,0.9592040522657447,0.03200000000000003,True
5.824563,5,14.172821,0.9597434872821755,0.040000000000000036,True
5.669649,5,14.183567,0.9646543774720207,0.040000000000000036,True
5.730103,6,14.196601,0.9607830779854277,0.04800000000000004,True
5.611336,5,14.736024,0.9605833005383002,0.040000000000000036,True
5.819737,5,14.748996,0.9617925019498796,0.040000000000000036,True
5.730185,6,14.761749,0.9658597645928866,0.04800000000000004,True
5.804073,5,14.773222,0.9638769344896065,0.040000000000000036,True
5.544174,7,14.788679,0.9608578663677845,0.05600000000000005,True
5.817103,4,14.803435,0.959804772419784,0.03200000000000003,True
5.540818,3,14.811859,0.9615923959121189,0.02400000000000002,True
5.45106,3,14.823387,0.959350186379488,0.02400000000000002,True
5.791356,4,14.834888,0.9561437534058072,0.03200000000000003,True
5.616951,5,14.84606,0.9678966065062373,0.040000000000000036,True
5.73337,5,14.857474,0.9695964527129685,0.040000000000000036,True
5.489975,5,14.869472,0.9597705984612026,0.040000000000000036,True
5.801804,4,14.879947,0.9628258242447257,0.03200000000000003,True
5.547745,4,14.889718,0.9585371851206145,0.03200000000000003,True
5.534915,5,14.901257,0.9614230618357047,0.040000000000000036,True
5.547905,4,14.90928,0.9588270269581503,0.03200000000000003,True
5.703594,7,14.924517,0.9583881759820999,0.05600000000000005,True
5.57452,5,14.935776,0.9614455232063741,0.040000000000000036,True
5.625331,5,14.946576,0.9652815461462237,0.040000000000000036,True
5.582556,6,14.959626,0.9611218580148855,0.04800000000000004,True
5.569049,6,14.972686,0.9572869720167083,0.04800000000000004,True
5.829825,4,14.981119,0.9675589750777509,0.03200000000000003,True
5.760025,5,14.992147,0.9566877718885184,0.040000000000000036,True
5.447778,3,14.999406,0.96195342874041,0.02400000000000002,True
5.614704,5,15.010836,0.9603906452420606,0.040000000000000036,True
5.684447,3,15.017597,0.9580224385452419,0.02400000000000002,True
5.887732,7,15.032425,0.9603510512105938,0.05600000000000005,True
5.7322,4,15.042234,0.9640383615241044,0.03200000000000003,True
5.665692,4,15.051475,0.958172713505882,0.03200000000000003,True
5.537946,5,15.062783,0.9602276955856712,0.040000000000000036,True
5.719522,4,15.073106,0.9591495769568363,0.03200000000000003,True
5.484385,5,15.084765,0.9593524308631693,0.040000000000000036,True
5.560369,5,15.095702,0.9637416639394925,0.040000000000000036,True
5.558031,4,15.104776,0.960263738538043,0.03200000000000003,True
5.880618,3,15.110874,0.9611438504813742,0.02400000000000002,True
5.794397,4,15.119438,0.9598632114669832,0.03200000000000003,True
5.832996,6,15.134487,0.9627743885863573,0.04800000000000004,True
5.743586,6,15.147581,0.962388286959156,0.04800000000000004,True
5.830941,5,15.158755,0.9675091455632698,0.040000000000000036,True
5.440769,6,15.172719,0.961032342496603,0.04800000000000004,True
5.644759,5,15.183884,0.9612217561073441,0.040000000000000036,True
5.655665,4,15.192461,0.9629923953349238,0.03200000000000003,True
5.687876,3,15.199536,0.9622184100891893,0.02400000000000002,True
5.404227,7,15.215246,0.9597044962015213,0.05600000000000005,True
5.86351,6,15.228683,0.9614245688557115,0.04800000000000004,True
5.974368,5,15.23948,0.9606516785624843,0.040000000000000036,True
5.961269,4,15.246773,0.9588067487636944,0.03200000000000003,True
5.602198,7,15.261811,0.9619513687080306,0.05600000000000005,True
5.834317,5,15.274646,0.957570618144056,0.040000000000000036,True
5.552375,7,15.289465,0.9590484080236431,0.05600000000000005,True
5.626994,6,15.303667,0.9639258184641566,0.04800000000000004,True
5.600796,4,15.313053,0.960462647615667,0.03200000000000003,True
5.508747,6,15.326116,0.9600977635928002,0.04800000000000004,True
5.684818,3,15.87882,0.9632349271460133,0.02400000000000002,True
5.507158,4,15.888608,0.9628220518409406,0.03200000000000003,True
5.698256,4,15.896989,0.9605031086802844,0.03200000000000003,True
5.80228,4,15.906303,0.9636101517516777,0.03200000000000003,True
5.388601,3,15.914318,0.9608029264491479,0.02400000000000002,True
5.635718,6,15.927372,0.9649401940287679,0.04800000000000004,True
5.479709,3,15.935179,0.9561066838742369,0.02400000000000002,True
5.502664,3,15.941743,0.9588630214625078,0.02400000000000002,True
5.72971,8,15.959194,0.9644932942231901,0.06400000000000006,True
6.015781,5,15.969544,0.9604096079171982,0.040000000000000036,True
5.764807,5,15.981145,0.9608401926210495,0.040000000000000036,True
5.632543,4,15.990458,0.9614229719228988,0.03200000000000003,True
5.60829,5,16.001559,0.9614443061079363,0.040000000000000036,True
5.40973,4,16.009912,0.9628007357964048,0.03200000000000003,True
5.427951,5,16.020938,0.9590340210395806,0.040000000000000036,True
5.748329,3,16.028557,0.9583323396948442,0.02400000000000002,True
5.365026,4,16.037819,0.9629796887272666,0.03200000000000003,True
5.589885,5,16.049676,0.9598242513201394,0.040000000000000036,True
5.625702,6,16.064683,0.9623808593444824,0.04800000000000004,True
5.784851,5,16.076522,0.9637343958729854,0.040000000000000036,True
5.733844,4,16.084805,0.9586877304239381,0.03200000000000003,True
5.536423,5,16.096288,0.9613011094514374,0.040000000000000036,True
5.498844,8,16.113521,0.9656874833544045,0.06400000000000006,True
5.657353,3,16.120969,0.964069556840289,0.02400000000000002,True
5.47956,4,16.130426,0.9673377861355548,0.03200000000000003,True
5.488285,4,16.139979,0.9615002345738809,0.03200000000000003,True
5.474736,5,16.152435,0.9614400793218434,0.040000000000000036,True
5.826582,5,16.16371,0.9630100960573392,0.040000000000000036,True
5.654989,5,16.174427,0.9581865520386562,0.040000000000000036,True
5.554552,3,16.181329,0.967053005660365,0.02400000000000002,True
5.764285,4,16.19077,0.9592499580615588,0.03200000000000003,True
6.031963,5,16.204518,0.9608287410256615,0.040000000000000036,True
5.48102,4,16.215598,0.9633658745740641,0.03200000000000003,True
5.653102,5,16.227424,0.9617314608792841,0.040000000000000036,True
5.818143,4,16.236979,0.9597217413562216,0.03200000000000003,True
6.079929,6,16.249619,0.9591878984295388,0.04800000000000004,True
5.640106,4,16.258901,0.9651654324605985,0.03200000000000003,True
5.806257,5,16.269934,0.9604277291925003,0.040000000000000036,True
5.646574,4,16.279655,0.9638738298067839,0.03200000000000003,True
5.572973,3,16.287169,0.9600091884325759,0.02400000000000002,True
5.706406,4,16.295902,0.9596562733419606,0.03200000000000003,True
5.672858,4,16.30526,0.9593390981032638,0.03200000000000003,True
5.707718,4,16.314299,0.9632805004085416,0.03200000000000003,True
5.724582,4,16.323552,0.9592002640115942,0.03200000000000003,True
5.620124,5,16.335161,0.9576051265043074,0.040000000000000036,True
5.831209,4,16.344909,0.9611946342773727,0.03200000000000003,True
5.525609,5,16.355989,0.964408122288335,0.040000000000000036,True
5.726599,5,16.366922,0.9619418023829085,0.040000000000000036,True
5.775291,6,16.380502,0.9641614217468056,0.04800000000000004,True
5.730592,4,16.389343,0.9614958430230964,0.03200000000000003,True
5.439728,3,16.396292,0.9633471876313637,0.02400000000000002,True
5.618545,5,16.408559,0.9593376290463728,0.040000000000000036,True
5.657836,5,16.420357,0.9607308064453719,0.040000000000000036,True
5.511065,5,16.431324,0.962453860713074,0.040000000000000036,True
5.81366,9,16.450774,0.9627907865226132,0.07200000000000006,True
5.77591,6,17.013267,0.9592855562557138,0.04800000000000004,True
5.829095,5,17.024092,0.9607835779897068,0.040000000000000036,True
5.619935,4,17.032932,0.9584268177588992,0.03200000000000003,True
5.579531,5,17.045009,0.9579509938424695,0.040000000000000036,True
5.486154,4,17.054354,0.9599842432649663,0.03200000000000003,True
5.898427,5,17.067509,0.9611792609174765,0.040000000000000036,True
5.637649,5,17.079134,0.9643728677297128,0.040000000000000036,True
5.756337,4,17.08789,0.963750925046519,0.03200000000000003,True
5.552768,5,17.099435,0.9598986961876326,0.040000000000000036,True
5.944853,3,17.105247,0.9623605573351124,0.02400000000000002,True
5.73505,4,17.115238,0.9679835312641794,0.03200000000000003,True
5.747546,4,17.12398,0.9582091334699149,0.03200000000000003,True
5.988901,5,17.135303,0.9610456444052133,0.040000000000000036,True
5.389161,5,17.15128,0.961470371945835,0.040000000000000036,True
5.723922,3,17.16158,0.9578326624047092,0.02400000000000002,True
5.978396,5,17.1732,0.963317810771758,0.040000000000000036,True
5.769178,5,17.185414,0.9604753394864518,0.040000000000000036,True
5.480863,4,17.194652,0.9662440378539965,0.03200000000000003,True
5.674134,5,17.205288,0.9646855907555338,0.040000000000000036,True
5.584623,4,17.214307,0.9655761124207912,0.03200000000000003,True
5.63088,5,17.225989,0.9594140231294563,0.040000000000000036,True
5.595615,3,17.233017,0.9590910366077054,0.02400000000000002,True
5.631442,5,17.24312,0.9600468490997095,0.040000000000000036,True
5.488143,5,17.253929,0.9626864462309186,0.040000000000000036,True
5.605562,5,17.265507,0.9589920782673361,0.040000000000000036,True
5.753488,5,17.277236,0.9610359881455388,0.040000000000000036,True
5.736508,4,17.285312,0.9640327639234236,0.03200000000000003,True
5.412375,4,17.294886,0.9576351241767569,0.03200000000000003,True
5.548151,6,17.308037,0.9593476114780712,0.04800000000000004,True
5.671977,5,17.323555,0.9610218242736195,0.040000000000000036,True
5.555447,4,17.332959,0.9610143364270558,0.03200000000000003,True
5.662522,3,17.339175,0.9572271188547505,0.02400000000000002,True
5.474984,3,17.346787,0.9571794073210829,0.02400000000000002,True
5.974762,4,17.355489,0.9631544545201429,0.03200000000000003,True
5.758397,5,17.366441,0.9596376761769219,0.040000000000000036,True
5.773785,5,17.377159,0.963789985154818,0.040000000000000036,True
5.544463,3,17.384865,0.9642678707770456,0.02400000000000002,True
5.93442,4,17.394179,0.9583613053969161,0.03200000000000003,True
5.698458,5,17.405869,0.9647028359115799,0.040000000000000036,True
5.692308,8,17.42356,0.9615391659790259,0.06400000000000006,True
5.697524,5,17.434538,0.9668332861021955,0.040000000000000036,True
5.798365,4,17.444642,0.9592968921274603,0.03200000000000003,True
5.723236,5,17.454926,0.9602714282696532,0.040000000000000036,True
5.401474,6,17.467654,0.9612925257715956,0.04800000000000004,True
5.788597,5,17.479436,0.9614301493522821,0.040000000000000036,True
5.648151,5,17.490621,0.958403544035796,0.040000000000000036,True
6.035141,6,17.511212,0.9596516437635726,0.04800000000000004,True
5.748038,5,17.527879,0.9642826245189529,0.040000000000000036,True
5.748975,4,17.537414,0.959921562176717,0.03200000000000003,True
5.773855,6,17.54969,0.9598535682947062,0.04800000000000004,True
5.682021,4,17.559513,0.9613059202091818,0.03200000000000003,True
5.637505,4,17.569327,0.9604044560992397,0.03200000000000003,True
5.851811,5,17.581295,0.9612087890409021,0.040000000000000036,True
5.801863,6,17.596003,0.9614631641376112,0.04800000000000004,True
5.577727,4,17.604682,0.9602694369630559,0.03200000000000003,True
5.775644,4,17.613253,0.9593338035402527,0.03200000000000003,True
5.8763,4,18.149368,0.9607619193004525,0.03200000000000003,True
5.4084,5,18.161219,0.9586344628229563,0.040000000000000036,True
5.671527,4,18.170483,0.9629347065157231,0.03200000000000003,True
5.873157,5,18.182144,0.9593493520393986,0.040000000000000036,True
5.615577,5,18.193144,0.9582715327931409,0.040000000000000036,True
5.962543,3,18.200203,0.9637703295766449,0.02400000000000002,True
5.601968,5,18.21152,0.9633981820017827,0.040000000000000036,True
5.689378,3,18.219375,0.9637754339344655,0.02400000000000002,True
5.542201,3,18.225804,0.9647032227154841,0.02400000000000002,True
5.56614,5,18.236213,0.9651519125222987,0.040000000000000036,True
5.567108,4,18.244942,0.9621148686009702,0.03200000000000003,True
5.904044,4,18.255366,0.964834715137044,0.03200000000000003,True
5.681069,3,18.268045,0.9587835616296527,0.02400000000000002,True
6.001297,5,18.278955,0.966738896521912,0.040000000000000036,True
5.640102,3,18.286541,0.9569901499613862,0.02400000000000002,True
5.68431,5,18.298293,0.9636738265600147,0.040000000000000036,True
5.662543,3,18.305928,0.961757734926866,0.02400000000000002,True
5.564252,3,18.311578,0.9574932793347861,0.02400000000000002,True
5.629637,5,18.32345,0.9621685193041445,0.040000000000000036,True
5.740021,4,18.332303,0.9628694483240905,0.03200000000000003,True
5.68286,4,18.340689,0.9622297140038693,0.03200000000000003,True
5.333785,3,18.347453,0.9603126521735231,0.02400000000000002,True
5.827396,5,18.359369,0.9648133602805112,0.040000000000000036,True
5.593826,3,18.366236,0.9640092279593696,0.02400000000000002,True
5.53894,7,18.38156,0.964864485317108,0.05600000000000005,True
5.78655,5,18.393581,0.9633208656623522,0.040000000000000036,True
5.980418,5,18.404871,0.9616432752232067,0.040000000000000036,True
5.335837,4,18.414313,0.9603367629005286,0.03200000000000003,True
5.964598,6,18.427918,0.9661932690730566,0.04800000000000004,True
5.977545,4,18.436437,0.9615355572788346,0.03200000000000003,True
5.893902,4,18.445808,0.9592648800679479,0.03200000000000003,True
5.712082,3,18.453041,0.9585000670956998,0.02400000000000002,True
5.607249,4,18.462569,0.9632587542735035,0.03200000000000003,True
5.493651,4,18.472685,0.9605274882376131,0.03200000000000003,True
5.531695,5,18.483438,0.9591271963644041,0.040000000000000036,True
6.006411,4,18.493251,0.9578949417197176,0.03200000000000003,True
5.545627,4,18.50286,0.9618339201430546,0.03200000000000003,True
5.753771,4,18.512639,0.9652204830967352,0.03200000000000003,True
5.753101,4,18.522956,0.9626485134735586,0.03200000000000003,True
6.015714,4,18.530504,0.9570048573510239,0.03200000000000003,True
5.961208,4,18.615249,0.9631155560123341,0.03200000000000003,True
5.533098,4,18.624292,0.9602871049429286,0.03200000000000003,True
5.97451,3,18.630746,0.95882948123815,0.02400000000000002,True
5.833118,5,18.64241,0.965520803175055,0.040000000000000036,True
5.50857,5,18.654287,0.958319971929556,0.040000000000000036,True
5.709771,5,18.666473,0.9604323039419267,0.040000000000000036,True
5.576484,4,18.680814,0.9623554563471541,0.03200000000000003,True
5.712202,4,18.694208,0.9587230318846982,0.03200000000000003,True
5.506504,3,18.704601,0.9568959561959527,0.02400000000000002,True
5.649892,5,18.722893,0.9606036506760249,0.040000000000000036,True
5.486262,4,18.734453,0.9604437852158185,0.03200000000000003,True
5.499125,4,18.747915,0.9673678574251899,0.03200000000000003,True
5.83643,5,18.76316,0.9591977213213718,0.040000000000000036,True
5.604756,6,18.779001,0.9601621577215629,0.04800000000000004,True
5.736696,4,18.790947,0.9594507205525423,0.03200000000000003,True
5.706288,5,18.803974,0.9626257020716452,0.040000000000000036,True
5.722291,3,18.810557,0.9618783281474228,0.02400000000000002,True
5.985569,4,18.819788,0.9603527504555356,0.03200000000000003,True
5.801085,5,18.83043,0.9597643100316728,0.040000000000000036,True
5.460076,4,18.840111,0.9565967393791492,0.03200000000000003,True
5.381717,5,18.853336,0.9615314761917818,0.040000000000000036,True
5.509138,5,19.414578,0.9560470283270911,0.040000000000000036,True
5.465718,4,19.424387,0.9630412553455906,0.03200000000000003,True
5.645012,5,19.436554,0.9562908482337152,0.040000000000000036,True
6.021171,5,19.447486,0.9625257367865063,0.040000000000000036,True
5.823069,6,19.462492,0.9586983028855518,0.04800000000000004,True
5.704043,5,19.473607,0.9639521352919991,0.040000000000000036,True
5.759814,3,19.481233,0.9610638876045123,0.02400000000000002,True
5.725169,4,19.491491,0.9570818711900103,0.03200000000000003,True
5.735714,4,19.500936,0.9589246754934333,0.03200000000000003,True
5.509165,4,19.510848,0.9582573659818987,0.03200000000000003,True
5.63505,6,19.523839,0.9620524697834643,0.04800000000000004,True
5.592644,5,19.53522,0.9586175292980392,0.040000000000000036,True
5.669649,4,19.54454,0.9569242713439046,0.03200000000000003,True
5.506567,4,19.553545,0.9655845466985942,0.03200000000000003,True
5.474262,4,19.562748,0.9667292152296487,0.03200000000000003,True
5.654059,3,19.569587,0.9613797229572592,0.02400000000000002,True
5.67475,6,19.585118,0.9600778592035268,0.04800000000000004,True
5.517068,4,19.59452,0.9612423259924611,0.03200000000000003,True
5.895465,5,19.60854,0.9637429297126158,0.040000000000000036,True
5.592054,4,19.617875,0.9601598045583949,0.03200000000000003,True
5.502054,3,19.624725,0.9655016630515258,0.02400000000000002,True
5.487979,2,19.629976,0.9600789955314177,0.016000000000000014,True
5.745576,3,19.636496,0.9614031533251848,0.02400000000000002,True
5.66346,4,19.644696,0.960406320789011,0.03200000000000003,True
5.454888,4,19.653754,0.9582993804728117,0.03200000000000003,True
5.702631,5,19.664473,0.9638202586406246,0.040000000000000036,True
5.617607,4,19.673806,0.9600665928013552,0.03200000000000003,True
5.712518,3,19.68114,0.967419910201228,0.02400000000000002,True
5.655212,6,19.695564,0.9606614019409934,0.04800000000000004,True
5.777259,2,19.69972,0.9590503505987068,0.016000000000000014,True
5.565335,4,19.709267,0.9607415796677741,0.03200000000000003,True
5.799072,4,19.719223,0.9634121106205821,0.03200000000000003,True
5.863598,3,19.726947,0.9591721375322737,0.02400000000000002,True
5.553948,3,19.733873,0.9645270330960164,0.02400000000000002,True
5.721342,3,19.741353,0.9624892286486277,0.02400000000000002,True
5.585001,3,19.747391,0.9633525243206053,0.02400000000000002,True
5.889876,4,19.75756,0.9619334079251697,0.03200000000000003,True
5.804969,4,19.766415,0.9627502421337482,0.03200000000000003,True
5.72955,4,19.775998,0.959223427801622,0.03200000000000003,True
5.742415,4,19.785042,0.9603358670124178,0.03200000000000003,True
5.78099,5,19.795987,0.9555118434793206,0.040000000000000036,True
5.64412,5,19.807748,0.95943279134257,0.040000000000000036,True
6.02358,4,19.816683,0.9623539416886968,0.03200000000000003,True
5.604404,4,19.825694,0.9594384186032843,0.03200000000000003,True
5.722926,3,19.832621,0.9641205679574335,0.02400000000000002,True
5.821804,4,19.84089,0.9650821280857901,0.03200000000000003,True
5.988265,3,19.848435,0.9630985901174176,0.02400000000000002,True
5.890528,3,19.855804,0.959180212122748,0.02400000000000002,True
5.80742,6,19.86839,0.9624850053736813,0.04800000000000004,True
5.649939,5,19.880322,0.9631591652444559,0.040000000000000036,True
5.798162,4,19.889787,0.9599513655237935,0.03200000000000003,True
5.708762,4,19.899264,0.9570953946655624,0.03200000000000003,True
5.728274,3,19.905441,0.9596810011652723,0.02400000000000002,True
5.511648,3,19.91344,0.9608396919027438,0.02400000000000002,True
5.591348,6,19.927206,0.9567402338226076,0.04800000000000004,True
5.683376,4,19.936804,0.9607099962466008,0.03200000000000003,True
5.732147,3,19.942707,0.9601928668974091,0.02400000000000002,True
5.554709,4,19.952458,0.95815476238943,0.03200000000000003,True
5.476724,3,19.960445,0.961050114426939,0.02400000000000002,True
5.601867,3,19.966719,0.9640315941235937,0.02400000000000002,True
5.494993,5,19.979164,0.9610712333470802,0.040000000000000036,True
5.540985,4,19.987236,0.9653837135872061,0.03200000000000003,True
5.631073,4,20.002542,0.9642038943022024,0.03200000000000003,True
5.500098,3,20.526752,0.9648533338024692,0.02400000000000002,True
5.601448,4,20.536761,0.9610536355907761,0.03200000000000003,True
5.769636,5,20.548734,0.9645000437606968,0.040000000000000036,True
5.994697,4,20.557679,0.9595098186356039,0.03200000000000003,True
5.776013,5,20.568756,0.965267788381386,0.040000000000000036,True
5.737749,4,20.580738,0.9625901993015129,0.03200000000000003,True
5.74833,3,20.590628,0.9602272548505041,0.02400000000000002,True
5.701776,3,20.600717,0.9587542701682534,0.02400000000000002,True
5.358343,4,20.610881,0.9596538663077918,0.03200000000000003,True
5.487146,4,20.620234,0.9570704109124075,0.03200000000000003,True
5.719537,6,20.633554,0.9621704988895502,0.04800000000000004,True
5.77715,5,20.644828,0.9610295174542047,0.040000000000000036,True
6.083935,5,20.656528,0.9571503516469685,0.040000000000000036,True
5.823773,4,20.665904,0.9572097654865592,0.03200000000000003,True
5.588085,5,20.677366,0.9639387932481153,0.040000000000000036,True
5.757975,4,20.686927,0.9604222733975021,0.03200000000000003,True
5.530559,4,20.695726,0.9656384478420905,0.03200000000000003,True
5.851563,5,20.706985,0.9601863938492678,0.040000000000000036,True
5.764643,3,20.713238,0.9653472020556051,0.02400000000000002,True
5.616908,4,20.722394,0.9586524509073118,0.03200000000000003,True
5.747282,4,20.732046,0.9599635178178778,0.03200000000000003,True
5.444575,5,20.743394,0.9645516942662588,0.040000000000000036,True
5.64291,5,20.755398,0.9608098122154478,0.040000000000000036,True
5.666795,4,20.763931,0.9618652195960354,0.03200000000000003,True
5.648545,4,20.772705,0.9606833802779384,0.03200000000000003,True
5.61564,4,20.782449,0.9661095476441856,0.03200000000000003,True
5.588406,4,20.791939,0.9602038314644028,0.03200000000000003,True
5.644389,5,20.803822,0.9625401700137097,0.040000000000000036,True
5.488508,3,20.811547,0.960341343618291,0.02400000000000002,True
5.700385,3,20.818534,0.9623033285815171,0.02400000000000002,True
5.431393,4,20.827624,0.9623949534127874,0.03200000000000003,True
5.830859,5,20.839944,0.9573387537026234,0.040000000000000036,True
5.787872,5,20.851416,0.9590788163396144,0.040000000000000036,True
5.758124,3,20.861934,0.9601715819080747,0.02400000000000002,True
5.607906,4,20.871246,0.9622104063112955,0.03200000000000003,True
5.420429,3,20.877409,0.9599117796265838,0.02400000000000002,True
5.469509,3,20.88554,0.9641732203488665,0.02400000000000002,True
5.593239,4,20.895164,0.9616714058719462,0.03200000000000003,True
5.690304,3,20.903651,0.9581197448999472,0.02400000000000002,True
5.831071,6,20.918971,0.963177148315779,0.04800000000000004,True
5.787481,5,20.93084,0.9578129602803687,0.040000000000000036,True
5.646817,3,20.938389,0.9585071941854778,0.02400000000000002,True
5.862419,5,20.949869,0.9644549340572803,0.040000000000000036,True
6.048648,4,20.959821,0.9687235652377959,0.03200000000000003,True
5.840888,5,20.972479,0.959655674950106,0.040000000000000036,True
5.494074,3,20.979281,0.9641045653528231,0.02400000000000002,True
5.57163,5,20.990513,0.961855071882182,0.040000000000000036,True
5.78288,5,21.002243,0.961707531370569,0.040000000000000036,True
5.863769,5,21.012948,0.9658814947177601,0.040000000000000036,True
5.705575,5,21.025029,0.960351832999063,0.040000000000000036,True
5.633513,5,21.043333,0.9600378477870326,0.040000000000000036,True
5.84359,5,21.060646,0.9612857165995716,0.040000000000000036,True
5.616985,3,21.070352,0.958004174535698,0.02400000000000002,True
5.548578,5,21.082106,0.9574731626688705,0.040000000000000036,True
5.699248,6,21.095345,0.9616367235937611,0.04800000000000004,True
5.471843,2,21.101004,0.9633974977848969,0.016000000000000014,True
5.524291,3,21.108369,0.9633337695202404,0.02400000000000002,True
5.667363,4,21.117479,0.9651703685012488,0.03200000000000003,True
5.454995,5,21.128952,0.962013099493684,0.040000000000000036,True
5.817649,5,21.140649,0.9593863643631015,0.040000000000000036,True
5.608582,4,21.150404,0.9572981022573934,0.03200000000000003,True
5.46413,4,21.673656,0.9653992528698883,0.03200000000000003,True
5.559422,5,21.685265,0.9591842202398948,0.040000000000000036,True
5.761276,3,21.692262,0.9627108214682971,0.02400000000000002,True
5.400539,5,21.70369,0.9625778796797622,0.040000000000000036,True
5.769438,4,21.712577,0.9607135720671042,0.03200000000000003,True
5.487197,3,21.719737,0.9589190506157547,0.02400000000000002,True
5.309118,3,21.727279,0.959370994917868,0.02400000000000002,True
5.53852,5,21.738315,0.9617716191393577,0.040000000000000036,True
5.469514,4,21.746948,0.9653516852689581,0.03200000000000003,True
5.842594,5,21.758916,0.9626639463338192,0.040000000000000036,True
5.443951,5,21.770268,0.9624643086076121,0.040000000000000036,True
5.761116,4,21.779924,0.9629186947795862,0.03200000000000003,True
5.813911,4,21.788314,0.9609535327400043,0.03200000000000003,True
5.500076,3,21.7962,0.9615941324072974,0.02400000000000002,True
5.692728,3,21.803731,0.9566050905925029,0.02400000000000002,True
5.634421,5,21.814351,0.9586720034864076,0.040000000000000036,True
5.678377,3,21.821235,0.9597123077314901,0.02400000000000002,True
5.459385,4,21.830039,0.9601854099966558,0.03200000000000003,True
5.645001,3,21.837187,0.9610642743113736,0.02400000000000002,True
5.639945,4,21.846151,0.9594348476468387,0.03200000000000003,True
5.57147,5,21.856948,0.9596808435112016,0.040000000000000036,True
5.563626,4,21.866599,0.96414243929159,0.03200000000000003,True
5.580156,5,21.877256,0.961803815591117,0.040000000000000036,True
5.687952,5,21.889977,0.9616501723566011,0.040000000000000036,True
5.378008,3,21.896209,0.9611366539638763,0.02400000000000002,True
5.534147,3,21.90362,0.9649795564187776,0.02400000000000002,True
5.719886,3,21.910716,0.9617866109599734,0.02400000000000002,True
5.602552,4,21.920708,0.9590019260904985,0.03200000000000003,True
5.565796,5,21.931193,0.9638811246180707,0.040000000000000036,True
5.575312,5,21.941829,0.9626491826638987,0.040000000000000036,True
5.514647,4,21.950659,0.9609186114983526,0.03200000000000003,True
5.758913,4,21.960353,0.9654571764616521,0.03200000000000003,True
5.843841,5,21.971011,0.9616437594153602,0.040000000000000036,True
5.582038,3,21.978338,0.9600157999961382,0.02400000000000002,True
5.747833,5,21.990232,0.9637631162114713,0.040000000000000036,True
5.614909,4,21.999884,0.961651167375539,0.03200000000000003,True
5.447497,4,22.008211,0.9640768525846704,0.03200000000000003,True
5.865742,3,22.01569,0.9575834281448689,0.02400000000000002,True
5.60292,4,22.024274,0.957204629557899,0.03200000000000003,True
5.640158,6,22.036999,0.9584706066890263,0.04800000000000004,True
5.880667,4,22.048015,0.9631357861781553,0.03200000000000003,True
5.695846,4,22.05729,0.9571344701672649,0.03200000000000003,True
5.451579,4,22.068565,0.9654950422871453,0.03200000000000003,True
5.557354,3,22.080252,0.9593477693106498,0.02400000000000002,True
5.464088,3,22.089401,0.9626532812950794,0.02400000000000002,True
5.799058,4,22.103306,0.9604736779198109,0.03200000000000003,True
5.550477,4,22.112646,0.9662880431364091,0.03200000000000003,True
5.412533,3,22.120283,0.962666310631414,0.02400000000000002,True
5.632693,3,22.12782,0.964497550439214,0.02400000000000002,True
5.486241,4,22.13753,0.9628949402847407,0.03200000000000003,True
6.003658,5,22.148461,0.9589021404518556,0.040000000000000036,True
5.953358,5,22.160307,0.9611015931218324,0.040000000000000036,True
5.782425,5,22.172639,0.9639225314326154,0.040000000000000036,True
5.482362,5,22.183625,0.9623936570433534,0.040000000000000036,True
5.691985,4,22.193607,0.9660082556041952,0.03200000000000003,True
5.375429,3,22.200714,0.9632421886413858,0.02400000000000002,True
5.924743,4,22.20965,0.9600012020523905,0.03200000000000003,True
5.588075,4,22.219536,0.9597905374283948,0.03200000000000003,True
5.805536,5,22.230574,0.9625424039926087,0.040000000000000036,True
5.801213,4,22.240634,0.9596924787629739,0.03200000000000003,True
5.453327,4,22.248686,0.9562509364290845,0.03200000000000003,True
6.003227,5,22.259576,0.9581337925769022,0.040000000000000036,True
5.602457,4,22.269922,0.9631423441123382,0.03200000000000003,True
5.611779,5,22.820122,0.95799459729539,0.040000000000000036,True
5.686636,4,22.830033,0.9616803364367308,0.03200000000000003,True
5.691913,5,22.840734,0.9582603567817196,0.040000000000000036,True
5.668791,3,22.847173,0.9663007158726119,0.02400000000000002,True
5.723783,4,22.856185,0.9608904388083528,0.03200000000000003,True
5.432574,4,22.866618,0.9629678618606938,0.03200000000000003,True
5.705568,4,22.875618,0.9587684534235931,0.03200000000000003,True
5.837539,5,22.885859,0.9648195940541497,0.040000000000000036,True
5.654757,3,22.891937,0.9565012013069842,0.02400000000000002,True
5.575544,5,22.904037,0.9618260357768555,0.040000000000000036,True
5.620495,3,22.911946,0.9616923903500804,0.02400000000000002,True
5.542306,4,22.921845,0.9647954084479069,0.03200000000000003,True
5.907,4,22.932348,0.9578962658373879,0.03200000000000003,True
5.88026,5,22.944728,0.9611483557678482,0.040000000000000036,True
5.910869,3,22.952956,0.9623877004467645,0.02400000000000002,True
5.524324,3,22.960583,0.9637696141556931,0.02400000000000002,True
5.562317,6,22.974796,0.96253195850834,0.04800000000000004,True
5.997829,4,22.984499,0.959676901529823,0.03200000000000003,True
5.594415,2,22.989358,0.9647866674223352,0.016000000000000014,True
5.737252,5,23.002259,0.9640372023583126,0.040000000000000036,True
5.472122,4,23.011912,0.960627206655295,0.03200000000000003,True
5.739415,4,23.021588,0.9584847657562677,0.03200000000000003,True
5.625127,4,23.029408,0.9616170305688552,0.03200000000000003,True
5.772082,5,23.040829,0.9619823697196428,0.040000000000000036,True
5.630241,4,23.050694,0.9619092498537593,0.03200000000000003,True
5.716599,3,23.058666,0.9632190393523923,0.02400000000000002,True
5.742812,5,23.069733,0.966933441274763,0.040000000000000036,True
5.522993,3,23.077343,0.9638105477221175,0.02400000000000002,True
5.788365,4,23.08614,0.9630410711120372,0.03200000000000003,True
5.631952,4,23.095554,0.9615829723426375,0.03200000000000003,True
5.699041,4,23.107168,0.9612031935837733,0.03200000000000003,True
5.549855,4,23.120169,0.9572643014566298,0.03200000000000003,True
5.717357,5,23.136812,0.960640696339542,0.040000000000000036,True
5.480986,3,23.144171,0.9658469493341315,0.02400000000000002,True
5.793884,5,23.155318,0.960938460938625,0.040000000000000036,True
5.716129,4,23.164402,0.960003451208192,0.03200000000000003,True
5.638678,5,23.175164,0.9590798637200193,0.040000000000000036,True
5.710431,5,23.186159,0.9590804467651315,0.040000000000000036,True
5.785236,4,23.195949,0.9649464920748965,0.03200000000000003,True
5.957927,5,23.207822,0.9599264651056841,0.040000000000000036,True
6.010359,5,23.220285,0.9623067370519356,0.040000000000000036,True
5.549789,4,23.229783,0.95748857709227,0.03200000000000003,True
5.773491,4,23.239224,0.9618020861698595,0.03200000000000003,True
5.7811,3,23.245139,0.9641266825572998,0.02400000000000002,True
5.489428,3,23.252333,0.9623460587375159,0.02400000000000002,True
5.705828,4,23.262076,0.9636146714136714,0.03200000000000003,True
5.551487,5,23.275704,0.9584094392496516,0.040000000000000036,True
5.510554,4,23.286649,0.9609542345462696,0.03200000000000003,True
5.715979,4,23.296801,0.9616232226253172,0.03200000000000003,True
5.64256,4,23.306986,0.9600514248193781,0.03200000000000003,True
5.819705,5,23.318806,0.968027045175227,0.040000000000000036,True
6.136563,5,23.329575,0.9631855732127708,0.040000000000000036,True
5.663886,3,23.337157,0.9594028503625888,0.02400000000000002,True
5.797241,4,23.346272,0.956937664920156,0.03200000000000003,True
5.878283,5,23.356662,0.9613273538696725,0.040000000000000036,True
5.560651,6,23.37044,0.9638566669820482,0.04800000000000004,True
6.014401,5,23.381739,0.9620560501871546,0.040000000000000036,True
5.866305,5,23.393287,0.9594946531836669,0.040000000000000036,True
5.874327,5,23.406587,0.9594982850596102,0.040000000000000036,True
5.811827,4,23.416047,0.9621033472422993,0.03200000000000003,True
5.829172,4,23.424722,0.9560536436541613,0.03200000000000003,True
5.662513,2,23.957782,0.962019001782015,0.016000000000000014,True
5.691541,4,23.966902,0.9645479916917475,0.03200000000000003,True
5.741832,4,23.977062,0.9604378790734059,0.03200000000000003,True
5.592857,5,23.988775,0.9598787872575225,0.040000000000000036,True
5.483778,3,23.995508,0.9612847707180272,0.02400000000000002,True
5.569978,5,24.007417,0.9597119212942999,0.040000000000000036,True
5.442352,2,24.012305,0.9591698535527953,0.016000000000000014,True
5.555611,3,24.01987,0.9614224182122525,0.02400000000000002,True
5.521083,3,24.026366,0.9603522651388192,0.02400000000000002,True
5.786938,4,24.037644,0.959026542158981,0.03200000000000003,True
5.81453,5,24.049363,0.9617365559531874,0.040000000000000036,True
5.754564,4,24.059411,0.9597701791633249,0.03200000000000003,True
5.487285,4,24.070486,0.9621992397837108,0.03200000000000003,True
5.679372,4,24.08625,0.9600899124616723,0.03200000000000003,True
5.53157,4,24.099838,0.9644688652955937,0.03200000000000003,True
5.540003,3,24.111093,0.9592160899374869,0.02400000000000002,True
5.735694,5,24.126672,0.9629254527295438,0.040000000000000036,True
5.525744,4,24.143292,0.9598048683695928,0.03200000000000003,True
5.962286,4,24.159987,0.9637234752676515,0.03200000000000003,True
5.801086,4,24.177174,0.9565367611755,0.03200000000000003,True
5.602156,3,24.189964,0.9636416329523657,0.02400000000000002,True
5.727981,4,24.203684,0.964933830843023,0.03200000000000003,True
5.523063,5,24.223939,0.9564803300241833,0.040000000000000036,True
5.853325,5,24.240678,0.957988365513843,0.040000000000000036,True
5.823961,4,24.253089,0.9587788926478877,0.03200000000000003,True
5.849197,5,24.267899,0.9625474281800233,0.040000000000000036,True
5.748904,3,24.277495,0.963108826216964,0.02400000000000002,True
5.608271,4,24.292434,0.9586998373250464,0.03200000000000003,True
5.589811,3,24.301892,0.9634788828418454,0.02400000000000002,True
5.423154,3,24.310965,0.9608089465990814,0.02400000000000002,True
5.809177,5,24.325347,0.9614077526949899,0.040000000000000036,True
5.669954,4,24.337451,0.9642023100476786,0.03200000000000003,True
5.469293,3,24.346274,0.9612195960226968,0.02400000000000002,True
5.547471,3,24.356131,0.9658428447821232,0.02400000000000002,True
5.884602,5,24.372834,0.9604026253955389,0.040000000000000036,True
5.824254,5,24.512711,0.9625646380567952,0.040000000000000036,True
5.638853,4,24.523493,0.9590537192395232,0.03200000000000003,True
5.440178,5,24.53779,0.9603550983215222,0.040000000000000036,True
5.574836,4,24.550309,0.965395345904722,0.03200000000000003,True
6.028427,4,24.56391,0.9612659909318506,0.03200000000000003,True
5.583135,5,24.579223,0.9606859242772796,0.040000000000000036,True
5.525724,4,24.591122,0.9637434539999058,0.03200000000000003,True
5.581885,5,24.610718,0.9566698276356967,0.040000000000000036,True
5.887254,4,24.62387,0.9641995161766767,0.03200000000000003,True
5.657954,4,24.635152,0.9602435182402986,0.03200000000000003,True
5.783697,5,24.649571,0.962371599940144,0.040000000000000036,True
5.833013,5,24.663739,0.9555224875641654,0.040000000000000036,True
5.635431,5,24.677627,0.9610142588653615,0.040000000000000036,True
5.83881,4,24.690093,0.9610036488769809,0.03200000000000003,True
5.673193,6,24.708111,0.961506079839276,0.04800000000000004,True
5.734336,4,24.72028,0.9617733570255204,0.03200000000000003,True
5.814744,5,24.734756,0.9610964746100601,0.040000000000000036,True
5.865769,4,24.746993,0.9587709599734424,0.03200000000000003,True
5.447882,3,24.756632,0.963750632610612,0.02400000000000002,True
5.49105,5,24.772505,0.9639809491448055,0.040000000000000036,True
5.690161,5,24.789076,0.9616568158072938,0.040000000000000036,True
6.070058,5,24.803076,0.95669207085638,0.040000000000000036,True
5.586306,4,24.815598,0.9575237404429418,0.03200000000000003,True
6.039315,3,24.823662,0.9609648997499081,0.02400000000000002,True
5.746328,3,24.832397,0.9598973620505387,0.02400000000000002,True
5.602782,3,24.841574,0.960525826386798,0.02400000000000002,True
5.710052,4,24.853638,0.9621766648698845,0.03200000000000003,True
5.760809,4,24.865719,0.9616697660934195,0.03200000000000003,True
5.728621,4,25.584553,0.958960116575099,0.03200000000000003,True
6.01118,4,25.598612,0.9574718393799342,0.03200000000000003,True
5.690653,4,25.610785,0.958624511109418,0.03200000000000003,True
5.447467,3,25.623404,0.958537379675995,0.02400000000000002,True
5.466365,4,25.637137,0.9599921026026159,0.03200000000000003,True
5.70035,4,25.653939,0.962115596434848,0.03200000000000003,True
5.544408,3,25.663065,0.962157377236482,0.02400000000000002,True
5.479644,4,25.675601,0.9598430130065367,0.03200000000000003,True
5.650427,4,25.689765,0.9592417317598687,0.03200000000000003,True
5.482373,4,25.702625,0.9587787304225464,0.03200000000000003,True
5.794369,4,25.714176,0.959601421061629,0.03200000000000003,True
5.500936,3,25.723491,0.963414953258111,0.02400000000000002,True
5.604479,4,25.736391,0.9585438381202727,0.03200000000000003,True
5.998054,4,25.750634,0.9640258072019041,0.03200000000000003,True
5.883436,4,25.765575,0.9606326771234424,0.03200000000000003,True
5.518847,3,25.774701,0.9595662245223788,0.02400000000000002,True
5.638614,4,25.786723,0.9628904352471114,0.03200000000000003,True
5.595701,4,25.80026,0.9585007349833318,0.03200000000000003,True
5.470187,4,25.81296,0.9636773448700873,0.03200000000000003,True
5.558913,3,25.822673,0.9612166184935347,0.02400000000000002,True
5.908237,5,25.837737,0.9587878480353901,0.040000000000000036,True
5.661506,4,25.849203,0.9612292481260967,0.03200000000000003,True
5.973125,4,25.861841,0.9621160234718246,0.03200000000000003,True
5.699956,4,25.873058,0.9618209339261857,0.03200000000000003,True
5.5752,4,25.885435,0.9667788314811075,0.03200000000000003,True
5.971003,3,25.894448,0.9586278204421994,0.02400000000000002,True
5.401639,2,25.901501,0.961288178060596,0.016000000000000014,True
5.561385,5,25.917814,0.9611663212069663,0.040000000000000036,True
5.574827,2,25.924422,0.9592371579385918,0.016000000000000014,True
5.96946,5,25.939626,0.9579489608172346,0.040000000000000036,True
5.825899,5,25.953692,0.9618579361277226,0.040000000000000036,True
5.426749,3,25.96357,0.9604439043991821,0.02400000000000002,True
5.795697,5,25.977986,0.9642166969909209,0.040000000000000036,True
5.688298,4,25.989798,0.9593331167643722,0.03200000000000003,True
5.5542,4,26.001784,0.957192270110146,0.03200000000000003,True
5.712923,3,26.010509,0.9655169146089935,0.02400000000000002,True
5.885509,3,26.020084,0.9579533311062132,0.02400000000000002,True
5.671706,4,26.030874,0.9637005122602618,0.03200000000000003,True
5.56044,3,26.040931,0.9609448507059293,0.02400000000000002,True
5.843545,4,26.063237,0.961294761702155,0.03200000000000003,True
5.709133,4,26.075037,0.9614726539415467,0.03200000000000003,True
5.718456,4,26.08683,0.9609166250299441,0.03200000000000003,True
5.511777,3,26.095637,0.9639607967576893,0.02400000000000002,True
5.790158,4,26.107549,0.9604415622204864,0.03200000000000003,True
5.572915,4,26.119646,0.9610947620296189,0.03200000000000003,True
5.78796,5,26.134307,0.9606950718190022,0.040000000000000036,True
5.627026,3,26.142357,0.9571273616817524,0.02400000000000002,True
5.439593,4,26.153927,0.9642231845695914,0.03200000000000003,True
6.005859,5,26.167693,0.9621007930044794,0.040000000000000036,True
5.808812,3,26.177142,0.9581503808514784,0.02400000000000002,True
5.728942,4,26.187968,0.968004843298024,0.03200000000000003,True
5.700796,3,26.196945,0.961506091713132,0.02400000000000002,True
5.520186,3,26.206336,0.961475368362961,0.02400000000000002,True
6.003746,5,26.220244,0.9590193260303845,0.040000000000000036,True
5.578209,5,26.233814,0.9605329223483577,0.040000000000000036,True
5.657737,3,26.243146,0.9625818482088306,0.02400000000000002,True
5.54766,4,26.254444,0.9621294910641198,0.03200000000000003,True
5.529818,4,26.266162,0.9590647455966712,0.03200000000000003,True
5.44613,4,26.277451,0.9629401935469778,0.03200000000000003,True
5.710778,3,26.285735,0.9635255031000343,0.02400000000000002,True
5.731565,4,26.297496,0.9616701322157948,0.03200000000000003,True
5.754658,4,26.309442,0.9619073252781243,0.03200000000000003,True
5.484417,4,26.326581,0.9654636709853861,0.03200000000000003,True
5.573075,4,26.343229,0.9593200325162667,0.03200000000000003,True
5.785243,5,26.361971,0.9637660218621511,0.040000000000000036,True
5.487145,5,26.380689,0.9625852116285956,0.040000000000000036,True
5.50016,4,27.129597,0.9618645922525693,0.03200000000000003,True
5.782029,5,27.151683,0.9585858368082056,0.040000000000000036,True
5.56854,3,27.164008,0.9633490586779646,0.02400000000000002,True
5.994213,4,27.175455,0.9572491186229201,0.03200000000000003,True
5.67629,5,27.18937,0.964566706377925,0.040000000000000036,True
5.792849,5,27.204446,0.9648964167841302,0.040000000000000036,True
5.530315,4,27.217123,0.9595950347350897,0.03200000000000003,True
5.831168,4,27.229741,0.957983522983157,0.03200000000000003,True
5.628746,4,27.246766,0.9646525100011618,0.03200000000000003,True
5.658626,3,27.256346,0.9604996026078377,0.02400000000000002,True
5.757163,3,27.266745,0.9587936296963675,0.02400000000000002,True
5.669111,4,27.280983,0.964829492306689,0.03200000000000003,True
5.524877,4,27.293499,0.959339446997627,0.03200000000000003,True
5.740768,5,27.308429,0.9614345908014681,0.040000000000000036,True
5.659294,4,27.321012,0.9566763982141112,0.03200000000000003,True
5.683485,4,27.332904,0.9623796998742706,0.03200000000000003,True
5.681133,4,27.347612,0.963147394149491,0.03200000000000003,True
5.441638,2,27.361609,0.9642519500186673,0.016000000000000014,True
5.59525,4,27.381617,0.9570804452447614,0.03200000000000003,True
5.983384,5,27.399903,0.9618085650302539,0.040000000000000036,True
5.55559,4,27.412871,0.9620268177318911,0.03200000000000003,True
5.672566,3,27.424487,0.9647545220423498,0.02400000000000002,True
5.841951,4,27.439842,0.958011767187245,0.03200000000000003,True
5.808575,4,27.453346,0.9615253776166589,0.03200000000000003,True
5.726568,4,27.468017,0.9616482824822657,0.03200000000000003,True
5.863022,4,27.4837,0.9644604144191771,0.03200000000000003,True
5.815235,4,27.508971,0.959938549674371,0.03200000000000003,True
5.507422,3,27.520135,0.9647054916882422,0.02400000000000002,True
5.665367,3,27.531779,0.9633643754884926,0.02400000000000002,True
5.63486,3,27.542572,0.9606972127172109,0.02400000000000002,True
5.656961,4,27.557575,0.9616101067569919,0.03200000000000003,True
5.60108,4,27.571248,0.9664243535277355,0.03200000000000003,True
5.525157,4,27.58425,0.9576236642278628,0.03200000000000003,True
5.706035,3,27.593402,0.9615625757565782,0.02400000000000002,True
5.509122,3,27.602421,0.9627467877497486,0.02400000000000002,True
5.792558,4,27.614051,0.9626631645062105,0.03200000000000003,True
5.559935,4,27.62639,0.9599963579826408,0.03200000000000003,True
5.739143,4,27.639817,0.9593795342741893,0.03200000000000003,True
5.788531,3,27.648511,0.9610921513154969,0.02400000000000002,True
5.760009,4,27.665801,0.9639778393388909,0.03200000000000003,True
5.810685,4,27.681911,0.9577727251622796,0.03200000000000003,True
5.472334,3,27.692942,0.9603227182396521,0.02400000000000002,True
5.771716,4,27.704435,0.9610799199430626,0.03200000000000003,True
5.732163,4,27.716108,0.964887853548695,0.03200000000000003,True
5.7675,5,27.732813,0.9571260243139461,0.040000000000000036,True
5.442584,3,27.74241,0.9639526834026759,0.02400000000000002,True
5.341538,2,27.748309,0.9612566941240999,0.016000000000000014,True
5.79732,3,27.757858,0.9630516523316459,0.02400000000000002,True
5.680626,4,27.769821,0.9636371449731836,0.03200000000000003,True
5.737021,4,27.781182,0.96169722171335,0.03200000000000003,True
5.665773,4,27.792572,0.9656732431465358,0.03200000000000003,True
5.716289,3,27.801665,0.9698165239417154,0.02400000000000002,True
5.785456,5,27.816388,0.9639435565202574,0.040000000000000036,True
5.557712,3,27.824318,0.96248208745889,0.02400000000000002,True
5.623507,3,27.83363,0.9607630828627604,0.02400000000000002,True
5.484774,4,27.845357,0.9583462129299658,0.03200000000000003,True
5.701513,4,27.856166,0.9601466481374081,0.03200000000000003,True
5.647129,3,27.866449,0.9625422639412331,0.02400000000000002,True
6.033541,4,27.877602,0.9587417482251763,0.03200000000000003,True
5.40982,2,27.884602,0.9604785906749687,0.016000000000000014,True
5.38125,3,27.892992,0.9668209393519659,0.02400000000000002,True
5.577746,4,27.904505,0.9624661384073665,0.03200000000000003,True
5.85518,4,27.916019,0.9613527681305029,0.03200000000000003,True
5.850175,5,27.931163,0.9656631718585795,0.040000000000000036,True
5.9484,4,27.944943,0.9591321032013136,0.03200000000000003,True
5.444772,4,27.957909,0.9598276170209425,0.03200000000000003,True
5.687357,4,27.971375,0.9592926552535901,0.03200000000000003,True
5.624382,4,27.984032,0.9621643065005642,0.03200000000000003,True
5.620442,3,27.993748,0.9614459537005611,0.02400000000000002,True
6.034905,4,28.714238,0.9640367410217312,0.03200000000000003,True
5.824466,4,28.723872,0.9601047953343813,0.03200000000000003,True
5.700861,3,28.731355,0.9569941397127293,0.02400000000000002,True
5.982552,3,28.738215,0.9598607448107529,0.02400000000000002,True
5.815663,5,28.749908,0.9627864617632002,0.040000000000000036,True
5.853355,4,28.759227,0.9634507431748729,0.03200000000000003,True
5.52357,5,28.770723,0.96619021502728,0.040000000000000036,True
5.783758,4,28.779348,0.9587066949357527,0.03200000000000003,True
5.60694,4,28.788311,0.960660471765024,0.03200000000000003,True
6.044555,5,28.800637,0.9615151499355535,0.040000000000000036,True
5.525348,4,28.810007,0.9613105540026372,0.03200000000000003,True
5.787375,5,28.821069,0.9684289654865408,0.040000000000000036,True
5.976156,4,28.830745,0.9577684972751428,0.03200000000000003,True
5.850043,5,28.841831,0.9628787057349183,0.040000000000000036,True
5.835566,4,28.851237,0.9653002756157381,0.03200000000000003,True
5.484556,4,28.861873,0.9619911115238673,0.03200000000000003,True
5.6755,3,28.869153,0.9610696300046807,0.02400000000000002,True
5.508263,5,28.879947,0.9611072123349427,0.040000000000000036,True
5.615394,5,28.891822,0.9646784854514907,0.040000000000000036,True
5.861936,5,28.903619,0.962240606044269,0.040000000000000036,True
5.482097,4,28.91275,0.9595982586633647,0.03200000000000003,True
5.573181,3,28.919021,0.9620011043617114,0.02400000000000002,True
5.604693,4,28.927743,0.9599409184685715,0.03200000000000003,True
5.507635,3,28.936009,0.9604885297107978,0.02400000000000002,True
5.376722,3,28.943633,0.9574967295584352,0.02400000000000002,True
5.485394,3,28.951776,0.9620246728015733,0.02400000000000002,True
5.917774,3,28.959466,0.9675148790681323,0.02400000000000002,True
5.747499,4,28.969998,0.9595562467416623,0.03200000000000003,True
6.027562,4,28.979845,0.9608672672435742,0.03200000000000003,True
5.640744,4,28.98988,0.9628041892208863,0.03200000000000003,True
6.01544,4,29.000108,0.9568553343490669,0.03200000000000003,True
6.009035,5,29.011995,0.961331284605085,0.040000000000000036,True
5.55476,3,29.020519,0.9570824837803391,0.02400000000000002,True
5.682983,3,29.028852,0.961461259304927,0.02400000000000002,True
5.922379,4,29.038846,0.9627126646133188,0.03200000000000003,True
5.808642,3,29.046427,0.9568131417034634,0.02400000000000002,True
5.550331,5,29.059829,0.9620649220278898,0.040000000000000036,True
5.746058,3,29.066411,0.957917794520034,0.02400000000000002,True
5.845532,4,29.076734,0.9594792339281377,0.03200000000000003,True
5.692259,4,29.086756,0.9609486619032555,0.03200000000000003,True
5.681267,4,29.097745,0.9620008795384033,0.03200000000000003,True
5.685349,5,29.109627,0.9613003522482906,0.040000000000000036,True
5.74078,5,29.120251,0.9596676027805457,0.040000000000000036,True
5.583545,6,29.134174,0.9587640739076928,0.04800000000000004,True
5.803999,4,29.143915,0.9586638993284654,0.03200000000000003,True
5.814889,4,29.153348,0.9620660128496326,0.03200000000000003,True
5.919997,4,29.162871,0.9638511637025309,0.03200000000000003,True
5.818892,4,29.172392,0.9597232332708326,0.03200000000000003,True
5.792507,4,29.181784,0.9637146774415853,0.03200000000000003,True
6.039421,4,29.190907,0.9619769413230248,0.03200000000000003,True
5.896836,5,29.202521,0.9625927875467246,0.040000000000000036,True
5.911482,3,29.210492,0.9579977752943043,0.02400000000000002,True
5.731705,3,29.217873,0.9621813448458199,0.02400000000000002,True
5.519749,5,29.229931,0.9640814959373483,0.040000000000000036,True
5.481013,4,29.239105,0.9648685876697457,0.03200000000000003,True
5.893738,3,29.246912,0.9583076463571357,0.02400000000000002,True
5.678166,4,29.256634,0.959574530035571,0.03200000000000003,True
5.581157,4,29.265788,0.9610145894601364,0.03200000000000003,True
5.740308,3,29.272486,0.9612695140110081,0.02400000000000002,True
5.832513,4,29.282282,0.9677219711718215,0.03200000000000003,True
5.483016,3,29.29084,0.9584205042459011,0.02400000000000002,True
5.850921,3,29.298285,0.9649308542135215,0.02400000000000002,True
5.522444,5,29.310707,0.9598045218323077,0.040000000000000036,True
5.459582,3,29.317467,0.9613716615863763,0.02400000000000002,True
5.502637,3,29.854332,0.9584021194825512,0.02400000000000002,True
5.542781,3,29.861956,0.9646088658367893,0.02400000000000002,True
5.68394,3,29.868714,0.961183410953195,0.02400000000000002,True
5.864775,4,29.877831,0.9592838205696197,0.03200000000000003,True
6.006381,4,29.886633,0.9604060799266708,0.03200000000000003,True
5.777905,4,29.896127,0.9618522851792133,0.03200000000000003,True
5.375595,5,29.908288,0.9573188265521485,0.040000000000000036,True
5.729118,4,29.917802,0.9599338680426674,0.03200000000000003,True
5.403901,5,29.929349,0.9590675010074681,0.040000000000000036,True
5.692979,4,29.938492,0.9584329207092086,0.03200000000000003,True
5.696679,4,29.947693,0.9576336726277141,0.03200000000000003,True
5.670702,3,29.9548,0.9650323013022917,0.02400000000000002,True
5.949946,3,29.962506,0.963054693975489,0.02400000000000002,True
6.034319,4,29.97188,0.9653629562147705,0.03200000000000003,True
5.554818,5,29.982974,0.9595501368488231,0.040000000000000036,True
5.768408,4,29.992443,0.9599210728562741,0.03200000000000003,True
5.713879,4,30.001617,0.9594822825838618,0.03200000000000003,True
5.684837,3,30.008248,0.9600693828925995,0.02400000000000002,True
5.608653,3,30.015928,0.961868441361408,0.02400000000000002,True
5.648031,4,30.024985,0.9659998897903752,0.03200000000000003,True
5.518241,5,30.036665,0.9599467530303446,0.040000000000000036,True
5.501134,4,30.04601,0.9597320637906641,0.03200000000000003,True
5.66732,5,30.057559,0.9596612995295415,0.040000000000000036,True
5.695363,4,30.067098,0.9615556062567443,0.03200000000000003,True
5.567818,3,30.075396,0.9619767915117431,0.02400000000000002,True
5.403885,4,30.085241,0.9574206057794197,0.03200000000000003,True
5.748088,4,30.095643,0.9587302751953475,0.03200000000000003,True
5.656589,4,30.104418,0.961610372688477,0.03200000000000003,True
5.598853,3,30.111268,0.9658270987129373,0.02400000000000002,True
5.745861,4,30.120709,0.9655343730666586,0.03200000000000003,True
5.792061,4,30.128542,0.9605891269091758,0.03200000000000003,True
5.862781,3,30.136322,0.9597021099471508,0.02400000000000002,True
5.705584,5,30.147674,0.9613256541299948,0.040000000000000036,True
5.668762,3,30.154868,0.9632624096948623,0.02400000000000002,True
5.664265,4,30.164544,0.9602554176835878,0.03200000000000003,True
5.830893,5,30.17624,0.9631539663159301,0.040000000000000036,True
5.896064,4,30.185933,0.9585318615757302,0.03200000000000003,True
5.532891,4,30.194543,0.9586865810479681,0.03200000000000003,True
5.879144,4,30.203834,0.9612043452191477,0.03200000000000003,True
5.646418,5,30.216096,0.96350320293874,0.040000000000000036,True
5.701031,4,30.225103,0.9620859030126503,0.03200000000000003,True
5.784747,4,30.233479,0.9640651895623203,0.03200000000000003,True
5.763868,4,30.243582,0.9649662686430398,0.03200000000000003,True
5.490208,3,30.251487,0.9652592041655665,0.02400000000000002,True
5.641538,3,30.257633,0.9606074521041125,0.02400000000000002,True
5.532493,4,30.26755,0.9568416881775188,0.03200000000000003,True
5.686836,4,30.277657,0.9670197220721796,0.03200000000000003,True
5.557165,5,30.290012,0.9656729958746668,0.040000000000000036,True
5.653862,4,30.300436,0.9600405439678379,0.03200000000000003,True
5.79352,2,30.305376,0.9617421041885894,0.016000000000000014,True
5.510932,4,30.315164,0.957062696710345,0.03200000000000003,True
5.549772,4,30.323882,0.959997467454983,0.03200000000000003,True
5.815241,4,30.333393,0.9631557170191336,0.03200000000000003,True
5.689501,4,30.342572,0.960085191955689,0.03200000000000003,True
5.563821,4,30.351898,0.9634182044670496,0.03200000000000003,True
5.796047,5,30.363856,0.9568046943702899,0.040000000000000036,True
5.783814,4,30.373103,0.9588401580743386,0.03200000000000003,True
6.041372,5,30.384028,0.9596623540005066,0.040000000000000036,True
5.806581,4,30.394583,0.9618569289935961,0.03200000000000003,True
5.797617,5,30.406399,0.9628588895944296,0.040000000000000036,True
5.636477,3,30.413517,0.9610814535800687,0.02400000000000002,True
5.419942,4,30.422411,0.9607072034946726,0.03200000000000003,True
5.852613,4,30.431757,0.9626481279723705,0.03200000000000003,True
5.848614,4,30.440607,0.9585856633181767,0.03200000000000003,True
5.633898,3,30.447638,0.9569152917601549,0.02400000000000002,True
5.58053,6,30.994531,0.9608228249084261,0.04800000000000004,True
5.507009,4,31.004044,0.9641113498793976,0.03200000000000003,True
5.599872,5,31.014558,0.9602417985876112,0.040000000000000036,True
5.849077,4,31.022902,0.9610182076863476,0.03200000000000003,True
5.488674,4,31.031769,0.960167651094103,0.03200000000000003,True
5.567176,3,31.03989,0.9605110027412986,0.02400000000000002,True
5.692982,4,31.049901,0.9641057516433666,0.03200000000000003,True
5.460458,3,31.0573,0.9598917646146878,0.02400000000000002,True
5.66261,6,31.071598,0.9607720428256443,0.04800000000000004,True
5.87247,4,31.081194,0.9602356860542758,0.03200000000000003,True
5.424749,4,31.090641,0.9620206453123531,0.03200000000000003,True
5.697448,4,31.100016,0.9666896012769065,0.03200000000000003,True
5.610767,5,31.111923,0.9628040812213874,0.040000000000000036,True
5.552354,4,31.121997,0.9584654813818968,0.03200000000000003,True
5.460041,3,31.129529,0.9608927572776247,0.02400000000000002,True
5.591563,4,31.138467,0.9624201750364347,0.03200000000000003,True
5.504636,3,31.143895,0.9567702341591252,0.02400000000000002,True
5.701197,4,31.153552,0.9617970938255925,0.03200000000000003,True
5.605722,5,31.164621,0.9611490480443075,0.040000000000000036,True
5.617579,4,31.174357,0.9604296807501439,0.03200000000000003,True
5.641977,6,31.187666,0.9582737706025507,0.04800000000000004,True
5.536194,4,31.19948,0.9633515126241126,0.03200000000000003,True
5.69004,4,31.210224,0.9582551830572688,0.03200000000000003,True
5.474798,3,31.219268,0.958019509777509,0.02400000000000002,True
5.716858,5,31.233007,0.9660829305776171,0.040000000000000036,True
5.479762,3,31.240255,0.9613905472209365,0.02400000000000002,True
5.578124,5,31.322216,0.9590616145520897,0.040000000000000036,True
5.848585,4,31.330753,0.9572229045875579,0.03200000000000003,True
5.57233,3,31.338019,0.9663129617591324,0.02400000000000002,True
5.65069,3,31.345535,0.962054124237995,0.02400000000000002,True
5.619379,4,31.354676,0.9651732648838383,0.03200000000000003,True
5.568116,5,31.366994,0.9586477468737464,0.040000000000000036,True
5.580564,4,31.374986,0.9603002957797533,0.03200000000000003,True
5.746174,4,31.384235,0.959169452629808,0.03200000000000003,True
5.555112,4,31.393534,0.9597677820691297,0.03200000000000003,True
5.604657,4,31.403498,0.9619744201333542,0.03200000000000003,True
5.813575,5,31.415832,0.9592080600218134,0.040000000000000036,True
5.663911,4,31.424956,0.9626316148516609,0.03200000000000003,True
5.758388,5,31.435984,0.9610956328363625,0.040000000000000036,True
5.613889,5,31.44769,0.9620708618170132,0.040000000000000036,True
5.744392,4,31.45769,0.963461172065757,0.03200000000000003,True
5.71684,3,31.463791,0.9636039607459554,0.02400000000000002,True
5.733312,5,31.476268,0.9602505998124801,0.040000000000000036,True
5.74144,5,31.487389,0.9641051648932766,0.040000000000000036,True
5.645912,3,31.494226,0.9612461329224702,0.02400000000000002,True
5.533888,4,31.503315,0.9585288682102264,0.03200000000000003,True
5.599628,4,31.512432,0.967914545875327,0.03200000000000003,True
5.850762,4,31.522305,0.9597107730861145,0.03200000000000003,True
6.077523,5,31.533223,0.9605015392238297,0.040000000000000036,True
5.750959,4,31.542378,0.9641529154082145,0.03200000000000003,True
5.661809,5,31.552896,0.961168964808766,0.040000000000000036,True
5.710375,4,31.562266,0.9614676979295845,0.03200000000000003,True
5.602969,4,31.572227,0.9653947512555145,0.03200000000000003,True
6.032667,4,31.581796,0.9582375922429667,0.03200000000000003,True
5.544977,4,31.592678,0.9590799179926179,0.03200000000000003,True
5.574616,5,31.609509,0.9615482933742103,0.040000000000000036,True
5.770881,4,31.618589,0.9638653013319142,0.03200000000000003,True
6.061089,4,31.627268,0.9647951982397656,0.03200000000000003,True
5.785666,3,31.634838,0.9612816063226377,0.02400000000000002,True
5.422667,5,31.650989,0.9583513723435828,0.040000000000000036,True
5.694013,3,31.662515,0.9588761829424995,0.02400000000000002,True
5.812205,4,31.675358,0.960111975703152,0.03200000000000003,True
5.553253,5,32.196679,0.9594797841725489,0.040000000000000036,True
5.606118,3,32.203132,0.9637207644376715,0.02400000000000002,True
5.64653,5,32.21562,0.9630284719128297,0.040000000000000036,True
5.597471,4,32.224694,0.9610878207106085,0.03200000000000003,True
5.901852,4,32.234352,0.9603758341941663,0.03200000000000003,True
5.589994,4,32.244171,0.9634775621865521,0.03200000000000003,True
5.59464,5,32.255931,0.9566552896074026,0.040000000000000036,True
5.948886,3,32.263167,0.9632450041624171,0.02400000000000002,True
5.655063,4,32.272473,0.9565923062370267,0.03200000000000003,True
5.508565,3,32.280812,0.9568193067811157,0.02400000000000002,True
5.680578,3,32.288452,0.9615053497963308,0.02400000000000002,True
5.630166,4,32.297989,0.9631149909297947,0.03200000000000003,True
5.546181,3,32.305299,0.9655729827877477,0.02400000000000002,True
5.735992,4,32.314246,0.9629581245282526,0.03200000000000003,True
5.547271,5,32.325807,0.9610812138362519,0.040000000000000036,True
5.656882,3,32.331986,0.9612907264312507,0.02400000000000002,True
5.788399,4,32.341539,0.9627734368123003,0.03200000000000003,True
5.951669,3,32.348569,0.9613731885393954,0.02400000000000002,True
5.782916,4,32.357972,0.9602659896447651,0.03200000000000003,True
5.480485,4,32.368721,0.9585100575633706,0.03200000000000003,True
5.984731,4,32.38161,0.9647434138238593,0.03200000000000003,True
5.500105,3,32.389028,0.9630150367711223,0.02400000000000002,True
5.85933,3,32.396564,0.9645181474370306,0.02400000000000002,True
5.691362,4,32.406374,0.9627132277637946,0.03200000000000003,True
5.579733,4,32.416728,0.9572154714133521,0.03200000000000003,True
5.611585,4,32.42765,0.956547930637778,0.03200000000000003,True
5.389257,3,32.435508,0.9617706210347495,0.02400000000000002,True
5.688277,4,32.445833,0.9607234416694845,0.03200000000000003,True
5.661625,3,32.45372,0.9647490054043188,0.02400000000000002,True
5.538268,4,32.46537,0.959200363416771,0.03200000000000003,True
5.797878,5,32.48049,0.9604020325931654,0.040000000000000036,True
5.757593,3,32.488373,0.9581518155702398,0.02400000000000002,True
5.856564,6,32.503845,0.9580404741235113,0.04800000000000004,True
5.422383,3,32.512397,0.9582196643709174,0.02400000000000002,True
5.618322,4,32.522804,0.9606563708613696,0.03200000000000003,True
5.82414,4,32.533015,0.9560858576398962,0.03200000000000003,True
5.536471,3,32.539315,0.9601507559795581,0.02400000000000002,True
5.821692,5,32.552682,0.9656495310792891,0.040000000000000036,True
5.594405,5,32.563651,0.9583533115717682,0.040000000000000036,True
5.621066,3,32.569834,0.9596971374243006,0.02400000000000002,True
5.697869,4,32.579397,0.9606992571292898,0.03200000000000003,True
6.062681,4,32.588573,0.9572295946018866,0.03200000000000003,True
5.374954,3,32.596588,0.958511162124505,0.02400000000000002,True
5.781564,4,32.605856,0.962476924091771,0.03200000000000003,True
5.705108,5,32.616798,0.9582046641289885,0.040000000000000036,True
5.751871,4,32.625827,0.9621416204753709,0.03200000000000003,True
5.902626,4,32.635162,0.9595239409353666,0.03200000000000003,True
5.863941,5,32.649252,0.9610730456513741,0.040000000000000036,True
5.785184,4,32.658335,0.9674216250909323,0.03200000000000003,True
5.52646,4,32.667771,0.9598203288345564,0.03200000000000003,True
5.654152,5,32.686569,0.960316173807064,0.040000000000000036,True
5.624443,4,32.699549,0.9608862456653998,0.03200000000000003,True
5.416736,3,32.710378,0.9597867339577084,0.02400000000000002,True
5.704762,3,32.717814,0.9590833319685279,0.02400000000000002,True
5.760402,4,32.72637,0.9616793242958495,0.03200000000000003,True
5.640216,5,32.738375,0.9595321084008126,0.040000000000000036,True
5.588329,3,32.746722,0.961277921617194,0.02400000000000002,True
5.848972,4,32.756124,0.964862305195817,0.03200000000000003,True
5.957816,4,32.76587,0.9576285393129018,0.03200000000000003,True
6.006833,5,32.777179,0.9614038445722949,0.040000000000000036,True
5.421327,4,32.78616,0.9604020564164064,0.03200000000000003,True
5.758302,5,32.797876,0.9640339654160048,0.040000000000000036,True
5.59411,3,32.805406,0.9643192726187426,0.02400000000000002,True
5.50033,4,32.814674,0.9639600369821226,0.03200000000000003,True
5.863616,4,32.823839,0.9575663021899359,0.03200000000000003,True
5.636906,4,33.390485,0.9615452548543265,0.03200000000000003,True
5.830224,3,33.398971,0.9620423716362212,0.02400000000000002,True
5.822842,4,33.409247,0.961285105085709,0.03200000000000003,True
5.707293,3,33.415908,0.9601087540245496,0.02400000000000002,True
5.654739,4,33.425778,0.9608446793601761,0.03200000000000003,True
5.793913,4,33.43452,0.9605035620917494,0.03200000000000003,True
5.425897,3,33.441844,0.9590766848139569,0.02400000000000002,True
5.758968,5,33.454083,0.959205809059126,0.040000000000000036,True
5.611938,5,33.466861,0.958952709998682,0.040000000000000036,True
5.717383,4,33.474938,0.961934753872443,0.03200000000000003,True
5.667146,4,33.48643,0.9590013460332304,0.03200000000000003,True
5.937594,5,33.497701,0.9642952077495859,0.040000000000000036,True
5.586756,4,33.507345,0.9618268111331136,0.03200000000000003,True
5.981449,5,33.52021,0.9618365450076912,0.040000000000000036,True
5.646273,4,33.529807,0.9620354430636726,0.03200000000000003,True
5.451402,2,33.5344,0.9604230577037232,0.016000000000000014,True
5.85947,4,33.544229,0.9637076958023539,0.03200000000000003,True
5.813612,4,33.555318,0.9590883905408824,0.03200000000000003,True
5.584433,4,33.563853,0.9614352094127148,0.03200000000000003,True
5.41741,3,33.569925,0.9640190704551754,0.02400000000000002,True
5.595488,4,33.580243,0.9591301150223664,0.03200000000000003,True
5.700081,3,33.58706,0.9636220794796412,0.02400000000000002,True
5.416443,2,33.593958,0.9643500652460582,0.016000000000000014,True
5.803953,4,33.60267,0.9677113244464013,0.03200000000000003,True
5.774193,4,33.611434,0.9568217797995622,0.03200000000000003,True
5.702324,3,33.619925,0.9648858859904306,0.02400000000000002,True
5.815811,4,33.628957,0.9608315166850885,0.03200000000000003,True
5.418322,3,33.635983,0.9647804734947164,0.02400000000000002,True
5.808586,6,33.649632,0.9560901824137147,0.04800000000000004,True
5.647022,4,33.658872,0.9588804234428555,0.03200000000000003,True
5.519435,5,33.671207,0.961995091205613,0.040000000000000036,True
5.631054,4,33.682792,0.9607118833358248,0.03200000000000003,True
5.623431,4,33.691267,0.964324763171148,0.03200000000000003,True
5.85069,4,33.701166,0.9648836473782607,0.03200000000000003,True
5.453255,3,33.709431,0.9615066601973448,0.02400000000000002,True
5.585075,3,33.719668,0.9603376844956711,0.02400000000000002,True
5.801436,3,33.729522,0.959576692252498,0.02400000000000002,True
5.959536,4,33.743509,0.9582601612753994,0.03200000000000003,True
5.73955,4,33.753214,0.958226882206412,0.03200000000000003,True
5.673652,4,33.762448,0.9605228135154558,0.03200000000000003,True
5.517098,4,33.771911,0.9597392926341599,0.03200000000000003,True
5.658579,4,33.781218,0.9616864086230656,0.03200000000000003,True
5.737205,4,33.790306,0.9606144449497168,0.03200000000000003,True
5.918837,4,33.799892,0.9626129106519712,0.03200000000000003,True
6.023031,3,33.808402,0.9641109770933263,0.02400000000000002,True
5.995392,3,33.817223,0.9621304878648731,0.02400000000000002,True
5.912267,4,33.826256,0.9616980322376969,0.03200000000000003,True
5.659959,4,33.835038,0.9574435899108594,0.03200000000000003,True
6.024673,4,33.842865,0.9591469203832416,0.03200000000000003,True
5.568719,4,33.852102,0.9592449326936892,0.03200000000000003,True
5.587301,4,33.860397,0.9578739427038038,0.03200000000000003,True
5.600056,4,33.870204,0.9601644394904619,0.03200000000000003,True
5.813374,5,33.882457,0.9616024422777673,0.040000000000000036,True
5.705262,4,33.891608,0.9595040699588105,0.03200000000000003,True
5.712175,3,33.898516,0.964412780825888,0.02400000000000002,True
5.570342,4,33.907743,0.9588895127968017,0.03200000000000003,True
5.408064,4,33.917194,0.9573286186557951,0.03200000000000003,True
6.085217,5,33.92774,0.9612651095602058,0.040000000000000036,True
5.473998,4,33.937008,0.9621590089035676,0.03200000000000003,True
5.696515,4,33.946293,0.9604163517947892,0.03200000000000003,True
5.403969,4,33.956455,0.9604399125063193,0.03200000000000003,True
5.639905,3,33.962668,0.9597525098064841,0.02400000000000002,True
5.85496,5,33.974716,0.9658670760170287,0.040000000000000036,True
5.784854,5,33.985435,0.962705191340879,0.040000000000000036,True
5.760171,3,33.9924,0.9588461199931453,0.02400000000000002,True
5.665658,5,34.003941,0.9619268693638132,0.040000000000000036,True
5.79939,4,34.533537,0.9615410381745049,0.03200000000000003,True
5.793499,4,34.543381,0.96340032965582,0.03200000000000003,True
5.688121,4,34.552615,0.9606227640301908,0.03200000000000003,True
5.83463,4,34.561847,0.9586655703634345,0.03200000000000003,True
5.685365,4,34.572123,0.9629038992149908,0.03200000000000003,True
5.461051,2,34.576076,0.9598056092770912,0.016000000000000014,True
5.616047,4,34.585207,0.9663611637999665,0.03200000000000003,True
5.574499,4,34.59746,0.9605302906901865,0.03200000000000003,True
5.655815,3,34.606469,0.9593859266438682,0.02400000000000002,True
5.472216,3,34.613498,0.9645782163658958,0.02400000000000002,True
5.550295,3,34.62113,0.9585385870780208,0.02400000000000002,True
6.096268,4,34.630054,0.9585003757823307,0.03200000000000003,True
5.707615,3,34.635916,0.9630484134222748,0.02400000000000002,True
5.98684,3,34.643281,0.9587756560219984,0.02400000000000002,True
6.024919,4,34.652219,0.9577432735367899,0.03200000000000003,True
5.685307,3,34.659571,0.9605097170517487,0.02400000000000002,True
5.555144,4,34.667832,0.9604722787589806,0.03200000000000003,True
5.96521,5,34.681275,0.9597383035304359,0.040000000000000036,True
5.678901,4,34.690683,0.95795373073367,0.03200000000000003,True
5.426941,4,34.700832,0.9650124398920443,0.03200000000000003,True
5.713925,4,34.709842,0.9604488389596233,0.03200000000000003,True
5.50826,3,34.71676,0.9679998072779035,0.02400000000000002,True
5.421609,3,34.723718,0.9581692514051445,0.02400000000000002,True
5.409567,3,34.73101,0.9565878206151542,0.02400000000000002,True
5.401425,3,34.738803,0.9670732472781136,0.02400000000000002,True
5.789574,4,34.751636,0.9635430291714615,0.03200000000000003,True
6.086526,5,34.770158,0.9645065398235596,0.040000000000000036,True
5.504358,3,34.780563,0.9598461292572433,0.02400000000000002,True
5.884761,5,34.79376,0.9605496924924728,0.040000000000000036,True
5.654794,3,34.802022,0.9574568646248103,0.02400000000000002,True
5.79766,4,34.811637,0.9586755152499193,0.03200000000000003,True
5.797373,4,34.82135,0.9623849021444004,0.03200000000000003,True
5.415847,3,34.827361,0.9619171234574898,0.02400000000000002,True
5.553934,4,34.836764,0.9606253478696282,0.03200000000000003,True
5.870246,4,34.846036,0.9607481289059903,0.03200000000000003,True
5.598137,4,34.856745,0.9579115946542327,0.03200000000000003,True
5.744845,5,34.868779,0.9643007545735476,0.040000000000000036,True
5.893847,4,34.877974,0.9627699568082709,0.03200000000000003,True
5.546896,3,34.885193,0.9586991518024753,0.02400000000000002,True
5.862426,4,34.894748,0.9575812838208697,0.03200000000000003,True
6.009222,3,34.901479,0.961235014691887,0.02400000000000002,True
5.721147,4,34.911674,0.9628302620972689,0.03200000000000003,True
5.970653,5,34.923524,0.9606118545398831,0.040000000000000036,True
5.783624,6,34.937262,0.9638897716604954,0.04800000000000004,True
5.578874,4,34.946521,0.9621278834719751,0.03200000000000003,True
5.71645,4,34.956439,0.9650726383979036,0.03200000000000003,True
5.596498,4,34.96611,0.9604309179739721,0.03200000000000003,True
5.897531,4,34.976199,0.9634516193448928,0.03200000000000003,True
6.062151,4,34.985682,0.9571163809031035,0.03200000000000003,True
5.412602,3,34.992626,0.9571067845016377,0.02400000000000002,True
5.515313,3,34.998849,0.9609358331512627,0.02400000000000002,True
5.666496,4,35.009284,0.957711927892366,0.03200000000000003,True
5.514016,3,35.016423,0.959991654163469,0.02400000000000002,True
5.551873,3,35.024258,0.9590060898594995,0.02400000000000002,True
5.726375,4,35.033766,0.9586216026040485,0.03200000000000003,True
5.741869,4,35.044017,0.9595971903032248,0.03200000000000003,True
5.522603,4,35.053512,0.9638117527261236,0.03200000000000003,True
5.60038,6,35.068662,0.9589779204769547,0.04800000000000004,True
6.082291,4,35.079279,0.9627303465468078,0.03200000000000003,True
5.793923,4,35.087883,0.963197205404795,0.03200000000000003,True
5.628454,4,35.098151,0.9605419564719817,0.03200000000000003,True
5.384263,3,35.103594,0.9609794906678226,0.02400000000000002,True
5.942454,3,35.111834,0.9593707212802434,0.02400000000000002,True
5.557238,3,35.118437,0.9598651842341288,0.02400000000000002,True
5.766465,5,35.130107,0.9615022104365452,0.040000000000000036,True
5.704552,4,35.139931,0.9593125268532727,0.03200000000000003,True
5.739317,3,35.146726,0.9631977178625276,0.02400000000000002,True
6.077111,5,35.158558,0.9633915497118778,0.040000000000000036,True
5.655783,5,35.704031,0.9601104217722299,0.040000000000000036,True
5.772495,5,35.716448,0.957547917611308,0.040000000000000036,True
5.483377,4,35.725784,0.9646267204817532,0.03200000000000003,True
5.801614,5,35.736709,0.9621307720114619,0.040000000000000036,True
5.438778,4,35.745879,0.9624541534581995,0.03200000000000003,True
6.039734,4,35.755334,0.9582401548379249,0.03200000000000003,True
5.567462,3,35.762761,0.9599487417262189,0.02400000000000002,True
5.814515,5,35.77467,0.9626717573333513,0.040000000000000036,True
5.758089,4,35.784911,0.958611310142822,0.03200000000000003,True
5.740031,5,35.801831,0.9616482688350445,0.040000000000000036,True
5.562124,5,35.818904,0.958555333837918,0.040000000000000036,True
5.782807,4,35.828658,0.9654274650650777,0.03200000000000003,True
5.938958,5,35.840912,0.9612113086372676,0.040000000000000036,True
5.557918,4,35.850288,0.95634884097058,0.03200000000000003,True
5.491202,4,35.860461,0.960243263204003,0.03200000000000003,True
5.607126,4,35.870106,0.9615263734497076,0.03200000000000003,True
5.45336,3,35.876788,0.9610800636248998,0.02400000000000002,True
5.511152,5,35.888316,0.9646382520720198,0.040000000000000036,True
5.517741,4,35.897848,0.9569049349783072,0.03200000000000003,True
5.655264,4,35.907171,0.966105424741328,0.03200000000000003,True
5.635799,4,35.917582,0.9614608055713485,0.03200000000000003,True
5.81441,4,35.927191,0.9601697275262437,0.03200000000000003,True
5.542188,3,35.933857,0.9618319835480107,0.02400000000000002,True
5.539241,4,35.943486,0.9619263735783614,0.03200000000000003,True
5.927937,3,35.950811,0.9614164955927269,0.02400000000000002,True
5.934345,3,35.95864,0.9576389071353668,0.02400000000000002,True
5.699427,5,35.970206,0.9669647126762148,0.040000000000000036,True
5.514332,3,35.97638,0.9570671841575058,0.02400000000000002,True
5.477809,4,35.985885,0.9612779039004359,0.03200000000000003,True
5.570931,4,35.995566,0.9608538784933667,0.03200000000000003,True
5.614804,3,36.003363,0.9636978869796112,0.02400000000000002,True
5.670694,4,36.012797,0.9617060719850519,0.03200000000000003,True
5.567734,3,36.019701,0.9624437668690915,0.02400000000000002,True
5.984028,5,36.030966,0.9629562820323704,0.040000000000000036,True
5.45434,3,36.037662,0.9592068754276262,0.02400000000000002,True
5.729553,4,36.04954,0.9580071235753375,0.03200000000000003,True
5.758398,4,36.059784,0.965781020078406,0.03200000000000003,True
5.615472,4,36.069319,0.9588032119791084,0.03200000000000003,True
5.75507,4,36.079753,0.9616499203493815,0.03200000000000003,True
5.653419,3,36.087389,0.9569655728717046,0.02400000000000002,True
5.48123,4,36.096764,0.9588924505727243,0.03200000000000003,True
5.71629,5,36.107907,0.957772518871403,0.040000000000000036,True
5.453633,5,36.120234,0.958609956634858,0.040000000000000036,True
5.841489,3,36.127761,0.9660630196182932,0.02400000000000002,True
5.772068,4,36.13712,0.9572119567024691,0.03200000000000003,True
5.996166,4,36.146334,0.961686965559817,0.03200000000000003,True
5.665276,4,36.155774,0.9566163343259904,0.03200000000000003,True
5.545615,4,36.165149,0.9647882445702727,0.03200000000000003,True
5.69502,3,36.171673,0.9642222751335299,0.02400000000000002,True
5.640766,3,36.178923,0.9577961396956416,0.02400000000000002,True
5.881255,4,36.187572,0.9571256284222696,0.03200000000000003,True
5.961891,4,36.198716,0.9589943405789292,0.03200000000000003,True
5.817236,4,36.208219,0.9600129643457376,0.03200000000000003,True
5.766336,4,36.217765,0.9596118888385233,0.03200000000000003,True
5.706437,4,36.227654,0.9614075519593528,0.03200000000000003,True
5.804413,3,36.234571,0.9651348836619029,0.02400000000000002,True
5.615355,5,36.247379,0.9601315356536025,0.040000000000000036,True
5.671124,4,36.256865,0.9627781889637504,0.03200000000000003,True
5.482518,4,36.266885,0.9611993719983458,0.03200000000000003,True
5.638634,4,36.276563,0.9614389378580672,0.03200000000000003,True
5.574571,4,36.285852,0.9648065882347803,0.03200000000000003,True
5.479651,5,36.297872,0.961920418106671,0.040000000000000036,True
5.821776,4,36.307615,0.9649617247679414,0.03200000000000003,True
5.488864,5,36.849339,0.961576759647593,0.040000000000000036,True
5.861916,4,36.862947,0.9573065796319464,0.03200000000000003,True
5.716536,3,36.871217,0.9624705497611544,0.02400000000000002,True
5.716758,5,36.882796,0.9591771926381472,0.040000000000000036,True
5.541251,4,36.892244,0.9595206220729174,0.03200000000000003,True
5.49845,3,36.904243,0.9678624411733161,0.02400000000000002,True
5.626999,4,36.915848,0.9603887426363139,0.03200000000000003,True
5.862343,4,36.924158,0.9688641387895998,0.03200000000000003,True
5.5221,4,36.933589,0.9612693755384085,0.03200000000000003,True
5.733263,4,36.943509,0.9655985007573433,0.03200000000000003,True
5.538103,4,36.952741,0.9589310497680983,0.03200000000000003,True
5.499331,4,36.962579,0.9568313171316385,0.03200000000000003,True
5.671496,3,36.970442,0.9647056744128252,0.02400000000000002,True
5.851639,4,36.984009,0.9589804482581044,0.03200000000000003,True
6.053768,5,36.999353,0.95852724306859,0.040000000000000036,True
5.572217,3,37.011495,0.9577416588211812,0.02400000000000002,True
5.707933,3,37.02238,0.9610433397778224,0.02400000000000002,True
5.750929,3,37.028326,0.9614014627608949,0.02400000000000002,True
5.544697,3,37.036038,0.9604713120816891,0.02400000000000002,True
5.751286,5,37.049777,0.9622649498080489,0.040000000000000036,True
5.729298,4,37.163762,0.9608380660582578,0.03200000000000003,True
5.67398,3,37.169888,0.9597441244998672,0.02400000000000002,True
5.443465,4,37.179751,0.9615775289221326,0.03200000000000003,True
5.650819,5,37.191325,0.9625516915209478,0.040000000000000036,True
5.595438,4,37.206848,0.9639234959798656,0.03200000000000003,True
5.800529,4,37.223539,0.9588282004009951,0.03200000000000003,True
5.712146,5,37.235076,0.9676407892450964,0.040000000000000036,True
5.495748,4,37.244198,0.9638159145627396,0.03200000000000003,True
5.657,4,37.253624,0.9611445606131309,0.03200000000000003,True
5.567577,5,37.266617,0.9609597240087706,0.040000000000000036,True
5.807568,5,37.278583,0.9567704763694247,0.040000000000000036,True
5.643484,5,37.289275,0.9605392530473202,0.040000000000000036,True
5.530536,3,37.296287,0.9615969325897813,0.02400000000000002,True
5.395235,3,37.303559,0.9660790822067746,0.02400000000000002,True
5.584431,3,37.311595,0.9629173080906526,0.02400000000000002,True
5.845663,4,37.321073,0.9592671731391977,0.03200000000000003,True
5.444719,3,37.328565,0.9583697209582642,0.02400000000000002,True
5.844596,4,37.337991,0.965936226292403,0.03200000000000003,True
6.065456,4,37.350019,0.9603750821852829,0.03200000000000003,True
5.721975,4,37.361846,0.9631803806811544,0.03200000000000003,True
5.835069,5,37.372535,0.966632970495981,0.040000000000000036,True
5.690554,4,37.381973,0.9631281771288065,0.03200000000000003,True
5.473385,4,37.391011,0.9657527566277302,0.03200000000000003,True
5.809404,4,37.401016,0.959752962295843,0.03200000000000003,True
5.421272,3,37.4074,0.9615541354693637,0.02400000000000002,True
6.048355,4,37.42029,0.9639202281753554,0.03200000000000003,True
5.870447,5,37.430872,0.9626565012858945,0.040000000000000036,True
5.724559,3,37.437601,0.9574500816660022,0.02400000000000002,True
5.526703,4,37.446162,0.9581078916747523,0.03200000000000003,True
5.718281,4,37.456361,0.9604812092565103,0.03200000000000003,True
5.801003,3,37.463762,0.9627146739075525,0.02400000000000002,True
5.91495,5,37.474857,0.9575492069586289,0.040000000000000036,True
5.763519,5,37.491003,0.9599734246174365,0.040000000000000036,True
5.592368,5,37.505563,0.9627773847507977,0.040000000000000036,True
5.492283,5,37.516644,0.9629133187859409,0.040000000000000036,True
5.712463,3,37.523598,0.9591120597440677,0.02400000000000002,True
5.657841,3,37.530478,0.9621288144468321,0.02400000000000002,True
5.864364,4,37.539979,0.9598147290819199,0.03200000000000003,True
6.008442,3,37.547241,0.9588081988025473,0.02400000000000002,True
5.641932,3,37.554924,0.9617207153311742,0.02400000000000002,True
5.766756,4,37.563984,0.9648058470820926,0.03200000000000003,True
5.664479,2,37.568219,0.9638884517090125,0.016000000000000014,True
5.400387,3,37.575008,0.9604968739401725,0.02400000000000002,True
5.617113,4,37.58467,0.9637923592954432,0.03200000000000003,True
5.491496,3,37.591729,0.9623886460791748,0.02400000000000002,True
5.471688,3,37.598323,0.9627518087129489,0.02400000000000002,True
5.715443,4,37.608286,0.9600083803243721,0.03200000000000003,True
5.738298,4,38.158935,0.9651731449503922,0.03200000000000003,True
5.514181,3,38.166973,0.9613167131022269,0.02400000000000002,True
5.490395,4,38.176231,0.9580051191019229,0.03200000000000003,True
5.862861,4,38.185457,0.9631530257685923,0.03200000000000003,True
5.621432,4,38.194762,0.9610767387157495,0.03200000000000003,True
5.852733,4,38.203997,0.9593879122065853,0.03200000000000003,True
6.065494,5,38.215491,0.9611030067981569,0.040000000000000036,True
5.589633,4,38.225538,0.9582312134688474,0.03200000000000003,True
5.488732,2,38.231542,0.9618689394975866,0.016000000000000014,True
5.525125,3,38.238633,0.9617470551871121,0.02400000000000002,True
5.872008,4,38.247219,0.9609717844654535,0.03200000000000003,True
5.626113,4,38.256324,0.9611170017879824,0.03200000000000003,True
5.810054,5,38.268284,0.9628201149148465,0.040000000000000036,True
6.010086,4,38.277725,0.9614122990671337,0.03200000000000003,True
5.570774,2,38.282922,0.9615325955012078,0.016000000000000014,True
5.862547,5,38.29336,0.9606650604700449,0.040000000000000036,True
5.664751,4,38.303071,0.9580159930800477,0.03200000000000003,True
5.384764,3,38.310212,0.9574173717187919,0.02400000000000002,True
5.624278,4,38.319801,0.9588420842360093,0.03200000000000003,True
5.540801,3,38.326705,0.9610923127619463,0.02400000000000002,True
5.45594,4,38.335788,0.9573674161351537,0.03200000000000003,True
5.44672,3,38.342863,0.9672039895093728,0.02400000000000002,True
5.538072,5,38.354128,0.9604339316929951,0.040000000000000036,True
5.813166,4,38.365695,0.958427832118565,0.03200000000000003,True
5.698107,3,38.372484,0.9588102623267081,0.02400000000000002,True
5.766219,4,38.383267,0.9599913562960989,0.03200000000000003,True
5.631418,5,38.394246,0.9592244456890786,0.040000000000000036,True
5.816979,4,38.404113,0.9596152733685633,0.03200000000000003,True
5.761886,4,38.412977,0.9610036417448357,0.03200000000000003,True
5.801672,4,38.422469,0.9631816609193568,0.03200000000000003,True
5.611339,4,38.43171,0.9609914998319448,0.03200000000000003,True
5.73861,3,38.438525,0.9607304935531115,0.02400000000000002,True
5.73319,4,38.447917,0.9619864611344999,0.03200000000000003,True
5.829836,5,38.460324,0.9622225868100629,0.040000000000000036,True
5.732737,4,38.468558,0.9596656193096269,0.03200000000000003,True
5.839313,4,38.477921,0.9595079493987482,0.03200000000000003,True
5.601636,3,38.485909,0.9605085818961387,0.02400000000000002,True
5.667294,5,38.498002,0.956624520471394,0.040000000000000036,True
6.05019,4,38.507321,0.958306053480585,0.03200000000000003,True
5.621112,3,38.515257,0.9604221337205598,0.02400000000000002,True
5.521803,3,38.523372,0.9592316721482849,0.02400000000000002,True
5.95262,4,38.531752,0.9597001535615728,0.03200000000000003,True
5.667431,3,38.543262,0.9644349303539919,0.02400000000000002,True
5.550168,4,38.558203,0.9626139855949382,0.03200000000000003,True
5.676832,5,38.57354,0.9611519576059663,0.040000000000000036,True
5.74811,4,38.588448,0.9573055277605621,0.03200000000000003,True
5.880135,5,38.606581,0.9575627791338582,0.040000000000000036,True
5.481312,4,38.622676,0.9598022782497991,0.03200000000000003,True
5.740903,4,38.636039,0.9589949984810875,0.03200000000000003,True
5.741134,4,38.649872,0.964785270952243,0.03200000000000003,True
5.755529,4,38.663274,0.9628825297327841,0.03200000000000003,True
5.852513,4,38.677733,0.96262262563254,0.03200000000000003,True
5.585451,3,38.686541,0.9564342689340015,0.02400000000000002,True
6.098595,5,38.703372,0.9626409087253468,0.040000000000000036,True
5.827844,4,38.717965,0.9620144362165653,0.03200000000000003,True
5.505509,4,38.730369,0.9615208356759104,0.03200000000000003,True
5.653504,5,38.746639,0.959669170044813,0.040000000000000036,True
5.706634,4,38.758582,0.9597599327329989,0.03200000000000003,True
5.824889,5,38.773768,0.9659913080342672,0.040000000000000036,True
5.457476,3,38.783007,0.9592684202369365,0.02400000000000002,True
5.658756,3,38.793132,0.9584972216244507,0.02400000000000002,True
5.697401,5,38.810199,0.9613986490890498,0.040000000000000036,True
5.644429,5,38.828084,0.9595511724040036,0.040000000000000036,True
5.508299,4,38.848003,0.9587836191286643,0.03200000000000003,True
5.620923,3,38.858742,0.964066941097507,0.02400000000000002,True
5.38721,4,39.596957,0.9598724637836302,0.03200000000000003,True
5.559307,3,39.606945,0.9590442521489172,0.02400000000000002,True
5.738464,3,39.616227,0.9641426704938456,0.02400000000000002,True
5.542159,4,39.628036,0.9618536661294848,0.03200000000000003,True
5.468797,4,39.640269,0.9610614424130436,0.03200000000000003,True
5.744416,4,39.652894,0.967221903703634,0.03200000000000003,True
5.615572,5,39.667897,0.9622324200512529,0.040000000000000036,True
5.591057,5,39.683826,0.9593712631457838,0.040000000000000036,True
5.364068,2,39.68988,0.9619373911144242,0.016000000000000014,True
5.44904,2,39.695692,0.9629569980933285,0.016000000000000014,True
5.748206,3,39.705462,0.9570403461829252,0.02400000000000002,True
5.680636,4,39.72025,0.9630058955155221,0.03200000000000003,True
5.754498,4,39.732101,0.9601148519594231,0.03200000000000003,True
5.501083,3,39.741127,0.9642590444759973,0.02400000000000002,True
6.002452,4,39.751847,0.9630270465670547,0.03200000000000003,True
5.840996,5,39.767943,0.9622579267188714,0.040000000000000036,True
5.52261,5,39.782875,0.9595862421936368,0.040000000000000036,True
5.817354,4,39.793085,0.9599991633606062,0.03200000000000003,True
5.461273,4,39.805254,0.9628628722243149,0.03200000000000003,True
5.866325,5,39.82024,0.9637747100048989,0.040000000000000036,True
5.67066,5,39.835104,0.9625754443174839,0.040000000000000036,True
5.472506,3,39.844834,0.9606296048593346,0.02400000000000002,True
5.593291,4,39.856534,0.9664838392375007,0.03200000000000003,True
5.594824,3,39.865995,0.961901854716084,0.02400000000000002,True
5.841344,4,39.877486,0.9599751955296256,0.03200000000000003,True
5.588756,4,39.890294,0.9615480884629932,0.03200000000000003,True
5.653247,4,39.901566,0.9663954557867046,0.03200000000000003,True
5.601204,3,39.910614,0.957968055493576,0.02400000000000002,True
5.86195,5,39.926331,0.9564276644137686,0.040000000000000036,True
5.698326,4,39.938395,0.9649919942711294,0.03200000000000003,True
5.426239,4,39.950567,0.9573586758120185,0.03200000000000003,True
5.782765,4,39.962831,0.9577362622291611,0.03200000000000003,True
5.435345,3,39.971187,0.9613182904416908,0.02400000000000002,True
5.513063,5,39.987216,0.9686935681710652,0.040000000000000036,True
5.556969,3,39.997427,0.9633706928869037,0.02400000000000002,True
5.707231,4,40.012637,0.9615199256868324,0.03200000000000003,True
5.483527,5,40.029521,0.9582852568111255,0.040000000000000036,True
5.509276,4,40.042275,0.9660718432364821,0.03200000000000003,True
5.743258,3,40.053122,0.9609862711475736,0.02400000000000002,True
5.754772,4,40.066786,0.9629916421425075,0.03200000000000003,True
6.005761,5,40.087775,0.960706401636239,0.040000000000000036,True
5.725594,4,40.100474,0.9598316458633885,0.03200000000000003,True
5.486571,4,40.115286,0.9617170681763403,0.03200000000000003,True
5.49778,5,40.131179,0.9635019154717673,0.040000000000000036,True
5.557472,5,40.146635,0.9698660665719562,0.040000000000000036,True
5.526912,3,40.157763,0.9602319615378736,0.02400000000000002,True
5.908964,3,40.166775,0.9616637678327252,0.02400000000000002,True
5.495908,4,40.178404,0.9570991349329694,0.03200000000000003,True
5.653345,3,40.187681,0.9594457483975247,0.02400000000000002,True
5.754536,4,40.200716,0.9591956690089463,0.03200000000000003,True
5.754752,3,40.209319,0.962002819211661,0.02400000000000002,True
5.871119,5,40.225777,0.9593150930427856,0.040000000000000036,True
5.486105,3,40.234504,0.9578960588431388,0.02400000000000002,True
5.541583,4,40.24817,0.9618763478779835,0.03200000000000003,True
5.731774,3,40.257839,0.9603449388644645,0.02400000000000002,True
5.50297,3,40.267549,0.9587611526340688,0.02400000000000002,True
5.527121,4,40.281117,0.959665233231453,0.03200000000000003,True
5.548883,4,40.292845,0.9627428390683028,0.03200000000000003,True
5.584696,4,40.304773,0.9622248154500364,0.03200000000000003,True
5.779652,4,40.316854,0.9613399214089966,0.03200000000000003,True
6.067083,4,40.328346,0.9620517815905825,0.03200000000000003,True
5.770347,4,40.339787,0.9647970639020723,0.03200000000000003,True
5.406294,3,40.348958,0.9626338666234124,0.02400000000000002,True
5.637599,5,40.364695,0.9623396238669559,0.040000000000000036,True
5.751269,4,40.377623,0.9622422799116268,0.03200000000000003,True
5.491804,5,40.392167,0.9646097796620627,0.040000000000000036,True
5.733873,4,41.108514,0.9596823027890737,0.03200000000000003,True
5.605056,5,41.125651,0.9587600145153936,0.040000000000000036,True
5.745511,5,41.141649,0.961487027191883,0.040000000000000036,True
5.840539,4,41.154377,0.9639078009652543,0.03200000000000003,True
5.928108,3,41.164162,0.9592350198250142,0.02400000000000002,True
5.656031,4,41.176752,0.962847411019649,0.03200000000000003,True
5.603251,4,41.188527,0.9648518075517738,0.03200000000000003,True
5.5317,4,41.200987,0.9628991591465477,0.03200000000000003,True
5.863595,4,41.212802,0.9611728912261388,0.03200000000000003,True
5.524168,4,41.225971,0.9613019592437444,0.03200000000000003,True
5.713652,3,41.235896,0.9616441574222241,0.02400000000000002,True
5.59908,4,41.247515,0.9603964810927919,0.03200000000000003,True
5.552866,4,41.259791,0.9641990526436726,0.03200000000000003,True
5.634289,3,41.269622,0.9598202621371417,0.02400000000000002,True
5.553806,3,41.280666,0.9652321649175124,0.02400000000000002,True
5.663581,5,41.298944,0.9614691994920881,0.040000000000000036,True
5.643728,4,41.312866,0.9595371441172851,0.03200000000000003,True
5.849615,4,41.327166,0.9620564759600041,0.03200000000000003,True
5.532178,5,41.344531,0.959397272603508,0.040000000000000036,True
5.716206,3,41.355317,0.9596502713193882,0.02400000000000002,True
5.503402,4,41.369831,0.9595043967798966,0.03200000000000003,True
5.508676,4,41.384361,0.9661971961397096,0.03200000000000003,True
5.705517,3,41.395207,0.9639472066817643,0.02400000000000002,True
5.818259,5,41.413124,0.9622357239184298,0.040000000000000036,True
5.502573,3,41.422909,0.9620793367525864,0.02400000000000002,True
5.474424,4,41.437492,0.9604889900529765,0.03200000000000003,True
5.728766,3,41.448321,0.9572464213661435,0.02400000000000002,True
5.660975,3,41.460244,0.9572647529050351,0.02400000000000002,True
5.764083,5,41.478036,0.9572199848371652,0.040000000000000036,True
5.969749,3,41.488737,0.9585442280635651,0.02400000000000002,True
5.692512,4,41.503803,0.9606992044064688,0.03200000000000003,True
5.486384,3,41.516626,0.9611409818513312,0.02400000000000002,True
5.789448,4,41.530441,0.9591625567986982,0.03200000000000003,True
5.573187,3,41.541169,0.9610181825814134,0.02400000000000002,True
5.572775,4,41.55512,0.9650485169427467,0.03200000000000003,True
5.663316,3,41.566304,0.9639806140128877,0.02400000000000002,True
5.774261,4,41.580189,0.9633588195180217,0.03200000000000003,True
5.69585,3,41.591814,0.9666717002016649,0.02400000000000002,True
5.764434,4,41.607282,0.9603897729692782,0.03200000000000003,True
5.652997,5,41.624193,0.9621901866747926,0.040000000000000036,True
5.812703,5,41.638863,0.9619653720422745,0.040000000000000036,True
6.068702,4,41.650655,0.9613231971524413,0.03200000000000003,True
5.870438,5,41.666375,0.9589188367832739,0.040000000000000036,True
5.51634,4,41.677938,0.9629022845096737,0.03200000000000003,True
5.988845,5,41.693696,0.9600898075542581,0.040000000000000036,True
5.806197,4,41.705428,0.9587867860102244,0.03200000000000003,True
5.958816,4,41.717157,0.9654675248506537,0.03200000000000003,True
5.824265,5,41.731135,0.9594767231486513,0.040000000000000036,True
5.514481,4,41.745731,0.9639866646749768,0.03200000000000003,True
5.654316,4,41.758291,0.9645524516048867,0.03200000000000003,True
5.746484,3,41.767806,0.9619487055197393,0.02400000000000002,True
5.706602,4,41.781509,0.9654353461406671,0.03200000000000003,True
5.739406,3,41.791197,0.9633834282805218,0.02400000000000002,True
5.778901,5,41.809583,0.9640617944221441,0.040000000000000036,True
5.628833,3,41.819875,0.9582608757419406,0.02400000000000002,True
5.556321,4,41.832956,0.9591927061367973,0.03200000000000003,True
5.726567,4,41.845223,0.9623998641720155,0.03200000000000003,True
5.533569,3,41.85499,0.9579316516407282,0.02400000000000002,True
5.536857,5,41.871665,0.9577944476338254,0.040000000000000036,True
5.740793,5,41.888837,0.9615275104045332,0.040000000000000036,True
5.593593,5,41.906628,0.9652165160260597,0.040000000000000036,True
5.623151,3,41.916761,0.9603137415199494,0.02400000000000002,True
6.036645,5,41.932856,0.9638489007910627,0.040000000000000036,True
5.601318,3,41.942389,0.9596551181420689,0.02400000000000002,True
5.69706,3,41.953079,0.9610116705721272,0.02400000000000002,True
5.642404,3,42.728424,0.961544470870344,0.02400000000000002,True
5.464163,3,42.738163,0.9605508863108143,0.02400000000000002,True
5.57198,4,42.753393,0.9595990677709847,0.03200000000000003,True
5.558482,5,42.771353,0.9590112882370772,0.040000000000000036,True
5.59771,3,42.780456,0.9610986433084739,0.02400000000000002,True
5.984447,4,42.793903,0.9635384069458246,0.03200000000000003,True
5.7571,3,42.804654,0.9611683574248173,0.02400000000000002,True
5.585971,4,42.818571,0.9627298867561304,0.03200000000000003,True
5.500446,5,42.83517,0.963813042466378,0.040000000000000036,True
5.71531,4,42.850782,0.9677869992908179,0.03200000000000003,True
5.809438,4,42.865552,0.95755521754515,0.03200000000000003,True
6.043653,4,42.878136,0.9629738033151809,0.03200000000000003,True
5.71956,4,42.891622,0.9650578837690339,0.03200000000000003,True
5.48356,3,42.901854,0.9606799704315427,0.02400000000000002,True
5.475149,4,42.914208,0.9645679761859945,0.03200000000000003,True
5.604515,5,42.931353,0.9630691781312583,0.040000000000000036,True
5.611624,4,42.943248,0.9611852536810317,0.03200000000000003,True
5.897079,4,42.956565,0.9598920134616162,0.03200000000000003,True
5.553617,4,42.969631,0.9611125191478165,0.03200000000000003,True
5.44031,4,42.982511,0.9637178040227209,0.03200000000000003,True
5.651385,4,42.996572,0.9599853616285815,0.03200000000000003,True
5.697374,3,43.007753,0.963584643531225,0.02400000000000002,True
5.637979,4,43.021803,0.9645719360836423,0.03200000000000003,True
5.630865,4,43.030893,0.9643029330545184,0.03200000000000003,True
5.868915,4,43.0406,0.9614857512086197,0.03200000000000003,True
5.761364,4,43.05076,0.9619505937937036,0.03200000000000003,True
5.587381,5,43.062859,0.9591550928681495,0.040000000000000036,True
5.920459,4,43.072901,0.9651723354803629,0.03200000000000003,True
5.463347,3,43.0807,0.9595483532597427,0.02400000000000002,True
5.593852,5,43.092525,0.9575294807933238,0.040000000000000036,True
5.725686,4,43.102243,0.9634583590942607,0.03200000000000003,True
5.596987,5,43.113633,0.9622399607128601,0.040000000000000036,True
5.949364,4,43.123679,0.9585898471004031,0.03200000000000003,True
5.758676,5,43.135295,0.9604395042726946,0.040000000000000036,True
5.42058,3,43.142893,0.9611758406213691,0.02400000000000002,True
5.748533,4,43.152313,0.9585506054988173,0.03200000000000003,True
5.69735,4,43.161603,0.9650132150436053,0.03200000000000003,True
5.805337,4,43.169759,0.961700469873906,0.03200000000000003,True
5.552174,4,43.17873,0.965510659489204,0.03200000000000003,True
5.532846,4,43.188479,0.9622015545207293,0.03200000000000003,True
5.374879,4,43.198582,0.9642027954171118,0.03200000000000003,True
5.757772,4,43.208204,0.9597583190413717,0.03200000000000003,True
5.569405,3,43.215357,0.9662037922734734,0.02400000000000002,True
5.971402,3,43.222657,0.9583327604305405,0.02400000000000002,True
5.663779,3,43.229566,0.9631312104394778,0.02400000000000002,True
5.742649,5,43.247473,0.9657939853828372,0.040000000000000036,True
5.542787,4,43.262209,0.960377321945017,0.03200000000000003,True
5.504158,3,43.270557,0.9594628286491143,0.02400000000000002,True
5.549705,4,43.281047,0.9597673994855973,0.03200000000000003,True
5.971204,4,43.289352,0.9568082345984342,0.03200000000000003,True
5.777193,5,43.302526,0.9593746070278012,0.040000000000000036,True
5.63709,4,43.312227,0.963735080156125,0.03200000000000003,True
5.491074,3,43.317497,0.9614846672790628,0.02400000000000002,True
5.456975,3,43.325319,0.9570740464999103,0.02400000000000002,True
5.479688,3,43.333218,0.9596793634007854,0.02400000000000002,True
5.750871,5,43.347054,0.9644386770260172,0.040000000000000036,True
5.432275,3,43.35549,0.9632658796907025,0.02400000000000002,True
5.71974,4,43.366568,0.965315806387092,0.03200000000000003,True
5.54395,4,43.377585,0.9591882205594483,0.03200000000000003,True
5.881599,4,43.387501,0.9586668711252746,0.03200000000000003,True
5.955376,4,43.397411,0.9634527637616142,0.03200000000000003,True
5.525043,5,43.408722,0.9636141763783728,0.040000000000000036,True
5.506039,4,43.418175,0.9600002586894516,0.03200000000000003,True
5.546759,3,43.425924,0.9623657406825779,0.02400000000000002,True
5.767759,4,43.435363,0.9608271588606336,0.03200000000000003,True
5.723087,4,43.443923,0.9606780483314041,0.03200000000000003,True
5.686363,5,43.962312,0.9567837214780512,0.040000000000000036,True
5.770277,4,43.971677,0.9606922657900919,0.03200000000000003,True
5.773569,4,43.981368,0.9606425285370406,0.03200000000000003,True
5.784403,4,43.990929,0.9599100276918224,0.03200000000000003,True
6.088604,4,44.000691,0.9617219276739877,0.03200000000000003,True
5.491868,3,44.007501,0.9626995750451646,0.02400000000000002,True
5.578686,5,44.019468,0.9572652638399213,0.040000000000000036,True
5.918074,3,44.025584,0.9621167753164958,0.02400000000000002,True
5.634557,5,44.037249,0.9605737102738329,0.040000000000000036,True
5.698809,3,44.043864,0.962275527826377,0.02400000000000002,True
5.325312,3,44.052165,0.9587560592781474,0.02400000000000002,True
5.826176,4,44.139463,0.9572593660053301,0.03200000000000003,True
5.513604,3,44.147282,0.9612700297376079,0.02400000000000002,True
5.65413,4,44.156922,0.9615613112789485,0.03200000000000003,True
5.518311,4,44.165985,0.9597740956919936,0.03200000000000003,True
5.70006,3,44.173546,0.9573825913175903,0.02400000000000002,True
5.783916,4,44.182549,0.9608133895414848,0.03200000000000003,True
5.503809,4,44.192309,0.9617399561762494,0.03200000000000003,True
6.001644,4,44.201018,0.9606498128575695,0.03200000000000003,True
5.73491,4,44.209862,0.958654583881822,0.03200000000000003,True
5.538579,4,44.220297,0.9622536044602579,0.03200000000000003,True
5.656618,4,44.229003,0.9597278971072896,0.03200000000000003,True
5.548222,4,44.237934,0.9596590549788675,0.03200000000000003,True
5.926296,4,44.247391,0.9668765784442743,0.03200000000000003,True
5.688906,4,44.256731,0.9644081005725654,0.03200000000000003,True
5.581348,4,44.265743,0.9628554757512544,0.03200000000000003,True
5.644963,2,44.273397,0.9616528307397189,0.016000000000000014,True
5.641728,4,44.286414,0.9640481384271401,0.03200000000000003,True
5.429531,4,44.299722,0.9618672380387292,0.03200000000000003,True
5.974184,4,44.309048,0.9652143029698643,0.03200000000000003,True
5.87558,5,44.32168,0.9595860279955447,0.040000000000000036,True
5.870274,3,44.328536,0.9603442208267952,0.02400000000000002,True
5.690058,4,44.338336,0.9584734557713858,0.03200000000000003,True
5.612717,4,44.353546,0.959079760388155,0.03200000000000003,True
6.047634,5,44.366407,0.9567696900358662,0.040000000000000036,True
5.811418,4,44.375901,0.9630934656760931,0.03200000000000003,True
5.579292,4,44.385719,0.9595966343913352,0.03200000000000003,True
5.770213,4,44.394895,0.9581535300201732,0.03200000000000003,True
5.930456,3,44.402734,0.9617952286985512,0.02400000000000002,True
5.723287,3,44.409409,0.9600115246207093,0.02400000000000002,True
5.752695,4,44.420747,0.9591742594797362,0.03200000000000003,True
5.55094,5,44.433683,0.9599100900586569,0.040000000000000036,True
5.79461,3,44.441405,0.9632106469362165,0.02400000000000002,True
5.478039,3,44.449086,0.960037108509363,0.02400000000000002,True
5.911593,3,44.456926,0.9618925506953824,0.02400000000000002,True
5.722814,4,44.467288,0.959036382057616,0.03200000000000003,True
5.85041,3,44.475524,0.9621969985325061,0.02400000000000002,True
5.989203,3,44.482111,0.9593511245546333,0.02400000000000002,True
5.692183,3,44.489067,0.9590546325438479,0.02400000000000002,True
5.521976,4,44.499632,0.9618740295363186,0.03200000000000003,True
5.409154,3,44.506353,0.9613557528470249,0.02400000000000002,True
5.774905,4,44.515883,0.9590072559833719,0.03200000000000003,True
5.831616,5,44.526407,0.9586053403322357,0.040000000000000036,True
5.762593,4,44.535438,0.9638524101440386,0.03200000000000003,True
5.643837,3,44.542745,0.9594950608199815,0.02400000000000002,True
5.783399,2,44.546714,0.9612825379375312,0.016000000000000014,True
5.715807,3,44.554117,0.960296470545232,0.02400000000000002,True
5.357589,3,44.561776,0.9620370749132547,0.02400000000000002,True
5.742934,4,44.570817,0.9579341143907709,0.03200000000000003,True
5.756186,4,44.578759,0.9616327528532578,0.03200000000000003,True
5.610494,5,44.591716,0.9649566332227566,0.040000000000000036,True
5.658218,5,44.606172,0.9589652524029351,0.040000000000000036,True
5.462034,4,44.616392,0.9602054411876598,0.03200000000000003,True
5.497242,4,44.626371,0.9625857321577251,0.03200000000000003,True
5.537098,3,44.632367,0.9609373474398706,0.02400000000000002,True
5.843819,5,44.643974,0.9602478119011284,0.040000000000000036,True
5.617274,3,44.651789,0.960083421418829,0.02400000000000002,True
5.506336,5,45.173375,0.9616246821724259,0.040000000000000036,True
5.621988,4,45.182731,0.9633874452493033,0.03200000000000003,True
5.774561,3,45.190292,0.9620090806127711,0.02400000000000002,True
5.633526,5,45.201207,0.9588055695047117,0.040000000000000036,True
5.522088,4,45.210353,0.96051313491721,0.03200000000000003,True
5.536332,4,45.219697,0.9612595153141135,0.03200000000000003,True
5.752295,5,45.231554,0.9612770476844573,0.040000000000000036,True
5.654112,5,45.242835,0.9620492913356905,0.040000000000000036,True
5.925097,4,45.252029,0.9570723893480297,0.03200000000000003,True
5.86511,5,45.262955,0.957306505094527,0.040000000000000036,True
5.747234,4,45.272816,0.9645980591640867,0.03200000000000003,True
5.745667,3,45.279616,0.9606770447237758,0.02400000000000002,True
5.792506,4,45.288642,0.9635332879521816,0.03200000000000003,True
5.851843,4,45.298146,0.9619617190982893,0.03200000000000003,True
5.572165,4,45.309523,0.9583407095324961,0.03200000000000003,True
5.51528,3,45.321012,0.9616398730257983,0.02400000000000002,True
5.583846,3,45.33024,0.9628258837143708,0.02400000000000002,True
5.446543,4,45.342439,0.960017166025406,0.03200000000000003,True
5.470412,3,45.349301,0.9612843746193198,0.02400000000000002,True
5.564982,3,45.356741,0.9625978212464563,0.02400000000000002,True
5.767895,4,45.367399,0.9617285232999314,0.03200000000000003,True
5.634135,5,45.38025,0.9631681503511657,0.040000000000000036,True
5.568307,4,45.391262,0.9626304883641323,0.03200000000000003,True
5.644185,3,45.398173,0.9569061321729784,0.02400000000000002,True
5.573162,3,45.405116,0.9649404946216004,0.02400000000000002,True
5.849038,5,45.418529,0.9563656896813278,0.040000000000000036,True
5.817824,3,45.424855,0.961243705855451,0.02400000000000002,True
5.532549,4,45.434647,0.9606194780466664,0.03200000000000003,True
5.587056,3,45.44223,0.9564724250141761,0.02400000000000002,True
5.679082,5,45.454577,0.9631819937528302,0.040000000000000036,True
5.536682,4,45.464186,0.9625094771209345,0.03200000000000003,True
5.563909,3,45.472305,0.9574587962290395,0.02400000000000002,True
5.866771,4,45.482365,0.9642747114194052,0.03200000000000003,True
5.772838,5,45.492859,0.9618737318150996,0.040000000000000036,True
5.826489,5,45.504216,0.9568125206589523,0.040000000000000036,True
5.652359,3,45.511106,0.9584034180330802,0.02400000000000002,True
5.671942,5,45.522794,0.963532543038061,0.040000000000000036,True
5.968773,5,45.534882,0.9588784415355103,0.040000000000000036,True
5.716782,3,45.541978,0.9583928299749258,0.02400000000000002,True
5.788644,4,45.551589,0.9629994152282043,0.03200000000000003,True
5.686162,3,45.557576,0.9592016783765945,0.02400000000000002,True
5.546073,4,45.567621,0.9641662330916341,0.03200000000000003,True
5.815775,4,45.580949,0.9605701241055614,0.03200000000000003,True
5.448111,4,45.592229,0.9638325931644834,0.03200000000000003,True
5.576099,4,45.602275,0.9618381487183649,0.03200000000000003,True
5.597272,4,45.611318,0.9611309751469249,0.03200000000000003,True
5.53179,3,45.619344,0.9587282009825914,0.02400000000000002,True
5.616933,5,45.630142,0.9616875168901563,0.040000000000000036,True
5.460467,3,45.637984,0.9616246680981211,0.02400000000000002,True
5.473444,4,45.646828,0.9680025395265135,0.03200000000000003,True
5.638354,4,45.65639,0.9580366513011732,0.03200000000000003,True
6.011147,4,45.665614,0.9628677717960306,0.03200000000000003,True
5.599424,3,45.672576,0.9613665604276265,0.02400000000000002,True
5.761076,4,45.6824,0.9620484686935799,0.03200000000000003,True
5.595771,4,45.690786,0.9610674429458865,0.03200000000000003,True
5.662393,5,45.701813,0.9678359956582225,0.040000000000000036,True
5.687368,4,45.710726,0.9588505371858274,0.03200000000000003,True
5.913997,4,45.720145,0.9584177612808216,0.03200000000000003,True
5.772997,3,45.727589,0.9666686996484958,0.02400000000000002,True
5.581183,5,45.738647,0.9593608402208081,0.040000000000000036,True
6.133243,4,45.748411,0.9624090107572398,0.03200000000000003,True
5.464964,4,45.758953,0.9637724222428596,0.03200000000000003,True
5.502382,5,45.772816,0.9645234704343679,0.040000000000000036,True
5.762969,3,45.781598,0.9643049383590592,0.02400000000000002,True
5.452902,5,45.793539,0.9620070671294061,0.040000000000000036,True
5.565125,5,46.330125,0.9579347895245853,0.040000000000000036,True
5.683013,4,46.340339,0.9631559963152211,0.03200000000000003,True
5.436582,4,46.353596,0.9591011685156272,0.03200000000000003,True
5.448512,4,46.367689,0.9651782657665948,0.03200000000000003,True
5.740641,4,46.380838,0.9599613439005725,0.03200000000000003,True
5.757067,4,46.390939,0.9598184874187632,0.03200000000000003,True
5.751143,4,46.399615,0.9586680856462733,0.03200000000000003,True
5.41713,3,46.407301,0.9615899330496254,0.02400000000000002,True
5.520239,4,46.416747,0.9586911452756246,0.03200000000000003,True
5.557202,4,46.426208,0.9613814503299505,0.03200000000000003,True
5.645063,4,46.434965,0.9605763109809669,0.03200000000000003,True
5.792836,5,46.446949,0.9630131080745076,0.040000000000000036,True
5.661744,4,46.456314,0.95927839955327,0.03200000000000003,True
5.662981,4,46.465815,0.961024898302728,0.03200000000000003,True
5.833137,4,46.475839,0.9630114573975446,0.03200000000000003,True
5.823879,3,46.482836,0.9654005053177397,0.02400000000000002,True
5.439009,4,46.493464,0.9610130992968482,0.03200000000000003,True
5.737977,4,46.502752,0.9611298626086727,0.03200000000000003,True
5.804302,4,46.511733,0.9603514206129932,0.03200000000000003,True
5.404597,3,46.519009,0.9618121978361269,0.02400000000000002,True
5.955692,3,46.526164,0.9589652748517358,0.02400000000000002,True
5.814674,4,46.535383,0.959310356187633,0.03200000000000003,True
5.555581,3,46.542967,0.9667943948161057,0.02400000000000002,True
5.74064,4,46.552385,0.9603691096249498,0.03200000000000003,True
5.625765,5,46.564265,0.9627142878787112,0.040000000000000036,True
5.703136,4,46.573423,0.9616472114541219,0.03200000000000003,True
5.830166,5,46.584496,0.9614805180390706,0.040000000000000036,True
5.308857,3,46.593469,0.9624171311860443,0.02400000000000002,True
5.569733,4,46.602893,0.9614271034001838,0.03200000000000003,True
5.464582,3,46.609308,0.9587493901450396,0.02400000000000002,True
5.45349,3,46.617355,0.9590740827279274,0.02400000000000002,True
5.633969,5,46.629786,0.9596639403293434,0.040000000000000036,True
5.782935,5,46.641287,0.958770089464516,0.040000000000000036,True
5.627736,4,46.650256,0.9603365033214474,0.03200000000000003,True
5.776282,4,46.659402,0.9626185549064213,0.03200000000000003,True
5.394882,3,46.665565,0.9590256941160651,0.02400000000000002,True
5.624186,5,46.677453,0.9607200506833525,0.040000000000000036,True
5.636209,5,46.690007,0.9595074985622996,0.040000000000000036,True
5.870119,5,46.7013,0.9602776073802874,0.040000000000000036,True
5.505172,4,46.710181,0.9607581860379288,0.03200000000000003,True
5.729622,5,46.722025,0.9592858309207127,0.040000000000000036,True
5.805177,4,46.731685,0.9617873765975411,0.03200000000000003,True
5.493131,4,46.741227,0.9604732754005542,0.03200000000000003,True
5.688576,3,46.748582,0.9678895185310441,0.02400000000000002,True
5.408501,4,46.757557,0.9618242375629329,0.03200000000000003,True
5.589337,4,46.766707,0.9628248713392593,0.03200000000000003,True
5.699618,4,46.777919,0.9641582727568425,0.03200000000000003,True
5.929388,5,46.789659,0.962234113422161,0.040000000000000036,True
5.641512,4,46.798501,0.9576381628726858,0.03200000000000003,True
5.476425,4,46.808703,0.9611842738413259,0.03200000000000003,True
5.58137,4,46.81889,0.9632870859612277,0.03200000000000003,True
5.801513,4,46.827562,0.9641348461854484,0.03200000000000003,True
5.663337,3,46.835023,0.9623391518542314,0.02400000000000002,True
5.570488,4,46.84461,0.9648733108972138,0.03200000000000003,True
5.774514,5,46.856668,0.9633635928119622,0.040000000000000036,True
5.705258,5,46.869163,0.9618447022837477,0.040000000000000036,True
5.365732,3,46.876795,0.9590192373210176,0.02400000000000002,True
5.900614,5,46.888324,0.958935601995039,0.040000000000000036,True
5.889469,4,46.898262,0.9607418427682282,0.03200000000000003,True
5.596739,5,46.911539,0.9630883720718388,0.040000000000000036,True
6.068312,4,46.920445,0.9578846755140157,0.03200000000000003,True
5.635968,4,46.930481,0.9636177462101683,0.03200000000000003,True
5.947329,4,46.940953,0.9644452776780373,0.03200000000000003,True
5.553575,4,47.536202,0.9624207553122519,0.03200000000000003,True
5.824125,4,47.546274,0.9613047196463183,0.03200000000000003,True
5.525338,4,47.55675,0.9582348853149971,0.03200000000000003,True
5.550002,5,47.568711,0.9616257936275374,0.040000000000000036,True
5.966965,4,47.579611,0.9634545289999953,0.03200000000000003,True
5.703967,5,47.593243,0.9597414998144294,0.040000000000000036,True
5.669159,4,47.602936,0.9654349838776113,0.03200000000000003,True
5.37572,4,47.612376,0.9607042558141803,0.03200000000000003,True
5.883634,4,47.622126,0.9647179529007732,0.03200000000000003,True
5.610389,5,47.634916,0.9615497980755436,0.040000000000000036,True
5.835842,5,47.64588,0.9641495035220697,0.040000000000000036,True
5.84145,5,47.65674,0.9620198979006922,0.040000000000000036,True
5.694276,3,47.663718,0.9588901683651847,0.02400000000000002,True
5.773151,4,47.673628,0.9565126214029147,0.03200000000000003,True
5.517242,5,47.685187,0.9609626828612409,0.040000000000000036,True
5.646939,5,47.696682,0.9594855541267772,0.040000000000000036,True
5.728838,3,47.7043,0.9597174344439452,0.02400000000000002,True
6.044378,5,47.714981,0.9633677076569591,0.040000000000000036,True
5.662607,5,47.726913,0.9615107393777197,0.040000000000000036,True
5.807411,4,47.736605,0.961427410032199,0.03200000000000003,True
5.83221,5,47.747958,0.9608324844778351,0.040000000000000036,True
5.678773,4,47.757617,0.9602218869546706,0.03200000000000003,True
5.492295,3,47.765867,0.9612763392402468,0.02400000000000002,True
5.799988,3,47.772357,0.9583123687319514,0.02400000000000002,True
5.831054,3,47.781788,0.957756850209493,0.02400000000000002,True
5.559738,5,47.793236,0.9590633310700598,0.040000000000000036,True
5.711805,4,47.801939,0.9615139335379452,0.03200000000000003,True
5.826299,5,47.813971,0.9634759422301432,0.040000000000000036,True
5.703466,4,47.82355,0.964809157795521,0.03200000000000003,True
5.743462,4,47.83298,0.9628329408031695,0.03200000000000003,True
5.847752,4,47.842888,0.9584901107014812,0.03200000000000003,True
5.713441,4,47.851636,0.9596856915904963,0.03200000000000003,True
5.75291,4,47.862127,0.960068211268795,0.03200000000000003,True
5.647586,5,47.873175,0.9574050567869425,0.040000000000000036,True
5.560031,4,47.883579,0.9614382193380235,0.03200000000000003,True
5.695941,4,47.893977,0.9618155248927456,0.03200000000000003,True
5.733741,4,47.903929,0.9598106342316692,0.03200000000000003,True
5.763701,5,47.914953,0.9597311727440748,0.040000000000000036,True
5.846017,4,47.924378,0.9604487088118104,0.03200000000000003,True
5.690799,3,47.932298,0.9595179302549415,0.02400000000000002,True
5.601445,3,47.939665,0.9600791843725874,0.02400000000000002,True
6.064788,4,47.948987,0.9638868063971049,0.03200000000000003,True
5.401401,3,47.956955,0.9601097817861116,0.02400000000000002,True
5.617347,4,47.96641,0.9575653408855218,0.03200000000000003,True
5.773814,4,47.975712,0.9653312341264652,0.03200000000000003,True
5.750268,4,47.985759,0.9648428692509537,0.03200000000000003,True
5.783598,4,47.994997,0.9639649517514581,0.03200000000000003,True
5.862114,4,48.00433,0.9572312953047855,0.03200000000000003,True
5.621835,3,48.010638,0.961223228293382,0.02400000000000002,True
5.568828,3,48.018229,0.9597987843548883,0.02400000000000002,True
5.792341,4,48.027416,0.9654631849216866,0.03200000000000003,True
5.709715,4,48.037169,0.9650678158403955,0.03200000000000003,True
5.830839,5,48.049865,0.9624833992751065,0.040000000000000036,True
5.837758,5,48.06189,0.9611539680211638,0.040000000000000036,True
5.709898,3,48.069848,0.9614327868820283,0.02400000000000002,True
5.770503,5,48.082077,0.9603668521657276,0.040000000000000036,True
5.477145,4,48.091359,0.9610241285454221,0.03200000000000003,True
5.748676,3,48.098705,0.9602238822029605,0.02400000000000002,True
5.419967,4,48.108885,0.9626049119692084,0.03200000000000003,True
5.477172,3,48.115882,0.9627697124421144,0.02400000000000002,True
5.642014,4,48.124947,0.9567473830286299,0.03200000000000003,True
5.819161,5,48.137673,0.9641283409313172,0.040000000000000036,True
5.429741,4,48.146763,0.9621767474138803,0.03200000000000003,True
5.617723,4,48.698931,0.9600470104147727,0.03200000000000003,True
5.648162,3,48.706758,0.9597800855729604,0.02400000000000002,True
5.790298,4,48.716479,0.9616253696503743,0.03200000000000003,True
5.729318,3,48.723742,0.9569876628754088,0.02400000000000002,True
5.607567,4,48.734422,0.9648168874949152,0.03200000000000003,True
5.429126,4,48.744234,0.9587755923688728,0.03200000000000003,True
5.837482,5,48.755103,0.9612952764911539,0.040000000000000036,True
6.111825,4,48.764746,0.9601802133499141,0.03200000000000003,True
5.930913,3,48.771721,0.96191932254717,0.02400000000000002,True
5.413638,4,48.781623,0.9607290896679382,0.03200000000000003,True
5.462546,3,48.789728,0.9609244564052704,0.02400000000000002,True
5.659213,3,48.796471,0.961573310284031,0.02400000000000002,True
5.83232,4,48.806157,0.9625761747515258,0.03200000000000003,True
5.670274,5,48.817896,0.9575006121717851,0.040000000000000036,True
5.459139,3,48.824924,0.9578590027646119,0.02400000000000002,True
5.495194,3,48.831774,0.9564617588200918,0.02400000000000002,True
5.652255,4,48.841712,0.9650802285105431,0.03200000000000003,True
5.383029,4,48.850779,0.9588457995921177,0.03200000000000003,True
5.334811,4,48.859702,0.9647813221750046,0.03200000000000003,True
5.598082,5,48.871839,0.9649780356985592,0.040000000000000036,True
5.796391,5,48.88419,0.9643980872041638,0.040000000000000036,True
5.604657,4,48.893619,0.967234965037225,0.03200000000000003,True
5.830514,4,48.902956,0.9614423126802674,0.03200000000000003,True
5.809391,4,48.911927,0.9609652136451896,0.03200000000000003,True
5.675721,3,48.919451,0.9596338047328219,0.02400000000000002,True
5.730091,4,48.928438,0.9599837394517541,0.03200000000000003,True
5.80195,4,48.937315,0.9670072906536289,0.03200000000000003,True
5.597108,4,48.946795,0.960138499684539,0.03200000000000003,True
5.701146,4,48.955081,0.9678012572830881,0.03200000000000003,True
5.870317,4,48.964976,0.9661940975307077,0.03200000000000003,True
5.458956,3,48.972258,0.9641692584992022,0.02400000000000002,True
5.627652,4,48.983311,0.9590831621935234,0.03200000000000003,True
5.494909,4,48.993246,0.9632140564285202,0.03200000000000003,True
5.649568,4,49.003035,0.9649273699801826,0.03200000000000003,True
5.651254,3,49.010865,0.9632510697578538,0.02400000000000002,True
5.669505,4,49.021299,0.9589807541857162,0.03200000000000003,True
5.469818,3,49.028563,0.9642445499165848,0.02400000000000002,True
5.449125,3,49.035442,0.9599683620400529,0.02400000000000002,True
5.862473,4,49.047734,0.9570810012324837,0.03200000000000003,True
5.514206,4,49.058519,0.959932324910278,0.03200000000000003,True
5.872422,4,49.067876,0.9576821685666475,0.03200000000000003,True
5.657551,3,49.075756,0.9600113763541894,0.02400000000000002,True
5.659667,5,49.08851,0.9626097667376314,0.040000000000000036,True
6.079636,4,49.099035,0.9639410252198308,0.03200000000000003,True
5.503684,4,49.10893,0.9632083478593878,0.03200000000000003,True
5.988774,4,49.119031,0.961400149919717,0.03200000000000003,True
5.753036,4,49.129382,0.9615164994185927,0.03200000000000003,True
5.52651,4,49.139169,0.9620742634372906,0.03200000000000003,True
5.716375,3,49.14742,0.9625307043762152,0.02400000000000002,True
5.750815,4,49.157348,0.9597465318012877,0.03200000000000003,True
5.67701,5,49.168392,0.9588257734324631,0.040000000000000036,True
5.604639,4,49.177704,0.9647467720735107,0.03200000000000003,True
5.77887,3,49.184003,0.9599298674445166,0.02400000000000002,True
5.788594,4,49.194343,0.9646290047854337,0.03200000000000003,True
5.798115,4,49.203493,0.9627588397347264,0.03200000000000003,True
5.473417,3,49.209345,0.9601280302990158,0.02400000000000002,True
5.597234,4,49.219913,0.9567741377827172,0.03200000000000003,True
5.587771,3,49.226593,0.9614255420925067,0.02400000000000002,True
5.598238,4,49.236722,0.9594203145742342,0.03200000000000003,True
5.526718,4,49.245738,0.9596221334194397,0.03200000000000003,True
5.472087,4,49.255272,0.9637764000331658,0.03200000000000003,True
5.593467,5,49.267297,0.9588390070833861,0.040000000000000036,True
5.452351,3,49.274443,0.9659006818001249,0.02400000000000002,True
5.697726,5,49.286283,0.9589480429458647,0.040000000000000036,True
5.57637,3,49.292397,0.9606624374906392,0.02400000000000002,True
5.883145,4,49.30172,0.9595489152529426,0.03200000000000003,True
5.664521,4,49.311116,0.9650367684974872,0.03200000000000003,True
5.832406,4,49.901639,0.9606966578159382,0.03200000000000003,True
5.647729,4,49.911094,0.9659279275119784,0.03200000000000003,True
5.820551,5,49.922872,0.9643623858129671,0.040000000000000036,True
5.888446,4,50.006597,0.9598981295963362,0.03200000000000003,True
5.51778,4,50.01689,0.9655368059349833,0.03200000000000003,True
5.625774,5,50.028398,0.9605973902573774,0.040000000000000036,True
5.469008,4,50.037806,0.962264151289917,0.03200000000000003,True
5.691451,4,50.048228,0.9636190216981726,0.03200000000000003,True
5.860319,5,50.061831,0.9625028928081576,0.040000000000000036,True
5.489876,4,50.072277,0.9571283666615054,0.03200000000000003,True
5.656513,3,50.079993,0.9652780636563363,0.02400000000000002,True
5.808519,4,50.089135,0.9595521433715475,0.03200000000000003,True
5.861604,5,50.100241,0.9634506947684776,0.040000000000000036,True
5.806688,4,50.109596,0.960517956178287,0.03200000000000003,True
5.529857,5,50.123318,0.9633305152811479,0.040000000000000036,True
5.790956,4,50.132551,0.9600563647247717,0.03200000000000003,True
5.533767,4,50.142486,0.9613554737368367,0.03200000000000003,True
5.592152,4,50.151997,0.9632458597592185,0.03200000000000003,True
5.569859,2,50.156546,0.9593448094680732,0.016000000000000014,True
5.807259,4,50.165784,0.9646362108683019,0.03200000000000003,True
5.795442,3,50.174003,0.9616211421606641,0.02400000000000002,True
5.682727,3,50.180887,0.9655413165411196,0.02400000000000002,True
5.617391,5,50.192423,0.9614813819566091,0.040000000000000036,True
5.813177,4,50.203213,0.9664323022749864,0.03200000000000003,True
5.577639,3,50.210675,0.9629541538943764,0.02400000000000002,True
5.642159,3,50.21798,0.959174385168296,0.02400000000000002,True
5.669231,3,50.224569,0.9602747117048851,0.02400000000000002,True
6.120851,4,50.234506,0.9611723346481104,0.03200000000000003,True
5.704515,4,50.243708,0.9625777418973109,0.03200000000000003,True
5.712535,4,50.253099,0.9599418572709383,0.03200000000000003,True
5.575471,4,50.262907,0.9639854264667547,0.03200000000000003,True
5.484386,4,50.275722,0.9606846459212366,0.03200000000000003,True
5.628658,4,50.285825,0.9630737537194684,0.03200000000000003,True
5.515987,3,50.291882,0.9592642776335424,0.02400000000000002,True
5.773002,4,50.301413,0.9633464345005704,0.03200000000000003,True
6.068496,5,50.312584,0.9622194582596273,0.040000000000000036,True
5.682192,3,50.31929,0.963114342010721,0.02400000000000002,True
5.845485,4,50.328436,0.9595259815768042,0.03200000000000003,True
5.783324,4,50.338478,0.9609489904965296,0.03200000000000003,True
5.578154,4,50.347899,0.9642434528639187,0.03200000000000003,True
5.793622,4,50.357477,0.9598703810359868,0.03200000000000003,True
5.543289,3,50.365477,0.9641238272024593,0.02400000000000002,True
5.417838,3,50.373564,0.9593316126975778,0.02400000000000002,True
5.985051,4,50.383504,0.9591429437362922,0.03200000000000003,True
5.464692,3,50.390795,0.9606700152762362,0.02400000000000002,True
5.934621,5,50.401911,0.9649373475451577,0.040000000000000036,True
5.701099,4,50.411577,0.9640241308259566,0.03200000000000003,True
5.580586,3,50.419031,0.9566047470663477,0.02400000000000002,True
5.61827,5,50.432368,0.9588556944859299,0.040000000000000036,True
5.916679,3,50.441889,0.9594300143172609,0.02400000000000002,True
5.483436,5,50.45438,0.959374834445658,0.040000000000000036,True
6.053672,4,50.463956,0.9617607509676362,0.03200000000000003,True
6.011281,4,50.473451,0.9606574582941768,0.03200000000000003,True
5.547834,4,50.483282,0.9587233385361112,0.03200000000000003,True
5.597618,4,50.492791,0.9595766116782976,0.03200000000000003,True
5.550356,4,50.503235,0.9572110269887376,0.03200000000000003,True
5.543787,5,50.519816,0.9587823616448155,0.040000000000000036,True
5.957635,4,50.533465,0.9655173625189659,0.03200000000000003,True
5.738773,5,50.548243,0.9576217493215348,0.040000000000000036,True
5.756938,4,50.55689,0.964003716592243,0.03200000000000003,True
5.774676,4,50.565932,0.9609284921463042,0.03200000000000003,True
5.816558,4,50.57659,0.9612502959475668,0.03200000000000003,True
5.598185,4,50.585726,0.9587981174538023,0.03200000000000003,True
5.678684,3,50.597232,0.9590654807928614,0.02400000000000002,True
5.655533,3,50.605973,0.9600175982510614,0.02400000000000002,True
5.526458,4,51.135495,0.9561635210084605,0.03200000000000003,True
5.662602,4,51.144307,0.9674504205679177,0.03200000000000003,True
5.773845,4,51.153876,0.958865939930312,0.03200000000000003,True
5.808332,3,51.1612,0.9619337294827757,0.02400000000000002,True
5.647873,3,51.167934,0.960331088171378,0.02400000000000002,True
5.826787,3,51.175858,0.9637403720891207,0.02400000000000002,True
5.493056,3,51.183734,0.9610779321263536,0.02400000000000002,True
5.660424,4,51.193573,0.9608235150846174,0.03200000000000003,True
5.897368,4,51.202744,0.9608122038509257,0.03200000000000003,True
5.798976,4,51.210317,0.9611228403767136,0.03200000000000003,True
5.566349,4,51.220944,0.9603695612809144,0.03200000000000003,True
5.85517,5,51.232101,0.9634221297897503,0.040000000000000036,True
5.560959,3,51.239487,0.9577020409385528,0.02400000000000002,True
5.58877,5,51.250777,0.9633871910049766,0.040000000000000036,True
5.599356,3,51.257738,0.9594009553415104,0.02400000000000002,True
5.798252,4,51.267669,0.9569682385197911,0.03200000000000003,True
5.598255,3,51.275972,0.9629527808598786,0.02400000000000002,True
5.576017,4,51.285977,0.9587461601286451,0.03200000000000003,True
5.848547,4,51.296353,0.9607809120327186,0.03200000000000003,True
5.693209,4,51.304811,0.9584370067677207,0.03200000000000003,True
5.799757,5,51.316716,0.9626262037562097,0.040000000000000036,True
5.850119,4,51.326399,0.962461361447259,0.03200000000000003,True
5.622972,3,51.333285,0.9632024120110368,0.02400000000000002,True
5.933547,4,51.342371,0.9619006609760326,0.03200000000000003,True
6.059073,4,51.351926,0.9594184383980411,0.03200000000000003,True
5.633547,3,51.359692,0.9639696158152525,0.02400000000000002,True
5.788887,5,51.373689,0.9660302569357423,0.040000000000000036,True
5.751403,3,51.383412,0.961845477429986,0.02400000000000002,True
5.597984,4,51.392981,0.9571750087217975,0.03200000000000003,True
5.42851,3,51.400908,0.9597569950424086,0.02400000000000002,True
5.763304,3,51.408619,0.9655132148224219,0.02400000000000002,True
5.973587,3,51.415768,0.9614997362113719,0.02400000000000002,True
5.743631,4,51.425147,0.9611478679875971,0.03200000000000003,True
5.73723,4,51.43464,0.9595681393419799,0.03200000000000003,True
5.453536,4,51.445732,0.9606438727466091,0.03200000000000003,True
5.764387,4,51.455453,0.9637784083347776,0.03200000000000003,True
5.934655,4,51.465334,0.9616336263533887,0.03200000000000003,True
5.531371,3,51.473276,0.9632702236521171,0.02400000000000002,True
5.87453,5,51.484988,0.9610375514405705,0.040000000000000036,True
5.424429,3,51.492207,0.9599995268176087,0.02400000000000002,True
5.753706,4,51.501642,0.9579227004837767,0.03200000000000003,True
5.694816,3,51.509423,0.9607519130774361,0.02400000000000002,True
5.425488,3,51.516831,0.9610542573788287,0.02400000000000002,True
5.724209,4,51.526833,0.9571141968006005,0.03200000000000003,True
5.511019,3,51.534323,0.959413948433153,0.02400000000000002,True
5.846997,4,51.545739,0.9592559518258613,0.03200000000000003,True
5.607441,4,51.561102,0.9598437112114016,0.03200000000000003,True
5.825654,4,51.575164,0.9613478163225753,0.03200000000000003,True
5.919385,4,51.588471,0.9633691296764664,0.03200000000000003,True
5.692658,4,51.598533,0.9645256852845603,0.03200000000000003,True
5.784424,4,51.607907,0.959015109887777,0.03200000000000003,True
5.797111,4,51.618527,0.9597805031414599,0.03200000000000003,True
5.376288,2,51.622879,0.957992810790435,0.016000000000000014,True
5.384617,3,51.630483,0.965830088758696,0.02400000000000002,True
5.96776,4,51.64221,0.9599548155347071,0.03200000000000003,True
5.427478,3,51.649144,0.9603939567065198,0.02400000000000002,True
5.469296,4,51.658701,0.9625055267114851,0.03200000000000003,True
5.867575,3,51.665781,0.9645886005034101,0.02400000000000002,True
5.554023,3,51.673236,0.9588062584768731,0.02400000000000002,True
5.654997,4,51.683775,0.9575738478230598,0.03200000000000003,True
5.770162,5,51.695797,0.9664131148840189,0.040000000000000036,True
5.701458,5,51.707661,0.9614286121222329,0.040000000000000036,True
5.599239,4,51.717289,0.9608301048903307,0.03200000000000003,True
5.859291,3,51.724203,0.9562684189054347,0.02400000000000002,True
5.494062,5,51.735022,0.9623107191724953,0.040000000000000036,True
5.571794,4,51.744359,0.9645146372544703,0.03200000000000003,True
5.693389,3,51.752174,0.9619474704455159,0.02400000000000002,True
5.76576,4,51.762255,0.959371434468503,0.03200000000000003,True
5.661913,5,52.290889,0.959238598953184,0.040000000000000036,True
5.823833,3,52.297983,0.9609672028784836,0.02400000000000002,True
5.576993,4,52.307407,0.962380658800814,0.03200000000000003,True
5.547061,4,52.317347,0.9579601651906956,0.03200000000000003,True
5.477959,3,52.324362,0.9666279812214785,0.02400000000000002,True
5.837815,4,52.334416,0.9592680780958518,0.03200000000000003,True
5.811738,4,52.343895,0.9600923423500987,0.03200000000000003,True
5.746233,4,52.353103,0.9600490402722408,0.03200000000000003,True
5.433139,4,52.362817,0.962715095187944,0.03200000000000003,True
5.796078,3,52.371787,0.9647093288552587,0.02400000000000002,True
5.768215,5,52.385714,0.9643413081093206,0.040000000000000036,True
5.703665,4,52.394701,0.9652528703121068,0.03200000000000003,True
5.658268,4,52.403804,0.9656203458231655,0.03200000000000003,True
5.864559,3,52.412464,0.9588591670847617,0.02400000000000002,True
5.602582,4,52.422873,0.9634994300950411,0.03200000000000003,True
5.72358,3,52.431786,0.9630570071248333,0.02400000000000002,True
5.659661,5,52.445219,0.9584638420225063,0.040000000000000036,True
5.671445,5,52.458566,0.9571638943914123,0.040000000000000036,True
5.582384,3,52.467619,0.9616151439525291,0.02400000000000002,True
5.749584,4,52.478673,0.9673319780612779,0.03200000000000003,True
5.764287,4,52.489659,0.9633884316625646,0.03200000000000003,True
5.665306,3,52.497863,0.9584190926721523,0.02400000000000002,True
5.903745,5,52.510834,0.9589253220334557,0.040000000000000036,True
5.951691,3,52.52017,0.957402325771063,0.02400000000000002,True
5.715498,4,52.531329,0.957097058687305,0.03200000000000003,True
5.590241,4,52.542915,0.9600880433067125,0.03200000000000003,True
5.496753,5,52.556348,0.9565633009112183,0.040000000000000036,True
5.689414,5,52.570668,0.9616235553973833,0.040000000000000036,True
6.024473,4,52.580519,0.9613917536825202,0.03200000000000003,True
5.70269,4,52.595713,0.9593487082734571,0.03200000000000003,True
5.478506,3,52.607195,0.9585206063230576,0.02400000000000002,True
5.50705,3,52.618818,0.9663452894149794,0.02400000000000002,True
5.970348,3,52.626887,0.9636385171409492,0.02400000000000002,True
5.475675,3,52.633485,0.9616524985172519,0.02400000000000002,True
6.11145,5,52.646523,0.9598321700425194,0.040000000000000036,True
5.878205,4,52.655893,0.9610227113800178,0.03200000000000003,True
5.574525,5,52.666744,0.9601842028121914,0.040000000000000036,True
5.739624,3,52.673101,0.9635226125746024,0.02400000000000002,True
5.948859,3,52.682417,0.959068176194775,0.02400000000000002,True
6.059024,5,52.694179,0.95830378957982,0.040000000000000036,True
5.753628,4,52.70281,0.9625169655432088,0.03200000000000003,True
5.55825,4,52.711582,0.9629545538886934,0.03200000000000003,True
5.707405,4,52.720041,0.957315277608181,0.03200000000000003,True
5.737335,4,52.729822,0.9621803369472246,0.03200000000000003,True
5.593358,4,52.738872,0.9607592200506538,0.03200000000000003,True
5.788825,4,52.74896,0.9602838052897493,0.03200000000000003,True
5.72139,4,52.759099,0.9643160004229292,0.03200000000000003,True
5.803647,4,52.769107,0.9616496119161682,0.03200000000000003,True
5.715391,4,52.778548,0.9612503697294716,0.03200000000000003,True
5.605137,4,52.78804,0.9566094379650045,0.03200000000000003,True
5.636213,3,52.794441,0.9590992930825754,0.02400000000000002,True
5.736307,4,52.80519,0.959521078110873,0.03200000000000003,True
5.813501,4,52.81628,0.9663310714136487,0.03200000000000003,True
5.809667,4,52.826274,0.9620109000094872,0.03200000000000003,True
5.757109,4,52.834705,0.9618640497772941,0.03200000000000003,True
5.965059,5,52.846818,0.9607241588882146,0.040000000000000036,True
5.47531,4,52.85603,0.9635426033167872,0.03200000000000003,True
5.747202,5,52.866699,0.9629685962372665,0.040000000000000036,True
5.531283,4,52.876055,0.9576836229368482,0.03200000000000003,True
5.709594,3,52.883543,0.9632902096020438,0.02400000000000002,True
5.50487,3,52.891484,0.9625502270177009,0.02400000000000002,True
5.624554,4,52.901721,0.9596712029544432,0.03200000000000003,True
5.457903,4,52.911431,0.9568492907118811,0.03200000000000003,True
5.845942,5,52.923461,0.9610717081342204,0.040000000000000036,True
6.000832,4,52.933583,0.9589231252532318,0.03200000000000003,True
5.643482,4,53.662652,0.9611904149989605,0.03200000000000003,True
5.785596,4,53.687854,0.9608450052247102,0.03200000000000003,True
5.934818,3,53.699633,0.9594318975410039,0.02400000000000002,True
5.801915,4,53.713912,0.9579522805579839,0.03200000000000003,True
5.563014,4,53.725452,0.9622235873986211,0.03200000000000003,True
5.367867,3,53.73415,0.9623831756450669,0.02400000000000002,True
5.571627,4,53.745248,0.9616305725548064,0.03200000000000003,True
5.70951,3,53.753979,0.9584198188482729,0.02400000000000002,True
5.563369,3,53.763793,0.9586183395345584,0.02400000000000002,True
5.811692,5,53.778181,0.9605217489984912,0.040000000000000036,True
5.546041,4,53.790149,0.9593308071116073,0.03200000000000003,True
5.53423,3,53.800038,0.9618958030849325,0.02400000000000002,True
5.769211,4,53.811886,0.9666639042533921,0.03200000000000003,True
5.633588,4,53.825899,0.9611256739715617,0.03200000000000003,True
5.584204,4,53.838239,0.9596549029489414,0.03200000000000003,True
5.69281,3,53.84955,0.9597900583201243,0.02400000000000002,True
5.591129,5,53.868791,0.9608482577757246,0.040000000000000036,True
5.508623,4,53.882472,0.9610385736316124,0.03200000000000003,True
5.601165,4,53.894164,0.9596404593378145,0.03200000000000003,True
5.769702,4,53.906122,0.9606517372665474,0.03200000000000003,True
5.85132,4,53.91864,0.9611342823039297,0.03200000000000003,True
5.605007,3,53.928652,0.9595913811187375,0.02400000000000002,True
5.848686,4,53.939447,0.958257802074904,0.03200000000000003,True
5.489979,3,53.948472,0.9567643043800116,0.02400000000000002,True
5.635013,4,53.960948,0.9589866028533274,0.03200000000000003,True
6.05195,4,53.973771,0.9576127000043622,0.03200000000000003,True
5.829592,5,53.988666,0.9584159463006667,0.040000000000000036,True
5.730246,5,54.004609,0.9638776510440242,0.040000000000000036,True
5.637993,4,54.016957,0.9588157530689241,0.03200000000000003,True
5.564124,3,54.026057,0.9575123201645782,0.02400000000000002,True
5.749337,4,54.038597,0.9571176756948994,0.03200000000000003,True
5.719624,3,54.048369,0.9597091351138539,0.02400000000000002,True
5.57833,4,54.06096,0.9616383470571555,0.03200000000000003,True
5.581875,3,54.070456,0.9628617880605399,0.02400000000000002,True
5.700524,4,54.083612,0.9650396063413482,0.03200000000000003,True
5.498186,3,54.092402,0.9588451478085342,0.02400000000000002,True
5.603229,5,54.107375,0.9616772147703727,0.040000000000000036,True
5.687973,5,54.122101,0.964921461366044,0.040000000000000036,True
5.670686,3,54.130363,0.9621611902845687,0.02400000000000002,True
5.749588,3,54.139265,0.9595944115115371,0.02400000000000002,True
5.831359,5,54.154426,0.9625894463306897,0.040000000000000036,True
5.553883,4,54.166482,0.9581991925706642,0.03200000000000003,True
5.594398,3,54.176559,0.9579887245462673,0.02400000000000002,True
5.549247,5,54.191272,0.9591141900977128,0.040000000000000036,True
5.58146,4,54.203779,0.9574562845814876,0.03200000000000003,True
5.591547,3,54.213231,0.9616833468115027,0.02400000000000002,True
5.775754,4,54.226058,0.9628701290356548,0.03200000000000003,True
5.757129,4,54.239805,0.9624425274461462,0.03200000000000003,True
5.596087,2,54.245396,0.9589699913218324,0.016000000000000014,True
5.801961,5,54.260938,0.9671638255591744,0.040000000000000036,True
5.401333,3,54.270229,0.9602232740018366,0.02400000000000002,True
5.79427,5,54.293384,0.9646764324067634,0.040000000000000036,True
5.551006,5,54.30821,0.963129739049023,0.040000000000000036,True
5.909241,4,54.320714,0.9611899396648926,0.03200000000000003,True
5.746455,4,54.333344,0.9595140470712304,0.03200000000000003,True
5.790727,4,54.345597,0.9576331767028131,0.03200000000000003,True
5.596343,4,54.357717,0.9566561993254912,0.03200000000000003,True
5.624604,4,54.370036,0.9594223124537159,0.03200000000000003,True
5.799778,4,54.383266,0.962564547389988,0.03200000000000003,True
5.772473,5,54.398723,0.9618143311774516,0.040000000000000036,True
5.658695,3,54.408212,0.9614671883359369,0.02400000000000002,True
5.589806,5,54.425506,0.9610925418995158,0.040000000000000036,True
5.830113,4,54.438543,0.960698725078603,0.03200000000000003,True
5.745622,3,54.447933,0.9613589159980256,0.02400000000000002,True
5.634707,4,54.462891,0.9647813263182683,0.03200000000000003,True
5.543253,5,54.478733,0.9656663200041637,0.040000000000000036,True
5.772386,5,55.23689,0.9589134959957493,0.040000000000000036,True
5.7462,4,55.248608,0.9611521607500124,0.03200000000000003,True
5.807313,4,55.260799,0.9643581108537369,0.03200000000000003,True
6.018447,3,55.270019,0.9629494648051797,0.02400000000000002,True
5.666431,3,55.278819,0.963082414201315,0.02400000000000002,True
5.707138,4,55.291283,0.9589442236065921,0.03200000000000003,True
5.970864,4,55.302841,0.9599336863151886,0.03200000000000003,True
5.646124,4,55.314225,0.9586132259054564,0.03200000000000003,True
5.572597,3,55.3239,0.9583819354920392,0.02400000000000002,True
5.713528,3,55.331806,0.9614853752822186,0.02400000000000002,True
5.642318,4,55.343993,0.9620035479377969,0.03200000000000003,True
5.453562,3,55.352608,0.9589907569803018,0.02400000000000002,True
5.815669,4,55.363365,0.9626428618609907,0.03200000000000003,True
5.851836,4,55.375285,0.9599283540053581,0.03200000000000003,True
5.823373,4,55.386442,0.9596702452795481,0.03200000000000003,True
5.569989,4,55.398438,0.9609482175008683,0.03200000000000003,True
5.77972,4,55.409731,0.9559355952247699,0.03200000000000003,True
5.54475,4,55.421383,0.9632391246674231,0.03200000000000003,True
5.738306,3,55.430832,0.9599663633790358,0.02400000000000002,True
5.525483,3,55.439511,0.9569550877834632,0.02400000000000002,True
5.806481,4,55.451805,0.9631678369602705,0.03200000000000003,True
5.770961,4,55.462627,0.960750914347432,0.03200000000000003,True
5.967582,5,55.477554,0.9587185875635216,0.040000000000000036,True
5.691417,3,55.487717,0.959423937157929,0.02400000000000002,True
5.797993,4,55.499238,0.9610493024852769,0.03200000000000003,True
5.546932,3,55.507194,0.9571092594412667,0.02400000000000002,True
5.55913,3,55.518323,0.9612332168064915,0.02400000000000002,True
5.835342,4,55.530372,0.9592569732297653,0.03200000000000003,True
5.57214,4,55.542855,0.96761575264488,0.03200000000000003,True
5.658128,5,55.557018,0.9653117779447912,0.040000000000000036,True
5.559781,3,55.567314,0.9600346302811831,0.02400000000000002,True
5.506471,3,55.577699,0.9592872179771876,0.02400000000000002,True
5.55327,4,55.587874,0.9613592311574142,0.03200000000000003,True
5.81788,4,55.602183,0.9608507478591668,0.03200000000000003,True
5.957781,4,55.615814,0.9616006346665896,0.03200000000000003,True
5.498585,4,55.629246,0.9617776390116924,0.03200000000000003,True
5.518991,4,55.641427,0.9595774331315478,0.03200000000000003,True
5.526355,4,55.653104,0.9591916129260949,0.03200000000000003,True
5.400986,3,55.662052,0.9602184573338286,0.02400000000000002,True
5.73066,4,55.673984,0.9597596890275975,0.03200000000000003,True
5.460374,3,55.683144,0.9591511516499196,0.02400000000000002,True
5.667365,3,55.691936,0.9636228536553627,0.02400000000000002,True
5.707748,4,55.704164,0.9631361172328559,0.03200000000000003,True
5.710144,4,55.716209,0.9573952807737534,0.03200000000000003,True
5.666609,5,55.732492,0.9644357091089635,0.040000000000000036,True
5.479054,3,55.74195,0.9602202091527173,0.02400000000000002,True
5.586608,3,55.751647,0.9631921665043649,0.02400000000000002,True
6.032489,4,55.76374,0.9600434222678049,0.03200000000000003,True
5.801462,4,55.778319,0.9598363522229738,0.03200000000000003,True
5.560988,5,55.793743,0.9666866217152155,0.040000000000000036,True
5.576815,4,55.80776,0.958163577776074,0.03200000000000003,True
5.878971,4,55.820987,0.9583530816193693,0.03200000000000003,True
5.771739,4,55.833325,0.9610603761859451,0.03200000000000003,True
5.820852,3,55.845765,0.9583127561135317,0.02400000000000002,True
5.41489,3,55.857721,0.9606715666889343,0.02400000000000002,True
5.636564,4,55.874459,0.9612091065758337,0.03200000000000003,True
5.809231,3,55.883696,0.9599488915217416,0.02400000000000002,True
5.603899,4,55.895571,0.9631882581970288,0.03200000000000003,True
5.681478,3,55.904873,0.9610654794686471,0.02400000000000002,True
5.644465,4,55.917614,0.9613920042100037,0.03200000000000003,True
5.43477,2,55.923838,0.9606452017821376,0.016000000000000014,True
5.764951,4,55.935903,0.9652964066194862,0.03200000000000003,True
5.524802,4,55.948454,0.965573000794581,0.03200000000000003,True
5.668016,4,55.96193,0.9638113810512288,0.03200000000000003,True
5.725388,3,55.97172,0.9608535075963169,0.02400000000000002,True
5.571748,4,56.078241,0.9619496750219672,0.03200000000000003,True
5.525184,4,56.090312,0.9622990151423921,0.03200000000000003,True
5.502596,3,56.100134,0.9630235425139969,0.02400000000000002,True
5.602308,3,56.10899,0.9617476472702148,0.02400000000000002,True
5.934555,3,56.117788,0.9654980403598858,0.02400000000000002,True
5.760107,3,56.830895,0.9632224387517629,0.02400000000000002,True
5.531557,4,56.843218,0.9579939395453356,0.03200000000000003,True
5.616742,3,56.854073,0.9592614360217836,0.02400000000000002,True
5.580526,4,56.870946,0.9618171885849034,0.03200000000000003,True
5.85838,5,56.895372,0.9627176570546416,0.040000000000000036,True
5.624726,4,56.911867,0.9595880806335721,0.03200000000000003,True
5.604372,4,56.928502,0.9631462036285918,0.03200000000000003,True
5.633266,4,56.943027,0.9583917772587307,0.03200000000000003,True
5.673731,3,56.953352,0.9597898818945818,0.02400000000000002,True
5.601368,4,56.967863,0.9617560261731544,0.03200000000000003,True
5.773935,5,56.98326,0.9586251949082137,0.040000000000000036,True
5.596777,3,56.993134,0.9602354570518066,0.02400000000000002,True
5.643762,3,57.002377,0.9602449464871932,0.02400000000000002,True
5.607795,4,57.015384,0.9619077803537084,0.03200000000000003,True
5.668673,3,57.025843,0.9594215356567097,0.02400000000000002,True
5.706471,4,57.038877,0.9628607730661993,0.03200000000000003,True
6.066033,4,57.054707,0.9571743450488766,0.03200000000000003,True
5.742383,5,57.070943,0.9685205491820061,0.040000000000000036,True
5.710266,2,57.079937,0.9607040103907858,0.016000000000000014,True
5.866468,2,57.086614,0.9619110899347315,0.016000000000000014,True
5.72026,3,57.098562,0.9610884267924812,0.02400000000000002,True
5.79398,4,57.113732,0.9632285724519467,0.03200000000000003,True
5.767496,4,57.127128,0.9645945049191016,0.03200000000000003,True
5.964703,4,57.13903,0.963831707902001,0.03200000000000003,True
5.661367,3,57.149171,0.9632494914966635,0.02400000000000002,True
5.714865,4,57.162358,0.9565995595064665,0.03200000000000003,True
5.486835,3,57.172633,0.9612357398372489,0.02400000000000002,True
5.736425,3,57.180907,0.9648684276118097,0.02400000000000002,True
5.542734,4,57.194775,0.9645411689935661,0.03200000000000003,True
5.522023,5,57.210712,0.96373130457357,0.040000000000000036,True
5.616944,2,57.217053,0.9680830528142483,0.016000000000000014,True
5.718936,4,57.234396,0.9595805775232836,0.03200000000000003,True
5.761228,3,57.245518,0.9620714564579482,0.02400000000000002,True
5.751616,4,57.260279,0.9642965242288566,0.03200000000000003,True
5.543394,4,57.276182,0.9621905421369551,0.03200000000000003,True
5.548473,3,57.29198,0.9600291740343623,0.02400000000000002,True
5.788078,4,57.309929,0.9598256411328661,0.03200000000000003,True
5.873316,4,57.330794,0.9633406444847776,0.03200000000000003,True
5.704208,4,57.350034,0.9647885465294801,0.03200000000000003,True
5.851835,5,57.373004,0.9622544010873537,0.040000000000000036,True
5.790857,5,57.39114,0.9595214602038629,0.040000000000000036,True
5.697442,4,57.406957,0.9620043248223367,0.03200000000000003,True
5.577405,5,57.422013,0.9611270551515546,0.040000000000000036,True
5.366192,3,57.433945,0.9627862873266577,0.02400000000000002,True
5.820659,4,57.44735,0.9576222636966781,0.03200000000000003,True
5.713461,5,57.464691,0.9609061382546018,0.040000000000000036,True
5.478031,3,57.477684,0.9639732883957761,0.02400000000000002,True
5.66609,5,57.49894,0.9587956441207136,0.040000000000000036,True
5.826564,4,57.521897,0.957352677345024,0.03200000000000003,True
5.872443,5,57.535939,0.9595634191850189,0.040000000000000036,True
5.373705,2,57.542492,0.9609833159962509,0.016000000000000014,True
5.479189,4,57.552162,0.9642696388399338,0.03200000000000003,True
5.603056,4,57.561172,0.959488412560705,0.03200000000000003,True
5.742332,4,57.571191,0.9612471752399263,0.03200000000000003,True
5.718512,4,57.580004,0.9651116687929131,0.03200000000000003,True
5.526073,4,57.589758,0.9632020713960763,0.03200000000000003,True
5.751144,4,57.598999,0.9620691379623029,0.03200000000000003,True
5.440192,4,57.609633,0.9590390719291045,0.03200000000000003,True
5.886926,4,57.622227,0.9630260956423436,0.03200000000000003,True
5.786239,4,57.634516,0.963242614346324,0.03200000000000003,True
5.454545,3,57.64185,0.9634449005874841,0.02400000000000002,True
5.412108,4,57.654024,0.9604079839740651,0.03200000000000003,True
5.740712,5,57.665534,0.9633786877258472,0.040000000000000036,True
5.421029,3,57.671779,0.9666415334549829,0.02400000000000002,True
5.744757,3,57.678767,0.9605221734217558,0.02400000000000002,True
5.644679,4,57.688791,0.9599958689883896,0.03200000000000003,True
5.851975,3,57.695926,0.955332294620828,0.02400000000000002,True
5.700726,4,58.23894,0.9578802789731169,0.03200000000000003,True
5.729111,4,58.248202,0.9644941192558064,0.03200000000000003,True
5.53983,4,58.258278,0.9674671412784057,0.03200000000000003,True
5.8769,2,58.26317,0.960496948197531,0.016000000000000014,True
5.897952,4,58.273011,0.9604147341623804,0.03200000000000003,True
5.522973,3,58.280928,0.9613780702409953,0.02400000000000002,True
5.696871,3,58.287601,0.9647645498507949,0.02400000000000002,True
5.75247,4,58.296959,0.9650032319239199,0.03200000000000003,True
6.042863,4,58.307015,0.961533941682047,0.03200000000000003,True
5.770413,4,58.31631,0.9636547995373765,0.03200000000000003,True
5.596169,4,58.326283,0.9585354488381079,0.03200000000000003,True
5.764283,4,58.33637,0.9588510727075625,0.03200000000000003,True
5.496827,3,58.343557,0.9596954517101524,0.02400000000000002,True
5.788433,5,58.354626,0.9670706928430977,0.040000000000000036,True
5.428782,3,58.36323,0.9628764424937257,0.02400000000000002,True
5.700783,4,58.376388,0.9623848420145351,0.03200000000000003,True
5.595519,5,58.388799,0.9609209369106059,0.040000000000000036,True
5.651388,3,58.396598,0.9619304710164547,0.02400000000000002,True
5.50526,3,58.403494,0.961780682374904,0.02400000000000002,True
5.957886,4,58.412511,0.9602825947211253,0.03200000000000003,True
5.64378,4,58.4218,0.9582653768966469,0.03200000000000003,True
5.691869,4,58.431746,0.9575006973822116,0.03200000000000003,True
5.620629,4,58.441657,0.9583536176908267,0.03200000000000003,True
5.936816,4,58.450855,0.95793289599514,0.03200000000000003,True
5.907406,5,58.461891,0.958332076190731,0.040000000000000036,True
5.626018,4,58.471029,0.9651380461679884,0.03200000000000003,True
5.823945,4,58.480285,0.9577713371574288,0.03200000000000003,True
5.611021,4,58.491929,0.9640705250865949,0.03200000000000003,True
5.793562,4,58.501743,0.9605755766737498,0.03200000000000003,True
5.429671,4,58.511014,0.9599927559446007,0.03200000000000003,True
5.686976,4,58.52073,0.9634430069402868,0.03200000000000003,True
5.730949,4,58.529032,0.9601340093909859,0.03200000000000003,True
5.483797,4,58.538961,0.9604143445135438,0.03200000000000003,True
5.525807,3,58.546704,0.9658646879490208,0.02400000000000002,True
5.589217,4,58.556046,0.9636243407285208,0.03200000000000003,True
5.600118,3,58.563112,0.9626402425764121,0.02400000000000002,True
5.710902,3,58.571474,0.9587056421291857,0.02400000000000002,True
5.486191,3,58.579136,0.9594475595879229,0.02400000000000002,True
5.944843,4,58.5885,0.9646224450599381,0.03200000000000003,True
5.577624,3,58.594867,0.964929266747857,0.02400000000000002,True
5.748934,5,58.607286,0.9672302431548149,0.040000000000000036,True
5.752276,4,58.616964,0.9598339634230887,0.03200000000000003,True
5.560203,4,58.627227,0.9601971931055939,0.03200000000000003,True
5.43016,3,58.634861,0.9614244955327053,0.02400000000000002,True
5.961654,5,58.646614,0.9661371339649445,0.040000000000000036,True
5.450972,2,58.651755,0.9634263712148414,0.016000000000000014,True
5.634972,3,58.658604,0.9581772941417701,0.02400000000000002,True
5.806464,3,58.666592,0.9580074184620639,0.02400000000000002,True
5.649727,4,58.676459,0.9634833906781628,0.03200000000000003,True
5.55337,4,58.686333,0.9598899141003538,0.03200000000000003,True
5.97611,3,58.694435,0.9637426778392431,0.02400000000000002,True
5.78376,4,58.704432,0.9596665393791839,0.03200000000000003,True
5.744178,4,58.713611,0.958953760698469,0.03200000000000003,True
5.698077,4,58.723237,0.956097583941158,0.03200000000000003,True
5.738879,3,58.730052,0.9585216722692582,0.02400000000000002,True
5.781355,5,58.742821,0.9573721633672316,0.040000000000000036,True
5.846295,4,58.752545,0.9574213808415173,0.03200000000000003,True
5.656396,3,58.760171,0.9662155023977832,0.02400000000000002,True
5.69253,3,58.767877,0.9630977803599957,0.02400000000000002,True
5.575848,4,58.777458,0.9611457991322252,0.03200000000000003,True
5.771002,5,58.788937,0.9589336059323061,0.040000000000000036,True
5.749764,3,58.796136,0.9615051987694128,0.02400000000000002,True
5.526434,3,58.803322,0.9592072034614771,0.02400000000000002,True
5.650581,3,58.810646,0.9604556870505268,0.02400000000000002,True
5.809611,4,58.820602,0.9590112503961199,0.03200000000000003,True
5.722139,3,58.828164,0.9624266185424735,0.02400000000000002,True
5.611304,3,58.836268,0.9600517468716846,0.02400000000000002,True
5.545843,3,58.845319,0.9613703557720953,0.02400000000000002,True
5.742428,4,58.856115,0.962330779852312,0.03200000000000003,True
5.82569,4,58.868439,0.9616466751679508,0.03200000000000003,True
6.022965,5,59.450734,0.9625404248769014,0.040000000000000036,True
5.777205,3,59.458538,0.9622505703837125,0.02400000000000002,True
5.756068,3,59.465966,0.9621310079809573,0.02400000000000002,True
5.440867,4,59.47579,0.9621541564234486,0.03200000000000003,True
5.523687,3,59.482419,0.9590952908512501,0.02400000000000002,True
5.870655,3,59.489551,0.9609836312146723,0.02400000000000002,True
5.608854,5,59.502567,0.9591976470439142,0.040000000000000036,True
5.488628,4,59.512648,0.9569166044829623,0.03200000000000003,True
5.630869,5,59.523891,0.9595789087250389,0.040000000000000036,True
6.038941,4,59.534166,0.9623334735410649,0.03200000000000003,True
5.743389,4,59.543691,0.965637764298024,0.03200000000000003,True
5.860541,4,59.554013,0.9627999902004468,0.03200000000000003,True
5.567898,2,59.559525,0.9554703060453164,0.016000000000000014,True
5.736981,5,59.572559,0.9651959164867666,0.040000000000000036,True
5.915321,4,59.582579,0.9590474368177395,0.03200000000000003,True
5.616441,4,59.591373,0.9632267071116786,0.03200000000000003,True
5.812886,3,59.597666,0.9616714977492239,0.02400000000000002,True
5.563534,3,59.605546,0.9574021509878106,0.02400000000000002,True
5.561268,3,59.613303,0.9612466450916234,0.02400000000000002,True
5.438377,3,59.620757,0.9621605949063723,0.02400000000000002,True
5.581161,4,59.630018,0.9587859512994824,0.03200000000000003,True
5.490326,3,59.637213,0.9619766714096335,0.02400000000000002,True
5.539807,5,59.649096,0.9596566820944457,0.040000000000000036,True
5.667398,3,59.656466,0.9606545744996104,0.02400000000000002,True
5.981863,4,59.665982,0.9621138765058854,0.03200000000000003,True
5.676257,4,59.676163,0.9628882328039166,0.03200000000000003,True
5.826926,4,59.686074,0.9632204915669992,0.03200000000000003,True
5.566782,4,59.695822,0.9633005204719671,0.03200000000000003,True
5.982074,3,59.703783,0.9624811455001127,0.02400000000000002,True
5.681517,4,59.712929,0.965661205096819,0.03200000000000003,True
5.923247,4,59.722275,0.9618608312418719,0.03200000000000003,True
5.643121,4,59.731107,0.9576497754784111,0.03200000000000003,True
5.763708,5,59.744355,0.9618420384645967,0.040000000000000036,True
5.771625,4,59.755292,0.9595674768096478,0.03200000000000003,True
5.703638,4,59.764988,0.9612113314840144,0.03200000000000003,True
5.711594,3,59.771421,0.9601955104215243,0.02400000000000002,True
5.782877,4,59.78139,0.9586792159170602,0.03200000000000003,True
5.900419,3,59.789205,0.9634178720938098,0.02400000000000002,True
6.047109,4,59.79888,0.9657392066094437,0.03200000000000003,True
5.424134,4,59.808172,0.9623959656269856,0.03200000000000003,True
5.774722,4,59.817379,0.9640900170863244,0.03200000000000003,True
5.712439,4,59.826437,0.9623054048698787,0.03200000000000003,True
5.813887,5,59.837885,0.9604578206520474,0.040000000000000036,True
5.565557,3,59.845037,0.9593515021517351,0.02400000000000002,True
5.419563,4,59.854451,0.9641682366225183,0.03200000000000003,True
5.440633,4,59.863771,0.9591175347474025,0.03200000000000003,True
5.674155,3,59.871991,0.9629457217955879,0.02400000000000002,True
5.558274,2,59.876492,0.9592109691511935,0.016000000000000014,True
5.504225,4,59.887185,0.959596843488876,0.03200000000000003,True
5.618349,5,59.899589,0.9596301424598507,0.040000000000000036,True
5.823818,4,59.909229,0.9590888216209146,0.03200000000000003,True
5.464066,4,59.918533,0.9595742085720639,0.03200000000000003,True
5.643998,4,59.928476,0.9644826688328494,0.03200000000000003,True
5.835302,4,59.937383,0.9625583768375925,0.03200000000000003,True
5.766127,4,59.94791,0.9625950258084761,0.03200000000000003,True
5.580902,4,59.957695,0.9650236862707235,0.03200000000000003,True
5.662406,5,59.970811,0.957413545017946,0.040000000000000036,True
5.663628,4,59.980356,0.9551853988645147,0.03200000000000003,True
5.985642,5,59.992762,0.9627768877868976,0.040000000000000036,True
5.605337,3,60.000672,0.9598952332418361,0.02400000000000002,True
5.891347,4,60.009898,0.9603544122031857,0.03200000000000003,True
5.560279,5,60.021215,0.9585233024386006,0.040000000000000036,True
5.537616,5,60.04255,0.9590796676124276,0.040000000000000036,True
5.910517,3,60.054919,0.9592045260559955,0.02400000000000002,True
5.679567,4,60.065956,0.9603052669691152,0.03200000000000003,True
5.529956,4,60.075499,0.9593066954921352,0.03200000000000003,True
5.808419,5,60.601111,0.9674287400318383,0.040000000000000036,True
5.975904,4,60.611687,0.9599495510920298,0.03200000000000003,True
5.808566,4,60.620616,0.9652478264599431,0.03200000000000003,True
5.878108,5,60.632379,0.9590663748632078,0.040000000000000036,True
6.02652,4,60.642376,0.9574854885355981,0.03200000000000003,True
5.591278,4,60.651653,0.9601897898491242,0.03200000000000003,True
5.569842,4,60.660953,0.9657825680487246,0.03200000000000003,True
5.75034,4,60.671649,0.961429683869081,0.03200000000000003,True
5.862756,4,60.680239,0.9612925667269576,0.03200000000000003,True
5.710113,3,60.686471,0.9600611379783792,0.02400000000000002,True
5.943036,3,60.69488,0.9593304643194458,0.02400000000000002,True
5.784503,3,60.701754,0.9666802096021152,0.02400000000000002,True
5.401373,4,60.710437,0.9621914697913563,0.03200000000000003,True
5.630558,5,60.722214,0.9615419737733499,0.040000000000000036,True
5.515446,4,60.732143,0.9595402316366266,0.03200000000000003,True
5.673786,3,60.738774,0.9634344547517433,0.02400000000000002,True
5.582102,3,60.746039,0.9606367504507525,0.02400000000000002,True
5.551287,3,60.753766,0.957058829495146,0.02400000000000002,True
5.502607,4,60.764012,0.9637760198828461,0.03200000000000003,True
5.770154,4,60.773615,0.9635377010938022,0.03200000000000003,True
5.797537,4,60.783751,0.96131860784739,0.03200000000000003,True
5.905278,4,60.792455,0.9633121108570262,0.03200000000000003,True
5.440341,4,60.802327,0.959428281549426,0.03200000000000003,True
5.676559,3,60.809111,0.9638843825984885,0.02400000000000002,True
5.75971,3,60.816854,0.959657678640538,0.02400000000000002,True
5.794493,4,60.82578,0.9591570496669084,0.03200000000000003,True
5.546171,3,60.832698,0.9591460896023786,0.02400000000000002,True
5.754229,4,60.842023,0.9660961956297945,0.03200000000000003,True
5.383418,4,60.853192,0.9600515603418724,0.03200000000000003,True
5.695277,4,60.862532,0.9586587949531552,0.03200000000000003,True
5.698309,3,60.869628,0.9587696431186838,0.02400000000000002,True
5.695649,5,60.883451,0.9567873042881319,0.040000000000000036,True
5.696582,3,60.890691,0.9616647968529042,0.02400000000000002,True
6.006422,4,60.899896,0.9639296400391375,0.03200000000000003,True
5.770091,5,60.91045,0.9609684068843984,0.040000000000000036,True
5.591013,4,60.920813,0.9608854858925664,0.03200000000000003,True
5.532307,5,60.932156,0.9656946519209616,0.040000000000000036,True
5.789957,4,60.940403,0.9626137908186243,0.03200000000000003,True
5.547581,3,60.948269,0.9629399988021985,0.02400000000000002,True
5.775465,4,60.958426,0.9634019966602849,0.03200000000000003,True
5.429967,3,60.96567,0.9599058613527751,0.02400000000000002,True
5.630641,4,60.974911,0.9591940729172324,0.03200000000000003,True
5.557948,4,60.984996,0.959946843577456,0.03200000000000003,True
5.511353,3,60.991386,0.9585757436193765,0.02400000000000002,True
5.818787,3,60.999008,0.960349893587269,0.02400000000000002,True
5.848085,4,61.008498,0.9591256659159074,0.03200000000000003,True
5.571296,3,61.015757,0.9596985117651067,0.02400000000000002,True
5.522284,3,61.023611,0.9608204789697524,0.02400000000000002,True
5.775229,4,61.033749,0.9651032452565945,0.03200000000000003,True
5.62642,3,61.041418,0.9629063672883139,0.02400000000000002,True
5.913126,3,61.048035,0.958486306517404,0.02400000000000002,True
5.786616,3,61.056123,0.9602338584115313,0.02400000000000002,True
5.679746,4,61.069111,0.9632730250344672,0.03200000000000003,True
5.529756,3,61.082236,0.9598312230418651,0.02400000000000002,True
5.787531,4,61.095736,0.9582133931851533,0.03200000000000003,True
5.610928,4,61.10411,0.9614846664632049,0.03200000000000003,True
5.817185,4,61.113219,0.9647657833309917,0.03200000000000003,True
5.575894,4,61.122428,0.9596407268186045,0.03200000000000003,True
5.492829,4,61.1315,0.9592720328344662,0.03200000000000003,True
5.824056,4,61.141447,0.9594468231280628,0.03200000000000003,True
5.539652,3,61.14755,0.9609089637544055,0.02400000000000002,True
5.47821,4,61.157017,0.9579745233178562,0.03200000000000003,True
5.875174,4,61.167321,0.9591721411478158,0.03200000000000003,True
5.758786,4,61.177152,0.9594227914066136,0.03200000000000003,True
5.79513,3,61.184189,0.9632513880501996,0.02400000000000002,True
6.030764,5,61.19739,0.9621033926379498,0.040000000000000036,True
5.629681,3,61.205561,0.9635241725412316,0.02400000000000002,True
6.111693,4,61.216495,0.9625237822162591,0.03200000000000003,True
5.574717,4,61.735648,0.9641262190024842,0.03200000000000003,True
5.501304,3,61.743775,0.961346786759812,0.02400000000000002,True
5.891597,3,61.750448,0.9603165280856607,0.02400000000000002,True
5.753482,3,61.75677,0.9580241031827164,0.02400000000000002,True
5.559577,4,61.765989,0.9589531968874474,0.03200000000000003,True
5.546947,3,61.773755,0.9622719147275061,0.02400000000000002,True
5.820996,5,61.784978,0.9660505516625527,0.040000000000000036,True
5.699593,4,61.794227,0.9574336039585201,0.03200000000000003,True
5.56099,4,61.803864,0.9606357976269247,0.03200000000000003,True
5.753458,3,61.8111,0.9594860113190902,0.02400000000000002,True
5.581989,3,61.818543,0.9612058673398953,0.02400000000000002,True
5.832763,4,61.827649,0.9645180633457999,0.03200000000000003,True
5.493605,3,61.835028,0.9625418679297053,0.02400000000000002,True
5.504768,3,61.840973,0.9650823753121327,0.02400000000000002,True
5.826093,4,61.850198,0.9658999826052515,0.03200000000000003,True
5.707526,3,61.857753,0.95931978441233,0.02400000000000002,True
5.377184,3,61.865149,0.9567976829379372,0.02400000000000002,True
5.938664,3,61.872874,0.9577614771911953,0.02400000000000002,True
5.611843,5,61.886443,0.9602945551286828,0.040000000000000036,True
5.765575,4,61.896399,0.9585782335312272,0.03200000000000003,True
5.813176,4,61.906443,0.9622753370199247,0.03200000000000003,True
6.006568,5,61.918191,0.9590316649467098,0.040000000000000036,True
5.36826,3,61.925876,0.9580602346924524,0.02400000000000002,True
5.474773,5,61.936299,0.9628453465642888,0.040000000000000036,True
5.787281,4,61.945613,0.9597636110941146,0.03200000000000003,True
5.629471,4,61.954774,0.9610808761699747,0.03200000000000003,True
5.453091,3,61.961585,0.9595122981552002,0.02400000000000002,True
5.759141,4,61.97151,0.9623538861456319,0.03200000000000003,True
5.69316,4,61.980617,0.966091962273947,0.03200000000000003,True
5.389061,4,61.989166,0.9599399369669643,0.03200000000000003,True
5.651351,3,61.996686,0.9614748680125121,0.02400000000000002,True
5.619682,3,62.003582,0.9600217286424315,0.02400000000000002,True
5.716445,4,62.01332,0.9631305199448108,0.03200000000000003,True
5.691371,5,62.024542,0.9616949696038056,0.040000000000000036,True
5.874042,3,62.030855,0.9605986704981732,0.02400000000000002,True
5.763213,4,62.041254,0.9596075965995945,0.03200000000000003,True
5.594154,4,62.050099,0.9608272485692471,0.03200000000000003,True
5.707038,3,62.057906,0.9584551496193492,0.02400000000000002,True
5.811956,5,62.068683,0.9561302915403955,0.040000000000000036,True
5.798824,3,62.076488,0.9624218588290082,0.02400000000000002,True
5.670651,4,62.085567,0.9571713166365194,0.03200000000000003,True
5.666974,4,62.094431,0.9588285887810195,0.03200000000000003,True
5.73853,3,62.105876,0.9618169563090415,0.02400000000000002,True
5.930317,4,62.119728,0.9607330151719775,0.03200000000000003,True
5.747974,4,62.133207,0.9594283732274426,0.03200000000000003,True
5.752109,4,62.14265,0.9609970367696161,0.03200000000000003,True
5.69779,5,62.153323,0.9656929838522335,0.040000000000000036,True
5.704005,5,62.1649,0.9591039331690141,0.040000000000000036,True
5.745799,3,62.172399,0.9619953511114129,0.02400000000000002,True
5.807529,5,62.183083,0.9619219258771209,0.040000000000000036,True
5.655331,3,62.189629,0.9640475413784373,0.02400000000000002,True
5.871388,3,62.197657,0.9657329450221981,0.02400000000000002,True
5.755663,4,62.206665,0.9634268345248699,0.03200000000000003,True
5.661725,3,62.213722,0.9596029932445749,0.02400000000000002,True
5.434992,3,62.220747,0.9647615763303585,0.02400000000000002,True
5.792049,4,62.230806,0.9636473141329739,0.03200000000000003,True
5.823512,4,62.239238,0.9639220710893642,0.03200000000000003,True
5.628731,4,62.32457,0.9591443640049072,0.03200000000000003,True
5.676005,4,62.332919,0.9636154114827099,0.03200000000000003,True
5.856158,4,62.34341,0.9612139568038005,0.03200000000000003,True
5.836511,5,62.355667,0.956601029175165,0.040000000000000036,True
5.591132,5,62.368353,0.9632647391546777,0.040000000000000036,True
5.417206,3,62.376436,0.9579004340155546,0.02400000000000002,True
5.784273,3,62.382723,0.9649084798750244,0.02400000000000002,True
5.643209,4,62.391917,0.9673733610526982,0.03200000000000003,True
5.395968,4,62.401364,0.9625120109844638,0.03200000000000003,True
5.561948,4,62.412761,0.9598461429556767,0.03200000000000003,True
5.797861,4,62.42356,0.96556354639459,0.03200000000000003,True
5.519645,3,62.985677,0.9589536267254313,0.02400000000000002,True
5.735221,4,62.995854,0.9619598009861745,0.03200000000000003,True
5.600795,3,63.003885,0.963137285907484,0.02400000000000002,True
5.785698,5,63.015687,0.9593127407639288,0.040000000000000036,True
6.13294,5,63.028194,0.9618800513750507,0.040000000000000036,True
5.698695,4,63.037915,0.9644771052155737,0.03200000000000003,True
5.466875,3,63.04603,0.960866143553885,0.02400000000000002,True
5.714352,3,63.053549,0.9592367233031039,0.02400000000000002,True
5.578377,3,63.061208,0.9611802876945916,0.02400000000000002,True
5.663084,3,63.0692,0.9625953826171512,0.02400000000000002,True
5.495854,4,63.079251,0.9622682431342898,0.03200000000000003,True
5.944777,5,63.090404,0.9642941074049041,0.040000000000000036,True
5.69893,5,63.101566,0.9614911279871574,0.040000000000000036,True
5.541747,3,63.109182,0.959354917327174,0.02400000000000002,True
5.683488,4,63.120641,0.9563509351939103,0.03200000000000003,True
5.781146,4,63.129877,0.9592256516979452,0.03200000000000003,True
5.885532,4,63.144568,0.956877869390373,0.03200000000000003,True
5.788629,4,63.159621,0.9617155613113295,0.03200000000000003,True
5.614904,4,63.171414,0.9585846982644904,0.03200000000000003,True
5.622996,5,63.184468,0.963013025942582,0.040000000000000036,True
5.499578,4,63.193016,0.9614233400414913,0.03200000000000003,True
5.858339,5,63.206266,0.9611345883137705,0.040000000000000036,True
5.698291,4,63.214797,0.9578370738014679,0.03200000000000003,True
5.704759,4,63.224953,0.9609723467475408,0.03200000000000003,True
5.903824,4,63.23539,0.9636146658450728,0.03200000000000003,True
5.473164,4,63.244583,0.9583769731746739,0.03200000000000003,True
5.479575,4,63.258248,0.9653720801064958,0.03200000000000003,True
5.679696,4,63.268549,0.9627619106603825,0.03200000000000003,True
5.770757,4,63.278659,0.9614158917053908,0.03200000000000003,True
5.638833,4,63.288156,0.9595255253888402,0.03200000000000003,True
5.511008,4,63.296998,0.9574332119376101,0.03200000000000003,True
5.72809,5,63.308753,0.9631591245848399,0.040000000000000036,True
5.741036,4,63.319122,0.9681754123196845,0.03200000000000003,True
5.530565,3,63.326891,0.959689804673125,0.02400000000000002,True
5.391908,5,63.33842,0.9638909634147254,0.040000000000000036,True
5.752569,3,63.345321,0.9616223949638144,0.02400000000000002,True
5.773785,3,63.352877,0.9574402740757244,0.02400000000000002,True
5.668598,4,63.362367,0.9594893168490262,0.03200000000000003,True
5.497285,4,63.371706,0.9597137192879841,0.03200000000000003,True
5.762701,4,63.382011,0.9669934159889033,0.03200000000000003,True
5.536986,4,63.390509,0.9654533750833085,0.03200000000000003,True
5.593006,5,63.402363,0.9611935524513229,0.040000000000000036,True
5.449645,3,63.409939,0.9650462322603763,0.02400000000000002,True
5.608573,4,63.419583,0.9613535579344153,0.03200000000000003,True
5.615705,4,63.430873,0.9588887410153407,0.03200000000000003,True
5.733483,3,63.438431,0.9615615527239939,0.02400000000000002,True
5.658502,2,63.444763,0.9624914199737835,0.016000000000000014,True
5.744343,4,63.455628,0.9576459115855951,0.03200000000000003,True
5.930134,3,63.463848,0.9632039460451022,0.02400000000000002,True
5.709084,4,63.473256,0.9598976942599676,0.03200000000000003,True
5.753838,4,63.482822,0.9597999293485573,0.03200000000000003,True
5.727058,5,63.494008,0.9603405362897203,0.040000000000000036,True
5.717363,3,63.50184,0.9601318672427137,0.02400000000000002,True
5.592026,4,63.511097,0.9624768828615125,0.03200000000000003,True
5.556587,3,63.517946,0.9588273238711451,0.02400000000000002,True
5.709859,4,63.526904,0.9598617642218226,0.03200000000000003,True
5.901952,4,63.536202,0.961584558762838,0.03200000000000003,True
5.699483,4,63.545969,0.9611670854215998,0.03200000000000003,True
5.960625,5,63.557939,0.9657582867820977,0.040000000000000036,True
5.618124,5,63.569408,0.9600667546970378,0.040000000000000036,True
5.589219,4,63.579452,0.9596798568119624,0.03200000000000003,True
5.574556,3,63.587413,0.9649093559006761,0.02400000000000002,True
5.62183,4,63.599137,0.9588410690331195,0.03200000000000003,True
5.604329,4,63.609527,0.9644125879992407,0.03200000000000003,True
5.773952,4,63.619207,0.9652456563840959,0.03200000000000003,True
5.487548,3,63.626733,0.9604410254024032,0.02400000000000002,True
5.810145,4,64.158452,0.9583071384056874,0.03200000000000003,True
5.48977,5,64.169459,0.9647634430634163,0.040000000000000036,True
5.541426,3,64.183394,0.9628209823638607,0.02400000000000002,True
5.499518,3,64.192382,0.9624356965711096,0.02400000000000002,True
5.845128,4,64.205481,0.9615870468271148,0.03200000000000003,True
5.357825,2,64.211332,0.9643204631584464,0.016000000000000014,True
5.995788,4,64.221219,0.9607667725920153,0.03200000000000003,True
5.454556,4,64.231254,0.9608041903504061,0.03200000000000003,True
5.582251,4,64.240523,0.9589431957706823,0.03200000000000003,True
5.788352,3,64.247688,0.9664514120592671,0.02400000000000002,True
5.644297,3,64.255276,0.964091005066867,0.02400000000000002,True
5.45778,2,64.260027,0.9631352368227935,0.016000000000000014,True
5.566759,4,64.269685,0.9591715998027452,0.03200000000000003,True
5.640276,4,64.278907,0.9629053995542802,0.03200000000000003,True
5.875561,4,64.288365,0.9571807777043317,0.03200000000000003,True
5.70187,3,64.295386,0.9618361827477415,0.02400000000000002,True
5.609821,4,64.304471,0.959230969882251,0.03200000000000003,True
5.591893,4,64.312574,0.9649665614981389,0.03200000000000003,True
5.488253,3,64.319936,0.9612712919625412,0.02400000000000002,True
5.793638,5,64.330941,0.9682190055199558,0.040000000000000036,True
6.126959,5,64.342222,0.9651043958348356,0.040000000000000036,True
5.553083,4,64.350871,0.9598506672360338,0.03200000000000003,True
5.450414,3,64.358724,0.9617240554487243,0.02400000000000002,True
5.405227,4,64.369937,0.9591043566434991,0.03200000000000003,True
5.863961,3,64.379316,0.962088509638305,0.02400000000000002,True
5.783352,4,64.389943,0.9585010914735317,0.03200000000000003,True
5.927242,5,64.402061,0.9601955558038741,0.040000000000000036,True
5.797103,4,64.411719,0.9645741461921795,0.03200000000000003,True
5.755153,3,64.420203,0.95816140704271,0.02400000000000002,True
5.446733,4,64.430289,0.9576784492598795,0.03200000000000003,True
5.859784,5,64.442296,0.9577599999205407,0.040000000000000036,True
5.694,3,64.450359,0.964690991786703,0.02400000000000002,True
5.682379,4,64.459531,0.961416036082425,0.03200000000000003,True
5.871186,5,64.471815,0.9572519176185996,0.040000000000000036,True
5.757852,3,64.47941,0.9614965071300579,0.02400000000000002,True
5.869854,5,64.492554,0.9616757519156289,0.040000000000000036,True
5.442867,4,64.502611,0.9579739124110465,0.03200000000000003,True
5.698919,3,64.510262,0.957549115332424,0.02400000000000002,True
5.443255,3,64.517669,0.9652172077862824,0.02400000000000002,True
5.778337,3,64.524102,0.9642040404867461,0.02400000000000002,True
5.558548,4,64.535367,0.9578284220642967,0.03200000000000003,True
5.665382,4,64.545613,0.9606293517213108,0.03200000000000003,True
5.491011,4,64.555208,0.9638963267065495,0.03200000000000003,True
5.531437,4,64.564606,0.9641348535462179,0.03200000000000003,True
5.441906,3,64.57183,0.9595501109318657,0.02400000000000002,True
5.359942,3,64.578989,0.9651363469580071,0.02400000000000002,True
5.810866,5,64.590777,0.9596505572887337,0.040000000000000036,True
5.681852,4,64.601092,0.962208609582273,0.03200000000000003,True
5.827692,4,64.610346,0.9588385714121839,0.03200000000000003,True
5.445185,3,64.617703,0.9589005958709701,0.02400000000000002,True
5.697091,3,64.624778,0.9617074119187312,0.02400000000000002,True
5.729121,5,64.636281,0.9641629853032543,0.040000000000000036,True
5.816619,4,64.645792,0.9595069257510258,0.03200000000000003,True
5.596721,4,64.655354,0.9578934499359915,0.03200000000000003,True
5.47241,3,64.663619,0.9672708337723975,0.02400000000000002,True
5.748381,4,64.672882,0.9623272278726716,0.03200000000000003,True
5.674437,4,64.683542,0.9565453457550297,0.03200000000000003,True
5.898708,4,64.693216,0.9587626526487892,0.03200000000000003,True
5.625901,5,64.704663,0.9635542074569605,0.040000000000000036,True
5.65372,4,64.714723,0.9596244752179208,0.03200000000000003,True
5.842438,5,64.725718,0.9661967325938973,0.040000000000000036,True
5.75703,3,64.733705,0.9613289443409183,0.02400000000000002,True
5.566919,4,64.743715,0.9610705576517056,0.03200000000000003,True
5.806012,5,64.754668,0.9620346664872219,0.040000000000000036,True
5.829841,4,64.764787,0.9613560475020029,0.03200000000000003,True
5.516501,3,64.772439,0.9674698368607015,0.02400000000000002,True
5.544249,4,64.781525,0.9590748861040854,0.03200000000000003,True
5.87647,4,65.346732,0.9649292636155048,0.03200000000000003,True
5.633314,5,65.359649,0.9605810045951823,0.040000000000000036,True
5.509787,5,65.374671,0.9628834101096493,0.040000000000000036,True
5.785318,3,65.384554,0.9599501890383022,0.02400000000000002,True
5.566322,4,65.394571,0.9619290553041209,0.03200000000000003,True
5.548062,5,65.407028,0.9580600916069376,0.040000000000000036,True
5.838609,5,65.419851,0.9636964234546689,0.040000000000000036,True
5.809796,5,65.43284,0.9593119777355783,0.040000000000000036,True
5.804814,4,65.442743,0.9601110769368129,0.03200000000000003,True
5.627229,3,65.451955,0.9574902352317043,0.02400000000000002,True
5.882628,5,65.464763,0.9608620304155012,0.040000000000000036,True
5.551395,4,65.47568,0.9612810234982386,0.03200000000000003,True
5.479986,3,65.482583,0.959194998968379,0.02400000000000002,True
5.735965,4,65.49317,0.9627456978012516,0.03200000000000003,True
5.489949,3,65.500434,0.9641226569649884,0.02400000000000002,True
5.664921,4,65.511242,0.9603774196612035,0.03200000000000003,True
5.573524,4,65.520543,0.9589359831281354,0.03200000000000003,True
5.689402,3,65.527634,0.9608384338281948,0.02400000000000002,True
5.728835,3,65.535839,0.9597194829017954,0.02400000000000002,True
5.56119,4,65.545493,0.9566854257043962,0.03200000000000003,True
5.815012,4,65.555253,0.9614815557194951,0.03200000000000003,True
5.940663,4,65.564696,0.9565564853265833,0.03200000000000003,True
5.569146,4,65.574684,0.9609577070128528,0.03200000000000003,True
5.836748,4,65.584464,0.9577639076651046,0.03200000000000003,True
5.562791,4,65.597779,0.9627632990648791,0.03200000000000003,True
5.53495,4,65.607842,0.9600319307350633,0.03200000000000003,True
5.720083,5,65.61967,0.9582155018371594,0.040000000000000036,True
5.596313,4,65.62863,0.9608317009290895,0.03200000000000003,True
5.495407,4,65.638737,0.9610788928333239,0.03200000000000003,True
5.69938,3,65.646029,0.9605719927283509,0.02400000000000002,True
5.578777,3,65.653427,0.9623276058581383,0.02400000000000002,True
5.531649,5,65.665028,0.9626711796856893,0.040000000000000036,True
5.526699,5,65.676764,0.96016925805823,0.040000000000000036,True
5.627504,3,65.684508,0.964140937303684,0.02400000000000002,True
5.819858,4,65.693787,0.9605417195586734,0.03200000000000003,True
5.624997,4,65.702696,0.9583297245204354,0.03200000000000003,True
5.848655,4,65.713344,0.9618296503234663,0.03200000000000003,True
5.716235,3,65.721931,0.9588535547234951,0.02400000000000002,True
5.539182,5,65.733524,0.9621305620296832,0.040000000000000036,True
5.689946,4,65.743534,0.9674920182312691,0.03200000000000003,True
5.648515,5,65.755291,0.9591790863708499,0.040000000000000036,True
5.577372,4,65.76512,0.9600592096715237,0.03200000000000003,True
5.389739,3,65.772002,0.957999822505658,0.02400000000000002,True
5.796392,4,65.78206,0.9620129647402273,0.03200000000000003,True
5.657225,4,65.792857,0.9593784074209479,0.03200000000000003,True
5.801177,4,65.80302,0.9578048436758555,0.03200000000000003,True
5.715023,4,65.811422,0.958627019604224,0.03200000000000003,True
5.656476,5,65.823961,0.9597764743912556,0.040000000000000036,True
5.465732,4,65.834381,0.9611597532419802,0.03200000000000003,True
5.65299,4,65.843348,0.9633136075574562,0.03200000000000003,True
5.828698,4,65.852665,0.9608759104287209,0.03200000000000003,True
5.754753,4,65.862863,0.9623729992526879,0.03200000000000003,True
5.831857,4,65.874636,0.9589083848635696,0.03200000000000003,True
5.738008,4,65.887224,0.9609534079740675,0.03200000000000003,True
5.538034,3,65.893707,0.959381145694876,0.02400000000000002,True
5.565729,5,65.906663,0.9633671773643468,0.040000000000000036,True
5.605781,4,65.917581,0.9638006513359493,0.03200000000000003,True
5.508795,4,65.927376,0.9628072553021049,0.03200000000000003,True
5.456281,4,65.938093,0.962919341977758,0.03200000000000003,True
5.88435,5,65.950342,0.9612165622338453,0.040000000000000036,True
5.38991,4,65.959919,0.9591653304332086,0.03200000000000003,True
5.566972,5,65.972785,0.960360948101423,0.040000000000000036,True
5.871686,5,65.985612,0.9658214386767324,0.040000000000000036,True
5.555047,4,66.524997,0.9623648431438452,0.03200000000000003,True
5.434257,4,66.534525,0.9610375559261712,0.03200000000000003,True
5.608991,4,66.545022,0.9644726873955228,0.03200000000000003,True
5.731872,5,66.556964,0.9636200463972444,0.040000000000000036,True
5.640987,3,66.563063,0.9626987939528509,0.02400000000000002,True
5.529021,4,66.571693,0.9589191392268066,0.03200000000000003,True
5.803521,5,66.583423,0.9607429856327168,0.040000000000000036,True
5.452,3,66.592694,0.9635156353838839,0.02400000000000002,True
5.50778,3,66.601844,0.9608819531945658,0.02400000000000002,True
5.867664,5,66.616616,0.9573349699819644,0.040000000000000036,True
5.842747,4,66.625579,0.9617824706450108,0.03200000000000003,True
5.869658,3,66.631517,0.9595572098658596,0.02400000000000002,True
5.79806,4,66.640764,0.964322259428142,0.03200000000000003,True
5.473998,4,66.650098,0.9604360554642661,0.03200000000000003,True
5.626227,3,66.657929,0.9575561205126167,0.02400000000000002,True
5.564241,4,66.667635,0.9612460383622562,0.03200000000000003,True
6.0125,4,66.676953,0.958017858679973,0.03200000000000003,True
5.807886,5,66.688647,0.9621961518079027,0.040000000000000036,True
5.857594,5,66.699877,0.9637361693489647,0.040000000000000036,True
5.877515,4,66.708717,0.9609462181314753,0.03200000000000003,True
5.535641,4,66.718023,0.9570248850489926,0.03200000000000003,True
5.844115,5,66.729275,0.9662010542502286,0.040000000000000036,True
5.861456,5,66.740018,0.9573046625766639,0.040000000000000036,True
5.619583,4,66.749388,0.9607308700247338,0.03200000000000003,True
5.667437,3,66.75751,0.9599640868662884,0.02400000000000002,True
6.078788,5,66.771637,0.9586056883059071,0.040000000000000036,True
5.634643,5,66.784418,0.9556918743916851,0.040000000000000036,True
5.527685,4,66.794024,0.9605441911793351,0.03200000000000003,True
5.428998,3,66.80052,0.9620426895026795,0.02400000000000002,True
5.463778,4,66.809808,0.962797127772335,0.03200000000000003,True
5.494366,3,66.816853,0.9613210130767145,0.02400000000000002,True
5.558708,4,66.82674,0.9579524486024311,0.03200000000000003,True
5.682214,4,66.836269,0.963416402209748,0.03200000000000003,True
5.734544,4,66.845896,0.9636593481454718,0.03200000000000003,True
5.809134,4,66.855834,0.9604982887440585,0.03200000000000003,True
5.546103,3,66.861994,0.9660889328364015,0.02400000000000002,True
5.645907,5,66.874532,0.9563653556611507,0.040000000000000036,True
5.542848,4,66.884494,0.9603400417777966,0.03200000000000003,True
5.503837,3,66.892728,0.9592285482458137,0.02400000000000002,True
5.611895,3,66.89964,0.9608601257780385,0.02400000000000002,True
5.559702,3,66.907894,0.9620925164830023,0.02400000000000002,True
5.586108,4,66.919873,0.9608313970981894,0.03200000000000003,True
5.808985,4,66.930186,0.9573315993774312,0.03200000000000003,True
5.78087,5,66.941642,0.9576256638113465,0.040000000000000036,True
5.587254,3,66.949492,0.9603906352897756,0.02400000000000002,True
5.661268,4,66.959221,0.9625068329029018,0.03200000000000003,True
5.68504,4,66.96844,0.9590890254134913,0.03200000000000003,True
5.569691,4,66.977715,0.9586932045183459,0.03200000000000003,True
5.843901,5,66.988338,0.959757370297351,0.040000000000000036,True
5.820731,4,66.998713,0.9583632671534524,0.03200000000000003,True
5.464107,5,67.010442,0.9628333634990778,0.040000000000000036,True
5.575181,4,67.019746,0.9607092437474918,0.03200000000000003,True
5.592852,5,67.032361,0.9580006041716018,0.040000000000000036,True
5.612393,5,67.044333,0.9637866092445887,0.040000000000000036,True
5.531698,4,67.055126,0.9620427381763357,0.03200000000000003,True
5.755443,4,67.067485,0.9593145918039865,0.03200000000000003,True
5.434883,3,67.074841,0.960112538685405,0.02400000000000002,True
5.730545,4,67.085022,0.9652684394199961,0.03200000000000003,True
5.789877,4,67.094389,0.9645826983451544,0.03200000000000003,True
5.741252,4,67.104278,0.9634530571845439,0.03200000000000003,True
5.938564,3,67.110782,0.9619961385593274,0.02400000000000002,True
5.799645,4,67.121119,0.9572216512178608,0.03200000000000003,True
5.595705,4,67.131868,0.9604707284462389,0.03200000000000003,True
5.530968,5,67.1436,0.9617286673543008,0.040000000000000036,True
5.856088,4,67.812117,0.9593768230002696,0.03200000000000003,True
5.726051,3,67.822428,0.9671184753510216,0.02400000000000002,True
5.539262,4,67.836221,0.9669341171294291,0.03200000000000003,True
5.587364,4,67.847974,0.957145547997329,0.03200000000000003,True
5.739496,3,67.859453,0.9630849626544505,0.02400000000000002,True
5.570418,4,67.873335,0.9633509911350145,0.03200000000000003,True
5.780362,4,67.893898,0.9677612429028619,0.03200000000000003,True
5.62763,4,67.91504,0.963738222678878,0.03200000000000003,True
5.606309,4,67.928812,0.959981246334817,0.03200000000000003,True
5.708087,4,67.941126,0.9653576916099609,0.03200000000000003,True
5.800087,4,67.952898,0.9597483395366446,0.03200000000000003,True
5.582601,4,67.964418,0.9584195759618824,0.03200000000000003,True
5.429451,3,67.973935,0.9583331283133489,0.02400000000000002,True
5.6121,4,67.985237,0.9611583109594789,0.03200000000000003,True
5.725401,3,67.995182,0.9623262166512879,0.02400000000000002,True
5.712397,4,68.007063,0.9636695081844345,0.03200000000000003,True
5.473343,3,68.017201,0.9623121105078045,0.02400000000000002,True
5.709523,4,68.029685,0.9599971196649085,0.03200000000000003,True
5.613527,4,68.042019,0.9578528964106394,0.03200000000000003,True
5.788727,4,68.055041,0.966889223600175,0.03200000000000003,True
5.746072,4,68.067706,0.9596740785539134,0.03200000000000003,True
5.515503,4,68.080593,0.9611587428805926,0.03200000000000003,True
5.765899,4,68.092713,0.9612667666929247,0.03200000000000003,True
5.627575,4,68.104501,0.9587911030226486,0.03200000000000003,True
5.572238,4,68.115413,0.9620052653175653,0.03200000000000003,True
5.769782,4,68.126986,0.9590661471423911,0.03200000000000003,True
5.591406,4,68.138643,0.963552106526979,0.03200000000000003,True
5.634754,3,68.148167,0.9614214170585045,0.02400000000000002,True
5.992562,3,68.158023,0.9609936994994839,0.02400000000000002,True
5.815724,4,68.170669,0.9632491170404764,0.03200000000000003,True
5.588453,4,68.183041,0.9618059214752919,0.03200000000000003,True
5.825102,5,68.197597,0.9585235645558825,0.040000000000000036,True
5.499332,4,68.209233,0.9630132294836173,0.03200000000000003,True
5.541526,4,68.22146,0.9573012610564198,0.03200000000000003,True
5.769369,5,68.23666,0.9610326213887738,0.040000000000000036,True
5.797923,3,68.247173,0.9609495904721906,0.02400000000000002,True
5.639512,4,68.258124,0.9617114098445041,0.03200000000000003,True
5.483477,3,68.267325,0.9611590509276385,0.02400000000000002,True
5.650009,3,68.276659,0.959149499841851,0.02400000000000002,True
5.376479,4,68.289709,0.9592624398741747,0.03200000000000003,True
5.80902,3,68.298862,0.9629905888553112,0.02400000000000002,True
5.427226,3,68.307981,0.9645200069896269,0.02400000000000002,True
5.406636,3,68.316659,0.9634716601533901,0.02400000000000002,True
5.790632,4,68.328293,0.9577578978660485,0.03200000000000003,True
5.614229,5,68.344732,0.9571673164084175,0.040000000000000036,True
5.417947,3,68.359598,0.9639574350926639,0.02400000000000002,True
5.44326,3,68.377261,0.9628360845181791,0.02400000000000002,True
6.034,4,68.396186,0.9598553529427363,0.03200000000000003,True
5.742438,4,68.509099,0.9644848516546387,0.03200000000000003,True
5.938281,5,68.524528,0.9603597041310774,0.040000000000000036,True
5.824386,4,68.536736,0.9574179124955376,0.03200000000000003,True
5.798488,3,68.545584,0.9653597998625625,0.02400000000000002,True
5.565655,3,68.554269,0.9583066434841947,0.02400000000000002,True
5.52759,4,68.56726,0.9571234532293247,0.03200000000000003,True
5.649754,4,68.578975,0.9593007450016917,0.03200000000000003,True
5.684931,3,68.588398,0.9671392236344334,0.02400000000000002,True
5.478469,4,68.601807,0.963255491354727,0.03200000000000003,True
5.603196,4,68.614023,0.9586401650599079,0.03200000000000003,True
5.526387,4,68.625944,0.9650209706245843,0.03200000000000003,True
5.627671,4,68.637791,0.9632768992906369,0.03200000000000003,True
5.601548,4,68.648998,0.9663769160384316,0.03200000000000003,True
5.446615,3,68.657483,0.9597687753174451,0.02400000000000002,True
5.579671,4,68.669149,0.9597010894189713,0.03200000000000003,True
5.97936,4,68.681586,0.958703872092955,0.03200000000000003,True
5.725209,4,68.69354,0.9595208452394208,0.03200000000000003,True
5.613227,3,68.703163,0.9633487639907825,0.02400000000000002,True
5.443429,3,68.712265,0.9618389280264141,0.02400000000000002,True
5.544002,3,68.72024,0.9584941329967752,0.02400000000000002,True
5.683663,4,69.450913,0.9637607416899214,0.03200000000000003,True
5.819361,5,69.470363,0.959805718107217,0.040000000000000036,True
5.644896,3,69.480992,0.9584542666085003,0.02400000000000002,True
5.722397,4,69.499249,0.9634794155876862,0.03200000000000003,True
5.576465,4,69.514122,0.9600082019818882,0.03200000000000003,True
5.688998,4,69.525985,0.9605126640288999,0.03200000000000003,True
5.39704,3,69.534875,0.9594669133703267,0.02400000000000002,True
5.550239,4,69.547619,0.9656634192738138,0.03200000000000003,True
5.657902,3,69.556486,0.9651080662316864,0.02400000000000002,True
5.50933,3,69.565287,0.9589060671278038,0.02400000000000002,True
5.576221,4,69.576945,0.9607777337445674,0.03200000000000003,True
5.679304,3,69.586489,0.9578565426535276,0.02400000000000002,True
5.673675,3,69.596301,0.9635992924168253,0.02400000000000002,True
5.673811,3,69.605198,0.9636115952251552,0.02400000000000002,True
5.727373,4,69.617292,0.957347402737968,0.03200000000000003,True
5.833789,5,69.633351,0.9635511704148518,0.040000000000000036,True
5.791623,5,69.646879,0.960675365729247,0.040000000000000036,True
6.015953,4,69.658537,0.9625814805072999,0.03200000000000003,True
5.892073,4,69.670062,0.9601349356209419,0.03200000000000003,True
5.751882,3,69.679333,0.9593585708838218,0.02400000000000002,True
5.600738,4,69.690883,0.960641254076354,0.03200000000000003,True
5.740675,5,69.705554,0.9609606993373697,0.040000000000000036,True
5.576101,4,69.717538,0.9615785310813232,0.03200000000000003,True
5.53155,4,69.729301,0.9593275096913823,0.03200000000000003,True
5.696056,4,69.741166,0.9596337203989822,0.03200000000000003,True
5.633168,3,69.750657,0.9580249487063135,0.02400000000000002,True
5.680835,5,69.764613,0.9610892156161587,0.040000000000000036,True
5.709505,3,69.774469,0.96056218576724,0.02400000000000002,True
5.87195,5,69.790837,0.96305059301547,0.040000000000000036,True
5.664943,3,69.798583,0.9630433810476282,0.02400000000000002,True
5.617847,4,69.811762,0.9669581201794335,0.03200000000000003,True
5.613682,4,69.823534,0.9645101947657574,0.03200000000000003,True
5.771581,4,69.835861,0.963088515240622,0.03200000000000003,True
5.769689,3,69.844318,0.9595956535526837,0.02400000000000002,True
5.619465,2,69.850787,0.9586547778452785,0.016000000000000014,True
5.803847,3,69.859353,0.9565307951837427,0.02400000000000002,True
5.718911,4,69.871683,0.9600566873242865,0.03200000000000003,True
5.575618,4,69.884185,0.9596229604792128,0.03200000000000003,True
5.596849,4,69.896648,0.9702417647725714,0.03200000000000003,True
5.641359,5,69.912104,0.9622760585271015,0.040000000000000036,True
5.509262,4,69.925434,0.9608502150457743,0.03200000000000003,True
5.837295,4,69.938097,0.9614445002856296,0.03200000000000003,True
5.772988,2,69.946409,0.9593940686348547,0.016000000000000014,True
5.4938,4,69.959845,0.9616572801902045,0.03200000000000003,True
5.673246,4,69.972249,0.9569835321167771,0.03200000000000003,True
5.592198,4,69.984619,0.9620439650976047,0.03200000000000003,True
5.637208,4,69.997136,0.95971020720191,0.03200000000000003,True
5.86904,4,70.010773,0.9606605699991355,0.03200000000000003,True
5.581338,5,70.027781,0.9625612778203478,0.040000000000000036,True
5.784573,3,70.037496,0.9621478470465101,0.02400000000000002,True
5.570302,3,70.047096,0.9604576243090234,0.02400000000000002,True
5.507757,5,70.064884,0.9648335676785392,0.040000000000000036,True
5.552606,4,70.075616,0.9574464858029582,0.03200000000000003,True
5.503861,4,70.08873,0.965356027863943,0.03200000000000003,True
5.480018,4,70.100402,0.9594792468124028,0.03200000000000003,True
5.612744,5,70.115041,0.9597867487051418,0.040000000000000036,True
5.927215,4,70.12751,0.9646727374621741,0.03200000000000003,True
5.856806,2,70.134894,0.9663792007564156,0.016000000000000014,True
5.484792,3,70.143563,0.9624150948204395,0.02400000000000002,True
5.485878,3,70.152486,0.9575867892558114,0.02400000000000002,True
5.423009,3,70.162849,0.9582886734139618,0.02400000000000002,True
5.56191,4,70.174985,0.9660339463840113,0.03200000000000003,True
5.482469,4,70.186888,0.9572310573592967,0.03200000000000003,True
5.555379,4,70.19888,0.9601425131913883,0.03200000000000003,True
5.746561,4,70.212064,0.9644316591544737,0.03200000000000003,True
5.606295,5,70.228732,0.9629700733607046,0.040000000000000036,True
5.576044,3,70.238863,0.9640089869186683,0.02400000000000002,True
5.564943,5,70.981212,0.9618104274345951,0.040000000000000036,True
5.748104,4,70.993433,0.9610108514562656,0.03200000000000003,True
5.778291,5,71.007729,0.9615514044433364,0.040000000000000036,True
5.739417,3,71.017023,0.9585208045092074,0.02400000000000002,True
5.795725,4,71.029487,0.9610673510336702,0.03200000000000003,True
5.465323,4,71.042155,0.9614244114246802,0.03200000000000003,True
5.704743,3,71.051778,0.9569928644618152,0.02400000000000002,True
5.645692,4,71.065005,0.958421940362574,0.03200000000000003,True
5.554319,3,71.073771,0.9603723916914585,0.02400000000000002,True
5.668371,5,71.088618,0.9619140987527023,0.040000000000000036,True
5.638421,5,71.105946,0.9578206577204597,0.040000000000000036,True
5.827413,3,71.114606,0.9584835283806399,0.02400000000000002,True
5.414611,3,71.129045,0.9596301813830197,0.02400000000000002,True
5.742063,4,71.143526,0.9573155752103504,0.03200000000000003,True
5.722631,4,71.155432,0.9590394279870255,0.03200000000000003,True
5.820129,4,71.169282,0.9636210980880857,0.03200000000000003,True
5.525086,5,71.185102,0.9581336155724862,0.040000000000000036,True
5.762764,5,71.201311,0.9609988223050766,0.040000000000000036,True
5.817788,4,71.214097,0.9597164606856639,0.03200000000000003,True
5.750374,4,71.227676,0.9599853932415157,0.03200000000000003,True
5.572657,4,71.240244,0.9666293739987614,0.03200000000000003,True
5.479686,4,71.253242,0.9605471836416848,0.03200000000000003,True
5.630572,3,71.263813,0.9610276272767835,0.02400000000000002,True
5.81117,3,71.273515,0.9624196025178603,0.02400000000000002,True
5.670602,3,71.283226,0.9590735199464793,0.02400000000000002,True
5.762894,4,71.296791,0.9622162628220531,0.03200000000000003,True
5.599481,3,71.305451,0.9606537669308887,0.02400000000000002,True
5.751466,3,71.315798,0.9609590370743971,0.02400000000000002,True
5.770287,4,71.329295,0.9613576223728013,0.03200000000000003,True
5.820085,5,71.347137,0.9635212853429405,0.040000000000000036,True
5.864504,5,71.364931,0.9564690218267555,0.040000000000000036,True
5.832279,5,71.38076,0.9570325924791555,0.040000000000000036,True
5.474071,4,71.394666,0.9597387758843449,0.03200000000000003,True
5.425432,3,71.404483,0.962824425671803,0.02400000000000002,True
5.768567,3,71.414804,0.9592006193956869,0.02400000000000002,True
5.609178,5,71.43134,0.9600129658749006,0.040000000000000036,True
5.595809,2,71.438518,0.9650664263852062,0.016000000000000014,True
5.547682,5,71.453913,0.9603724568037595,0.040000000000000036,True
5.882949,4,71.467572,0.9559163807352881,0.03200000000000003,True
5.572149,3,71.477097,0.9611440315542275,0.02400000000000002,True
5.545275,3,71.486268,0.9576650521441417,0.02400000000000002,True
5.647249,3,71.496636,0.9608405855136584,0.02400000000000002,True
5.798759,3,71.508154,0.9631227171534719,0.02400000000000002,True
5.726139,3,71.518727,0.9614092290725609,0.02400000000000002,True
5.46929,3,71.530186,0.9647970647314374,0.02400000000000002,True
5.819341,4,71.544329,0.9600102781162121,0.03200000000000003,True
5.662754,3,71.555795,0.9603768375927559,0.02400000000000002,True
5.742955,4,71.569107,0.9651583985115338,0.03200000000000003,True
5.480628,5,71.586883,0.9573373868446138,0.040000000000000036,True
5.69484,3,71.598485,0.9586763401326825,0.02400000000000002,True
5.643207,3,71.607944,0.9632663947539953,0.02400000000000002,True
5.500339,5,71.631415,0.9578696211892965,0.040000000000000036,True
5.724841,4,71.649321,0.9607076738557297,0.03200000000000003,True
5.425706,3,71.660199,0.9612751736718752,0.02400000000000002,True
5.783426,4,71.674578,0.9586172670950437,0.03200000000000003,True
5.787642,4,71.693285,0.9583886515262425,0.03200000000000003,True
5.580311,4,71.705069,0.96091122989135,0.03200000000000003,True
5.579133,2,71.713102,0.9635391094697099,0.016000000000000014,True
5.724239,3,71.724917,0.9656256538742155,0.02400000000000002,True
5.599754,4,71.737981,0.9624568505885337,0.03200000000000003,True
5.560389,4,71.751242,0.9597866170865168,0.03200000000000003,True
5.608378,4,71.764951,0.9573889151661564,0.03200000000000003,True
5.611658,3,71.775605,0.9614188185416241,0.02400000000000002,True
5.533135,5,71.790592,0.9595884559404758,0.040000000000000036,True
5.54225,4,71.805038,0.9631022055756236,0.03200000000000003,True
5.561621,3,71.815733,0.9603401881682808,0.02400000000000002,True
5.792823,4,71.829071,0.9588850200413659,0.03200000000000003,True
5.611852,3,71.838712,0.9634591062841731,0.02400000000000002,True
5.636389,4,71.851533,0.9615355597531077,0.03200000000000003,True
6.072566,4,72.454493,0.9616187169552451,0.03200000000000003,True
5.696273,3,72.463864,0.9641807052797645,0.02400000000000002,True
5.654265,3,72.47189,0.961890568505426,0.02400000000000002,True
5.665493,4,72.48287,0.9644898764319454,0.03200000000000003,True
5.804141,4,72.492994,0.9610521812512538,0.03200000000000003,True
5.849425,4,72.504634,0.9610189220124441,0.03200000000000003,True
5.993272,3,72.513619,0.9607613109471265,0.02400000000000002,True
5.717679,3,72.521822,0.9570042346611066,0.02400000000000002,True
5.440493,3,72.529846,0.9595402307150172,0.02400000000000002,True
5.661045,3,72.539153,0.9637780161858498,0.02400000000000002,True
5.579335,4,72.549959,0.9647626156892706,0.03200000000000003,True
5.777633,4,72.56117,0.9634775201335319,0.03200000000000003,True
6.08474,4,72.571192,0.9715738032371901,0.03200000000000003,True
5.662785,4,72.580751,0.9596049858423632,0.03200000000000003,True
5.875706,4,72.591317,0.9619817645034627,0.03200000000000003,True
5.875122,5,72.607024,0.9608789236824284,0.040000000000000036,True
5.774495,3,72.614778,0.958021474834415,0.02400000000000002,True
5.545161,4,72.625537,0.9573322118464953,0.03200000000000003,True
5.757056,3,72.63378,0.9608430371654416,0.02400000000000002,True
5.711678,4,72.64331,0.9627892729447706,0.03200000000000003,True
5.60052,4,72.652592,0.9613680735566702,0.03200000000000003,True
5.852208,5,72.665178,0.9616125604018712,0.040000000000000036,True
5.452754,4,72.674839,0.9625183057971242,0.03200000000000003,True
5.642043,4,72.684941,0.9589987580260142,0.03200000000000003,True
5.892891,4,72.697144,0.9627589585434952,0.03200000000000003,True
5.828793,4,72.710721,0.9610739976956032,0.03200000000000003,True
5.778467,4,72.72578,0.9602329192556203,0.03200000000000003,True
5.474527,4,72.736556,0.9632245031107993,0.03200000000000003,True
5.903495,3,72.743898,0.9617190393100691,0.02400000000000002,True
5.73212,4,72.753236,0.9638520241020706,0.03200000000000003,True
5.71357,4,72.762923,0.963550503868353,0.03200000000000003,True
5.784438,3,72.769567,0.9570566979609274,0.02400000000000002,True
5.480888,3,72.777773,0.9637249731363116,0.02400000000000002,True
5.498977,5,72.78959,0.9576691051904428,0.040000000000000036,True
5.757626,4,72.799377,0.960718248818492,0.03200000000000003,True
5.581022,4,72.810446,0.9625354290029561,0.03200000000000003,True
5.944847,3,72.817128,0.9577359646582821,0.02400000000000002,True
5.79333,3,72.824992,0.9634150581098051,0.02400000000000002,True
5.582071,3,72.832138,0.963887387879299,0.02400000000000002,True
5.665835,3,72.839647,0.9607801206996534,0.02400000000000002,True
6.108875,5,72.853628,0.9596420708905951,0.040000000000000036,True
5.748798,4,72.863431,0.9621461639214846,0.03200000000000003,True
5.599433,4,72.870928,0.9616040733109517,0.03200000000000003,True
5.584595,4,72.880462,0.9621783678416406,0.03200000000000003,True
5.819021,4,72.89064,0.9657699736697493,0.03200000000000003,True
5.820877,4,72.90044,0.9608300607635781,0.03200000000000003,True
5.511028,3,72.906692,0.9612951013638804,0.02400000000000002,True
6.03298,4,72.917562,0.963132980201521,0.03200000000000003,True
5.778858,4,72.926848,0.9575387885736326,0.03200000000000003,True
5.751352,4,72.936978,0.9611574332864855,0.03200000000000003,True
5.589717,4,72.946314,0.9612595460566866,0.03200000000000003,True
5.518384,4,72.956685,0.9609092330444444,0.03200000000000003,True
5.742801,4,72.966399,0.9645772504027823,0.03200000000000003,True
5.755679,3,72.973711,0.9650253714149428,0.02400000000000002,True
5.690476,3,72.983332,0.9659822686482152,0.02400000000000002,True
5.6915,3,72.99098,0.9644305335031855,0.02400000000000002,True
5.54575,4,73.001606,0.9574693989942519,0.03200000000000003,True
5.544242,3,73.009867,0.9612605339965412,0.02400000000000002,True
5.747292,4,73.01965,0.9602777154214166,0.03200000000000003,True
5.723152,4,73.029111,0.9569037133227575,0.03200000000000003,True
5.677023,4,73.039373,0.9626487611560914,0.03200000000000003,True
5.581088,3,73.046902,0.9636289728184717,0.02400000000000002,True
5.837832,5,73.059391,0.9600936584978822,0.040000000000000036,True
5.706054,5,73.07247,0.9633047880370846,0.040000000000000036,True
5.89388,3,73.079487,0.9570202442555567,0.02400000000000002,True
5.686508,5,73.091366,0.9589155251020193,0.040000000000000036,True
5.438961,4,73.100986,0.9612659325079271,0.03200000000000003,True
5.850503,4,73.647915,0.9689956804557335,0.03200000000000003,True
5.669016,4,73.657592,0.9624453817531513,0.03200000000000003,True
5.752885,4,73.666903,0.9641319308393439,0.03200000000000003,True
5.559783,2,73.67288,0.9612988797062065,0.016000000000000014,True
5.776649,4,73.683118,0.9620197250783105,0.03200000000000003,True
5.66299,3,73.690818,0.9655160032437322,0.02400000000000002,True
5.429984,4,73.700741,0.9595125038336965,0.03200000000000003,True
5.75099,4,73.709884,0.9597458595827573,0.03200000000000003,True
5.393529,3,73.717013,0.9661700331607039,0.02400000000000002,True
5.49144,3,73.725065,0.9707789956025823,0.02400000000000002,True
5.782624,4,73.739746,0.9611706037628409,0.03200000000000003,True
5.629825,4,73.753766,0.9590316520871413,0.03200000000000003,True
5.692313,3,73.765193,0.9602331418826877,0.02400000000000002,True
5.512913,3,73.773731,0.96241571591086,0.02400000000000002,True
5.667657,4,73.783619,0.9671085947531431,0.03200000000000003,True
5.772678,3,73.789595,0.9591068029516051,0.02400000000000002,True
5.716922,3,73.797503,0.960748773666228,0.02400000000000002,True
5.830881,3,73.804888,0.9603131690948522,0.02400000000000002,True
5.794925,4,73.814667,0.9566326135841859,0.03200000000000003,True
5.400827,4,73.825879,0.9647736911185409,0.03200000000000003,True
5.748346,4,73.8349,0.961113465672425,0.03200000000000003,True
5.632005,5,73.845424,0.9591312613626662,0.040000000000000036,True
5.675185,4,73.855411,0.9635561194170327,0.03200000000000003,True
5.688547,5,73.866448,0.9576845418433878,0.040000000000000036,True
5.87601,4,73.877389,0.9604603633214921,0.03200000000000003,True
5.644654,4,73.887189,0.960832525913688,0.03200000000000003,True
5.491954,3,73.89292,0.9588637285604094,0.02400000000000002,True
5.747273,4,73.903676,0.9605841417162606,0.03200000000000003,True
5.562951,5,73.916126,0.95824461391472,0.040000000000000036,True
5.684664,3,73.922596,0.9591961925833592,0.02400000000000002,True
5.661822,4,73.933463,0.958590485799261,0.03200000000000003,True
5.645361,4,73.942128,0.956257163591463,0.03200000000000003,True
5.473696,4,73.951675,0.9627561702919635,0.03200000000000003,True
5.44877,3,73.959853,0.9631084155813556,0.02400000000000002,True
5.639191,4,73.969504,0.959547570859415,0.03200000000000003,True
5.511159,3,73.976761,0.9631985564390598,0.02400000000000002,True
5.452409,3,73.98631,0.9648856287461743,0.02400000000000002,True
5.571295,4,73.995265,0.9617835160848535,0.03200000000000003,True
5.732241,5,74.008009,0.9618202224920303,0.040000000000000036,True
5.627231,4,74.017586,0.9594108913031352,0.03200000000000003,True
5.769259,4,74.027004,0.9582041970190626,0.03200000000000003,True
5.813091,4,74.037364,0.95859174723752,0.03200000000000003,True
5.502181,4,74.047547,0.9598745277611783,0.03200000000000003,True
5.627576,2,74.053761,0.9636758859703847,0.016000000000000014,True
5.656437,5,74.065732,0.9631447341196397,0.040000000000000036,True
5.600856,4,74.076397,0.9636513762840275,0.03200000000000003,True
5.56638,4,74.08589,0.9599507739145708,0.03200000000000003,True
5.714065,4,74.095282,0.960754162385281,0.03200000000000003,True
5.958483,4,74.104579,0.9598421729901077,0.03200000000000003,True
5.798611,3,74.111355,0.964998417181763,0.02400000000000002,True
5.791413,5,74.123285,0.9575323911904378,0.040000000000000036,True
5.795205,4,74.132631,0.9617895315885754,0.03200000000000003,True
5.501167,3,74.139774,0.9626057990149937,0.02400000000000002,True
5.568693,3,74.146779,0.9584572090983535,0.02400000000000002,True
5.497066,4,74.156367,0.961288577116325,0.03200000000000003,True
6.040353,4,74.166732,0.9649553179806516,0.03200000000000003,True
5.693268,4,74.176472,0.9606515530270863,0.03200000000000003,True
5.864546,4,74.186177,0.962664934068604,0.03200000000000003,True
5.543104,3,74.1938,0.9607950800501897,0.02400000000000002,True
5.811267,4,74.203423,0.9590431077962395,0.03200000000000003,True
5.790758,4,74.212605,0.9679507369668549,0.03200000000000003,True
5.818385,4,74.222563,0.9609248714539304,0.03200000000000003,True
5.947314,4,74.232045,0.9606519371884124,0.03200000000000003,True
5.701386,3,74.239606,0.9601030392837656,0.02400000000000002,True
5.588757,4,74.24875,0.9616443957262437,0.03200000000000003,True
5.393344,3,74.256602,0.9615454294112118,0.02400000000000002,True
5.461126,3,74.26304,0.9582712977620325,0.02400000000000002,True
5.688461,3,74.270398,0.9603774309775643,0.02400000000000002,True
5.839899,4,74.279772,0.9597045823962649,0.03200000000000003,True
5.584384,3,74.827644,0.9612370324350195,0.02400000000000002,True
5.6802,3,74.834827,0.9658581998561736,0.02400000000000002,True
5.661566,4,74.843885,0.9586935221519797,0.03200000000000003,True
5.821448,4,74.853695,0.9594964713419285,0.03200000000000003,True
5.576637,4,74.865181,0.9629264628424267,0.03200000000000003,True
5.48434,3,74.872271,0.9587064053889989,0.02400000000000002,True
5.476824,5,74.88515,0.95955772716935,0.040000000000000036,True
5.948836,4,74.895227,0.962967882838009,0.03200000000000003,True
5.483764,5,74.906894,0.9597579236318206,0.040000000000000036,True
5.694947,3,74.914442,0.962153729351014,0.02400000000000002,True
5.780688,4,74.923707,0.9621075235956282,0.03200000000000003,True
5.869458,5,74.935131,0.9607901201968011,0.040000000000000036,True
5.906199,4,74.945248,0.9632869542208045,0.03200000000000003,True
5.91825,4,74.954497,0.965005023060165,0.03200000000000003,True
5.948834,4,74.964709,0.9664656082823779,0.03200000000000003,True
5.942519,4,74.974178,0.9626625903343564,0.03200000000000003,True
5.807077,3,74.981876,0.9612589946572956,0.02400000000000002,True
5.640073,5,74.994413,0.9611366994820578,0.040000000000000036,True
5.462053,3,75.001975,0.9569801459338874,0.02400000000000002,True
5.618834,5,75.013249,0.9634987064979909,0.040000000000000036,True
5.61017,4,75.022492,0.9578510364356942,0.03200000000000003,True
5.603863,3,75.030185,0.9589491648070565,0.02400000000000002,True
5.785494,4,75.039565,0.9611342115552421,0.03200000000000003,True
5.438239,3,75.047135,0.9587428626401182,0.02400000000000002,True
5.565366,4,75.058259,0.9586081086083003,0.03200000000000003,True
5.659707,3,75.065118,0.9594684142792987,0.02400000000000002,True
5.515259,3,75.073741,0.9568500650038514,0.02400000000000002,True
5.510062,4,75.084514,0.9618730883205032,0.03200000000000003,True
5.849477,5,75.096784,0.9621255655590872,0.040000000000000036,True
5.451795,4,75.105668,0.9629046800798581,0.03200000000000003,True
5.376433,3,75.113674,0.9637203874370073,0.02400000000000002,True
5.585832,4,75.123468,0.96132714848124,0.03200000000000003,True
5.415906,3,75.130772,0.9661356928199043,0.02400000000000002,True
5.784441,4,75.140814,0.9664286918659324,0.03200000000000003,True
5.745851,3,75.148905,0.9630690473232347,0.02400000000000002,True
5.846874,5,75.161453,0.9586042509209951,0.040000000000000036,True
5.49256,3,75.169885,0.9625137796066019,0.02400000000000002,True
5.700476,4,75.180012,0.9616301669071086,0.03200000000000003,True
5.899268,3,75.187464,0.9655815399037766,0.02400000000000002,True
5.724649,3,75.194716,0.9613613445783695,0.02400000000000002,True
5.603455,4,75.285318,0.9601860643160589,0.03200000000000003,True
5.522764,3,75.293097,0.9564320129988818,0.02400000000000002,True
5.403111,3,75.299844,0.9629327824586726,0.02400000000000002,True
5.727615,4,75.309657,0.9631582227791267,0.03200000000000003,True
5.576104,5,75.322639,0.9650636890281643,0.040000000000000036,True
5.743476,4,75.33238,0.9615863529560547,0.03200000000000003,True
5.638407,4,75.342189,0.9583224341237879,0.03200000000000003,True
5.57862,4,75.352339,0.9629139336668369,0.03200000000000003,True
5.548063,4,75.36317,0.9573391401305125,0.03200000000000003,True
5.567628,3,75.369009,0.9660378038386649,0.02400000000000002,True
5.691478,3,75.375916,0.9626120243724045,0.02400000000000002,True
5.685058,4,75.386431,0.9621387604474332,0.03200000000000003,True
5.748084,4,75.396144,0.9618654340371331,0.03200000000000003,True
5.780939,4,75.404615,0.9620545771801854,0.03200000000000003,True
5.908235,4,75.413927,0.9637199512661431,0.03200000000000003,True
5.516686,4,75.423903,0.957642789654733,0.03200000000000003,True
5.739267,4,75.433987,0.9609654953147049,0.03200000000000003,True
5.643106,4,75.442487,0.959335573957017,0.03200000000000003,True
5.797109,4,75.451745,0.9625679655860038,0.03200000000000003,True
5.480151,3,75.459747,0.9610218843318963,0.02400000000000002,True
5.806594,4,75.469426,0.9588332021443302,0.03200000000000003,True
5.620091,4,75.479929,0.9650704725020475,0.03200000000000003,True
5.693536,5,75.491682,0.9664662227625036,0.040000000000000036,True
5.809718,4,75.50092,0.9612871599419426,0.03200000000000003,True
5.77557,4,75.509746,0.962177221258018,0.03200000000000003,True
5.562103,5,75.520556,0.9607067426328287,0.040000000000000036,True
5.748224,4,75.529604,0.9626892078677302,0.03200000000000003,True
