#{"t_start": 1790489149.3662412, "env_id": "None"}
r,l,t,coverage,mean_uncertainty,defects_found,miou,energy_used,success
-22.501379,146,4.63915,0.484375,0.7051986165973583,18,0.3579156230250219,1.0000000000000007,False
-27.271066,145,4.702783,0.65625,0.5851043117066601,14,0.2749046746487203,1.0000000000000007,False
-31.449968,145,4.767299,0.5,0.6625348635405894,8,0.2151821263825693,1.0000000000000009,False
-27.738925,146,4.83107,0.515625,0.6587098360615256,9,0.21694420451974597,1.0000000000000007,False
-46.597232,154,4.906071,0.359375,0.7725453211174833,9,0.19261603363007834,1.0000000000000009,False
-35.297438,145,4.971846,0.546875,0.6267326441564838,11,0.2660116803733834,1.0050000000000008,False
-36.812453,155,5.069238,0.453125,0.7143386705147541,4,0.13493272895492486,1.0050000000000008,False
-25.13535,157,5.141126,0.5703125,0.6267614699966902,17,0.44951740330699974,1.0000000000000007,False
-26.080353,149,5.210047,0.7265625,0.5167294380010428,18,0.3712827889725964,1.0050000000000008,False
-18.073024,141,5.273712,0.7109375,0.5305603003896977,15,0.3172423591530031,1.0000000000000007,False
-22.446173,152,5.344317,0.6015625,0.6019397205532803,15,0.36051566485566894,1.0000000000000009,False
-17.718616,150,5.413362,0.59375,0.6033599616738772,14,0.32473848378171105,1.0000000000000009,False
-19.336322,148,5.495331,0.4921875,0.6596786350818,10,0.2581164291741559,1.0050000000000008,False
-37.774579,155,5.565278,0.328125,0.7838369704642987,3,0.14877225984115972,1.0000000000000009,False
-17.451347,152,5.636514,0.8359375,0.42565809658438514,18,0.43633713292833554,1.0050000000000008,False
-46.641051,141,5.701277,0.2265625,0.8598461511647348,3,0.09441881804057309,1.0050000000000008,False
-35.179413,154,5.773773,0.484375,0.6802377454716403,11,0.2750729667803645,1.0000000000000007,False
-29.630408,152,5.844064,0.25,0.8167653782440093,5,0.11957329271499337,1.0000000000000007,False
-35.910161,143,5.910553,0.390625,0.7413958071950761,5,0.1571269976076587,1.0000000000000009,False
-32.456648,144,5.982361,0.4609375,0.7026700205427745,8,0.25862783095979347,1.0000000000000007,False
-31.773425,148,6.051702,0.390625,0.7122803260876565,8,0.2471745792145487,1.0000000000000009,False
-13.23662,153,6.119195,0.7109375,0.5155476955760525,12,0.24988982889599778,1.0000000000000009,False
-22.740681,154,6.186755,0.390625,0.7254052997499127,10,0.2165990176223954,1.0000000000000009,False
-29.689388,144,6.253042,0.3515625,0.7482514892969045,7,0.19797092794299534,1.0000000000000009,False
-20.91495,153,6.320228,0.7890625,0.5045149059244841,19,0.44581773727455054,1.0000000000000009,False
-15.155905,156,6.390814,0.7265625,0.5098577508534603,14,0.3237767721725341,1.0000000000000007,False
-27.608749,159,6.461301,0.4375,0.703714440645028,8,0.22283488050808284,1.0050000000000008,False
-25.9623,155,6.544579,0.6953125,0.5259979588011428,12,0.3228140823952494,1.0000000000000009,False
-29.865378,155,6.617132,0.546875,0.654629428345773,13,0.25754336788787635,1.0000000000000009,False
-19.384867,155,6.686651,0.421875,0.6810640724322208,9,0.22532004347766738,1.0000000000000009,False
-15.734488,149,6.75256,0.6328125,0.606235693798368,14,0.3374818117596031,1.0000000000000009,False
-26.42901,148,6.819035,0.625,0.5614840733541091,16,0.32922664825174397,1.0000000000000009,False
-30.362216,150,6.889434,0.78125,0.5197439270164012,15,0.3349992602664119,1.0050000000000008,False
-31.263461,151,7.141511,0.546875,0.6448400098835432,16,0.33004278527992914,1.0000000000000009,False
-16.385348,155,7.342742,0.6953125,0.56668259781951,12,0.2838244066820823,1.0000000000000007,False
-18.512917,153,7.54919,0.859375,0.47685354973513944,14,0.3362607456490703,1.0000000000000009,False
-20.188377,155,7.733808,0.5078125,0.6735507985496406,13,0.2806283850803844,1.0000000000000009,False
-14.474339,155,7.924255,0.7421875,0.5134981907961891,15,0.3593416412191865,1.0050000000000008,False
-7.514444,147,8.112798,0.59375,0.6005722706361345,9,0.2379804627084872,1.0050000000000008,False
-25.227855,148,8.289866,0.5,0.67285248689046,11,0.2382511444621194,1.0050000000000008,False
-19.094229,153,8.47471,0.640625,0.58331724099672,13,0.3284009812343901,1.0000000000000009,False
-10.536446,156,8.684511,0.84375,0.46469235687164967,16,0.4397625728977597,1.0000000000000009,False
-28.390163,148,8.876883,0.5234375,0.6645963230822785,9,0.24165367510202043,1.0000000000000007,False
-12.589931,161,9.08672,0.546875,0.6182233387160907,11,0.27023443707766953,1.0000000000000007,False
-22.670821,155,9.277946,0.7734375,0.5129512324163894,16,0.3553090682638864,1.0000000000000009,False
-31.689336,155,9.468977,0.609375,0.6505181282517329,9,0.22974062103717982,1.0000000000000007,False
-16.416963,152,9.671496,0.6640625,0.5876135897774977,11,0.36358074037034055,1.0000000000000009,False
-20.49718,149,9.853711,0.640625,0.5642313997236543,11,0.25006400215602687,1.0000000000000009,False
-3.936773,156,10.054804,0.8984375,0.4557124141747436,19,0.3827844947853435,1.0000000000000009,False
-6.628788,142,10.23142,0.9765625,0.38156009317383677,20,0.460859830811729,1.0000000000000007,False
-17.622454,152,10.417413,0.890625,0.47853454826186603,19,0.41473299881025344,1.0000000000000009,False
-26.297316,156,10.619717,0.578125,0.6354751513662097,14,0.2981868847676265,1.0000000000000009,False
-17.60865,154,10.832499,0.65625,0.586403823691634,11,0.3568725401042695,1.0000000000000009,False
-15.697279,153,11.036274,0.9453125,0.42500412175906677,17,0.45546404259326245,1.0000000000000009,False
-20.641156,156,11.245051,0.53125,0.6350709097142235,13,0.31307368217447495,1.0000000000000007,False
-19.386841,152,11.442864,0.8671875,0.443440416896444,17,0.38532789242016047,1.0050000000000008,False
-18.064502,156,11.670345,0.7734375,0.5239059121786617,17,0.4282126818458121,1.0000000000000009,False
-9.751947,155,11.899739,0.7890625,0.4994008454910064,15,0.39037757584358135,1.0000000000000009,False
-9.975203,150,12.115823,0.9921875,0.4008044667688836,20,0.46991224598877773,1.0050000000000008,False
-13.357794,145,12.326986,0.734375,0.5218064950807377,17,0.434889886627876,1.0050000000000008,False
-11.668972,153,12.542283,0.921875,0.4253769418927183,20,0.4694374228303864,1.0000000000000009,False
-13.368831,153,12.770376,0.7265625,0.5384557587988017,12,0.2997411612070126,1.0000000000000009,False
-6.536615,151,12.999511,0.8671875,0.4079799869886343,16,0.4650054741276126,1.0000000000000007,False
-14.264564,151,13.312808,0.8203125,0.4627736142853498,17,0.3930886546257296,1.0000000000000009,False
-11.888545,153,13.627613,0.9140625,0.4421006385879337,13,0.4147451012268596,1.0000000000000009,False
-10.499514,164,13.943275,0.6875,0.5344780858980287,14,0.3762160634695143,1.0050000000000008,False
-10.909884,148,16.048134,0.9453125,0.43262760329242506,22,0.4688445815320056,1.0000000000000007,False
-2.713701,145,16.235734,0.9921875,0.37039603088593276,17,0.4676855837121399,1.0000000000000009,False
-11.17876,160,16.449969,0.96875,0.3865228021692032,20,0.471075269486561,1.0050000000000008,False
-12.83512,163,16.670376,0.9140625,0.4368325110151229,19,0.46798959884469526,1.0000000000000009,False
-4.768815,152,16.891877,0.9453125,0.3919411765608863,16,0.4605943602657306,1.0000000000000009,False
-15.963536,149,17.088548,0.75,0.5320434323117702,13,0.4280593630596391,1.0000000000000009,False
-3.507315,156,17.309242,0.90625,0.4339019870311079,15,0.4090510756992115,1.0000000000000009,False
-6.277717,164,17.526668,0.9453125,0.4179989712199478,16,0.4140536734122105,1.0050000000000008,False
-15.109519,142,17.714431,0.796875,0.48467726964910185,17,0.38732693319572764,1.0000000000000009,False
-0.257234,154,17.929154,0.96875,0.38327043197142874,18,0.46323341378111194,1.0000000000000009,False
-9.200491,156,18.134631,0.9765625,0.42586943570338653,18,0.463193807230495,1.0050000000000008,False
-15.988332,151,18.332559,0.6875,0.5423578030304919,14,0.39487830884678143,1.0000000000000007,False
-4.82977,160,18.549211,0.9140625,0.3976938259645353,20,0.49288544216841135,1.0050000000000008,False
-26.249695,157,18.761973,0.9375,0.4734825558931222,14,0.3498501693319148,1.0000000000000009,False
-17.932119,151,18.999392,0.8125,0.4709897246898166,16,0.43382049222267444,1.0000000000000009,False
-10.496022,158,19.216013,0.734375,0.5254905826431486,16,0.41004085669348156,1.0000000000000009,False
-2.574915,158,19.423425,0.9375,0.4430175034745585,20,0.4413769452869514,1.0000000000000007,False
-2.525441,154,19.623371,0.9453125,0.42004954553151763,16,0.42656232695845414,1.0000000000000009,False
-6.362171,159,19.830426,0.9296875,0.4406637115336278,18,0.42321353036434733,1.0050000000000008,False
-3.160225,152,20.056153,0.953125,0.40915493802347824,15,0.46943390487265435,1.0050000000000008,False
-5.912125,151,20.419075,0.921875,0.41170326884712244,18,0.4240492538566103,1.0000000000000009,False
-8.388074,164,20.674662,0.90625,0.4501143160141169,17,0.3644139922398011,1.0000000000000009,False
-8.766502,142,20.880813,0.921875,0.4120804746487481,18,0.4555425482799245,1.0000000000000007,False
-5.370993,152,21.327194,0.9296875,0.41615253698172394,18,0.4075635469850069,1.0050000000000008,False
-9.34846,156,21.559259,0.9765625,0.3956076413277776,15,0.5264346761245011,1.0000000000000009,False
-7.236705,154,21.787809,0.8359375,0.4740150360936974,17,0.36084377505184084,1.0050000000000008,False
-7.659435,155,22.208183,0.9765625,0.37795444818806767,20,0.48463017371609596,1.0050000000000008,False
-14.761181,158,22.45033,0.921875,0.4126549566587508,16,0.4408373251356855,1.0050000000000008,False
-12.751574,157,22.705535,0.984375,0.46411812199260516,18,0.38430984382783046,1.0050000000000008,False
-6.944366,165,22.978902,0.8828125,0.4403104614541225,17,0.3937251346957721,1.0000000000000009,False
-9.933235,152,23.214862,0.8359375,0.47578822616777494,16,0.42664700568930036,1.0000000000000009,False
-5.616436,151,23.430413,0.9609375,0.41882001379721756,21,0.4536877548056929,1.0000000000000009,False
-6.658372,154,23.654794,0.859375,0.45491200066948523,15,0.4240645581280831,1.0050000000000008,False
-1.081334,155,23.903075,0.875,0.4659244588972333,14,0.3957924250417676,1.0000000000000009,False
-4.184774,163,24.17005,0.9765625,0.4249198345264333,22,0.4275491200827194,1.0050000000000008,False
-9.974947,159,24.412155,0.9453125,0.44589840506184214,15,0.39686699818701227,1.0000000000000007,False
-9.589452,152,24.631588,0.90625,0.4468494735369382,17,0.42012114942024564,1.0000000000000009,False
-9.472662,156,24.885789,0.84375,0.46737426053993336,13,0.3605329459403198,1.0000000000000009,False
-11.194356,150,25.103661,0.8984375,0.44165314211249185,16,0.4120209880457964,1.0000000000000007,False
-6.97642,156,25.336087,0.96875,0.39280835830005145,23,0.4658375858550227,1.0000000000000009,False
-9.777985,159,25.562828,0.875,0.4211170296080736,14,0.361787293013395,1.0000000000000009,False
-10.429669,160,25.845863,0.890625,0.4660372046686263,11,0.3832234991130863,1.0000000000000009,False
-12.76159,154,26.153762,0.828125,0.4860070156437264,22,0.4600956833520483,1.0000000000000007,False
-14.68243,154,26.434006,0.9140625,0.4170588490802106,14,0.484797749817404,1.0000000000000009,False
-2.691409,154,26.749437,0.890625,0.4049812242393708,16,0.4352498036323127,1.0000000000000007,False
-5.562219,161,27.093363,0.8828125,0.44442370704073686,17,0.36508655295970094,1.0000000000000009,False
-4.156885,159,27.426508,0.921875,0.4029313367956997,18,0.4626984741948511,1.0000000000000009,False
-17.711719,154,27.752145,0.8515625,0.4643828575717078,18,0.39450921717601617,1.0000000000000007,False
-11.03947,157,28.078791,0.796875,0.4933639496643659,15,0.41481651443965534,1.0000000000000007,False
-1.450225,154,28.412906,0.8671875,0.45166692658684443,16,0.44211904392605234,1.0000000000000009,False
-8.340116,153,28.620849,0.8828125,0.4165696912909728,15,0.4510485987016079,1.0000000000000007,False
-3.848533,161,28.84273,1.0,0.34872311760921937,21,0.5067426745808583,1.0000000000000009,False
-15.128921,163,29.086542,0.96875,0.3789514055567224,20,0.4608051877535498,1.0000000000000009,False
-13.374379,156,29.302513,0.8828125,0.4636684162062154,13,0.35115409832247224,1.0050000000000008,False
-1.391024,156,29.531373,0.921875,0.4134826716348432,20,0.47043111525730247,1.0000000000000007,False
-5.470819,158,29.755288,0.875,0.4467315415514823,20,0.4580133889117199,1.0000000000000007,False
-10.718968,156,29.973302,0.890625,0.44574860908920305,17,0.3772423399345337,1.0000000000000009,False
-16.730445,162,30.202916,0.90625,0.43842562172119315,22,0.44109659363645964,1.0000000000000009,False
-7.526527,151,30.437052,0.8828125,0.44884457586612847,18,0.38342867019989263,1.0050000000000008,False
-15.585373,159,30.671735,0.875,0.42483735955622204,14,0.41413873978280874,1.0000000000000009,False
-11.530469,154,30.898906,0.8515625,0.4695590468884473,17,0.44042989941319965,1.0000000000000009,False
-8.927436,157,31.132898,0.9375,0.39240452233191536,17,0.4594047039105421,1.0000000000000009,False
-0.343174,154,31.335385,1.0,0.3353553734807573,25,0.5227055512368273,1.0000000000000007,False
-1.698251,154,31.567052,0.9921875,0.35660929534104,22,0.4567962407762164,1.0000000000000009,False
-14.145647,158,33.090037,0.828125,0.5041817517941988,12,0.35598546661303576,1.0000000000000009,False
-4.728431,154,33.296063,0.9921875,0.3589485897607169,20,0.5043533633181904,1.0050000000000008,False
-8.842153,153,33.529264,0.9765625,0.3634407992618557,15,0.5046087316626274,1.0000000000000009,False
-11.878376,160,33.768668,0.953125,0.36535554715232743,20,0.4946207602022267,1.0000000000000009,False
1.043764,158,33.993768,1.0,0.3490634559021425,21,0.5063430304788376,1.0000000000000009,False
0.024359,163,34.226863,0.9765625,0.34937323088735606,22,0.5030081598928356,1.0000000000000009,False
0.400928,155,34.436158,1.0,0.3256997748942052,21,0.5508269550963044,1.0000000000000007,False
-9.95594,163,34.674231,0.9375,0.39335805126956047,16,0.4597805732761805,1.0000000000000009,False
-2.334437,154,34.90108,0.96875,0.3805217807681289,23,0.4599097156210528,1.0000000000000007,False
-5.527948,161,35.117176,0.9765625,0.3675749240700654,20,0.4882048946907365,1.0050000000000008,False
-9.553737,153,35.361325,0.9296875,0.4276139629407685,21,0.4882736592599987,1.0000000000000009,False
-11.317175,157,35.593936,0.8203125,0.4435675142944644,14,0.3964629673104041,1.0000000000000009,False
-3.105916,156,35.80181,0.9296875,0.41277699541386886,20,0.5014586426790708,1.0050000000000008,False
-11.495491,157,36.023536,0.8984375,0.4095781865267969,15,0.44361006345519793,1.0000000000000009,False
-7.764907,163,36.249445,0.9296875,0.37143612441794843,20,0.4810048836929222,1.0000000000000009,False
1.626994,154,36.468647,0.9296875,0.3623396919772578,23,0.5217289882848749,1.0000000000000009,False
-3.702396,165,36.710599,0.96875,0.38392409374078224,22,0.5186988939761655,1.0000000000000009,False
-9.525921,165,36.947945,0.9453125,0.37093897584781127,21,0.5204252528533068,1.0050000000000008,False
-11.240229,164,37.186405,0.9375,0.3886730946361292,21,0.5191080606601995,1.0000000000000009,False
-4.635665,156,37.424992,0.9609375,0.36114832817585896,19,0.5105582333557592,1.0000000000000009,False
-16.714771,165,37.667359,0.953125,0.4340970773383857,16,0.39207719873770325,1.0000000000000009,False
-3.776692,152,37.881768,0.828125,0.41692578347872045,18,0.45525008227959246,1.0050000000000008,False
-8.538318,154,38.115722,0.9453125,0.3881507959006344,20,0.44836322671084666,1.0000000000000009,False
-3.141463,160,38.341915,0.921875,0.42339129407829246,17,0.39510120877329225,1.0000000000000009,False
1.328735,159,38.647485,0.9609375,0.3579354448701165,20,0.5083947336188804,1.0000000000000009,False
-6.567881,165,38.981347,1.0,0.3613687112452926,18,0.49737530740892244,1.0000000000000007,False
-6.651204,166,39.305066,0.890625,0.42914486457503703,17,0.44377900670922715,1.0000000000000009,False
-3.643427,167,39.635986,0.90625,0.37546142557857093,20,0.4375636713344872,1.0000000000000009,False
-5.845461,163,39.943322,0.984375,0.3267701428729175,16,0.5356469038776865,1.0000000000000009,False
-11.256555,150,40.198061,1.0,0.39427833112016936,20,0.4403132901425506,1.0000000000000009,False
-6.926949,159,40.501326,0.84375,0.43142210437122663,20,0.46246470101094644,1.0050000000000008,False
-6.604658,162,40.877348,0.921875,0.3864979110847047,22,0.4969214085491546,1.0000000000000009,False
-4.248808,165,41.177232,0.984375,0.35942263129030133,23,0.513624300190046,1.0000000000000009,False
-2.291572,160,41.410852,0.9765625,0.34005009246259904,22,0.5382060745596073,1.0000000000000009,False
-1.058038,164,41.651008,0.984375,0.3503351251663255,23,0.4862033742629906,1.0000000000000009,False
2.880338,164,41.905451,1.0,0.3252403268665133,22,0.51362073430874,1.0050000000000008,False
-11.406837,167,42.149533,0.96875,0.4029246683932256,17,0.4683624951643358,1.0050000000000008,False
-4.89229,161,42.375532,0.9296875,0.3823607831382841,19,0.47232968811143977,1.0000000000000009,False
-9.556615,162,42.604026,0.96875,0.3798188586563465,21,0.5075099315746366,1.0050000000000008,False
-4.15507,166,42.844393,0.9765625,0.3520145541522577,23,0.5101367701949905,1.0000000000000009,False
1.135297,159,43.09611,0.984375,0.3504879588173248,16,0.4896641529996313,1.0000000000000009,False
1.209169,163,43.339148,1.0,0.3635463189295597,19,0.5116006444544893,1.0000000000000009,False
-6.456837,156,43.56434,0.921875,0.3768396410886259,21,0.4985369576644431,1.0000000000000009,False
-2.629854,174,43.831939,0.9765625,0.3513277297695889,16,0.5140703158100399,1.0000000000000009,False
-6.012251,152,44.069666,0.9453125,0.3810392285567347,21,0.48209299236085507,1.0000000000000009,False
-5.103789,149,44.289673,0.9765625,0.3564597314011786,21,0.511061666122786,1.0000000000000009,False
0.236987,157,44.51894,0.8828125,0.39050125999825724,14,0.371671410836449,1.0000000000000007,False
3.636462,163,44.741049,1.0,0.3376222619016205,21,0.517467781673113,1.0050000000000008,False
-0.842628,160,44.978057,0.984375,0.3587693507872677,20,0.49622933195236063,1.0000000000000009,False
-8.517575,162,45.214192,0.9375,0.3784091509519404,16,0.4677282774619693,1.0000000000000009,False
-0.871781,156,45.447788,0.9609375,0.34393486799347295,20,0.5184732399443304,1.0050000000000008,False
-1.825199,149,45.696342,0.9296875,0.4009979607941748,16,0.4156955949863312,1.0000000000000007,False
11.70787,155,46.009403,0.9921875,0.3180314689810255,21,0.5740644325338852,0.9550000000000008,True
-2.082403,159,46.272446,0.9921875,0.36024601520736854,17,0.5184076777026132,1.0000000000000009,False
-6.459645,157,46.495471,0.8984375,0.3899763541468264,21,0.4916680114911782,1.0000000000000009,False
-5.829721,162,46.73489,0.890625,0.437475995298985,18,0.39866957640992623,1.0000000000000009,False
-8.885024,164,46.969233,0.9609375,0.3480064401377399,20,0.49148895324678143,1.0000000000000007,False
-3.293821,151,47.201908,0.9921875,0.3525932264379511,18,0.49383156187586486,1.0000000000000009,False
-4.917487,158,47.420625,1.0,0.35495139811569837,20,0.4845645594428909,1.0000000000000009,False
-6.909598,169,47.659184,1.0,0.34620900716489755,22,0.4754675089864514,1.0000000000000009,False
0.641947,158,47.884996,0.9296875,0.38542652779123443,17,0.4555144257425207,1.0000000000000007,False
-1.74085,164,48.142386,0.96875,0.32668115000859865,20,0.5135184596123278,1.0000000000000009,False
3.293216,169,49.530376,0.9921875,0.31894459354955984,21,0.531634632983916,1.0050000000000008,True
-2.347086,156,49.755212,0.953125,0.3532129730937831,22,0.49349760582240837,1.0000000000000009,False
-1.524379,159,49.989429,0.984375,0.35593953454808536,23,0.531550547848187,1.0000000000000009,False
-0.112947,164,50.232383,0.921875,0.3864423970903313,18,0.4672477875340567,1.0000000000000007,False
8.814445,156,50.439949,0.9921875,0.31603089432432985,22,0.5758598544799678,0.9150000000000008,True
-1.165905,171,50.697522,0.9921875,0.3207974344776028,21,0.5253306341675281,1.0050000000000008,False
-1.564852,159,50.936992,1.0,0.3498905675534988,22,0.5194030928554833,1.0000000000000009,False
-8.973692,154,51.281604,0.9921875,0.34646595047620427,20,0.49859475950875953,1.0000000000000009,False
-4.255301,165,51.624248,0.9765625,0.34256039086496853,21,0.5157375853438064,1.0000000000000009,False
-6.118679,153,51.947279,0.984375,0.3781529151914108,20,0.5186145894407894,1.0000000000000009,False
-4.950422,159,52.27873,0.9921875,0.36146277847071084,22,0.5037808968186417,1.0050000000000008,False
-9.011987,162,52.601454,0.984375,0.3810935628758375,18,0.4355910197667043,1.0000000000000007,False
-8.601342,165,52.952876,0.9453125,0.3612816874394425,20,0.5096915410582032,1.0000000000000007,False
-4.969619,161,53.315397,0.984375,0.3722107709275496,21,0.4944313753729909,1.0000000000000009,False
4.079243,168,53.710012,0.9453125,0.35349807989433335,22,0.4866211965723153,1.0050000000000008,False
-11.728173,159,53.960567,0.953125,0.3937596977532854,19,0.4449966848526335,1.0000000000000009,False
8.292842,154,54.204443,0.9921875,0.31793560997891857,23,0.5468256960724543,0.9800000000000009,True
-4.263963,160,54.470518,0.9296875,0.37396343699315154,22,0.5048666783460796,1.0050000000000008,False
-2.566349,152,54.724431,0.96875,0.34433539729928514,19,0.5239580288513961,1.0000000000000009,False
-10.796682,171,55.001234,0.8828125,0.40845718676018455,18,0.4767521715149716,1.0000000000000007,False
0.748762,163,55.25893,0.890625,0.3777758611782237,21,0.5113895977845305,1.0050000000000008,False
-2.432631,166,55.523321,0.9609375,0.36527590053676684,22,0.49489475524986726,1.0000000000000009,False
0.594696,158,55.780046,0.9375,0.3618688250089108,22,0.48593880280577717,1.0000000000000009,False
-1.555153,159,56.055931,0.96875,0.3766537968660758,20,0.46326559838766873,1.0000000000000009,False
-1.531245,163,56.300089,0.9375,0.3694848272113105,22,0.5477305596314808,1.0000000000000009,False
-4.96494,156,56.535659,0.859375,0.4214886672696427,15,0.4674794599087115,1.0000000000000009,False
1.909853,159,56.79942,0.9375,0.35546532114272195,19,0.4342915521415262,1.0000000000000009,False
-0.016638,159,57.046782,0.9765625,0.337571096561771,20,0.4919201639968944,1.0000000000000009,False
1.332859,160,57.292869,0.9765625,0.3472213819395815,20,0.506559839157472,1.0000000000000009,False
13.610721,150,57.534486,0.9765625,0.3191232992279308,24,0.56150674363488,0.9400000000000008,True
-11.510058,160,57.794772,0.890625,0.38118355908913565,14,0.4799278460069495,1.0000000000000009,False
17.180223,156,58.041717,0.9765625,0.3189700333647092,20,0.5232781859609357,0.9500000000000008,True
3.184119,166,58.309194,0.96875,0.3246496166761797,22,0.4898753487684928,1.0000000000000009,False
2.361473,154,58.555943,0.9453125,0.3424680623658216,20,0.4961920242691302,1.0000000000000009,False
0.320528,166,58.829025,0.9921875,0.3488440243520088,17,0.4736105088559042,1.0000000000000009,False
-1.627832,166,59.103547,0.9765625,0.3643673297037896,20,0.5383391316921193,1.0000000000000009,False
-11.123245,169,59.375865,0.921875,0.35247542091032047,22,0.5301484383058211,1.0000000000000009,False
-1.36923,161,59.630662,0.9296875,0.3733685310818766,23,0.5663850445605312,1.0000000000000009,False
9.403282,152,59.856845,1.0,0.31954752940352676,21,0.5484656484342375,0.9200000000000008,True
2.351764,167,60.099069,1.0,0.3234630419431874,20,0.5619881448533061,1.0000000000000009,False
3.799826,151,60.320834,0.9609375,0.3568423633901283,21,0.5514383618949301,1.0000000000000009,False
4.647669,169,60.587257,0.921875,0.35710962795366785,22,0.5198044773715937,1.0050000000000008,False
25.612069,133,60.80211,0.96875,0.31934465806947326,22,0.5274700825895956,0.7950000000000007,True
6.739586,165,61.078989,0.984375,0.323016713717704,23,0.5334337170158183,1.0000000000000009,False
12.09795,158,61.315727,0.9765625,0.3137303603096804,23,0.5469702494222219,0.9500000000000007,True
-6.354442,166,61.582864,0.921875,0.37057465504036996,18,0.4373508929124092,1.0050000000000008,False
17.972084,149,61.791437,0.984375,0.31883373381203517,19,0.4967651064115843,0.9100000000000008,True
23.591089,130,61.99515,0.9921875,0.31918461553226946,19,0.522301737819211,0.7600000000000007,True
21.037515,132,62.22553,0.984375,0.31714406866583744,20,0.5317461292389919,0.7350000000000007,True
-4.355572,163,62.489064,0.9921875,0.3634150619726785,22,0.5150362731996716,1.0050000000000008,False
3.928286,165,62.780138,0.984375,0.3363956289466392,23,0.5191752777594011,1.0000000000000009,False
4.809425,169,63.057068,0.984375,0.3263076356880187,20,0.5142105806642808,1.0000000000000009,False
3.702872,167,63.3245,0.9453125,0.39176668631648026,17,0.44102141507985565,1.0000000000000009,False
16.255382,164,63.587234,0.9921875,0.31741871563466006,25,0.5527735420600625,0.9600000000000009,True
2.039519,160,63.978018,1.0,0.3420981998745036,20,0.49330428810244337,1.0000000000000009,False
1.077195,171,64.317649,0.9765625,0.3368211505682782,21,0.5490968555849164,1.0000000000000009,False
16.906751,165,64.683103,0.984375,0.31933349906022435,22,0.51406765764015,0.9800000000000008,True
-1.580798,171,65.072157,0.96875,0.3611052932503299,21,0.4912845154479204,1.0000000000000007,False
18.177059,145,65.364159,0.9609375,0.31904875394461185,18,0.5519138432642424,0.8550000000000008,True
24.982326,123,65.605925,0.9921875,0.31962036379562264,20,0.5109985818288366,0.6950000000000006,True
14.610104,144,65.932187,1.0,0.31992552071142166,21,0.5116064930878609,0.8950000000000008,True
-1.69538,171,66.345683,0.9609375,0.3319454280654232,20,0.47756996833934545,1.0000000000000009,False
3.471423,165,66.616127,0.9765625,0.3333777384602393,22,0.5065113489789506,1.0000000000000009,False
3.114271,162,68.076392,1.0,0.3704372267403129,19,0.47181554641336354,1.0000000000000009,False
5.736696,168,68.320093,0.9453125,0.3156010123794554,23,0.5955374306994622,1.0000000000000009,False
21.657281,126,68.509254,0.984375,0.3183951417436723,21,0.5085688267393278,0.7400000000000007,True
18.916166,138,68.719929,0.984375,0.31825336053688436,19,0.537086298765468,0.8550000000000008,True
25.050363,123,68.909603,0.984375,0.315061639465963,19,0.49945399961999304,0.7550000000000007,True
19.078839,134,69.099152,0.984375,0.3198018349412143,21,0.5171389422720255,0.7950000000000007,True
30.198766,114,69.262129,0.96875,0.31552134086388234,23,0.5499784512668797,0.6650000000000006,True
23.272587,150,69.483151,1.0,0.31993664958717344,21,0.5445255751415264,0.8800000000000008,True
1.958162,162,69.728038,0.984375,0.3287752436295476,22,0.5185046732286949,1.0000000000000009,False
22.733388,141,69.976776,0.9921875,0.31951371971266457,20,0.5520704529750595,0.8350000000000007,True
14.045382,155,70.244557,0.96875,0.319913591323736,22,0.5154796015490091,0.9400000000000008,True
0.527858,170,70.514866,0.9140625,0.3418584975220838,22,0.5888942118035501,1.0000000000000009,False
15.523628,148,70.755241,1.0,0.3121327643748068,21,0.5604761664122011,0.9350000000000008,True
20.839205,147,70.993509,0.9921875,0.3174118571193286,22,0.5481346687275629,0.8350000000000007,True
20.268557,143,71.220401,0.984375,0.31950284898785164,20,0.5388998194216599,0.9600000000000007,True
3.675339,176,71.485205,0.984375,0.3391049405600781,15,0.507082005930567,1.0000000000000009,False
-1.906789,163,71.732303,0.9921875,0.3259737834806271,18,0.501169064701565,1.0050000000000008,False
18.604502,125,71.93068,1.0,0.3193164113192444,21,0.5493650992173807,0.7750000000000007,True
5.004985,173,72.218319,0.984375,0.3265766859851948,22,0.5464886482551604,1.0000000000000007,False
18.994642,136,72.43495,0.984375,0.3196846066765518,15,0.5215788935398178,0.8500000000000008,True
-0.783049,171,72.721162,0.96875,0.32684875392133805,26,0.5663530056463064,1.0000000000000009,False
-1.788652,163,72.968549,0.984375,0.33131759411543893,19,0.46772760927216317,1.0000000000000009,False
8.698272,171,73.245523,1.0,0.3229380380566585,24,0.5475827365371352,1.0050000000000008,False
2.079704,161,73.490941,0.96875,0.3322159585524491,24,0.5376784737549125,1.0000000000000009,False
21.798755,136,73.709082,0.9921875,0.31806673236303773,23,0.5682300591682335,0.7850000000000007,True
-1.785747,159,73.977171,0.984375,0.32957050495740825,25,0.5669111220993537,1.0000000000000009,False
5.842991,159,74.242541,0.9296875,0.32741175754651364,22,0.5126860595762528,1.0000000000000009,False
20.883021,119,74.414562,0.984375,0.3172595296983506,20,0.5368913468486212,0.7100000000000006,True
24.594773,117,74.595789,1.0,0.31674065494744663,23,0.5651077361082636,0.7150000000000006,True
15.257315,166,74.854039,0.9921875,0.31843574175800915,22,0.5397496812866367,0.9400000000000008,True
26.457489,111,75.049563,0.9921875,0.31500220896854486,21,0.5674372471623598,0.6950000000000006,True
23.25506,128,75.263203,0.984375,0.31730958194404874,18,0.5269776401749768,0.7550000000000007,True
26.462583,117,75.449987,0.96875,0.3199255061213908,21,0.47490991632521473,0.6800000000000006,True
21.626265,133,75.657714,0.9921875,0.31731970547035,21,0.549561430252352,0.7850000000000007,True
19.966822,140,75.904608,1.0,0.3195766617275027,22,0.5393658218034415,0.8200000000000007,True
22.371097,134,76.138721,0.9921875,0.31918675260816376,22,0.5411573147136647,0.8150000000000007,True
-2.49064,166,76.40076,0.9921875,0.3335292824552789,21,0.5585331896594249,1.0050000000000008,False
16.240009,132,76.699832,0.9765625,0.31828497075181017,23,0.5575802610190664,0.7600000000000007,True
20.904614,137,77.002263,0.9765625,0.31984873416961274,24,0.5295234825456205,0.7800000000000007,True
2.78441,176,77.400408,0.96875,0.32776297149413536,23,0.5372490659841032,1.0000000000000009,False
23.721907,125,77.661441,1.0,0.31882690281514336,23,0.5631089055957302,0.7500000000000007,True
19.736321,134,77.917065,0.984375,0.31994595913084367,25,0.5822927410403231,0.7500000000000007,True
26.991738,123,78.151737,0.96875,0.3187771023470841,20,0.4822084483987172,0.7300000000000006,True
6.199122,164,78.501272,0.9453125,0.340406853297446,20,0.5315284724672098,1.0000000000000009,False
19.75768,161,78.888158,1.0,0.318859394655588,24,0.5103949969242104,0.9450000000000008,True
18.831315,141,79.182062,1.0,0.3187537909943324,24,0.5267061203463954,0.9250000000000008,True
8.573782,169,79.54449,1.0,0.3237426046142446,16,0.5064909390643836,1.0000000000000009,False
16.415302,149,79.820667,0.984375,0.3166325652677938,20,0.5373310013238509,0.8950000000000008,True
27.894756,117,80.047036,1.0,0.3191701963963859,20,0.5393748154782366,0.6550000000000006,True
19.128627,166,80.328561,1.0,0.3190210365200225,25,0.5391433580837048,0.9450000000000008,True
20.315216,153,80.564828,0.96875,0.3176223977326462,23,0.5408329428898019,0.8550000000000008,True
-0.29772,148,80.821271,1.0,0.3532033660879163,19,0.4800682892067967,1.0000000000000009,False
27.232982,124,81.041646,0.9921875,0.31967672372218525,16,0.5566995947354239,0.7300000000000006,True
17.034203,150,81.281204,0.9609375,0.31910571688559664,22,0.5102068520075695,0.8950000000000008,True
17.508012,144,81.504798,0.984375,0.31875117524309593,20,0.5661861053482443,0.8450000000000008,True
17.773255,151,81.732794,0.984375,0.3192780053196592,22,0.5166980300124112,0.9150000000000008,True
21.122168,145,81.951372,0.96875,0.31873326958631354,20,0.5348931174122287,0.8400000000000007,True
19.152168,142,82.163766,0.9765625,0.3194750691885867,20,0.5478598541508799,0.8400000000000007,True
17.695293,165,82.418741,0.96875,0.31545447218060463,18,0.5421973041515552,0.9450000000000008,True
25.424396,111,82.58085,1.0,0.3194274017746469,20,0.5350317716523246,0.6800000000000006,True
16.848887,160,82.813971,0.9765625,0.3199391515510967,23,0.5218111325427439,0.9250000000000008,True
23.384737,143,83.044331,0.96875,0.3193956250363106,23,0.5513779371214986,0.8300000000000007,True
24.892881,122,83.271954,0.9921875,0.31876322620357006,21,0.5371013652084333,0.7500000000000007,True
1.983063,167,83.625892,0.953125,0.334324754537769,20,0.48495161022223854,1.0000000000000009,False
19.466811,142,83.926908,0.9921875,0.3188675842254427,23,0.5489010028609245,0.8400000000000007,True
5.640853,170,84.243042,1.0,0.35787719044066435,24,0.5175144172224717,1.0000000000000009,False
21.190419,137,84.464201,0.9921875,0.3189396090140709,19,0.5534553457597515,0.8250000000000007,True
27.554985,111,84.642527,1.0,0.3182113240877127,21,0.5337767249263584,0.6900000000000006,True
22.462087,139,84.848323,0.9921875,0.3193154818715593,23,0.5651297820512322,0.8000000000000007,True
8.028677,168,86.376647,0.9609375,0.33909531356861616,22,0.5271475823379455,1.0000000000000009,False
23.132336,141,86.635221,0.9921875,0.3178260531873253,23,0.5461938350671646,0.8700000000000008,True
29.032393,116,86.843799,0.984375,0.3190608644607874,22,0.5224228070086064,0.6400000000000006,True
6.628517,155,87.09491,0.953125,0.36714750507782334,21,0.5422323816763784,1.0000000000000009,False
4.236012,169,87.396513,0.9375,0.32380842930596887,21,0.5411978232833631,1.0000000000000009,False
5.704587,183,87.694054,0.984375,0.32207792358545984,21,0.5310537826291608,1.0000000000000009,False
16.954387,154,87.939007,0.953125,0.3134762549496688,20,0.45026094330313143,0.9150000000000008,True
24.571339,144,88.165064,0.953125,0.31999388190610145,23,0.5591963269863057,0.7800000000000007,True
20.108803,131,88.354131,0.9921875,0.3199890558586428,25,0.578505954289869,0.8000000000000007,True
26.171739,117,88.519868,0.984375,0.3163202040833293,25,0.5499524208420258,0.7150000000000006,True
22.564741,159,88.762446,0.953125,0.29693963832523773,24,0.5797937153209136,0.8600000000000008,True
25.867079,125,88.942728,0.96875,0.31997804301940724,19,0.5581575562761067,0.7200000000000006,True
31.397697,103,89.15804,0.984375,0.31991422579140383,21,0.5255881901522244,0.5900000000000005,True
21.141727,145,89.436146,0.9765625,0.31835307066967977,23,0.5417893758225844,0.8500000000000008,True
21.279512,163,89.750757,0.953125,0.29196211156066076,25,0.5776880801111827,0.9300000000000008,True
25.97751,126,90.011266,0.96875,0.31983428228739597,21,0.5588374189975307,0.7750000000000007,True
20.56772,143,90.297012,0.953125,0.31889759420633756,21,0.5232558005669857,0.8550000000000008,True
21.82736,149,90.562317,0.96875,0.31976162750918236,24,0.5397114468594885,0.8600000000000008,True
8.606666,175,90.922576,0.9453125,0.32924994009991626,19,0.54015045899686,1.0050000000000008,False
3.895759,166,91.280164,0.9375,0.35348837424932716,17,0.5020527881698649,1.0000000000000009,False
1.659303,159,91.617856,0.8828125,0.44436659614525503,21,0.49983091867666346,1.0000000000000009,False
17.526707,169,91.868981,0.96875,0.31845791106129145,24,0.5363976070708405,0.9250000000000008,True
25.665994,119,92.050301,0.9765625,0.318911504350172,22,0.5641568005301839,0.7600000000000007,True
7.761675,176,92.301523,0.8984375,0.3637429012089573,19,0.45736022187320924,1.0050000000000008,False
29.229555,88,92.424438,0.9609375,0.31955911415034133,18,0.5272096437658967,0.5450000000000005,True
25.35952,126,92.607475,0.9609375,0.3194928067234918,24,0.5163495392575425,0.7650000000000007,True
26.09979,129,92.809088,0.953125,0.318725377824431,23,0.5415943958477398,0.7550000000000007,True
19.305227,153,93.049523,0.984375,0.31968644607906027,24,0.5299368756560712,0.8550000000000008,True
34.610318,92,93.177785,0.9921875,0.3196753965089273,22,0.5381805305667997,0.5200000000000005,True
8.349497,155,93.393103,0.96875,0.33199382576602243,24,0.5438596897229232,1.0000000000000009,False
24.888935,126,93.590186,0.984375,0.3195351665086654,20,0.5345430289604869,0.8200000000000007,True
29.727701,105,93.769038,0.9765625,0.3193331686743648,24,0.525880846334334,0.6700000000000006,True
29.203851,128,93.998321,0.9609375,0.31919477314740197,17,0.49482160291345056,0.7100000000000006,True
29.727174,107,94.172389,0.984375,0.31815660010788505,20,0.5676674850645832,0.6900000000000006,True
33.551305,88,94.315677,0.9921875,0.3196681988030164,21,0.5657048278170733,0.5150000000000005,True
24.259653,131,94.505289,1.0,0.31958662183236897,24,0.5411377186457049,0.7850000000000007,True
21.917761,159,94.741799,0.953125,0.2928385411749414,19,0.49412496477100404,0.9100000000000008,True
9.074814,167,94.999623,0.9296875,0.3359890619883834,23,0.5574473302252363,1.0050000000000008,False
7.524578,165,95.244337,0.8984375,0.3680931309163311,19,0.495922508418125,1.0000000000000009,False
28.938336,123,95.428006,0.9921875,0.31981864145211464,15,0.5589492199478286,0.7050000000000006,True
27.107647,135,95.632248,0.953125,0.3190073346169494,22,0.5737646253003474,0.7500000000000007,True
30.815824,97,95.779452,0.984375,0.31458723154939594,18,0.560340747017883,0.6050000000000005,True
5.665303,175,96.04123,0.9765625,0.32665463712239357,21,0.5353933224620816,1.0000000000000009,False
4.355487,180,96.312161,0.921875,0.3534525771834131,19,0.5040934236525241,1.0000000000000009,False
0.48061,185,96.587334,0.6875,0.5181939244168248,16,0.36931365841972447,1.0050000000000008,False
23.851676,150,96.82264,0.984375,0.3192042200298149,22,0.5503249120788175,0.8000000000000007,True
24.092631,142,97.057902,0.953125,0.314272538649118,23,0.5442206951023237,0.7900000000000007,True
7.925549,169,97.334412,0.890625,0.3303129683620696,22,0.5497024279401905,1.0000000000000009,False
26.541278,133,97.554576,0.96875,0.31915514212602064,19,0.5135504499707463,0.8250000000000007,True
21.505262,160,97.819768,0.953125,0.3031434987970385,22,0.5489137223022136,0.8850000000000008,True
26.564893,128,98.02427,0.984375,0.3190149985289596,23,0.5585680747964518,0.7600000000000007,True
25.320908,144,98.232331,0.96875,0.31989994397084626,22,0.5942295604737078,0.7850000000000007,True
25.500131,144,98.44922,0.953125,0.30739776915023675,23,0.55780458967806,0.7700000000000007,True
6.333124,187,98.733069,0.9296875,0.33389352345186174,20,0.5484398154809397,1.0000000000000009,False
10.403636,170,98.997967,0.9453125,0.33606579083966337,18,0.4954514505731086,1.0000000000000009,False
24.674136,149,99.22758,0.9609375,0.31967880537079285,22,0.5025329482427264,0.8300000000000007,True
25.883013,136,99.44514,0.953125,0.3139446456623215,18,0.5400264463951665,0.7700000000000007,True
17.34876,182,99.719295,0.96875,0.3198744100481799,20,0.54683247339938,0.9800000000000009,True
28.962957,120,99.896232,0.9765625,0.31989593101278513,15,0.5564368839318644,0.7400000000000007,True
29.971143,103,100.060687,0.984375,0.3198108898951062,20,0.5627099008538492,0.6500000000000006,True
32.358416,99,100.218694,0.984375,0.31703405500248627,24,0.5170294456951798,0.5650000000000005,True
30.650596,117,100.384611,0.9765625,0.3194125238862705,22,0.541005544494631,0.6450000000000006,True
27.43897,130,100.572249,0.9765625,0.31956846084787394,23,0.5531770308971038,0.7050000000000006,True
6.35988,189,100.841417,0.953125,0.32763227930652045,16,0.5402505682420172,1.0000000000000009,False
25.105505,141,101.055598,0.953125,0.3172197632660362,20,0.5259838455667859,0.7950000000000007,True
21.738791,150,101.273594,0.984375,0.3155151580198884,23,0.5264056514219951,0.8550000000000008,True
21.309051,171,101.51698,0.9765625,0.3188558807943742,20,0.5465227963080656,0.9100000000000008,True
31.428722,106,101.705935,0.9921875,0.3182244571681242,23,0.5321416825011693,0.5800000000000005,True
5.663337,191,102.081146,0.96875,0.3326508239398803,21,0.5441811828222461,1.0000000000000009,False
23.505722,138,102.344038,0.9921875,0.31911937237598353,21,0.5425225208097499,0.8450000000000008,True
25.988658,133,103.795764,0.96875,0.3196602492803402,25,0.5658951662989942,0.7900000000000007,True
22.133236,136,104.149037,0.96875,0.31928366520669504,25,0.5521596216595667,0.9150000000000008,True
27.081701,138,104.451416,0.953125,0.3192995819016408,20,0.5308496083815339,0.7800000000000007,True
4.331526,151,104.682103,0.8203125,0.46027881206303867,16,0.4124191480726607,1.0000000000000009,False
30.269311,114,104.861684,0.96875,0.3155627315358336,19,0.5665016178087969,0.6350000000000006,True
33.278405,100,105.028962,0.984375,0.3191533121037625,22,0.5536893620357735,0.5300000000000005,True
25.132185,151,105.278139,0.96875,0.3157608766867831,17,0.5168494478515749,0.7950000000000007,True
31.72489,98,105.423147,0.9921875,0.31979808704320645,24,0.5421223366535999,0.5400000000000005,True
27.313027,126,105.616821,0.984375,0.3148691648732729,20,0.5286395254548844,0.7200000000000006,True
22.697708,131,105.813777,0.984375,0.3149115352336016,20,0.5408840563870003,0.9500000000000008,True
24.681532,136,106.047503,0.9609375,0.3176987559254198,19,0.5615871263934765,0.8050000000000007,True
28.814493,115,106.236337,0.984375,0.3193381354039868,23,0.55782561070018,0.6450000000000006,True
31.416567,109,106.415609,0.9609375,0.3187937698570134,23,0.5518694043959296,0.6150000000000005,True
24.108994,166,106.675839,0.9765625,0.3141700505849192,22,0.5693112981708213,0.8900000000000008,True
5.86483,181,106.955623,0.984375,0.3505658613967273,19,0.5017082274934108,1.0000000000000009,False
4.628884,192,107.250628,0.9609375,0.3595019480386612,20,0.4964273068995767,1.0000000000000009,False
24.692182,136,107.474164,0.9609375,0.31568405349302336,21,0.5143692166611709,0.8650000000000008,True
21.835452,163,107.73569,0.9609375,0.31531200619124433,19,0.5177584069036633,0.8800000000000008,True
6.977029,181,108.02667,0.9375,0.32747103672678946,23,0.5285081414729539,1.0000000000000009,False
17.368774,180,108.300641,0.96875,0.317497286823391,24,0.5428410387418305,0.9900000000000008,True
33.76796,90,108.447139,1.0,0.31377723698576176,19,0.5243623634250976,0.5150000000000005,True
28.623492,128,108.638855,0.96875,0.3198917607649364,21,0.5478333921815003,0.7300000000000006,True
27.259985,110,108.803556,0.9765625,0.31786985401539414,22,0.5333805494532083,0.7750000000000007,True
26.316621,121,108.989791,0.9609375,0.31915879049041124,23,0.5406841512369776,0.7250000000000006,True
33.26479,101,109.148264,0.96875,0.3178104425983589,19,0.4964735352762895,0.5750000000000005,True
28.545458,127,109.339677,0.96875,0.31392446675827257,24,0.5340754020518973,0.6900000000000006,True
8.371658,187,109.644564,0.953125,0.3321988606432088,24,0.5848988333674208,1.0000000000000009,False
5.068383,183,109.928553,0.8984375,0.40915469994190656,20,0.4810607045584201,1.0000000000000009,False
10.096254,137,110.143881,0.9453125,0.3464790143541504,22,0.5575669405661084,1.0000000000000009,False
34.183392,87,110.283339,0.9921875,0.3185380017704694,21,0.568881025715395,0.49000000000000044,True
26.796591,143,110.526945,0.96875,0.31679945152783395,19,0.5309147733563869,0.7650000000000007,True
33.502363,92,110.681429,1.0,0.3192156334656937,24,0.5365698706052229,0.5150000000000005,True
33.172657,102,110.85631,0.9765625,0.31987805238080597,20,0.5075958450991778,0.5600000000000005,True
21.345943,147,111.096986,0.9765625,0.31964903696212954,20,0.5635139119330855,0.9100000000000008,True
30.673701,118,111.276908,0.953125,0.3084773122747665,21,0.5692702708025823,0.6400000000000006,True
23.911726,129,111.496193,0.9765625,0.31544416211805215,26,0.5805371435238685,0.8900000000000008,True
33.453968,104,111.660709,0.984375,0.31624896449875006,20,0.5329060100144121,0.5400000000000005,True
9.697498,178,111.946482,0.984375,0.3202288273641558,24,0.579459453514192,1.0000000000000009,False
30.597712,112,112.120095,0.984375,0.314363832534998,22,0.5493600278249418,0.6250000000000006,True
18.272787,180,112.38397,0.96875,0.31897305968370526,22,0.5599190631715728,0.9400000000000008,True
23.834255,145,112.60757,0.9921875,0.3197902667466874,21,0.5100684862290028,0.7900000000000007,True
31.954717,110,112.778364,0.9921875,0.3192454872936346,20,0.5136375627547259,0.5900000000000005,True
24.782785,133,112.98952,0.9765625,0.31898529115807234,17,0.47049836122140815,0.8400000000000007,True
32.415046,105,113.151075,0.984375,0.31650996432663936,20,0.5325493535047552,0.6050000000000005,True
29.3396,134,113.34925,0.96875,0.3159708095564405,19,0.56568889283039,0.6900000000000006,True
28.223642,122,113.53669,0.96875,0.31845023674240247,23,0.5858733333957488,0.6700000000000006,True
31.594152,112,113.708956,0.9921875,0.3193363449561081,23,0.5390231730884788,0.5900000000000005,True
33.916043,99,113.863713,1.0,0.3193949604163935,25,0.539270194398002,0.5350000000000005,True
33.620769,94,114.011127,0.984375,0.3199696531341846,21,0.533056269891418,0.49500000000000044,True
23.377401,160,114.247403,0.9765625,0.319423316140816,18,0.5601170049211663,0.8550000000000008,True
33.631644,99,114.436115,0.984375,0.3195346434863017,22,0.5668943704023353,0.5450000000000005,True
35.441647,89,114.626827,0.9609375,0.3195966032401534,21,0.5351965873803854,0.5050000000000004,True
35.436418,95,114.809042,0.984375,0.31495337604237966,22,0.5446394248350038,0.49500000000000044,True
28.950289,117,115.040446,0.984375,0.3178078188243706,23,0.5446568070009474,0.6400000000000006,True
31.056173,107,115.257137,0.96875,0.31895173918752817,25,0.5509609005513934,0.6200000000000006,True
35.369423,87,115.436447,0.9921875,0.3189527561117873,22,0.5405490580362279,0.48500000000000043,True
33.902473,93,115.636782,0.96875,0.31469920788403627,19,0.5652110041634646,0.5100000000000005,True
29.250376,110,115.864883,0.953125,0.31669027879217104,21,0.5955210512508747,0.6600000000000006,True
35.195586,92,116.052404,0.9765625,0.31989988344719744,23,0.5547468791148431,0.4800000000000004,True
34.041891,92,116.240959,0.984375,0.31739573778976193,19,0.5199233442132388,0.49500000000000044,True
27.470154,140,116.552439,0.953125,0.31993223282823957,22,0.5897296282485275,0.7300000000000006,True
35.335073,92,116.786157,0.9921875,0.3132126057486403,18,0.5363516370978136,0.4800000000000004,True
32.106928,108,117.013739,1.0,0.31828462408598357,22,0.5430482130960687,0.6000000000000005,True
35.049787,94,117.154367,0.9921875,0.3169337423377254,22,0.5268301154188326,0.5000000000000004,True
23.11177,151,117.377541,0.9765625,0.3196989104215489,20,0.5342928979112135,0.8250000000000007,True
35.853631,83,117.514374,0.9921875,0.31508496297772787,20,0.5465056823303144,0.4300000000000004,True
25.804758,137,117.73254,0.984375,0.3195305213014267,25,0.5675630176473677,0.7300000000000006,True
35.169073,78,117.877304,0.9921875,0.3197990130197929,21,0.527896056246209,0.4200000000000004,True
35.300517,89,118.006427,1.0,0.31817982935246547,24,0.5517343783080086,0.48500000000000043,True
24.734672,136,118.211771,0.96875,0.3184643049544094,21,0.5426334980911613,0.7450000000000007,True
33.276966,97,118.369476,0.9921875,0.3197762975237681,22,0.5050079984177938,0.5450000000000005,True
20.83146,159,118.619301,0.9921875,0.31910951901246326,21,0.5269684034682146,0.9400000000000008,True
34.019469,99,118.818878,0.9765625,0.31439831325410705,22,0.5331738571063767,0.5350000000000005,True
34.091425,98,118.981562,0.9765625,0.313666055321981,20,0.48273137163282115,0.5500000000000005,True
3.218357,138,119.199267,0.6015625,0.5926777519545459,12,0.25436031845095675,1.0000000000000009,False
31.982129,106,119.367359,0.984375,0.31894073488917385,22,0.5590861854126498,0.6100000000000005,True
-1.499,143,119.602438,0.453125,0.6987007383215527,7,0.1998171426517383,1.0000000000000009,False
19.845595,181,119.907454,0.984375,0.3194799220516391,23,0.5658747515232506,0.9650000000000009,True
-2.243861,188,120.205343,0.484375,0.6219449540419935,12,0.28363980004630235,1.0000000000000009,False
0.3029,117,120.374774,0.46875,0.6924286516926091,10,0.27857259838490267,1.0000000000000007,False
30.837238,109,121.542639,0.96875,0.3160753029068074,22,0.564728187607973,0.5800000000000005,True
12.155336,184,121.831243,0.9375,0.2822397943850946,21,0.5863950739059877,1.0000000000000009,False
9.771585,141,122.06518,0.953125,0.3636211258930543,20,0.4763848400552695,1.0000000000000009,False
1.789995,172,122.334096,0.65625,0.5277878860086684,13,0.37106843009403306,1.0000000000000009,False
23.956176,155,122.57742,0.96875,0.3182484842659774,23,0.5537237773823708,0.8300000000000007,True
5.854168,174,122.84255,0.9296875,0.3549928752702987,20,0.5290507312372525,1.0000000000000009,False
0.006934,148,123.089225,0.5703125,0.6173075224450613,11,0.31827196276860437,1.0000000000000009,False
29.303696,116,123.276511,0.9765625,0.3190081506869992,18,0.5368527526018373,0.7100000000000006,True
-1.536388,161,123.531477,0.515625,0.6590685699913705,13,0.3076162087846874,1.0000000000000009,False
3.506559,124,123.730098,0.640625,0.6077411016077854,20,0.3932291538154394,1.0000000000000009,False
25.442842,145,123.988374,0.9765625,0.31972143723822044,22,0.5044536248367065,0.7700000000000007,True
4.805209,191,124.297756,0.8046875,0.43182116148380845,12,0.3841570835301912,1.0000000000000009,False
33.882411,91,124.43495,0.9921875,0.3197575156030338,24,0.5499738055287507,0.5450000000000005,True
19.590892,178,124.727306,1.0,0.31712103155720306,20,0.5182717049632019,0.9350000000000008,True
3.834575,181,125.012261,0.8203125,0.45668736384525366,11,0.39173377221409983,1.0000000000000009,False
4.374458,162,125.26234,0.75,0.5122195226691215,15,0.35768567844425686,1.0000000000000009,False
27.706378,131,125.449692,0.984375,0.3192649326851799,22,0.5013405900917631,0.7450000000000007,True
11.179602,148,125.661448,0.9609375,0.3309732351418382,22,0.5043358246871729,1.0000000000000009,False
-1.317837,159,125.898634,0.625,0.6666995945902578,9,0.20347302462395497,1.0050000000000008,False
6.705893,168,126.193999,0.7890625,0.4473244139426828,17,0.43500910363406564,1.0000000000000009,False
5.874046,150,126.42423,0.71875,0.5047914397890738,16,0.4033422527431583,1.0000000000000007,False
31.076373,107,126.613256,1.0,0.3187911316973213,20,0.5533974267004546,0.6250000000000006,True
6.34121,159,126.871073,0.9140625,0.3860285825052063,18,0.4881592566213345,1.0000000000000009,False
9.08102,179,127.265269,0.953125,0.32141167085138117,24,0.5776611948974425,1.0000000000000009,False
0.353789,182,127.637356,0.59375,0.6042172459029673,11,0.27796207975597176,1.0000000000000009,False
8.545,175,128.021713,0.9375,0.30787565594822586,23,0.604827672284419,1.0000000000000009,False
10.756328,162,128.376806,0.9609375,0.32699889417123423,21,0.5273929841632269,1.0000000000000009,False
2.745404,184,128.74478,0.859375,0.4569913797625279,17,0.37310734333414225,1.0000000000000009,False
4.247925,173,129.140049,0.828125,0.44991436540038665,22,0.4745093403745347,1.0000000000000009,False
3.089476,137,129.462106,0.6328125,0.5740459578569896,12,0.3577541520075966,1.0000000000000007,False
1.282284,126,129.728873,0.6015625,0.6175133064727114,13,0.3210192483319781,1.0000000000000009,False
19.527436,169,129.996763,1.0,0.3186729343226806,20,0.5472202687505073,0.9450000000000008,True
5.900218,170,130.28417,0.8984375,0.3868300092028445,21,0.47488947327176745,1.0000000000000009,False
30.40364,111,130.449209,0.953125,0.3142366994910968,21,0.4984496559283343,0.6650000000000006,True
3.517307,165,130.705644,0.7890625,0.47409410818288794,17,0.39745739297355753,1.0000000000000009,False
32.060121,95,130.855513,0.984375,0.3133382559687993,17,0.5331861349258789,0.5500000000000005,True
5.937139,179,131.163343,0.90625,0.395832331028559,17,0.414374997636689,1.0000000000000009,False
20.377737,137,131.391143,0.984375,0.31987438703606813,24,0.5428594106281371,0.9900000000000008,True
7.234197,178,131.700974,0.984375,0.3378882437374007,23,0.5229675900769357,1.0000000000000009,False
8.050566,188,132.024658,0.96875,0.35115843210501313,23,0.49293297810831077,1.0000000000000009,False
21.398424,159,132.339212,0.9921875,0.3179021309747865,25,0.5158308234482037,0.9950000000000008,True
31.092383,116,132.563963,0.96875,0.3185102000331891,20,0.5497486685167441,0.6700000000000006,True
33.210768,95,132.734869,1.0,0.3195328683152152,19,0.5267378226277374,0.5950000000000005,True
29.634228,114,132.907338,0.9765625,0.3195271666587187,24,0.5764012492571848,0.6300000000000006,True
28.545101,128,133.128196,1.0,0.31797338290876015,21,0.5131110971425334,0.7300000000000006,True
31.494916,101,133.293698,0.9921875,0.319496943861835,22,0.5395406566771268,0.5950000000000005,True
7.417202,180,133.594329,1.0,0.35341576230484617,19,0.5049546956436957,1.0000000000000009,False
29.060705,131,133.796932,0.9765625,0.3198204171653581,23,0.5630434027047448,0.6950000000000006,True
33.877678,95,133.946313,1.0,0.3176211289006023,23,0.5251139456100662,0.5400000000000005,True
31.433748,98,134.092044,0.9921875,0.3192315148269529,24,0.5200310753507904,0.5600000000000005,True
25.24223,144,134.302437,0.953125,0.30409065402893687,21,0.5582054567083177,0.8000000000000007,True
30.490507,99,134.456588,0.984375,0.31889117539938683,22,0.5262601143420135,0.5650000000000005,True
33.512511,103,134.609689,0.96875,0.3182091434373937,20,0.5295458002130276,0.5650000000000005,True
35.477999,84,134.742752,0.9921875,0.31764916816741384,21,0.5465910315863002,0.4500000000000004,True
29.885589,96,134.895716,0.9921875,0.3187676958968882,22,0.5483735033626131,0.6250000000000006,True
31.195056,113,135.074652,0.96875,0.3192607207737818,25,0.561304686143541,0.6450000000000006,True
21.781408,149,135.291738,0.9921875,0.31947032879338233,22,0.5691344387011108,0.8850000000000008,True
25.435536,131,135.49176,0.96875,0.31780726036582085,21,0.5380745331322715,0.8400000000000007,True
8.309652,149,135.738374,0.9609375,0.3303135004392055,22,0.5108805169143307,1.0000000000000009,False
23.433953,147,135.998297,0.9609375,0.31492510609309776,22,0.5348105582415131,0.9650000000000007,True
29.5899,109,136.197148,0.984375,0.3188673534527745,19,0.5562280273195394,0.6800000000000006,True
27.960538,109,136.381994,0.9765625,0.31954132144629666,19,0.4877942184074854,0.7050000000000006,True
27.128849,121,136.579661,0.984375,0.3190954649294466,22,0.5463827783529822,0.6550000000000006,True
33.516679,98,136.738454,0.953125,0.3196041809586497,20,0.5687776005927753,0.5800000000000005,True
29.238987,101,136.899826,0.9921875,0.31853960076388443,21,0.5515888320316791,0.6500000000000006,True
31.575855,111,137.067707,1.0,0.3173086557050283,19,0.5493691066119738,0.6050000000000005,True
30.266268,113,137.236591,0.984375,0.3190619362172713,22,0.562554068689687,0.6950000000000006,True
29.040418,120,137.416303,0.953125,0.31839765948853305,23,0.5371802649375879,0.6400000000000006,True
32.35102,112,137.591901,0.984375,0.3165078174744101,21,0.5498899430678251,0.6100000000000005,True
34.669501,92,137.734655,1.0,0.31955430721588335,24,0.5475159177079365,0.5200000000000005,True
24.520864,153,137.969487,0.953125,0.31904490645094336,23,0.5701427850930227,0.8000000000000007,True
23.781374,143,138.187717,0.984375,0.31948341203069963,20,0.5104656835538979,0.8600000000000008,True
21.440987,179,139.741671,0.9765625,0.3187668030927124,22,0.5011490760036674,0.9300000000000008,True
34.847992,88,139.93955,0.9921875,0.31848170021435723,19,0.5566182023388401,0.5200000000000005,True
34.552167,95,140.125901,0.9921875,0.31574621060191377,26,0.5621145347785249,0.5350000000000005,True
26.759662,138,140.373088,0.96875,0.3179463509521161,19,0.5068923977939229,0.7450000000000007,True
31.161884,117,140.614745,0.984375,0.3192137596080048,22,0.5046934947835934,0.6350000000000006,True
31.534042,107,140.834137,0.9609375,0.31564286632535177,20,0.5469162056158221,0.6100000000000005,True
33.526425,108,141.039761,0.953125,0.3107010202821725,23,0.5647149523699825,0.5800000000000005,True
32.833597,106,141.224313,0.9609375,0.3195920274374586,24,0.5602546873841808,0.5900000000000005,True
30.878501,111,141.420246,0.984375,0.3190610663923267,21,0.5436422293294836,0.6000000000000005,True
31.940701,117,141.656554,0.9609375,0.3167753704276678,22,0.5526384518678543,0.6350000000000006,True
25.967991,142,141.925151,0.953125,0.30927080929244233,23,0.5676237375011237,0.7400000000000007,True
29.650259,113,142.1844,0.96875,0.3198817975178835,23,0.5366198400400927,0.6750000000000006,True
24.348221,165,142.463439,0.953125,0.3045922000801706,25,0.5525170431595537,0.8750000000000008,True
31.143646,109,142.637212,0.96875,0.3177205458691593,23,0.5655256313018013,0.6000000000000005,True
36.441131,87,142.783981,0.9765625,0.31573339364512054,22,0.5448184470674915,0.4550000000000004,True
26.824728,128,142.988569,0.984375,0.3181481486626536,20,0.5281008211187411,0.8000000000000007,True
30.312128,105,143.155513,0.9765625,0.3195007251812112,22,0.5135997782114712,0.5750000000000005,True
26.18403,119,143.319182,0.9921875,0.31979268715200804,22,0.5459692968921597,0.7700000000000007,True
20.216634,165,143.578424,0.953125,0.3191678058790593,21,0.546123891223956,0.9450000000000008,True
35.488424,89,143.727121,1.0,0.3156712918716646,23,0.5487018167376375,0.4750000000000004,True
31.805122,107,143.89791,0.9609375,0.31968663731681707,22,0.56672290251912,0.5750000000000005,True
34.111877,89,144.031657,0.9765625,0.31854607834134385,17,0.4953625057739878,0.5000000000000004,True
19.809522,170,144.299058,0.953125,0.2830896526240001,23,0.6002222903921276,0.9650000000000009,True
27.673253,137,144.522696,0.96875,0.3170608876934199,22,0.5174974469102425,0.7400000000000007,True
22.264305,175,144.812399,0.953125,0.2971492817662126,23,0.53730841734367,0.9150000000000008,True
5.933666,146,145.051659,0.8984375,0.3710564674237522,23,0.512234463192721,1.0000000000000009,False
28.398455,135,145.251185,0.953125,0.2803184647672348,25,0.57639450563957,0.7850000000000007,True
25.498033,137,145.457707,0.953125,0.3041484780120618,19,0.5086488293200653,0.7450000000000007,True
7.605052,187,145.745308,0.875,0.360265293145032,20,0.557553782253649,1.0000000000000009,False
30.029152,106,145.928283,0.9609375,0.3175593076018809,21,0.5074113781158487,0.6400000000000006,True
25.677544,138,146.154529,0.984375,0.3177444918349084,22,0.5634864747545643,0.7200000000000006,True
30.913696,117,146.328446,0.953125,0.28926439677585747,20,0.5444869698737026,0.6800000000000006,True
35.227727,93,146.471134,0.9765625,0.31939942483423117,24,0.5529085366086759,0.5050000000000004,True
31.012642,108,146.628958,0.9609375,0.3199618284224359,22,0.5484071733056815,0.6600000000000006,True
32.464579,88,146.755837,0.984375,0.31950054934577865,22,0.5191136035657027,0.5400000000000005,True
35.325889,88,146.897884,0.9921875,0.31630784271906676,26,0.5334283496641372,0.5100000000000005,True
30.820147,107,147.064703,1.0,0.319530558047595,23,0.5115587056381328,0.6100000000000005,True
34.764069,94,147.208079,0.9765625,0.3189984248164168,20,0.5804749200102847,0.5200000000000005,True
34.500902,93,147.347312,1.0,0.31959079291365566,23,0.5695946116331915,0.5250000000000005,True
28.084577,111,147.513392,0.9609375,0.3164266472429761,22,0.5669752970767916,0.6800000000000006,True
7.488844,132,147.713907,0.8828125,0.44378120121656217,19,0.43074348224801956,1.0000000000000009,False
20.813158,160,147.978688,0.9765625,0.3186743281755473,22,0.5576219223216646,0.8750000000000008,True
26.15569,120,148.166223,1.0,0.3119948365121408,16,0.5454427785504661,0.7850000000000007,True
22.112921,150,148.385622,1.0,0.3197690133585183,24,0.5425515496488882,0.8350000000000007,True
7.852448,131,148.58198,0.9453125,0.44332761845338764,17,0.3875734338846662,1.0000000000000007,False
31.225343,99,148.741909,0.984375,0.3182390479554684,24,0.54847162975612,0.6300000000000006,True
34.151807,91,148.894032,1.0,0.3175279643680742,22,0.5637845480448113,0.5550000000000005,True
32.292442,102,149.050442,1.0,0.31975952835279653,23,0.5497908927613318,0.5800000000000005,True
32.633279,104,149.202453,0.984375,0.3187513038892756,23,0.5959010809499135,0.5750000000000005,True
30.127814,120,149.386834,1.0,0.3198136931791245,23,0.5468408107377087,0.6700000000000006,True
26.375279,133,149.587709,0.9921875,0.3198146503941545,25,0.5621361353592428,0.7250000000000006,True
29.835073,121,149.795865,0.9765625,0.31911710435723284,22,0.5277428527169541,0.7050000000000006,True
21.469836,159,150.051098,0.9921875,0.31882340012958577,21,0.5260489211215462,0.9100000000000008,True
35.008084,93,150.19369,1.0,0.31936038754465734,23,0.509582379828565,0.5250000000000005,True
34.743836,98,150.344414,0.9921875,0.3174596510680328,22,0.531712778227144,0.5300000000000005,True
24.654923,152,150.570684,0.984375,0.31931359138055015,22,0.5383669087689932,0.8450000000000008,True
35.776162,90,150.707791,0.984375,0.31941120201213924,22,0.5886370951594997,0.4800000000000004,True
33.033184,109,150.873094,0.984375,0.317128077235338,24,0.5853267860117508,0.5750000000000005,True
6.548907,125,151.083412,0.8046875,0.5023210710856681,16,0.36517918119531073,1.0000000000000009,False
33.186983,95,151.227572,0.9765625,0.31941035172332555,22,0.5203645036767367,0.5300000000000005,True
31.009463,117,151.406369,0.9609375,0.31873170952175456,18,0.5022832570943824,0.6350000000000006,True
36.592025,77,151.518273,1.0,0.3198397614931758,24,0.5312390884473844,0.40000000000000036,True
34.796301,88,151.646698,0.96875,0.31995295358209996,23,0.5475930830987784,0.4750000000000004,True
34.665355,89,151.77751,0.96875,0.31958230301422524,24,0.5555081734894421,0.49000000000000044,True
28.35801,127,151.978058,0.9921875,0.3176662063695074,23,0.5472187238702145,0.6800000000000006,True
36.273546,83,152.098757,1.0,0.3172502238666738,17,0.5563353281314001,0.4650000000000004,True
37.053779,81,152.215181,0.984375,0.3136694404901491,19,0.5531044350565212,0.4250000000000004,True
34.793547,85,152.382847,0.9921875,0.31933623814737166,20,0.5188166092683982,0.4800000000000004,True
30.681126,114,152.623869,0.9765625,0.31973091337046333,23,0.5531276586372155,0.6700000000000006,True
26.101015,130,152.863627,0.96875,0.3183386089288493,23,0.5556216733227454,0.7150000000000006,True
35.667191,86,153.047361,0.9921875,0.3194516214690186,25,0.5484625478291328,0.4800000000000004,True
27.557728,138,153.326298,0.984375,0.318391625310905,23,0.5558328062702995,0.7450000000000007,True
34.642687,82,153.486567,1.0,0.31821872581819377,20,0.5258469426367858,0.4350000000000004,True
33.11478,109,153.685634,0.953125,0.31808216607189366,22,0.5434274020843158,0.5850000000000005,True
36.629499,81,153.844761,0.9609375,0.31921702402109886,19,0.524991306351916,0.4500000000000004,True
26.889576,123,154.096108,0.984375,0.31432312351335934,20,0.5374316348983189,0.7800000000000007,True
27.885729,118,154.337483,0.9921875,0.31744318264478116,25,0.533772668945114,0.7300000000000006,True
30.939199,114,154.586553,0.9609375,0.31595805365545837,19,0.5521234323696337,0.6100000000000005,True
33.399832,96,154.806602,0.96875,0.31371120980041733,20,0.5246961479551759,0.5350000000000005,True
31.191924,101,154.977598,1.0,0.31813584794363015,24,0.5570718094162459,0.5600000000000005,True
28.914464,133,155.191736,0.96875,0.3182449667392734,22,0.5364979764190305,0.7350000000000007,True
26.352554,125,155.38692,0.9765625,0.3131264028727928,19,0.5561269983275062,0.8200000000000007,True
36.23153,77,155.504113,0.9921875,0.3194701254437035,23,0.5574158257122372,0.4200000000000004,True
34.374976,96,155.650907,0.9921875,0.3198780257965279,20,0.5491560773062546,0.5200000000000005,True
33.278868,92,155.790182,0.9921875,0.3150546335860741,22,0.5766239432136908,0.5350000000000005,True
29.092191,117,155.981141,0.984375,0.31981932993295925,24,0.5822351900398238,0.7000000000000006,True
28.358673,123,156.177582,0.9765625,0.3193679415641423,22,0.5534076550514211,0.7550000000000007,True
30.389909,128,157.154283,0.953125,0.31669117376966116,24,0.5811951917609014,0.6500000000000006,True
38.111447,71,157.281739,1.0,0.31942289554272635,23,0.533208426193058,0.37500000000000033,True
34.088901,89,157.421435,0.9921875,0.317121514136642,22,0.5432386423809702,0.49000000000000044,True
8.38381,172,157.698502,0.921875,0.38679589714826335,19,0.49887442106266877,1.0000000000000009,False
34.490847,91,157.856803,1.0,0.31589292502463945,20,0.5330960941666647,0.5400000000000005,True
31.910134,108,158.031644,0.9921875,0.3182505723731972,23,0.5243858363965905,0.6000000000000005,True
25.86632,147,158.267876,0.9921875,0.31988211377429493,21,0.5380166498306707,0.7750000000000007,True
0.195011,191,158.553011,0.7734375,0.4932631775547214,17,0.4045668148111536,1.0000000000000009,False
23.099889,160,158.827044,0.953125,0.3147458691361278,21,0.5590835302381986,0.8600000000000008,True
6.197823,193,159.132074,0.921875,0.3191211058715586,22,0.6048332146542285,1.0000000000000009,False
29.087683,115,159.326917,0.9765625,0.31808347211836396,21,0.5502817378595289,0.5950000000000005,True
34.769411,91,159.476387,0.9921875,0.3192236872828554,24,0.5652898100773,0.5250000000000005,True
36.001107,87,159.617853,0.9921875,0.3184753659365623,23,0.5564664478900495,0.4650000000000004,True
27.26099,129,159.816318,0.984375,0.3183511335982002,22,0.5400918853368977,0.7650000000000007,True
26.49898,140,160.03316,0.9921875,0.3195983811306472,23,0.5256356936574226,0.7150000000000006,True
36.48057,84,160.165064,0.96875,0.3183006927746357,21,0.544688572102412,0.4400000000000004,True
34.117955,100,160.326602,0.9765625,0.31948868026274746,22,0.5109279456183237,0.5400000000000005,True
28.377512,123,160.514886,0.9921875,0.3196764572018141,21,0.5218492088629474,0.6600000000000006,True
3.535224,152,160.764089,0.71875,0.5303422389674468,13,0.29453934115833863,1.0000000000000009,False
34.309276,84,160.900649,1.0,0.31880481859536614,22,0.5343437764006621,0.49500000000000044,True
31.667053,112,161.083989,0.953125,0.3164787806347784,18,0.4633077549409715,0.6200000000000006,True
33.865448,94,161.224922,1.0,0.31733413532121374,18,0.5597374290575878,0.5150000000000005,True
36.161949,81,161.354991,0.9765625,0.31997423590592816,21,0.5490756567293162,0.4650000000000004,True
33.225733,101,161.506634,0.9765625,0.3190268470929718,23,0.518966183215052,0.5550000000000005,True
35.28428,81,161.628488,1.0,0.3197726023594085,23,0.5520874141680177,0.49500000000000044,True
34.03734,83,161.763072,0.9921875,0.3197338212303048,22,0.5242188361866049,0.48500000000000043,True
33.808465,84,161.89815,0.984375,0.31918179640654865,24,0.5598006615235781,0.4800000000000004,True
24.049949,127,162.095508,0.953125,0.3190141727680571,20,0.49612350467080923,0.7500000000000007,True
32.050243,93,162.238021,0.953125,0.3156336465409464,23,0.5379184734165569,0.6000000000000005,True
28.895469,118,162.426372,0.9921875,0.31525738170622025,23,0.570316675066623,0.7400000000000007,True
35.497077,83,162.5564,0.9921875,0.31864513993666344,22,0.5391622510988628,0.48500000000000043,True
23.341104,164,162.800838,0.953125,0.3149569675097369,20,0.5304900481895785,0.8500000000000008,True
32.220824,104,162.957327,0.953125,0.3102358728254493,23,0.5648060565182571,0.5850000000000005,True
36.643362,75,163.074816,1.0,0.31996184614903356,18,0.5270279734295436,0.39500000000000035,True
35.23143,80,163.190788,0.9921875,0.3182975465726672,23,0.5613041335633799,0.4500000000000004,True
30.849524,115,163.369691,1.0,0.31871012838910356,19,0.5226410114228724,0.6650000000000006,True
31.676939,102,163.523819,1.0,0.317603666175468,19,0.5277402104377955,0.6100000000000005,True
31.085444,101,163.706554,0.984375,0.317044937024338,16,0.5346350316305657,0.5700000000000005,True
35.9228,83,163.839244,0.9921875,0.3132477934831127,23,0.5441270772856986,0.4350000000000004,True
36.43296,76,163.962127,0.984375,0.31921522342792386,22,0.5635435529162197,0.41500000000000037,True
36.375727,84,164.099978,1.0,0.3195313989635328,21,0.5284163765491213,0.4500000000000004,True
38.172192,75,164.225999,1.0,0.31418987410894605,22,0.5663527791466566,0.38500000000000034,True
22.716167,145,164.476704,0.96875,0.31976309271275083,19,0.48917406217091575,0.7950000000000007,True
37.028047,75,164.600564,0.9765625,0.3192660546891475,20,0.5290752003187744,0.4250000000000004,True
32.788805,97,164.766183,0.96875,0.3194966605977427,23,0.5838575492500447,0.5250000000000005,True
38.033094,68,164.895973,1.0,0.3194839119880517,23,0.5264081332639072,0.39000000000000035,True
24.944686,142,165.242659,0.9609375,0.3142323157225779,21,0.5488337776464223,0.8350000000000007,True
34.446586,91,165.437621,0.984375,0.3197931307295022,24,0.5267596167702749,0.5250000000000005,True
31.811032,101,165.666509,0.9609375,0.31863785968694747,21,0.5057166950588365,0.5800000000000005,True
5.156692,191,166.13978,0.7890625,0.4203045141414936,17,0.4798853676818791,1.0000000000000009,False
37.541791,72,166.31601,0.9921875,0.319698350003224,19,0.5489301555797123,0.40000000000000036,True
31.055232,107,166.55666,0.9921875,0.3189606171678661,20,0.5415567209604706,0.6000000000000005,True
36.140017,86,166.744148,0.9765625,0.3164477393956666,21,0.5195824079785172,0.4700000000000004,True
35.331433,85,166.971262,0.9765625,0.31442822578124735,23,0.5282119616231926,0.5050000000000004,True
37.283342,80,167.177817,0.96875,0.31847007062266375,24,0.5464406896591448,0.4200000000000004,True
36.733343,83,167.397396,0.9609375,0.31964147463353043,21,0.5159921081039661,0.4450000000000004,True
33.215294,103,167.640012,0.984375,0.31645202863971195,21,0.4899195405214628,0.5350000000000005,True
34.779393,87,167.798021,0.953125,0.31401954325849313,22,0.5871153511707587,0.4800000000000004,True
35.075395,79,167.954663,0.9921875,0.31985277571290693,22,0.5296375589170943,0.4200000000000004,True
34.604207,96,168.125705,0.9921875,0.3174859647933025,18,0.5393742103008281,0.5100000000000005,True
35.339631,93,168.28227,0.984375,0.3192234157976028,23,0.5436485716093912,0.48500000000000043,True
34.519179,89,168.431508,0.953125,0.3136803606892078,20,0.5023798824682457,0.5000000000000004,True
36.264739,82,168.571511,0.9921875,0.31545487562407937,22,0.5386437109101285,0.4600000000000004,True
33.909123,96,168.760381,0.96875,0.3190954330051122,24,0.5590977789837273,0.5100000000000005,True
27.532025,122,168.994445,0.9609375,0.31650310219873723,21,0.5393203049134994,0.7700000000000007,True
36.102195,81,169.138859,0.984375,0.31898001197765546,25,0.5633918267248486,0.4650000000000004,True
33.255482,89,169.29597,1.0,0.3173639105647627,21,0.5394114006923787,0.5300000000000005,True
33.771527,90,169.481062,0.96875,0.318576216326791,21,0.5644170592068924,0.5150000000000005,True
33.656189,100,169.673895,0.9609375,0.31759713772291964,23,0.5302379274804117,0.5600000000000005,True
33.577323,83,169.828984,0.9921875,0.31805610281156255,22,0.5324103513277483,0.49000000000000044,True
37.389381,72,169.958934,1.0,0.3193568882347204,24,0.5398782387812154,0.41000000000000036,True
31.638546,97,170.136913,0.9921875,0.31607202726969386,23,0.5371376128641668,0.5300000000000005,True
30.026897,125,170.350822,1.0,0.31610993340169047,23,0.5853463993961523,0.6650000000000006,True
31.823653,98,170.51953,0.96875,0.3189267826048511,24,0.5241834510583285,0.5400000000000005,True
34.909763,80,170.637872,0.984375,0.3198254496455072,24,0.5402011772018992,0.4750000000000004,True
35.712158,85,170.782488,0.9921875,0.31967748379973376,18,0.534896366044569,0.48500000000000043,True
33.489884,87,170.932091,0.9921875,0.3197564278976617,24,0.5389852772319723,0.5200000000000005,True
38.519064,67,171.042246,1.0,0.31926073524753107,23,0.540134034840199,0.3650000000000003,True
30.631796,119,171.234541,0.9609375,0.3198809498648948,23,0.5769700418208193,0.6850000000000006,True
27.631667,123,171.435964,1.0,0.31405358264884026,20,0.5364887037377691,0.6700000000000006,True
25.72285,125,171.638064,0.9765625,0.3179014362637257,20,0.5304037299827871,0.6600000000000006,True
37.677854,80,171.770995,0.96875,0.3196774024801098,20,0.5184921410410017,0.41000000000000036,True
31.128624,113,171.948014,0.9921875,0.3172948724808034,22,0.5308799807490321,0.6050000000000005,True
33.156942,97,172.109515,0.953125,0.3019360260362027,23,0.5807586775008715,0.5700000000000005,True
31.814205,103,172.273546,0.984375,0.318149021062547,24,0.5666773532451134,0.6350000000000006,True
2.967699,192,172.575614,0.84375,0.4292678375811011,17,0.4116371007671916,1.0000000000000009,False
36.760607,77,172.698511,0.9921875,0.31953945040822923,19,0.5519529512368184,0.40000000000000036,True
33.209171,94,172.876598,0.96875,0.3148003801521545,24,0.5510217318393157,0.5100000000000005,True
38.206861,70,173.013204,1.0,0.31992905591241994,24,0.5376593721490546,0.38000000000000034,True
34.475167,100,173.183542,0.96875,0.31725317062575353,22,0.5326037327300863,0.5500000000000005,True
32.35684,97,173.345789,1.0,0.31947343180665866,18,0.5478613967885032,0.5700000000000005,True
36.807031,83,173.468934,0.9921875,0.3169530349830133,19,0.5501602205853879,0.4450000000000004,True
30.52527,114,173.653428,0.9609375,0.31911292557256227,18,0.49487371021282295,0.6350000000000006,True
33.849327,97,173.825091,0.9921875,0.3196962980892524,21,0.5218152653989305,0.5650000000000005,True
35.290396,91,173.975653,1.0,0.3184267631326795,23,0.5258067166800201,0.5050000000000004,True
25.855718,138,174.182546,0.9765625,0.3177979770514271,23,0.5794398415924731,0.7800000000000007,True
34.354886,75,174.293619,0.984375,0.3170024119898709,18,0.5377475833353522,0.41500000000000037,True
31.330051,117,175.389572,1.0,0.31602306621467663,22,0.5663406300092749,0.6350000000000006,True
35.340772,87,175.529724,1.0,0.31992341791550205,21,0.5532260906507535,0.5050000000000004,True
32.431445,90,175.672501,0.9609375,0.3192495916422747,20,0.5333103109366374,0.5200000000000005,True
34.059583,94,175.822941,0.96875,0.3184877603933733,19,0.4987995207310694,0.5500000000000005,True
33.342755,93,175.995559,0.953125,0.3178747926762191,22,0.5312408931769911,0.5400000000000005,True
36.340755,79,176.127281,0.984375,0.3193225380875919,21,0.510873669411737,0.4550000000000004,True
28.580564,118,176.30727,0.984375,0.31370505820665845,21,0.5412168986189203,0.7500000000000007,True
32.183187,99,176.467424,0.984375,0.3188683077956005,21,0.5762457335950745,0.5700000000000005,True
35.236833,89,176.608783,0.9921875,0.3192590967459142,21,0.5232390030622012,0.48500000000000043,True
35.047312,83,176.738132,0.96875,0.31919848608227075,23,0.5663425504259034,0.4750000000000004,True
27.879426,121,176.945608,0.9765625,0.31654963439059774,24,0.5630827893828134,0.6400000000000006,True
32.108007,103,177.117542,0.984375,0.3153455544299592,24,0.5761363649724451,0.6200000000000006,True
35.099308,82,177.238078,0.9765625,0.3196343828530975,24,0.545682624152098,0.4600000000000004,True
36.175394,80,177.366053,1.0,0.31980331732498,21,0.5147656699358374,0.4600000000000004,True
35.874969,74,177.484507,1.0,0.315699675923252,20,0.511310185515018,0.4450000000000004,True
31.953828,109,177.705192,0.984375,0.3162564860546858,23,0.5484531234892164,0.5950000000000005,True
33.389894,91,177.894307,0.9765625,0.315298284774597,22,0.5196537492397857,0.5400000000000005,True
33.649434,90,178.064074,0.9921875,0.3197015565970529,23,0.5517979290961759,0.5700000000000005,True
36.944031,73,178.199847,1.0,0.31964443832695966,18,0.531130117854252,0.4350000000000004,True
36.4912,77,178.334236,0.984375,0.3178483935629126,20,0.5209736365805401,0.4600000000000004,True
28.119582,129,178.594904,1.0,0.31896736307233703,24,0.5295198859620135,0.7250000000000006,True
29.105261,120,178.816672,0.984375,0.3184004176996936,23,0.5628880769994904,0.6650000000000006,True
23.438959,145,179.101796,1.0,0.31976052825636614,24,0.508933793993996,0.8400000000000007,True
35.787498,87,179.263021,0.9921875,0.3180192806109535,21,0.5415599998103487,0.4650000000000004,True
31.095122,114,179.498061,1.0,0.3187330078701832,20,0.5195699835160479,0.6200000000000006,True
31.590213,101,179.688772,1.0,0.31892236741117375,20,0.5396074577041812,0.5500000000000005,True
36.347163,82,179.880644,0.984375,0.31981513088216207,20,0.4944064213342666,0.4600000000000004,True
37.828015,73,180.057438,0.984375,0.31664260222341767,18,0.5513219352604612,0.40500000000000036,True
32.320896,107,180.267233,0.9921875,0.3181246067064319,21,0.5509490450115433,0.5850000000000005,True
37.545906,78,180.384602,0.9921875,0.3189213393827731,17,0.5750078483022331,0.41000000000000036,True
34.210291,92,180.537127,0.984375,0.31912390814175806,22,0.5282278000891091,0.49500000000000044,True
33.408772,98,180.694742,1.0,0.3195632094457721,19,0.5262474313766679,0.5500000000000005,True
28.46396,107,180.880813,0.9921875,0.31868931442632853,22,0.5347646460998476,0.6700000000000006,True
33.155189,101,181.040211,1.0,0.3187585101953055,24,0.5432923123396608,0.5500000000000005,True
34.012698,95,181.196242,0.984375,0.31404242579055597,24,0.5212037178472477,0.5450000000000005,True
32.343197,106,181.35781,1.0,0.3199937632941697,22,0.5235675810095377,0.5600000000000005,True
31.000365,111,181.528053,0.984375,0.3176568839762039,22,0.5573151376730441,0.6000000000000005,True
30.467715,115,181.710268,1.0,0.319881146819446,23,0.5351463757384131,0.6650000000000006,True
35.815167,79,181.831001,1.0,0.31986432867087067,21,0.5411193132732879,0.4250000000000004,True
34.090268,92,181.980157,1.0,0.31969573271404783,21,0.5250229639595122,0.5300000000000005,True
32.746756,91,182.117145,1.0,0.31893646303226997,23,0.5455269764981585,0.5600000000000005,True
36.762484,79,182.237533,1.0,0.31892368715998637,18,0.5285394811730819,0.4350000000000004,True
32.249788,94,182.370992,0.9921875,0.3177776846385778,24,0.5483317267666449,0.5400000000000005,True
25.941088,124,182.565545,0.96875,0.3187576547314933,21,0.5414933157211881,0.6600000000000006,True
36.809018,71,182.680392,1.0,0.31885149108940014,21,0.5431702691654704,0.39000000000000035,True
29.259464,122,182.873484,1.0,0.31807377541788906,21,0.5310623275924566,0.6300000000000006,True
31.25463,112,183.047411,0.9609375,0.31771137993569853,22,0.5395109898386728,0.6000000000000005,True
34.775107,93,183.186692,1.0,0.3177425670630815,20,0.5291268362584849,0.5250000000000005,True
36.172552,87,183.326518,0.9765625,0.31954310279408904,21,0.5417750130149865,0.4650000000000004,True
32.196717,107,183.494886,0.96875,0.3148504459264798,19,0.5036316226729199,0.5800000000000005,True
35.942271,84,183.641601,1.0,0.31951786495798706,19,0.5378450153963412,0.4700000000000004,True
34.365122,83,183.781911,1.0,0.3154143989264021,24,0.5383204634610407,0.4400000000000004,True
36.206731,79,183.913131,0.984375,0.3182203970125105,24,0.5816495176467903,0.4550000000000004,True
34.42874,98,184.056695,1.0,0.3198395502830558,22,0.5591367760969573,0.5400000000000005,True
34.004579,95,184.196986,0.984375,0.3159867679179397,20,0.5533891848416865,0.5000000000000004,True
35.998782,78,184.330313,0.9921875,0.31922134049467854,24,0.5362573592624147,0.4250000000000004,True
33.24098,92,184.467702,0.9765625,0.3172291429031163,19,0.49424423352474134,0.5350000000000005,True
34.755917,96,184.608623,0.9765625,0.31868987275115596,23,0.506590949411835,0.5200000000000005,True
36.323756,87,184.752625,0.9921875,0.31974830425904377,22,0.5469585942400956,0.4450000000000004,True
22.675139,168,185.006981,0.9765625,0.31883085857221627,23,0.5740013598946071,0.8550000000000008,True
31.018516,105,185.172736,0.984375,0.3189414625553003,20,0.5454451439725171,0.5850000000000005,True
33.960105,91,185.332987,0.984375,0.3187060000513221,22,0.47004938594726947,0.4750000000000004,True
35.188445,82,185.465914,1.0,0.3180024019747085,22,0.5577424645401765,0.4700000000000004,True
33.273964,104,185.627661,0.96875,0.31500076343774297,22,0.5531475900742355,0.5800000000000005,True
35.377567,88,185.75869,1.0,0.31790182988997134,23,0.5280832837783275,0.49000000000000044,True
35.525355,79,185.879681,1.0,0.3188507679329571,22,0.5144266145698183,0.4400000000000004,True
32.376059,94,186.023037,0.984375,0.3188700975367156,22,0.5248634634864808,0.5650000000000005,True
35.608784,84,186.145824,0.9921875,0.3156787418935626,21,0.5691899694915884,0.49000000000000044,True
30.83794,105,186.299569,1.0,0.3199043355820941,22,0.551659160405749,0.5950000000000005,True
35.306697,90,186.438296,1.0,0.31556883587912965,18,0.547570000649914,0.5000000000000004,True
35.841373,83,186.571686,0.9921875,0.3193591181016631,22,0.541372548880451,0.4750000000000004,True
34.866535,94,186.712003,0.984375,0.3199405140424503,22,0.5327359944750125,0.49000000000000044,True
36.439857,82,186.831743,1.0,0.31741811928132374,23,0.5243009318853149,0.4400000000000004,True
32.486146,100,186.980499,0.9921875,0.3189733748381509,23,0.5357939595973851,0.6100000000000005,True
24.211616,153,187.20647,1.0,0.31961423607924144,22,0.5686204973767753,0.8100000000000007,True
35.754724,88,187.353967,0.984375,0.319782211408155,21,0.5668453538745003,0.4700000000000004,True
36.48058,78,187.476186,1.0,0.3184375927784793,20,0.5210054865983534,0.4500000000000004,True
36.929017,79,187.593947,0.9921875,0.31999048634798444,21,0.5489404431257641,0.4250000000000004,True
34.138311,88,187.715953,1.0,0.3198959687079356,23,0.526771568351878,0.5050000000000004,True
32.255713,93,187.844344,0.9765625,0.31812867350342044,22,0.4940976109051484,0.5400000000000005,True
23.574152,161,188.07441,0.984375,0.31912587504004536,23,0.5565326534089562,0.8650000000000008,True
34.421531,88,188.200846,0.984375,0.3198051443832124,24,0.5540960883166416,0.49500000000000044,True
31.307441,95,188.334746,1.0,0.31967688539843375,20,0.5276712289325407,0.6200000000000006,True
30.390046,113,188.510746,0.984375,0.3133796144765084,23,0.5664080365464271,0.6500000000000006,True
37.065032,75,188.622222,0.9921875,0.3199816977649623,20,0.5422004649927207,0.4250000000000004,True
31.321141,114,188.796208,0.9921875,0.3179771997906007,21,0.5465213279711836,0.6600000000000006,True
35.275224,86,188.930934,1.0,0.3193692691619465,20,0.5159953576268628,0.5000000000000004,True
34.980939,87,189.062405,1.0,0.3155841781264034,23,0.5236535204190997,0.5150000000000005,True
30.551683,100,189.205566,1.0,0.31894372162653684,20,0.5569266935045152,0.5600000000000005,True
30.621648,116,189.397701,0.953125,0.3121723088910109,21,0.5382914193600314,0.6400000000000006,True
37.144247,81,189.519314,1.0,0.31924382093313963,25,0.5298143513239532,0.4250000000000004,True
27.591574,127,189.724837,0.9921875,0.31969998960808754,21,0.5466500512820264,0.6600000000000006,True
30.203242,111,189.887116,0.9921875,0.31818749097052357,21,0.5346069491903672,0.5950000000000005,True
31.52062,105,190.062384,1.0,0.31868051208097725,23,0.5478881615861408,0.5850000000000005,True
33.094237,102,190.301901,1.0,0.31906820996375174,22,0.5442807956079838,0.5500000000000005,True
35.739404,86,190.513335,0.9921875,0.31971032790683873,22,0.5225829734128126,0.4700000000000004,True
34.011728,85,190.703285,0.9765625,0.31831656213976767,21,0.5263084885057782,0.4600000000000004,True
36.33342,78,190.883647,0.9921875,0.3181637940150752,20,0.5016943459139548,0.4600000000000004,True
31.670964,109,191.145135,0.9765625,0.3189561784329863,21,0.5314667557194352,0.5650000000000005,True
35.97136,76,191.33366,0.9921875,0.31773889114695975,24,0.5471942472157928,0.4350000000000004,True
23.623272,145,191.659198,0.953125,0.31998828388298983,22,0.5157389316188844,0.8450000000000008,True
36.972814,78,191.817887,0.984375,0.3182005241786467,21,0.5168717317742324,0.4300000000000004,True
29.699863,109,192.058359,0.984375,0.3183851319929077,20,0.5602110972979004,0.6600000000000006,True
29.526211,116,193.506653,0.953125,0.31346608825326866,22,0.5086126144429305,0.6300000000000006,True
32.958016,97,193.709749,0.9765625,0.31493066471740216,20,0.530311564117296,0.5600000000000005,True
37.575826,76,193.860801,0.9765625,0.31512554145270666,24,0.5422451347487461,0.4200000000000004,True
30.976917,108,194.053659,0.9765625,0.3174977384964946,21,0.5631048732610219,0.6150000000000005,True
32.940544,99,194.224947,0.984375,0.3134729627486036,23,0.528723469645388,0.5500000000000005,True
34.75094,96,194.393723,0.96875,0.3154819400495347,21,0.5394934759677631,0.5100000000000005,True
30.472727,123,194.598978,0.9765625,0.3195687612970086,22,0.5355385184481777,0.6550000000000006,True
34.813525,91,194.760757,0.96875,0.31895406102822155,22,0.5498908678528334,0.48500000000000043,True
32.921385,102,194.934578,0.9921875,0.31919719330291063,20,0.5178758703157543,0.5500000000000005,True
34.110611,91,195.086205,0.9765625,0.3179837988045969,23,0.5257504802805484,0.49000000000000044,True
35.419098,81,195.228003,1.0,0.3190403703984036,23,0.5591805093002605,0.4550000000000004,True
33.153683,105,195.406595,0.9765625,0.3194588143760124,19,0.47608113199454133,0.5550000000000005,True
31.938026,104,195.579872,0.9765625,0.3184091849607119,22,0.568380057557212,0.5850000000000005,True
29.021408,116,195.795711,0.984375,0.3189724302353302,23,0.5408332510208961,0.7300000000000006,True
32.076094,99,195.972758,0.9609375,0.31850218023617527,22,0.5577046642336768,0.5500000000000005,True
34.630391,96,196.120337,0.984375,0.3194392399642776,26,0.6037618640794079,0.5300000000000005,True
35.4201,90,196.246845,0.96875,0.31884458318124176,21,0.5393640337431079,0.49000000000000044,True
32.381956,113,196.40277,0.984375,0.31951292167554735,23,0.5828156626877976,0.5950000000000005,True
34.451716,97,196.540304,0.984375,0.3173084928787338,23,0.5402936870625911,0.5150000000000005,True
34.173409,101,196.680781,0.9765625,0.3196018172596031,25,0.5871056964031921,0.5350000000000005,True
26.561188,139,196.888808,0.953125,0.31511990618468316,21,0.571107682031215,0.7350000000000007,True
34.097547,87,197.005854,0.9921875,0.3199211425735357,23,0.5095988427822928,0.5000000000000004,True
23.094929,129,197.181567,0.9921875,0.3171915810239827,18,0.4814518851365841,0.7500000000000007,True
29.568521,122,197.342756,0.9765625,0.3191737778632572,24,0.546151985886723,0.6650000000000006,True
32.628248,96,197.472161,0.984375,0.31953922023317505,23,0.5696107060596749,0.5400000000000005,True
33.007,95,197.600855,0.9921875,0.31889748871989315,17,0.5258239975705208,0.5250000000000005,True
29.323026,112,197.759079,1.0,0.3188984729797216,22,0.5233911329272533,0.6350000000000006,True
26.620466,141,197.975724,0.984375,0.31983150463990917,23,0.5561604341740353,0.7750000000000007,True
32.016209,95,198.119449,0.9921875,0.31609663399173116,22,0.5547992715277895,0.5600000000000005,True
34.386072,94,198.246321,0.984375,0.3195991920096033,25,0.5869128759717365,0.5150000000000005,True
36.300951,83,198.36587,0.9921875,0.318958198467096,20,0.54750525716274,0.4550000000000004,True
33.589482,100,198.501672,0.9609375,0.3194651128674254,23,0.5261273367890654,0.5600000000000005,True
31.115974,119,198.66561,0.96875,0.3167307040273887,23,0.5736257737215151,0.6550000000000006,True
31.196245,103,198.81835,0.9609375,0.31847914958178797,20,0.5210241464491449,0.5850000000000005,True
36.739026,82,198.941993,0.9921875,0.31653360299887384,19,0.4922230131037399,0.4400000000000004,True
36.63255,80,199.056083,0.96875,0.31961660661911034,24,0.5077118221588084,0.4400000000000004,True
34.652952,96,199.198734,0.9765625,0.3192961509046926,20,0.5472499491159021,0.5300000000000005,True
31.045121,111,199.360966,0.984375,0.31977974443358553,24,0.5353784691847678,0.6000000000000005,True
35.746214,85,199.487221,0.9765625,0.31843806902190636,26,0.580561429095944,0.4750000000000004,True
33.054888,110,199.654573,0.953125,0.3194360007990025,22,0.5424777341577403,0.5900000000000005,True
33.674894,100,199.811957,0.9921875,0.31898693004209205,20,0.5518820127195098,0.5600000000000005,True
22.798346,150,200.060395,0.9765625,0.31972506828195724,21,0.5508032952227325,0.8850000000000008,True
33.955958,93,200.194251,0.9765625,0.3187050214575793,20,0.5304184179976441,0.5550000000000005,True
32.496405,99,200.340979,0.984375,0.31908430492529605,23,0.5250699239314743,0.5650000000000005,True
26.990519,132,200.520985,0.9921875,0.3189565857805219,21,0.5261433991002303,0.7200000000000006,True
34.712882,88,200.650133,0.96875,0.31605273230295916,23,0.5502024167138372,0.48500000000000043,True
35.622034,76,200.758154,1.0,0.3184142479479386,19,0.5540558595394135,0.4550000000000004,True
30.543743,111,200.928928,0.96875,0.3159032339088239,19,0.4956137351111444,0.5950000000000005,True
34.990834,85,201.05869,0.984375,0.31874262514541907,22,0.552883422596428,0.5150000000000005,True
33.427476,102,201.201514,1.0,0.31752946636343515,21,0.5768970903664873,0.5600000000000005,True
33.212095,103,201.347957,1.0,0.318823552209315,22,0.5415196908057605,0.5550000000000005,True
34.501724,89,201.488449,1.0,0.31889657711107416,19,0.5445825830213438,0.5450000000000005,True
23.94362,146,201.699863,0.9921875,0.31895537996747103,24,0.5394023156077756,0.8000000000000007,True
31.974516,106,201.860964,0.984375,0.31891695871646486,20,0.5100929554271596,0.6100000000000005,True
35.97045,87,201.994939,0.9921875,0.31721935729345385,20,0.5415092871666557,0.4650000000000004,True
6.185498,180,202.271062,0.96875,0.3353159152808899,22,0.5710550933333383,1.0000000000000009,False
33.505668,85,202.399434,0.9921875,0.31846303378021723,22,0.520752301275757,0.5000000000000004,True
36.06956,87,202.522987,0.9921875,0.3172111273800272,21,0.5444248709598514,0.4750000000000004,True
32.186252,108,202.689646,0.984375,0.3197017937371107,21,0.5086307417525736,0.5900000000000005,True
33.232516,92,202.82592,1.0,0.3187346911268445,24,0.5382595843000426,0.5900000000000005,True
35.1091,89,203.029024,1.0,0.31942761677357334,22,0.5395419103111646,0.49500000000000044,True
30.667216,111,203.251839,1.0,0.31931997656363875,23,0.553609633794126,0.6750000000000006,True
28.339728,118,203.48468,1.0,0.3174674314475854,20,0.5386733374666612,0.6800000000000006,True
31.087161,103,203.680328,0.9921875,0.31921150960700917,24,0.5166444321644582,0.6200000000000006,True
32.493011,97,203.888927,1.0,0.3196683003373315,24,0.5451641841610799,0.5600000000000005,True
28.657681,127,204.15784,1.0,0.3195873577739457,22,0.5070089798632087,0.7200000000000006,True
32.691536,98,204.340179,1.0,0.3195744084580855,23,0.5494068336119188,0.6100000000000005,True
33.792605,93,204.507186,1.0,0.31953712039879545,22,0.5320488174684705,0.5550000000000005,True
31.754878,116,204.726985,0.9609375,0.3192764005665254,23,0.5642852970532481,0.6300000000000006,True
34.860707,82,204.917531,1.0,0.3196789979071456,24,0.5271191314084752,0.5200000000000005,True
34.078795,98,205.120693,0.9921875,0.31858376752354056,20,0.5354960719069657,0.5300000000000005,True
34.374889,88,205.316516,1.0,0.31668580550595454,22,0.5345305803822483,0.48500000000000043,True
35.947987,86,205.505524,1.0,0.317818136503938,22,0.5130077489786259,0.4700000000000004,True
34.497825,88,205.632839,1.0,0.31932690403495845,23,0.5114778614467899,0.49000000000000044,True
33.637373,89,205.762046,1.0,0.3185119207342361,23,0.5403457899086823,0.4800000000000004,True
33.670805,99,205.910576,0.9921875,0.31928507910053683,18,0.5235991508262209,0.5450000000000005,True
35.996353,86,206.04847,0.9765625,0.3193019698623951,17,0.5374842797121825,0.4800000000000004,True
35.843959,86,206.191931,0.984375,0.31938138046595144,20,0.5836815414291749,0.4800000000000004,True
34.945016,89,206.324805,0.984375,0.31945806920084896,23,0.5490983834882632,0.5250000000000005,True
31.523762,96,206.464262,1.0,0.31838207420640907,22,0.560296921377953,0.5650000000000005,True
34.404056,95,206.611475,0.9921875,0.31820502000266393,19,0.5016826167819756,0.5150000000000005,True
33.384859,99,206.758208,1.0,0.31890757711643825,22,0.5311845453137418,0.5550000000000005,True
34.608472,83,206.880283,1.0,0.31981578371649344,17,0.5159905472567027,0.49000000000000044,True
35.352439,85,207.018672,0.984375,0.31983523714961737,24,0.5445433200463901,0.4650000000000004,True
34.839944,85,207.163864,1.0,0.3191788260496249,22,0.5587267318997404,0.4650000000000004,True
35.711694,83,207.289288,1.0,0.31982465883567274,21,0.5501935580418036,0.4400000000000004,True
34.300529,92,207.435217,1.0,0.3199041001300279,18,0.5287286206302543,0.5500000000000005,True
38.010956,74,207.56089,0.9921875,0.319741000378276,23,0.5532092499494343,0.39000000000000035,True
36.773036,74,207.68516,1.0,0.31834629377172496,20,0.5423845588251046,0.39000000000000035,True
35.000428,85,207.8109,0.984375,0.3146721717390423,21,0.5098313493905827,0.4600000000000004,True
36.252727,83,207.944033,0.9921875,0.31934550280990986,25,0.5625785897688934,0.4450000000000004,True
34.344266,84,208.082496,0.9921875,0.3189133904917725,17,0.5159794030736666,0.49500000000000044,True
35.250492,84,208.226183,1.0,0.3193253258542107,23,0.521883533500517,0.49000000000000044,True
32.040823,98,208.375834,0.9765625,0.3195872270097606,21,0.5054624154324558,0.6100000000000005,True
35.564604,87,208.502898,0.9765625,0.31861949239468357,16,0.49119036542678113,0.48500000000000043,True
31.619345,116,208.686364,0.9609375,0.31788696826775686,21,0.5313580861586382,0.6100000000000005,True
37.022668,81,208.814042,0.984375,0.3182900855226797,25,0.5332994943145691,0.4250000000000004,True
30.037109,107,209.000597,0.9609375,0.31436480341608963,20,0.5641649799742354,0.6500000000000006,True
35.641898,91,209.150613,0.984375,0.3162985833682253,22,0.5450177516215858,0.48500000000000043,True
37.477722,77,209.276478,0.9921875,0.3193146824934493,22,0.5428199116598973,0.40500000000000036,True
37.652398,74,209.386885,0.9921875,0.31424586088903045,21,0.5396804405403196,0.41000000000000036,True
36.015386,85,209.509897,0.9921875,0.31967743234616064,21,0.5319891541355701,0.4750000000000004,True
35.659071,79,210.396866,0.984375,0.3189900352451497,25,0.5215160450027363,0.4400000000000004,True
34.44069,90,210.527886,0.984375,0.3186774364607754,23,0.5465177828237663,0.5000000000000004,True
35.73567,81,210.647144,0.984375,0.31897091857263793,22,0.547998417345102,0.4350000000000004,True
34.910008,80,210.774703,0.984375,0.31861232269126805,23,0.5244941706915175,0.4300000000000004,True
34.332644,91,210.912196,0.9765625,0.3194074706072469,24,0.5497412453454221,0.49000000000000044,True
34.444421,98,211.06325,0.9609375,0.31917367317673745,19,0.557248114949634,0.5300000000000005,True
35.879878,92,211.200919,0.9765625,0.3198771186002445,22,0.5434034957351379,0.4800000000000004,True
36.421671,79,211.322935,1.0,0.3199135655282489,23,0.522595902565295,0.4550000000000004,True
37.48321,76,211.433676,1.0,0.31595577552264653,20,0.5382259004997108,0.41000000000000036,True
36.031658,92,211.575998,0.953125,0.3070275328615139,21,0.5249551265553056,0.49000000000000044,True
34.723914,85,211.702318,1.0,0.319350974797345,23,0.5420915675169173,0.4750000000000004,True
34.559452,88,211.847939,0.9921875,0.31929185811843797,23,0.5390463832056335,0.5200000000000005,True
30.470171,102,212.002496,0.9921875,0.3188584238793484,17,0.5152601480260537,0.6250000000000006,True
36.572639,80,212.12808,1.0,0.3191316553243799,22,0.5336017310093368,0.4500000000000004,True
31.756001,110,212.308549,0.953125,0.31026691229344056,21,0.602013697724032,0.6150000000000005,True
32.254599,103,212.483267,0.9921875,0.31991899275625846,23,0.5250867319647061,0.5550000000000005,True
35.358144,92,212.628914,0.96875,0.317972800649759,21,0.549080861404879,0.5100000000000005,True
35.238667,88,212.776881,1.0,0.3188204106099163,22,0.5455973431465282,0.4800000000000004,True
33.738891,86,212.915235,0.9765625,0.3178111806309637,24,0.5482682485046949,0.49000000000000044,True
32.361346,108,213.091201,0.9765625,0.3176853327138104,21,0.5632702500957462,0.6100000000000005,True
34.975616,81,213.219061,1.0,0.3190375885243273,21,0.5125649864557852,0.4700000000000004,True
35.205402,82,213.356847,0.9921875,0.31756093453390266,24,0.5314799505640644,0.4600000000000004,True
30.499611,120,213.543115,0.96875,0.31831800587558556,23,0.5937890470754226,0.6800000000000006,True
35.820185,89,213.693817,0.984375,0.31900294909916327,20,0.5397834660292158,0.4650000000000004,True
34.628029,95,213.836978,0.984375,0.3195569857214784,20,0.5185328397276879,0.5150000000000005,True
33.953294,90,213.97901,0.9921875,0.3194337431910395,21,0.5192816013806048,0.5100000000000005,True
37.333637,76,214.09472,0.9765625,0.3199164771801577,20,0.5276460810150156,0.4200000000000004,True
31.455775,103,214.239607,0.9921875,0.3134673464411488,23,0.5680566150438389,0.5750000000000005,True
34.809761,89,214.376262,0.9609375,0.3195512705253507,19,0.5449846650833676,0.5250000000000005,True
37.763739,75,214.481134,0.9921875,0.31521621367070507,23,0.5580036730455009,0.40500000000000036,True
38.193611,71,214.587842,1.0,0.31961171195499616,20,0.5443110350199268,0.38500000000000034,True
27.529109,119,214.769615,1.0,0.31871449046899536,23,0.5334356907964645,0.6350000000000006,True
30.081142,109,214.927613,1.0,0.3188968395701745,23,0.5504273173248504,0.6100000000000005,True
34.688634,91,215.061176,1.0,0.3196560664916934,18,0.5525777540578538,0.5250000000000005,True
31.362263,113,215.221961,0.96875,0.31874054119077516,22,0.5735084286862278,0.6350000000000006,True
35.594182,89,215.357154,0.9765625,0.31925001891198024,23,0.5421760972502846,0.4750000000000004,True
37.158624,71,215.471721,1.0,0.31921428358603177,22,0.5600629527104867,0.41500000000000037,True
37.044019,73,215.638816,1.0,0.31971519287420735,21,0.5286028977099237,0.4250000000000004,True
34.722242,91,215.821432,0.984375,0.3189726890497465,20,0.5004000312842483,0.5150000000000005,True
30.720634,109,216.05081,0.9765625,0.3199187445767254,19,0.5260389744366114,0.6200000000000006,True
38.335076,68,216.174724,1.0,0.3186814214805366,25,0.5434958451778875,0.37000000000000033,True
35.190552,75,216.315437,1.0,0.3176439004047407,21,0.5598899616240207,0.41500000000000037,True
33.261275,92,216.526028,0.984375,0.3196275184633463,24,0.5419722228774024,0.5350000000000005,True
36.587539,79,216.682401,1.0,0.3193371585233873,22,0.5007568230328255,0.4550000000000004,True
37.348424,74,216.828515,1.0,0.31654763522217505,22,0.537149430499865,0.4200000000000004,True
33.532578,89,216.994906,0.984375,0.31813962549103564,22,0.5349989275650251,0.5250000000000005,True
28.455995,122,217.233169,0.9921875,0.319091321003126,21,0.5732391769737836,0.7000000000000006,True
33.393594,93,217.443124,0.9921875,0.31896524123895764,22,0.5305435401009896,0.5400000000000005,True
20.91048,175,217.819356,1.0,0.31986621906118995,20,0.5444934561053876,0.9200000000000008,True
36.46296,84,218.012001,0.9921875,0.31946418304047425,21,0.515728510181119,0.4500000000000004,True
35.556031,87,218.165635,1.0,0.318802389686558,23,0.5718944883847578,0.49500000000000044,True
34.56963,86,218.295771,1.0,0.31701833484293784,21,0.5336647843938955,0.49500000000000044,True
35.606952,76,218.406801,1.0,0.31956048186777525,22,0.5131926504357309,0.39500000000000035,True
35.268726,85,218.532164,0.9921875,0.3197722753585161,21,0.5281428818518501,0.4550000000000004,True
35.675017,82,218.659199,1.0,0.319147933055578,23,0.5731091568933897,0.4450000000000004,True
30.256662,121,218.861124,0.9921875,0.3196379568006523,19,0.5515178761379212,0.6350000000000006,True
33.650542,99,219.011626,0.9765625,0.31393424080978694,18,0.5308398701716823,0.5200000000000005,True
32.984261,101,219.168798,1.0,0.3198045036855869,23,0.5327141134852748,0.5650000000000005,True
32.692995,109,219.333707,1.0,0.31704174796194007,22,0.5758619081898435,0.6050000000000005,True
36.039035,88,219.465349,0.9765625,0.3197542462005382,24,0.5158074694048118,0.4700000000000004,True
31.653,107,219.639338,0.9765625,0.31970285041752533,21,0.5180407573703584,0.5800000000000005,True
34.483158,78,219.756407,1.0,0.31869340916770905,21,0.5600369780601269,0.4500000000000004,True
34.676982,82,219.88488,1.0,0.31962578166626066,23,0.5257584290565245,0.4650000000000004,True
33.399182,93,220.030942,0.9921875,0.319478357382257,21,0.5384977854025018,0.5150000000000005,True
35.056391,87,220.165237,0.9921875,0.3198271785078614,20,0.5199633469957381,0.4700000000000004,True
28.097881,117,220.341503,1.0,0.3197255714360433,22,0.5515620345830865,0.6550000000000006,True
32.923756,106,220.502524,0.9921875,0.31968515262105945,21,0.5459326619755219,0.5700000000000005,True
33.729304,99,220.661541,1.0,0.31771795991809393,25,0.5549668621275093,0.5550000000000005,True
33.429189,93,220.803744,0.9765625,0.31919636722386213,20,0.5529818448887214,0.4800000000000004,True
34.66234,89,220.959295,1.0,0.31997602439893785,22,0.5448481816526003,0.4800000000000004,True
33.486313,104,221.126596,0.9921875,0.31901174430533,23,0.519468838755889,0.5850000000000005,True
34.301375,84,221.259966,1.0,0.31814796206940704,23,0.5166611410801699,0.4600000000000004,True
38.049803,73,221.362837,1.0,0.31946158636328914,20,0.5527974939325726,0.38500000000000034,True
36.366692,76,221.476204,1.0,0.3199718196022181,19,0.556979833962145,0.4200000000000004,True
36.017964,85,221.619405,1.0,0.3183963648991105,18,0.5505527508250652,0.4450000000000004,True
30.976606,121,221.819995,0.96875,0.3171286506439758,24,0.567818951113795,0.6450000000000006,True
34.018588,85,221.963705,1.0,0.3171365792176115,25,0.5796687424885169,0.4750000000000004,True
31.91382,102,222.116403,0.984375,0.3195621994923965,22,0.5519490647332479,0.5700000000000005,True
36.405536,85,222.269665,1.0,0.3187501919019784,21,0.5426677467536203,0.4350000000000004,True
33.746118,91,222.40803,1.0,0.31770441284551487,22,0.5383275086708178,0.5150000000000005,True
34.491862,84,222.551931,0.9921875,0.31844021812348156,21,0.5366953977795443,0.4800000000000004,True
30.791524,110,222.751436,0.9921875,0.3195974160289824,24,0.521252630982663,0.6200000000000006,True
34.602997,83,222.879964,1.0,0.3187363512805722,17,0.5186913645259629,0.49000000000000044,True
32.413692,93,223.032274,1.0,0.31988340640922325,22,0.5491908054930774,0.5050000000000004,True
34.832977,91,223.175021,0.9921875,0.3190786450044544,21,0.5318454902028698,0.5250000000000005,True
36.178123,81,223.303131,0.9921875,0.3189685504147115,18,0.5272546148639958,0.4750000000000004,True
38.166419,68,223.411213,0.9921875,0.31871748612473294,21,0.5438381994306867,0.39000000000000035,True
26.765371,117,223.586335,0.9921875,0.3167720578908708,25,0.5827170572091885,0.6850000000000006,True
35.235947,92,223.739861,0.984375,0.31874886529440116,22,0.5554140006382218,0.49000000000000044,True
34.992001,85,223.867768,1.0,0.3192993631123006,22,0.5476900211731276,0.4700000000000004,True
32.557443,94,224.008042,1.0,0.3187944613621504,22,0.5430396100348306,0.5150000000000005,True
32.599488,108,224.166285,0.9921875,0.31977448551159376,18,0.5522063600315479,0.5900000000000005,True
35.575905,87,224.286643,1.0,0.3192772437153878,21,0.4875090266843956,0.49500000000000044,True
34.415754,86,224.409995,0.9921875,0.3176986628633441,19,0.5450674132349662,0.48500000000000043,True
24.795025,159,224.643573,0.9765625,0.3165752114321844,22,0.5624756493603844,0.8250000000000007,True
25.242942,133,224.856391,1.0,0.3190858163291005,22,0.5269011143102803,0.7650000000000007,True
35.284129,90,224.992066,1.0,0.31810173456346374,22,0.5490552536411422,0.49000000000000044,True
19.630026,183,225.264363,1.0,0.3181865761977336,20,0.5474636250417962,0.9750000000000009,True
34.101079,92,225.400951,1.0,0.3158238409781664,22,0.5285368541639778,0.49500000000000044,True
31.121651,104,225.546824,0.984375,0.31767195279747745,22,0.6007697470901401,0.5850000000000005,True
35.955625,86,225.674653,0.984375,0.31741610706556234,20,0.5570992863861209,0.4600000000000004,True
33.273288,88,225.818641,1.0,0.31978764511317453,19,0.5244453565490961,0.5000000000000004,True
37.690882,77,225.94901,1.0,0.31978593665886446,23,0.5583030945322911,0.39500000000000035,True
33.931391,95,226.091776,1.0,0.3178046631814368,20,0.5284472046048833,0.5550000000000005,True
29.00114,125,226.268858,0.9921875,0.3192800233772754,20,0.569525397772035,0.6900000000000006,True
35.800226,78,226.376908,1.0,0.3171527756679861,21,0.5322572474406451,0.4350000000000004,True
36.273743,85,227.718673,1.0,0.3197222517331415,21,0.5354640928710339,0.4550000000000004,True
27.771726,120,227.934032,0.9921875,0.31970639245996746,21,0.5687216996974734,0.7700000000000007,True
26.165389,136,228.204417,1.0,0.31948130586974194,23,0.5313409771276634,0.8300000000000007,True
20.009411,148,228.511744,1.0,0.31956421134667545,23,0.5387577942428381,0.9500000000000007,True
33.462392,96,228.711627,1.0,0.3197658427732155,22,0.5532275513206932,0.5500000000000005,True
35.462565,82,228.882303,1.0,0.3191453226703469,23,0.5110629575887927,0.4550000000000004,True
34.661865,90,229.100019,1.0,0.319343182417981,20,0.5510411478108946,0.48500000000000043,True
33.145901,91,229.276173,1.0,0.3190788717790236,24,0.5897867192368963,0.49500000000000044,True
23.575164,146,229.569405,1.0,0.3194599452482339,24,0.5536903899735287,0.8150000000000007,True
33.638189,93,229.770346,1.0,0.31943288780453893,23,0.5265055933695876,0.5650000000000005,True
25.133549,125,230.084276,1.0,0.3192297562808195,23,0.541456900293973,0.8500000000000008,True
37.050242,74,230.251151,0.9921875,0.3192359740294806,20,0.5522297326165224,0.4200000000000004,True
6.62756,186,230.661604,1.0,0.3215000895987483,24,0.5426142109127536,1.0000000000000009,False
30.330388,106,230.821257,1.0,0.31726990358150775,24,0.5821547650512364,0.6000000000000005,True
36.045513,83,230.966083,1.0,0.3193922211724332,23,0.5644249626096196,0.4650000000000004,True
31.217339,112,231.163397,1.0,0.31717011379063875,25,0.5685444677487548,0.6700000000000006,True
32.463739,107,231.344158,1.0,0.31919088554968383,23,0.5713048138833983,0.5750000000000005,True
38.549773,65,231.457227,1.0,0.31891435944812785,21,0.5390528205448049,0.3650000000000003,True
36.010264,82,231.594063,1.0,0.31902818101094865,23,0.5343346341796449,0.4700000000000004,True
28.03771,126,231.807623,1.0,0.31994538285233465,20,0.5581795901922416,0.6750000000000006,True
36.960183,80,231.937376,1.0,0.3196737688075405,24,0.5382660651785579,0.4300000000000004,True
25.458765,146,232.189183,1.0,0.3197858544581729,22,0.5244792262601204,0.8400000000000007,True
30.287835,118,232.382951,0.984375,0.31940520445897697,24,0.5360312807422803,0.6500000000000006,True
35.082529,84,232.511923,0.9921875,0.3186654705421694,21,0.5133639987923714,0.4650000000000004,True
36.487339,83,232.634989,0.96875,0.31891885412710574,24,0.5492375380942053,0.4550000000000004,True
38.088221,72,232.766086,1.0,0.31967960046391175,21,0.5542030822975754,0.39000000000000035,True
35.692644,85,232.905752,1.0,0.31802412873460517,23,0.555889330307532,0.48500000000000043,True
36.376766,86,233.061041,0.9921875,0.3176258976401025,23,0.5440619024967327,0.4600000000000004,True
37.937563,74,233.199303,0.9921875,0.3190716071440538,20,0.5738942156479313,0.39000000000000035,True
30.565074,118,233.378867,0.984375,0.3197989716045836,21,0.5476603408419932,0.6150000000000005,True
37.681187,77,233.497308,0.984375,0.3199791572796252,22,0.5581826563829151,0.40500000000000036,True
34.983383,84,233.644493,1.0,0.31867631765151455,19,0.5377805716055071,0.5100000000000005,True
30.822231,117,233.830353,1.0,0.3190827863283863,20,0.4714520697597689,0.6200000000000006,True
33.52354,93,233.971628,0.984375,0.31902940773680855,21,0.5364360418524717,0.5300000000000005,True
35.043804,82,234.093451,1.0,0.3197083162288751,20,0.560565438811421,0.4750000000000004,True
36.064895,84,234.232066,0.984375,0.3160115389213618,25,0.5640511539887176,0.4700000000000004,True
34.300983,95,234.378395,1.0,0.31990983429207276,19,0.5295383940504085,0.5350000000000005,True
28.623664,116,234.557666,1.0,0.31709066107715433,23,0.5524028634359449,0.7050000000000006,True
34.050792,94,234.707368,1.0,0.31940631960363386,24,0.530062530148143,0.5600000000000005,True
26.905336,142,234.941523,1.0,0.3198987395835455,19,0.5642064570840737,0.8000000000000007,True
35.901071,90,235.087483,0.9765625,0.3163131488028368,20,0.5376828724137078,0.4700000000000004,True
30.84115,120,235.305331,1.0,0.31893602879373456,21,0.5460308493848379,0.6300000000000006,True
35.164269,89,235.444435,0.9921875,0.3143045390831483,19,0.5364002003709476,0.5150000000000005,True
34.588406,88,235.576434,1.0,0.3199739253831969,23,0.5483883463139876,0.49500000000000044,True
32.166678,90,235.700264,0.984375,0.3185749248695364,19,0.5349623628799332,0.5100000000000005,True
37.136721,76,235.807125,1.0,0.31939482034577105,21,0.506854664007059,0.4300000000000004,True
31.193894,114,235.996316,1.0,0.31869427382871895,20,0.5692832160677749,0.6500000000000006,True
31.003672,107,236.178886,1.0,0.3191172422665727,18,0.5207481509158363,0.6100000000000005,True
33.010373,99,236.355155,0.9609375,0.3191030743705815,21,0.5325983001454905,0.5450000000000005,True
36.23719,82,236.490742,1.0,0.31847835341633607,19,0.5477951418376702,0.4600000000000004,True
36.200443,76,236.609951,1.0,0.31998689421566984,23,0.5601323457302617,0.4200000000000004,True
32.137679,104,236.775788,0.984375,0.3196316867266143,21,0.5544266693946586,0.6200000000000006,True
33.011871,104,236.950333,1.0,0.3186617610286041,24,0.5664012786504394,0.5550000000000005,True
36.803359,84,237.083607,0.9921875,0.3194018911431632,22,0.5710639728827511,0.4300000000000004,True
34.132858,91,237.241216,1.0,0.31968210649457507,23,0.5437672524913056,0.5200000000000005,True
36.945928,81,237.364872,0.9921875,0.3140847780988444,23,0.5318790827018804,0.4350000000000004,True
35.664045,84,237.497601,1.0,0.31919701235511644,22,0.5455678025204582,0.4600000000000004,True
29.881395,118,237.689922,0.9609375,0.3136253435080447,23,0.5238778248201399,0.6450000000000006,True
33.868046,98,237.852039,1.0,0.3169372729987697,22,0.5395410770980809,0.5400000000000005,True
37.019325,77,237.968178,0.9765625,0.3175708209854703,22,0.5509584393678579,0.4350000000000004,True
32.92339,89,238.096001,0.9921875,0.3178410064365669,22,0.5172576594915422,0.4600000000000004,True
35.462234,81,238.219528,0.9921875,0.3191039630899816,19,0.5216950879777286,0.4500000000000004,True
29.956229,112,238.388185,0.9765625,0.31775074789240687,26,0.5629001362823359,0.7100000000000006,True
31.786178,105,238.531145,1.0,0.3185140340587558,20,0.5484253988696193,0.6050000000000005,True
35.134881,87,238.65297,1.0,0.30700641639906545,19,0.5649105023158334,0.4750000000000004,True
31.652055,103,238.795489,1.0,0.318495954776833,19,0.5433010205059003,0.5700000000000005,True
31.196301,111,238.953754,1.0,0.3191865601548377,20,0.5625806506679869,0.5800000000000005,True
27.520286,111,239.109118,1.0,0.31940192571991555,21,0.5435062500795929,0.6850000000000006,True
35.764167,81,239.218708,1.0,0.31913648557144714,23,0.5326221138683164,0.4400000000000004,True
35.24008,88,239.361934,1.0,0.317028093234362,21,0.5529438616948947,0.4700000000000004,True
31.79728,103,239.506022,0.9765625,0.3189901680776528,21,0.5346224183684362,0.6250000000000006,True
36.24715,84,239.623224,1.0,0.31966268134414777,24,0.5436276025377423,0.4600000000000004,True
30.775852,111,239.780322,0.9921875,0.31793135304540227,23,0.557338724576414,0.6200000000000006,True
35.237777,88,239.907796,1.0,0.3191821969281437,21,0.5386848324316309,0.4650000000000004,True
36.768882,85,240.045141,1.0,0.3179813580694748,20,0.5373122555081388,0.4450000000000004,True
30.099057,104,240.207397,1.0,0.3188973990262355,20,0.4843686770385443,0.6500000000000006,True
33.18247,108,240.376343,0.9921875,0.3181863532359336,21,0.5550634570626065,0.5800000000000005,True
27.172551,140,240.608135,0.9921875,0.3188201321069324,22,0.5845492539230748,0.7450000000000007,True
34.943646,88,240.809236,0.9765625,0.31974007759848816,23,0.5550055613266567,0.5200000000000005,True
30.163779,116,241.09508,1.0,0.3198416246817866,23,0.5434290523839809,0.7100000000000006,True
33.845143,91,241.292499,1.0,0.31758199457938524,21,0.5231393766815085,0.48500000000000043,True
36.380067,84,241.478567,1.0,0.3189415597881985,21,0.5281656423726616,0.4400000000000004,True
31.406322,106,241.722595,1.0,0.31997987939800976,23,0.5721135834868843,0.6100000000000005,True
30.868442,111,241.955166,1.0,0.31928338014744057,20,0.5142531423657538,0.6850000000000006,True
35.222786,97,242.165431,1.0,0.3185165427596004,21,0.5726858698553839,0.5050000000000004,True
29.992448,113,242.436964,1.0,0.3176025585605723,20,0.5139682822364523,0.6200000000000006,True
30.828138,106,242.714241,0.9921875,0.3186075239912437,19,0.5631335978183006,0.6000000000000005,True
38.706653,66,242.874833,1.0,0.31867129561300744,19,0.5459574773142369,0.3600000000000003,True
37.005358,77,243.098316,1.0,0.3175108083187925,22,0.5235496733645714,0.41500000000000037,True
36.67849,82,243.329251,0.9765625,0.3166743357087983,21,0.5478739524358823,0.4500000000000004,True
36.129831,78,243.499733,1.0,0.31843969080866,22,0.5496579959245501,0.4800000000000004,True
34.4835,98,243.726284,1.0,0.3186780994576858,22,0.5355732309833106,0.5300000000000005,True
34.315851,95,243.897385,0.9921875,0.31759831375317843,24,0.5753724314652624,0.5350000000000005,True
34.575982,87,244.070415,1.0,0.3185065667988015,22,0.5182810883890716,0.48500000000000043,True
36.155671,79,244.203846,1.0,0.31972506440559645,21,0.561396281051339,0.4750000000000004,True
28.586087,118,244.416805,1.0,0.3189405862606127,20,0.5654753781437356,0.7600000000000007,True
33.561906,89,244.58765,1.0,0.3183793046488308,20,0.5161546160505568,0.5200000000000005,True
34.813511,82,244.735344,1.0,0.31889506123593014,21,0.559475277844519,0.4650000000000004,True
35.863299,76,244.852275,1.0,0.31919468821997565,23,0.5526585460284988,0.4250000000000004,True
36.937834,76,244.968601,1.0,0.31914760118265906,22,0.5561731149107335,0.4400000000000004,True
35.686968,88,245.11132,1.0,0.3180319656960303,20,0.5286759319758445,0.4800000000000004,True
28.21774,124,245.31812,1.0,0.3187189366174834,19,0.5414626044532622,0.7050000000000006,True
26.113412,139,246.109965,0.984375,0.31883919321301635,23,0.5451650889604215,0.7500000000000007,True
35.094299,90,246.27531,0.9921875,0.31890671277520877,22,0.5473563102417156,0.49000000000000044,True
33.719343,95,246.42954,0.9921875,0.3146057520875953,20,0.5333961004801655,0.5450000000000005,True
37.163927,80,246.551913,1.0,0.31872913557965066,21,0.5367347674073933,0.4300000000000004,True
36.538499,78,246.692283,0.9921875,0.3179932774286882,21,0.5347697793003628,0.4600000000000004,True
31.351386,104,246.858222,0.984375,0.3194489656176285,21,0.561187991727239,0.6150000000000005,True
36.470702,87,247.02011,1.0,0.3199670967182586,19,0.5469379849167313,0.4550000000000004,True
27.051115,128,247.218933,0.984375,0.31837956327718,22,0.5583426543252821,0.6900000000000006,True
38.17357,70,247.328491,1.0,0.3192509613908646,23,0.57248963454167,0.38000000000000034,True
36.759404,80,247.450694,0.9921875,0.3193636455221196,22,0.5116678126137446,0.4300000000000004,True
35.186724,85,247.585663,0.9921875,0.3182782713956231,24,0.5214337974680062,0.5150000000000005,True
31.304603,108,247.765033,1.0,0.3191344305743501,22,0.5416800736826126,0.6200000000000006,True
37.932731,68,247.864848,1.0,0.31980751279861275,18,0.539071991001049,0.39000000000000035,True
38.758062,65,247.967604,0.984375,0.31907119443074466,21,0.5530352496878198,0.3550000000000003,True
38.414282,71,248.073898,1.0,0.3194166834251461,21,0.5183981607549831,0.37500000000000033,True
37.825846,74,248.180951,1.0,0.3189910595026747,24,0.5512821458095442,0.38000000000000034,True
35.942806,72,248.284023,1.0,0.3199937281092957,21,0.5251331184624927,0.39000000000000035,True
36.39332,69,248.380782,1.0,0.3190567318805501,22,0.5260308079081717,0.3650000000000003,True
34.893183,77,248.48958,1.0,0.3178076649824843,23,0.526440851023547,0.4350000000000004,True
38.148549,69,248.59308,0.9921875,0.31939594662555226,22,0.5031492658467008,0.38500000000000034,True
33.759066,100,248.758587,0.9765625,0.31975032265600895,22,0.5648560455902267,0.5500000000000005,True
33.642858,93,248.893618,0.9921875,0.3175795477952183,20,0.5636755150786301,0.5200000000000005,True
37.293988,76,249.009358,0.9921875,0.3185519766367075,21,0.5489021441889623,0.41000000000000036,True
36.008746,85,249.14008,1.0,0.31936535093040863,18,0.5104275774639399,0.4550000000000004,True
34.009406,87,249.268271,1.0,0.3193176223689358,17,0.5217801362476095,0.5100000000000005,True
37.599591,71,249.374027,1.0,0.3194706942608029,22,0.5142028549453759,0.40500000000000036,True
34.050764,89,249.511052,0.984375,0.3184196919493005,24,0.5636062914199996,0.5350000000000005,True
38.286191,68,249.626312,0.9921875,0.31874993498151727,19,0.5489455545481885,0.37000000000000033,True
34.725505,96,249.786717,0.984375,0.3186356904228188,22,0.5742521939554206,0.5000000000000004,True
28.927662,115,249.964979,1.0,0.318974938532987,22,0.5391564117730194,0.6250000000000006,True
34.061997,90,250.104767,1.0,0.31951747106361206,24,0.5463664664589551,0.5000000000000004,True
33.753432,99,250.257167,1.0,0.31984759059012174,21,0.528117110588542,0.5150000000000005,True
36.648189,73,250.372013,1.0,0.31989618610813053,22,0.5279272241289354,0.40000000000000036,True
37.587837,73,250.482479,1.0,0.31548515230460505,21,0.5445762742650648,0.40500000000000036,True
36.029669,83,250.60174,0.9921875,0.31968987678197514,25,0.5454207393852895,0.4650000000000004,True
35.445851,84,250.752193,1.0,0.31522242736604916,23,0.5237455183761776,0.49000000000000044,True
36.636831,73,250.884305,1.0,0.31944705404115753,21,0.5412530382103108,0.40500000000000036,True
33.006362,78,251.030046,1.0,0.31926163677449765,23,0.5669161937189824,0.4650000000000004,True
38.085582,70,251.148661,1.0,0.3189693412975866,20,0.5571420794935078,0.38000000000000034,True
34.375781,76,251.279803,0.9921875,0.3190585240634148,24,0.531051171350568,0.4500000000000004,True
30.898579,115,251.467643,0.984375,0.3190857916476859,24,0.553179452836293,0.6350000000000006,True
36.626821,72,251.584933,0.984375,0.319823040869192,22,0.5143294225017346,0.40500000000000036,True
37.33017,76,251.708667,0.9921875,0.3194015534093444,22,0.5284586397862945,0.41000000000000036,True
37.136363,78,251.834119,1.0,0.31985742753080426,21,0.5549640834810069,0.4200000000000004,True
37.222293,76,251.955607,1.0,0.31921254361168383,25,0.5453593039682401,0.4200000000000004,True
38.130172,70,252.068291,1.0,0.3182072101593424,24,0.5320045190111479,0.38000000000000034,True
35.178456,83,252.198104,0.984375,0.3188047150754755,20,0.5385453140157123,0.4600000000000004,True
35.014777,85,252.327917,1.0,0.31882449580060446,20,0.5598140338517814,0.49500000000000044,True
36.105094,83,252.466671,1.0,0.3185945404689443,20,0.5417748213530966,0.4350000000000004,True
37.147753,73,252.583634,1.0,0.3181993412608113,24,0.5298768622923407,0.41500000000000037,True
35.157729,92,252.736753,1.0,0.3197093479898917,19,0.5515678671111215,0.5000000000000004,True
35.602414,79,252.883853,0.984375,0.3195087323372457,24,0.5711011305587991,0.4500000000000004,True
35.396398,90,253.029372,0.9921875,0.31933289424711575,23,0.5504545285639282,0.5000000000000004,True
28.994006,110,253.207096,0.9921875,0.3167301800942076,22,0.584295409216529,0.6150000000000005,True
28.788782,110,253.363224,0.984375,0.3168238276635546,20,0.5223464293372857,0.7200000000000006,True
37.158137,77,253.517544,0.9921875,0.31955918832992825,24,0.5395322639686945,0.41500000000000037,True
35.498491,87,253.716775,1.0,0.3160747631857072,22,0.5592754834632824,0.49500000000000044,True
26.773902,132,253.995329,0.984375,0.3189724341543134,22,0.5670086942249838,0.7100000000000006,True
36.711993,77,254.13948,1.0,0.3199673525807686,24,0.5543565495535763,0.4450000000000004,True
29.278317,122,254.390382,1.0,0.31962499098863983,24,0.5510547117005185,0.6850000000000006,True
29.089554,115,254.633958,1.0,0.31950320210289773,24,0.5138852386637457,0.6600000000000006,True
37.916872,70,254.777392,1.0,0.3186787823509987,23,0.5428242198579223,0.39000000000000035,True
35.899959,80,254.94251,0.9921875,0.31551535559833377,23,0.5409384729172778,0.4400000000000004,True
36.81902,81,255.106067,0.984375,0.31935193413979446,22,0.5675612939956781,0.4250000000000004,True
31.644176,107,255.325041,0.9765625,0.31846359774759936,25,0.5368127828749356,0.5950000000000005,True
35.373746,90,255.5105,0.9921875,0.3168190679074401,25,0.5611058321918977,0.4800000000000004,True
35.015994,85,255.694759,0.96875,0.31983591228570973,21,0.5598977973723434,0.4600000000000004,True
32.70678,98,255.934973,0.9609375,0.3198852768082399,22,0.5330311428099486,0.5450000000000005,True
36.64729,77,256.096965,0.9921875,0.3198274051793618,20,0.5434852818185669,0.4250000000000004,True
36.788207,82,256.215813,0.96875,0.3147398061338219,23,0.5381266897829622,0.4500000000000004,True
36.53809,74,256.32081,0.9921875,0.3154556922374656,23,0.5346689237832837,0.41000000000000036,True
32.797974,93,256.450347,0.9921875,0.31856479132382143,18,0.49971885556910406,0.5550000000000005,True
36.717082,72,256.552773,1.0,0.31719646378497085,23,0.5264063717104968,0.40000000000000036,True
34.261701,102,256.700977,1.0,0.3178711720629679,21,0.5678693265964655,0.5200000000000005,True
38.486581,68,256.798479,0.984375,0.31942614637136096,21,0.5676039560744186,0.37000000000000033,True
32.374656,106,256.96467,0.9765625,0.31839931107407443,20,0.5461735923499014,0.5800000000000005,True
33.619014,96,257.117607,1.0,0.3198098611894964,22,0.5373621348535456,0.5350000000000005,True
34.564286,98,257.259726,1.0,0.31998918943399146,19,0.5624126067634564,0.5300000000000005,True
31.014269,111,257.424309,0.9765625,0.3176628887260585,21,0.584115079138365,0.6100000000000005,True
36.391376,73,257.536166,0.9921875,0.3176756089714933,22,0.5614622604775624,0.41500000000000037,True
19.877021,176,257.804686,0.984375,0.31905380071490075,23,0.5050587525266108,0.9500000000000008,True
35.692009,83,257.928019,1.0,0.31633628979150263,22,0.5326416929252017,0.48500000000000043,True
34.326279,90,258.068384,1.0,0.31956678792541604,20,0.515183197233847,0.5300000000000005,True
32.678271,97,258.230399,0.9765625,0.3189149006562483,25,0.563493321716607,0.5400000000000005,True
32.098953,98,258.382027,0.96875,0.3198699253542864,21,0.5654790910952472,0.6400000000000006,True
29.731241,111,258.542423,0.9921875,0.3191352414684969,24,0.5387630899868806,0.6300000000000006,True
33.47137,95,258.673628,0.9765625,0.31958530142581143,23,0.5411702419869437,0.5550000000000005,True
29.851124,114,258.833231,0.984375,0.3199452934210737,22,0.5384533533425253,0.6900000000000006,True
33.857436,96,258.987517,0.9609375,0.3195982536056992,21,0.5596810173901221,0.5600000000000005,True
36.176479,80,259.132533,0.96875,0.3195748357433554,22,0.5430849162598664,0.4700000000000004,True
33.508247,91,259.291268,0.984375,0.319117148433376,22,0.5325072854893126,0.5250000000000005,True
34.555241,83,259.427722,0.984375,0.31467672958698434,21,0.5434168155731034,0.5000000000000004,True
36.00214,88,259.569764,1.0,0.31944178877591095,21,0.5396735591668592,0.4800000000000004,True
34.745728,88,259.711571,0.9609375,0.31786429958487983,22,0.5359227703755571,0.5300000000000005,True
22.260563,149,259.959262,0.9765625,0.31985013853912414,22,0.5606835791721456,0.9750000000000009,True
32.282869,103,260.114642,0.9765625,0.31864335513045916,21,0.5384536032419842,0.5750000000000005,True
37.01754,81,260.254901,1.0,0.31912342419669937,17,0.5100709326511725,0.41500000000000037,True
33.451273,99,260.401747,1.0,0.3195700540792838,20,0.5346835852610154,0.5350000000000005,True
37.071669,79,260.526757,0.984375,0.3145286959958321,18,0.5594254133903441,0.4450000000000004,True
34.563777,91,260.671922,0.9921875,0.3163041710271356,22,0.5507650226612105,0.49000000000000044,True
33.461239,94,260.814816,0.9921875,0.3181845422689029,21,0.5439014778268889,0.5450000000000005,True
37.955407,72,260.926628,0.9921875,0.31942823667190823,21,0.5529561283064128,0.38000000000000034,True
33.57026,96,261.079487,1.0,0.3196335175764997,19,0.5212074915308462,0.5900000000000005,True
37.485135,73,261.198507,1.0,0.31970170434697714,20,0.4979296444460697,0.40500000000000036,True
36.693308,78,261.306003,0.9765625,0.318752443324313,22,0.5356027200331368,0.4400000000000004,True
33.858227,97,261.438528,1.0,0.31613537515968415,24,0.5586456056507717,0.5550000000000005,True
37.271537,69,261.541057,1.0,0.3196007225480878,23,0.511128202410706,0.41500000000000037,True
34.344774,87,261.673171,1.0,0.31884482619201004,20,0.5316815521353202,0.5000000000000004,True
32.141245,102,261.829763,0.984375,0.31970977547354495,22,0.5310274899778407,0.5950000000000005,True
34.210259,86,261.967018,1.0,0.3196706682308825,21,0.5246092041271012,0.5400000000000005,True
25.254035,144,262.20222,1.0,0.31762997407185034,16,0.5302260815119024,0.8300000000000007,True
24.346791,130,262.414283,1.0,0.31884656069370154,21,0.5507084137781816,0.7550000000000007,True
30.73758,105,263.410805,1.0,0.3191002817411244,21,0.5346553381522777,0.6050000000000005,True
28.860759,124,263.614633,0.984375,0.3150862349260859,18,0.5529755552502611,0.6650000000000006,True
2.151388,193,263.95086,0.7421875,0.5137511391230787,17,0.4604750587154013,1.0000000000000009,False
38.068908,74,264.084133,1.0,0.3178362248307123,22,0.5793651550479765,0.39000000000000035,True
36.150754,80,264.209187,1.0,0.3190251100085607,21,0.5606559563873545,0.4700000000000004,True
32.681624,108,264.387528,0.984375,0.31382405473337677,21,0.5347503163336532,0.5700000000000005,True
36.796519,84,264.519033,0.9921875,0.3146488228022083,21,0.5396658666020893,0.4400000000000004,True
37.570478,77,264.643219,1.0,0.31947299355361936,20,0.5255645514974254,0.40500000000000036,True
35.601569,80,264.764653,0.9921875,0.318788084881541,24,0.49890468245106057,0.49000000000000044,True
33.009229,102,264.936302,1.0,0.31878807027108397,22,0.503898562852448,0.5900000000000005,True
38.329124,70,265.053412,1.0,0.3195251383506236,26,0.5562706525562018,0.37000000000000033,True
33.732677,84,265.189299,0.9921875,0.31949501731726115,19,0.518608868147077,0.4700000000000004,True
35.117258,90,265.358602,0.9765625,0.3197072174369053,25,0.5438061295232308,0.4800000000000004,True
35.857843,90,265.513043,0.984375,0.3135329982934739,25,0.5820395231169685,0.4700000000000004,True
28.708032,126,265.723854,0.96875,0.31882954914542083,20,0.5255098473233223,0.6800000000000006,True
36.354663,79,265.847674,1.0,0.31950214691981427,17,0.5464835383324755,0.4550000000000004,True
35.433896,82,266.009825,0.9921875,0.31862475678634483,22,0.5248313460546548,0.5000000000000004,True
30.445699,93,266.24071,1.0,0.3168198832635201,23,0.5619268395986744,0.5850000000000005,True
35.040768,85,266.428534,1.0,0.31903681776444753,22,0.5204831045078695,0.5250000000000005,True
30.734706,108,266.634596,1.0,0.3175154222838157,22,0.5531200970300854,0.6200000000000006,True
34.479994,82,266.803647,1.0,0.31900157514157007,20,0.5924420361878723,0.49500000000000044,True
35.485138,80,266.997502,1.0,0.3186949645123786,21,0.5568812230852079,0.4400000000000004,True
34.590224,88,267.205168,0.9765625,0.31879551234602577,24,0.5369097378692269,0.5200000000000005,True
34.351753,81,267.403448,1.0,0.31724047439825465,18,0.5861303818249293,0.4700000000000004,True
35.158563,84,267.591618,0.9921875,0.318248881295099,22,0.5465479413895383,0.5100000000000005,True
36.67254,73,267.74142,1.0,0.3197613942976136,21,0.5490125386935258,0.40000000000000036,True
37.038314,78,267.925941,0.9921875,0.31967710314375564,24,0.534815639013804,0.4200000000000004,True
34.614183,73,268.11463,1.0,0.31903605427613024,20,0.5425762544260263,0.40000000000000036,True
23.438902,139,268.450347,1.0,0.31954264111243913,21,0.5463295003776606,0.7800000000000007,True
34.865857,81,268.662813,1.0,0.31995303424094235,22,0.5261831927296327,0.4800000000000004,True
36.591775,80,268.829864,1.0,0.3184408610645989,22,0.5069836260718374,0.4400000000000004,True
32.620114,87,268.986968,0.984375,0.31952899332982587,20,0.5443790909634896,0.48500000000000043,True
33.167068,96,269.140487,0.984375,0.3188509550081209,18,0.555994147428714,0.5350000000000005,True
32.194551,99,269.283417,1.0,0.31998453178765746,23,0.5642124950657782,0.5450000000000005,True
33.672361,100,269.432029,1.0,0.3198613794806473,24,0.5462726919419539,0.5600000000000005,True
33.85046,101,269.592249,1.0,0.31763962576660054,23,0.5703829311351595,0.5650000000000005,True
26.274268,115,269.75957,1.0,0.31963410441031576,22,0.5524031085672421,0.7800000000000007,True
31.164835,102,269.914272,1.0,0.31846087204122525,23,0.5533223403042141,0.6700000000000006,True
33.189514,92,270.054141,1.0,0.31959453109238517,23,0.528138937412962,0.5900000000000005,True
28.93985,116,270.237814,0.9609375,0.31953251111820496,22,0.5708744980275666,0.6750000000000006,True
30.240175,100,270.390395,1.0,0.31658503079895584,21,0.5672656103840388,0.5950000000000005,True
33.250925,94,270.540723,1.0,0.31895623500944204,20,0.5634368817302619,0.5800000000000005,True
37.094394,76,270.686781,1.0,0.3183420278752719,20,0.5318659194082189,0.4300000000000004,True
31.987766,97,270.837552,1.0,0.3197538294478078,20,0.4899382938741376,0.5550000000000005,True
37.494222,75,270.963993,1.0,0.3199660644440821,22,0.5573271211011797,0.40500000000000036,True
33.731802,85,271.098057,1.0,0.31799063552945045,26,0.5552292095897555,0.4750000000000004,True
36.01128,85,271.227408,1.0,0.31860856195923687,23,0.5504299056981201,0.4650000000000004,True
36.408245,77,271.346277,1.0,0.31787132184843775,19,0.5358654989582371,0.4450000000000004,True
36.889982,76,271.468302,1.0,0.3196225706421035,24,0.5281762004349463,0.4400000000000004,True
29.571631,116,271.657054,1.0,0.3198165120926278,22,0.5478383132000052,0.6750000000000006,True
34.346561,94,271.792506,1.0,0.319094210017981,23,0.5513739604151728,0.5100000000000005,True
34.672075,89,271.924358,0.9921875,0.31997009496009904,21,0.5490559723429798,0.5250000000000005,True
28.039165,125,272.113363,1.0,0.3195381741276806,24,0.5724924708572996,0.7850000000000007,True
30.844683,123,272.295122,0.9921875,0.31879043655553024,22,0.5519933703872782,0.6550000000000006,True
33.844444,100,272.448505,1.0,0.31958219264353455,22,0.5474132550661015,0.5500000000000005,True
30.313458,111,272.612395,1.0,0.3191721017232956,22,0.5260583648114777,0.5950000000000005,True
34.804949,88,272.755508,1.0,0.31771116010389255,21,0.5343885192644418,0.5300000000000005,True
35.931319,79,272.88364,1.0,0.3191853306574044,20,0.5630232864817925,0.4350000000000004,True
32.612796,91,273.018753,1.0,0.31766753018127747,19,0.5732396574130493,0.5300000000000005,True
9.966049,190,273.320338,1.0,0.3212380931461991,21,0.5873214240718813,1.0000000000000009,False
36.175945,80,273.441204,1.0,0.3198562478604913,21,0.5256137690072785,0.4700000000000004,True
33.710734,99,273.596421,1.0,0.3198606345788847,21,0.5460598495225197,0.5350000000000005,True
28.259605,127,273.81077,1.0,0.319321746689055,22,0.5525749405354421,0.7100000000000006,True
1.059476,192,274.111846,0.84375,0.4796379578386249,19,0.38423735518030633,1.0000000000000009,False
28.094529,124,274.308908,1.0,0.3195153457695282,22,0.5368786516340339,0.6900000000000006,True
34.435611,82,274.43184,1.0,0.3197634204332044,24,0.5311382759285788,0.4650000000000004,True
32.289441,99,274.587647,0.9921875,0.31974408657125664,20,0.5567732632188043,0.5750000000000005,True
37.424045,75,274.72185,1.0,0.31331016764525677,23,0.5614182394281628,0.4250000000000004,True
34.081011,88,274.858404,1.0,0.3199531456355505,19,0.5338998344120187,0.5050000000000004,True
38.091892,74,274.973333,0.984375,0.3188437379354937,24,0.5592241159518054,0.38000000000000034,True
30.892253,99,275.130019,1.0,0.31947876541437886,22,0.5445986451326682,0.5950000000000005,True
36.087554,79,275.25227,1.0,0.31889284632052695,22,0.5523002289647025,0.4300000000000004,True
34.833939,74,275.359584,1.0,0.31842789985828496,22,0.5456280536310852,0.4400000000000004,True
36.991728,76,275.471674,0.9921875,0.31799818477370023,21,0.5352693636222443,0.4400000000000004,True
27.960905,143,275.689645,0.9765625,0.3178644666927024,22,0.5057616138756313,0.7650000000000007,True
31.137744,103,275.8628,1.0,0.3198968436794344,20,0.5679074099067791,0.6550000000000006,True
33.190665,98,276.021846,1.0,0.31967496309006826,25,0.5446945085447046,0.6000000000000005,True
33.592117,93,276.160488,1.0,0.31942017030791037,20,0.5444782119386922,0.5650000000000005,True
31.910603,94,276.294824,1.0,0.31900185717344876,24,0.5192046180449862,0.6300000000000006,True
33.40302,86,276.423336,0.984375,0.3172484464845404,23,0.5489740105217634,0.49000000000000044,True
34.630159,76,276.529164,1.0,0.3198272102837524,21,0.5333290937458502,0.4500000000000004,True
36.445248,82,276.651454,0.9921875,0.3192821279431314,21,0.5238648059477562,0.4500000000000004,True
35.958777,82,276.766343,0.9921875,0.3190737039043938,24,0.5789216043975471,0.4800000000000004,True
35.885642,82,276.912898,1.0,0.31871653568105673,24,0.5710904005060787,0.4800000000000004,True
34.462157,85,277.040117,1.0,0.3195020292232632,23,0.5562064176188913,0.49500000000000044,True
34.35347,90,277.17839,1.0,0.3166968840515499,25,0.5630391048109561,0.49500000000000044,True
36.756097,78,277.302372,1.0,0.31921996359361526,23,0.4951999371015733,0.4400000000000004,True
36.380864,79,277.420927,0.9921875,0.31947596779323806,23,0.5469290572643003,0.4550000000000004,True
36.288066,83,277.544255,0.9921875,0.3172579304756518,22,0.5462221542704044,0.4650000000000004,True
35.699697,85,277.67137,1.0,0.3197531758662378,21,0.5761165697671883,0.48500000000000043,True
37.239885,79,277.785923,1.0,0.3191593778989863,19,0.5494815452256109,0.4250000000000004,True
32.69024,102,277.95344,0.9921875,0.31905987529891044,24,0.5358434305960424,0.6000000000000005,True
31.862805,102,278.107046,1.0,0.3172701037693498,22,0.5145380884081265,0.6400000000000006,True
32.240865,100,278.251366,1.0,0.31893931495873695,19,0.5247594250598905,0.5850000000000005,True
34.741159,86,278.374784,1.0,0.3142262758093216,22,0.5512278671849151,0.4750000000000004,True
24.072088,143,278.574696,1.0,0.31843223874009186,22,0.5847518618622654,0.9000000000000008,True
31.803911,102,278.724286,1.0,0.31966692614132997,24,0.5504270530960427,0.6400000000000006,True
29.139002,129,279.009061,1.0,0.3172568179786043,19,0.5598299552475126,0.7350000000000007,True
35.073707,86,279.185808,1.0,0.31932631328698013,20,0.5690451925416419,0.4750000000000004,True
31.68934,101,279.371056,1.0,0.31885242581868684,23,0.5542894676609894,0.6450000000000006,True
32.622816,104,279.568578,0.9921875,0.31492838969106673,24,0.5628669832720199,0.6000000000000005,True
31.361989,110,279.799068,1.0,0.31723544541636395,22,0.5761917390708764,0.6200000000000006,True
32.319353,91,280.001082,0.9921875,0.3188870843875859,24,0.5637312224517487,0.5800000000000005,True
32.272993,104,280.201617,1.0,0.3194750067507325,18,0.5490920506177187,0.6200000000000006,True
21.16839,150,281.663337,1.0,0.31856454422962466,21,0.5842025334468681,0.8150000000000007,True
36.148974,83,281.790416,1.0,0.3183086359193794,21,0.550065500970832,0.4750000000000004,True
35.045733,80,281.912193,0.9921875,0.31933216165423783,22,0.5236792791182356,0.4750000000000004,True
32.346511,93,282.065238,1.0,0.31949464391465643,19,0.5504235840649879,0.6000000000000005,True
35.864151,83,282.190897,1.0,0.3189735358436365,23,0.5236600754532779,0.48500000000000043,True
36.137578,85,282.312879,1.0,0.3193702124701817,22,0.5518317167551071,0.4750000000000004,True
33.794907,84,282.432054,1.0,0.31966157565556486,22,0.4929977628561548,0.4800000000000004,True
37.738736,73,282.537791,0.9921875,0.3193641200186404,19,0.5048645543586225,0.40500000000000036,True
32.983515,92,282.674129,1.0,0.3193180159959489,23,0.5485431588306707,0.5150000000000005,True
34.544839,94,282.821325,1.0,0.31389409233390864,22,0.5506980868708714,0.5400000000000005,True
32.537792,95,282.958299,1.0,0.3123845504533169,20,0.551150652357958,0.5750000000000005,True
31.900751,97,283.114535,1.0,0.3189487140294267,21,0.5276841350445828,0.6100000000000005,True
33.639548,93,283.24885,1.0,0.3196529480366451,18,0.5733130244946832,0.5750000000000005,True
21.901617,134,283.43539,1.0,0.3193171263611644,25,0.5749873263222388,0.9200000000000008,True
33.615297,98,283.575148,1.0,0.31755866041332426,22,0.5501950918385254,0.5500000000000005,True
34.56616,89,283.709162,0.9921875,0.31846645454786654,23,0.5789050851767814,0.49500000000000044,True
27.035653,126,283.8931,1.0,0.318631715634588,21,0.5630408628591466,0.7100000000000006,True
33.649669,96,284.032347,1.0,0.3195763655070748,24,0.5599272475376655,0.5350000000000005,True
28.732988,124,284.220396,1.0,0.31998924818320684,25,0.5562794317339356,0.6750000000000006,True
35.368878,75,284.323928,0.984375,0.31516843872639244,22,0.5356088123334148,0.4200000000000004,True
25.429047,150,284.543439,1.0,0.3196158664348893,20,0.564164239031905,0.8100000000000007,True
32.345943,99,284.681958,0.9921875,0.3190198487713871,23,0.5720467210805237,0.5250000000000005,True
31.530714,106,284.834548,1.0,0.31927995168594375,20,0.5586507325084011,0.5850000000000005,True
34.579215,94,284.986138,0.9921875,0.3178607278640892,21,0.5368506712391723,0.5300000000000005,True
36.868559,69,285.087317,1.0,0.3161884767006743,23,0.5359523630205927,0.40000000000000036,True
36.023164,78,285.208228,1.0,0.3195948444807547,20,0.5309676512515421,0.4250000000000004,True
31.731149,114,285.36803,0.9921875,0.31965757455027577,23,0.5587861035459681,0.6300000000000006,True
34.712025,88,285.488178,1.0,0.31811200713742355,21,0.5283739226171045,0.4750000000000004,True
36.579864,83,285.614825,0.9921875,0.3175857342156265,22,0.5111570965078523,0.4550000000000004,True
37.631686,75,285.724332,0.9921875,0.3178371110164687,18,0.5283588692315302,0.40500000000000036,True
29.588035,99,285.862212,0.9765625,0.31474058619240175,21,0.5347172896506738,0.6450000000000006,True
37.248793,77,285.976548,1.0,0.3188983603950999,18,0.5458479181208651,0.41500000000000037,True
36.890791,81,286.100697,0.9765625,0.31823521655175485,22,0.5656974679064611,0.4350000000000004,True
36.087557,89,286.246963,0.984375,0.31457132773916424,19,0.5234632519893542,0.4750000000000004,True
29.293819,119,286.417746,0.9921875,0.3174992506644988,22,0.5624335453427569,0.7050000000000006,True
29.456494,116,286.576308,0.96875,0.3185292163110842,24,0.5678406851256136,0.6000000000000005,True
38.146948,72,286.685245,0.984375,0.31884617345550803,20,0.4954687517063301,0.38000000000000034,True
34.777409,80,286.804574,0.9765625,0.31954696635488716,22,0.5444860692507106,0.4750000000000004,True
33.839921,99,286.951058,0.9765625,0.3145370387653531,20,0.5102201534816679,0.5450000000000005,True
37.925186,70,287.056026,0.9921875,0.3175798074271008,22,0.5221790763669537,0.39000000000000035,True
34.376339,85,287.191673,1.0,0.31973926762567006,20,0.5624184660509106,0.5000000000000004,True
34.378645,97,287.33157,0.9921875,0.315498545498211,22,0.5578561667577475,0.5450000000000005,True
35.851536,89,287.465586,1.0,0.3180114329032766,21,0.5624837248842017,0.4750000000000004,True
36.102711,73,287.574976,0.9921875,0.31996746141519483,23,0.5463277738186194,0.4300000000000004,True
30.25737,112,287.737282,0.984375,0.31914472434029206,23,0.5387942468699607,0.6350000000000006,True
34.721097,93,287.869744,1.0,0.31980561542036234,21,0.530579769649335,0.5050000000000004,True
38.01999,72,287.975133,0.9921875,0.3150214544988431,22,0.5362728441249985,0.39000000000000035,True
16.93483,184,288.252041,1.0,0.319329822327046,20,0.4946013780171169,0.9950000000000008,True
37.795709,73,288.352591,1.0,0.3189420320422598,25,0.5264157995323974,0.38500000000000034,True
34.663889,88,288.473589,1.0,0.3196838294647193,25,0.5577527128791013,0.5100000000000005,True
36.243583,85,288.593501,0.984375,0.31704890531977903,18,0.5286213360409149,0.4450000000000004,True
35.829433,76,288.700025,0.984375,0.31919774380331184,24,0.554333078947111,0.4350000000000004,True
27.550753,129,288.881585,1.0,0.31894422300363034,22,0.5598479990091174,0.7250000000000006,True
36.629082,76,288.990619,1.0,0.31925158037034185,22,0.5676733215388006,0.4400000000000004,True
38.286297,66,289.085791,1.0,0.319499014842566,21,0.5187777340984213,0.38000000000000034,True
36.99902,77,289.198303,0.984375,0.3184699391314759,20,0.5461700407924368,0.4250000000000004,True
32.773953,104,289.358744,0.9921875,0.31736351255420137,19,0.4961209786467562,0.5800000000000005,True
35.905327,79,289.473768,0.9921875,0.31656927511367083,19,0.5486613971044644,0.4250000000000004,True
35.936803,78,289.589106,0.984375,0.3188418262296525,22,0.5682021286260449,0.4250000000000004,True
37.780849,68,289.686254,0.984375,0.3165850941349019,23,0.5297716584501172,0.3600000000000003,True
38.574032,66,289.780158,1.0,0.31897685253322006,18,0.5312738011950686,0.37000000000000033,True
37.513446,76,289.894859,0.9765625,0.3197801332359468,25,0.569742073732169,0.40000000000000036,True
37.400601,72,290.002081,0.984375,0.3183276697031342,17,0.49444346531691313,0.41000000000000036,True
34.99791,93,290.142747,1.0,0.31741966242807107,24,0.5487924204506827,0.5150000000000005,True
37.255538,68,290.240324,0.984375,0.31962743898915114,19,0.5048830858970088,0.37500000000000033,True
36.177122,76,290.357751,0.984375,0.3193801111893838,21,0.534413113312215,0.4250000000000004,True
35.820699,82,290.470366,0.984375,0.31849316451915494,24,0.524358540445783,0.4700000000000004,True
36.867405,81,290.582521,0.984375,0.31924401104972655,22,0.5196694788178422,0.4350000000000004,True
24.697417,142,290.782953,0.984375,0.3187638246665158,22,0.5325219251049661,0.7700000000000007,True
35.760912,84,290.91039,0.984375,0.3195040089949015,22,0.502006957761867,0.4800000000000004,True
31.96797,96,291.050947,1.0,0.3179863394753382,23,0.5452067582514543,0.5200000000000005,True
35.902279,87,291.183313,1.0,0.3187969874458795,24,0.5553985217788967,0.48500000000000043,True
32.427299,89,291.327099,0.9921875,0.31926356123373517,21,0.5468288550330442,0.5800000000000005,True
35.51778,88,291.502031,0.96875,0.3182192206965837,22,0.5231241251754142,0.49000000000000044,True
32.004537,111,291.740936,1.0,0.3162141696184847,22,0.5241664987996537,0.6000000000000005,True
37.059046,74,291.892802,0.9921875,0.3195013851035582,21,0.5553618989175212,0.4200000000000004,True
33.815607,90,292.067032,0.9765625,0.31587254643376644,23,0.5691773748532244,0.5100000000000005,True
34.771119,96,292.254822,1.0,0.3187144242828851,20,0.5061486088852132,0.5300000000000005,True
32.748591,92,292.456526,1.0,0.31676134520296306,21,0.553310248960228,0.5250000000000005,True
33.06545,90,292.62764,1.0,0.31951311538056393,22,0.5404845290529148,0.5150000000000005,True
32.343953,98,292.801199,0.9921875,0.31813991387455975,20,0.49338226390504925,0.5850000000000005,True
37.360928,75,292.950932,0.9921875,0.31635286515101985,23,0.5155376820165167,0.40500000000000036,True
37.379995,75,293.093263,0.9921875,0.31753414413187764,23,0.5460162920133734,0.40500000000000036,True
35.314163,85,293.275903,0.9921875,0.3199673045562413,21,0.5398588871471143,0.4500000000000004,True
36.872398,79,293.441096,0.9921875,0.319592159853592,19,0.5420498670431056,0.4250000000000004,True
36.836471,71,293.576325,0.984375,0.3190298997740528,21,0.5364985062878159,0.40000000000000036,True
38.358778,71,293.733763,1.0,0.31822921423588507,23,0.5323562132385153,0.37500000000000033,True
36.574462,82,293.928972,0.9921875,0.31885050363053324,22,0.5383722848117735,0.4500000000000004,True
36.227478,79,294.079374,0.9921875,0.31595123269355824,24,0.5438588352534275,0.4250000000000004,True
34.198259,83,294.209725,0.9921875,0.3197842600515208,22,0.5221976251164585,0.4600000000000004,True
36.024672,88,294.331921,1.0,0.31919277497121723,22,0.5692999165871564,0.4800000000000004,True
34.420312,95,294.47185,1.0,0.3190476751737018,22,0.5340543101018229,0.5250000000000005,True
37.825682,74,294.589418,0.9921875,0.31822054055096227,22,0.527312556055974,0.40000000000000036,True
34.596191,99,294.732347,1.0,0.3170683542474722,19,0.538833197665284,0.5250000000000005,True
31.442529,103,294.883606,1.0,0.3194997089640019,23,0.5091686722535422,0.5900000000000005,True
32.754637,92,295.034244,1.0,0.3197709629037414,19,0.5531418319998849,0.5900000000000005,True
32.03931,91,295.177264,0.9609375,0.3181160533740587,23,0.5793672035545434,0.5100000000000005,True
35.356495,87,295.306524,1.0,0.31750103850411865,24,0.5641708504356664,0.5050000000000004,True
35.173276,83,295.425157,0.96875,0.31434689581080516,22,0.6192514031183779,0.4700000000000004,True
35.725952,86,295.572143,0.984375,0.3159908137606647,23,0.5114467327976345,0.49000000000000044,True
34.350152,86,295.699481,1.0,0.31963732606360634,20,0.603320858432374,0.5000000000000004,True
37.427058,75,295.810863,1.0,0.3194968329435032,22,0.5328211128672323,0.41500000000000037,True
30.043241,118,295.99837,1.0,0.317252527705824,24,0.5626987511975218,0.6300000000000006,True
33.597282,91,296.135357,0.9921875,0.3160864826790817,24,0.5403718248015748,0.5750000000000005,True
33.407541,100,296.278294,1.0,0.3190324041538084,20,0.5594184435542696,0.5350000000000005,True
29.44813,114,296.447728,1.0,0.3192677005470038,20,0.5398986256788306,0.6050000000000005,True
33.367563,81,296.577353,1.0,0.31999789826219366,21,0.5162516254542362,0.5050000000000004,True
33.532115,96,296.713481,1.0,0.3181372196926845,24,0.542228354591545,0.5350000000000005,True
29.397944,106,296.871779,0.9921875,0.3172302158858945,21,0.5363073647061877,0.6950000000000006,True
31.760254,103,297.643319,1.0,0.3190044228630028,22,0.5408685734596548,0.6150000000000005,True
30.485821,113,297.810029,1.0,0.3178520560837116,20,0.5415203523613182,0.6050000000000005,True
36.100827,87,297.942249,1.0,0.3176600089232807,22,0.5326400121934586,0.4750000000000004,True
35.02777,89,298.075275,1.0,0.3196567776419199,23,0.5637439175691279,0.4700000000000004,True
35.129807,89,298.211929,1.0,0.31807546348423904,26,0.5862538212178413,0.5050000000000004,True
34.99471,88,298.344379,1.0,0.31974559440131267,21,0.557361370580645,0.5100000000000005,True
30.848411,96,298.481861,1.0,0.31966630025557574,23,0.5557588173059628,0.5200000000000005,True
36.018099,75,298.607491,1.0,0.3194135013890794,18,0.5180380411929141,0.4650000000000004,True
35.426273,80,298.723718,1.0,0.3174877158633735,25,0.5435110714711222,0.4500000000000004,True
32.396195,106,298.877205,1.0,0.317485821951148,22,0.5902816311465148,0.5650000000000005,True
35.075221,94,299.025693,1.0,0.3187956434961806,18,0.5402451602453996,0.5000000000000004,True
32.155407,107,299.19162,1.0,0.3191032403895304,24,0.5563734172937529,0.5900000000000005,True
17.070022,162,299.424929,1.0,0.318525674958999,24,0.5669539610272462,0.9300000000000008,True
37.070424,82,299.547513,1.0,0.3187295247616565,22,0.5588586300447546,0.4400000000000004,True
34.720781,90,299.695046,1.0,0.3187592009444512,18,0.5073585332865155,0.5000000000000004,True
35.931394,80,299.810222,1.0,0.31978483374741706,21,0.5629843411674418,0.4700000000000004,True
31.255691,107,299.974793,0.9921875,0.3171814952142318,22,0.5613906384411489,0.5900000000000005,True
31.034783,101,300.116927,1.0,0.3167752961741387,22,0.5611248247001861,0.5500000000000005,True
32.0146,108,300.280044,0.9921875,0.3192479566921047,23,0.5559878811039043,0.5950000000000005,True
29.265361,105,300.428131,1.0,0.314971685032735,23,0.5230265124068283,0.5850000000000005,True
6.101643,185,300.705557,1.0,0.33606575895983415,22,0.5184574381236945,1.0000000000000009,False
30.478061,113,300.872278,1.0,0.31893231945224143,21,0.5663127428261697,0.6450000000000006,True
36.008779,77,300.990317,1.0,0.3192024576080389,24,0.5510797369316769,0.4250000000000004,True
36.527892,73,301.09704,1.0,0.31793518950882566,22,0.5424424702505235,0.41500000000000037,True
33.273916,91,301.235471,1.0,0.31721444084314177,21,0.5469054363961071,0.5000000000000004,True
35.850544,88,301.370444,1.0,0.3192969559925653,21,0.5487833407306446,0.4800000000000004,True
37.340947,75,301.483189,1.0,0.3188776983646592,23,0.5502178463633753,0.4250000000000004,True
37.274542,75,301.596852,0.9921875,0.31930297546234787,25,0.5641898584402032,0.4250000000000004,True
32.266543,113,301.780536,1.0,0.31916788680626795,21,0.5556559005585426,0.6150000000000005,True
35.895081,79,301.911601,1.0,0.3195544242526741,22,0.5540151271070919,0.4400000000000004,True
31.55913,107,302.081535,1.0,0.3192591980673331,23,0.5551577552345638,0.5900000000000005,True
32.284585,104,302.248915,1.0,0.31928754980399054,21,0.5469465064407265,0.5650000000000005,True
26.437531,129,302.44136,1.0,0.3185141775330046,19,0.5695785605777726,0.7450000000000007,True
35.978526,77,302.551145,1.0,0.3193772670134543,22,0.5664673004412059,0.4300000000000004,True
35.838183,75,302.673324,1.0,0.319101640004427,22,0.5327763155743429,0.4400000000000004,True
36.724234,81,302.819953,1.0,0.3188930186830164,22,0.5379973098165537,0.4450000000000004,True
33.105351,84,302.94956,1.0,0.31912480599909754,22,0.5679547223889286,0.4600000000000004,True
32.277662,96,303.105345,1.0,0.31878052809365454,23,0.5192487539214995,0.5600000000000005,True
8.555675,163,303.359107,0.984375,0.33962062274794746,20,0.4787119183724941,1.0000000000000009,False
34.197182,91,303.507982,1.0,0.31898369916621927,24,0.5364868660898673,0.5150000000000005,True
35.949415,80,303.653339,1.0,0.3185096441598603,22,0.5769416132914275,0.4800000000000004,True
33.606868,92,303.814254,1.0,0.319550863225897,23,0.5542757206043843,0.5700000000000005,True
35.889586,82,303.950786,1.0,0.3185250235065653,21,0.5504553872632353,0.4800000000000004,True
29.494676,120,304.188877,0.9765625,0.3196353860960717,22,0.5373867773056941,0.6950000000000006,True
29.491237,111,304.436205,1.0,0.31953393993232637,18,0.5476258523790668,0.6550000000000006,True
35.224109,87,304.609064,1.0,0.3184628845438033,22,0.5389042721414846,0.4700000000000004,True
36.001699,78,304.7795,1.0,0.31977684949426044,19,0.500138217646443,0.4300000000000004,True
37.795435,69,304.929977,1.0,0.31904108151469046,23,0.5247628106980499,0.40500000000000036,True
33.491183,92,305.143618,1.0,0.31905400810501217,19,0.5389915230113075,0.5350000000000005,True
37.59165,75,305.30968,1.0,0.3198293703183386,20,0.5362037367263224,0.40500000000000036,True
36.254212,86,305.46138,1.0,0.3196836969508391,22,0.5251887812049181,0.4700000000000004,True
36.135119,89,305.65734,0.9921875,0.31968702269381394,21,0.5892300669353311,0.4750000000000004,True
35.527009,81,305.799246,1.0,0.3195091293072332,21,0.5201320561257103,0.5050000000000004,True
34.446702,91,306.034579,1.0,0.3199226095901234,22,0.5270456933539818,0.48500000000000043,True
35.241206,87,306.187279,1.0,0.3182112976685368,22,0.5817224144365637,0.5150000000000005,True
34.126756,86,306.376815,0.9921875,0.3191489806894787,23,0.5193892420530145,0.5050000000000004,True
38.373593,71,306.531102,1.0,0.31986648333899415,22,0.5503786170099708,0.3650000000000003,True
35.488227,87,306.691759,1.0,0.31958141809846224,24,0.542908782652024,0.4650000000000004,True
35.745127,76,306.801821,1.0,0.3195182873988475,20,0.5272780606929747,0.4350000000000004,True
33.490477,98,306.961911,0.9921875,0.3192859471348919,20,0.5320748026199869,0.5400000000000005,True
24.96781,134,307.151099,1.0,0.3161110258628892,23,0.5763660426043313,0.8450000000000008,True
35.251024,92,307.281756,1.0,0.3186813659856349,24,0.5463997255727366,0.49000000000000044,True
31.826792,103,307.426968,1.0,0.3189786180129998,22,0.5384098085003207,0.5900000000000005,True
34.359261,93,307.554733,1.0,0.317924861062376,25,0.5723045683978897,0.5450000000000005,True
30.905712,106,307.702873,1.0,0.31845548419559677,21,0.5115731296611941,0.6350000000000006,True
34.168153,89,307.82621,0.9921875,0.3185533865274659,22,0.5061993549125385,0.49500000000000044,True
35.29498,87,307.963134,1.0,0.31958327115899676,22,0.5350447332732517,0.49500000000000044,True
31.59982,102,308.107218,1.0,0.31878186015552296,20,0.5524493365823337,0.5950000000000005,True
35.86548,79,308.222471,1.0,0.3188032717114658,22,0.5606605737277496,0.4350000000000004,True
9.66311,155,308.442978,1.0,0.3315861730063518,21,0.5198838879754073,1.0000000000000009,False
35.993113,84,308.562654,0.984375,0.31898741153884097,22,0.5305795657164143,0.4800000000000004,True
32.696181,96,308.698697,1.0,0.3194817521302823,21,0.5496059746748172,0.5550000000000005,True
32.121158,103,308.848506,0.9921875,0.3194095241655105,23,0.552501982574835,0.5650000000000005,True
34.841877,80,308.980784,1.0,0.3196801163843216,25,0.526418461538901,0.4800000000000004,True
32.725985,107,309.134326,0.984375,0.3144833787555359,21,0.5785780565327878,0.5900000000000005,True
31.180098,109,309.290612,0.9921875,0.3193041759075368,24,0.5672667652507122,0.6250000000000006,True
31.205457,97,309.431441,1.0,0.3194697304873656,21,0.5540909348862935,0.5650000000000005,True
30.869557,93,309.56225,0.9921875,0.31961023614097883,18,0.5213762850847418,0.5950000000000005,True
30.880925,103,309.716539,1.0,0.31923239136674597,25,0.5413979547631083,0.6750000000000006,True
35.491855,80,309.828055,0.9921875,0.3197209008818801,20,0.524988289258299,0.4550000000000004,True
35.328728,77,309.939952,1.0,0.318718968781341,21,0.5605227130210301,0.41000000000000036,True
37.475346,73,310.052072,0.984375,0.31985293426913053,23,0.544413774927387,0.40500000000000036,True
33.699887,85,310.171664,1.0,0.3195387984527901,24,0.5321916253626887,0.4750000000000004,True
32.499655,87,310.290943,1.0,0.31951380296135246,21,0.5200043309013231,0.48500000000000043,True
24.196746,152,310.503225,0.96875,0.3149541589454047,22,0.5264880558341134,0.8350000000000007,True
34.671185,81,310.619978,1.0,0.3195103045640153,25,0.5378769747003965,0.4800000000000004,True
35.416914,83,310.736946,1.0,0.3182532474822831,19,0.569046409175512,0.4600000000000004,True
33.68784,91,310.86563,1.0,0.31874616178776227,23,0.5600910384273025,0.5050000000000004,True
27.837222,124,311.068154,0.9921875,0.3183203546376414,18,0.5426302897077373,0.7500000000000007,True
34.079493,81,311.183575,1.0,0.3194922147328528,24,0.5334930277435064,0.4650000000000004,True
32.7647,87,311.307887,1.0,0.31871177767981973,21,0.5691618720604169,0.48500000000000043,True
31.553067,109,311.458496,0.9765625,0.31834709981563747,23,0.5572812084177383,0.5950000000000005,True
35.430298,76,311.569386,1.0,0.31994606839602513,19,0.5556296373931175,0.4500000000000004,True
33.61476,93,311.706366,1.0,0.3187347911382227,19,0.541438250047671,0.5750000000000005,True
34.558228,94,311.840529,1.0,0.31880638609128964,20,0.5268515142594556,0.5300000000000005,True
33.438128,91,311.976125,0.9765625,0.31859171526300534,21,0.5433178846987131,0.49000000000000044,True
31.976066,102,312.142179,1.0,0.3182099310641534,23,0.5411278351217217,0.5950000000000005,True
34.359761,92,312.281564,1.0,0.31938376208921104,22,0.5955768271189831,0.49500000000000044,True
34.442089,82,312.403621,1.0,0.3183120980184543,22,0.5870371120088387,0.4600000000000004,True
35.758414,92,312.538007,1.0,0.31824317560272153,19,0.5313028792092479,0.49000000000000044,True
36.108716,87,312.668361,1.0,0.3194431453601759,20,0.5311551385924468,0.4650000000000004,True
35.847109,88,312.7937,1.0,0.31837450754689617,23,0.5717220329539117,0.4700000000000004,True
36.444166,85,312.920767,0.9921875,0.3191744604199719,21,0.5689106321255216,0.4550000000000004,True
34.98635,88,313.042641,1.0,0.3193963767793545,20,0.5359430677426098,0.5100000000000005,True
31.767868,115,313.223476,1.0,0.3175313050119364,25,0.5672309366319189,0.6150000000000005,True
37.397142,77,313.329843,1.0,0.3196038118653559,24,0.5890743253876649,0.41500000000000037,True
32.815781,84,314.182932,1.0,0.31859345177761,19,0.5518104859946735,0.5150000000000005,True
36.61186,77,314.29542,1.0,0.31781567147826184,20,0.5626578885182808,0.40500000000000036,True
37.140203,80,314.417947,0.984375,0.31871868912053436,21,0.5393637366010788,0.4200000000000004,True
37.429903,77,314.527251,1.0,0.31871297197886245,25,0.5492847157605131,0.41500000000000037,True
36.149456,87,314.65584,0.9921875,0.31958120369851956,24,0.554816832059596,0.4650000000000004,True
27.929235,117,314.836064,1.0,0.31806182332001165,22,0.5604623252895675,0.6350000000000006,True
30.900267,101,314.98153,1.0,0.3190735182533423,21,0.5353226278658553,0.6650000000000006,True
36.548346,86,315.11171,1.0,0.31836275781940593,21,0.5497135021416523,0.4600000000000004,True
33.584711,93,315.273082,0.984375,0.3197883333826917,25,0.5657797432270859,0.5250000000000005,True
31.64468,103,315.42301,1.0,0.3188176155817535,24,0.546352396429098,0.6350000000000006,True
34.853094,90,315.551989,1.0,0.31919236433805487,23,0.5215289944231519,0.5200000000000005,True
30.880158,101,315.713663,0.9921875,0.3189976887980793,24,0.5836754756151321,0.6300000000000006,True
34.311049,75,315.819721,1.0,0.3182207625067895,23,0.5468126461550422,0.4200000000000004,True
33.779264,95,315.956609,0.984375,0.31871161695094435,22,0.5473741352773316,0.5300000000000005,True
32.956665,106,316.110142,0.9921875,0.3197631755803908,23,0.5414447236985251,0.5500000000000005,True
30.521455,112,316.303504,0.9921875,0.3183928714984531,21,0.5692116842083855,0.6800000000000006,True
29.523024,117,316.470671,1.0,0.3186452124580571,21,0.5401296789765171,0.6200000000000006,True
33.659777,84,316.592426,1.0,0.31842049769330744,24,0.5553539490199776,0.4800000000000004,True
36.756575,81,316.746868,0.9921875,0.3168705696441197,23,0.5395003378312999,0.4450000000000004,True
34.134456,94,316.944805,1.0,0.3195109192582328,22,0.5734266637489536,0.5500000000000005,True
34.297185,94,317.115731,1.0,0.3198038369669123,21,0.5762990867377854,0.49000000000000044,True
31.211554,97,317.321478,1.0,0.3186204637436824,21,0.5959408638602757,0.5500000000000005,True
37.092149,76,317.46001,0.984375,0.31967794062993515,21,0.5322921096120828,0.4300000000000004,True
26.014769,124,317.721361,0.9921875,0.31653276420233,23,0.5667543755455917,0.7300000000000006,True
31.063024,101,317.92051,1.0,0.31587340683264653,21,0.5366973342677206,0.6550000000000006,True
37.012992,77,318.059022,1.0,0.3178243917621817,22,0.5506926329622421,0.4350000000000004,True
33.430067,86,318.221052,0.9921875,0.31944840713621514,17,0.5311827864236525,0.5450000000000005,True
36.130349,81,318.378695,1.0,0.31948242158597595,24,0.5523491824599094,0.4750000000000004,True
34.972941,88,318.549349,1.0,0.3192242655437561,22,0.5656465030226839,0.4750000000000004,True
36.482806,85,318.72479,0.9921875,0.31915630232120273,22,0.5423766607277652,0.4450000000000004,True
36.523748,84,318.898179,0.9921875,0.31868257889417584,24,0.5563994054786234,0.4500000000000004,True
32.188696,103,319.129698,1.0,0.3199421663225795,18,0.552858325275642,0.6150000000000005,True
29.380892,116,319.333545,1.0,0.3196309134772979,23,0.5640059614144382,0.6400000000000006,True
33.973804,95,319.490446,0.9921875,0.3180182398489241,19,0.525330297365929,0.5450000000000005,True
37.72115,76,319.603516,1.0,0.3187490752901396,21,0.5223902648569679,0.40000000000000036,True
38.373225,66,319.699518,0.9921875,0.31975406617728774,22,0.5516434182448015,0.37000000000000033,True
36.100534,83,319.826165,1.0,0.3199434595629348,21,0.5400575884925775,0.4750000000000004,True
37.307513,76,319.94889,1.0,0.318839882485033,25,0.5284515345248976,0.40000000000000036,True
34.135449,84,320.073147,0.9921875,0.3188633412674954,23,0.559201313914141,0.4650000000000004,True
36.262091,81,320.190713,1.0,0.3197607648997105,22,0.5228669032687534,0.4550000000000004,True
34.832698,88,320.322821,0.9921875,0.31770499456613044,19,0.5495456894169984,0.4700000000000004,True
36.752914,80,320.449584,1.0,0.31945847489850443,20,0.5317779976703422,0.4400000000000004,True
35.43112,89,320.577118,1.0,0.31953457980016753,21,0.5613422809811686,0.48500000000000043,True
34.543495,90,320.707865,1.0,0.3178078302084786,23,0.5579759861183975,0.49500000000000044,True
37.670935,74,320.811849,1.0,0.31856212505098236,23,0.549047497811507,0.39000000000000035,True
34.596712,93,320.951818,1.0,0.31816781075765344,23,0.5470781493412331,0.5150000000000005,True
37.777837,73,321.055777,1.0,0.3186889297378952,23,0.5228277107595125,0.40500000000000036,True
31.983636,98,321.19401,1.0,0.3186947538535688,22,0.5683331149937755,0.5650000000000005,True
31.744587,101,321.345351,1.0,0.3133232670415809,23,0.578091356364552,0.6050000000000005,True
35.553085,85,321.475791,1.0,0.31849204294509625,22,0.5545173469337767,0.4750000000000004,True
37.285734,78,321.587754,1.0,0.31783614564950063,21,0.523733824511303,0.4200000000000004,True
33.166608,98,321.72654,1.0,0.3182157175216192,21,0.574629308199001,0.5150000000000005,True
29.925739,109,321.879765,1.0,0.31832122098990956,22,0.5821134223389165,0.6150000000000005,True
35.827827,87,322.007898,1.0,0.31958743387050925,19,0.5392141525595678,0.4650000000000004,True
38.538556,70,322.109177,1.0,0.31850283386719064,22,0.5236734754495685,0.37000000000000033,True
36.984642,73,322.223102,1.0,0.31829589818849857,23,0.5536044812705012,0.39500000000000035,True
35.958076,82,322.344914,1.0,0.3181840445097665,23,0.5317108450383459,0.4500000000000004,True
34.330248,95,322.494018,0.984375,0.3147930665161953,20,0.5257350379133594,0.5100000000000005,True
34.35939,90,322.626798,1.0,0.3190642211709973,24,0.5774389226332978,0.5050000000000004,True
36.381706,83,322.750614,1.0,0.31988951189176273,20,0.5516682359337214,0.4350000000000004,True
33.149728,101,322.899321,1.0,0.3168995612137958,21,0.5378692307052461,0.5350000000000005,True
32.457413,109,323.057793,1.0,0.3187934824789355,23,0.5575227363111377,0.6150000000000005,True
34.419422,103,323.200108,1.0,0.319829547135509,20,0.5300789429865151,0.5250000000000005,True
35.684454,88,323.323899,1.0,0.3194264823158086,21,0.5501768175007127,0.4800000000000004,True
36.363198,84,323.439306,1.0,0.3184950136394794,25,0.5698140196816338,0.4500000000000004,True
34.907645,93,323.580268,1.0,0.3178443518273958,22,0.5194454093114241,0.5050000000000004,True
35.566135,92,323.710556,1.0,0.3179515434084639,24,0.5545762891002757,0.4800000000000004,True
36.135742,78,323.82406,1.0,0.31803043698060185,25,0.5541495751527115,0.4300000000000004,True
35.521027,89,323.977889,1.0,0.3178070135511784,24,0.5362946955856877,0.48500000000000043,True
36.287713,74,324.086679,1.0,0.3189920975017022,19,0.5339673419953491,0.41500000000000037,True
32.688084,103,324.234794,0.984375,0.31835926618502897,19,0.5356675068616991,0.5500000000000005,True
35.228918,88,324.363734,1.0,0.31947232918255164,18,0.520484754750033,0.5100000000000005,True
35.552039,84,324.491538,1.0,0.31755692846145167,21,0.5509399817498489,0.5000000000000004,True
34.568934,89,324.630546,1.0,0.31875847431387716,23,0.5410290026858996,0.5450000000000005,True
32.911021,98,324.780212,1.0,0.3184234135419818,21,0.538548884080016,0.5900000000000005,True
35.469318,88,324.90416,1.0,0.3188967177090776,25,0.5355814862101813,0.5000000000000004,True
36.052939,84,325.022292,1.0,0.31847164860112775,21,0.5556615151100822,0.4700000000000004,True
36.499684,82,325.143418,1.0,0.3177946527142971,22,0.5456712447053311,0.4600000000000004,True
13.370698,116,325.326827,1.0,0.3180478519923915,23,0.5698496154865235,0.6350000000000006,True
32.383026,94,325.46253,1.0,0.31828718477876133,25,0.5540430006958829,0.5800000000000005,True
7.41411,181,325.737068,1.0,0.3231975052515398,22,0.5605407441659159,1.0000000000000009,False
31.047879,101,325.902337,1.0,0.31711992731831634,21,0.541104642883301,0.6300000000000006,True
35.35334,84,326.033753,1.0,0.31980013954582953,21,0.5332016723517851,0.4600000000000004,True
36.685865,78,326.143014,1.0,0.3199400649502502,22,0.5405109774111627,0.4500000000000004,True
35.220854,88,326.283143,1.0,0.31731873660580756,23,0.5259727198880522,0.4650000000000004,True
32.592132,97,326.419935,1.0,0.3179368779651618,22,0.5648269122609986,0.6050000000000005,True
36.246038,87,326.54122,1.0,0.3190877880016101,24,0.5573098436356401,0.4650000000000004,True
35.030238,90,326.688718,1.0,0.318923849090209,23,0.5591645465528502,0.5100000000000005,True
33.39642,91,326.819969,1.0,0.3191290271455802,25,0.5613058876562189,0.5100000000000005,True
36.544683,75,326.931524,1.0,0.31793799391111377,21,0.5674046616705477,0.4450000000000004,True
34.202526,97,327.075902,1.0,0.3199412133314109,23,0.5448417645196119,0.5150000000000005,True
36.029855,85,327.192479,1.0,0.31933395522868463,25,0.5872970463079654,0.4650000000000004,True
30.298945,105,327.336913,0.9921875,0.3194346193258389,21,0.5328398076384742,0.5850000000000005,True
28.020474,113,327.489914,1.0,0.31773653522043055,21,0.5453263908098409,0.7400000000000007,True
34.994529,89,327.61606,1.0,0.3188244362257086,19,0.5350564403400131,0.5150000000000005,True
38.058594,74,327.727293,1.0,0.31916756895780957,26,0.5355268424634658,0.39000000000000035,True
32.33613,96,327.861444,1.0,0.31829140582735205,23,0.5370896775443192,0.5850000000000005,True
36.173353,79,327.975064,1.0,0.31809264411337196,19,0.5076732120277282,0.4650000000000004,True
35.183548,84,328.092475,1.0,0.3191857695023269,22,0.55092860126804,0.4750000000000004,True
30.355807,105,328.242022,1.0,0.31933761536114846,23,0.5697350768928883,0.6450000000000006,True
32.808859,95,328.381051,1.0,0.31877187955380215,22,0.5134881527653158,0.5600000000000005,True
33.932504,96,328.519765,0.9921875,0.31968479503116454,18,0.5600943137896253,0.5200000000000005,True
35.34646,88,328.647452,1.0,0.31981200330041903,23,0.5170009373457759,0.48500000000000043,True
36.597137,82,328.77494,1.0,0.31719150330057244,19,0.5154720587062603,0.4400000000000004,True
29.828178,124,328.95637,1.0,0.3194946939221112,23,0.5675293152571648,0.6600000000000006,True
30.454081,104,329.106026,1.0,0.3174407105691077,23,0.5439456217205716,0.6550000000000006,True
32.821621,99,329.256392,1.0,0.3166257822986833,22,0.5644935247032273,0.5600000000000005,True
34.03785,89,329.443103,1.0,0.31945294194055773,22,0.5567274854355354,0.5550000000000005,True
33.704591,89,329.615123,1.0,0.31949621305566667,23,0.5759379878846259,0.5200000000000005,True
34.687239,91,330.634963,0.9921875,0.31791350070250357,21,0.5403023926721036,0.5250000000000005,True
32.408827,89,330.809393,1.0,0.31758401127465574,21,0.5500092810399155,0.5050000000000004,True
33.416016,91,330.975713,1.0,0.31765069489279607,22,0.539659281759704,0.5750000000000005,True
30.467272,99,331.169874,1.0,0.31829676087190256,23,0.5782228937691963,0.5700000000000005,True
32.207547,102,331.371294,1.0,0.31926772997334885,24,0.5732009956474399,0.6200000000000006,True
35.072978,90,331.571969,1.0,0.3180293000698253,21,0.5269675749860234,0.5100000000000005,True
36.745129,80,331.741349,1.0,0.319043141702733,22,0.5457116827426803,0.4400000000000004,True
31.19472,100,331.931352,1.0,0.31949389820365415,21,0.5729471190528675,0.5850000000000005,True
32.203028,90,332.061213,1.0,0.3199611751964455,23,0.5247710797393672,0.5100000000000005,True
34.913249,87,332.181958,1.0,0.3176681531006287,24,0.5461861065766539,0.4750000000000004,True
36.809901,80,332.296762,1.0,0.3197871515176419,23,0.5408428385694032,0.4400000000000004,True
36.26951,75,332.403427,1.0,0.3195765526611851,22,0.529717893021995,0.4200000000000004,True
33.816799,91,332.532551,1.0,0.3199467854070426,20,0.5533886734787781,0.5050000000000004,True
37.093147,80,332.646234,1.0,0.31986455747828246,23,0.5533681007138087,0.4300000000000004,True
35.679314,87,332.770733,0.9921875,0.3196061328710052,21,0.5744589072052289,0.4750000000000004,True
34.187197,89,332.912618,1.0,0.3181205012920081,20,0.5679155355570996,0.5100000000000005,True
31.844167,97,333.05018,1.0,0.31767129207362765,21,0.5541319922087009,0.5300000000000005,True
34.402361,93,333.183053,1.0,0.31737284593176374,24,0.5297657176387867,0.5150000000000005,True
36.416954,84,333.307023,1.0,0.3199930511578753,22,0.5490337612863507,0.4600000000000004,True
35.78416,89,333.436029,0.9765625,0.31946451768614814,21,0.5287496622039686,0.48500000000000043,True
37.223648,77,333.546014,0.984375,0.31972451794498885,19,0.559443808894589,0.4250000000000004,True
35.527678,90,333.680992,1.0,0.3170194274319664,20,0.5657760250444979,0.5000000000000004,True
34.172902,83,333.802237,0.9765625,0.3193301471275711,20,0.5348557018609528,0.4650000000000004,True
35.847553,89,333.94382,1.0,0.3170325324152183,22,0.5614478471437577,0.48500000000000043,True
35.311788,77,334.056307,1.0,0.31945744826131334,24,0.5673059996674367,0.4500000000000004,True
36.403179,82,334.171713,1.0,0.31905532152311467,23,0.56203308567494,0.4500000000000004,True
35.404408,82,334.292094,0.9921875,0.3181443055545679,26,0.5684616875627581,0.4550000000000004,True
34.238746,82,334.405319,1.0,0.3180187668901903,24,0.5377263795410848,0.4550000000000004,True
36.644247,79,334.519815,1.0,0.3186508983086914,19,0.5493571602862926,0.4450000000000004,True
35.56683,78,334.634446,0.9921875,0.3191385071633318,19,0.5278618386972795,0.4550000000000004,True
36.227738,74,334.748825,0.9921875,0.31957945861362197,23,0.5412387007210748,0.4200000000000004,True
36.621842,78,334.868725,0.9921875,0.3149811744341422,21,0.531967825312525,0.4600000000000004,True
32.933413,87,335.011577,1.0,0.3189052160749816,22,0.5520599107915379,0.5100000000000005,True
38.272813,72,335.122535,1.0,0.3199058922625718,19,0.5276170989986724,0.38000000000000034,True
34.51232,85,335.251155,1.0,0.3194083736746629,20,0.5612696254123151,0.49000000000000044,True
35.455792,89,335.386739,1.0,0.319480391580627,21,0.5819705445145402,0.5050000000000004,True
34.613288,83,335.503828,1.0,0.318534345704404,21,0.543466906462256,0.4800000000000004,True
31.8159,98,335.659201,1.0,0.31849656736349197,21,0.555782444571295,0.5500000000000005,True
35.402138,85,335.779846,1.0,0.3179982611420944,21,0.5512733086755208,0.4600000000000004,True
35.946426,85,335.908391,1.0,0.31879821446498635,22,0.5538457834072903,0.4750000000000004,True
31.980286,104,336.072469,1.0,0.3186038498145428,20,0.557802310755603,0.5750000000000005,True
34.65993,80,336.190672,1.0,0.3192093838281647,21,0.5411429360786472,0.4400000000000004,True
30.737622,111,336.346583,1.0,0.31801797783799135,23,0.5784318772017353,0.6100000000000005,True
35.00878,87,336.468657,1.0,0.31997241524358855,19,0.5451177009385118,0.5150000000000005,True
39.004354,67,336.57988,1.0,0.3191695115820298,23,0.5324848574488205,0.3450000000000003,True
35.805988,87,336.702553,1.0,0.31930064056828844,23,0.5470162451415559,0.48500000000000043,True
34.874696,88,336.830192,1.0,0.31972781065112765,24,0.5852039809121862,0.4800000000000004,True
35.898632,80,336.946745,1.0,0.31870699139366754,24,0.5595791976242146,0.4350000000000004,True
24.694283,148,337.187818,1.0,0.31967031153454295,22,0.5507790237174793,0.7950000000000007,True
30.726339,109,337.348579,1.0,0.31768232203925406,22,0.5581437655341472,0.6650000000000006,True
31.275068,97,337.496657,0.9921875,0.31899520202116843,21,0.5587628406097046,0.6100000000000005,True
33.923167,104,337.645384,1.0,0.31969949196164804,18,0.5615778872121306,0.5500000000000005,True
32.139233,102,337.798743,1.0,0.3181851984049557,24,0.5645576362544209,0.5950000000000005,True
29.722252,112,337.96441,1.0,0.31868655014799213,21,0.5386505019299066,0.6400000000000006,True
34.62907,90,338.11421,1.0,0.3187510326467315,22,0.5600900035808468,0.4750000000000004,True
36.952716,82,338.240722,0.9921875,0.31924102723897607,22,0.569086977702426,0.4400000000000004,True
29.815828,111,338.404065,1.0,0.3199912112594032,23,0.543327362219025,0.6750000000000006,True
32.909238,98,338.546054,1.0,0.3191136669962608,22,0.5871224063017356,0.5600000000000005,True
33.557827,101,338.69137,1.0,0.31806989402366304,23,0.5323876486781639,0.5550000000000005,True
21.844543,169,338.948582,1.0,0.31903569263925846,24,0.5769441725009565,0.9500000000000008,True
32.200255,110,339.12681,1.0,0.31857090442981306,23,0.5830386987580376,0.6000000000000005,True
36.519366,77,339.236815,1.0,0.31922771073610123,21,0.5507775905613528,0.4550000000000004,True
32.547164,97,339.380003,1.0,0.31706590605976315,23,0.5516291117069854,0.5700000000000005,True
34.344979,99,339.535261,1.0,0.31748999717439247,25,0.5924796724975286,0.5350000000000005,True
9.957511,188,339.819677,1.0,0.32000422473087947,24,0.5737989147332858,1.0000000000000009,False
32.574828,107,339.985264,1.0,0.3188838401001793,21,0.591204291633908,0.5750000000000005,True
34.966857,95,340.134833,1.0,0.31975483724461595,23,0.5195323989714149,0.5150000000000005,True
27.805909,110,340.289362,1.0,0.31822128892221335,21,0.5437836898869365,0.6100000000000005,True
37.270575,76,340.397096,0.9921875,0.31896132170935354,21,0.5387268393372968,0.4200000000000004,True
38.46751,71,340.501192,1.0,0.3191327452702884,19,0.5417424604103279,0.3650000000000003,True
34.587378,96,340.642882,1.0,0.3187956124560226,21,0.5543813517282686,0.5400000000000005,True
29.728917,108,340.800421,1.0,0.3151637471323444,21,0.5820845370664218,0.6150000000000005,True
34.124478,93,340.939562,1.0,0.31762094894233767,22,0.55235564877457,0.49000000000000044,True
35.46863,84,341.060863,0.9765625,0.3140159163874159,22,0.5692762351208482,0.4650000000000004,True
33.621825,86,341.191017,1.0,0.31896278259019817,22,0.5684742500788496,0.49000000000000044,True
35.356099,88,341.31835,1.0,0.3191642688554761,21,0.5562486616178162,0.5000000000000004,True
31.016288,115,341.479955,1.0,0.31756564282905236,25,0.5425384415849526,0.6100000000000005,True
36.933994,81,341.595427,0.9921875,0.3186933971010347,22,0.5674540142062962,0.4250000000000004,True
36.400813,86,341.720238,1.0,0.3169991365597121,25,0.5979516748718525,0.4700000000000004,True
36.270855,82,341.834306,1.0,0.3191618150772451,24,0.5668002587283918,0.4600000000000004,True
35.045751,86,342.029546,1.0,0.3184665967117986,21,0.5436308077708654,0.4700000000000004,True
35.910966,78,342.202122,1.0,0.3174408445078891,25,0.5642656764351506,0.4350000000000004,True
35.067887,82,342.355218,0.9921875,0.31942834842572826,23,0.5438236326448551,0.4550000000000004,True
36.124629,85,342.512476,1.0,0.31976473518121773,23,0.5596119762639262,0.4750000000000004,True
30.17483,111,342.722507,1.0,0.31842725803769206,25,0.588233315235467,0.6100000000000005,True
36.590036,87,342.896332,1.0,0.3196402680876726,18,0.5581253414068269,0.4450000000000004,True
37.491965,75,343.031944,0.9921875,0.3169571986007017,24,0.5373439172394167,0.39500000000000035,True
32.68575,98,343.220654,1.0,0.31986957801444227,23,0.548774653710744,0.5450000000000005,True
34.378833,88,343.397293,1.0,0.3199744990091219,21,0.5566391423522803,0.5200000000000005,True
35.794042,86,343.563773,1.0,0.31940519601536527,23,0.5501293308220092,0.4800000000000004,True
37.35217,80,343.747635,1.0,0.31979445463803124,22,0.5367703010711871,0.41000000000000036,True
30.986906,114,343.981553,1.0,0.3195201852832358,23,0.5601474476922691,0.6200000000000006,True
34.360724,92,344.195172,1.0,0.31963108027547754,20,0.5442745399552911,0.5050000000000004,True
31.300251,109,344.442529,1.0,0.319646220870435,21,0.5160013111527311,0.5850000000000005,True
30.187275,111,344.603978,1.0,0.3189101705470497,22,0.5008003777684422,0.6650000000000006,True
35.037396,83,344.731106,1.0,0.31983116921459454,25,0.5939971729050039,0.4700000000000004,True
26.38434,125,344.912001,1.0,0.3181441184307483,22,0.5521982841147131,0.6900000000000006,True
29.302156,117,345.089292,1.0,0.3188101152901817,22,0.5112279541309148,0.7000000000000006,True
35.068841,90,345.248,0.9921875,0.3195835945678459,22,0.5388354315741314,0.5100000000000005,True
32.280594,107,345.427378,1.0,0.31979215233600095,20,0.5500262289270265,0.6050000000000005,True
36.687209,82,345.550797,1.0,0.3175967806355233,25,0.5570043232707396,0.4400000000000004,True
32.845345,111,345.729861,1.0,0.31927615386196806,26,0.5402703302799646,0.5950000000000005,True
33.964339,100,345.881514,1.0,0.3180753493426955,24,0.5805464194701587,0.5700000000000005,True
34.09941,92,346.029672,1.0,0.31990053100586013,23,0.5672563590559633,0.5150000000000005,True
31.337107,108,346.182376,1.0,0.31779832145992004,22,0.6104225803408184,0.6150000000000005,True
31.34558,113,346.341835,1.0,0.31986437494626274,24,0.5510145887859623,0.6350000000000006,True
34.361838,87,346.477417,1.0,0.3190415658041047,22,0.5356659537922406,0.5000000000000004,True
