#{"t_start": 1790445893.50535, "env_id": "None"}
r,l,t,mean_uncertainty,energy_used,success
-2.191972,30,1.438845,0.9618526733499211,0.2400000000000002,False
-1.841628,30,1.493761,0.9640639818873429,0.2400000000000002,False
5.069962,28,1.542485,0.959499205860465,0.2240000000000002,True
-2.216611,30,1.595285,0.9622668538367581,0.2400000000000002,False
-1.804612,30,1.647842,0.9599610151089644,0.2400000000000002,False
-2.199776,30,1.70228,0.9597610976959896,0.2400000000000002,False
5.654325,6,1.713684,0.9572905398389838,0.04800000000000004,True
-2.485221,30,1.764549,0.9618183151282247,0.2400000000000002,False
-2.29016,30,1.813944,0.9612691675843518,0.2400000000000002,False
-2.082689,30,2.507015,0.9672757333451613,0.2400000000000002,False
-2.077927,30,2.563446,0.9629014772931166,0.2400000000000002,False
-2.049401,30,2.614695,0.9604825404234747,0.2400000000000002,False
-1.812167,30,2.665628,0.9623155986710985,0.2400000000000002,False
-1.941582,30,2.717838,0.9641794221239595,0.2400000000000002,False
-2.343809,30,2.768815,0.9611609968277302,0.2400000000000002,False
-2.228717,30,2.818241,0.9609528018077443,0.2400000000000002,False
-2.267227,30,2.867256,0.9628731675885283,0.2400000000000002,False
-2.205207,30,3.456189,0.9623733252018469,0.2400000000000002,False
-1.997459,30,3.511028,0.9635695709143086,0.2400000000000002,False
-2.322557,30,3.560243,0.9595469936450259,0.2400000000000002,False
-2.092453,30,3.610163,0.9610529139568222,0.2400000000000002,False
-2.314554,30,3.661306,0.9621297027187825,0.2400000000000002,False
-1.650256,30,3.711725,0.9623347470513566,0.2400000000000002,False
5.66187,28,3.763302,0.9616103444248811,0.2240000000000002,True
-2.076481,30,3.823558,0.9605825581426648,0.2400000000000002,False
5.571718,25,3.872217,0.9630457297292666,0.20000000000000018,True
-2.202044,30,4.466183,0.9630036375212542,0.2400000000000002,False
5.615084,14,4.491684,0.9609245136961932,0.1120000000000001,True
-1.959588,30,4.542059,0.963615389211046,0.2400000000000002,False
-2.00793,30,4.592722,0.9648449470588514,0.2400000000000002,False
-2.219993,30,4.643258,0.960316963679975,0.2400000000000002,False
-1.957239,30,4.696445,0.9594219262770126,0.2400000000000002,False
5.480095,18,4.72644,0.9625773130722677,0.14400000000000013,True
-1.971379,30,4.777517,0.961174385932509,0.2400000000000002,False
5.636558,11,4.798635,0.9597397667184798,0.08800000000000008,True
-1.819236,30,4.850281,0.9654192291868224,0.2400000000000002,False
-1.865405,30,5.62734,0.9616393377762102,0.2400000000000002,False
5.497627,14,5.661715,0.9636816429998776,0.1120000000000001,True
5.602452,7,5.678499,0.9634011931355287,0.05600000000000005,True
5.224374,26,5.740693,0.9586211767965798,0.20800000000000018,True
5.60276,11,5.769878,0.9604647591499235,0.08800000000000008,True
-1.701754,30,5.841767,0.9638268819421698,0.2400000000000002,False
5.086441,30,5.92315,0.9624402400570854,0.2400000000000002,True
-1.874215,30,5.990319,0.9631877526217785,0.2400000000000002,False
5.335128,27,6.050937,0.9617115854390925,0.2160000000000002,True
5.840173,11,6.076782,0.9595556691809384,0.08800000000000008,True
-2.073101,30,6.144831,0.9603057508099297,0.2400000000000002,False
-2.0443,30,6.490562,0.9630637395489409,0.2400000000000002,False
-1.831312,30,7.284063,0.961877727912587,0.2400000000000002,False
5.477016,13,7.314938,0.9582470245695511,0.10400000000000009,True
5.525339,19,7.359537,0.9625996547338517,0.15200000000000014,True
5.382319,11,7.385906,0.9592951771499844,0.08800000000000008,True
5.516202,30,7.458999,0.9609829189686019,0.2400000000000002,True
5.604648,11,7.488285,0.9599112743146966,0.08800000000000008,True
-1.95327,30,7.567394,0.9635710255881313,0.2400000000000002,False
5.676407,14,7.604429,0.9610473177276372,0.1120000000000001,True
-1.942592,30,7.675908,0.9628426236380807,0.2400000000000002,False
-2.217418,30,7.7462,0.963236825630264,0.2400000000000002,False
5.826593,8,7.766125,0.9616191974578245,0.06400000000000006,True
5.509099,13,7.79617,0.9614188771570132,0.10400000000000009,True
5.243343,11,7.820788,0.9615730070906305,0.08800000000000008,True
5.582448,12,8.570464,0.9671653922575667,0.09600000000000009,True
5.404721,12,8.607105,0.9624453555886198,0.09600000000000009,True
5.607691,7,8.628725,0.9621553066703149,0.05600000000000005,True
5.63089,12,8.65992,0.962568485866554,0.09600000000000009,True
5.575766,10,8.682967,0.959689085099228,0.08000000000000007,True
5.716534,7,8.699181,0.9577770645724535,0.05600000000000005,True
5.305214,4,8.71154,0.9615573669555171,0.03200000000000003,True
5.435321,30,8.78601,0.9607615831442079,0.2400000000000002,True
5.357474,27,8.859818,0.9595726288906182,0.2160000000000002,True
5.422342,9,8.88481,0.9596290302037528,0.07200000000000006,True
5.296908,7,8.90392,0.9618118728441394,0.05600000000000005,True
5.37498,4,8.914312,0.9600776521163882,0.03200000000000003,True
5.420417,7,8.933048,0.9595809316356348,0.05600000000000005,True
5.652288,15,8.969731,0.9592130316209649,0.1200000000000001,True
5.626937,14,9.011373,0.9609637294056278,0.1120000000000001,True
5.332554,15,9.049128,0.9633229719244696,0.1200000000000001,True
5.513857,12,9.085487,0.9644096600536511,0.09600000000000009,True
5.539204,8,9.108115,0.9622385883036408,0.06400000000000006,True
-1.800712,30,9.19455,0.9636161310499708,0.2400000000000002,False
5.351628,22,9.252737,0.9611982871984215,0.17600000000000016,True
5.613213,8,9.946299,0.9632958516568153,0.06400000000000006,True
5.721077,14,9.969263,0.9603102876667944,0.1120000000000001,True
-1.948347,30,10.021241,0.9621151108474422,0.2400000000000002,False
5.485692,11,10.042861,0.9623326278375406,0.08800000000000008,True
5.453926,11,10.062669,0.9614492557337502,0.08800000000000008,True
5.465977,6,10.073661,0.9666814431802324,0.04800000000000004,True
5.47106,20,10.109535,0.9634742001290924,0.16000000000000014,True
5.693993,5,10.119552,0.9590959033272548,0.040000000000000036,True
5.406621,13,10.140501,0.9600638253734896,0.10400000000000009,True
5.646488,17,10.170303,0.9602231656987362,0.13600000000000012,True
5.450191,19,10.203721,0.9674923036043819,0.15200000000000014,True
5.478286,22,10.243322,0.9605065370494739,0.17600000000000016,True
5.778263,16,10.271889,0.9630771940383599,0.1280000000000001,True
5.603815,5,10.28003,0.963869512127947,0.040000000000000036,True
5.441691,7,10.292284,0.9659263182780844,0.05600000000000005,True
5.379536,19,10.324284,0.9632133098969675,0.15200000000000014,True
5.616793,8,10.337702,0.9630802076070671,0.06400000000000006,True
5.703511,13,10.359709,0.9602673884043651,0.10400000000000009,True
5.285845,21,10.905826,0.9633177258965981,0.16800000000000015,True
5.728382,9,10.928483,0.9611995379889953,0.07200000000000006,True
5.799912,13,10.951585,0.9604889790203933,0.10400000000000009,True
5.499905,5,10.961442,0.9627189373066372,0.040000000000000036,True
5.661118,12,10.982364,0.9650766276585769,0.09600000000000009,True
5.704632,5,10.99029,0.958971293267145,0.040000000000000036,True
5.889611,7,11.003354,0.960700608097332,0.05600000000000005,True
5.582278,10,11.021571,0.9588817601805968,0.08000000000000007,True
5.895205,15,11.048062,0.9575002155084804,0.1200000000000001,True
5.67032,16,11.077488,0.9609854056832715,0.1280000000000001,True
5.431464,15,11.105786,0.9635537071018458,0.1200000000000001,True
5.58227,5,11.116869,0.9573756718008757,0.040000000000000036,True
5.460831,7,11.129707,0.9569135498794338,0.05600000000000005,True
5.368984,10,11.148242,0.9576820813847366,0.08000000000000007,True
5.479308,12,11.169362,0.9599070101319018,0.09600000000000009,True
5.40889,12,11.193974,0.9588886755851755,0.09600000000000009,True
5.624844,13,11.219037,0.9656696140906318,0.10400000000000009,True
5.343355,29,11.268093,0.9610490808789292,0.2320000000000002,True
5.80375,12,11.289189,0.9609513109355071,0.09600000000000009,True
5.485977,10,11.307588,0.9627098616451556,0.08000000000000007,True
5.505708,7,11.31964,0.9609770253628489,0.05600000000000005,True
5.404809,9,11.336079,0.9604804430196782,0.07200000000000006,True
5.597871,11,11.355197,0.9596827112795964,0.08800000000000008,True
5.626267,20,11.935872,0.9612970704901461,0.16000000000000014,True
5.576433,6,11.948193,0.9647319875848688,0.04800000000000004,True
5.637844,5,11.957027,0.9615507802628354,0.040000000000000036,True
5.796137,7,11.970317,0.956590819356067,0.05600000000000005,True
5.661655,4,11.97889,0.9620201158103969,0.03200000000000003,True
5.68031,10,11.99726,0.9644338760784752,0.08000000000000007,True
5.828758,6,12.008582,0.9575537215664971,0.04800000000000004,True
5.467171,12,12.031569,0.9635136005544027,0.09600000000000009,True
5.479951,12,12.052222,0.9679640415329985,0.09600000000000009,True
5.545625,6,12.064469,0.9607375163750115,0.04800000000000004,True
5.498832,12,12.086629,0.9563460819092816,0.09600000000000009,True
5.780992,9,12.103189,0.9660835338532694,0.07200000000000006,True
5.611484,6,12.114759,0.959159731537397,0.04800000000000004,True
5.350644,9,12.130292,0.9640671038998894,0.07200000000000006,True
5.644708,7,12.144569,0.9588826964631575,0.05600000000000005,True
5.810774,7,12.157722,0.9589164397944696,0.05600000000000005,True
5.629662,9,12.17443,0.9610322553918487,0.07200000000000006,True
5.732148,7,12.188268,0.9618713129962165,0.05600000000000005,True
5.832947,11,12.210192,0.9637718342482957,0.08800000000000008,True
5.541118,7,12.222985,0.9592459558100932,0.05600000000000005,True
5.575721,4,12.231495,0.9589588393663682,0.03200000000000003,True
5.480549,9,12.248224,0.9638413660831084,0.07200000000000006,True
5.625254,6,12.259681,0.9666666506217616,0.04800000000000004,True
5.50772,9,12.276978,0.9592642850404205,0.07200000000000006,True
5.524369,4,12.382792,0.957521793990793,0.03200000000000003,True
5.718276,8,12.398542,0.9665818118308218,0.06400000000000006,True
5.765019,13,12.422783,0.9622276802908527,0.10400000000000009,True
5.525384,10,12.441638,0.9613219601028485,0.08000000000000007,True
5.694525,6,12.453673,0.9594500771071154,0.04800000000000004,True
5.519467,7,12.466696,0.9622747816217994,0.05600000000000005,True
5.928671,11,12.487112,0.9640732565105039,0.08800000000000008,True
5.371493,7,13.031451,0.9573852033070471,0.05600000000000005,True
5.444574,7,13.045457,0.9591833432310013,0.05600000000000005,True
5.818856,5,13.055539,0.9627458526179287,0.040000000000000036,True
5.438453,10,13.07513,0.9578318281721259,0.08000000000000007,True
5.47084,4,13.083149,0.9619672280236442,0.03200000000000003,True
5.543795,6,13.097378,0.9648189819538242,0.04800000000000004,True
5.477821,6,13.112712,0.9651335487759858,0.04800000000000004,True
6.059407,8,13.128633,0.962322465444008,0.06400000000000006,True
5.856757,5,13.138706,0.9568876080402637,0.040000000000000036,True
5.596906,16,13.168197,0.9632413267938316,0.1280000000000001,True
5.499663,5,13.178131,0.9610303056829819,0.040000000000000036,True
5.520517,5,13.187847,0.9612964084920601,0.040000000000000036,True
5.464952,15,13.216915,0.9605854652376462,0.1200000000000001,True
5.772104,8,13.233761,0.959605601900374,0.06400000000000006,True
5.605303,7,13.247207,0.9604905068384249,0.05600000000000005,True
5.477167,10,13.267019,0.9596340184316747,0.08000000000000007,True
5.582511,5,13.277687,0.9591738793848056,0.040000000000000036,True
5.794907,7,13.290652,0.9610157969616343,0.05600000000000005,True
5.725459,7,13.304081,0.9655244360040174,0.05600000000000005,True
5.730298,7,13.317919,0.9613156959170788,0.05600000000000005,True
5.601902,5,13.326866,0.9635526355702569,0.040000000000000036,True
5.581147,7,13.339873,0.9640221753174877,0.05600000000000005,True
5.503095,6,13.351893,0.96235098311725,0.04800000000000004,True
5.772871,10,13.37185,0.9649620578957911,0.08000000000000007,True
5.48688,5,13.383214,0.9600111016367865,0.040000000000000036,True
5.64763,6,13.39456,0.9668719380137083,0.04800000000000004,True
5.745233,7,13.407634,0.961377762194354,0.05600000000000005,True
5.900382,8,13.423451,0.9575295873461406,0.06400000000000006,True
5.671518,8,13.438678,0.9622452137728924,0.06400000000000006,True
5.669803,8,13.454938,0.9621115927060848,0.06400000000000006,True
5.663617,7,13.468036,0.9598950623010263,0.05600000000000005,True
5.718204,4,13.476411,0.9612452962349634,0.03200000000000003,True
5.306639,8,13.491483,0.9609201236897775,0.06400000000000006,True
5.508672,13,13.517166,0.96211670654194,0.10400000000000009,True
5.645435,4,13.525201,0.9607088310191002,0.03200000000000003,True
5.478909,5,14.079655,0.9613236424097528,0.040000000000000036,True
6.086609,7,14.093606,0.9577614799827059,0.05600000000000005,True
5.963353,7,14.107574,0.9595495423354479,0.05600000000000005,True
5.306375,13,14.131608,0.9588164808797419,0.10400000000000009,True
5.730044,3,14.137954,0.9590710306765453,0.02400000000000002,True
5.588398,6,14.14998,0.9615929917959529,0.04800000000000004,True
5.488702,4,14.158185,0.9627341092076863,0.03200000000000003,True
5.844679,5,14.168767,0.9646945006286007,0.040000000000000036,True
5.920923,4,14.177,0.9598385052100454,0.03200000000000003,True
5.819672,6,14.190014,0.9604303441543123,0.04800000000000004,True
5.791042,10,14.211738,0.9651229179762523,0.08000000000000007,True
5.816879,6,14.226327,0.9588854402731335,0.04800000000000004,True
5.731076,5,14.238354,0.9608686101369494,0.040000000000000036,True
5.784265,10,14.26005,0.9579266846901753,0.08000000000000007,True
5.610927,7,14.273903,0.9587066804534303,0.05600000000000005,True
5.603086,8,14.290268,0.958472307483694,0.06400000000000006,True
5.753399,4,14.299797,0.962634960029764,0.03200000000000003,True
5.76413,7,14.312867,0.9593268651062407,0.05600000000000005,True
5.654772,4,14.322228,0.9624324079404113,0.03200000000000003,True
5.562715,6,14.334584,0.9614257436615137,0.04800000000000004,True
5.50527,5,14.344971,0.9598895348108809,0.040000000000000036,True
5.467108,7,14.357149,0.9616796181396443,0.05600000000000005,True
5.660799,8,14.375484,0.9613157635276107,0.06400000000000006,True
5.567276,8,14.393564,0.9654017526456915,0.06400000000000006,True
5.615811,3,14.400363,0.9621548120783912,0.02400000000000002,True
5.51815,5,14.411628,0.9579735309948784,0.040000000000000036,True
5.556437,6,14.42461,0.9627102419322096,0.04800000000000004,True
5.706962,7,14.439154,0.9645883786331779,0.05600000000000005,True
5.620113,6,14.45313,0.9626643550336424,0.04800000000000004,True
5.48316,6,14.465335,0.9596119652003255,0.04800000000000004,True
5.390133,5,14.47637,0.9666984619050456,0.040000000000000036,True
5.711784,11,14.501771,0.9606818666951522,0.08800000000000008,True
5.49078,5,14.514063,0.9611970687914879,0.040000000000000036,True
5.514525,7,14.528696,0.9627973780954,0.05600000000000005,True
5.485213,7,14.544003,0.966899605513354,0.05600000000000005,True
5.679702,3,14.549552,0.958608665720741,0.02400000000000002,True
5.564891,6,14.563159,0.9607020780958213,0.04800000000000004,True
5.71319,12,14.588577,0.96593606987422,0.09600000000000009,True
5.637554,7,14.603857,0.9640193714136993,0.05600000000000005,True
5.572158,7,14.617117,0.9631415777447934,0.05600000000000005,True
5.673256,5,15.147083,0.9604858585187026,0.040000000000000036,True
5.59427,7,15.160789,0.9608226709487055,0.05600000000000005,True
5.470949,5,15.171813,0.9578726134934545,0.040000000000000036,True
5.774478,4,15.179633,0.9639075014337408,0.03200000000000003,True
5.727139,7,15.193818,0.9597668017045882,0.05600000000000005,True
5.394448,6,15.206388,0.9600134714972204,0.04800000000000004,True
5.948934,5,15.215093,0.9632284185310741,0.040000000000000036,True
5.973643,4,15.224351,0.9597697407114973,0.03200000000000003,True
5.455912,6,15.235858,0.9626100385802425,0.04800000000000004,True
5.464364,3,15.243329,0.9605963727727671,0.02400000000000002,True
5.607196,6,15.255799,0.9587841087921458,0.04800000000000004,True
5.761031,10,15.275884,0.9613242447118069,0.08000000000000007,True
5.368672,5,15.284999,0.9618029384088187,0.040000000000000036,True
5.432048,5,15.29522,0.9644358010605683,0.040000000000000036,True
5.642489,5,15.30647,0.964251536989701,0.040000000000000036,True
5.646996,4,15.314872,0.9568681400832135,0.03200000000000003,True
5.435103,5,15.325379,0.9607205121605756,0.040000000000000036,True
5.783718,4,15.333505,0.9621712998974781,0.03200000000000003,True
5.597626,5,15.343091,0.9595831731548117,0.040000000000000036,True
5.808831,9,15.360186,0.962617239604102,0.07200000000000006,True
5.530034,5,15.372057,0.9580956080468622,0.040000000000000036,True
5.4337,6,15.385294,0.9635578099609337,0.04800000000000004,True
5.865857,7,15.398471,0.9643542741379794,0.05600000000000005,True
5.682026,4,15.407913,0.9594068542276369,0.03200000000000003,True
5.537693,12,15.433321,0.9639414536729445,0.09600000000000009,True
5.742781,8,15.447954,0.9618012507216531,0.06400000000000006,True
5.630368,5,15.458329,0.9577730350601391,0.040000000000000036,True
6.019955,5,15.468714,0.9576956024009098,0.040000000000000036,True
5.734528,10,15.488941,0.9579238848816551,0.08000000000000007,True
5.482199,4,15.497685,0.955947703552595,0.03200000000000003,True
5.655424,6,15.509922,0.9580548534176351,0.04800000000000004,True
5.867918,5,15.521973,0.9582203060960554,0.040000000000000036,True
5.794301,6,15.533942,0.9652050093352995,0.04800000000000004,True
5.501098,8,15.549911,0.9594616274047559,0.06400000000000006,True
5.515481,4,15.558258,0.961327412241274,0.03200000000000003,True
5.800005,3,15.56424,0.9588480748137714,0.02400000000000002,True
5.404402,7,15.578916,0.9601313356466536,0.05600000000000005,True
5.443208,6,15.592771,0.9591735056910751,0.04800000000000004,True
5.75313,5,15.602872,0.9659458066511214,0.040000000000000036,True
5.420017,8,15.619331,0.9651589911330585,0.06400000000000006,True
5.651792,6,15.631544,0.9583223079659284,0.04800000000000004,True
5.730723,10,15.651258,0.9659684316083855,0.08000000000000007,True
5.69498,5,15.661908,0.9623793730840425,0.040000000000000036,True
5.38138,3,16.189351,0.9623170292689531,0.02400000000000002,True
5.620039,4,16.198633,0.962095424167941,0.03200000000000003,True
5.410722,4,16.208842,0.9595437153217328,0.03200000000000003,True
5.724099,5,16.219934,0.9568046223742077,0.040000000000000036,True
5.727524,6,16.235189,0.9585883459362596,0.04800000000000004,True
5.478023,4,16.244875,0.9631084804595775,0.03200000000000003,True
5.639612,6,16.258768,0.9620021226288118,0.04800000000000004,True
5.985213,6,16.27248,0.9607930605469167,0.04800000000000004,True
5.767836,5,16.284086,0.967611895704078,0.040000000000000036,True
5.731928,6,16.297947,0.9603262095641769,0.04800000000000004,True
5.738179,4,16.306616,0.9598999655383331,0.03200000000000003,True
5.693574,3,16.31436,0.9580056494438307,0.02400000000000002,True
5.739387,4,16.323975,0.9576486121367889,0.03200000000000003,True
5.684788,6,16.33603,0.9597281561743627,0.04800000000000004,True
5.739148,4,16.344226,0.9607577800297331,0.03200000000000003,True
5.647909,4,16.353296,0.9625590312807978,0.03200000000000003,True
5.570774,5,16.364047,0.9651800177043575,0.040000000000000036,True
5.553068,7,16.379382,0.9626939322657906,0.05600000000000005,True
5.674002,6,16.392175,0.9597678683375566,0.04800000000000004,True
5.65249,7,16.405755,0.9623116619940835,0.05600000000000005,True
5.70668,8,16.422538,0.9584059665010907,0.06400000000000006,True
5.308751,6,16.434372,0.959391000731998,0.04800000000000004,True
5.567212,5,16.444192,0.9652698413190315,0.040000000000000036,True
5.891458,6,16.456163,0.9583875369819628,0.04800000000000004,True
5.480746,5,16.466747,0.964051815350661,0.040000000000000036,True
5.517491,9,16.485434,0.9612544515159651,0.07200000000000006,True
5.677861,6,16.497178,0.9608713850944361,0.04800000000000004,True
5.326215,6,16.509789,0.9593615953995401,0.04800000000000004,True
5.712586,7,16.525918,0.956442972858681,0.05600000000000005,True
5.747519,4,16.535239,0.9618423668726638,0.03200000000000003,True
5.736954,5,16.545712,0.9600635131222812,0.040000000000000036,True
5.657103,6,16.558765,0.9597552453747504,0.04800000000000004,True
5.618431,7,16.57338,0.95947407644733,0.05600000000000005,True
5.631645,5,16.585101,0.9605252329078603,0.040000000000000036,True
5.802351,5,16.597313,0.9586950699032952,0.040000000000000036,True
5.544811,5,16.607376,0.9620819462627309,0.040000000000000036,True
5.843179,4,16.615039,0.9638089140926944,0.03200000000000003,True
5.777486,5,16.625782,0.96010787394272,0.040000000000000036,True
5.450151,6,16.639345,0.962472727976333,0.04800000000000004,True
5.49534,6,16.652827,0.9626729068155921,0.04800000000000004,True
5.43539,6,16.666698,0.9586888913557432,0.04800000000000004,True
5.603709,8,16.684056,0.9619032567952822,0.06400000000000006,True
5.738119,5,16.695345,0.9582474509255712,0.040000000000000036,True
5.530537,3,16.702812,0.9638504545364925,0.02400000000000002,True
5.652581,6,16.715531,0.966445601827659,0.04800000000000004,True
5.727097,8,16.731959,0.9583008175720316,0.06400000000000006,True
5.82017,6,16.745336,0.962160519494567,0.04800000000000004,True
5.643036,4,17.275082,0.9596247114002889,0.03200000000000003,True
5.428939,4,17.283719,0.9633930102467216,0.03200000000000003,True
5.521236,4,17.291104,0.9571850369923326,0.03200000000000003,True
5.861027,5,17.301529,0.960009696681249,0.040000000000000036,True
5.467086,6,17.314668,0.9627747591912585,0.04800000000000004,True
5.758548,5,17.325623,0.9580322628018689,0.040000000000000036,True
5.772568,6,17.337799,0.9600652884815905,0.04800000000000004,True
5.937682,7,17.352278,0.9619670538699541,0.05600000000000005,True
5.502178,4,17.359966,0.9619389472798088,0.03200000000000003,True
5.463563,6,17.373887,0.9563719296357207,0.04800000000000004,True
5.454313,4,17.383686,0.9631467589371349,0.03200000000000003,True
5.782842,5,17.395009,0.9641202013619168,0.040000000000000036,True
5.541384,5,17.407176,0.9643049099680622,0.040000000000000036,True
5.722161,7,17.42184,0.9597302505459784,0.05600000000000005,True
6.062399,6,17.434704,0.9639057772201546,0.04800000000000004,True
5.472046,4,17.444337,0.9600029502238322,0.03200000000000003,True
5.800667,8,17.460435,0.9579991909711294,0.06400000000000006,True
5.668832,6,17.472987,0.9624564251143752,0.04800000000000004,True
5.749461,5,17.4835,0.9610943635698163,0.040000000000000036,True
5.587576,7,17.499053,0.9594404754180014,0.05600000000000005,True
5.715274,8,17.520635,0.9602898631485897,0.06400000000000006,True
5.713361,6,17.537056,0.9595765723679173,0.04800000000000004,True
5.807846,5,17.546838,0.9578898927674316,0.040000000000000036,True
5.493212,6,17.563514,0.963140620118351,0.04800000000000004,True
5.473835,3,17.569965,0.9620158672191272,0.02400000000000002,True
5.592519,5,17.581213,0.9599196303986214,0.040000000000000036,True
5.743989,4,17.589369,0.9587926841240495,0.03200000000000003,True
5.82963,4,17.598859,0.9595497884920045,0.03200000000000003,True
5.698932,3,17.604613,0.9574408333523922,0.02400000000000002,True
5.547265,4,17.614855,0.9593417837462838,0.03200000000000003,True
5.783973,5,17.624341,0.9589795238238146,0.040000000000000036,True
5.729656,6,17.706905,0.9581787955531573,0.04800000000000004,True
5.582887,6,17.719258,0.9618652810365584,0.04800000000000004,True
5.520297,4,17.727957,0.9615613619155605,0.03200000000000003,True
5.497433,3,17.734049,0.9588687536617432,0.02400000000000002,True
5.698108,4,17.742387,0.9636983571544604,0.03200000000000003,True
5.586369,3,17.748972,0.9626019213731873,0.02400000000000002,True
5.759708,4,17.7582,0.9598780682907526,0.03200000000000003,True
5.549608,8,17.774358,0.9626692995790755,0.06400000000000006,True
5.540341,4,17.782558,0.9643276172506947,0.03200000000000003,True
5.426683,5,17.792947,0.9608681761881761,0.040000000000000036,True
5.794296,7,17.806807,0.9607324190261501,0.05600000000000005,True
5.607308,6,17.818631,0.963848508329771,0.04800000000000004,True
5.813178,4,17.826668,0.9590099668041983,0.03200000000000003,True
5.637944,4,17.83488,0.9598453256721151,0.03200000000000003,True
5.977936,5,17.845963,0.9581296049171697,0.040000000000000036,True
5.664057,5,17.856553,0.962299099235802,0.040000000000000036,True
5.73325,6,17.86897,0.9600148235385261,0.04800000000000004,True
5.68412,3,17.875808,0.9582540469550971,0.02400000000000002,True
5.743748,4,17.884462,0.9608788223977969,0.03200000000000003,True
5.646983,3,17.890327,0.961052384189977,0.02400000000000002,True
5.705777,4,18.423714,0.9573342369832393,0.03200000000000003,True
5.498564,3,18.430443,0.9606636657774408,0.02400000000000002,True
5.672788,4,18.439598,0.9656500753749544,0.03200000000000003,True
5.79014,4,18.44895,0.9565271395249604,0.03200000000000003,True
5.696801,5,18.45966,0.9568102396671625,0.040000000000000036,True
5.687189,4,18.468325,0.9659384170940917,0.03200000000000003,True
5.683706,5,18.479962,0.9597844460470191,0.040000000000000036,True
5.570016,4,18.488827,0.9609659276248748,0.03200000000000003,True
5.903493,5,18.499365,0.9567836916739614,0.040000000000000036,True
5.728133,3,18.505627,0.957349310699761,0.02400000000000002,True
5.893116,4,18.515765,0.9612964346357391,0.03200000000000003,True
5.671978,5,18.526714,0.9606784225732569,0.040000000000000036,True
5.77153,6,18.539296,0.9661399484593419,0.04800000000000004,True
5.757465,4,18.548307,0.9597003864155934,0.03200000000000003,True
5.632265,6,18.559408,0.9631761534055057,0.04800000000000004,True
5.553325,4,18.568419,0.9669459746018911,0.03200000000000003,True
5.515599,5,18.579304,0.9590721396356299,0.040000000000000036,True
5.452204,4,18.589293,0.963708370130518,0.03200000000000003,True
5.833332,5,18.602752,0.9666042406427231,0.040000000000000036,True
5.614872,5,18.613162,0.9617261509458455,0.040000000000000036,True
5.690156,4,18.621686,0.9608327665983314,0.03200000000000003,True
5.709854,5,18.632423,0.9602341748030183,0.040000000000000036,True
5.807982,5,18.643498,0.961792604405759,0.040000000000000036,True
5.843232,4,18.652638,0.9639452445018182,0.03200000000000003,True
5.730415,5,18.661798,0.9602329330087015,0.040000000000000036,True
5.556738,7,18.676949,0.9612802431849042,0.05600000000000005,True
5.793269,5,18.687339,0.9604023597755913,0.040000000000000036,True
5.796053,4,18.696079,0.9578860920027367,0.03200000000000003,True
5.727482,4,18.705154,0.9678538233589422,0.03200000000000003,True
5.456493,4,18.713296,0.9606078274827792,0.03200000000000003,True
5.51568,3,18.720385,0.9601284628653717,0.02400000000000002,True
5.58552,4,18.732236,0.9641158257963107,0.03200000000000003,True
5.396287,3,18.74016,0.9622717009987037,0.02400000000000002,True
5.286823,3,18.748178,0.9671650158274497,0.02400000000000002,True
5.829635,6,18.761387,0.9633844591652929,0.04800000000000004,True
5.418629,4,18.771286,0.957644439649809,0.03200000000000003,True
5.42474,4,18.780005,0.9586345157354041,0.03200000000000003,True
5.805107,8,18.796876,0.9595578850853768,0.06400000000000006,True
5.357892,3,18.80406,0.9584911387621411,0.02400000000000002,True
5.766533,7,18.818696,0.9610742853538612,0.05600000000000005,True
5.498816,6,18.832587,0.9648432656754603,0.04800000000000004,True
5.682826,7,18.850505,0.9610045344305542,0.05600000000000005,True
6.013185,6,18.864613,0.9606978219410163,0.04800000000000004,True
5.409148,4,18.87377,0.9637543272091075,0.03200000000000003,True
5.741073,6,18.886727,0.959164613114581,0.04800000000000004,True
5.447351,4,18.894126,0.9617822914709658,0.03200000000000003,True
5.507875,8,18.915874,0.9600104756021648,0.06400000000000006,True
5.461468,5,18.929784,0.9638407330276451,0.040000000000000036,True
5.536536,5,18.94102,0.9643688484995229,0.040000000000000036,True
5.715513,4,18.95711,0.959555415546355,0.03200000000000003,True
5.484627,4,18.969007,0.9574735524832096,0.03200000000000003,True
5.648186,4,18.97857,0.9596183351331823,0.03200000000000003,True
5.825282,5,18.988925,0.964317075180614,0.040000000000000036,True
5.504715,4,18.998027,0.9595806618735507,0.03200000000000003,True
5.721689,4,19.007814,0.9596436072184636,0.03200000000000003,True
5.740983,3,19.587904,0.9587133901540936,0.02400000000000002,True
5.516102,3,19.596062,0.9596077745583595,0.02400000000000002,True
5.761006,4,19.606588,0.9611477154104644,0.03200000000000003,True
5.512253,5,19.618267,0.9687937785412624,0.040000000000000036,True
5.584124,3,19.62548,0.9592768223116513,0.02400000000000002,True
5.656682,3,19.632743,0.9592293467631869,0.02400000000000002,True
5.498116,4,19.642593,0.963098919179286,0.03200000000000003,True
5.598275,5,19.653431,0.9613326657560476,0.040000000000000036,True
5.608299,5,19.665096,0.9647265995194164,0.040000000000000036,True
5.581168,2,19.668752,0.961306974176907,0.016000000000000014,True
5.497386,6,19.68321,0.9625125624127344,0.04800000000000004,True
5.793005,5,19.696337,0.9569665098276143,0.040000000000000036,True
5.772992,4,19.711466,0.963762726431022,0.03200000000000003,True
5.657119,8,19.737983,0.9623602658767108,0.06400000000000006,True
5.638832,3,19.748887,0.9587347197993605,0.02400000000000002,True
5.809644,5,19.766603,0.9598818824546139,0.040000000000000036,True
5.634714,4,19.779511,0.9638034139401273,0.03200000000000003,True
5.464595,5,19.79507,0.9596311614943849,0.040000000000000036,True
5.880607,5,19.812482,0.9558309848847034,0.040000000000000036,True
5.806476,5,19.828913,0.963560982042313,0.040000000000000036,True
5.573754,6,19.846597,0.9627626272305965,0.04800000000000004,True
5.445244,5,19.860718,0.9616624140643623,0.040000000000000036,True
5.586742,5,19.876347,0.9610996103209941,0.040000000000000036,True
5.707093,3,19.887806,0.9607019256165749,0.02400000000000002,True
5.700416,4,19.898719,0.9606435761498493,0.03200000000000003,True
5.399737,6,19.920675,0.9561713670981502,0.04800000000000004,True
5.621544,5,19.935717,0.960964464410522,0.040000000000000036,True
5.719866,5,19.952119,0.958224440462401,0.040000000000000036,True
5.468369,5,19.968763,0.961915492104869,0.040000000000000036,True
5.773271,5,19.98435,0.9647997719544564,0.040000000000000036,True
5.818862,5,19.999714,0.9610630361072807,0.040000000000000036,True
5.768597,4,20.012286,0.963001388736792,0.03200000000000003,True
5.662484,5,20.028656,0.960125999866606,0.040000000000000036,True
6.008192,5,20.042906,0.9611446696692207,0.040000000000000036,True
5.666997,3,20.052938,0.9586582703927553,0.02400000000000002,True
5.992979,5,20.068367,0.9606819737288976,0.040000000000000036,True
5.842326,4,20.083011,0.9640868306400439,0.03200000000000003,True
5.698541,5,20.097798,0.9619064595549132,0.040000000000000036,True
5.672414,5,20.113638,0.9589332344172571,0.040000000000000036,True
5.744185,4,20.126373,0.9592494783585217,0.03200000000000003,True
5.773305,4,20.138462,0.9581060725390638,0.03200000000000003,True
5.387727,3,20.148577,0.9589254157234541,0.02400000000000002,True
5.392486,6,20.165277,0.9571679933262623,0.04800000000000004,True
5.530094,6,20.182865,0.9598812194318777,0.04800000000000004,True
5.713839,3,20.191806,0.9657163180629048,0.02400000000000002,True
5.740005,4,20.204168,0.9617033697189645,0.03200000000000003,True
5.581676,5,20.218397,0.9607053613637856,0.040000000000000036,True
5.635949,5,20.233542,0.9656125196500106,0.040000000000000036,True
5.70004,4,20.243887,0.9614490952793369,0.03200000000000003,True
5.589873,4,20.256639,0.9595532811007672,0.03200000000000003,True
5.805014,6,20.274885,0.9595351343764887,0.04800000000000004,True
5.846872,3,20.284186,0.963811653036991,0.02400000000000002,True
5.754415,3,20.294194,0.9634918787064577,0.02400000000000002,True
5.478521,5,20.308178,0.9627286023847008,0.040000000000000036,True
5.50898,4,20.319892,0.9609056360327259,0.03200000000000003,True
5.689063,6,20.335259,0.960494457051748,0.04800000000000004,True
5.653433,7,21.068789,0.9635752001078537,0.05600000000000005,True
5.63808,5,21.083729,0.9606196814724473,0.040000000000000036,True
5.546313,6,21.102351,0.9613565905891064,0.04800000000000004,True
5.693571,5,21.116812,0.9634142851039567,0.040000000000000036,True
5.921648,6,21.134572,0.9628250359342954,0.04800000000000004,True
6.015544,5,21.148952,0.9590592425108881,0.040000000000000036,True
5.579946,3,21.161891,0.9627583715150745,0.02400000000000002,True
5.489558,4,21.17819,0.9617936480209088,0.03200000000000003,True
5.711287,3,21.191438,0.9592996025154973,0.02400000000000002,True
5.848158,5,21.213923,0.9627730060890132,0.040000000000000036,True
5.640291,5,21.235008,0.9655279757801428,0.040000000000000036,True
5.511131,5,21.24794,0.9602870106150512,0.040000000000000036,True
5.800285,5,21.264124,0.9648420997877631,0.040000000000000036,True
5.451313,4,21.27909,0.9628528344701076,0.03200000000000003,True
5.680516,3,21.289372,0.9576000364013805,0.02400000000000002,True
5.603497,5,21.306136,0.9595817864942576,0.040000000000000036,True
5.608128,5,21.321633,0.9594979347849526,0.040000000000000036,True
5.694711,5,21.337489,0.9628323144415105,0.040000000000000036,True
5.634713,5,21.35299,0.9616336745967207,0.040000000000000036,True
5.977896,5,21.368543,0.9607469756967155,0.040000000000000036,True
5.94525,5,21.38351,0.9625039047377482,0.040000000000000036,True
5.548302,4,21.39695,0.9618320163870261,0.03200000000000003,True
5.641889,7,21.419977,0.956969636466686,0.05600000000000005,True
5.471536,6,21.437063,0.9585222813694284,0.04800000000000004,True
5.791149,6,21.45732,0.9556623367669124,0.04800000000000004,True
5.503502,5,21.472175,0.9617813572999238,0.040000000000000036,True
5.810255,7,21.492761,0.9630371711385096,0.05600000000000005,True
5.663981,4,21.504253,0.9620107151820462,0.03200000000000003,True
5.411204,5,21.51711,0.9631472833242929,0.040000000000000036,True
5.51396,3,21.528006,0.9608284155058507,0.02400000000000002,True
5.665652,4,21.53986,0.9639610806569422,0.03200000000000003,True
5.472286,3,21.549137,0.9639584014046394,0.02400000000000002,True
5.435126,4,21.56281,0.957145629826083,0.03200000000000003,True
5.38373,4,21.575774,0.9581528263378079,0.03200000000000003,True
5.743234,5,21.594109,0.9654546563216163,0.040000000000000036,True
5.579233,4,21.606679,0.9626461817918828,0.03200000000000003,True
5.819609,6,21.626026,0.9617248774696141,0.04800000000000004,True
5.637733,5,21.641449,0.9595877042671876,0.040000000000000036,True
5.556632,3,21.650272,0.9641597477576676,0.02400000000000002,True
5.860072,5,21.664253,0.9641050462930603,0.040000000000000036,True
5.597467,3,21.674509,0.9600430233128312,0.02400000000000002,True
5.95567,3,21.682771,0.9631473874180696,0.02400000000000002,True
5.989716,4,21.694483,0.9599718476752848,0.03200000000000003,True
5.725269,4,21.705516,0.9609648394822103,0.03200000000000003,True
5.498,4,21.718016,0.9644655821339194,0.03200000000000003,True
5.75903,5,21.732324,0.9654252729253584,0.040000000000000036,True
5.442012,3,21.740611,0.9581903363785405,0.02400000000000002,True
5.553948,5,21.755195,0.9595581755092384,0.040000000000000036,True
5.867986,5,21.769675,0.9639880808315661,0.040000000000000036,True
6.102385,4,21.780472,0.9582093549157897,0.03200000000000003,True
5.730752,4,21.79331,0.9590042510482195,0.03200000000000003,True
5.564153,4,21.805118,0.9656774629857678,0.03200000000000003,True
5.49337,4,21.816654,0.9598280646610272,0.03200000000000003,True
5.97044,4,21.827089,0.9623432058854934,0.03200000000000003,True
5.700413,4,21.838293,0.9611169766075707,0.03200000000000003,True
5.489493,4,21.850066,0.962600170155113,0.03200000000000003,True
5.761958,4,21.861611,0.9608448657587888,0.03200000000000003,True
5.724207,5,22.590294,0.9617533041257949,0.040000000000000036,True
5.565656,5,22.60541,0.9579871517094628,0.040000000000000036,True
5.68562,4,22.617541,0.9612716150436431,0.03200000000000003,True
5.735365,7,22.638593,0.9607022826161256,0.05600000000000005,True
5.790557,5,22.656983,0.9624654881929483,0.040000000000000036,True
5.592368,6,22.674034,0.9607725763489314,0.04800000000000004,True
5.649913,3,22.683841,0.9581723078684778,0.02400000000000002,True
5.466943,4,22.695252,0.9629874019164681,0.03200000000000003,True
5.764595,4,22.706682,0.9593592879956545,0.03200000000000003,True
5.816454,6,22.724075,0.9632180579115536,0.04800000000000004,True
5.535155,5,22.738375,0.9626984361790434,0.040000000000000036,True
5.535125,6,22.754112,0.9647468049505975,0.04800000000000004,True
5.736172,5,22.767851,0.9627908317396581,0.040000000000000036,True
5.463384,6,22.786515,0.9641369894940943,0.04800000000000004,True
5.915599,5,22.801353,0.961286466732238,0.040000000000000036,True
5.488742,4,22.81338,0.9572677184177638,0.03200000000000003,True
5.737035,5,22.827236,0.9607520921458887,0.040000000000000036,True
5.815975,5,22.84198,0.961056589687123,0.040000000000000036,True
5.662477,5,22.856646,0.9614059298841086,0.040000000000000036,True
5.540915,5,22.871204,0.9603952513853777,0.040000000000000036,True
5.859983,3,22.881203,0.9616019472532649,0.02400000000000002,True
5.781439,5,22.895205,0.9616456231051422,0.040000000000000036,True
5.608942,5,22.910923,0.9591925087416115,0.040000000000000036,True
5.582306,4,22.924887,0.9585099210935801,0.03200000000000003,True
5.676576,3,22.933287,0.95914035473601,0.02400000000000002,True
5.485924,5,22.949354,0.9657183908479003,0.040000000000000036,True
5.48074,5,22.963217,0.9612485820974307,0.040000000000000036,True
5.817277,4,22.973747,0.9602137702243818,0.03200000000000003,True
5.698831,3,22.981823,0.9630292602968182,0.02400000000000002,True
5.502954,6,22.9998,0.9614574358353299,0.04800000000000004,True
5.6698,4,23.011611,0.9627358758837979,0.03200000000000003,True
5.799042,6,23.02912,0.9633131742406501,0.04800000000000004,True
5.547535,3,23.039083,0.9594249481921978,0.02400000000000002,True
5.744321,4,23.053259,0.9580174498689282,0.03200000000000003,True
5.981688,3,23.06311,0.9591089022597538,0.02400000000000002,True
5.627698,3,23.073369,0.9600406953963232,0.02400000000000002,True
5.6513,4,23.085137,0.9650834428273137,0.03200000000000003,True
5.50331,4,23.09889,0.9623413005339809,0.03200000000000003,True
5.499986,4,23.114368,0.9651221572281257,0.03200000000000003,True
5.674462,4,23.129315,0.9594302176700877,0.03200000000000003,True
5.968131,4,23.146428,0.9630696838692283,0.03200000000000003,True
6.019621,5,23.164543,0.9634327657725803,0.040000000000000036,True
5.495748,4,23.178631,0.9591720999411176,0.03200000000000003,True
5.602874,4,23.191264,0.9597250150581058,0.03200000000000003,True
5.730197,3,23.200114,0.9604205824841435,0.02400000000000002,True
5.658923,4,23.211807,0.9641821411788629,0.03200000000000003,True
5.70965,4,23.22343,0.9603581807626832,0.03200000000000003,True
5.834124,4,23.23485,0.9607357965039823,0.03200000000000003,True
5.694416,4,23.245616,0.957982085560737,0.03200000000000003,True
5.386922,3,23.254328,0.9591982924825011,0.02400000000000002,True
5.519478,3,23.263735,0.9659228941073816,0.02400000000000002,True
5.393943,5,23.277362,0.9629879971416181,0.040000000000000036,True
6.019396,4,23.287976,0.9596149059719753,0.03200000000000003,True
5.7498,4,23.299926,0.9577592767085592,0.03200000000000003,True
5.805408,4,23.311639,0.9606465387356304,0.03200000000000003,True
5.718592,5,23.327104,0.9647505802342918,0.040000000000000036,True
5.523319,4,23.339103,0.9631528324780065,0.03200000000000003,True
5.647614,4,23.361428,0.9575428176713244,0.03200000000000003,True
5.648725,5,24.170042,0.9610984707885953,0.040000000000000036,True
5.690036,5,24.188453,0.9609471644451457,0.040000000000000036,True
5.543544,5,24.201787,0.9570542583699915,0.040000000000000036,True
5.923544,6,24.216126,0.958048967730736,0.04800000000000004,True
5.468073,5,24.22748,0.9593521271602223,0.040000000000000036,True
5.55845,4,24.23826,0.9604245945832766,0.03200000000000003,True
5.736659,4,24.247375,0.9634210202215563,0.03200000000000003,True
5.719899,4,24.257013,0.9634978006807344,0.03200000000000003,True
5.606069,3,24.264888,0.9638969253880061,0.02400000000000002,True
5.52561,4,24.274649,0.9644967982899386,0.03200000000000003,True
5.434166,3,24.281791,0.958527437574296,0.02400000000000002,True
5.884457,5,24.294108,0.9649719508292014,0.040000000000000036,True
5.564599,3,24.30104,0.9642608843562852,0.02400000000000002,True
5.788949,5,24.313136,0.9636660146228664,0.040000000000000036,True
5.804818,5,24.324498,0.959824445736303,0.040000000000000036,True
5.535073,5,24.336505,0.9598098579059455,0.040000000000000036,True
5.857133,5,24.347918,0.963406465960279,0.040000000000000036,True
5.708612,5,24.360709,0.9597361759956411,0.040000000000000036,True
5.755867,5,24.372186,0.9639313923323198,0.040000000000000036,True
5.808533,4,24.386881,0.9621719677958376,0.03200000000000003,True
5.505092,3,24.395802,0.9638122981781864,0.02400000000000002,True
6.082163,6,24.416623,0.9593501408205451,0.04800000000000004,True
5.560332,5,24.427412,0.9653272997391646,0.040000000000000036,True
5.838834,3,24.435258,0.9633392710386997,0.02400000000000002,True
5.676153,6,24.448148,0.9585352656823838,0.04800000000000004,True
5.663596,5,24.459895,0.9582154336022375,0.040000000000000036,True
5.727548,4,24.468368,0.9604325900082868,0.03200000000000003,True
5.745375,4,24.477093,0.9568103974994429,0.03200000000000003,True
5.806459,4,24.486319,0.9602497017198178,0.03200000000000003,True
5.638967,3,24.493386,0.9622988427128285,0.02400000000000002,True
5.6098,4,24.502897,0.9586412258556775,0.03200000000000003,True
5.476747,4,24.605341,0.9661366819699881,0.03200000000000003,True
5.607042,3,24.614452,0.9636258084596855,0.02400000000000002,True
5.67227,5,24.625234,0.9589693588459551,0.040000000000000036,True
5.812556,4,24.633976,0.9648776181790801,0.03200000000000003,True
5.839215,5,24.646011,0.961657944303387,0.040000000000000036,True
5.815592,4,24.655985,0.9589029862098364,0.03200000000000003,True
5.75988,4,24.665604,0.9627968864832273,0.03200000000000003,True
5.745133,3,24.670695,0.9631263298609817,0.02400000000000002,True
5.735362,5,24.681736,0.9616021251077173,0.040000000000000036,True
5.496449,4,24.691798,0.9618405207865208,0.03200000000000003,True
5.945347,4,24.70082,0.9595389184207144,0.03200000000000003,True
5.591479,4,24.709305,0.9667307800873215,0.03200000000000003,True
5.523693,4,24.719217,0.9570198125780938,0.03200000000000003,True
5.745219,5,24.730707,0.9590893926415155,0.040000000000000036,True
5.744558,3,24.737629,0.9627772533939309,0.02400000000000002,True
5.593173,5,24.749871,0.9595973548977355,0.040000000000000036,True
5.914716,3,24.75699,0.9584314552415447,0.02400000000000002,True
5.657535,3,24.76331,0.9648232807464487,0.02400000000000002,True
5.679561,5,24.774778,0.958407584060504,0.040000000000000036,True
5.646647,5,24.785135,0.9593491102133651,0.040000000000000036,True
5.546862,4,24.794238,0.9607677425247756,0.03200000000000003,True
5.464375,3,24.801004,0.9598709176426314,0.02400000000000002,True
5.489548,3,24.808563,0.9643109517023027,0.02400000000000002,True
5.409296,3,24.814772,0.9604193790122728,0.02400000000000002,True
5.478913,4,24.823128,0.9571424031178495,0.03200000000000003,True
5.742737,4,24.832772,0.9639572322010488,0.03200000000000003,True
5.828933,4,24.841414,0.9565554598896856,0.03200000000000003,True
5.715616,5,24.854985,0.9574516038309332,0.040000000000000036,True
5.755454,6,24.868219,0.9615307779561639,0.04800000000000004,True
5.603244,5,25.39121,0.9627313935197788,0.040000000000000036,True
5.503654,4,25.401153,0.9603218512416933,0.03200000000000003,True
5.659764,5,25.412005,0.959804806306667,0.040000000000000036,True
5.516524,4,25.425919,0.9617339575502719,0.03200000000000003,True
5.742962,3,25.434564,0.960595366155079,0.02400000000000002,True
5.784979,4,25.44913,0.9589765910087947,0.03200000000000003,True
5.46439,4,25.45908,0.9595758100301943,0.03200000000000003,True
5.77535,5,25.470096,0.9608820898150908,0.040000000000000036,True
5.89013,3,25.477401,0.9617278214581015,0.02400000000000002,True
5.627165,5,25.488614,0.9676281430322348,0.040000000000000036,True
5.915122,3,25.496511,0.9655237715355224,0.02400000000000002,True
5.553889,4,25.506125,0.9606755172580871,0.03200000000000003,True
5.368786,5,25.517466,0.9614458847962823,0.040000000000000036,True
5.780996,5,25.529021,0.9653050331641383,0.040000000000000036,True
5.628759,5,25.5425,0.9641757154789832,0.040000000000000036,True
5.511907,3,25.549454,0.9630725449668671,0.02400000000000002,True
5.480257,4,25.558943,0.958467110337979,0.03200000000000003,True
5.715766,5,25.570292,0.9634681767685542,0.040000000000000036,True
5.659016,5,25.583087,0.9620729619300715,0.040000000000000036,True
5.510553,4,25.591036,0.958839798852091,0.03200000000000003,True
5.877078,3,25.598223,0.9651342757271089,0.02400000000000002,True
5.808352,5,25.609657,0.9676666178651332,0.040000000000000036,True
5.975876,4,25.619125,0.9595601061043108,0.03200000000000003,True
5.729101,4,25.628615,0.9625886646463891,0.03200000000000003,True
5.607695,4,25.638522,0.9620913587574482,0.03200000000000003,True
5.830783,4,25.647498,0.959797497977132,0.03200000000000003,True
5.486788,4,25.656757,0.9621154624729142,0.03200000000000003,True
5.484019,5,25.669085,0.9625011694321057,0.040000000000000036,True
5.533788,5,25.681146,0.9621267846667241,0.040000000000000036,True
5.76835,5,25.69206,0.9627892772052904,0.040000000000000036,True
5.410357,3,25.699031,0.9661349630729337,0.02400000000000002,True
5.823565,5,25.710731,0.961837842264007,0.040000000000000036,True
6.124801,5,25.722194,0.9608040041428838,0.040000000000000036,True
5.585778,5,25.734493,0.9648893418142905,0.040000000000000036,True
5.583431,4,25.74451,0.9602558322067747,0.03200000000000003,True
5.826228,5,25.756781,0.9616519886328203,0.040000000000000036,True
5.395685,3,25.764807,0.9640446212850231,0.02400000000000002,True
5.800462,5,25.777062,0.961730424031995,0.040000000000000036,True
5.490344,3,25.784703,0.9613997781407444,0.02400000000000002,True
5.628925,4,25.79562,0.9628373743009824,0.03200000000000003,True
5.530242,5,25.807016,0.9576810500337068,0.040000000000000036,True
5.48915,4,25.816914,0.9578588110541135,0.03200000000000003,True
5.515454,4,25.826695,0.96428216574382,0.03200000000000003,True
5.817685,5,25.838439,0.961528869515739,0.040000000000000036,True
5.856599,4,25.84795,0.9621589834505602,0.03200000000000003,True
5.470103,3,25.855884,0.9564939205930727,0.02400000000000002,True
5.737592,5,25.867387,0.9644095937217276,0.040000000000000036,True
5.518255,4,25.876268,0.9600288315199526,0.03200000000000003,True
5.99628,5,25.888051,0.9582212271058972,0.040000000000000036,True
5.488844,4,25.897789,0.960728420718817,0.03200000000000003,True
5.531737,4,25.907159,0.9633640441503581,0.03200000000000003,True
5.593727,3,25.914765,0.9582298465785863,0.02400000000000002,True
6.111976,4,25.928189,0.9637255497518202,0.03200000000000003,True
5.768908,4,25.93789,0.9593494921481305,0.03200000000000003,True
5.575211,5,25.948183,0.965569697616984,0.040000000000000036,True
5.386735,3,25.955412,0.9598758528431311,0.02400000000000002,True
5.805425,5,25.967084,0.9611917120909481,0.040000000000000036,True
5.674783,2,25.972097,0.9625000455660845,0.016000000000000014,True
5.777655,6,25.985827,0.9587677238658692,0.04800000000000004,True
6.025898,6,25.99854,0.9602897961615515,0.04800000000000004,True
5.593228,5,26.01001,0.9633870232551913,0.040000000000000036,True
5.701315,4,26.54702,0.9689027151515124,0.03200000000000003,True
5.573514,4,26.556364,0.9646731408849099,0.03200000000000003,True
5.965097,5,26.567123,0.9601838205104645,0.040000000000000036,True
5.795502,6,26.58032,0.9650232652519484,0.04800000000000004,True
6.025218,5,26.592288,0.9621134284879982,0.040000000000000036,True
5.784044,4,26.602979,0.9633812191274187,0.03200000000000003,True
5.974405,3,26.609504,0.9594506274104421,0.02400000000000002,True
6.050387,5,26.620185,0.9615072847022065,0.040000000000000036,True
5.502985,4,26.632684,0.9590255031213342,0.03200000000000003,True
5.510308,5,26.643386,0.9643822680774492,0.040000000000000036,True
5.53157,3,26.650878,0.9648657619292829,0.02400000000000002,True
5.501812,3,26.656958,0.9603530857869841,0.02400000000000002,True
5.787705,6,26.672591,0.9650858989606529,0.04800000000000004,True
5.444032,3,26.681355,0.9600398510275826,0.02400000000000002,True
5.338699,4,26.694111,0.9612818139485,0.03200000000000003,True
5.806912,5,26.706441,0.9586658635962524,0.040000000000000036,True
5.62451,3,26.714134,0.9629885423116821,0.02400000000000002,True
5.552992,3,26.720259,0.9636141594609564,0.02400000000000002,True
5.64019,4,26.729614,0.9597344824455658,0.03200000000000003,True
5.811096,5,26.740964,0.9591287312250547,0.040000000000000036,True
5.805432,4,26.749382,0.9595278746705453,0.03200000000000003,True
5.705797,4,26.758748,0.9600187897753241,0.03200000000000003,True
5.823009,6,26.771255,0.9614580128273669,0.04800000000000004,True
5.644359,3,26.7788,0.9596977016804751,0.02400000000000002,True
5.814907,4,26.786606,0.9629502197930847,0.03200000000000003,True
5.673103,3,26.793797,0.9594673974592827,0.02400000000000002,True
5.837847,4,26.804284,0.960637805465341,0.03200000000000003,True
5.601783,4,26.813884,0.9616655078213338,0.03200000000000003,True
5.528223,3,26.819401,0.9624401826426873,0.02400000000000002,True
5.74042,3,26.827166,0.9617674254606083,0.02400000000000002,True
5.760523,5,26.839005,0.9595891043591627,0.040000000000000036,True
5.456866,4,26.848321,0.9621104116648034,0.03200000000000003,True
5.717739,4,26.857887,0.969605500383331,0.03200000000000003,True
5.501352,3,26.865553,0.9613593416046757,0.02400000000000002,True
5.491881,3,26.871308,0.9624290186148596,0.02400000000000002,True
5.747589,5,26.883639,0.9597886494090787,0.040000000000000036,True
5.744854,4,26.892062,0.96231096845963,0.03200000000000003,True
5.75785,5,26.904386,0.9574310424173437,0.040000000000000036,True
5.757343,3,26.913366,0.9630783945118878,0.02400000000000002,True
5.666805,4,26.922617,0.9573854773056273,0.03200000000000003,True
5.39626,3,26.929448,0.963562006812243,0.02400000000000002,True
6.024196,5,26.942213,0.9622171110066294,0.040000000000000036,True
5.562943,4,26.951118,0.9668806894649158,0.03200000000000003,True
5.746196,3,26.957996,0.9606786248928509,0.02400000000000002,True
5.517621,3,26.96469,0.965459866007921,0.02400000000000002,True
5.551901,3,26.971889,0.9604743146666483,0.02400000000000002,True
5.349292,3,26.980039,0.9621520733827997,0.02400000000000002,True
5.906795,5,26.991358,0.9642757051296801,0.040000000000000036,True
5.586988,2,26.996788,0.9621938872131031,0.016000000000000014,True
5.684752,5,27.00803,0.958426822441506,0.040000000000000036,True
5.901776,4,27.01655,0.9600629411671943,0.03200000000000003,True
5.620389,3,27.023773,0.960863161983726,0.02400000000000002,True
5.618171,6,27.03615,0.961591628324061,0.04800000000000004,True
5.677531,5,27.047117,0.9613811978100004,0.040000000000000036,True
5.45194,3,27.053803,0.9615185374605648,0.02400000000000002,True
5.362191,3,27.060669,0.9645431839272849,0.02400000000000002,True
5.841808,4,27.069715,0.9610971624930018,0.03200000000000003,True
5.528738,3,27.07652,0.9649098542682623,0.02400000000000002,True
5.848494,4,27.085743,0.9636873065948451,0.03200000000000003,True
5.673565,4,27.095961,0.9658851827659101,0.03200000000000003,True
5.813723,5,27.107151,0.9592840354553117,0.040000000000000036,True
5.734163,4,27.115803,0.9639009648675434,0.03200000000000003,True
5.573464,5,27.126901,0.9629532978291164,0.040000000000000036,True
5.722308,4,27.136175,0.9615756179328919,0.03200000000000003,True
5.845246,4,27.682815,0.9601068430537218,0.03200000000000003,True
5.747575,4,27.695977,0.9665974044196328,0.03200000000000003,True
5.486675,3,27.70488,0.9577872864360493,0.02400000000000002,True
5.52912,5,27.71609,0.9593484948380648,0.040000000000000036,True
5.774738,5,27.726608,0.9610956025613779,0.040000000000000036,True
5.651287,4,27.735778,0.9606939545195248,0.03200000000000003,True
5.732938,4,27.744875,0.9576303851292385,0.03200000000000003,True
5.634431,5,27.755538,0.9583371290162015,0.040000000000000036,True
5.872521,5,27.76699,0.9574731872643742,0.040000000000000036,True
5.742704,5,27.778514,0.9625131283446091,0.040000000000000036,True
5.683806,4,27.787493,0.9590125054880025,0.03200000000000003,True
5.368155,4,27.796908,0.9575511150165432,0.03200000000000003,True
5.837557,4,27.806182,0.959354001669927,0.03200000000000003,True
5.767094,5,27.81693,0.9633474133978867,0.040000000000000036,True
5.591314,4,27.826339,0.9637797824166106,0.03200000000000003,True
5.432684,3,27.833002,0.9609679409818029,0.02400000000000002,True
5.496103,3,27.839211,0.9621202078973154,0.02400000000000002,True
5.537709,3,27.846729,0.9658876073158597,0.02400000000000002,True
5.897097,5,27.857754,0.96239240796808,0.040000000000000036,True
5.988056,3,27.865118,0.9645117749976947,0.02400000000000002,True
5.867663,5,27.876032,0.9594884658116647,0.040000000000000036,True
5.912781,4,27.885002,0.9664782242432225,0.03200000000000003,True
5.673877,5,27.895638,0.9567327141302312,0.040000000000000036,True
5.562118,5,27.906154,0.9576741086308487,0.040000000000000036,True
5.517573,4,27.915869,0.9633373631562219,0.03200000000000003,True
5.682226,3,27.923532,0.9591767092899357,0.02400000000000002,True
5.51061,4,27.931901,0.9607754054502712,0.03200000000000003,True
5.499396,7,27.94788,0.9619577914953945,0.05600000000000005,True
5.591455,4,27.957286,0.9572153681590916,0.03200000000000003,True
5.646442,4,27.965469,0.9612972615692315,0.03200000000000003,True
5.455053,3,27.972065,0.9606435447774685,0.02400000000000002,True
5.54276,5,27.984756,0.9574223938091487,0.040000000000000036,True
5.527517,3,27.991249,0.9651910673414341,0.02400000000000002,True
5.818782,5,28.003156,0.9589779120081301,0.040000000000000036,True
5.640088,4,28.012285,0.9592327196188568,0.03200000000000003,True
5.552609,5,28.022913,0.9641137268275259,0.040000000000000036,True
5.6674,3,28.029191,0.9641148888257857,0.02400000000000002,True
5.699443,4,28.038741,0.9565264253524619,0.03200000000000003,True
5.733161,4,28.047966,0.9611691100924137,0.03200000000000003,True
5.958051,5,28.058192,0.9669181698806002,0.040000000000000036,True
5.627603,4,28.067746,0.9617556340170228,0.03200000000000003,True
5.719764,5,28.079543,0.9592660258702371,0.040000000000000036,True
5.749383,5,28.09081,0.9588504179832054,0.040000000000000036,True
5.884422,4,28.099785,0.9605206215980934,0.03200000000000003,True
5.425646,3,28.107027,0.9633185248204854,0.02400000000000002,True
5.612436,5,28.117519,0.9623911813156121,0.040000000000000036,True
5.55112,4,28.126987,0.9623247857295752,0.03200000000000003,True
5.71578,4,28.135769,0.9655204152288838,0.03200000000000003,True
5.600316,2,28.139283,0.9632578801292165,0.016000000000000014,True
5.5215,4,28.14921,0.962186969683023,0.03200000000000003,True
5.649768,3,28.155214,0.9650370357345198,0.02400000000000002,True
5.672301,4,28.164,0.9618142399701792,0.03200000000000003,True
5.567172,3,28.170309,0.9579724865575368,0.02400000000000002,True
5.734358,4,28.17927,0.9598116378480493,0.03200000000000003,True
5.594746,3,28.185948,0.9671195163573753,0.02400000000000002,True
5.88682,5,28.196973,0.9608753680448356,0.040000000000000036,True
5.647987,5,28.208141,0.9657847498798374,0.040000000000000036,True
5.696638,6,28.220976,0.9638006237616963,0.04800000000000004,True
5.572451,3,28.227623,0.9587243107462184,0.02400000000000002,True
5.653944,5,28.239042,0.962507269131571,0.040000000000000036,True
5.464286,3,28.246699,0.9575428429868624,0.02400000000000002,True
5.658152,4,28.255756,0.9637258007607743,0.03200000000000003,True
6.001928,5,28.786153,0.9621935700305676,0.040000000000000036,True
5.773072,4,28.795607,0.9585419183144195,0.03200000000000003,True
6.029585,4,28.804795,0.9617912565385109,0.03200000000000003,True
5.894501,3,28.811101,0.9645536107056201,0.02400000000000002,True
5.434672,3,28.818117,0.9605545343643848,0.02400000000000002,True
5.447475,3,28.824774,0.9651396987518897,0.02400000000000002,True
5.492132,3,28.831311,0.9656034486082312,0.02400000000000002,True
5.471463,3,28.838626,0.9589425612066419,0.02400000000000002,True
5.606915,3,28.84601,0.9623672202260736,0.02400000000000002,True
5.706355,4,28.855891,0.9595191223935574,0.03200000000000003,True
5.568156,4,28.870796,0.9595291231589208,0.03200000000000003,True
5.778487,5,28.884761,0.9641358147648602,0.040000000000000036,True
5.757976,5,28.895864,0.9602997763759756,0.040000000000000036,True
5.627008,4,28.905299,0.9597159812451732,0.03200000000000003,True
5.629087,5,28.917549,0.956503341906292,0.040000000000000036,True
5.849556,5,28.93041,0.9584684757121844,0.040000000000000036,True
5.929616,3,28.938227,0.9613986168627775,0.02400000000000002,True
5.433158,4,28.947701,0.9642120394515656,0.03200000000000003,True
5.572636,3,28.954969,0.9550888403629799,0.02400000000000002,True
5.682869,5,28.966503,0.9566172317527382,0.040000000000000036,True
5.499381,4,28.976805,0.960188070752457,0.03200000000000003,True
5.727797,5,28.99097,0.9651826938754999,0.040000000000000036,True
5.588389,3,28.998249,0.9683095138919464,0.02400000000000002,True
5.644852,5,29.011309,0.9584444825717939,0.040000000000000036,True
5.497951,4,29.021165,0.9631621600622396,0.03200000000000003,True
5.522408,4,29.030089,0.9606071235642034,0.03200000000000003,True
5.987713,3,29.036418,0.9657143872460596,0.02400000000000002,True
5.665922,3,29.043401,0.9629441551571872,0.02400000000000002,True
5.615601,5,29.055915,0.9651505372378476,0.040000000000000036,True
5.765802,4,29.06526,0.9617493147540505,0.03200000000000003,True
5.449918,4,29.074592,0.9564835284746878,0.03200000000000003,True
5.569126,5,29.085238,0.9577002009730081,0.040000000000000036,True
5.826181,4,29.094296,0.9604424543142508,0.03200000000000003,True
5.554338,4,29.103029,0.9610124329168035,0.03200000000000003,True
5.392861,3,29.109145,0.9607056370924886,0.02400000000000002,True
5.505392,3,29.116648,0.9612378538086258,0.02400000000000002,True
5.556406,3,29.122872,0.9639251810424778,0.02400000000000002,True
5.61673,3,29.129096,0.9614539816365372,0.02400000000000002,True
5.553696,4,29.137829,0.9566672885337708,0.03200000000000003,True
5.518999,4,29.145575,0.9601399766936196,0.03200000000000003,True
5.830766,5,29.1616,0.9592250096686235,0.040000000000000036,True
5.763194,3,29.168236,0.9643105757274445,0.02400000000000002,True
5.660495,3,29.175164,0.9653322617281572,0.02400000000000002,True
5.861642,6,29.188543,0.9582009171111889,0.04800000000000004,True
5.691186,5,29.199029,0.9583414271187382,0.040000000000000036,True
5.617009,4,29.208199,0.963268321277567,0.03200000000000003,True
5.579141,2,29.212662,0.9643629904361393,0.016000000000000014,True
5.838862,5,29.22412,0.957808835722908,0.040000000000000036,True
5.71968,3,29.230408,0.9670275321023253,0.02400000000000002,True
5.510292,3,29.237362,0.9634771312779387,0.02400000000000002,True
5.762442,3,29.24411,0.9588794415112405,0.02400000000000002,True
5.487139,3,29.251581,0.9614531388135398,0.02400000000000002,True
5.486243,3,29.259298,0.967061559592423,0.02400000000000002,True
5.396736,3,29.268865,0.9606404829363222,0.02400000000000002,True
5.654234,5,29.285619,0.9589229057982864,0.040000000000000036,True
5.855606,4,29.297619,0.9600075684790752,0.03200000000000003,True
5.547174,4,29.308033,0.9618322234678847,0.03200000000000003,True
5.52522,4,29.317787,0.9596896443374685,0.03200000000000003,True
5.759579,5,29.329565,0.9618345525470475,0.040000000000000036,True
5.425687,4,29.338766,0.9645561746848613,0.03200000000000003,True
5.378746,3,29.345823,0.9639775448703559,0.02400000000000002,True
5.789917,4,29.354908,0.9596989957088973,0.03200000000000003,True
5.81416,4,29.364381,0.9582798248056817,0.03200000000000003,True
5.98353,5,29.377055,0.9590080186909682,0.040000000000000036,True
5.969617,4,29.387205,0.961084780269986,0.03200000000000003,True
5.788145,4,29.396314,0.9610728832233368,0.03200000000000003,True
5.726571,4,29.921271,0.9616080100939893,0.03200000000000003,True
5.831375,5,29.933016,0.9613552110068827,0.040000000000000036,True
5.614769,5,29.945216,0.963074493947214,0.040000000000000036,True
5.790834,4,29.954605,0.9614989353821164,0.03200000000000003,True
5.665864,3,29.961907,0.9621968011756477,0.02400000000000002,True
5.594844,3,29.969201,0.9593454651540634,0.02400000000000002,True
5.687151,5,29.98021,0.9649820864467824,0.040000000000000036,True
5.449277,3,29.987905,0.9616080177215416,0.02400000000000002,True
5.622963,4,29.996614,0.9613542753902021,0.03200000000000003,True
5.59516,4,30.006054,0.9613922111494758,0.03200000000000003,True
5.834433,4,30.015376,0.9600950686756966,0.03200000000000003,True
5.665651,4,30.024301,0.9585286611516618,0.03200000000000003,True
6.084974,4,30.033633,0.9601293040185488,0.03200000000000003,True
5.786237,6,30.046824,0.9639763369099882,0.04800000000000004,True
5.530998,4,30.056552,0.9632867368098232,0.03200000000000003,True
5.580712,5,30.068331,0.9647288489269209,0.040000000000000036,True
5.551512,5,30.079737,0.9620150866360059,0.040000000000000036,True
5.479769,4,30.088349,0.9601955008391669,0.03200000000000003,True
5.826399,5,30.101095,0.9612961583434104,0.040000000000000036,True
5.768533,4,30.110765,0.9638663020090668,0.03200000000000003,True
5.664271,3,30.117867,0.9602217756491792,0.02400000000000002,True
5.697413,5,30.129132,0.9579878895768184,0.040000000000000036,True
5.577488,5,30.139943,0.959807591076562,0.040000000000000036,True
5.657941,4,30.14791,0.9647442883842041,0.03200000000000003,True
5.738932,5,30.159192,0.9616277363737267,0.040000000000000036,True
5.5487,4,30.245557,0.9598899481415625,0.03200000000000003,True
5.598656,4,30.255579,0.9640393149665663,0.03200000000000003,True
6.006425,5,30.267457,0.9599571468309892,0.040000000000000036,True
5.541335,4,30.277239,0.9613908291866127,0.03200000000000003,True
5.485376,4,30.28835,0.9619512152791875,0.03200000000000003,True
5.948594,4,30.29784,0.9619295966814301,0.03200000000000003,True
5.407992,3,30.30504,0.9593163633162496,0.02400000000000002,True
5.80729,4,30.314143,0.9678501307490337,0.03200000000000003,True
5.582598,5,30.32556,0.9582450517006038,0.040000000000000036,True
5.64956,3,30.332927,0.962626294085944,0.02400000000000002,True
5.988606,4,30.342108,0.9634485959217236,0.03200000000000003,True
5.638721,5,30.353191,0.9614502520924851,0.040000000000000036,True
5.508379,4,30.363337,0.958561096417297,0.03200000000000003,True
5.749376,4,30.371592,0.9620432876832877,0.03200000000000003,True
5.811572,4,30.381273,0.9636585027348886,0.03200000000000003,True
5.821121,5,30.393359,0.9633876884076644,0.040000000000000036,True
5.646228,3,30.400321,0.9608832881906675,0.02400000000000002,True
5.559365,4,30.409277,0.9590780576371106,0.03200000000000003,True
5.715549,5,30.420141,0.9667488435688298,0.040000000000000036,True
5.587025,4,30.430131,0.9597900043590506,0.03200000000000003,True
5.851342,5,30.442379,0.9602884747136636,0.040000000000000036,True
5.954723,4,30.450916,0.9584487546124811,0.03200000000000003,True
5.767361,6,30.467204,0.9629917873824639,0.04800000000000004,True
5.769848,6,30.479895,0.9635915386743378,0.04800000000000004,True
5.619948,3,30.487684,0.9588469924243506,0.02400000000000002,True
5.687947,5,30.498631,0.9572488879286118,0.040000000000000036,True
5.690857,3,30.506333,0.958784157954281,0.02400000000000002,True
5.747725,4,30.515456,0.9647480674755959,0.03200000000000003,True
5.619246,4,30.524725,0.9595131301478188,0.03200000000000003,True
5.824007,5,30.535794,0.9621314246069285,0.040000000000000036,True
5.45737,2,30.540278,0.960298129169492,0.016000000000000014,True
5.515781,3,30.548041,0.9590114066770901,0.02400000000000002,True
5.385534,3,30.555611,0.965857145838082,0.02400000000000002,True
5.530837,5,30.56817,0.9638667611138725,0.040000000000000036,True
5.632889,4,30.577863,0.9623871140625033,0.03200000000000003,True
5.439089,5,30.589153,0.9619875535503374,0.040000000000000036,True
5.721461,6,31.1248,0.964190267755599,0.04800000000000004,True
5.776434,4,31.133834,0.9625241450818178,0.03200000000000003,True
5.587494,6,31.147597,0.9612556330195068,0.04800000000000004,True
5.74905,5,31.159445,0.9634556780804293,0.040000000000000036,True
5.492929,4,31.168211,0.9597871311019454,0.03200000000000003,True
5.835846,4,31.176487,0.9628584197452229,0.03200000000000003,True
5.501541,3,31.184019,0.9567092483651823,0.02400000000000002,True
5.714508,4,31.193168,0.9591607375382177,0.03200000000000003,True
5.746351,4,31.203489,0.9619147248168938,0.03200000000000003,True
5.740867,4,31.212823,0.9585373673729625,0.03200000000000003,True
5.53254,3,31.219445,0.9609835888793546,0.02400000000000002,True
5.849258,5,31.231375,0.9597783136353641,0.040000000000000036,True
5.798776,4,31.240495,0.9576653915083247,0.03200000000000003,True
5.460923,3,31.247415,0.9665212797758205,0.02400000000000002,True
5.772479,4,31.255768,0.9629140178220765,0.03200000000000003,True
5.500206,4,31.264864,0.9572376663779915,0.03200000000000003,True
5.811576,4,31.274302,0.965965745185338,0.03200000000000003,True
5.773693,4,31.283302,0.9595718645562963,0.03200000000000003,True
5.819373,4,31.292718,0.961232338567736,0.03200000000000003,True
5.748602,4,31.302206,0.9586393078641986,0.03200000000000003,True
5.747061,4,31.311084,0.9625884752410593,0.03200000000000003,True
5.7524,4,31.31995,0.9581050451979822,0.03200000000000003,True
5.807629,5,31.330527,0.961843576485958,0.040000000000000036,True
5.661304,3,31.338174,0.9609146624445952,0.02400000000000002,True
5.992891,5,31.348834,0.9602837067894053,0.040000000000000036,True
5.658071,4,31.357878,0.9585706599830888,0.03200000000000003,True
5.731781,5,31.370245,0.9579761997196484,0.040000000000000036,True
5.655776,3,31.377582,0.9588937618634461,0.02400000000000002,True
5.704931,5,31.391069,0.9621566878471361,0.040000000000000036,True
5.668465,4,31.399994,0.9582830535843594,0.03200000000000003,True
5.823473,5,31.411308,0.9598889064609584,0.040000000000000036,True
5.549642,3,31.419032,0.9590210411713366,0.02400000000000002,True
5.753491,5,31.429831,0.9607880282398926,0.040000000000000036,True
5.764438,4,31.438012,0.9632402114617801,0.03200000000000003,True
5.45343,3,31.445897,0.9637967040432383,0.02400000000000002,True
5.719816,3,31.452832,0.9568527773690222,0.02400000000000002,True
6.083912,5,31.46435,0.9580147978048612,0.040000000000000036,True
5.637925,5,31.476248,0.9587465949751132,0.040000000000000036,True
5.481004,5,31.486843,0.9590213915932275,0.040000000000000036,True
5.573731,4,31.496282,0.9631585950060013,0.03200000000000003,True
5.728937,3,31.503634,0.9612302343231273,0.02400000000000002,True
5.491685,3,31.509962,0.9608229231109555,0.02400000000000002,True
5.893875,3,31.517115,0.95841620423383,0.02400000000000002,True
5.597422,4,31.526099,0.9650803974702505,0.03200000000000003,True
5.764929,3,31.533119,0.9652863038327293,0.02400000000000002,True
6.050647,5,31.545192,0.9612623420919992,0.040000000000000036,True
5.536291,4,31.55506,0.9628603775775533,0.03200000000000003,True
5.588057,4,31.565952,0.9587569457024958,0.03200000000000003,True
5.709165,4,31.575359,0.9581586590255448,0.03200000000000003,True
5.835672,4,31.58469,0.9563876126150039,0.03200000000000003,True
5.703372,3,31.591467,0.9645719777649366,0.02400000000000002,True
5.800529,5,31.605726,0.9601453996971056,0.040000000000000036,True
6.056184,4,31.615732,0.965935628267381,0.03200000000000003,True
5.669331,4,31.624817,0.9597385853900702,0.03200000000000003,True
5.682486,4,31.634532,0.9639431085261374,0.03200000000000003,True
5.788049,5,31.644951,0.9634722778717508,0.040000000000000036,True
5.502619,3,31.653634,0.9622714384432457,0.02400000000000002,True
5.87312,5,31.669111,0.96029467675424,0.040000000000000036,True
5.801717,2,31.677567,0.9609802848020279,0.016000000000000014,True
5.585834,4,31.691123,0.9600710257752652,0.03200000000000003,True
5.788978,3,31.698248,0.960833659886157,0.02400000000000002,True
5.51421,4,31.706388,0.9614425639128437,0.03200000000000003,True
5.734219,4,31.716271,0.9610235048469973,0.03200000000000003,True
5.812765,5,32.236897,0.9592817926897967,0.040000000000000036,True
5.808164,4,32.246633,0.9588912278715624,0.03200000000000003,True
5.874274,5,32.259526,0.9590570960738446,0.040000000000000036,True
5.590576,3,32.266056,0.9613785019356327,0.02400000000000002,True
5.54819,4,32.27523,0.9671098058912841,0.03200000000000003,True
5.624675,4,32.284732,0.9625887304668561,0.03200000000000003,True
5.833182,4,32.293598,0.9590793116771898,0.03200000000000003,True
5.767267,5,32.305716,0.96133754655924,0.040000000000000036,True
5.737495,5,32.317241,0.9641306010494943,0.040000000000000036,True
5.667742,4,32.326309,0.9620512607949283,0.03200000000000003,True
5.716208,5,32.337588,0.9608660919486208,0.040000000000000036,True
5.9514,5,32.348485,0.9577599075234965,0.040000000000000036,True
5.505992,5,32.36095,0.9655165121964233,0.040000000000000036,True
5.729629,5,32.37275,0.9592300952209589,0.040000000000000036,True
5.447025,3,32.380497,0.9647075199742744,0.02400000000000002,True
5.420904,4,32.390815,0.9613804463247884,0.03200000000000003,True
5.664123,3,32.39849,0.9615397544359567,0.02400000000000002,True
5.788081,5,32.409117,0.9608980436082051,0.040000000000000036,True
5.780342,4,32.417977,0.9601282991199647,0.03200000000000003,True
5.531004,4,32.426936,0.9566106841041355,0.03200000000000003,True
5.802638,5,32.43993,0.9646987836909888,0.040000000000000036,True
5.371516,4,32.448886,0.9613344670038002,0.03200000000000003,True
5.465012,4,32.458353,0.9592865739003896,0.03200000000000003,True
5.826087,4,32.467564,0.9622514456186321,0.03200000000000003,True
5.577461,5,32.478425,0.95898744131159,0.040000000000000036,True
5.514298,4,32.487647,0.9606963857538356,0.03200000000000003,True
5.578247,5,32.498786,0.9610151127944473,0.040000000000000036,True
5.556596,4,32.507957,0.9627698607273133,0.03200000000000003,True
5.460793,4,32.516582,0.9640322801357799,0.03200000000000003,True
5.808802,4,32.525579,0.9657262330659977,0.03200000000000003,True
6.000709,4,32.535708,0.9587936347649989,0.03200000000000003,True
5.732076,4,32.545302,0.9659390849770385,0.03200000000000003,True
5.680879,4,32.554912,0.963344609299799,0.03200000000000003,True
5.818325,4,32.565123,0.9596408243030246,0.03200000000000003,True
5.531732,4,32.573834,0.9605513885537175,0.03200000000000003,True
5.641071,5,32.585469,0.9649332689538326,0.040000000000000036,True
5.603014,5,32.596908,0.9606430178565797,0.040000000000000036,True
5.644898,4,32.606747,0.9625730386675071,0.03200000000000003,True
5.656559,3,32.612925,0.9607280732244693,0.02400000000000002,True
5.77378,3,32.620754,0.9599229308976047,0.02400000000000002,True
6.048843,4,32.629885,0.9611306732893684,0.03200000000000003,True
5.421244,3,32.636302,0.960505750794855,0.02400000000000002,True
5.551445,5,32.64796,0.9613248887397559,0.040000000000000036,True
5.684049,4,32.657535,0.9617990742137258,0.03200000000000003,True
5.655638,4,32.666906,0.9614006937563552,0.03200000000000003,True
5.441991,3,32.674638,0.9657757588460436,0.02400000000000002,True
5.659592,5,32.686437,0.9602164256306904,0.040000000000000036,True
5.917126,4,32.705476,0.9594737190885616,0.03200000000000003,True
5.795603,5,32.723256,0.9598819481801102,0.040000000000000036,True
5.847376,3,32.729928,0.9577884299896002,0.02400000000000002,True
5.798854,5,32.74168,0.9624322317120249,0.040000000000000036,True
5.773938,4,32.750793,0.9612648524636274,0.03200000000000003,True
5.957526,3,32.758674,0.957876212710264,0.02400000000000002,True
5.735948,4,32.768257,0.9633689546892519,0.03200000000000003,True
5.600434,4,32.781158,0.9645234544503178,0.03200000000000003,True
5.545403,4,32.790266,0.9605033034204382,0.03200000000000003,True
5.685037,4,32.798933,0.9575524451127574,0.03200000000000003,True
5.637329,4,32.808784,0.9585467373426146,0.03200000000000003,True
5.394974,3,32.815059,0.9591549051742279,0.02400000000000002,True
5.848291,5,32.827004,0.9646415304024969,0.040000000000000036,True
5.595398,4,32.834652,0.9624137570441569,0.03200000000000003,True
5.702316,5,32.847096,0.9591472184795904,0.040000000000000036,True
5.774458,5,33.385007,0.9655351845773134,0.040000000000000036,True
5.741987,3,33.391694,0.9668003102592699,0.02400000000000002,True
5.815703,4,33.402371,0.9624692448642062,0.03200000000000003,True
5.433079,4,33.412589,0.9617312895737008,0.03200000000000003,True
5.807651,5,33.424031,0.961635432473243,0.040000000000000036,True
5.646849,4,33.435373,0.96041761903052,0.03200000000000003,True
5.737094,3,33.443244,0.9560729798010521,0.02400000000000002,True
5.688098,3,33.450105,0.9586854389839239,0.02400000000000002,True
5.605107,4,33.459738,0.965045950199271,0.03200000000000003,True
5.716552,4,33.469353,0.9613226841160432,0.03200000000000003,True
5.678975,4,33.478986,0.9596556356621482,0.03200000000000003,True
5.558117,5,33.489463,0.9629137078840913,0.040000000000000036,True
5.601742,3,33.497147,0.963375034878747,0.02400000000000002,True
5.782741,4,33.506735,0.965705925614611,0.03200000000000003,True
5.439846,4,33.514902,0.957696248859311,0.03200000000000003,True
5.802306,4,33.524017,0.9619929577671578,0.03200000000000003,True
5.878902,4,33.533149,0.960904535901578,0.03200000000000003,True
5.726427,4,33.54211,0.9625438026286496,0.03200000000000003,True
5.44238,3,33.549567,0.9646181365298965,0.02400000000000002,True
5.77905,3,33.556798,0.9596073155240377,0.02400000000000002,True
5.594482,4,33.565072,0.9583200964261087,0.03200000000000003,True
6.029071,4,33.575531,0.9608732947674727,0.03200000000000003,True
5.858311,4,33.583864,0.9610888776125892,0.03200000000000003,True
5.86389,4,33.593144,0.959545286933893,0.03200000000000003,True
5.413594,3,33.600086,0.956601727543118,0.02400000000000002,True
5.616836,4,33.608793,0.9621421152320739,0.03200000000000003,True
5.907203,4,33.61805,0.9651742333740512,0.03200000000000003,True
5.839249,4,33.62643,0.9605062498049889,0.03200000000000003,True
5.668633,5,33.637835,0.956435123831796,0.040000000000000036,True
5.688775,4,33.646794,0.961818991400228,0.03200000000000003,True
5.826376,4,33.655112,0.9637317118553071,0.03200000000000003,True
5.673295,4,33.663904,0.9608188945612549,0.03200000000000003,True
5.693409,4,33.673025,0.9630947240651533,0.03200000000000003,True
5.976734,4,33.681911,0.9635807585584018,0.03200000000000003,True
5.719639,5,33.692146,0.9617365025006026,0.040000000000000036,True
5.643762,3,33.701464,0.9619976772638108,0.02400000000000002,True
5.586877,3,33.708303,0.9625956863155207,0.02400000000000002,True
5.775737,5,33.720099,0.9614702663024322,0.040000000000000036,True
5.61783,5,33.738615,0.9587818367261431,0.040000000000000036,True
5.835654,4,33.753491,0.9599900112373289,0.03200000000000003,True
5.788194,3,33.764874,0.9637899948380033,0.02400000000000002,True
5.787739,3,33.773758,0.9612904539396343,0.02400000000000002,True
5.573317,5,33.78614,0.9610388842836479,0.040000000000000036,True
5.78753,4,33.796666,0.9630144624122032,0.03200000000000003,True
5.630415,3,33.805168,0.9635997726238448,0.02400000000000002,True
5.642037,3,33.813052,0.9634285484311731,0.02400000000000002,True
5.891161,4,33.821636,0.9593774513499398,0.03200000000000003,True
5.372822,3,33.830255,0.9642317793317531,0.02400000000000002,True
5.842416,5,33.842104,0.9580509497745686,0.040000000000000036,True
5.636602,4,33.852556,0.9608134692210485,0.03200000000000003,True
5.740765,4,33.862532,0.9571803642480277,0.03200000000000003,True
5.763484,4,33.871675,0.957755384884948,0.03200000000000003,True
5.702046,4,33.880863,0.959225080494208,0.03200000000000003,True
5.573015,4,33.890006,0.9621324377510233,0.03200000000000003,True
5.57889,4,33.901099,0.9565935723213492,0.03200000000000003,True
5.775181,5,33.91316,0.962594858992503,0.040000000000000036,True
5.730197,5,33.926906,0.9599516869485639,0.040000000000000036,True
5.639052,6,33.939719,0.9590111214192709,0.04800000000000004,True
5.832127,5,33.951391,0.9587321638826618,0.040000000000000036,True
6.027233,4,33.960521,0.9612467861583229,0.03200000000000003,True
5.837633,4,33.969777,0.96281483291737,0.03200000000000003,True
5.487859,3,33.977571,0.9650599375086555,0.02400000000000002,True
5.60607,5,33.989879,0.9575965268134677,0.040000000000000036,True
5.613957,3,33.99644,0.9611978721955323,0.02400000000000002,True
5.675253,4,34.658741,0.9616750651633841,0.03200000000000003,True
5.285791,3,34.667934,0.963997259074335,0.02400000000000002,True
5.75777,4,34.679539,0.9601381455365202,0.03200000000000003,True
5.702908,3,34.691102,0.9642832215140741,0.02400000000000002,True
5.515238,3,34.701141,0.9633538724645454,0.02400000000000002,True
5.461086,4,34.716954,0.9604020303354155,0.03200000000000003,True
5.71647,5,34.730867,0.9601004397119421,0.040000000000000036,True
5.698418,5,34.745199,0.9628017263284228,0.040000000000000036,True
5.695649,3,34.753618,0.9670690203643133,0.02400000000000002,True
5.544574,3,34.761067,0.9611623209073348,0.02400000000000002,True
5.655621,4,34.77597,0.9648290512297641,0.03200000000000003,True
5.322041,5,34.792662,0.9599484583196998,0.040000000000000036,True
5.47692,4,34.805764,0.9580914197199493,0.03200000000000003,True
5.787422,4,34.817651,0.9556591189909055,0.03200000000000003,True
5.406306,3,34.827831,0.9622165670255439,0.02400000000000002,True
5.523548,5,34.843692,0.959358793267849,0.040000000000000036,True
6.022325,4,34.856755,0.9626943784362845,0.03200000000000003,True
5.603617,4,34.86909,0.9600934971816615,0.03200000000000003,True
5.94624,5,34.884185,0.9654747455546233,0.040000000000000036,True
6.010459,5,34.899851,0.9619278950730467,0.040000000000000036,True
5.680683,5,34.917965,0.9599346161297784,0.040000000000000036,True
5.569583,5,34.931996,0.9587947075660179,0.040000000000000036,True
5.437438,2,34.938742,0.9613927934290499,0.016000000000000014,True
5.516096,4,34.949394,0.9658531280337315,0.03200000000000003,True
5.453705,4,34.962191,0.9615386679492162,0.03200000000000003,True
5.792528,6,34.981009,0.9633889968481324,0.04800000000000004,True
5.911472,5,34.99615,0.9570123100996345,0.040000000000000036,True
5.70566,4,35.007811,0.9625854509487625,0.03200000000000003,True
5.922258,4,35.020383,0.9614766868382423,0.03200000000000003,True
5.797661,4,35.032583,0.9645602108767486,0.03200000000000003,True
5.564111,4,35.046889,0.9612222429035977,0.03200000000000003,True
5.766269,4,35.060957,0.9603006880646068,0.03200000000000003,True
5.942642,5,35.076989,0.9631067626925782,0.040000000000000036,True
5.473343,3,35.084987,0.9628333983762913,0.02400000000000002,True
5.745629,3,35.094066,0.9609710452166225,0.02400000000000002,True
5.657827,4,35.106344,0.9603174791658744,0.03200000000000003,True
5.505264,3,35.11608,0.9617133368817321,0.02400000000000002,True
5.579048,5,35.13025,0.9581880122355038,0.040000000000000036,True
5.74932,5,35.144652,0.9610093486835837,0.040000000000000036,True
5.568937,4,35.156516,0.9611969025441442,0.03200000000000003,True
5.61933,4,35.169433,0.9630869446685341,0.03200000000000003,True
5.643435,5,35.183779,0.9642632356484353,0.040000000000000036,True
5.520868,3,35.193344,0.9609178259641196,0.02400000000000002,True
5.439509,4,35.205847,0.9578851669440434,0.03200000000000003,True
5.587297,4,35.21824,0.9637262411932171,0.03200000000000003,True
5.460397,5,35.234113,0.963153846532434,0.040000000000000036,True
6.064493,4,35.246944,0.9631729099604999,0.03200000000000003,True
5.479474,3,35.255094,0.960112516634735,0.02400000000000002,True
5.743431,4,35.266869,0.9620997271618217,0.03200000000000003,True
5.699717,3,35.27612,0.9603027643685523,0.02400000000000002,True
5.639849,4,35.287668,0.9595402587402629,0.03200000000000003,True
5.852536,4,35.299672,0.9631994718591175,0.03200000000000003,True
5.839952,4,35.310883,0.9570211960345618,0.03200000000000003,True
5.61512,4,35.322123,0.9620755022346968,0.03200000000000003,True
5.525506,3,35.331011,0.9610654264270563,0.02400000000000002,True
5.603133,4,35.340888,0.9632167691045058,0.03200000000000003,True
5.823422,5,35.356387,0.9606598447154255,0.040000000000000036,True
5.609652,5,35.370156,0.9637966603172836,0.040000000000000036,True
5.534307,4,35.382715,0.9602418077336795,0.03200000000000003,True
5.58284,4,35.395597,0.965062631350275,0.03200000000000003,True
5.453269,4,35.408244,0.962483253958098,0.03200000000000003,True
5.577475,4,35.41934,0.9637015533420593,0.03200000000000003,True
5.645511,4,35.428965,0.9641150663852571,0.03200000000000003,True
5.634328,6,36.17887,0.9602948963242903,0.04800000000000004,True
5.766057,5,36.193183,0.9573614563895849,0.040000000000000036,True
5.622377,4,36.206689,0.9586422562068767,0.03200000000000003,True
5.57157,4,36.219474,0.9584991405798577,0.03200000000000003,True
5.810429,3,36.228094,0.9604742601380563,0.02400000000000002,True
5.443161,3,36.23682,0.967445682140062,0.02400000000000002,True
5.629515,4,36.248124,0.9569016085678097,0.03200000000000003,True
5.458641,4,36.259588,0.9627159380592246,0.03200000000000003,True
5.788986,5,36.273997,0.9601361911694731,0.040000000000000036,True
5.708319,3,36.283027,0.9573949094876708,0.02400000000000002,True
5.812741,4,36.294796,0.956796139279346,0.03200000000000003,True
5.922477,3,36.304501,0.9590981371821409,0.02400000000000002,True
5.654495,5,36.31847,0.9614116311184671,0.040000000000000036,True
5.783306,5,36.332082,0.9592998124564133,0.040000000000000036,True
5.467256,4,36.343813,0.9592680175719368,0.03200000000000003,True
6.010073,5,36.35858,0.9620518326967827,0.040000000000000036,True
5.565934,4,36.371063,0.9603885007892682,0.03200000000000003,True
5.474041,3,36.38056,0.9619619243925102,0.02400000000000002,True
5.692418,4,36.393584,0.9671950034612858,0.03200000000000003,True
5.492346,5,36.499954,0.9652677545338837,0.040000000000000036,True
5.719584,4,36.511102,0.9673498579657384,0.03200000000000003,True
5.509753,5,36.52647,0.9643409586904454,0.040000000000000036,True
5.735435,4,36.538954,0.9622519535871205,0.03200000000000003,True
5.852595,5,36.554181,0.9595553630953928,0.040000000000000036,True
5.47737,3,36.561802,0.9602646541664321,0.02400000000000002,True
5.736296,3,36.570916,0.9611427281144806,0.02400000000000002,True
5.626405,3,36.57974,0.9601146216582561,0.02400000000000002,True
5.843024,4,36.59323,0.957207869300613,0.03200000000000003,True
5.544253,4,36.605518,0.95955377023897,0.03200000000000003,True
5.657182,4,36.617557,0.9614906588074847,0.03200000000000003,True
5.854923,5,36.63274,0.9636476875212745,0.040000000000000036,True
5.78254,4,36.643996,0.9667669616430989,0.03200000000000003,True
5.762386,5,36.658292,0.9566746850262542,0.040000000000000036,True
5.521274,4,36.669956,0.9619026903056895,0.03200000000000003,True
5.804913,5,36.684174,0.9587558965549998,0.040000000000000036,True
5.571046,5,36.698455,0.9588110801891199,0.040000000000000036,True
5.591737,5,36.712508,0.9570972039620126,0.040000000000000036,True
5.753828,4,36.728651,0.9614886474761898,0.03200000000000003,True
5.646629,4,36.744108,0.9645882902061002,0.03200000000000003,True
5.579881,5,36.757774,0.9614723555825828,0.040000000000000036,True
5.762801,4,36.77478,0.9590856734073706,0.03200000000000003,True
5.419789,5,36.789991,0.9615858003802916,0.040000000000000036,True
5.375318,2,36.795333,0.961174919905736,0.016000000000000014,True
5.688195,4,36.808456,0.9606085471973735,0.03200000000000003,True
5.974507,4,36.82118,0.9611252880008077,0.03200000000000003,True
5.750139,4,36.831174,0.9631122916057908,0.03200000000000003,True
5.887051,5,36.846682,0.959309725027466,0.040000000000000036,True
5.746973,5,36.860672,0.960781779407442,0.040000000000000036,True
5.662349,4,36.871741,0.9640431736324434,0.03200000000000003,True
5.71674,5,36.888602,0.9589591580354055,0.040000000000000036,True
6.041095,4,36.900352,0.9584598833784541,0.03200000000000003,True
5.66707,3,36.909509,0.9629708897595266,0.02400000000000002,True
5.416758,2,36.916774,0.9659123848624955,0.016000000000000014,True
5.528115,3,36.926341,0.9614416004249412,0.02400000000000002,True
5.702749,4,36.938569,0.9594201989745436,0.03200000000000003,True
5.498551,3,36.947975,0.9626935215028101,0.02400000000000002,True
5.689902,4,36.961006,0.9599576377622002,0.03200000000000003,True
5.695825,4,36.974767,0.9604027071482912,0.03200000000000003,True
5.871957,4,36.990766,0.9601678708199444,0.03200000000000003,True
5.61211,4,37.00688,0.9624635967562284,0.03200000000000003,True
5.632076,4,37.023823,0.9601925085335775,0.03200000000000003,True
5.660767,2,37.034045,0.9599570790938994,0.016000000000000014,True
6.065302,4,37.047633,0.9604672476518721,0.03200000000000003,True
5.866445,5,37.780226,0.9582947131654789,0.040000000000000036,True
6.058012,5,37.796197,0.9640822383275216,0.040000000000000036,True
5.679525,4,37.808491,0.9622449328734967,0.03200000000000003,True
5.549234,5,37.823707,0.9609149046564849,0.040000000000000036,True
5.39418,3,37.832775,0.9634962315370476,0.02400000000000002,True
5.775918,4,37.845423,0.9607170033515341,0.03200000000000003,True
5.847735,5,37.861392,0.9656564404813661,0.040000000000000036,True
5.697513,3,37.871823,0.9590050783145248,0.02400000000000002,True
5.57753,4,37.88354,0.9620071078195738,0.03200000000000003,True
5.348166,3,37.89151,0.9630564924649407,0.02400000000000002,True
5.848119,4,37.904211,0.9631227419697654,0.03200000000000003,True
5.621452,4,37.916296,0.9631970125048233,0.03200000000000003,True
5.709849,4,37.928771,0.9579843141415305,0.03200000000000003,True
5.640624,5,37.943793,0.9586493741836264,0.040000000000000036,True
5.889164,3,37.952471,0.9601439572926838,0.02400000000000002,True
5.751308,4,37.964913,0.9653251917109752,0.03200000000000003,True
5.609925,3,37.974751,0.965154041584246,0.02400000000000002,True
5.607985,5,37.989164,0.9599333172001917,0.040000000000000036,True
5.641981,4,38.001892,0.9627909294796451,0.03200000000000003,True
5.716287,3,38.011075,0.9589826898646526,0.02400000000000002,True
5.374547,3,38.019684,0.9655326347434509,0.02400000000000002,True
5.495107,3,38.033056,0.9641465449895228,0.02400000000000002,True
5.674358,4,38.046073,0.9628568436173379,0.03200000000000003,True
5.767535,4,38.057843,0.9598886211285179,0.03200000000000003,True
5.509008,5,38.077197,0.9592576755680224,0.040000000000000036,True
5.644719,3,38.087564,0.9620902244168594,0.02400000000000002,True
5.77013,4,38.106118,0.9569604699841928,0.03200000000000003,True
5.922657,4,38.123827,0.9621654781904795,0.03200000000000003,True
5.579641,2,38.133693,0.9623481787072217,0.016000000000000014,True
5.475075,4,38.147379,0.9597742168386518,0.03200000000000003,True
5.410675,3,38.159542,0.9610795010676418,0.02400000000000002,True
5.906022,4,38.172968,0.9586469132201512,0.03200000000000003,True
5.992108,4,38.186876,0.9618671788596679,0.03200000000000003,True
5.978728,3,38.200849,0.9584411421076456,0.02400000000000002,True
6.085671,5,38.217352,0.9635593750424388,0.040000000000000036,True
5.760056,5,38.236637,0.958649893269237,0.040000000000000036,True
5.918996,4,38.250123,0.9578829552842569,0.03200000000000003,True
5.626834,4,38.263684,0.9661486254731841,0.03200000000000003,True
5.544752,4,38.276282,0.9675146631565206,0.03200000000000003,True
5.743934,5,38.29393,0.9612593840927135,0.040000000000000036,True
5.799828,4,38.307531,0.9633998111712321,0.03200000000000003,True
5.760339,5,38.323518,0.9644761532236946,0.040000000000000036,True
5.946684,5,38.339259,0.963588681079804,0.040000000000000036,True
5.691396,3,38.350194,0.9580345943028179,0.02400000000000002,True
5.777221,4,38.364269,0.9650164866019111,0.03200000000000003,True
5.440757,4,38.378105,0.9631783287243426,0.03200000000000003,True
5.341382,3,38.389202,0.9595068642470401,0.02400000000000002,True
5.829567,4,38.402892,0.958974343085423,0.03200000000000003,True
5.565978,4,38.415688,0.9580573622948976,0.03200000000000003,True
5.688147,3,38.425069,0.9642719173095224,0.02400000000000002,True
5.706422,3,38.43542,0.959893468378592,0.02400000000000002,True
5.651596,4,38.448582,0.9577541893512405,0.03200000000000003,True
5.832571,4,38.461823,0.9612796925726574,0.03200000000000003,True
5.790258,4,38.474602,0.9634988012238268,0.03200000000000003,True
5.750093,3,38.484324,0.9589870866873903,0.02400000000000002,True
5.739355,4,38.497409,0.9606070282735782,0.03200000000000003,True
5.708407,3,38.507206,0.9586892761990798,0.02400000000000002,True
5.569027,4,38.51996,0.9610689857203609,0.03200000000000003,True
5.596078,5,38.536321,0.9622378058453764,0.040000000000000036,True
5.664102,5,38.55146,0.9629692174790732,0.040000000000000036,True
5.613866,4,38.565011,0.9594073609773355,0.03200000000000003,True
5.594988,3,38.573795,0.9563625504822255,0.02400000000000002,True
5.633335,4,38.587302,0.9626424682903312,0.03200000000000003,True
5.594169,3,38.600016,0.95942874715006,0.02400000000000002,True
5.874208,4,38.614117,0.9611613303255184,0.03200000000000003,True
5.839502,4,38.628486,0.9606905051163112,0.03200000000000003,True
5.664631,4,39.215099,0.9598752927877703,0.03200000000000003,True
5.677282,3,39.228286,0.9613400119021082,0.02400000000000002,True
5.621969,3,39.241071,0.9625719888725032,0.02400000000000002,True
5.781512,5,39.251995,0.9622952796724793,0.040000000000000036,True
5.724053,4,39.261146,0.9660588502994621,0.03200000000000003,True
5.741673,2,39.266555,0.9563464258939987,0.016000000000000014,True
5.754491,4,39.274439,0.9591766097736385,0.03200000000000003,True
5.824354,4,39.283693,0.9616517408150247,0.03200000000000003,True
5.648415,4,39.293042,0.9619054987585001,0.03200000000000003,True
5.558038,4,39.302679,0.957563480879826,0.03200000000000003,True
5.627991,5,39.314589,0.9591792953652597,0.040000000000000036,True
5.783435,5,39.325348,0.9603512663618274,0.040000000000000036,True
5.747305,4,39.334466,0.9583431426782153,0.03200000000000003,True
5.569447,5,39.345861,0.9649026420049471,0.040000000000000036,True
5.604284,4,39.354294,0.9622899206376632,0.03200000000000003,True
5.730348,4,39.364175,0.9599013430528591,0.03200000000000003,True
5.744968,4,39.374829,0.9604156817665955,0.03200000000000003,True
5.538581,3,39.383179,0.9642621099083317,0.02400000000000002,True
5.621435,5,39.394671,0.958688608404539,0.040000000000000036,True
5.541504,4,39.405734,0.9572897152486514,0.03200000000000003,True
5.482049,4,39.414858,0.9653256523518774,0.03200000000000003,True
5.510674,2,39.41857,0.96310212932774,0.016000000000000014,True
5.563065,4,39.42972,0.9602094928050324,0.03200000000000003,True
5.549805,4,39.445709,0.9576271768073747,0.03200000000000003,True
5.805691,4,39.459066,0.9593656612799563,0.03200000000000003,True
5.677863,3,39.467297,0.9592829075260871,0.02400000000000002,True
5.708962,5,39.482388,0.960928044162328,0.040000000000000036,True
5.472518,3,39.489583,0.961929480647441,0.02400000000000002,True
5.53723,4,39.499066,0.9633256038047651,0.03200000000000003,True
5.715998,4,39.508379,0.9578960711203145,0.03200000000000003,True
5.517801,3,39.516598,0.9630159554794269,0.02400000000000002,True
5.519616,4,39.524991,0.9624832277342836,0.03200000000000003,True
5.759677,4,39.534575,0.9615049563016564,0.03200000000000003,True
5.473653,3,39.541491,0.9570446381477624,0.02400000000000002,True
5.721752,5,39.553788,0.9572688935265913,0.040000000000000036,True
5.736315,4,39.563663,0.9607378574212491,0.03200000000000003,True
5.449309,5,39.57575,0.9615452610641396,0.040000000000000036,True
5.530664,4,39.584556,0.9589755346396156,0.03200000000000003,True
5.590324,3,39.590881,0.9638624485362354,0.02400000000000002,True
5.700804,3,39.59906,0.9582784878404329,0.02400000000000002,True
5.767481,4,39.610214,0.961469751338562,0.03200000000000003,True
5.767444,4,39.618897,0.9630883460256403,0.03200000000000003,True
5.686202,4,39.628717,0.9596880180494964,0.03200000000000003,True
5.641841,4,39.638266,0.9590164503015334,0.03200000000000003,True
5.722319,4,39.646647,0.9599671245692971,0.03200000000000003,True
5.634801,4,39.656156,0.9589043216021212,0.03200000000000003,True
5.786326,3,39.6631,0.9613509681950726,0.02400000000000002,True
5.445058,4,39.671778,0.9598560903149367,0.03200000000000003,True
5.804616,4,39.681328,0.9627031160300399,0.03200000000000003,True
5.814862,4,39.692041,0.9637682253788182,0.03200000000000003,True
5.456559,4,39.702341,0.961268053169843,0.03200000000000003,True
5.59337,5,39.715703,0.962033479943937,0.040000000000000036,True
5.480076,4,39.724125,0.9577431180909315,0.03200000000000003,True
5.451997,3,39.731172,0.9600157104935412,0.02400000000000002,True
5.500438,3,39.739421,0.9610324512717148,0.02400000000000002,True
5.718304,4,39.749082,0.9612134743255631,0.03200000000000003,True
5.847431,4,39.757842,0.9629729738424968,0.03200000000000003,True
5.601301,4,39.76631,0.9633878061175081,0.03200000000000003,True
5.515409,4,39.775025,0.961621841468781,0.03200000000000003,True
5.730349,4,39.782953,0.9625601748349533,0.03200000000000003,True
6.023892,4,39.791331,0.9573362354169839,0.03200000000000003,True
6.005901,3,39.798763,0.9599052240021512,0.02400000000000002,True
5.614606,4,39.808561,0.9651308161874741,0.03200000000000003,True
5.592881,4,39.81804,0.965055907041799,0.03200000000000003,True
5.640447,4,39.827929,0.9678949435175292,0.03200000000000003,True
5.900201,3,39.834764,0.9591050809798656,0.02400000000000002,True
5.515192,3,39.842146,0.963432492892677,0.02400000000000002,True
5.570024,4,40.375554,0.9618532902598658,0.03200000000000003,True
5.450526,4,40.38577,0.9647044177438187,0.03200000000000003,True
5.689842,4,40.394902,0.9620080522039518,0.03200000000000003,True
5.573648,5,40.406281,0.9636597762316365,0.040000000000000036,True
5.764631,3,40.41483,0.9651971938241782,0.02400000000000002,True
5.798397,5,40.426126,0.965435421679201,0.040000000000000036,True
5.861178,4,40.435696,0.9600372442665558,0.03200000000000003,True
5.693183,4,40.445584,0.9616258857284801,0.03200000000000003,True
5.511128,4,40.455365,0.9599624878414588,0.03200000000000003,True
5.980726,4,40.464961,0.9631961464937516,0.03200000000000003,True
5.545434,5,40.476045,0.9579150136665744,0.040000000000000036,True
5.534635,4,40.486839,0.9572687888109608,0.03200000000000003,True
5.461786,3,40.494056,0.9611130579585141,0.02400000000000002,True
5.962304,4,40.503631,0.9609098831978782,0.03200000000000003,True
5.725642,3,40.511036,0.9643893509180117,0.02400000000000002,True
5.735482,4,40.518914,0.959582013317215,0.03200000000000003,True
5.578212,4,40.529547,0.9629713269895708,0.03200000000000003,True
5.474432,4,40.539646,0.962655424898076,0.03200000000000003,True
5.772422,5,40.550536,0.9650436979849532,0.040000000000000036,True
5.809448,4,40.562968,0.9584941499657911,0.03200000000000003,True
5.792646,4,40.573934,0.9658273770842438,0.03200000000000003,True
5.530012,4,40.584158,0.9620926818788234,0.03200000000000003,True
5.802437,3,40.591347,0.9574247415740361,0.02400000000000002,True
5.40877,5,40.605188,0.9664778805625583,0.040000000000000036,True
5.763148,4,40.614399,0.9625616828194485,0.03200000000000003,True
5.551865,4,40.625532,0.9584940826106374,0.03200000000000003,True
5.527822,3,40.632628,0.9594358764931032,0.02400000000000002,True
5.8128,5,40.6459,0.960947764846138,0.040000000000000036,True
5.662804,4,40.6549,0.9593071364642056,0.03200000000000003,True
5.756873,4,40.664557,0.9593382990167731,0.03200000000000003,True
5.464888,4,40.673534,0.9601913768277357,0.03200000000000003,True
5.95579,4,40.6835,0.9590295416987901,0.03200000000000003,True
5.617101,4,40.692251,0.9627385467365842,0.03200000000000003,True
5.350131,3,40.70059,0.9634709193333842,0.02400000000000002,True
5.462566,3,40.708062,0.9602656950696109,0.02400000000000002,True
5.596333,5,40.720351,0.96296384822669,0.040000000000000036,True
5.595161,4,40.730037,0.9603280645441168,0.03200000000000003,True
5.677513,4,40.739883,0.958496743572147,0.03200000000000003,True
5.581833,4,40.750141,0.9637463573429882,0.03200000000000003,True
5.777103,3,40.757531,0.9591440869221113,0.02400000000000002,True
5.641619,3,40.764898,0.966588019999492,0.02400000000000002,True
5.594099,5,40.775856,0.9612858559586739,0.040000000000000036,True
5.529815,4,40.785491,0.9581145386981604,0.03200000000000003,True
5.682755,5,40.797574,0.9596504037648157,0.040000000000000036,True
5.537737,3,40.805335,0.9617396503951434,0.02400000000000002,True
5.856768,4,40.814548,0.963402523120189,0.03200000000000003,True
5.476805,5,40.824751,0.9603376227335777,0.040000000000000036,True
5.773871,4,40.833379,0.958761611220907,0.03200000000000003,True
5.454447,4,40.842491,0.9650402815969077,0.03200000000000003,True
5.838476,4,40.851464,0.9592077311077287,0.03200000000000003,True
5.545363,5,40.862997,0.9621762425524404,0.040000000000000036,True
5.679474,3,40.870065,0.9587515578625444,0.02400000000000002,True
5.629733,4,40.880869,0.9576221586077918,0.03200000000000003,True
6.035408,3,40.888344,0.9604880704703526,0.02400000000000002,True
5.512692,4,40.897175,0.9618548248209872,0.03200000000000003,True
5.554104,5,40.909867,0.9603947033861953,0.040000000000000036,True
5.486586,3,40.918817,0.9579247198773335,0.02400000000000002,True
5.551088,4,40.931928,0.9571717692222574,0.03200000000000003,True
5.679309,4,40.940788,0.9686443721410803,0.03200000000000003,True
5.501221,4,40.949453,0.963245404737739,0.03200000000000003,True
5.645746,3,40.955636,0.9602626878924784,0.02400000000000002,True
5.847491,4,40.964578,0.960131112559454,0.03200000000000003,True
5.828884,5,40.976588,0.9598483915598001,0.040000000000000036,True
5.969491,4,40.985618,0.9617668248310438,0.03200000000000003,True
6.06104,4,41.517161,0.9564728333360442,0.03200000000000003,True
5.601005,4,41.527158,0.9639188341871476,0.03200000000000003,True
5.734266,4,41.537172,0.9614908453973514,0.03200000000000003,True
5.656295,4,41.548685,0.9589430736495708,0.03200000000000003,True
6.047042,4,41.558355,0.9638778810450905,0.03200000000000003,True
5.662345,4,41.567262,0.9604048986403992,0.03200000000000003,True
5.511091,4,41.576226,0.9608660818023604,0.03200000000000003,True
5.441063,5,41.587114,0.96582185223085,0.040000000000000036,True
5.458842,3,41.593905,0.9574725464989008,0.02400000000000002,True
5.795061,4,41.605098,0.9602259280142342,0.03200000000000003,True
5.399619,4,41.616698,0.9609089113272402,0.03200000000000003,True
5.501033,3,41.623772,0.9651022273708255,0.02400000000000002,True
5.554053,4,41.632699,0.9589770599440421,0.03200000000000003,True
5.482111,3,41.639923,0.9626887743676912,0.02400000000000002,True
5.886168,4,41.648401,0.9557604785603717,0.03200000000000003,True
5.566759,4,41.657509,0.9618502886054944,0.03200000000000003,True
5.697682,4,41.666826,0.9590474188413989,0.03200000000000003,True
5.913442,5,41.677116,0.9596067652902323,0.040000000000000036,True
5.689887,4,41.688573,0.9616356951436487,0.03200000000000003,True
5.93223,4,41.700211,0.9598143502233942,0.03200000000000003,True
5.548424,4,41.710356,0.9604045991419121,0.03200000000000003,True
5.667554,5,41.721386,0.9587830116453103,0.040000000000000036,True
5.818369,4,41.731174,0.9603266678444751,0.03200000000000003,True
5.792754,4,41.740178,0.9590164949077445,0.03200000000000003,True
5.91776,5,41.75199,0.9606453134613552,0.040000000000000036,True
5.537281,3,41.758523,0.9640775918641048,0.02400000000000002,True
5.591187,3,41.765083,0.9663418703066176,0.02400000000000002,True
5.824034,5,41.777874,0.9613987671663384,0.040000000000000036,True
6.018807,5,41.787878,0.9634158420261099,0.040000000000000036,True
5.947757,3,41.79436,0.9627009571167263,0.02400000000000002,True
5.522429,3,41.800449,0.9597997124874509,0.02400000000000002,True
5.557814,4,41.809252,0.9569454026566504,0.03200000000000003,True
5.586005,4,41.818922,0.9608170722213308,0.03200000000000003,True
5.407168,4,41.827502,0.9621598794759314,0.03200000000000003,True
5.516404,3,41.833447,0.9584292489076223,0.02400000000000002,True
5.825525,5,41.844568,0.9579054103758454,0.040000000000000036,True
5.517728,4,41.853197,0.9613080128774694,0.03200000000000003,True
5.678537,4,41.861851,0.9630098208507141,0.03200000000000003,True
5.602716,3,41.869032,0.9599241178820876,0.02400000000000002,True
5.624461,4,41.877987,0.9617967894458428,0.03200000000000003,True
5.789287,3,41.884928,0.9600157918153143,0.02400000000000002,True
5.501614,3,41.892007,0.9596872554764797,0.02400000000000002,True
5.806417,4,41.901142,0.9635769235532338,0.03200000000000003,True
5.851176,4,41.910023,0.9627483133739885,0.03200000000000003,True
5.811597,3,41.916912,0.963595446597792,0.02400000000000002,True
5.783907,3,41.923983,0.9591392857379337,0.02400000000000002,True
5.99638,4,41.933051,0.9623180608510387,0.03200000000000003,True
5.77899,5,41.944524,0.960913971083311,0.040000000000000036,True
5.649969,4,41.952817,0.9567150341037359,0.03200000000000003,True
5.678561,4,41.962618,0.9602640153994861,0.03200000000000003,True
5.532815,5,41.974126,0.9664604389634988,0.040000000000000036,True
5.567139,3,41.980805,0.9592482821575573,0.02400000000000002,True
5.546292,3,41.987695,0.9598391647239923,0.02400000000000002,True
5.91171,3,41.994298,0.9585302011175514,0.02400000000000002,True
5.364566,4,42.003993,0.9604566140401065,0.03200000000000003,True
5.813723,4,42.017035,0.9615125603485539,0.03200000000000003,True
5.545078,4,42.025939,0.9572336150630252,0.03200000000000003,True
5.753408,3,42.034018,0.9609612514681694,0.02400000000000002,True
5.661608,3,42.041589,0.9572599445646445,0.02400000000000002,True
5.671552,5,42.053644,0.9639166654588505,0.040000000000000036,True
5.494742,3,42.06093,0.9631561503503459,0.02400000000000002,True
5.533486,3,42.068335,0.9574492422096548,0.02400000000000002,True
5.545997,3,42.075054,0.9631791124959335,0.02400000000000002,True
5.60035,4,42.084734,0.9653796447107149,0.03200000000000003,True
5.51149,4,42.093101,0.9638121259299532,0.03200000000000003,True
5.450489,4,42.102009,0.9602192877662241,0.03200000000000003,True
5.893777,5,42.113325,0.9581837321227739,0.040000000000000036,True
5.844357,4,42.650836,0.9631187235523013,0.03200000000000003,True
5.560824,4,42.661005,0.9580872843878834,0.03200000000000003,True
5.830733,4,42.669727,0.9619822961929295,0.03200000000000003,True
5.47301,4,42.678614,0.9607879625416653,0.03200000000000003,True
5.493653,4,42.689113,0.9640380390441547,0.03200000000000003,True
5.627452,5,42.702214,0.9586068571239541,0.040000000000000036,True
5.727226,4,42.711862,0.9603153272042407,0.03200000000000003,True
5.700182,2,42.716629,0.9604359329191631,0.016000000000000014,True
5.64089,4,42.726739,0.9615371241276283,0.03200000000000003,True
5.572099,4,42.736021,0.9611698001887676,0.03200000000000003,True
5.748088,3,42.743055,0.9614618378648991,0.02400000000000002,True
5.814656,4,42.754262,0.9617690309171307,0.03200000000000003,True
5.695093,3,42.849824,0.9614161483749459,0.02400000000000002,True
5.848777,5,42.861683,0.9653774025528391,0.040000000000000036,True
5.91697,3,42.868642,0.963103193061015,0.02400000000000002,True
5.798119,3,42.875937,0.9624305248036619,0.02400000000000002,True
5.632553,4,42.884572,0.9578517445022734,0.03200000000000003,True
5.543063,3,42.891896,0.9602677509671692,0.02400000000000002,True
5.797063,4,42.900906,0.9647843756527386,0.03200000000000003,True
5.718245,4,42.910748,0.9596203971940944,0.03200000000000003,True
5.764566,4,42.920745,0.9667345909708436,0.03200000000000003,True
5.516222,4,42.928953,0.9571172802608989,0.03200000000000003,True
5.548956,5,42.940479,0.9595075058316784,0.040000000000000036,True
5.724956,3,42.947393,0.9619841079915239,0.02400000000000002,True
5.867018,5,42.959793,0.9620103486008795,0.040000000000000036,True
5.818094,4,42.968872,0.9561988248068994,0.03200000000000003,True
5.554097,3,42.976171,0.9604552379912451,0.02400000000000002,True
5.747688,3,42.983911,0.9582650740506348,0.02400000000000002,True
5.671732,4,42.992898,0.9613477517806185,0.03200000000000003,True
5.718323,6,43.00681,0.9610467280508124,0.04800000000000004,True
5.460986,4,43.016371,0.9601825542965987,0.03200000000000003,True
5.636464,5,43.027684,0.9643299195594988,0.040000000000000036,True
5.617957,4,43.036809,0.9569840313031387,0.03200000000000003,True
5.643324,2,43.04192,0.9603658856701761,0.016000000000000014,True
5.74105,4,43.052051,0.9606090917663123,0.03200000000000003,True
5.38087,3,43.058331,0.9594326156919385,0.02400000000000002,True
5.544865,4,43.06737,0.9631415453201863,0.03200000000000003,True
5.700589,4,43.076902,0.958366555360475,0.03200000000000003,True
5.646595,3,43.083933,0.9621530223150232,0.02400000000000002,True
5.572124,4,43.093714,0.9631837981778302,0.03200000000000003,True
5.70792,4,43.103062,0.9594976110531079,0.03200000000000003,True
5.839582,4,43.11208,0.9619196719724727,0.03200000000000003,True
5.891874,4,43.123648,0.9643119027420084,0.03200000000000003,True
5.594749,4,43.132209,0.9625890109891942,0.03200000000000003,True
5.466495,4,43.141262,0.958976882638926,0.03200000000000003,True
5.505528,3,43.148917,0.9610841134413786,0.02400000000000002,True
5.525584,4,43.158195,0.9732522229024603,0.03200000000000003,True
5.657469,4,43.166973,0.9606946817104067,0.03200000000000003,True
5.508072,4,43.176855,0.9651605094606795,0.03200000000000003,True
5.463948,4,43.185942,0.9633382383611139,0.03200000000000003,True
5.565611,4,43.19523,0.9608550966877025,0.03200000000000003,True
5.84666,4,43.205276,0.9573008339630096,0.03200000000000003,True
5.839,4,43.215958,0.9588451389082179,0.03200000000000003,True
5.55012,4,43.226934,0.9593543797741837,0.03200000000000003,True
5.729599,4,43.237759,0.96064529116627,0.03200000000000003,True
5.503223,5,43.251786,0.959979415809308,0.040000000000000036,True
5.573317,4,43.262286,0.9658383242795712,0.03200000000000003,True
5.685368,5,43.273499,0.9608052263056805,0.040000000000000036,True
5.719563,3,43.281183,0.9597379136235921,0.02400000000000002,True
5.382145,4,43.2907,0.9592870895796479,0.03200000000000003,True
5.682977,4,43.300431,0.9575771227369987,0.03200000000000003,True
5.756759,4,43.30983,0.9657907332859763,0.03200000000000003,True
5.634024,4,43.319304,0.9676028642117742,0.03200000000000003,True
5.725596,4,43.329346,0.9612262858764108,0.03200000000000003,True
5.494251,4,43.3385,0.956841899723543,0.03200000000000003,True
5.770916,4,43.900802,0.9635921003105626,0.03200000000000003,True
5.643244,4,43.912212,0.9571112778585154,0.03200000000000003,True
5.471411,3,43.920215,0.9608776241873324,0.02400000000000002,True
5.739609,4,43.931561,0.9609995741662114,0.03200000000000003,True
5.607187,3,43.939385,0.9603300102056855,0.02400000000000002,True
5.859821,5,43.949835,0.9583952736678629,0.040000000000000036,True
5.761517,4,43.958834,0.9609048742476848,0.03200000000000003,True
5.637643,3,43.965464,0.963263970290646,0.02400000000000002,True
5.810744,5,43.977227,0.9647904652805123,0.040000000000000036,True
5.526874,3,43.984117,0.963611376073866,0.02400000000000002,True
5.487201,3,43.990835,0.9579617185169387,0.02400000000000002,True
5.816397,4,44.00014,0.9639398222549616,0.03200000000000003,True
5.538447,5,44.01282,0.957469012186165,0.040000000000000036,True
5.747786,4,44.022778,0.9574286762376749,0.03200000000000003,True
5.656493,5,44.03472,0.9615500009238853,0.040000000000000036,True
5.517594,3,44.042661,0.9627228764185565,0.02400000000000002,True
5.468099,4,44.052155,0.9630175659463652,0.03200000000000003,True
5.786902,4,44.061831,0.9633699215995151,0.03200000000000003,True
5.778704,4,44.071379,0.960420252666001,0.03200000000000003,True
5.696727,3,44.079035,0.9603335911065685,0.02400000000000002,True
5.8251,4,44.088007,0.9575179038137401,0.03200000000000003,True
5.849294,4,44.096796,0.9617967406945191,0.03200000000000003,True
5.934623,3,44.103647,0.9609404366270838,0.02400000000000002,True
5.738768,3,44.110736,0.9594794352487204,0.02400000000000002,True
5.429724,3,44.118592,0.9628325475607584,0.02400000000000002,True
5.498945,4,44.127562,0.9644047170675304,0.03200000000000003,True
5.716851,4,44.136026,0.9611136237192373,0.03200000000000003,True
5.530002,5,44.147209,0.9570894582699658,0.040000000000000036,True
5.659889,4,44.155814,0.9584073833444807,0.03200000000000003,True
5.747802,4,44.165031,0.9594857465117994,0.03200000000000003,True
5.753757,4,44.174302,0.9618191979656804,0.03200000000000003,True
5.490088,3,44.181743,0.9608099517923417,0.02400000000000002,True
5.488956,3,44.190025,0.9594792451189603,0.02400000000000002,True
5.715521,3,44.198039,0.9600234400077374,0.02400000000000002,True
5.827961,5,44.211953,0.9597913334948106,0.040000000000000036,True
6.036173,5,44.225492,0.9593348617739641,0.040000000000000036,True
5.570157,5,44.238326,0.9638868089708347,0.040000000000000036,True
5.457526,5,44.251813,0.9591732205577008,0.040000000000000036,True
5.765098,3,44.259301,0.9562897100458968,0.02400000000000002,True
5.661626,4,44.267835,0.9577325613598251,0.03200000000000003,True
5.716902,5,44.279202,0.9600482027890365,0.040000000000000036,True
5.753722,4,44.288085,0.9587079941738194,0.03200000000000003,True
5.388776,4,44.297895,0.9587919354915956,0.03200000000000003,True
5.662824,3,44.305511,0.9644871870611763,0.02400000000000002,True
5.667953,3,44.312752,0.9655374543693808,0.02400000000000002,True
5.603245,5,44.324141,0.9597427323643067,0.040000000000000036,True
5.850614,4,44.333228,0.9578370591916037,0.03200000000000003,True
5.814232,4,44.342291,0.9667366757092422,0.03200000000000003,True
5.527832,3,44.349645,0.9598912601885358,0.02400000000000002,True
5.527782,3,44.356813,0.9610660344490878,0.02400000000000002,True
5.745134,4,44.366278,0.9590931424768336,0.03200000000000003,True
5.428869,4,44.374549,0.9632863134683112,0.03200000000000003,True
5.705387,4,44.387169,0.9718836071191965,0.03200000000000003,True
5.840305,5,44.404928,0.963316879230088,0.040000000000000036,True
5.984683,4,44.418565,0.9618868152004996,0.03200000000000003,True
5.876278,3,44.425899,0.9587621825576406,0.02400000000000002,True
5.570298,4,44.434945,0.9563680674352386,0.03200000000000003,True
5.986911,5,44.446392,0.9681209565102685,0.040000000000000036,True
5.701159,4,44.455472,0.9626394114828848,0.03200000000000003,True
5.489853,3,44.462175,0.9591780223737769,0.02400000000000002,True
5.491066,5,44.474341,0.9658562180026208,0.040000000000000036,True
5.883655,4,44.483513,0.9617515981613308,0.03200000000000003,True
5.784791,3,44.489622,0.9622606382542781,0.02400000000000002,True
5.664441,4,44.498846,0.9633019703920744,0.03200000000000003,True
5.997518,4,44.510109,0.9609461865268589,0.03200000000000003,True
5.787779,4,44.518843,0.9613963890490173,0.03200000000000003,True
5.474677,3,45.050904,0.959943808385047,0.02400000000000002,True
5.759815,3,45.057564,0.9643314269698187,0.02400000000000002,True
5.713033,3,45.065053,0.9600526671843517,0.02400000000000002,True
5.668091,4,45.07413,0.9635446902680479,0.03200000000000003,True
5.76295,4,45.083315,0.960839302318678,0.03200000000000003,True
5.431414,3,45.090933,0.9600351143014715,0.02400000000000002,True
5.381497,3,45.098348,0.9631885651194568,0.02400000000000002,True
5.703463,4,45.107416,0.969783956179992,0.03200000000000003,True
5.605212,4,45.116719,0.959190192020216,0.03200000000000003,True
5.750862,4,45.125642,0.9591809226407394,0.03200000000000003,True
5.763236,4,45.134026,0.9592202144498643,0.03200000000000003,True
5.903645,3,45.14107,0.9599793176813529,0.02400000000000002,True
5.620865,4,45.149829,0.9565195210229483,0.03200000000000003,True
5.606383,3,45.156009,0.959850457193894,0.02400000000000002,True
5.802902,3,45.163564,0.9633290599064392,0.02400000000000002,True
5.966608,3,45.170809,0.9583955129982267,0.02400000000000002,True
5.570883,4,45.179224,0.9661343840373698,0.03200000000000003,True
5.568352,5,45.190151,0.9619610171935216,0.040000000000000036,True
5.807965,5,45.201573,0.959320494736623,0.040000000000000036,True
5.817364,4,45.209989,0.9578361704932532,0.03200000000000003,True
5.849499,4,45.219653,0.9594874460202085,0.03200000000000003,True
5.707846,3,45.225881,0.9615780733505029,0.02400000000000002,True
5.640466,3,45.233615,0.9620347024041096,0.02400000000000002,True
5.855569,5,45.244079,0.9574565658771229,0.040000000000000036,True
5.516942,3,45.251047,0.9579613240610062,0.02400000000000002,True
5.555541,5,45.262305,0.966013956422932,0.040000000000000036,True
5.811326,4,45.270903,0.9582369466985067,0.03200000000000003,True
5.631139,4,45.280215,0.9638012710841662,0.03200000000000003,True
5.432096,4,45.289334,0.9612131191679258,0.03200000000000003,True
5.910519,5,45.299698,0.9611538916666985,0.040000000000000036,True
5.744132,4,45.309101,0.962752404399027,0.03200000000000003,True
5.679141,3,45.316144,0.9623830703778414,0.02400000000000002,True
5.536013,4,45.325074,0.9614006076479076,0.03200000000000003,True
5.522873,3,45.332212,0.9589155468282925,0.02400000000000002,True
5.821818,4,45.342822,0.9615061003600569,0.03200000000000003,True
5.640517,3,45.349587,0.9652776322902271,0.02400000000000002,True
5.552753,3,45.357246,0.9669049753024879,0.02400000000000002,True
5.533433,4,45.366874,0.9599258579045975,0.03200000000000003,True
5.427482,3,45.37329,0.9594291964908372,0.02400000000000002,True
5.867916,4,45.383322,0.9598894524842663,0.03200000000000003,True
5.910463,4,45.393012,0.963292841636107,0.03200000000000003,True
5.614665,5,45.403989,0.9627756302046234,0.040000000000000036,True
5.518812,4,45.414429,0.961519170615988,0.03200000000000003,True
5.590304,4,45.424846,0.9620666164550882,0.03200000000000003,True
5.546933,3,45.434143,0.9586618983503439,0.02400000000000002,True
5.505813,4,45.44734,0.9637273305935694,0.03200000000000003,True
5.63505,5,45.463516,0.9614643727320074,0.040000000000000036,True
5.84002,4,45.473592,0.9572914477895227,0.03200000000000003,True
5.694188,3,45.480559,0.9610915570841322,0.02400000000000002,True
5.644557,4,45.489921,0.9608827868576828,0.03200000000000003,True
5.87809,4,45.499491,0.9590065969874095,0.03200000000000003,True
5.801004,4,45.510113,0.9594609235393162,0.03200000000000003,True
5.625954,4,45.51948,0.9623595619322388,0.03200000000000003,True
5.596505,3,45.527364,0.963937877278774,0.02400000000000002,True
5.595678,4,45.536723,0.9600054083104458,0.03200000000000003,True
5.743029,4,45.545624,0.9562550043127009,0.03200000000000003,True
5.829653,5,45.556837,0.9576677891828884,0.040000000000000036,True
5.560779,5,45.568644,0.9596160704916398,0.040000000000000036,True
5.650056,4,45.578499,0.962559082386234,0.03200000000000003,True
5.414032,4,45.587364,0.9598087436487147,0.03200000000000003,True
5.46327,3,45.593478,0.9653485812532722,0.02400000000000002,True
5.803064,4,45.604234,0.9586977653781296,0.03200000000000003,True
5.458228,3,45.610775,0.9614720055275291,0.02400000000000002,True
5.664395,4,45.620908,0.9640645668700992,0.03200000000000003,True
5.646494,3,45.627746,0.9639304301791276,0.02400000000000002,True
5.697185,3,45.635016,0.9633481209157986,0.02400000000000002,True
5.729103,4,45.644209,0.9653682488682896,0.03200000000000003,True
5.538855,5,45.655984,0.9586674378233523,0.040000000000000036,True
5.552188,4,46.186214,0.9594950918526441,0.03200000000000003,True
5.479969,3,46.193043,0.9679029750403927,0.02400000000000002,True
5.456056,3,46.200302,0.9626779705302262,0.02400000000000002,True
5.587058,5,46.211686,0.961333656338274,0.040000000000000036,True
5.62865,4,46.220719,0.9610495605206355,0.03200000000000003,True
5.38783,3,46.227964,0.961401470561324,0.02400000000000002,True
5.62091,5,46.23867,0.9596710366484185,0.040000000000000036,True
5.840633,4,46.247732,0.9589657275418388,0.03200000000000003,True
5.427977,3,46.25383,0.9625354813782012,0.02400000000000002,True
5.955937,4,46.263548,0.9618511717734266,0.03200000000000003,True
5.569615,5,46.275334,0.9618312189342244,0.040000000000000036,True
5.588677,5,46.28707,0.9604240595691068,0.040000000000000036,True
5.898772,5,46.298534,0.971329694742092,0.040000000000000036,True
5.512806,5,46.309877,0.958575327122547,0.040000000000000036,True
5.566566,3,46.316827,0.9613797728412312,0.02400000000000002,True
5.735628,4,46.325148,0.9587576816757873,0.03200000000000003,True
5.555557,2,46.330876,0.9612061354690673,0.016000000000000014,True
5.602726,2,46.334806,0.9615731314361988,0.016000000000000014,True
5.662014,3,46.342265,0.9642028169098618,0.02400000000000002,True
5.810804,3,46.349014,0.9591237053730396,0.02400000000000002,True
5.640128,4,46.358098,0.9594655132503278,0.03200000000000003,True
5.503609,4,46.3678,0.9592618067735472,0.03200000000000003,True
5.951116,4,46.377574,0.9598443449407776,0.03200000000000003,True
5.490334,4,46.386886,0.9608742483196367,0.03200000000000003,True
5.664035,4,46.396546,0.9656955704711222,0.03200000000000003,True
5.491472,4,46.405812,0.9583971406771269,0.03200000000000003,True
5.754428,5,46.416831,0.9631264172423218,0.040000000000000036,True
5.662594,5,46.428452,0.959428259676465,0.040000000000000036,True
5.812048,5,46.43938,0.9616755823403285,0.040000000000000036,True
5.503749,3,46.446311,0.9633781868250334,0.02400000000000002,True
5.585765,5,46.457654,0.95686663786554,0.040000000000000036,True
5.829184,4,46.472388,0.966197031067241,0.03200000000000003,True
5.62422,2,46.479338,0.9582893553988217,0.016000000000000014,True
5.679798,4,46.492769,0.963341308181968,0.03200000000000003,True
5.490666,4,46.502143,0.957048867961662,0.03200000000000003,True
5.717162,4,46.511494,0.9590439413250211,0.03200000000000003,True
5.428941,5,46.524673,0.9621343864786053,0.040000000000000036,True
5.814525,5,46.537054,0.9651224798082226,0.040000000000000036,True
5.570933,5,46.549324,0.958558695393648,0.040000000000000036,True
5.939959,5,46.5606,0.9610657256784156,0.040000000000000036,True
5.54474,4,46.570431,0.9614484988629757,0.03200000000000003,True
5.538575,4,46.582973,0.9616565067524336,0.03200000000000003,True
5.600908,4,46.592038,0.9617780202031927,0.03200000000000003,True
5.747371,6,46.606762,0.9611683721351552,0.04800000000000004,True
5.825987,4,46.618758,0.9609925045034489,0.03200000000000003,True
5.739262,3,46.625682,0.9633640241966374,0.02400000000000002,True
5.736354,4,46.635501,0.9623221836210379,0.03200000000000003,True
6.05987,5,46.646889,0.9684567441607411,0.040000000000000036,True
5.797442,5,46.658054,0.9632930020474402,0.040000000000000036,True
5.586707,3,46.665346,0.967899868210242,0.02400000000000002,True
5.443269,2,46.669861,0.9656380984838702,0.016000000000000014,True
5.852093,5,46.682103,0.9718916088147818,0.040000000000000036,True
5.563638,3,46.689587,0.9597081693079905,0.02400000000000002,True
5.746555,5,46.701068,0.9602981677417834,0.040000000000000036,True
5.822641,4,46.710316,0.9610456283909727,0.03200000000000003,True
5.592681,4,46.719579,0.9604637689651914,0.03200000000000003,True
6.00574,5,46.731106,0.9577813423813947,0.040000000000000036,True
5.633186,5,46.742472,0.9616757909719916,0.040000000000000036,True
5.552827,3,46.748662,0.9650801798440727,0.02400000000000002,True
5.751392,4,46.758385,0.9563802225824071,0.03200000000000003,True
5.727616,3,46.766991,0.9612862847015969,0.02400000000000002,True
5.84428,5,46.779734,0.9622044196958196,0.040000000000000036,True
5.738838,4,46.790083,0.9634161014329499,0.03200000000000003,True
5.927114,3,47.324343,0.957120289408762,0.02400000000000002,True
5.601633,3,47.332474,0.962604670453248,0.02400000000000002,True
5.491204,3,47.339707,0.9600507265841223,0.02400000000000002,True
5.825637,5,47.351337,0.9616774041889938,0.040000000000000036,True
6.09696,4,47.361036,0.959262021695665,0.03200000000000003,True
5.465755,3,47.368454,0.9652348171947661,0.02400000000000002,True
5.658164,4,47.378313,0.9634130705080581,0.03200000000000003,True
5.704655,4,47.388155,0.9625912301914346,0.03200000000000003,True
5.743347,5,47.400443,0.9646878580267783,0.040000000000000036,True
5.474308,3,47.408045,0.9600211026901126,0.02400000000000002,True
5.731486,4,47.417051,0.96362545200153,0.03200000000000003,True
5.854416,4,47.426417,0.9607042771207972,0.03200000000000003,True
5.857185,5,47.439553,0.9599060747610667,0.040000000000000036,True
5.939261,3,47.446601,0.9602841315040129,0.02400000000000002,True
5.519923,4,47.45641,0.9591689433986859,0.03200000000000003,True
5.332265,3,47.464261,0.9629345733087722,0.02400000000000002,True
5.949752,3,47.471789,0.9594152916541095,0.02400000000000002,True
5.717385,3,47.478286,0.9628820440645823,0.02400000000000002,True
5.836371,5,47.490383,0.9593708374690553,0.040000000000000036,True
5.804208,3,47.499007,0.9605923605574539,0.02400000000000002,True
5.521688,4,47.512064,0.9595222060624382,0.03200000000000003,True
6.05673,5,47.529994,0.9615726706296601,0.040000000000000036,True
5.724393,4,47.539733,0.9656495095376291,0.03200000000000003,True
5.847556,5,47.550878,0.9608957060953252,0.040000000000000036,True
5.829265,4,47.56071,0.9683048845383804,0.03200000000000003,True
5.940657,4,47.569669,0.962798209707539,0.03200000000000003,True
5.676675,4,47.579927,0.9573506102390886,0.03200000000000003,True
5.966222,3,47.5871,0.9596377057401866,0.02400000000000002,True
5.826599,5,47.598301,0.9600468255052157,0.040000000000000036,True
5.617264,3,47.605547,0.9576310314808054,0.02400000000000002,True
5.791607,3,47.612278,0.9586533083839441,0.02400000000000002,True
5.636097,4,47.622933,0.9613935981807016,0.03200000000000003,True
5.518321,3,47.630814,0.9598043526968754,0.02400000000000002,True
5.569456,5,47.641488,0.9594379468213298,0.040000000000000036,True
5.78899,5,47.655746,0.9607531019669395,0.040000000000000036,True
5.602784,3,47.662833,0.9636565460733524,0.02400000000000002,True
5.744659,4,47.672538,0.9616668638558092,0.03200000000000003,True
5.828982,4,47.681621,0.9580647558439108,0.03200000000000003,True
5.715138,4,47.690958,0.960714234045584,0.03200000000000003,True
5.66733,4,47.699841,0.9623546461966485,0.03200000000000003,True
5.621621,4,47.708609,0.9658942753512314,0.03200000000000003,True
5.787228,4,47.718347,0.9575223338663201,0.03200000000000003,True
5.549458,4,47.727594,0.9605897173324329,0.03200000000000003,True
5.82926,4,47.736907,0.956831130217261,0.03200000000000003,True
5.485072,4,47.745839,0.960897123661165,0.03200000000000003,True
5.912285,4,47.755332,0.9634754239649288,0.03200000000000003,True
5.520874,4,47.763316,0.9627490963634487,0.03200000000000003,True
5.453781,4,47.771911,0.9588312175020028,0.03200000000000003,True
5.874016,5,47.784988,0.9596982654435915,0.040000000000000036,True
5.846705,4,47.793873,0.9659130703082026,0.03200000000000003,True
5.752543,3,47.80155,0.9608767101285135,0.02400000000000002,True
5.492997,3,47.808141,0.9613556950158222,0.02400000000000002,True
5.890351,4,47.816978,0.9592678095768252,0.03200000000000003,True
5.813012,4,47.826263,0.9658829934131965,0.03200000000000003,True
5.680826,4,47.835327,0.9625611247483516,0.03200000000000003,True
5.555723,5,47.845959,0.9574785858677609,0.040000000000000036,True
5.926623,5,47.858097,0.9668884378852034,0.040000000000000036,True
5.890991,4,47.867973,0.9594665747360787,0.03200000000000003,True
5.814705,4,47.876914,0.9575493138661169,0.03200000000000003,True
5.900831,4,47.885701,0.9603612048953563,0.03200000000000003,True
5.444083,3,47.892103,0.9651605155253546,0.02400000000000002,True
5.667321,4,47.901323,0.9633182665167106,0.03200000000000003,True
5.712534,4,47.911358,0.9625909037338234,0.03200000000000003,True
5.710422,5,47.929561,0.9593655156609958,0.040000000000000036,True
5.449099,4,47.939887,0.960288283862999,0.03200000000000003,True
5.620616,4,48.455294,0.9607321608786261,0.03200000000000003,True
5.58,4,48.465299,0.9604533581787313,0.03200000000000003,True
5.542432,3,48.472644,0.9615749025626906,0.02400000000000002,True
5.848717,5,48.485316,0.9634658867213379,0.040000000000000036,True
5.603609,3,48.491994,0.9619402059039494,0.02400000000000002,True
5.512381,4,48.609176,0.9591858514181091,0.03200000000000003,True
5.730218,3,48.616864,0.9573870083187346,0.02400000000000002,True
5.601844,5,48.628276,0.9604202626840102,0.040000000000000036,True
5.453036,3,48.635458,0.9679123395477616,0.02400000000000002,True
5.634474,4,48.644327,0.9602707085001803,0.03200000000000003,True
5.645258,4,48.652998,0.9597909207070805,0.03200000000000003,True
5.726761,4,48.662196,0.9629504234972708,0.03200000000000003,True
5.673289,3,48.669512,0.9651820646212366,0.02400000000000002,True
6.092236,4,48.681185,0.9591149541734229,0.03200000000000003,True
5.499914,3,48.698851,0.9601592559025656,0.02400000000000002,True
5.636387,3,48.711379,0.9637683152732365,0.02400000000000002,True
5.665351,4,48.725873,0.9590825593548193,0.03200000000000003,True
5.860771,5,48.742551,0.9625906901862076,0.040000000000000036,True
5.872671,4,48.755848,0.9631971596749314,0.03200000000000003,True
5.760376,5,48.771662,0.9622347356127243,0.040000000000000036,True
5.652375,4,48.786461,0.962585117319394,0.03200000000000003,True
5.855009,5,48.803584,0.9636098316916015,0.040000000000000036,True
5.736368,5,48.819197,0.9615980257193251,0.040000000000000036,True
5.691596,3,48.829918,0.9624320613212896,0.02400000000000002,True
5.519735,4,48.847651,0.9595015599699692,0.03200000000000003,True
5.803513,4,48.861993,0.9599356774007475,0.03200000000000003,True
5.62619,3,48.87223,0.9575011155874593,0.02400000000000002,True
5.723536,4,48.884576,0.9589627125503969,0.03200000000000003,True
5.859832,4,48.897542,0.9603772624809941,0.03200000000000003,True
5.42896,4,48.910171,0.9595585039288071,0.03200000000000003,True
5.717527,3,48.919429,0.9615039882693922,0.02400000000000002,True
5.642254,5,48.9345,0.9574975375772192,0.040000000000000036,True
5.79034,4,48.948491,0.9573782161595463,0.03200000000000003,True
5.698616,3,48.959289,0.9571734996895034,0.02400000000000002,True
5.786134,5,48.977626,0.9596127202793502,0.040000000000000036,True
5.446053,3,48.987288,0.9695124234086713,0.02400000000000002,True
5.919536,3,48.998031,0.962591055299627,0.02400000000000002,True
5.379846,3,49.009038,0.962802567059369,0.02400000000000002,True
5.552998,4,49.022187,0.965135375984173,0.03200000000000003,True
5.541439,5,49.036988,0.9592487846438061,0.040000000000000036,True
5.82311,4,49.048716,0.9627217037207687,0.03200000000000003,True
5.515154,5,49.062729,0.9594536209711644,0.040000000000000036,True
5.413096,3,49.071846,0.9641884051750405,0.02400000000000002,True
5.575357,5,49.086158,0.9626905546196306,0.040000000000000036,True
5.740051,5,49.099633,0.9674441776699337,0.040000000000000036,True
5.68757,4,49.11154,0.9596012236350413,0.03200000000000003,True
5.822295,4,49.123049,0.9607490030387469,0.03200000000000003,True
5.705814,3,49.130908,0.9608564584940429,0.02400000000000002,True
5.7282,4,49.142662,0.9605244920412098,0.03200000000000003,True
5.832614,5,49.156825,0.9627705016881054,0.040000000000000036,True
5.572444,3,49.165393,0.9578089309525918,0.02400000000000002,True
5.806112,4,49.176736,0.9612560957071971,0.03200000000000003,True
5.707739,5,49.190996,0.9639953626108184,0.040000000000000036,True
5.787816,4,49.202747,0.958968721888324,0.03200000000000003,True
5.590122,5,49.217382,0.9586269313591426,0.040000000000000036,True
5.506276,3,49.225805,0.9659886261211911,0.02400000000000002,True
5.548534,4,49.237305,0.962167075871925,0.03200000000000003,True
5.687577,3,49.245803,0.9620408874879135,0.02400000000000002,True
5.672316,5,49.259836,0.9610320040788284,0.040000000000000036,True
5.584315,3,49.267438,0.9662500036486059,0.02400000000000002,True
5.576152,4,49.27907,0.9612090022253518,0.03200000000000003,True
5.576926,4,49.290378,0.9611462721275201,0.03200000000000003,True
5.762564,5,49.305416,0.9614334044718414,0.040000000000000036,True
5.516563,4,49.316911,0.9617692270991913,0.03200000000000003,True
5.819391,5,49.331227,0.9632960398013999,0.040000000000000036,True
5.494956,3,50.064823,0.9644521405677411,0.02400000000000002,True
5.848634,4,50.078118,0.9575055724439054,0.03200000000000003,True
5.548846,3,50.085507,0.9633472137933875,0.02400000000000002,True
5.803619,4,50.097148,0.9579687116361653,0.03200000000000003,True
5.53906,3,50.106574,0.957802851333577,0.02400000000000002,True
5.58421,4,50.118185,0.9636575808837935,0.03200000000000003,True
5.755019,3,50.127482,0.9588267341426422,0.02400000000000002,True
5.604889,5,50.141629,0.9666511578483247,0.040000000000000036,True
5.532511,4,50.158211,0.9606801232417064,0.03200000000000003,True
5.613108,4,50.171297,0.9606711472806304,0.03200000000000003,True
5.625105,5,50.188077,0.9572227639987247,0.040000000000000036,True
6.134964,4,50.201766,0.9576800609362937,0.03200000000000003,True
5.784378,3,50.211901,0.9584852532780308,0.02400000000000002,True
5.746345,4,50.225123,0.961798102967778,0.03200000000000003,True
5.619417,4,50.239247,0.961099617067105,0.03200000000000003,True
5.564371,4,50.252211,0.9611915086997429,0.03200000000000003,True
5.838776,5,50.267171,0.961059009883201,0.040000000000000036,True
5.675803,3,50.277629,0.9634320564901568,0.02400000000000002,True
5.69416,4,50.289495,0.9622400364022237,0.03200000000000003,True
5.657511,3,50.298263,0.9670213006001798,0.02400000000000002,True
5.80221,5,50.311772,0.959311541348632,0.040000000000000036,True
5.639114,3,50.32146,0.9583566979024574,0.02400000000000002,True
5.689763,3,50.331547,0.958071186782959,0.02400000000000002,True
5.620855,4,50.344883,0.9615433736038523,0.03200000000000003,True
5.807941,4,50.358026,0.963170376556812,0.03200000000000003,True
5.397476,3,50.368002,0.9617547089213022,0.02400000000000002,True
5.462486,2,50.37761,0.9623652862161223,0.016000000000000014,True
5.529391,4,50.390357,0.9592745161162184,0.03200000000000003,True
5.698658,5,50.407069,0.9631664420497892,0.040000000000000036,True
5.629126,4,50.418373,0.9606038815524762,0.03200000000000003,True
5.760194,3,50.427043,0.9620066131068508,0.02400000000000002,True
5.580331,3,50.436869,0.9629440375067619,0.02400000000000002,True
5.854665,3,50.445397,0.9655333711945968,0.02400000000000002,True
6.123321,4,50.458283,0.9588212473394281,0.03200000000000003,True
5.653003,4,50.469374,0.9620499968313404,0.03200000000000003,True
5.662179,2,50.476035,0.9605254207990174,0.016000000000000014,True
5.507309,3,50.486577,0.9594688466727035,0.02400000000000002,True
5.620882,4,50.498465,0.9611121388870145,0.03200000000000003,True
5.775591,5,50.512904,0.9576090030186971,0.040000000000000036,True
5.645529,2,50.517996,0.9620862113954656,0.016000000000000014,True
5.788176,5,50.532706,0.9664481493103741,0.040000000000000036,True
5.485847,4,50.545587,0.9661756311644987,0.03200000000000003,True
5.752282,4,50.556887,0.9636001037216747,0.03200000000000003,True
5.632778,3,50.570699,0.9623084050713993,0.02400000000000002,True
5.656029,4,50.58184,0.9609825918729926,0.03200000000000003,True
5.689865,4,50.594235,0.9621909156271404,0.03200000000000003,True
5.503387,4,50.606852,0.9594212418342336,0.03200000000000003,True
5.846332,5,50.623315,0.9596649754211634,0.040000000000000036,True
5.682304,3,50.631846,0.9628942098541947,0.02400000000000002,True
5.518785,4,50.643937,0.9617181505489917,0.03200000000000003,True
5.622564,5,50.658164,0.9630110960107592,0.040000000000000036,True
5.527278,4,50.669269,0.9592497506398542,0.03200000000000003,True
5.640314,5,50.687192,0.9588290160010704,0.040000000000000036,True
5.519226,4,50.705708,0.9631490735354287,0.03200000000000003,True
5.785492,4,50.720018,0.9630162136714349,0.03200000000000003,True
5.655166,4,50.732946,0.9586210101249537,0.03200000000000003,True
5.582595,4,50.7468,0.9585388662819171,0.03200000000000003,True
5.386281,3,50.755969,0.9581726633715266,0.02400000000000002,True
5.766682,4,50.767722,0.9592579483522791,0.03200000000000003,True
5.789576,5,50.782431,0.961644279262823,0.040000000000000036,True
5.659623,4,50.793868,0.9634094140060474,0.03200000000000003,True
5.734944,4,50.806365,0.9598744474772584,0.03200000000000003,True
5.762113,5,50.821091,0.9609033877708016,0.040000000000000036,True
5.827242,5,50.835189,0.959999966837486,0.040000000000000036,True
5.794281,5,50.850381,0.9619073002006604,0.040000000000000036,True
5.737388,3,50.859808,0.9609699340027409,0.02400000000000002,True
5.46803,3,50.869122,0.9611621556465512,0.02400000000000002,True
6.032113,5,51.564131,0.9572508406160147,0.040000000000000036,True
5.487493,3,51.573676,0.9621909524994435,0.02400000000000002,True
5.849891,4,51.585848,0.9605975940061895,0.03200000000000003,True
5.553114,4,51.597378,0.9596785157634699,0.03200000000000003,True
5.560406,4,51.60993,0.961274306881909,0.03200000000000003,True
5.768843,4,51.62407,0.9587231112755037,0.03200000000000003,True
5.364517,3,51.633223,0.9625218987746784,0.02400000000000002,True
5.711562,4,51.645801,0.9640765310501361,0.03200000000000003,True
5.809348,4,51.657527,0.9565827468208533,0.03200000000000003,True
5.60779,4,51.668949,0.9619253274831289,0.03200000000000003,True
5.54842,3,51.678713,0.957669743998566,0.02400000000000002,True
5.814307,4,51.690339,0.958569803013286,0.03200000000000003,True
5.573232,3,51.699837,0.9626018392407776,0.02400000000000002,True
5.778269,5,51.714642,0.9607950210472704,0.040000000000000036,True
5.537873,4,51.726948,0.9600044122191321,0.03200000000000003,True
5.872417,5,51.741548,0.9613342218006604,0.040000000000000036,True
5.6498,4,51.752923,0.9607737016268265,0.03200000000000003,True
5.721566,4,51.764542,0.9626910165680014,0.03200000000000003,True
5.638081,5,51.783293,0.9632257284790358,0.040000000000000036,True
5.650983,3,51.797181,0.9614465823183749,0.02400000000000002,True
5.734177,5,51.81156,0.9638941992791821,0.040000000000000036,True
5.562824,4,51.826698,0.9628272316321614,0.03200000000000003,True
5.831331,4,51.84219,0.9641099243882447,0.03200000000000003,True
5.790643,3,51.853041,0.9596868217622014,0.02400000000000002,True
5.924017,5,51.869051,0.9600827805255435,0.040000000000000036,True
5.645227,5,51.884778,0.9597461083992249,0.040000000000000036,True
5.576586,5,51.898821,0.9629325603519945,0.040000000000000036,True
5.512732,3,51.908793,0.9598503985357363,0.02400000000000002,True
5.699325,4,51.922536,0.9614739432896932,0.03200000000000003,True
5.646266,4,51.935543,0.9591028264106896,0.03200000000000003,True
5.578152,4,51.947713,0.9598753275833368,0.03200000000000003,True
5.757398,3,51.959082,0.9620023644636333,0.02400000000000002,True
5.523779,4,51.96981,0.9576509829073058,0.03200000000000003,True
5.504347,3,51.97968,0.9600002036613222,0.02400000000000002,True
5.630119,5,51.996842,0.9650008184748455,0.040000000000000036,True
5.884832,5,52.012898,0.9604272390500626,0.040000000000000036,True
6.008914,5,52.029056,0.9600049349351386,0.040000000000000036,True
5.735748,3,52.04086,0.9661907865030129,0.02400000000000002,True
5.670355,5,52.056887,0.9587310225414238,0.040000000000000036,True
5.836639,4,52.069618,0.9629911470683119,0.03200000000000003,True
5.403836,3,52.081238,0.9596467157074804,0.02400000000000002,True
5.605166,4,52.094854,0.9616063297002688,0.03200000000000003,True
5.66467,4,52.107251,0.9633292211890787,0.03200000000000003,True
5.67137,5,52.121881,0.9611166173650788,0.040000000000000036,True
5.561428,4,52.133985,0.9601732631835632,0.03200000000000003,True
5.588046,4,52.146136,0.9595398739597886,0.03200000000000003,True
5.659756,4,52.157747,0.9655471143796404,0.03200000000000003,True
5.473162,4,52.168939,0.9598522864577672,0.03200000000000003,True
5.888807,4,52.18087,0.963557251141391,0.03200000000000003,True
5.668845,3,52.189345,0.9559831418088023,0.02400000000000002,True
5.415063,3,52.199082,0.9608454472465457,0.02400000000000002,True
5.754624,3,52.208908,0.9590984959087605,0.02400000000000002,True
5.511252,4,52.219795,0.9605382368963625,0.03200000000000003,True
5.913224,3,52.228484,0.957844022611641,0.02400000000000002,True
5.701617,5,52.245533,0.9641223021439173,0.040000000000000036,True
5.533869,4,52.257582,0.9611531761016053,0.03200000000000003,True
5.62156,4,52.269062,0.9592076740702892,0.03200000000000003,True
5.580097,4,52.28113,0.959590478200004,0.03200000000000003,True
5.958208,3,52.289908,0.9597694569794054,0.02400000000000002,True
5.772253,4,52.302002,0.9628543348788754,0.03200000000000003,True
5.595258,4,52.312762,0.9571323834355091,0.03200000000000003,True
5.825726,4,52.325708,0.9630146064592817,0.03200000000000003,True
5.90063,4,52.336994,0.9658077301428107,0.03200000000000003,True
5.807473,4,52.348557,0.9603183123169479,0.03200000000000003,True
6.041619,5,53.158338,0.956049573387954,0.040000000000000036,True
5.62737,4,53.168839,0.9628188896870236,0.03200000000000003,True
5.815894,3,53.175041,0.9584972490807695,0.02400000000000002,True
5.671498,3,53.182037,0.9611660589706481,0.02400000000000002,True
5.905804,4,53.191515,0.9663749142455182,0.03200000000000003,True
5.604591,3,53.199281,0.9636345163107006,0.02400000000000002,True
5.726461,4,53.20873,0.9613014406407308,0.03200000000000003,True
6.025239,4,53.218793,0.9659182365850068,0.03200000000000003,True
5.726999,5,53.229601,0.9588420126154513,0.040000000000000036,True
5.830249,4,53.239124,0.9620098780548854,0.03200000000000003,True
5.492093,3,53.246105,0.9620735961263647,0.02400000000000002,True
5.686765,3,53.254597,0.9618895657973558,0.02400000000000002,True
5.497228,3,53.26338,0.9648113564073341,0.02400000000000002,True
5.55308,3,53.270602,0.9684305352814884,0.02400000000000002,True
5.677279,3,53.278689,0.958788556293163,0.02400000000000002,True
5.801252,4,53.289419,0.9655569298509165,0.03200000000000003,True
5.533803,5,53.301638,0.9597198263249457,0.040000000000000036,True
5.446805,4,53.311191,0.9596094576604963,0.03200000000000003,True
5.658662,4,53.320167,0.9606067433791627,0.03200000000000003,True
5.828297,5,53.331285,0.9582480822728225,0.040000000000000036,True
5.687771,4,53.342093,0.9604542918973364,0.03200000000000003,True
5.649463,3,53.349473,0.9589057789702637,0.02400000000000002,True
5.526308,3,53.356595,0.959089311961616,0.02400000000000002,True
6.074428,4,53.367055,0.9590395428132904,0.03200000000000003,True
5.326658,2,53.371044,0.9612917928866113,0.016000000000000014,True
5.697465,4,53.380998,0.9613624770782228,0.03200000000000003,True
5.95598,3,53.387707,0.9612591408233817,0.02400000000000002,True
5.808198,4,53.398165,0.958822492375887,0.03200000000000003,True
5.753463,4,53.407721,0.9593542250721961,0.03200000000000003,True
5.544521,4,53.417388,0.959537669611029,0.03200000000000003,True
5.623244,4,53.426079,0.9606186445776208,0.03200000000000003,True
5.726087,5,53.437289,0.959290060599751,0.040000000000000036,True
5.522086,3,53.444846,0.9573956489010054,0.02400000000000002,True
5.68813,3,53.452178,0.9632450413243326,0.02400000000000002,True
5.775014,4,53.462541,0.9599039070117209,0.03200000000000003,True
5.834171,4,53.471055,0.9584452461849666,0.03200000000000003,True
5.832835,3,53.478129,0.959751359764309,0.02400000000000002,True
5.582539,4,53.487289,0.9631279293494841,0.03200000000000003,True
5.571291,4,53.497245,0.9620855234740193,0.03200000000000003,True
5.90888,5,53.509507,0.9611810296549685,0.040000000000000036,True
5.676288,4,53.518997,0.9624820003835919,0.03200000000000003,True
5.57108,4,53.528738,0.9611373016315441,0.03200000000000003,True
5.615516,3,53.53605,0.9572667975454001,0.02400000000000002,True
5.825988,5,53.5479,0.9660470293964298,0.040000000000000036,True
5.86804,4,53.557465,0.9678038516624597,0.03200000000000003,True
5.84265,5,53.570005,0.9588598257189072,0.040000000000000036,True
5.794537,5,53.581884,0.959474137250691,0.040000000000000036,True
5.710567,4,53.590125,0.9627020137095303,0.03200000000000003,True
5.719207,3,53.596571,0.9633577993657669,0.02400000000000002,True
5.626708,5,53.608289,0.9620865530847331,0.040000000000000036,True
6.085081,4,53.616888,0.9594517007504071,0.03200000000000003,True
5.778643,4,53.626799,0.959926213416589,0.03200000000000003,True
5.70475,3,53.634297,0.9582810512201201,0.02400000000000002,True
5.606887,3,53.641068,0.9614078998197894,0.02400000000000002,True
5.691771,5,53.654243,0.9592543066611393,0.040000000000000036,True
5.769153,5,53.666885,0.9595133500326973,0.040000000000000036,True
5.629345,2,53.670666,0.9607972891708039,0.016000000000000014,True
5.489142,4,53.679772,0.9624425036316013,0.03200000000000003,True
5.827489,3,53.687107,0.9597901299218417,0.02400000000000002,True
5.565469,5,53.700064,0.9642881421734147,0.040000000000000036,True
5.784791,4,53.708958,0.9617596268081177,0.03200000000000003,True
5.773526,4,53.71709,0.9631170841265576,0.03200000000000003,True
5.450604,4,53.726782,0.9616268622001449,0.03200000000000003,True
5.575783,5,53.7406,0.9620301295746384,0.040000000000000036,True
5.680453,4,53.750569,0.9623218928512723,0.03200000000000003,True
5.574003,3,53.758746,0.9608442694986715,0.02400000000000002,True
5.58551,5,54.299176,0.962552283620991,0.040000000000000036,True
5.603158,4,54.308588,0.9600588723331398,0.03200000000000003,True
5.694266,4,54.317645,0.9586190186559023,0.03200000000000003,True
5.510948,4,54.326773,0.9599820670462715,0.03200000000000003,True
5.614627,4,54.337484,0.9607606371898525,0.03200000000000003,True
5.503657,3,54.344571,0.9633420727004834,0.02400000000000002,True
5.754407,4,54.354159,0.9625389839123742,0.03200000000000003,True
5.731893,4,54.363871,0.9590125724810201,0.03200000000000003,True
5.596879,3,54.370358,0.9592348188880135,0.02400000000000002,True
5.614288,5,54.381917,0.9613792752795319,0.040000000000000036,True
5.414118,2,54.388208,0.9623687939831203,0.016000000000000014,True
5.526767,4,54.397851,0.9650654502342262,0.03200000000000003,True
5.382282,3,54.405885,0.959668084398667,0.02400000000000002,True
5.690347,3,54.412307,0.9666862426215183,0.02400000000000002,True
5.777342,5,54.423943,0.9649704318488178,0.040000000000000036,True
5.72566,4,54.435632,0.9616724648766005,0.03200000000000003,True
5.560997,4,54.445425,0.9592772324597306,0.03200000000000003,True
5.467697,4,54.455069,0.9646079750298435,0.03200000000000003,True
5.614363,3,54.463208,0.9571378237279531,0.02400000000000002,True
5.522048,4,54.471772,0.9594340651635843,0.03200000000000003,True
5.691108,4,54.48273,0.9624218347046825,0.03200000000000003,True
5.882333,3,54.489886,0.963730258841405,0.02400000000000002,True
5.643068,5,54.500962,0.9598985716666669,0.040000000000000036,True
5.761347,5,54.514139,0.959340699186794,0.040000000000000036,True
5.856937,4,54.523623,0.962473143174366,0.03200000000000003,True
5.889745,5,54.535576,0.9600668463225747,0.040000000000000036,True
5.466885,4,54.545235,0.961710704633064,0.03200000000000003,True
5.430418,3,54.552827,0.9605500061596175,0.02400000000000002,True
5.7672,5,54.564573,0.9580327377031533,0.040000000000000036,True
5.744685,4,54.573934,0.9631950773744082,0.03200000000000003,True
5.577343,3,54.582054,0.9612132231407181,0.02400000000000002,True
5.708716,3,54.589643,0.9662658720225616,0.02400000000000002,True
5.826447,3,54.597742,0.9596708239786285,0.02400000000000002,True
5.671231,3,54.605777,0.9615190964309974,0.02400000000000002,True
5.858484,4,54.615066,0.962278127958123,0.03200000000000003,True
5.607026,4,54.624189,0.9651849404942078,0.03200000000000003,True
5.838998,3,54.63002,0.9586593922652292,0.02400000000000002,True
5.783717,4,54.638968,0.9560153954956121,0.03200000000000003,True
5.564875,3,54.647362,0.9565878307702227,0.02400000000000002,True
5.515864,4,54.656284,0.9631261430576232,0.03200000000000003,True
5.779592,3,54.664804,0.9590636620457441,0.02400000000000002,True
5.47058,4,54.675053,0.9577404031829049,0.03200000000000003,True
5.817938,4,54.685012,0.9614493968226071,0.03200000000000003,True
5.892767,4,54.694139,0.9567484487297483,0.03200000000000003,True
5.503686,3,54.701049,0.9605839443207811,0.02400000000000002,True
5.787263,3,54.708844,0.9581776171123806,0.02400000000000002,True
5.763382,4,54.718347,0.9610029026010887,0.03200000000000003,True
5.887693,4,54.727747,0.9614176090959541,0.03200000000000003,True
5.833021,4,54.736504,0.9633852995399497,0.03200000000000003,True
5.86459,3,54.743657,0.9588971550834918,0.02400000000000002,True
5.684165,3,54.751318,0.961065114694432,0.02400000000000002,True
5.541412,5,54.762534,0.9617583041442019,0.040000000000000036,True
5.57102,2,54.767185,0.9650727832209025,0.016000000000000014,True
5.54161,3,54.77563,0.9581730819674448,0.02400000000000002,True
6.059136,5,54.787274,0.9597797158430978,0.040000000000000036,True
5.6582,3,54.794506,0.9614014451156734,0.02400000000000002,True
5.418559,3,54.801779,0.9635887526006706,0.02400000000000002,True
5.67093,3,54.809101,0.9578770241783816,0.02400000000000002,True
5.504772,3,54.817101,0.9626741245835613,0.02400000000000002,True
5.855848,4,54.826727,0.9589319515744181,0.03200000000000003,True
5.62451,3,54.834884,0.9609572376096693,0.02400000000000002,True
5.582088,2,54.840213,0.9605813953696001,0.016000000000000014,True
5.67731,4,54.850304,0.9576473426477972,0.03200000000000003,True
5.79036,4,54.860096,0.9592260631919978,0.03200000000000003,True
5.556647,4,54.869689,0.9613960356348032,0.03200000000000003,True
5.542235,3,54.876895,0.958653407510391,0.02400000000000002,True
5.531382,5,54.966106,0.9637080890290881,0.040000000000000036,True
5.507122,4,54.974967,0.9592455254986283,0.03200000000000003,True
5.537997,4,54.986609,0.9576924130858131,0.03200000000000003,True
5.864244,3,54.996708,0.9629835349798272,0.02400000000000002,True
6.007861,5,55.516761,0.9592666684314672,0.040000000000000036,True
5.574892,4,55.526463,0.9658189120257219,0.03200000000000003,True
5.696305,3,55.533118,0.961814755849288,0.02400000000000002,True
5.443803,4,55.543059,0.9585795677014504,0.03200000000000003,True
6.004244,4,55.551389,0.9675278249025999,0.03200000000000003,True
5.488586,3,55.558646,0.9631292010315864,0.02400000000000002,True
5.505108,3,55.566117,0.9601631755008168,0.02400000000000002,True
5.60715,3,55.573106,0.9592715192603904,0.02400000000000002,True
5.766674,4,55.58158,0.962308092338221,0.03200000000000003,True
5.527403,4,55.591002,0.9633866914291815,0.03200000000000003,True
5.626052,4,55.600129,0.963183448416217,0.03200000000000003,True
5.705747,3,55.606885,0.9613760030452662,0.02400000000000002,True
5.716071,4,55.615881,0.9609187746136505,0.03200000000000003,True
5.445933,4,55.625057,0.9633751311200329,0.03200000000000003,True
5.731833,5,55.636232,0.9661488875049002,0.040000000000000036,True
5.575824,4,55.64536,0.9646268878972526,0.03200000000000003,True
5.742319,4,55.65502,0.9633764387418682,0.03200000000000003,True
5.74337,5,55.668555,0.9592831871245249,0.040000000000000036,True
5.621457,4,55.677749,0.9617746225983572,0.03200000000000003,True
5.736448,5,55.69112,0.9595107205665563,0.040000000000000036,True
5.652549,3,55.700721,0.9598139148280722,0.02400000000000002,True
5.898279,4,55.710463,0.9635192813044073,0.03200000000000003,True
5.962113,4,55.72004,0.9667001153438673,0.03200000000000003,True
5.851482,4,55.730139,0.9613216250635022,0.03200000000000003,True
5.807371,4,55.739855,0.9617830041617007,0.03200000000000003,True
5.662667,5,55.751656,0.9642038974964899,0.040000000000000036,True
5.552479,4,55.762208,0.9597854424498766,0.03200000000000003,True
5.752153,3,55.769171,0.9648548130630369,0.02400000000000002,True
5.656821,5,55.781458,0.9590924031197683,0.040000000000000036,True
5.567918,4,55.7904,0.9647012336708679,0.03200000000000003,True
5.787223,4,55.802297,0.9649422244648194,0.03200000000000003,True
5.741094,3,55.808638,0.9605181694011128,0.02400000000000002,True
5.853489,4,55.818657,0.960886356320543,0.03200000000000003,True
5.587532,4,55.827502,0.9570041947262098,0.03200000000000003,True
5.962573,3,55.833937,0.9626847579328751,0.02400000000000002,True
5.563825,3,55.843444,0.9630375676569072,0.02400000000000002,True
5.865078,5,55.855851,0.9618639308568475,0.040000000000000036,True
5.782957,4,55.864846,0.9631330025466958,0.03200000000000003,True
5.524165,5,55.878366,0.9630137221580106,0.040000000000000036,True
5.71966,3,55.885242,0.9613920313147883,0.02400000000000002,True
5.60512,4,55.893935,0.9597522676076025,0.03200000000000003,True
5.597869,5,55.906036,0.963163353050976,0.040000000000000036,True
5.849603,5,55.917032,0.9590755337199843,0.040000000000000036,True
5.798597,3,55.924789,0.9624931724224879,0.02400000000000002,True
5.803716,4,55.933702,0.9617968533490175,0.03200000000000003,True
5.518465,4,55.942044,0.9582676156906965,0.03200000000000003,True
5.682161,4,55.95116,0.9639171021595558,0.03200000000000003,True
5.617762,4,55.961242,0.9629350966618335,0.03200000000000003,True
5.758123,4,55.970525,0.96146347570585,0.03200000000000003,True
5.962806,3,55.978137,0.959896007765676,0.02400000000000002,True
5.756072,4,55.986796,0.9597454533743618,0.03200000000000003,True
5.729373,4,55.995968,0.9606080611158059,0.03200000000000003,True
5.572953,4,56.005133,0.9654841522587893,0.03200000000000003,True
5.764996,5,56.016571,0.957804875765023,0.040000000000000036,True
5.534307,4,56.029671,0.9580126942714646,0.03200000000000003,True
5.568143,3,56.041142,0.9624237267771062,0.02400000000000002,True
5.910006,5,56.056856,0.966304098835358,0.040000000000000036,True
5.530311,4,56.065924,0.9623917853606985,0.03200000000000003,True
5.841187,5,56.076492,0.9571317601417745,0.040000000000000036,True
5.606515,4,56.085622,0.9621135391644575,0.03200000000000003,True
5.805254,5,56.098163,0.9575269930827458,0.040000000000000036,True
5.696615,3,56.104041,0.9614481672686384,0.02400000000000002,True
5.92102,5,56.115697,0.9580575194164251,0.040000000000000036,True
5.966139,5,56.12675,0.9589959228200482,0.040000000000000036,True
5.876264,5,56.652952,0.9586355354385011,0.040000000000000036,True
5.649323,5,56.666196,0.9603305729928138,0.040000000000000036,True
5.660214,4,56.675498,0.9629483656543565,0.03200000000000003,True
5.933257,3,56.68291,0.9584069896042395,0.02400000000000002,True
5.804792,4,56.694912,0.9607111451814563,0.03200000000000003,True
5.715889,4,56.705861,0.9589514602831768,0.03200000000000003,True
5.796941,5,56.716801,0.9636263947904941,0.040000000000000036,True
5.856925,4,56.726128,0.9603686140861054,0.03200000000000003,True
5.596121,4,56.735989,0.958458518858791,0.03200000000000003,True
5.753929,4,56.744908,0.9603013649951307,0.03200000000000003,True
5.466204,4,56.754057,0.9620501454885532,0.03200000000000003,True
5.835691,4,56.763531,0.9608543084742879,0.03200000000000003,True
5.737286,4,56.771821,0.9642601891000127,0.03200000000000003,True
6.028772,4,56.780529,0.9588292612337721,0.03200000000000003,True
5.6596,4,56.789635,0.9613720489170993,0.03200000000000003,True
5.396156,4,56.798879,0.9570502594526834,0.03200000000000003,True
5.66062,5,56.811202,0.965653266175452,0.040000000000000036,True
5.655905,2,56.816012,0.9594924625822041,0.016000000000000014,True
5.841337,4,56.825753,0.9638363100002532,0.03200000000000003,True
5.625852,5,56.836875,0.9616541430065275,0.040000000000000036,True
5.455736,3,56.845953,0.9636621123855733,0.02400000000000002,True
5.716928,3,56.853335,0.9633247952472729,0.02400000000000002,True
5.549254,5,56.864799,0.9606124221684416,0.040000000000000036,True
5.735242,4,56.873885,0.9639754263125908,0.03200000000000003,True
5.507062,4,56.88374,0.9631989628760775,0.03200000000000003,True
5.864812,4,56.892333,0.9584052709537891,0.03200000000000003,True
5.597162,4,56.901472,0.9611358890259176,0.03200000000000003,True
5.957616,3,56.911212,0.9644108088587128,0.02400000000000002,True
5.532019,4,56.921182,0.9583682013469877,0.03200000000000003,True
5.83243,4,56.930078,0.95909556986548,0.03200000000000003,True
5.502471,5,56.941544,0.9622592831823271,0.040000000000000036,True
5.781834,4,56.95156,0.9619905561488857,0.03200000000000003,True
5.596732,4,56.961416,0.9588333324087446,0.03200000000000003,True
5.805032,4,56.971602,0.9623681628264763,0.03200000000000003,True
5.487317,5,56.98384,0.9633568649801472,0.040000000000000036,True
5.597956,4,56.993204,0.9622470298264449,0.03200000000000003,True
5.801777,5,57.005856,0.9640921660733379,0.040000000000000036,True
5.503637,4,57.015979,0.9575357610119118,0.03200000000000003,True
5.938437,4,57.025662,0.9672633280990359,0.03200000000000003,True
5.60882,4,57.035734,0.9612583171802779,0.03200000000000003,True
5.712054,4,57.045374,0.963965213913463,0.03200000000000003,True
5.555615,3,57.052223,0.9594651903197228,0.02400000000000002,True
5.737725,4,57.067444,0.9590181057670025,0.03200000000000003,True
5.726373,3,57.075982,0.9624216175678953,0.02400000000000002,True
5.581647,4,57.090127,0.9632379021886626,0.03200000000000003,True
5.634043,3,57.098551,0.9655026477225477,0.02400000000000002,True
5.804176,5,57.109258,0.9581573208023111,0.040000000000000036,True
5.711715,3,57.117193,0.9582574792231427,0.02400000000000002,True
5.48502,4,57.12639,0.9603306967870232,0.03200000000000003,True
5.562222,3,57.134003,0.9686135181329796,0.02400000000000002,True
5.612415,3,57.141222,0.9589753164341637,0.02400000000000002,True
5.628652,3,57.147847,0.9637404982677378,0.02400000000000002,True
5.820929,4,57.15612,0.9585116471626232,0.03200000000000003,True
5.862037,4,57.165105,0.9674281665085043,0.03200000000000003,True
6.098192,4,57.174519,0.9614264900181366,0.03200000000000003,True
5.5574,4,57.183604,0.9641702299819391,0.03200000000000003,True
5.744168,4,57.191894,0.9560877062193841,0.03200000000000003,True
5.684273,4,57.202219,0.9657755575594291,0.03200000000000003,True
5.531146,4,57.211539,0.9599538795054189,0.03200000000000003,True
5.770175,3,57.218373,0.9584464539251814,0.02400000000000002,True
5.477013,4,57.227303,0.9575074396808416,0.03200000000000003,True
5.667488,3,57.234122,0.9621393842032543,0.02400000000000002,True
5.649716,4,57.243669,0.9579402198257028,0.03200000000000003,True
5.563389,2,57.249844,0.9574481427367041,0.016000000000000014,True
5.60193,4,57.259272,0.9621663031164319,0.03200000000000003,True
5.767865,4,57.267195,0.961718621504458,0.03200000000000003,True
5.373012,3,57.79915,0.9574855004620341,0.02400000000000002,True
5.921665,5,57.810786,0.957788960150484,0.040000000000000036,True
5.678516,4,57.819731,0.9620373568212366,0.03200000000000003,True
5.811518,4,57.828081,0.9611527296664429,0.03200000000000003,True
5.735965,4,57.837631,0.9597291792101754,0.03200000000000003,True
5.82784,4,57.848485,0.9597917641975815,0.03200000000000003,True
5.798342,4,57.858568,0.9640059668525437,0.03200000000000003,True
5.762095,4,57.867949,0.9631712349833466,0.03200000000000003,True
5.794488,3,57.875166,0.9604400483983616,0.02400000000000002,True
5.497653,4,57.884159,0.9576824644060482,0.03200000000000003,True
5.764281,4,57.89573,0.9602502433402063,0.03200000000000003,True
5.795834,4,57.904019,0.961312653237743,0.03200000000000003,True
5.8397,4,57.915905,0.957677665836292,0.03200000000000003,True
5.790206,4,57.92752,0.9588626170989383,0.03200000000000003,True
5.530578,4,57.936974,0.9628646733166687,0.03200000000000003,True
5.483326,2,57.941301,0.9581005715688943,0.016000000000000014,True
5.647952,3,57.947978,0.9630808005605538,0.02400000000000002,True
5.6776,4,57.957387,0.9629302862702858,0.03200000000000003,True
5.637421,3,57.964679,0.9563268428103022,0.02400000000000002,True
5.627141,3,57.971309,0.9564600528141166,0.02400000000000002,True
5.658676,4,57.980386,0.9567298311337625,0.03200000000000003,True
5.713606,4,57.989585,0.9593106105002279,0.03200000000000003,True
5.88428,4,57.998683,0.9609858458880278,0.03200000000000003,True
5.79571,4,58.008659,0.9592046835983554,0.03200000000000003,True
5.514018,4,58.017959,0.9618609385629078,0.03200000000000003,True
5.505771,4,58.02706,0.9597554911790326,0.03200000000000003,True
5.679593,4,58.036322,0.9615875619152533,0.03200000000000003,True
5.829125,4,58.04606,0.9612231108536824,0.03200000000000003,True
5.868321,3,58.053221,0.9612901066505872,0.02400000000000002,True
5.526231,4,58.062936,0.9618852254091868,0.03200000000000003,True
5.864202,4,58.072086,0.959497753066123,0.03200000000000003,True
5.428655,4,58.082459,0.96150178887951,0.03200000000000003,True
5.681614,3,58.088674,0.9596394065572955,0.02400000000000002,True
5.829713,5,58.105105,0.9592384365896623,0.040000000000000036,True
5.653909,4,58.121814,0.961103937144313,0.03200000000000003,True
5.617134,3,58.132632,0.9603613663286208,0.02400000000000002,True
6.040301,4,58.141927,0.959682824704054,0.03200000000000003,True
5.689743,4,58.151375,0.9617886086258395,0.03200000000000003,True
5.827144,4,58.161701,0.964378932904466,0.03200000000000003,True
5.706651,4,58.170887,0.9614404075517518,0.03200000000000003,True
5.724448,3,58.177161,0.9651846881652413,0.02400000000000002,True
5.543899,3,58.185032,0.9620539479140675,0.02400000000000002,True
5.760714,4,58.194369,0.9613457614629138,0.03200000000000003,True
5.703089,3,58.202562,0.9619457294881476,0.02400000000000002,True
5.738352,5,58.213676,0.959612826888417,0.040000000000000036,True
5.68072,4,58.223003,0.9601196672117569,0.03200000000000003,True
5.795436,5,58.235692,0.9589460729798381,0.040000000000000036,True
5.594883,3,58.242298,0.9617191617586319,0.02400000000000002,True
5.411638,3,58.24996,0.9578885626843344,0.02400000000000002,True
5.644455,5,58.261095,0.9637776628469302,0.040000000000000036,True
5.579184,3,58.26817,0.9590063993540623,0.02400000000000002,True
5.695182,4,58.277334,0.9571405960867303,0.03200000000000003,True
5.69378,5,58.288671,0.9594972531649207,0.040000000000000036,True
5.577312,4,58.298072,0.962262267900519,0.03200000000000003,True
5.824769,4,58.307211,0.959953935667466,0.03200000000000003,True
5.62647,4,58.316859,0.9628977119931685,0.03200000000000003,True
5.689688,4,58.325814,0.9602846054505981,0.03200000000000003,True
5.66747,4,58.335227,0.9596046572968957,0.03200000000000003,True
5.386832,3,58.341241,0.964456044879074,0.02400000000000002,True
5.714795,4,58.350357,0.9631597662508755,0.03200000000000003,True
5.807694,4,58.360043,0.9604421297218639,0.03200000000000003,True
5.445155,3,58.368298,0.9678873723160245,0.02400000000000002,True
5.63077,5,58.380816,0.9634397911157061,0.040000000000000036,True
5.739006,3,58.388565,0.9617357020121989,0.02400000000000002,True
5.930166,3,58.396834,0.9573854372430051,0.02400000000000002,True
6.033252,5,58.407921,0.9578837350318128,0.040000000000000036,True
5.664234,3,58.414719,0.9628651182152501,0.02400000000000002,True
5.78622,3,58.941723,0.9566493116190481,0.02400000000000002,True
5.5446,5,58.952956,0.959224500545631,0.040000000000000036,True
5.613826,5,58.963658,0.9605623374493597,0.040000000000000036,True
5.466272,4,58.972511,0.9638034888805005,0.03200000000000003,True
5.616959,4,58.981734,0.9613305433681965,0.03200000000000003,True
5.703838,3,58.98888,0.9615989839352244,0.02400000000000002,True
6.019205,5,59.000549,0.958944010672849,0.040000000000000036,True
5.532379,3,59.008044,0.9626164512151085,0.02400000000000002,True
5.715804,3,59.014559,0.9613337924876659,0.02400000000000002,True
5.976463,4,59.023639,0.9634136215717686,0.03200000000000003,True
5.815032,4,59.032821,0.9612736767575847,0.03200000000000003,True
5.601879,4,59.043558,0.9660572701198779,0.03200000000000003,True
5.414479,3,59.050529,0.9622964941531966,0.02400000000000002,True
5.643002,5,59.0618,0.9591941977723148,0.040000000000000036,True
5.779131,5,59.073693,0.9631043852952311,0.040000000000000036,True
5.512884,4,59.081897,0.9675205292672797,0.03200000000000003,True
5.41724,3,59.088586,0.9625894698021193,0.02400000000000002,True
5.552825,4,59.099836,0.9650473660620934,0.03200000000000003,True
5.380104,2,59.106268,0.96103698780798,0.016000000000000014,True
5.459236,4,59.11721,0.959187796658842,0.03200000000000003,True
5.906666,5,59.12965,0.9611622519455439,0.040000000000000036,True
5.639524,4,59.145819,0.9613303124679677,0.03200000000000003,True
5.72073,3,59.15666,0.9642131602849717,0.02400000000000002,True
5.763144,4,59.168199,0.9636902358290442,0.03200000000000003,True
5.593365,4,59.177046,0.9604218513153946,0.03200000000000003,True
5.56436,5,59.187498,0.9610672820708398,0.040000000000000036,True
5.371956,3,59.194777,0.961783417954488,0.02400000000000002,True
5.973407,4,59.203988,0.9615852334284696,0.03200000000000003,True
5.687474,4,59.213168,0.9617829818641717,0.03200000000000003,True
5.889292,4,59.220922,0.9611822525408431,0.03200000000000003,True
5.632445,5,59.232704,0.9582352168845361,0.040000000000000036,True
5.616282,5,59.243047,0.961470958195557,0.040000000000000036,True
5.65504,5,59.253652,0.9611970167290673,0.040000000000000036,True
5.463959,4,59.262318,0.9636312283258661,0.03200000000000003,True
5.495896,4,59.271176,0.9589075642580726,0.03200000000000003,True
5.72457,3,59.278745,0.9618718221022591,0.02400000000000002,True
5.713007,3,59.286117,0.9637295112419666,0.02400000000000002,True
5.680443,3,59.292636,0.9674212057517022,0.02400000000000002,True
5.779543,3,59.299285,0.9694674424523021,0.02400000000000002,True
5.739262,4,59.307616,0.9653094713356292,0.03200000000000003,True
5.808393,5,59.320097,0.9640797203814733,0.040000000000000036,True
5.789745,4,59.328923,0.9614038090793195,0.03200000000000003,True
5.347181,3,59.335264,0.9647453087282212,0.02400000000000002,True
5.6587,4,59.343945,0.9600418065538,0.03200000000000003,True
5.467214,3,59.35158,0.9632875557882374,0.02400000000000002,True
5.67762,4,59.361724,0.9621231958323042,0.03200000000000003,True
5.681238,4,59.371307,0.9632877365120618,0.03200000000000003,True
5.633062,5,59.38433,0.9595875552103451,0.040000000000000036,True
5.822426,4,59.393927,0.9593887337587017,0.03200000000000003,True
5.568132,4,59.403868,0.9615574831680891,0.03200000000000003,True
5.542963,4,59.413164,0.9596364884357648,0.03200000000000003,True
5.630751,4,59.422955,0.9576431106453229,0.03200000000000003,True
5.513151,4,59.431994,0.9620786103502857,0.03200000000000003,True
5.707667,5,59.442196,0.9640194394920947,0.040000000000000036,True
5.574852,4,59.452092,0.9608793249935639,0.03200000000000003,True
5.551366,5,59.463165,0.9606262736261979,0.040000000000000036,True
5.612207,3,59.47076,0.9622173439362441,0.02400000000000002,True
5.718644,4,59.480676,0.9595658937323659,0.03200000000000003,True
5.869581,4,59.489939,0.9644702571867182,0.03200000000000003,True
5.675988,4,59.499371,0.9593269234355114,0.03200000000000003,True
5.432183,3,59.507089,0.9620261607533263,0.02400000000000002,True
5.85297,5,59.518637,0.9602223360525218,0.040000000000000036,True
5.936551,4,59.527878,0.9620028446885898,0.03200000000000003,True
5.75011,3,59.53618,0.9591744257017378,0.02400000000000002,True
5.675399,5,59.547018,0.9610647570790362,0.040000000000000036,True
5.766421,5,60.082104,0.9604888612006757,0.040000000000000036,True
5.907386,3,60.089783,0.9647378617684593,0.02400000000000002,True
5.767797,4,60.099027,0.9572081050716228,0.03200000000000003,True
5.838625,5,60.110902,0.9612471792697506,0.040000000000000036,True
5.766263,3,60.118138,0.9582107983460756,0.02400000000000002,True
5.662282,4,60.128004,0.9619413294522816,0.03200000000000003,True
5.757092,4,60.138497,0.9637484565960587,0.03200000000000003,True
5.495089,3,60.146368,0.9608052854678166,0.02400000000000002,True
5.36195,3,60.152901,0.9611389369617672,0.02400000000000002,True
5.627977,4,60.162073,0.964309720919243,0.03200000000000003,True
5.45953,3,60.17286,0.961584480689639,0.02400000000000002,True
5.593171,4,60.189952,0.9609539486735492,0.03200000000000003,True
5.838889,4,60.204365,0.958601535410027,0.03200000000000003,True
5.647769,3,60.212328,0.964434649376948,0.02400000000000002,True
5.563182,4,60.22189,0.9626161852235474,0.03200000000000003,True
6.032406,4,60.230572,0.9607236144389179,0.03200000000000003,True
5.739394,4,60.240701,0.9638969776716668,0.03200000000000003,True
5.681562,5,60.25342,0.9619467437535296,0.040000000000000036,True
5.414009,3,60.261566,0.9590745693558032,0.02400000000000002,True
5.779639,4,60.270859,0.9622737571313544,0.03200000000000003,True
5.462107,2,60.275054,0.9638521692727988,0.016000000000000014,True
5.962678,4,60.284282,0.963242600711434,0.03200000000000003,True
5.445049,3,60.291862,0.9581367301829448,0.02400000000000002,True
5.577294,3,60.299496,0.9563467000968497,0.02400000000000002,True
5.517903,4,60.309325,0.9598891928159494,0.03200000000000003,True
5.669247,4,60.31888,0.9619140091341449,0.03200000000000003,True
5.748257,3,60.326196,0.9595055209709913,0.02400000000000002,True
5.738441,4,60.334838,0.9576002915211346,0.03200000000000003,True
5.596255,3,60.342096,0.9618885633058637,0.02400000000000002,True
5.664036,4,60.350992,0.9638613215290218,0.03200000000000003,True
5.592591,4,60.360056,0.9639995680622703,0.03200000000000003,True
5.492954,3,60.36585,0.9618484182762264,0.02400000000000002,True
5.872885,5,60.378693,0.9609067802316877,0.040000000000000036,True
5.543357,4,60.388693,0.9626286505763063,0.03200000000000003,True
5.677088,5,60.401616,0.9647300341398399,0.040000000000000036,True
5.677785,4,60.410134,0.9594677335517077,0.03200000000000003,True
5.71404,4,60.419898,0.9583293213040275,0.03200000000000003,True
5.579106,4,60.428856,0.9607859706816033,0.03200000000000003,True
5.761891,4,60.438155,0.9658225472887567,0.03200000000000003,True
5.699299,3,60.445787,0.9697716317230826,0.02400000000000002,True
5.516264,3,60.452689,0.9588206208903127,0.02400000000000002,True
5.780793,3,60.459894,0.9641047612383606,0.02400000000000002,True
5.721734,3,60.467983,0.9592314353150879,0.02400000000000002,True
5.813145,5,60.479872,0.9616003869548637,0.040000000000000036,True
5.569794,4,60.488969,0.9694051288295281,0.03200000000000003,True
5.767929,4,60.497803,0.9595860908652066,0.03200000000000003,True
5.661623,4,60.50703,0.9596666913916441,0.03200000000000003,True
5.65662,3,60.514242,0.9619017511567755,0.02400000000000002,True
5.654707,5,60.524753,0.9622314823896073,0.040000000000000036,True
5.473619,4,60.53416,0.9611938406626162,0.03200000000000003,True
5.743969,3,60.542056,0.9583708608170357,0.02400000000000002,True
5.849014,4,60.55099,0.9576875275573753,0.03200000000000003,True
5.689741,4,60.560652,0.9652260370450239,0.03200000000000003,True
5.79754,4,60.569416,0.9614534316459356,0.03200000000000003,True
5.799789,4,60.579262,0.9635514558905434,0.03200000000000003,True
5.524218,3,60.587171,0.9616536885346939,0.02400000000000002,True
5.58659,4,60.669919,0.9608239032006359,0.03200000000000003,True
5.712961,5,60.682038,0.9598219841640295,0.040000000000000036,True
5.776553,4,60.691055,0.9623009878907209,0.03200000000000003,True
5.83072,3,60.698938,0.9644939625914217,0.02400000000000002,True
5.537961,3,60.706022,0.9630216100997527,0.02400000000000002,True
5.816646,4,60.71562,0.9629194124922419,0.03200000000000003,True
5.651689,3,60.722668,0.9582693376391132,0.02400000000000002,True
5.513296,4,60.731362,0.9673326231281038,0.03200000000000003,True
5.520855,3,60.738695,0.9608821745989339,0.02400000000000002,True
5.70559,3,60.744794,0.9601418597956101,0.02400000000000002,True
5.51271,4,60.753357,0.959084831939196,0.03200000000000003,True
5.732877,3,60.760037,0.9668945706114749,0.02400000000000002,True
5.676735,5,61.339087,0.9588416336169863,0.040000000000000036,True
5.34836,4,61.356873,0.9651593863317987,0.03200000000000003,True
5.352097,4,61.368781,0.9629247272046288,0.03200000000000003,True
5.955479,5,61.382461,0.9601544899877728,0.040000000000000036,True
5.59327,4,61.393687,0.9660068367033982,0.03200000000000003,True
5.828895,4,61.403673,0.9596518399619003,0.03200000000000003,True
5.480565,3,61.411654,0.968519732443038,0.02400000000000002,True
5.822767,5,61.422852,0.9617258191159178,0.040000000000000036,True
5.621523,4,61.431876,0.9689096889173097,0.03200000000000003,True
5.772514,4,61.441059,0.9592265361744479,0.03200000000000003,True
5.836195,5,61.458276,0.9583779252313679,0.040000000000000036,True
5.761485,3,61.468987,0.9573493082989094,0.02400000000000002,True
5.803799,4,61.480756,0.9635917391257531,0.03200000000000003,True
5.746576,4,61.490762,0.9602880564680222,0.03200000000000003,True
5.699893,3,61.498675,0.9601334967197024,0.02400000000000002,True
6.06816,4,61.507616,0.962546179833608,0.03200000000000003,True
5.924731,3,61.51464,0.9600888541155176,0.02400000000000002,True
6.042569,5,61.526938,0.9606152354242344,0.040000000000000036,True
5.583507,5,61.53896,0.959145346830611,0.040000000000000036,True
5.697566,4,61.550657,0.958735796386101,0.03200000000000003,True
5.807076,4,61.559914,0.9632133463402683,0.03200000000000003,True
5.467403,4,61.570015,0.9631764724326317,0.03200000000000003,True
5.618504,4,61.579796,0.9625676414392208,0.03200000000000003,True
5.586039,4,61.589317,0.9590322675233627,0.03200000000000003,True
5.36601,3,61.596991,0.9566851713006876,0.02400000000000002,True
5.543028,4,61.606536,0.965541693806647,0.03200000000000003,True
5.83995,4,61.61497,0.9614631936873195,0.03200000000000003,True
5.870042,4,61.624344,0.9622833011562153,0.03200000000000003,True
5.660284,3,61.631777,0.9641809552690099,0.02400000000000002,True
5.734262,4,61.640869,0.9639694427377223,0.03200000000000003,True
5.748665,5,61.653034,0.9636569719966579,0.040000000000000036,True
5.486167,3,61.660779,0.9635202981569853,0.02400000000000002,True
5.65743,2,61.665703,0.9589946000767976,0.016000000000000014,True
5.696847,3,61.672804,0.9675322059684579,0.02400000000000002,True
5.404029,4,61.683849,0.961509625850227,0.03200000000000003,True
5.581354,5,61.696759,0.9624351990105104,0.040000000000000036,True
5.751298,5,61.709137,0.9561243563114026,0.040000000000000036,True
5.588346,5,61.71992,0.9572047038191596,0.040000000000000036,True
5.76923,3,61.727701,0.9654753222292046,0.02400000000000002,True
5.569877,5,61.738664,0.9614072725972402,0.040000000000000036,True
5.618086,4,61.749578,0.9604323641975437,0.03200000000000003,True
5.951212,4,61.758109,0.9618674149862487,0.03200000000000003,True
5.710825,4,61.767293,0.963231190079523,0.03200000000000003,True
5.965371,3,61.77462,0.9608215548232157,0.02400000000000002,True
5.601794,3,61.781253,0.9626752723908983,0.02400000000000002,True
5.449679,4,61.789964,0.9634094407185367,0.03200000000000003,True
5.739098,3,61.796854,0.9636804475248143,0.02400000000000002,True
6.05802,5,61.808091,0.9571477246822891,0.040000000000000036,True
5.888981,4,61.816978,0.9596814214993716,0.03200000000000003,True
5.512367,4,61.825663,0.9566545079499107,0.03200000000000003,True
5.748114,5,61.836845,0.9597980289864226,0.040000000000000036,True
5.497767,3,61.847503,0.9674103415730313,0.02400000000000002,True
5.536298,5,61.861044,0.9589634698915784,0.040000000000000036,True
5.518803,4,61.871308,0.9712885038159909,0.03200000000000003,True
5.769167,4,61.881137,0.9607208381011906,0.03200000000000003,True
5.458196,2,61.885916,0.9580340081280443,0.016000000000000014,True
5.815459,4,61.895301,0.9614066384068797,0.03200000000000003,True
5.806688,4,61.904177,0.9590260214791062,0.03200000000000003,True
5.818549,4,61.91592,0.957613222832612,0.03200000000000003,True
5.76703,5,61.930578,0.9636446879121001,0.040000000000000036,True
5.585995,4,61.93987,0.9587870288789393,0.03200000000000003,True
5.688228,3,61.947812,0.9599722462219908,0.02400000000000002,True
5.837513,4,61.957029,0.9573923476578952,0.03200000000000003,True
5.557861,3,61.962981,0.96354532097731,0.02400000000000002,True
5.604446,4,61.972795,0.9589408195959206,0.03200000000000003,True
5.764078,3,61.980037,0.9589084910253145,0.02400000000000002,True
5.763655,3,62.514421,0.9629704505791132,0.02400000000000002,True
5.62403,4,62.524262,0.9610396936611318,0.03200000000000003,True
5.799703,3,62.532939,0.9620506886228071,0.02400000000000002,True
5.861175,5,62.545518,0.959139513176321,0.040000000000000036,True
5.444658,4,62.554868,0.9651961868690921,0.03200000000000003,True
5.753694,4,62.565058,0.9618376963281563,0.03200000000000003,True
5.538855,4,62.573382,0.958372292687753,0.03200000000000003,True
5.743025,4,62.583212,0.9603587892244874,0.03200000000000003,True
5.789209,5,62.595408,0.9586400035494079,0.040000000000000036,True
5.714506,3,62.602816,0.9636983600686756,0.02400000000000002,True
5.532536,3,62.609821,0.962729988952239,0.02400000000000002,True
5.769878,4,62.619845,0.9625821809879549,0.03200000000000003,True
5.753534,5,62.630852,0.9607767416161407,0.040000000000000036,True
5.536612,3,62.638794,0.9633603861787472,0.02400000000000002,True
5.694314,4,62.647728,0.9617815455375098,0.03200000000000003,True
5.609424,3,62.655374,0.9588113727874482,0.02400000000000002,True
5.566507,4,62.663908,0.9572420707474509,0.03200000000000003,True
5.609066,4,62.673786,0.9626082593243475,0.03200000000000003,True
5.64946,4,62.684789,0.960858645122953,0.03200000000000003,True
5.792393,4,62.698693,0.9615948582496883,0.03200000000000003,True
5.447261,4,62.709923,0.9655174067225762,0.03200000000000003,True
5.783482,3,62.71792,0.9606176843431292,0.02400000000000002,True
5.4734,3,62.724926,0.9603660934932183,0.02400000000000002,True
5.423107,5,62.73727,0.9637752961329369,0.040000000000000036,True
5.806925,5,62.747906,0.9603367368924078,0.040000000000000036,True
5.579072,3,62.755794,0.9606394465383912,0.02400000000000002,True
5.639507,5,62.766839,0.9595820722028784,0.040000000000000036,True
5.494666,4,62.775072,0.9580973289708195,0.03200000000000003,True
5.820437,5,62.786962,0.9583381606961696,0.040000000000000036,True
5.814668,4,62.795839,0.9638059720794424,0.03200000000000003,True
5.7137,5,62.807626,0.9606389808816299,0.040000000000000036,True
5.551098,4,62.816765,0.9610750782272437,0.03200000000000003,True
5.537439,3,62.823956,0.9567826069277401,0.02400000000000002,True
5.64934,2,62.828064,0.960618283821854,0.016000000000000014,True
5.804026,4,62.83773,0.9614076634055511,0.03200000000000003,True
5.762102,5,62.848945,0.96234455281639,0.040000000000000036,True
5.569977,3,62.856348,0.9652185502868583,0.02400000000000002,True
5.797563,2,62.86166,0.9702284661619299,0.016000000000000014,True
5.680927,4,62.871906,0.958377938364432,0.03200000000000003,True
5.591745,5,62.883473,0.9656308949855871,0.040000000000000036,True
5.690928,5,62.897033,0.9605777751657162,0.040000000000000036,True
5.608471,4,62.906534,0.9638781104369707,0.03200000000000003,True
5.84956,5,62.91862,0.9624021417556525,0.040000000000000036,True
5.376615,2,62.924891,0.9625500965508738,0.016000000000000014,True
5.782359,4,62.93475,0.956916830856861,0.03200000000000003,True
5.632271,4,62.945076,0.9600711033698828,0.03200000000000003,True
5.927905,4,62.953867,0.9633122229131796,0.03200000000000003,True
5.746981,3,62.961727,0.965896549180461,0.02400000000000002,True
5.70752,3,62.967225,0.9637761447529429,0.02400000000000002,True
5.591492,4,62.97748,0.9567371823585713,0.03200000000000003,True
5.776346,4,62.986903,0.958671264104594,0.03200000000000003,True
5.726803,4,62.997151,0.9564607232633073,0.03200000000000003,True
5.761967,4,63.006901,0.9617809037283815,0.03200000000000003,True
5.816576,4,63.0169,0.9579186877854416,0.03200000000000003,True
5.821101,4,63.026838,0.9630265632216624,0.03200000000000003,True
5.512427,3,63.033036,0.9625059565483095,0.02400000000000002,True
5.785308,3,63.04014,0.9617121585363143,0.02400000000000002,True
5.683724,3,63.048306,0.9614118038032227,0.02400000000000002,True
5.643409,4,63.058904,0.9594643242877678,0.03200000000000003,True
5.824134,4,63.068461,0.9607424656310114,0.03200000000000003,True
5.669588,5,63.079537,0.9575374065693154,0.040000000000000036,True
5.675856,3,63.086793,0.956638669881112,0.02400000000000002,True
5.806924,3,63.096996,0.9663672598240984,0.02400000000000002,True
5.606819,4,63.110939,0.9639332810021837,0.03200000000000003,True
5.672144,3,63.122611,0.9643415462762466,0.02400000000000002,True
6.087111,4,63.137329,0.9607105660298285,0.03200000000000003,True
5.756946,5,63.889995,0.9669190521068352,0.040000000000000036,True
5.80831,3,63.89832,0.9656495837501292,0.02400000000000002,True
5.832796,4,63.912335,0.9593918477022003,0.03200000000000003,True
5.554681,5,63.929621,0.9591276550345379,0.040000000000000036,True
5.728279,4,63.945324,0.963087522171922,0.03200000000000003,True
5.781512,3,63.955521,0.9625245095305788,0.02400000000000002,True
5.527333,3,63.964002,0.962049906113811,0.02400000000000002,True
5.814574,5,63.978625,0.9605914031775159,0.040000000000000036,True
5.816547,4,63.990452,0.9619087897984246,0.03200000000000003,True
5.845617,4,64.003121,0.9622159273489219,0.03200000000000003,True
5.485417,4,64.014811,0.9648512082592225,0.03200000000000003,True
5.444433,3,64.023777,0.9581874856512455,0.02400000000000002,True
5.756538,4,64.036012,0.9624442249282438,0.03200000000000003,True
5.761806,4,64.04786,0.9597914572663537,0.03200000000000003,True
5.448169,3,64.056248,0.961112594972109,0.02400000000000002,True
5.652789,3,64.065685,0.9634893503196558,0.02400000000000002,True
5.733129,4,64.078079,0.966604057782191,0.03200000000000003,True
5.690049,3,64.086993,0.9570341735194849,0.02400000000000002,True
5.775895,4,64.100155,0.9627649351125389,0.03200000000000003,True
5.605724,4,64.111424,0.9632346300011536,0.03200000000000003,True
6.047922,5,64.124866,0.9645146113338146,0.040000000000000036,True
5.466105,4,64.136341,0.9634662008216204,0.03200000000000003,True
5.712729,3,64.145656,0.9634411837570012,0.02400000000000002,True
5.53139,4,64.157334,0.9610441713792299,0.03200000000000003,True
5.5483,3,64.165183,0.9655625051023362,0.02400000000000002,True
5.461026,4,64.176674,0.9578152402180399,0.03200000000000003,True
5.613881,4,64.188075,0.9606024996956242,0.03200000000000003,True
5.984484,4,64.200068,0.9665760708967825,0.03200000000000003,True
5.435006,4,64.211864,0.9624285390041771,0.03200000000000003,True
5.724872,4,64.223238,0.960204727013162,0.03200000000000003,True
5.699761,5,64.238432,0.9606471691439489,0.040000000000000036,True
5.867316,4,64.250808,0.961169042747547,0.03200000000000003,True
5.710794,4,64.262076,0.9595689217997907,0.03200000000000003,True
5.570963,2,64.26811,0.9592890654641097,0.016000000000000014,True
5.688066,5,64.282207,0.9640000718796737,0.040000000000000036,True
5.75298,4,64.29372,0.9597898072445603,0.03200000000000003,True
5.512987,5,64.308174,0.9589398282392128,0.040000000000000036,True
5.76803,3,64.316697,0.964961862752034,0.02400000000000002,True
5.507505,3,64.325747,0.961492643948597,0.02400000000000002,True
5.572385,4,64.336903,0.9595321481372583,0.03200000000000003,True
5.511648,3,64.345904,0.958748269780076,0.02400000000000002,True
5.972832,4,64.357342,0.9611738182959408,0.03200000000000003,True
5.796448,4,64.369746,0.9572650077401326,0.03200000000000003,True
5.711029,4,64.383275,0.9655327674266981,0.03200000000000003,True
6.082783,4,64.398055,0.9592203844130363,0.03200000000000003,True
5.550688,4,64.410559,0.9619845848958285,0.03200000000000003,True
5.782492,4,64.423578,0.9604701679011696,0.03200000000000003,True
5.800229,4,64.43621,0.9609275812226086,0.03200000000000003,True
5.724654,3,64.445334,0.9569061596766122,0.02400000000000002,True
5.62382,3,64.45555,0.9577891581080386,0.02400000000000002,True
5.76366,5,64.471631,0.9613347932003673,0.040000000000000036,True
5.516438,4,64.484859,0.9599244164743965,0.03200000000000003,True
5.582423,4,64.497195,0.9662594814831873,0.03200000000000003,True
5.99828,5,64.511871,0.9597361597180567,0.040000000000000036,True
5.917097,3,64.521783,0.9621854221857863,0.02400000000000002,True
5.853701,5,64.537815,0.9603240998244302,0.040000000000000036,True
5.897585,4,64.551055,0.9624921464248832,0.03200000000000003,True
5.56461,3,64.559263,0.9578921412205014,0.02400000000000002,True
5.580484,2,64.56648,0.9636625364083042,0.016000000000000014,True
5.757042,4,64.579843,0.9575853848464131,0.03200000000000003,True
5.467777,4,64.594834,0.9636365999170146,0.03200000000000003,True
5.674644,4,64.607543,0.9608134332157848,0.03200000000000003,True
5.873673,5,64.622973,0.9617381100644807,0.040000000000000036,True
5.584024,3,64.634572,0.958062720376717,0.02400000000000002,True
5.51519,3,64.646061,0.9603420480752094,0.02400000000000002,True
5.485261,3,64.657838,0.9594253296540763,0.02400000000000002,True
5.404541,3,64.667163,0.9570929230836387,0.02400000000000002,True
5.774025,3,64.676935,0.9587658332354982,0.02400000000000002,True
5.755985,5,65.395742,0.961889697025253,0.040000000000000036,True
5.610998,3,65.404673,0.9625144538051403,0.02400000000000002,True
5.475445,3,65.413149,0.963222750743456,0.02400000000000002,True
5.689804,3,65.422326,0.9588122909153489,0.02400000000000002,True
5.817094,3,65.431151,0.9631717565238358,0.02400000000000002,True
5.521609,5,65.446335,0.9602936458232939,0.040000000000000036,True
5.525848,4,65.458627,0.9621755992114206,0.03200000000000003,True
5.639835,4,65.47271,0.9613366487532493,0.03200000000000003,True
5.463954,3,65.484495,0.9602019773127499,0.02400000000000002,True
5.710089,4,65.496658,0.9653797586510755,0.03200000000000003,True
5.730307,3,65.506719,0.9605097242321814,0.02400000000000002,True
5.771918,4,65.519026,0.963263209654441,0.03200000000000003,True
5.549359,4,65.533232,0.9599207775119925,0.03200000000000003,True
5.424295,2,65.539088,0.9622820956855016,0.016000000000000014,True
5.688713,3,65.54989,0.9617349249380405,0.02400000000000002,True
5.843755,3,65.559781,0.9580018259727245,0.02400000000000002,True
5.80004,5,65.574548,0.9581946054873223,0.040000000000000036,True
5.776513,4,65.586084,0.9662254713846509,0.03200000000000003,True
5.995877,4,65.597934,0.9637860746142933,0.03200000000000003,True
5.461176,5,65.615451,0.9583245405076943,0.040000000000000036,True
5.575324,5,65.631608,0.9674628849464348,0.040000000000000036,True
6.041117,3,65.639796,0.9601770140743787,0.02400000000000002,True
5.624172,3,65.648621,0.9640371396085722,0.02400000000000002,True
5.452577,3,65.658009,0.9623997533526507,0.02400000000000002,True
5.520025,3,65.667983,0.9592320078411429,0.02400000000000002,True
5.371434,2,65.672907,0.9601716279677849,0.016000000000000014,True
5.605436,3,65.683024,0.9627500506936164,0.02400000000000002,True
5.778338,5,65.70026,0.9632523533775064,0.040000000000000036,True
5.792318,5,65.716119,0.9626022096982527,0.040000000000000036,True
5.567762,3,65.725857,0.9597350859460351,0.02400000000000002,True
5.517884,4,65.739842,0.9625531720393183,0.03200000000000003,True
5.876243,3,65.74973,0.9600770493451314,0.02400000000000002,True
5.806147,4,65.762036,0.9576783350771014,0.03200000000000003,True
5.729095,4,65.775697,0.9574472227336821,0.03200000000000003,True
6.052954,4,65.787839,0.9601066213259297,0.03200000000000003,True
5.626386,4,65.800479,0.9660514859042855,0.03200000000000003,True
5.678831,4,65.811528,0.9639299192414528,0.03200000000000003,True
5.412987,3,65.820781,0.9621276500232485,0.02400000000000002,True
5.704119,3,65.830117,0.9655420810846046,0.02400000000000002,True
5.762774,5,65.84405,0.9645200444996405,0.040000000000000036,True
5.764766,4,65.855607,0.9587501966206309,0.03200000000000003,True
5.770831,4,65.865862,0.9614885221032623,0.03200000000000003,True
5.897626,3,65.874243,0.9638581569768447,0.02400000000000002,True
6.027048,4,65.889033,0.9638040878494398,0.03200000000000003,True
5.62058,4,65.901285,0.9633770554224056,0.03200000000000003,True
5.537339,4,65.913839,0.9628330782617895,0.03200000000000003,True
5.775498,5,65.929593,0.9632670049799753,0.040000000000000036,True
5.563628,4,65.941314,0.9605987390028075,0.03200000000000003,True
5.488412,3,65.95063,0.9588407087484376,0.02400000000000002,True
5.455957,4,65.961923,0.9643953870575173,0.03200000000000003,True
5.746246,5,65.975839,0.958558119304165,0.040000000000000036,True
5.47368,3,65.985584,0.9635341555801086,0.02400000000000002,True
5.502718,5,65.999027,0.9581965394125539,0.040000000000000036,True
5.646674,4,66.010895,0.9614201634629331,0.03200000000000003,True
5.598726,4,66.022258,0.9617987549932092,0.03200000000000003,True
5.68689,4,66.034212,0.9632587536743091,0.03200000000000003,True
5.703278,4,66.045963,0.9625977440731539,0.03200000000000003,True
5.778859,3,66.055905,0.9567690803942205,0.02400000000000002,True
5.578504,3,66.065524,0.9624654622179203,0.02400000000000002,True
5.742772,3,66.074051,0.9607424598124024,0.02400000000000002,True
5.463144,3,66.082688,0.9676870005903561,0.02400000000000002,True
5.608255,3,66.091771,0.9622761976529934,0.02400000000000002,True
5.605138,4,66.10325,0.9610475393375812,0.03200000000000003,True
5.561599,5,66.116759,0.9588700793998202,0.040000000000000036,True
5.902194,4,66.127845,0.9576161809803593,0.03200000000000003,True
5.772985,5,66.140905,0.9586344286102102,0.040000000000000036,True
5.52135,4,66.152706,0.9597102741272938,0.03200000000000003,True
5.627661,3,66.161892,0.9592250973843518,0.02400000000000002,True
5.55424,5,66.895652,0.9642158335650981,0.040000000000000036,True
5.663552,4,66.908978,0.9616193013015069,0.03200000000000003,True
5.734433,5,66.926367,0.9649740712223037,0.040000000000000036,True
5.637431,3,66.937131,0.9621159818377675,0.02400000000000002,True
5.713413,3,66.947444,0.9611500138172552,0.02400000000000002,True
5.431238,3,66.959738,0.9580345133061368,0.02400000000000002,True
5.413627,3,66.969214,0.9625482068865994,0.02400000000000002,True
5.476942,3,66.97994,0.9584106084033095,0.02400000000000002,True
5.779776,4,66.992248,0.9592206683728407,0.03200000000000003,True
5.996989,4,67.007136,0.9621759526678358,0.03200000000000003,True
5.985607,4,67.020727,0.9633149203265665,0.03200000000000003,True
5.555054,5,67.035948,0.9585742412077185,0.040000000000000036,True
5.61796,3,67.046997,0.9591589547777531,0.02400000000000002,True
5.624279,4,67.062304,0.9614195339048113,0.03200000000000003,True
5.802643,3,67.072109,0.9559420990729749,0.02400000000000002,True
5.602101,5,67.088223,0.9654176215090962,0.040000000000000036,True
5.55892,3,67.099064,0.9640373868651407,0.02400000000000002,True
5.801285,4,67.115052,0.9595518328354437,0.03200000000000003,True
5.807174,5,67.136819,0.9628538978630936,0.040000000000000036,True
5.655711,4,67.149154,0.9628442820401746,0.03200000000000003,True
6.101903,4,67.162719,0.9575392869763455,0.03200000000000003,True
5.737641,4,67.176371,0.9604358484942168,0.03200000000000003,True
5.64607,4,67.189312,0.9635153483274395,0.03200000000000003,True
5.471224,3,67.199669,0.9609898895661328,0.02400000000000002,True
5.802933,4,67.213053,0.9595677857287367,0.03200000000000003,True
5.453931,2,67.219702,0.9573122594613774,0.016000000000000014,True
5.586382,5,67.235795,0.9634745834214715,0.040000000000000036,True
5.418903,3,67.245917,0.9602222933650386,0.02400000000000002,True
5.634707,4,67.258613,0.962677874166161,0.03200000000000003,True
5.708378,5,67.276542,0.961450118466372,0.040000000000000036,True
5.936918,3,67.285918,0.9607654335167632,0.02400000000000002,True
5.713756,3,67.29695,0.9651551439208562,0.02400000000000002,True
5.421096,3,67.307205,0.958859465300368,0.02400000000000002,True
5.853892,5,67.323409,0.9592533360745631,0.040000000000000036,True
5.40556,3,67.332817,0.9606666758244866,0.02400000000000002,True
5.702597,4,67.345751,0.9606023481406959,0.03200000000000003,True
5.579239,5,67.361886,0.9597256553125522,0.040000000000000036,True
5.699976,3,67.371832,0.9616409088172718,0.02400000000000002,True
5.588568,4,67.388315,0.9591145586324428,0.03200000000000003,True
5.723638,4,67.402182,0.9604790461064872,0.03200000000000003,True
5.520764,3,67.411698,0.9640979613317275,0.02400000000000002,True
5.478224,3,67.421371,0.96131619546774,0.02400000000000002,True
5.546074,4,67.436074,0.96023460311191,0.03200000000000003,True
6.050368,4,67.446771,0.9611476339489347,0.03200000000000003,True
5.521072,4,67.456199,0.959439396715001,0.03200000000000003,True
5.473911,2,67.462216,0.958586951845108,0.016000000000000014,True
5.77732,5,67.47413,0.9615701838801227,0.040000000000000036,True
5.60915,3,67.481678,0.9595639245818435,0.02400000000000002,True
5.789281,5,67.492635,0.9605422543519944,0.040000000000000036,True
5.579913,4,67.575857,0.9594579329027956,0.03200000000000003,True
5.678334,4,67.584097,0.961238336332588,0.03200000000000003,True
5.877663,4,67.593681,0.9620832813713279,0.03200000000000003,True
5.809242,4,67.602944,0.9651921695287177,0.03200000000000003,True
6.013035,4,67.612502,0.9579422035677589,0.03200000000000003,True
5.979357,3,67.61958,0.95874119480932,0.02400000000000002,True
5.676507,4,67.628632,0.9624958107381616,0.03200000000000003,True
5.778796,3,67.635565,0.9610502848271327,0.02400000000000002,True
5.821849,4,67.645626,0.9591206860018173,0.03200000000000003,True
5.804997,4,67.656306,0.9594477748272288,0.03200000000000003,True
5.755645,3,67.668375,0.9568840602802761,0.02400000000000002,True
5.762462,4,67.681163,0.9581691712671566,0.03200000000000003,True
5.64758,4,67.692827,0.9682274029077271,0.03200000000000003,True
5.495488,3,67.699918,0.9638629601681032,0.02400000000000002,True
5.524783,3,67.707812,0.9680528112418294,0.02400000000000002,True
5.589045,5,67.718801,0.9617848887371901,0.040000000000000036,True
5.765425,4,67.728035,0.9649263823146011,0.03200000000000003,True
5.431267,3,67.735883,0.9643327499704393,0.02400000000000002,True
5.55653,4,67.745899,0.9568740076484047,0.03200000000000003,True
5.755581,3,67.754163,0.9594209569611056,0.02400000000000002,True
5.83636,3,68.275313,0.959748044973064,0.02400000000000002,True
5.851316,3,68.281948,0.9620669078730377,0.02400000000000002,True
5.978335,4,68.290726,0.9583472473880428,0.03200000000000003,True
5.814915,5,68.30135,0.9625908432692998,0.040000000000000036,True
5.564704,4,68.310255,0.9601286679422253,0.03200000000000003,True
5.449866,4,68.320775,0.9589426150140486,0.03200000000000003,True
5.750159,3,68.327936,0.9591529138766846,0.02400000000000002,True
5.56091,3,68.336023,0.9648009869817253,0.02400000000000002,True
5.616946,2,68.341981,0.9643000968100695,0.016000000000000014,True
5.81568,5,68.353189,0.9605556302279706,0.040000000000000036,True
5.670623,3,68.359974,0.9590168907499002,0.02400000000000002,True
5.631511,4,68.369972,0.9676663773637879,0.03200000000000003,True
5.674621,5,68.382106,0.9632790826630941,0.040000000000000036,True
5.744414,3,68.389908,0.9613907285887873,0.02400000000000002,True
5.622369,3,68.397796,0.9639134081292623,0.02400000000000002,True
6.052674,3,68.404052,0.9612269981779149,0.02400000000000002,True
5.960533,3,68.4118,0.9566637320913196,0.02400000000000002,True
5.81528,4,68.420762,0.9614293949513262,0.03200000000000003,True
5.955587,4,68.430037,0.9580355314810098,0.03200000000000003,True
5.769073,4,68.439461,0.9615636633090541,0.03200000000000003,True
5.949728,5,68.450637,0.9604164594171102,0.040000000000000036,True
5.888776,5,68.462888,0.9587469350320973,0.040000000000000036,True
5.83817,5,68.474131,0.9578187468191759,0.040000000000000036,True
5.521423,4,68.483056,0.9605776205104011,0.03200000000000003,True
5.614236,5,68.494282,0.9581540472239898,0.040000000000000036,True
5.653559,3,68.501531,0.9611101748491814,0.02400000000000002,True
5.655485,3,68.508526,0.9669253263428189,0.02400000000000002,True
5.565772,4,68.518116,0.9579024937146997,0.03200000000000003,True
5.773354,4,68.526916,0.9624737234130785,0.03200000000000003,True
5.797326,4,68.536142,0.9578546294235369,0.03200000000000003,True
5.562581,5,68.547637,0.9574812543996456,0.040000000000000036,True
5.45436,4,68.556738,0.9603242584801885,0.03200000000000003,True
6.03329,4,68.566701,0.960416372367565,0.03200000000000003,True
5.656171,3,68.573151,0.965233166898948,0.02400000000000002,True
5.634871,4,68.582237,0.9669821443138005,0.03200000000000003,True
5.757002,3,68.590036,0.9579851273163609,0.02400000000000002,True
5.835328,4,68.599825,0.9616037021922681,0.03200000000000003,True
5.743978,3,68.606095,0.9594381737303954,0.02400000000000002,True
5.675764,3,68.612579,0.9671011853510684,0.02400000000000002,True
5.64948,5,68.624433,0.9618705683704845,0.040000000000000036,True
5.758092,4,68.633198,0.9634460224909738,0.03200000000000003,True
5.555688,4,68.642377,0.9600942074748804,0.03200000000000003,True
5.907888,4,68.651985,0.9615766542359436,0.03200000000000003,True
5.771961,4,68.660855,0.9638186079922866,0.03200000000000003,True
5.749992,3,68.667485,0.9617117607786669,0.02400000000000002,True
5.682604,3,68.674631,0.9636150070649258,0.02400000000000002,True
5.42409,3,68.681937,0.9599128199483773,0.02400000000000002,True
5.765545,3,68.691603,0.957889245415474,0.02400000000000002,True
5.502103,4,68.703953,0.9588897785652297,0.03200000000000003,True
5.60299,3,68.714757,0.9612414559992066,0.02400000000000002,True
5.700546,3,68.72515,0.9604976521648099,0.02400000000000002,True
5.589705,2,68.729827,0.960871634765414,0.016000000000000014,True
5.621647,4,68.739505,0.9590616252804636,0.03200000000000003,True
5.59055,5,68.750655,0.9606589097650116,0.040000000000000036,True
5.617674,5,68.761624,0.9578782646779668,0.040000000000000036,True
5.698474,3,68.769517,0.9670377471351539,0.02400000000000002,True
5.556682,3,68.775633,0.9612892813830909,0.02400000000000002,True
5.544947,3,68.783002,0.9592810560685339,0.02400000000000002,True
5.696419,3,68.79036,0.95663483304568,0.02400000000000002,True
5.717608,4,68.799776,0.9614504292298214,0.03200000000000003,True
5.710359,3,68.806731,0.9594601577979709,0.02400000000000002,True
5.655567,3,68.813983,0.9640535458043915,0.02400000000000002,True
5.71023,4,68.822971,0.9608489051950551,0.03200000000000003,True
5.716783,3,68.82979,0.9622973642368603,0.02400000000000002,True
5.792245,4,68.839303,0.9587375989574328,0.03200000000000003,True
5.624983,5,68.850915,0.9615355243873575,0.040000000000000036,True
5.622424,4,68.860588,0.9612982899991842,0.03200000000000003,True
5.791322,4,68.86952,0.9612649330384107,0.03200000000000003,True
5.624616,4,68.878711,0.9605867546570632,0.03200000000000003,True
5.717562,5,69.402927,0.9611744975461174,0.040000000000000036,True
5.831976,5,69.415134,0.9592884067996643,0.040000000000000036,True
5.797341,4,69.424006,0.9580807704870963,0.03200000000000003,True
5.722505,4,69.432997,0.9588354685682431,0.03200000000000003,True
5.875546,5,69.443526,0.9561904775812586,0.040000000000000036,True
5.531661,4,69.453329,0.9594508869833529,0.03200000000000003,True
5.808687,4,69.461949,0.959044991840551,0.03200000000000003,True
5.556821,4,69.471964,0.9653513088527138,0.03200000000000003,True
5.761869,4,69.481097,0.9595002493830169,0.03200000000000003,True
5.55622,5,69.491773,0.9619039314080954,0.040000000000000036,True
5.729733,3,69.499764,0.959787566919678,0.02400000000000002,True
5.456717,4,69.508765,0.9600315673108863,0.03200000000000003,True
5.525034,4,69.517895,0.9595206159169398,0.03200000000000003,True
5.603247,5,69.528391,0.9627425790460312,0.040000000000000036,True
5.613772,4,69.538051,0.9584630282987388,0.03200000000000003,True
5.945696,5,69.548682,0.9581421988428401,0.040000000000000036,True
5.8014,4,69.558251,0.9608577106459544,0.03200000000000003,True
5.820148,5,69.570285,0.959278281098124,0.040000000000000036,True
5.97635,4,69.579515,0.9662690738138912,0.03200000000000003,True
5.549388,4,69.588596,0.966255361517482,0.03200000000000003,True
5.734464,4,69.59692,0.9627849238126052,0.03200000000000003,True
5.775173,4,69.60662,0.9603313799442221,0.03200000000000003,True
5.755257,4,69.615742,0.9582689894027377,0.03200000000000003,True
5.476119,3,69.622216,0.9623192073144622,0.02400000000000002,True
5.846417,4,69.630344,0.9589701325103045,0.03200000000000003,True
5.873377,4,69.639426,0.9614610228872498,0.03200000000000003,True
5.671859,5,69.652022,0.9622959416186493,0.040000000000000036,True
5.667865,5,69.662983,0.9644072214463438,0.040000000000000036,True
5.901418,3,69.670265,0.9625757940864672,0.02400000000000002,True
5.762318,4,69.678363,0.9605380897261053,0.03200000000000003,True
5.415134,4,69.688637,0.9630784058687046,0.03200000000000003,True
5.77978,4,69.696306,0.9640245492248696,0.03200000000000003,True
6.006841,4,69.704902,0.9576925644090782,0.03200000000000003,True
5.779444,5,69.718918,0.960059176500915,0.040000000000000036,True
5.539708,3,69.726647,0.9637760191330702,0.02400000000000002,True
5.7053,4,69.741109,0.9595975818591234,0.03200000000000003,True
5.750208,4,69.755343,0.9695982392955436,0.03200000000000003,True
5.526224,5,69.76836,0.9582928533518462,0.040000000000000036,True
5.709961,4,69.777744,0.9683711865125039,0.03200000000000003,True
5.665511,4,69.78675,0.9635466887462041,0.03200000000000003,True
5.930322,3,69.793381,0.9580963885332011,0.02400000000000002,True
5.559639,4,69.803224,0.9596167985015884,0.03200000000000003,True
5.604287,4,69.812855,0.9638385885472458,0.03200000000000003,True
6.025222,4,69.822855,0.962858390362584,0.03200000000000003,True
5.765402,4,69.831788,0.9590979822585856,0.03200000000000003,True
5.786812,4,69.840921,0.9612323348756644,0.03200000000000003,True
5.504085,3,69.847927,0.9587296905450875,0.02400000000000002,True
5.750413,4,69.857215,0.9635278031908845,0.03200000000000003,True
5.663562,5,69.86904,0.9634431084641077,0.040000000000000036,True
6.061798,3,69.875891,0.9619689973003922,0.02400000000000002,True
5.621851,4,69.886362,0.9658790512616027,0.03200000000000003,True
5.763693,4,69.895308,0.9599763203170164,0.03200000000000003,True
5.643929,3,69.902656,0.9633981896165243,0.02400000000000002,True
5.424914,3,69.909741,0.9628151737473375,0.02400000000000002,True
5.394212,3,69.920722,0.9627554089853526,0.02400000000000002,True
5.680626,4,69.932896,0.9613210066943125,0.03200000000000003,True
5.598066,4,69.941647,0.9635279784812499,0.03200000000000003,True
5.553795,4,69.950616,0.9576716516673138,0.03200000000000003,True
5.62364,4,69.959739,0.9616108078036253,0.03200000000000003,True
5.625791,3,69.967349,0.9598417326019112,0.02400000000000002,True
5.59547,4,69.977352,0.9583005696871754,0.03200000000000003,True
5.647966,4,69.985749,0.9616417254043222,0.03200000000000003,True
5.862444,5,69.997478,0.9634826035198248,0.040000000000000036,True
5.653953,4,70.526895,0.9601628757763101,0.03200000000000003,True
5.750709,4,70.53661,0.9603010709618054,0.03200000000000003,True
5.633797,3,70.544168,0.9634623969052412,0.02400000000000002,True
5.470276,4,70.553473,0.9567345546282872,0.03200000000000003,True
5.738254,3,70.560591,0.9634749690849971,0.02400000000000002,True
5.664638,3,70.568578,0.9618929228776696,0.02400000000000002,True
5.544541,4,70.576533,0.9653786496625021,0.03200000000000003,True
5.484725,3,70.583679,0.9619484634216289,0.02400000000000002,True
6.052413,4,70.593038,0.9589973747334197,0.03200000000000003,True
5.545134,3,70.601001,0.9599319898638701,0.02400000000000002,True
5.632898,4,70.610277,0.9641703511547012,0.03200000000000003,True
5.839513,4,70.619846,0.9570874768971354,0.03200000000000003,True
5.550531,4,70.629856,0.9571293848673497,0.03200000000000003,True
5.78395,4,70.638992,0.9590025388969131,0.03200000000000003,True
5.985037,4,70.648199,0.9616881200224054,0.03200000000000003,True
5.655428,4,70.657444,0.9598023418251271,0.03200000000000003,True
5.675252,3,70.664227,0.9594571227395354,0.02400000000000002,True
5.765904,5,70.6759,0.9614282973376146,0.040000000000000036,True
5.777026,5,70.687624,0.960385918283327,0.040000000000000036,True
5.74754,4,70.696089,0.9585123632267019,0.03200000000000003,True
5.877001,5,70.707856,0.960100460077905,0.040000000000000036,True
5.684063,3,70.715137,0.9608119669129617,0.02400000000000002,True
5.727435,4,70.724096,0.962301879821645,0.03200000000000003,True
5.590288,4,70.732956,0.9577449556833191,0.03200000000000003,True
5.603419,4,70.742707,0.9636118704834734,0.03200000000000003,True
5.609729,4,70.752952,0.96269995785416,0.03200000000000003,True
5.834902,5,70.766851,0.9615312925250266,0.040000000000000036,True
5.655591,3,70.77929,0.9617255204441191,0.02400000000000002,True
5.510919,4,70.793255,0.9606076603970977,0.03200000000000003,True
5.618694,4,70.803569,0.9611558398917757,0.03200000000000003,True
5.840368,3,70.809693,0.9595134347767771,0.02400000000000002,True
5.764915,4,70.81945,0.960268573992328,0.03200000000000003,True
5.748902,3,70.826102,0.9619400165681332,0.02400000000000002,True
5.556274,3,70.83254,0.9631318625733672,0.02400000000000002,True
5.511822,4,70.841455,0.9613498450312588,0.03200000000000003,True
5.818656,5,70.852872,0.9560527948835642,0.040000000000000036,True
5.768475,3,70.859693,0.9630361297478897,0.02400000000000002,True
5.853401,3,70.86566,0.9608187628733995,0.02400000000000002,True
5.923266,4,70.874861,0.9645965504539155,0.03200000000000003,True
5.788483,4,70.885945,0.9648554831368057,0.03200000000000003,True
5.975574,4,70.894556,0.9621228355537144,0.03200000000000003,True
5.80363,4,70.903514,0.9631041530177098,0.03200000000000003,True
5.783079,4,70.914627,0.9583863472737566,0.03200000000000003,True
5.639289,4,70.927033,0.9578130591783129,0.03200000000000003,True
5.828148,4,70.937338,0.9612131676249696,0.03200000000000003,True
5.520489,4,70.946367,0.9593970907347793,0.03200000000000003,True
5.823474,3,70.952778,0.9612599816214827,0.02400000000000002,True
5.831775,5,70.964018,0.9579937282175903,0.040000000000000036,True
5.768918,3,70.97074,0.9568036869019663,0.02400000000000002,True
5.394759,3,70.978029,0.964067840497854,0.02400000000000002,True
5.892275,4,70.986222,0.963513226228008,0.03200000000000003,True
5.87973,3,70.993188,0.9647224995678378,0.02400000000000002,True
5.390772,3,71.001235,0.9578301780442473,0.02400000000000002,True
5.863442,4,71.011006,0.9600463511152286,0.03200000000000003,True
5.619051,3,71.017799,0.9602467385932475,0.02400000000000002,True
5.826118,5,71.02903,0.9614082962227803,0.040000000000000036,True
5.592651,2,71.032633,0.9590199480689644,0.016000000000000014,True
5.69715,5,71.044975,0.9647451041157262,0.040000000000000036,True
5.794999,4,71.054385,0.9619509682294026,0.03200000000000003,True
5.57653,4,71.063478,0.9655482705768657,0.03200000000000003,True
5.638505,3,71.071563,0.9587373994618904,0.02400000000000002,True
5.572622,4,71.081506,0.9627817346172677,0.03200000000000003,True
5.595065,4,71.08982,0.9625521971104894,0.03200000000000003,True
5.627144,3,71.098053,0.9636424626561944,0.02400000000000002,True
5.728678,4,71.111539,0.95908323499859,0.03200000000000003,True
5.738617,3,71.119286,0.9584002118693343,0.02400000000000002,True
5.594779,3,71.126088,0.9592991790545333,0.02400000000000002,True
5.73526,4,71.13697,0.9632095951350002,0.03200000000000003,True
5.51434,3,71.143743,0.9582821838910995,0.02400000000000002,True
5.767407,4,71.721132,0.9634253640157275,0.03200000000000003,True
5.481521,4,71.731048,0.9657084578159644,0.03200000000000003,True
5.735794,3,71.738926,0.9605156105639263,0.02400000000000002,True
5.616305,4,71.747967,0.9607923145336376,0.03200000000000003,True
5.989609,3,71.754813,0.9637408026646688,0.02400000000000002,True
5.959574,4,71.76378,0.9605505486185532,0.03200000000000003,True
5.670326,5,71.775252,0.9605719053947395,0.040000000000000036,True
5.960772,4,71.784988,0.9601684338723203,0.03200000000000003,True
5.771686,3,71.79302,0.9634775778523144,0.02400000000000002,True
5.784145,4,71.806601,0.9629117211606026,0.03200000000000003,True
5.766037,4,71.819865,0.965411472131595,0.03200000000000003,True
5.46334,4,71.832041,0.9596286834874288,0.03200000000000003,True
5.491148,4,71.841211,0.9594703335518452,0.03200000000000003,True
5.414893,3,71.847963,0.9633212573629217,0.02400000000000002,True
5.68702,4,71.856748,0.9675602117310635,0.03200000000000003,True
5.911527,3,71.86292,0.9568341821908766,0.02400000000000002,True
5.651743,4,71.873494,0.9620884718745675,0.03200000000000003,True
5.541179,4,71.882379,0.9607663953853369,0.03200000000000003,True
5.712258,5,71.893392,0.9602716545563392,0.040000000000000036,True
5.676699,3,71.900407,0.9625360012321588,0.02400000000000002,True
5.693202,4,71.909279,0.958644129275615,0.03200000000000003,True
5.547645,3,71.916885,0.9628786228372648,0.02400000000000002,True
5.549416,4,71.926453,0.961919906984184,0.03200000000000003,True
5.632053,4,71.936474,0.9616542481225053,0.03200000000000003,True
5.625257,3,71.942758,0.9628478818831123,0.02400000000000002,True
5.609595,3,71.949427,0.9568614858549165,0.02400000000000002,True
5.713546,3,71.956998,0.9611853832479198,0.02400000000000002,True
5.571163,3,71.963492,0.961175966438059,0.02400000000000002,True
5.552134,5,71.974722,0.9579875774896001,0.040000000000000036,True
5.805688,4,71.983321,0.9611935711306658,0.03200000000000003,True
5.65686,3,71.99082,0.9638279928616242,0.02400000000000002,True
5.555937,5,72.003653,0.963881965080708,0.040000000000000036,True
5.636643,4,72.01418,0.9579246553362402,0.03200000000000003,True
5.511618,4,72.022354,0.9661974900508172,0.03200000000000003,True
5.785663,4,72.031762,0.9588412309689777,0.03200000000000003,True
5.583042,5,72.042287,0.96450214048731,0.040000000000000036,True
5.440229,3,72.048932,0.965418837632369,0.02400000000000002,True
5.490555,3,72.056209,0.9661550494952276,0.02400000000000002,True
5.621954,5,72.067613,0.9621554915820285,0.040000000000000036,True
5.443309,3,72.074638,0.9565884946585705,0.02400000000000002,True
5.506514,4,72.084986,0.9604978411085225,0.03200000000000003,True
5.425162,3,72.092045,0.9580248067616735,0.02400000000000002,True
5.505056,3,72.100572,0.9638702642290302,0.02400000000000002,True
5.419258,2,72.105032,0.9572497309292497,0.016000000000000014,True
5.991068,3,72.111711,0.959626546152458,0.02400000000000002,True
5.754611,4,72.120805,0.9628789660678885,0.03200000000000003,True
5.557573,4,72.130427,0.9630030238605286,0.03200000000000003,True
5.518479,4,72.140199,0.9620619087462354,0.03200000000000003,True
5.91535,3,72.147603,0.9625864133782467,0.02400000000000002,True
6.006288,4,72.157334,0.9637104259391442,0.03200000000000003,True
5.823956,3,72.163951,0.9587965685761738,0.02400000000000002,True
5.715096,3,72.170423,0.9591308551457587,0.02400000000000002,True
5.770825,4,72.179702,0.9592291482173543,0.03200000000000003,True
5.420878,3,72.187535,0.9618732709080344,0.02400000000000002,True
5.591679,4,72.196884,0.9615563036931769,0.03200000000000003,True
5.780951,4,72.20523,0.9620213733042788,0.03200000000000003,True
5.571742,4,72.215148,0.9588891316677093,0.03200000000000003,True
5.682506,4,72.224568,0.9588567379449486,0.03200000000000003,True
5.471392,3,72.232352,0.9592661810221348,0.02400000000000002,True
5.714738,4,72.241201,0.9579222555070774,0.03200000000000003,True
5.626473,5,72.252506,0.9625747096542994,0.040000000000000036,True
5.808908,4,72.262247,0.9593770121811416,0.03200000000000003,True
5.803155,4,72.271505,0.9644999751620005,0.03200000000000003,True
5.707931,3,72.279087,0.9652601847436437,0.02400000000000002,True
5.529478,4,72.28846,0.9583462320660145,0.03200000000000003,True
5.828804,5,72.29989,0.9578584143996478,0.040000000000000036,True
5.693032,3,72.306767,0.9658512119958991,0.02400000000000002,True
5.657187,3,72.314379,0.966638345979191,0.02400000000000002,True
5.96066,3,72.321778,0.9612807608799598,0.02400000000000002,True
5.561988,4,72.868484,0.9610059981277574,0.03200000000000003,True
5.511779,3,72.87639,0.9647220839979369,0.02400000000000002,True
5.533807,4,72.885571,0.9648063547679706,0.03200000000000003,True
5.819402,5,72.896833,0.9661684889624994,0.040000000000000036,True
5.520203,3,72.904017,0.9645269887524999,0.02400000000000002,True
5.679768,3,72.911458,0.960974282437533,0.02400000000000002,True
5.702149,4,72.923676,0.962025061254641,0.03200000000000003,True
5.69977,3,72.93289,0.9577817028288185,0.02400000000000002,True
5.48402,5,72.947767,0.9579775286180143,0.040000000000000036,True
5.843097,3,72.9548,0.9642261866388397,0.02400000000000002,True
5.764094,5,72.967196,0.9603080368594538,0.040000000000000036,True
5.749438,4,72.977846,0.9607568031000626,0.03200000000000003,True
5.86797,4,72.98734,0.9635929378835695,0.03200000000000003,True
5.953358,4,72.997364,0.9658594786370277,0.03200000000000003,True
5.58889,4,73.007335,0.9641757952542415,0.03200000000000003,True
5.440849,4,73.016652,0.9595296870926113,0.03200000000000003,True
5.489271,4,73.025532,0.9633183255960991,0.03200000000000003,True
5.447785,4,73.034767,0.9627024909493709,0.03200000000000003,True
5.60206,4,73.043395,0.9611845033734026,0.03200000000000003,True
5.552086,4,73.05232,0.9641693959235049,0.03200000000000003,True
5.790045,3,73.059762,0.9622141847800039,0.02400000000000002,True
5.590393,4,73.069264,0.9607347388945418,0.03200000000000003,True
5.615255,4,73.079231,0.9591934380616592,0.03200000000000003,True
5.401336,3,73.08669,0.9632944636765601,0.02400000000000002,True
5.760487,4,73.095551,0.961957109160904,0.03200000000000003,True
5.709445,4,73.104751,0.9606098729785111,0.03200000000000003,True
5.872705,4,73.11316,0.9630126138613906,0.03200000000000003,True
5.950912,4,73.121895,0.962854409208054,0.03200000000000003,True
5.634003,3,73.129503,0.9573163552680823,0.02400000000000002,True
5.66268,3,73.136611,0.963838893106451,0.02400000000000002,True
5.58362,4,73.14723,0.9606517024895457,0.03200000000000003,True
5.524572,4,73.15718,0.9594348026858641,0.03200000000000003,True
5.503193,3,73.165272,0.9594820965147506,0.02400000000000002,True
5.586313,3,73.171813,0.9635639497999784,0.02400000000000002,True
5.633538,4,73.181895,0.9606946152418373,0.03200000000000003,True
5.706606,4,73.190883,0.962818554140026,0.03200000000000003,True
5.542147,3,73.198521,0.9679089378526391,0.02400000000000002,True
5.62623,4,73.207537,0.9570206667811587,0.03200000000000003,True
5.761275,4,73.217937,0.9597734411715624,0.03200000000000003,True
5.640526,3,73.225803,0.9614568649150854,0.02400000000000002,True
5.861528,4,73.312703,0.9594573084578534,0.03200000000000003,True
5.385911,2,73.317956,0.9603448926899288,0.016000000000000014,True
5.685491,3,73.323642,0.961318009924748,0.02400000000000002,True
5.682474,4,73.334621,0.9642276882480403,0.03200000000000003,True
5.525644,2,73.339892,0.9647437114222277,0.016000000000000014,True
5.569127,5,73.353288,0.9653999478486357,0.040000000000000036,True
5.643171,4,73.364148,0.9559348502481659,0.03200000000000003,True
5.704547,3,73.372908,0.9608826760364731,0.02400000000000002,True
5.833465,4,73.383021,0.9632384993717611,0.03200000000000003,True
5.464251,4,73.393366,0.9637947166107217,0.03200000000000003,True
5.624434,3,73.400076,0.9592816770309374,0.02400000000000002,True
5.813219,4,73.409056,0.9609336282254841,0.03200000000000003,True
5.664025,3,73.416613,0.957082425796292,0.02400000000000002,True
5.716944,5,73.42892,0.962107920015304,0.040000000000000036,True
5.501405,4,73.438208,0.9640959048860982,0.03200000000000003,True
5.846525,4,73.4483,0.958609097305858,0.03200000000000003,True
6.04463,4,73.459002,0.9644619129227712,0.03200000000000003,True
5.45735,4,73.468561,0.9616312159145759,0.03200000000000003,True
5.868006,4,73.477791,0.961052089349028,0.03200000000000003,True
5.916552,5,73.488612,0.9637941149514431,0.040000000000000036,True
6.004401,3,73.496072,0.9625824591144324,0.02400000000000002,True
5.879872,5,73.507353,0.964744984764264,0.040000000000000036,True
5.542186,3,73.51382,0.9596200359058831,0.02400000000000002,True
5.729976,3,73.52134,0.962389774562248,0.02400000000000002,True
5.605059,4,73.532613,0.9585489110196328,0.03200000000000003,True
5.457521,4,73.542711,0.9632979592803684,0.03200000000000003,True
5.761687,4,73.55206,0.9618176905677589,0.03200000000000003,True
5.72997,3,73.559625,0.9630361863840171,0.02400000000000002,True
5.597781,3,73.566108,0.9635233298009895,0.02400000000000002,True
