#{"t_start": 1790489940.640278, "env_id": "None"}
r,l,t,coverage,mean_uncertainty,defects_found,miou,energy_used,success
-22.501379,146,1.483299,0.484375,0.7051986165973583,18,0.3579156230250219,1.0000000000000007,False
-27.271066,145,1.550963,0.65625,0.5851043117066601,14,0.2749046746487203,1.0000000000000007,False
-31.449968,145,1.621441,0.5,0.6625348635405894,8,0.2151821263825693,1.0000000000000009,False
-27.738925,146,1.691153,0.515625,0.6587098360615256,9,0.21694420451974597,1.0000000000000007,False
-46.597232,154,1.759579,0.359375,0.7725453211174833,9,0.19261603363007834,1.0000000000000009,False
-35.297438,145,1.82424,0.546875,0.6267326441564838,11,0.2660116803733834,1.0050000000000008,False
-36.812453,155,1.907149,0.453125,0.7143386705147541,4,0.13493272895492486,1.0050000000000008,False
-25.13535,157,1.979727,0.5703125,0.6267614699966902,17,0.44951740330699974,1.0000000000000007,False
-26.080353,149,2.050175,0.7265625,0.5167294380010428,18,0.3712827889725964,1.0050000000000008,False
-18.073024,141,2.118642,0.7109375,0.5305603003896977,15,0.3172423591530031,1.0000000000000007,False
-22.446173,152,2.192068,0.6015625,0.6019397205532803,15,0.36051566485566894,1.0000000000000009,False
-17.718616,150,2.264497,0.59375,0.6033599616738772,14,0.32473848378171105,1.0000000000000009,False
-19.336322,148,2.334309,0.4921875,0.6596786350818,10,0.2581164291741559,1.0050000000000008,False
-37.774579,155,2.413375,0.328125,0.7838369704642987,3,0.14877225984115972,1.0000000000000009,False
-17.451347,152,2.48174,0.8359375,0.42565809658438514,18,0.43633713292833554,1.0050000000000008,False
-46.641051,141,2.546196,0.2265625,0.8598461511647348,3,0.09441881804057309,1.0050000000000008,False
-35.179413,154,2.621509,0.484375,0.6802377454716403,11,0.2750729667803645,1.0000000000000007,False
-29.630408,152,2.69371,0.25,0.8167653782440093,5,0.11957329271499337,1.0000000000000007,False
-35.910161,143,2.757537,0.390625,0.7413958071950761,5,0.1571269976076587,1.0000000000000009,False
-32.456648,144,2.823641,0.4609375,0.7026700205427745,8,0.25862783095979347,1.0000000000000007,False
-31.773425,148,2.891531,0.390625,0.7122803260876565,8,0.2471745792145487,1.0000000000000009,False
-13.23662,153,2.975934,0.7109375,0.5155476955760525,12,0.24988982889599778,1.0000000000000009,False
-22.740681,154,3.049291,0.390625,0.7254052997499127,10,0.2165990176223954,1.0000000000000009,False
-29.689388,144,3.116295,0.3515625,0.7482514892969045,7,0.19797092794299534,1.0000000000000009,False
-20.91495,153,3.186174,0.7890625,0.5045149059244841,19,0.44581773727455054,1.0000000000000009,False
-15.155905,156,3.256677,0.7265625,0.5098577508534603,14,0.3237767721725341,1.0000000000000007,False
-27.608749,159,3.33085,0.4375,0.703714440645028,8,0.22283488050808284,1.0050000000000008,False
-25.9623,155,3.401933,0.6953125,0.5259979588011428,12,0.3228140823952494,1.0000000000000009,False
-29.865378,155,3.473256,0.546875,0.654629428345773,13,0.25754336788787635,1.0000000000000009,False
-19.384867,155,3.549791,0.421875,0.6810640724322208,9,0.22532004347766738,1.0000000000000009,False
-15.734488,149,3.618457,0.6328125,0.606235693798368,14,0.3374818117596031,1.0000000000000009,False
-26.42901,148,3.687229,0.625,0.5614840733541091,16,0.32922664825174397,1.0000000000000009,False
-30.362216,150,3.75867,0.78125,0.5197439270164012,15,0.3349992602664119,1.0050000000000008,False
-26.229865,152,3.922221,0.75,0.5044651442654544,15,0.35696662249519107,1.0000000000000009,False
-13.133913,154,4.135614,0.78125,0.5279546739109854,15,0.333208162543161,1.0000000000000009,False
-16.193423,154,4.334909,0.953125,0.40343583347197043,18,0.4642025697196519,1.0000000000000009,False
-15.833746,158,4.538531,0.5859375,0.6272761817252439,11,0.32180424175848393,1.0000000000000009,False
-16.159493,156,4.74802,0.9140625,0.4031526340196655,17,0.44419909427998105,1.0000000000000009,False
-5.86961,146,4.941366,0.765625,0.4937428132451879,12,0.3447686580307438,1.0050000000000008,False
-16.33019,144,5.132027,0.65625,0.5905218168354323,15,0.33229686165003164,1.0050000000000008,False
-17.348715,156,5.330284,0.625,0.6135706134524321,13,0.33594842653237955,1.0000000000000009,False
-8.323396,152,5.52714,0.8046875,0.47746383549134075,13,0.3988040573500414,1.0000000000000007,False
-8.436446,156,5.72204,0.8515625,0.4621073683090122,13,0.3817321910917638,1.0000000000000009,False
-6.952025,160,5.929261,0.9296875,0.41791451678972324,22,0.48384163510823086,1.0000000000000009,False
-6.857496,156,6.128824,0.8828125,0.4319619800020915,18,0.4159988703288029,1.0000000000000007,False
-33.459205,161,6.322015,0.515625,0.6919192664283002,8,0.20047831569617167,1.0000000000000009,False
-12.040971,150,6.501531,0.9140625,0.4037857816165112,17,0.47118306002800225,1.0000000000000009,False
-10.246622,152,6.698959,0.8828125,0.426318955819213,20,0.49539801663352717,1.0000000000000009,False
-11.332121,156,6.893374,0.78125,0.47506196205912304,14,0.3552268722794341,1.0050000000000008,False
-7.104055,149,7.092752,0.6953125,0.5477814503952794,14,0.3378052383088784,1.0000000000000009,False
-20.04183,149,7.276812,0.9375,0.40233828728499693,21,0.44499562967675205,1.0000000000000007,False
-8.971679,153,7.466661,1.0,0.3934580838468953,17,0.4635353760007825,1.0050000000000008,False
-20.347683,157,7.668833,0.6640625,0.5789441773856774,12,0.3885048503207119,1.0000000000000007,False
-19.040673,159,7.873017,0.953125,0.45560545580846434,17,0.41800190595843484,1.0000000000000009,False
-8.119235,149,8.072886,1.0,0.4025740143306431,19,0.45737535895038356,1.0050000000000008,False
-5.111501,156,8.2717,0.921875,0.4311224368940234,19,0.36365395778285653,1.0000000000000009,False
-19.996062,154,8.473744,0.9609375,0.4067793711266752,17,0.481431728469024,1.0000000000000009,False
-19.296124,157,8.67776,0.859375,0.4671421286177016,17,0.3967997864044443,1.0000000000000009,False
-7.737682,156,8.880661,0.9765625,0.36379193342135663,23,0.5274533625828943,1.0000000000000009,False
-13.490993,150,9.071453,0.953125,0.4352126948206493,18,0.42311567973713554,1.0000000000000007,False
-5.169744,148,9.269729,0.953125,0.38829771877397207,21,0.5089778266170465,1.0000000000000009,False
-7.116574,152,9.479205,0.921875,0.41375821599266965,21,0.43327297918335506,1.0000000000000009,False
-3.971408,157,9.69884,0.9296875,0.4206672286967128,18,0.45362632593035446,1.0050000000000008,False
-9.767389,153,9.90847,0.8515625,0.44061833273271384,16,0.3945783133829298,1.0000000000000007,False
-5.681476,153,10.12206,0.984375,0.3890901130583405,21,0.4845361662658036,1.0050000000000008,False
-11.181534,151,11.279798,0.8046875,0.4822132274307303,14,0.39253515316848353,1.0050000000000008,False
-5.107302,161,11.558279,0.90625,0.4430736141511229,22,0.45898615516048513,1.0000000000000009,False
-7.372146,159,11.844632,0.828125,0.46877277503941245,10,0.34365391551500873,1.0000000000000007,False
-9.888203,150,12.128637,0.8984375,0.4240010592354786,17,0.43350283347134105,1.0050000000000008,False
-4.372886,152,12.400142,0.984375,0.3761983474228877,23,0.4952270916913824,1.0050000000000008,False
-19.111557,159,12.674056,0.9140625,0.4240795328289646,19,0.4417172003001204,1.0000000000000007,False
-7.074125,163,12.949297,0.9921875,0.35120705332942637,16,0.4708555577421615,1.0000000000000009,False
-2.961343,153,13.211339,0.859375,0.4293718595887614,19,0.4601384547072531,1.0000000000000007,False
-7.829897,154,13.544888,0.9609375,0.41222477140612435,20,0.47392415377674485,1.0000000000000009,False
-0.957343,156,13.758847,0.953125,0.3912328985379405,17,0.4551654612960325,1.0000000000000009,False
-7.654476,164,13.969646,0.890625,0.4534752155702996,21,0.393387421014116,1.0000000000000009,False
-12.103912,150,14.16288,1.0,0.3482687077306915,24,0.5053036761692223,1.0000000000000009,False
-7.478056,152,14.383887,0.90625,0.42047199338771307,17,0.4769469827116888,1.0050000000000008,False
-6.535045,161,14.592167,0.9375,0.42875926196099123,20,0.47576657032622927,1.0050000000000008,False
-7.695192,156,14.83394,0.8984375,0.3994785336713878,14,0.3870152833792985,1.0000000000000009,False
-3.675487,160,15.040349,0.9296875,0.37737129664768476,18,0.44948991518971426,1.0050000000000008,False
-10.233205,161,15.249588,1.0,0.40467743404727263,22,0.4254953248194023,1.0050000000000008,False
-17.696094,158,15.461813,0.8984375,0.43798541649325246,16,0.4195259106850686,1.0000000000000009,False
-4.550099,160,15.684566,1.0,0.3600752778686934,19,0.44897966792426186,1.0000000000000009,False
-2.631009,164,15.901006,0.984375,0.36913393223856533,24,0.5206047846725923,1.0000000000000009,False
-0.473764,159,16.107363,0.9765625,0.3424962862159785,22,0.5152307969480806,1.0000000000000009,False
1.559723,159,16.312356,0.8515625,0.43702169962100246,18,0.44572666218884344,1.0000000000000009,False
-2.17718,159,16.53571,0.984375,0.3637512670814917,21,0.4777507735814612,1.0000000000000009,False
-4.037104,154,16.741549,0.953125,0.4003852433120093,19,0.4865745120313182,1.0050000000000008,False
-2.781754,154,16.959052,0.984375,0.3864947383874042,16,0.48515469706947295,1.0000000000000007,False
-10.767521,163,17.175823,0.859375,0.4424459596371702,16,0.4414023499414256,1.0000000000000009,False
-10.769357,154,17.383905,0.9453125,0.42841550954603,18,0.43533358777488773,1.0050000000000008,False
-8.818453,157,17.613402,0.9453125,0.3892441848547532,22,0.49383437939344793,1.0000000000000007,False
-6.083903,155,17.827068,0.984375,0.3658862731242404,21,0.486568129883274,1.0000000000000009,False
-10.080385,158,18.039134,0.953125,0.39844668503301023,19,0.405630450100798,1.0000000000000009,False
-6.135138,162,18.261251,0.9375,0.39619999593636956,18,0.4524351218263855,1.0000000000000009,False
1.831299,161,18.483736,0.9765625,0.3545173536418957,17,0.47587311118959835,1.0000000000000009,False
14.111558,150,18.693569,1.0,0.3185077455998381,22,0.5323828966774429,0.8900000000000008,True
-5.468401,154,18.894583,1.0,0.4435850060218055,17,0.4134986923769444,1.0000000000000007,False
4.777432,168,19.111619,1.0,0.3589414112329211,19,0.506186443934908,1.0050000000000008,False
-2.783164,158,19.315672,0.8984375,0.417044465794736,20,0.4444624705971491,1.0000000000000007,False
-4.411266,153,19.543603,0.953125,0.4203639882853465,15,0.41347244334166877,1.0000000000000009,False
-9.704846,159,19.76856,0.8671875,0.4154195635256293,18,0.4542739711828857,1.0000000000000009,False
-3.464135,155,19.972529,0.9609375,0.3639161590278419,21,0.46530647597151426,1.0050000000000008,False
-2.682098,162,20.186182,1.0,0.35836179276304136,24,0.5085954592450661,1.0050000000000008,False
-0.171418,158,20.391445,0.828125,0.46019108345892756,19,0.4066583750067494,1.0000000000000009,False
-3.342782,159,20.609228,0.9296875,0.4138825432481222,19,0.4296372311674209,1.0000000000000009,False
-6.657652,151,20.822271,0.984375,0.4218178040677622,13,0.4193224158851608,1.0050000000000008,False
-5.693637,159,21.031714,0.9375,0.37788385977129063,22,0.49807511091409257,1.0000000000000009,False
-10.721891,150,21.22336,0.9609375,0.3947721480342505,19,0.4961960857886085,1.0000000000000009,False
-5.863041,157,21.436728,0.9609375,0.3226231027549504,21,0.5732094850353712,1.0000000000000009,False
-3.687286,155,21.666439,0.984375,0.36766852952404155,21,0.5022042868781896,1.0000000000000007,False
2.09361,164,21.893836,0.96875,0.34822447566213816,20,0.4863404809576069,1.0000000000000009,False
-6.553158,161,22.113441,0.90625,0.4417828059930701,15,0.4181938957764894,1.0000000000000007,False
3.520115,161,22.337595,0.984375,0.33322390138361385,19,0.5357388100548899,1.0050000000000008,False
-5.524026,161,22.549627,0.9453125,0.3736904126757171,23,0.5596355833460045,1.0000000000000009,False
-2.644491,156,22.777048,0.9375,0.35502180671314815,21,0.5759912856398083,1.0000000000000009,False
1.400797,165,23.003325,0.9453125,0.3979680554631565,14,0.43910777801129874,1.0000000000000009,False
-7.959911,156,23.214032,0.953125,0.3946150890573813,19,0.4475056762584892,1.0000000000000009,False
-14.918637,161,23.441211,0.9453125,0.40485034976346623,16,0.4469706286101702,1.0000000000000009,False
-4.097923,163,23.732513,0.984375,0.32898652851707605,22,0.547930426500804,1.0000000000000009,False
-4.820439,152,24.027102,0.9765625,0.3904667001572521,21,0.46471107541486545,1.0000000000000009,False
-9.371833,154,24.297396,0.9609375,0.37632928736669213,21,0.4435998168083223,1.0000000000000009,False
-9.312557,159,24.604025,0.9140625,0.4330393401355488,17,0.36282803589449847,1.0050000000000008,False
0.395173,162,24.922953,0.953125,0.3831531620725955,22,0.46177358852793887,1.0000000000000009,False
-2.571031,162,25.184983,0.890625,0.44068334735347675,16,0.42133594318399675,1.0000000000000009,False
1.221465,156,25.459009,0.96875,0.3769053842390118,22,0.48134439679315116,1.0000000000000007,False
-8.830456,158,25.785583,0.9765625,0.40385062356539025,18,0.42290418775843786,1.0000000000000009,False
-4.619185,156,26.108831,0.9609375,0.35512145558444896,23,0.5130692725005437,1.0050000000000008,False
1.465107,162,27.649147,0.9921875,0.347103115024785,23,0.5136457244991098,1.0000000000000009,False
-4.759701,161,27.888613,0.9140625,0.41566825143161934,18,0.42183097277673043,1.0000000000000009,False
1.679271,162,28.110807,0.9453125,0.3613821356779453,21,0.5080850975975962,1.0000000000000007,False
-4.454562,154,28.328308,0.953125,0.36939429143231983,16,0.46991856729606485,1.0050000000000008,False
-1.730365,168,28.558048,0.9375,0.37402698997804334,21,0.5023920593600537,1.0000000000000009,False
-6.655948,157,28.764968,0.921875,0.4451459524530216,19,0.4017051426044328,1.0000000000000009,False
-10.537876,163,28.993819,0.9296875,0.39281991379063186,18,0.4649888433321504,1.0000000000000009,False
-2.760254,160,29.20669,0.90625,0.36715218127825044,21,0.5521517094036134,1.0000000000000009,False
-0.979229,160,29.417557,0.90625,0.3954396613869383,20,0.4989473768361251,1.0000000000000009,False
-3.832713,165,29.639297,0.90625,0.4035013247769583,20,0.44020793948172304,1.0000000000000009,False
-4.624542,163,29.873004,1.0,0.36861373483405385,21,0.5141486746466164,1.0000000000000009,False
-4.95149,165,30.112081,0.9375,0.3583855480406955,17,0.45610985985698077,1.0000000000000009,False
-4.540232,160,30.337083,0.8984375,0.3964212905417436,20,0.5219044275965151,1.0000000000000007,False
-2.396325,160,30.566184,0.9375,0.3776367455367594,20,0.513723829865896,1.0000000000000009,False
0.305684,158,30.79141,1.0,0.33492289410445997,20,0.5619580363308458,1.0000000000000009,False
-2.251353,165,31.030945,0.9453125,0.3837972968965955,19,0.46352956291998954,1.0000000000000009,False
-2.736767,167,31.255823,0.9453125,0.3831897465441962,23,0.5032685542321061,1.0000000000000009,False
0.735781,171,31.495242,0.9609375,0.3625109330262136,22,0.5264386546375495,1.0000000000000009,False
2.695849,167,31.726269,0.984375,0.3321979876272756,19,0.519640051361736,1.0000000000000009,False
-6.546593,155,31.936729,0.921875,0.37485917163618565,21,0.5344429365500889,1.0000000000000009,False
-0.373586,165,32.168091,0.9609375,0.3513014981471249,16,0.4649651090314465,1.0050000000000008,False
0.086835,166,32.388038,0.9453125,0.34184686004002746,18,0.4585033685517387,1.0000000000000009,False
1.145562,163,32.603216,0.921875,0.38441583758335673,19,0.48658889096241864,1.0000000000000009,False
1.103801,167,32.834246,1.0,0.3228336215924218,23,0.5337943893678326,1.0000000000000009,False
-11.387666,161,33.066114,0.9453125,0.3681648226497693,22,0.5136348998110623,1.0000000000000009,False
3.662336,154,33.275221,0.984375,0.31951351905697745,21,0.5332891196393834,0.9200000000000008,True
3.553658,161,33.501181,0.96875,0.3288867335567593,20,0.5314659126286637,1.0000000000000009,False
-8.702037,154,33.711205,0.9296875,0.3635524232226599,22,0.5433682713315772,1.0000000000000007,False
-12.598661,166,33.951192,0.953125,0.37410336861510907,18,0.43492979171275525,1.0050000000000008,False
-4.675287,158,34.195187,0.9140625,0.4021539733722887,16,0.4401844133493249,1.0000000000000009,False
-2.56684,160,34.420889,0.9375,0.35757070282261905,23,0.5120156766714377,1.0000000000000009,False
11.17332,163,34.69135,0.953125,0.31656783070953376,20,0.4928624267745636,0.9900000000000008,True
-7.197957,162,34.92809,0.90625,0.40967366180856724,20,0.4704314151382785,1.0000000000000009,False
-4.614656,165,35.171568,0.9765625,0.3678542230220508,19,0.4795143597153068,1.0000000000000009,False
-5.240551,166,35.418765,0.921875,0.3904008457413995,19,0.49368265464140226,1.0000000000000009,False
2.012857,163,35.664152,0.9375,0.35186266225328533,23,0.4997142649544347,1.0000000000000007,False
2.566987,169,35.925147,0.9765625,0.3394337432799692,21,0.48637915397955744,1.0000000000000009,False
-1.628748,161,36.165343,0.921875,0.39245242895814036,19,0.507794724728467,1.0000000000000007,False
-1.052298,157,36.485638,0.9609375,0.35501735673910717,20,0.5176427288569299,1.0000000000000009,False
-3.152392,155,36.756409,0.953125,0.3960601146188616,19,0.4392281381685462,1.0000000000000009,False
5.777132,163,37.063668,0.9140625,0.38317855888909796,21,0.48356184207037417,1.0050000000000008,False
15.82566,166,37.385657,0.96875,0.3168800453031589,20,0.5466418012069278,1.0000000000000009,True
-4.420543,160,37.669451,0.90625,0.3815037949029553,18,0.4839749419184394,1.0050000000000008,False
3.772761,157,37.963366,0.953125,0.40068349511471385,22,0.4819274773717059,1.0000000000000009,False
-5.036097,171,38.305438,0.9921875,0.33125908802669896,15,0.5056665539131548,1.0000000000000009,False
-1.13656,165,38.655601,0.9453125,0.4140200694661984,20,0.47072050953025174,1.0000000000000009,False
-5.345713,158,38.887226,0.84375,0.485441136822122,15,0.36676314169797486,1.0000000000000009,False
-4.593612,164,39.115347,0.984375,0.36357151848268754,20,0.5016325875059564,1.0000000000000009,False
-0.718866,167,39.358932,0.9375,0.33822098646410514,21,0.5062828979164907,1.0000000000000009,False
-4.698488,153,39.576748,0.984375,0.39102951118094853,23,0.4955179142105569,1.0000000000000009,False
-5.022271,165,39.817736,0.9375,0.391092577989654,19,0.4345957722793441,1.0000000000000009,False
-5.215385,166,40.04106,0.9765625,0.3456381455142604,19,0.5196627927546077,1.0000000000000007,False
5.616953,164,40.287264,0.90625,0.40716389062625735,18,0.43204449306867854,1.0000000000000009,False
-4.297665,162,40.524795,0.921875,0.3858257923178864,18,0.4582574714658588,1.0000000000000009,False
-1.18639,171,40.77598,0.9921875,0.35180801732224354,19,0.4932025942442815,1.0000000000000009,False
-4.294549,158,40.990576,0.9609375,0.37727726991629934,20,0.4858176293550392,1.0000000000000007,False
5.622399,167,41.212867,0.9296875,0.3534088087890298,19,0.49723031858484207,1.0000000000000009,False
-0.104242,174,41.459533,0.9765625,0.3428977808369811,20,0.4745657978618105,1.0050000000000008,False
21.05979,151,41.667463,0.9765625,0.31924902137159794,23,0.5520235427029336,0.8600000000000008,True
-4.410237,164,41.888728,0.9921875,0.387480682763592,21,0.4972257588871941,1.0000000000000009,False
1.87208,159,42.101323,0.9765625,0.3723153660101435,21,0.4616632050779777,1.0000000000000007,False
2.745482,168,43.617748,1.0,0.3462259650357036,20,0.5022550097038736,1.0000000000000009,False
-5.82333,162,43.842554,0.9765625,0.33068428401921013,19,0.5186868455972418,1.0050000000000008,False
0.039065,168,44.087165,0.9609375,0.34293486001425866,19,0.49089797886548714,1.0000000000000009,False
3.664996,163,44.328621,0.96875,0.3402409896328268,22,0.506508698728206,1.0000000000000009,False
-0.904643,174,44.599077,0.9609375,0.41376233492015835,21,0.3998025159403297,1.0000000000000009,False
10.422271,163,44.844926,0.984375,0.3190510783093099,23,0.5737962021825231,1.0000000000000009,True
8.855267,160,45.088681,0.984375,0.32263941017813524,19,0.5255694341424987,1.0000000000000009,False
-6.338396,172,45.333289,0.953125,0.3915978702487751,18,0.4571626627107755,1.0000000000000009,False
2.13982,146,45.556969,0.9296875,0.36259868592528427,18,0.4624295200256156,1.0000000000000007,False
16.915677,170,45.827842,0.9921875,0.3191468559433546,21,0.5573572068869664,0.9650000000000007,True
18.385978,151,46.04719,0.9765625,0.3190729558185654,23,0.5887442047809028,0.8500000000000008,True
26.131683,122,46.24512,0.9765625,0.3179825227123966,21,0.5208245982054279,0.6950000000000006,True
0.560722,158,46.490126,0.953125,0.3301681184656401,26,0.5632056658192623,1.0000000000000007,False
-4.564962,159,46.717707,0.96875,0.34527226390191723,20,0.52266947015616,1.0000000000000009,False
18.076703,140,46.911748,0.984375,0.3172174384841958,24,0.5505956905387466,0.8500000000000008,True
17.916837,144,47.106702,0.9765625,0.3188335720501695,21,0.5590639499291092,0.9000000000000008,True
2.190742,163,47.329876,0.953125,0.3296114091109419,19,0.49593388584168596,1.0000000000000009,False
3.257929,167,47.579627,0.9765625,0.32477132978156964,21,0.5300440766918176,1.0000000000000009,False
11.591849,163,47.809568,1.0,0.3183650280256919,21,0.5064018047667245,0.9850000000000008,True
12.244556,160,48.028864,0.953125,0.30527131613009706,24,0.538951470744525,0.9500000000000007,True
5.319412,164,48.256242,0.984375,0.3226259912537748,22,0.5624758705312397,1.0000000000000007,False
19.343166,161,48.476081,0.984375,0.31510376686128594,24,0.5365856436202144,0.9450000000000008,True
15.61703,147,48.715252,0.9609375,0.31885914754275385,23,0.5555432271197062,0.8950000000000008,True
27.589006,105,48.936534,0.984375,0.31794632568023373,23,0.5925264094466567,0.6150000000000005,True
21.232059,137,49.180557,0.984375,0.31978434196591055,21,0.5342005071559662,0.7950000000000007,True
3.17202,167,49.470956,0.9765625,0.3255923517219561,19,0.5085034162235365,1.0000000000000009,False
-4.226585,178,49.860857,1.0,0.3341465399770942,20,0.5383612032951283,1.0000000000000009,False
8.040536,172,50.178325,0.9453125,0.30369664817919306,21,0.5537170916687413,1.0000000000000009,False
1.732555,174,50.495283,0.9609375,0.32332852869271894,22,0.5142220588712221,1.0000000000000007,False
14.717473,170,50.859801,0.984375,0.3182698684934485,19,0.5344539629014489,0.9500000000000008,True
2.024565,170,51.20257,0.9609375,0.33387346801212103,20,0.4887415740459726,1.0050000000000008,False
25.424925,118,51.365376,0.96875,0.3193497283275863,24,0.5034101152876708,0.6900000000000006,True
18.845943,149,51.573171,0.9609375,0.31883978258212836,24,0.5321056749820333,0.9350000000000008,True
25.265658,121,51.747305,0.984375,0.3195389953442902,24,0.5540271024910128,0.6850000000000006,True
2.776088,172,51.995195,0.9609375,0.3245726951739323,22,0.5531365002391391,1.0000000000000009,False
23.311044,131,52.175139,0.984375,0.3182660533649668,23,0.5494484501959215,0.8350000000000007,True
10.654304,162,52.4067,1.0,0.319790305157021,21,0.570398816229956,0.9350000000000008,True
6.735275,175,52.659303,0.9453125,0.30369908952659397,19,0.5802413186577801,1.0000000000000009,False
27.957992,109,52.827175,0.9609375,0.31609896078085664,23,0.5679209047620484,0.6300000000000006,True
19.97892,143,53.021597,0.9609375,0.31992516324832165,21,0.5853349075354793,0.8400000000000007,True
29.829068,113,53.17872,0.984375,0.31814963337853347,21,0.5333649931162079,0.6950000000000006,True
25.92061,118,53.340033,0.984375,0.31842999098760516,19,0.5284896322717796,0.6700000000000006,True
2.587919,178,53.586277,0.96875,0.3233230968330563,22,0.5981492657768684,1.0000000000000009,False
16.579194,165,53.827226,1.0,0.31837820761354696,25,0.5150879307768157,0.9250000000000008,True
21.302024,154,54.038469,0.9609375,0.31934638832298534,24,0.5430132276636798,0.9150000000000008,True
17.333258,162,54.262621,1.0,0.3166232572937012,20,0.5176810143673001,0.9550000000000008,True
2.61978,173,54.509345,0.9296875,0.33826824389173177,19,0.5303293116205464,1.0000000000000009,False
19.442984,147,54.735066,0.984375,0.31950335348099534,20,0.5318718021442328,0.8750000000000008,True
21.86402,145,54.969643,0.9765625,0.3187581141338728,20,0.5553264473784516,0.7650000000000007,True
28.411594,125,55.156297,0.9609375,0.3183836533908661,21,0.5193117575914139,0.7200000000000006,True
6.882847,173,55.427516,0.9609375,0.3247482939571623,25,0.5964017864506426,1.0000000000000009,False
2.059178,183,55.708595,0.9296875,0.30424515997222007,25,0.5899152185654774,1.0000000000000009,False
4.012335,163,55.959252,0.9609375,0.3377999312705162,20,0.5019744891722648,1.0000000000000009,False
21.683664,125,56.149025,0.9765625,0.3191107809552963,22,0.5470632244197572,0.7750000000000007,True
6.164585,171,56.387567,0.9375,0.3663091621281822,17,0.5323386688303102,1.0000000000000009,False
17.191945,149,56.611893,0.953125,0.3120841952955568,25,0.5587291024753668,0.8500000000000008,True
5.803982,174,56.878824,0.9765625,0.334111359194864,19,0.5135027107844649,1.0000000000000009,False
4.185249,165,57.111449,0.953125,0.39549091859149743,15,0.47574625783246915,1.0000000000000009,False
5.382119,163,57.347626,0.9609375,0.34451443167911333,21,0.5177098939142414,1.0000000000000009,False
3.440577,167,57.593817,0.953125,0.391129718423165,17,0.4586884652432523,1.0000000000000009,False
21.426114,149,57.812645,0.96875,0.31947626066960844,20,0.5455700617497367,0.8500000000000008,True
4.733549,175,58.08187,0.8828125,0.39691635048678897,20,0.4964972191352786,1.0000000000000009,False
6.360766,172,58.33814,0.9453125,0.36560276791759905,18,0.49616527668373683,1.0000000000000009,False
5.312713,175,58.590939,0.9375,0.3867074357874007,19,0.4786623344907933,1.0000000000000009,False
28.288,123,58.774248,1.0,0.3198395761268964,21,0.5482756918163612,0.6800000000000006,True
6.53509,172,60.315484,0.9375,0.312983337956946,22,0.5814424987340145,1.0050000000000008,False
11.109394,177,60.568217,0.9921875,0.31901126490752196,20,0.5393740383189125,0.9900000000000008,True
4.981365,165,60.821051,0.9375,0.37253250033611474,20,0.5189207085297046,1.0000000000000009,False
4.427051,175,61.075432,0.9375,0.40689065704424754,18,0.4816549809806773,1.0000000000000009,False
8.590194,142,61.342566,0.953125,0.36858385772060864,23,0.5137111067959573,1.0000000000000009,False
4.107602,160,61.667019,0.984375,0.3280532561260736,23,0.5692604202603516,1.0000000000000009,False
5.610712,185,62.018496,0.921875,0.39864843562003177,20,0.4441692569415654,1.0000000000000009,False
5.799418,178,62.386915,1.0,0.35482604540139545,16,0.4700221480076713,1.0000000000000009,False
7.80082,152,62.670203,1.0,0.39156202249497385,22,0.4454845231016575,1.0050000000000008,False
26.638969,126,62.890471,1.0,0.3192957080499585,22,0.5624219803471141,0.7150000000000006,True
4.66219,171,63.233656,0.96875,0.3813664154194554,20,0.5007643022472178,1.0000000000000009,False
9.386923,162,63.575592,0.9765625,0.3563481500392075,19,0.5460825783029412,1.0000000000000009,False
29.746245,123,63.79734,0.9921875,0.3151555571361161,22,0.5670393306122435,0.6950000000000006,True
26.717666,133,63.99373,0.9765625,0.31786258050458593,23,0.578282719669792,0.7450000000000007,True
4.196648,176,64.264206,1.0,0.3562961438660644,16,0.5136844744041549,1.0000000000000009,False
25.117948,140,64.473132,0.9921875,0.3182998995435057,19,0.5065797630200655,0.8350000000000007,True
15.693572,179,64.743173,1.0,0.31970965562478443,21,0.5044777282431177,0.9550000000000008,True
7.063607,167,64.992777,0.9765625,0.3533357375217348,18,0.48403155774517653,1.0000000000000009,False
5.567055,175,65.250395,0.953125,0.36829271628327565,19,0.46751412470155296,1.0000000000000009,False
7.197074,180,65.535832,0.984375,0.3473239883180485,16,0.4829727721697765,1.0000000000000009,False
17.400693,181,65.828635,0.984375,0.3196713133149083,24,0.5454707409969329,0.9900000000000008,True
9.623528,173,66.07496,0.96875,0.3269355370922866,22,0.5322145476640129,1.0000000000000009,False
4.167036,179,66.348916,1.0,0.32298630847327237,24,0.5389062548125912,1.0000000000000009,False
10.404663,164,66.597452,1.0,0.34374101219902053,21,0.4730901135513071,1.0000000000000009,False
29.463098,125,66.782342,1.0,0.31985018782434416,21,0.5873126616691905,0.7050000000000006,True
27.300043,136,66.996993,0.96875,0.3195786953425852,20,0.5428809662963977,0.7450000000000007,True
18.993566,183,67.267157,0.9765625,0.31996741552510716,20,0.5725608666383155,0.9850000000000009,True
24.09356,142,67.468498,0.9921875,0.3195822025859184,21,0.5565161242858825,0.8150000000000007,True
29.927247,120,67.642954,1.0,0.31820649634926196,23,0.5404138527458073,0.6900000000000006,True
28.272063,130,67.838352,0.9921875,0.31825028917673726,19,0.5382731590075731,0.7050000000000006,True
27.112834,131,68.034583,0.9921875,0.3186996570430367,22,0.5653226469318244,0.7350000000000007,True
26.805154,132,68.243227,0.9609375,0.31964968827152535,18,0.52108825666285,0.7650000000000007,True
9.601477,176,68.503882,0.9609375,0.34223435060750806,21,0.5144808356249787,1.0000000000000009,False
23.170677,149,68.726053,0.9921875,0.31910048379832356,21,0.5615505657282712,0.9000000000000008,True
8.241697,180,68.992529,0.96875,0.36743309833268295,22,0.5040909172499837,1.0000000000000009,False
19.112927,181,69.275388,1.0,0.31872465534657674,23,0.5292466589833521,0.9700000000000009,True
32.565465,97,69.423394,1.0,0.3192283425849556,22,0.574602141325341,0.5950000000000005,True
24.368803,146,69.644026,0.9765625,0.3195039462359372,22,0.530276566351831,0.8650000000000008,True
10.299282,184,69.919152,0.96875,0.3270882660006104,21,0.5160931674617221,1.0000000000000009,False
7.789255,191,70.192033,0.9375,0.37444873569897297,19,0.49861385249729795,1.0000000000000009,False
6.529032,186,70.464741,0.9921875,0.35526733530877697,19,0.48241324892682336,1.0000000000000009,False
3.929342,189,70.738188,1.0,0.3358435943742888,22,0.5233425775634672,1.0000000000000009,False
29.444524,123,70.931458,1.0,0.3167151384866843,22,0.5709966953799548,0.7250000000000006,True
10.196328,184,71.203655,0.9765625,0.3346566432687915,21,0.510398069401921,1.0000000000000009,False
8.567165,185,71.479234,0.9609375,0.3384107838276248,18,0.48623885616902374,1.0000000000000009,False
3.326171,192,71.755608,0.96875,0.35567347919943937,24,0.5006074329626942,1.0000000000000009,False
8.514606,149,71.975416,0.8984375,0.39831981817173423,15,0.44534967794134867,1.0000000000000009,False
6.136052,191,72.245554,0.9765625,0.35605639159502867,19,0.5220544675254347,1.0000000000000009,False
29.718769,124,72.435232,0.984375,0.31745095233063686,22,0.5270007981326118,0.7000000000000006,True
26.039224,144,72.645033,1.0,0.31938833320935156,24,0.54316187118936,0.7550000000000007,True
30.197174,120,72.824056,0.9921875,0.31949903803960666,21,0.5504717906179528,0.6450000000000006,True
7.601441,184,73.095234,0.984375,0.3255017749823437,23,0.5189546446644135,1.0000000000000009,False
31.185196,116,73.269309,0.9765625,0.3188090079680313,20,0.5719921078795379,0.6100000000000005,True
18.461847,182,73.556707,0.984375,0.31919775125034305,22,0.5547065020238677,0.9750000000000008,True
5.933284,187,73.915531,0.953125,0.36542027081116135,17,0.45825659909871574,1.0000000000000009,False
26.334053,135,74.160522,1.0,0.317293692996896,22,0.5444282289206974,0.8250000000000007,True
27.334778,126,74.385412,0.984375,0.31980318884780246,23,0.5257973644049466,0.7050000000000006,True
36.253263,86,74.546543,1.0,0.3198228939387302,20,0.535636616399027,0.4600000000000004,True
20.791627,169,74.905765,1.0,0.31989455462422844,18,0.5170447411662616,0.9050000000000008,True
26.58461,135,75.158181,1.0,0.31941902509643216,22,0.5317990226194553,0.7650000000000007,True
5.703738,181,75.498253,1.0,0.3506090122637826,21,0.5046316334163697,1.0000000000000009,False
30.605365,115,75.753513,1.0,0.3197617039064252,22,0.5812777395484148,0.6400000000000006,True
29.118408,133,76.026047,0.9921875,0.319328573873106,17,0.5009926892533446,0.6850000000000006,True
26.600006,136,76.33072,0.9921875,0.3184285090164384,24,0.5334063667856455,0.7300000000000006,True
7.540031,176,77.718996,0.96875,0.33592927745816725,20,0.5231466342235275,1.0000000000000009,False
23.434261,155,77.944737,0.9921875,0.3190721806868265,23,0.5750547931180117,0.8500000000000008,True
21.128542,172,78.195495,0.953125,0.31745041367111027,20,0.5639752857703474,0.9700000000000009,True
32.070596,108,78.35312,1.0,0.3168202853238917,21,0.5672702553661727,0.6200000000000006,True
31.181739,117,78.52531,1.0,0.31932904783192717,21,0.5255970215679654,0.6250000000000006,True
32.992064,104,78.687575,0.9921875,0.3186505253869511,20,0.520598118890369,0.5700000000000005,True
29.225644,126,78.868995,0.9921875,0.3180874649992901,19,0.5498329837923601,0.6750000000000006,True
6.722681,187,79.135499,0.9921875,0.3307683774462459,21,0.5045082994331012,1.0000000000000009,False
3.308298,179,79.395062,0.8828125,0.3898122841422327,23,0.5404497766338147,1.0000000000000009,False
8.002832,171,79.653671,0.9765625,0.3458076273215322,23,0.5266305288431105,1.0000000000000009,False
8.30759,160,79.885495,0.9296875,0.3446168740646301,21,0.5053434241747282,1.0000000000000009,False
33.275412,101,80.034581,1.0,0.31968620782391566,17,0.5016501920825658,0.5650000000000005,True
24.112786,147,80.245973,0.9765625,0.3191561041997731,25,0.5553447773008023,0.8500000000000008,True
22.596197,151,80.473554,0.96875,0.3185283251753376,21,0.5548232621229665,0.8450000000000008,True
35.719799,86,80.597901,0.9765625,0.3148334736383652,21,0.5394658242198249,0.4800000000000004,True
31.397478,99,80.759765,1.0,0.3190983427799009,19,0.5384265851682503,0.6550000000000006,True
38.479744,69,80.870733,0.9921875,0.3198739395651261,20,0.5276861708180504,0.3650000000000003,True
24.464272,153,81.085161,0.984375,0.3192667779693496,22,0.5102053076506687,0.8650000000000008,True
9.525101,186,81.356324,0.9609375,0.32056501821062733,21,0.5584890596464788,1.0000000000000009,False
26.835224,131,81.546166,1.0,0.3198640020476099,23,0.5285489539918504,0.7500000000000007,True
35.227549,90,81.679394,0.9765625,0.31436403748581654,20,0.5520780214793549,0.5050000000000004,True
20.9723,158,81.919371,0.9609375,0.3167655373489,20,0.5310740258978887,0.8800000000000008,True
26.065368,127,82.101485,0.9921875,0.31905819956377474,23,0.5352110835694126,0.6850000000000006,True
34.402687,92,82.234935,0.9921875,0.31495222652767013,21,0.5299561141004981,0.5500000000000005,True
23.144218,141,82.440073,0.9765625,0.31448603977367906,21,0.5685498383029938,0.7900000000000007,True
33.860165,98,82.5806,0.984375,0.3138641584750669,19,0.5781025617572871,0.5500000000000005,True
16.797574,186,82.866919,0.984375,0.3188146534720856,20,0.5211130793396715,1.0000000000000009,True
35.030745,90,83.000327,0.9921875,0.31989782106759734,24,0.5498320882060918,0.5000000000000004,True
32.1541,112,83.1573,0.984375,0.3187262777490597,20,0.5449667196073061,0.5900000000000005,True
26.043893,147,83.360179,0.9921875,0.31938965025220645,20,0.5094173597915923,0.8150000000000007,True
33.049939,93,83.493393,0.9921875,0.3171326740260959,21,0.5419010651657399,0.5050000000000004,True
22.809011,139,83.688849,0.9921875,0.318365184498847,21,0.5381667816086784,0.8400000000000007,True
36.707603,77,83.813303,1.0,0.31998423413432076,23,0.4977872166515238,0.4450000000000004,True
31.482115,109,83.971657,0.984375,0.3199958304370455,21,0.5556127389645935,0.5800000000000005,True
31.559057,107,84.136803,0.984375,0.3171672556222556,25,0.5924443980834888,0.6500000000000006,True
26.161786,144,84.344982,0.96875,0.3194238144405036,20,0.5594113714368991,0.7850000000000007,True
32.213121,100,84.490119,0.9765625,0.31990270158998124,24,0.5339911051124351,0.5550000000000005,True
32.80547,95,84.627888,0.9921875,0.31835029766858475,16,0.48647070310111906,0.5600000000000005,True
25.991829,133,84.846973,0.9921875,0.31914664572801765,21,0.5907402246242882,0.8100000000000007,True
33.487644,92,84.97874,0.9921875,0.31863931852236516,23,0.5666261151292996,0.5450000000000005,True
22.484203,147,85.185521,0.984375,0.31823701867819454,23,0.5414267084032323,0.8300000000000007,True
28.136987,119,85.357186,1.0,0.31943123999955675,20,0.518181811241672,0.6550000000000006,True
27.189523,129,85.544078,0.9921875,0.3190082511681392,20,0.5022664021974987,0.7300000000000006,True
27.104403,143,85.753997,0.953125,0.2856781148928853,20,0.5934717635928692,0.7900000000000007,True
20.187024,168,86.026136,0.984375,0.31791678545965624,17,0.575343557980672,0.9300000000000008,True
32.336595,98,86.186958,0.9921875,0.3147515693812254,22,0.5178108942755897,0.5650000000000005,True
28.484099,124,86.393759,0.9921875,0.31895146542231984,21,0.5523776676632077,0.6650000000000006,True
30.356022,104,86.636902,0.9921875,0.31959529235033557,21,0.5438395876482377,0.5900000000000005,True
26.857004,122,86.876204,0.9765625,0.31354955151412245,21,0.53167718336527,0.7000000000000006,True
29.484037,99,87.083993,0.984375,0.31923193355846546,25,0.5490808823303504,0.5700000000000005,True
34.260761,95,87.271978,0.9609375,0.31689620596764023,22,0.5863651873749565,0.5450000000000005,True
34.593252,86,87.45889,0.9921875,0.3185451600638314,22,0.5273562585807313,0.48500000000000043,True
30.337193,115,87.68646,0.9765625,0.3197018479595635,21,0.5433689348917115,0.6650000000000006,True
28.417753,128,87.944969,0.953125,0.3103084386901351,20,0.5139588068902122,0.7600000000000007,True
32.078484,110,88.149971,0.984375,0.31981452454774634,23,0.5381274413933981,0.6050000000000005,True
6.975644,157,88.464706,0.8671875,0.4400794180049779,22,0.47309306856193445,1.0000000000000009,False
33.513212,94,88.649401,0.9921875,0.3162943315842761,23,0.5465205587540048,0.5800000000000005,True
9.115331,159,88.995255,0.953125,0.3693040366137228,19,0.502408827051773,1.0000000000000009,False
33.493421,105,89.156571,0.96875,0.3147413133162452,21,0.5864195297512099,0.5750000000000005,True
25.769997,128,89.339588,0.984375,0.3186298483318374,21,0.5501116385598563,0.7500000000000007,True
32.101711,93,89.471802,1.0,0.31703914404498285,23,0.5314971721893764,0.5500000000000005,True
27.468695,117,89.659691,0.9921875,0.31801955173847507,20,0.5463226605700408,0.6650000000000006,True
35.753361,84,89.792899,0.9921875,0.3130540713562009,20,0.5671357827131975,0.49500000000000044,True
32.54441,107,89.946385,1.0,0.31788607435132415,18,0.5442547991938522,0.5950000000000005,True
29.022519,114,90.122069,0.9609375,0.31936652687105005,22,0.5763173240721979,0.6950000000000006,True
21.384998,130,90.302989,0.9921875,0.31951131174508596,25,0.5241317112566759,0.8300000000000007,True
28.337809,141,90.50324,0.953125,0.3007713782562066,21,0.5803325736223818,0.7550000000000007,True
28.749686,113,90.667464,0.9765625,0.31797799815904626,23,0.5442945247800227,0.6700000000000006,True
21.302839,166,90.901138,0.96875,0.31931355938152184,19,0.5597825415238407,0.9350000000000008,True
26.180571,147,91.122414,0.9921875,0.3197562709715208,21,0.49793981999529646,0.7750000000000007,True
29.341175,120,91.294272,1.0,0.31932827749887116,22,0.5601824812706062,0.7100000000000006,True
31.730839,113,91.463668,0.9765625,0.319176660634265,20,0.5241626961127538,0.6150000000000005,True
7.55927,159,91.690472,0.8671875,0.40179681237140963,19,0.45666596535778203,1.0000000000000009,False
23.171807,148,91.900632,0.953125,0.31786684709719953,22,0.5475256569929526,0.8700000000000008,True
30.69632,117,92.065797,0.984375,0.3198772517845064,21,0.5406111851765285,0.6150000000000005,True
10.353267,182,92.337155,0.9453125,0.28823019761072166,25,0.6059679809942046,1.0000000000000009,False
34.099033,98,92.481115,0.984375,0.31983845804395383,24,0.5344148811360212,0.5400000000000005,True
33.041169,106,92.641238,0.984375,0.31580473761142147,19,0.5157733738335681,0.5800000000000005,True
31.432872,109,92.798707,1.0,0.31647623930123847,23,0.5256443836925114,0.6300000000000006,True
33.035354,107,92.959014,0.96875,0.3137641704898826,23,0.563030067021991,0.5650000000000005,True
20.020456,156,94.218222,0.96875,0.3171200767347577,19,0.5343653865793668,0.8900000000000008,True
31.92397,111,94.382327,0.984375,0.31998801976460073,22,0.5179587714381217,0.5950000000000005,True
32.494413,107,94.5442,0.9921875,0.3194260963749873,20,0.5192873466943044,0.5750000000000005,True
19.966931,174,94.804551,0.953125,0.31354478467382135,23,0.571972287720556,0.9550000000000008,True
37.116836,74,94.907789,1.0,0.31885182242670984,17,0.5329605868078624,0.4300000000000004,True
27.6526,126,95.092865,0.953125,0.31492264758365984,20,0.5495208010818413,0.7000000000000006,True
36.708737,84,95.223887,0.9765625,0.3199536015467425,22,0.5684015612550859,0.4300000000000004,True
22.739179,145,95.432884,0.953125,0.31751983605111944,21,0.5720716293721448,0.9500000000000008,True
31.864434,113,95.605716,0.984375,0.3170825272827438,22,0.5619779236456439,0.6250000000000006,True
32.516423,107,95.768042,0.9765625,0.3188629722077789,20,0.5216087198975474,0.5750000000000005,True
27.593021,122,95.949897,0.9921875,0.31793410741885736,22,0.5340437182201972,0.6800000000000006,True
30.78139,118,96.118117,0.96875,0.3192306121389583,21,0.5234003115028385,0.6500000000000006,True
32.58482,96,96.269926,0.96875,0.31611791593037486,19,0.518965321707515,0.5650000000000005,True
30.374727,119,96.447608,0.984375,0.318576596299293,22,0.5415577482167203,0.6350000000000006,True
30.844564,110,96.625279,1.0,0.3184430089293062,18,0.4947204788473117,0.5950000000000005,True
32.447889,110,96.789142,0.9609375,0.31846750749382496,21,0.5389240551759085,0.5900000000000005,True
24.196149,151,97.015567,0.953125,0.2807254730435126,21,0.6019277692784445,0.8600000000000008,True
32.969318,96,97.158584,0.9609375,0.31711467772392093,21,0.5381538803765596,0.5400000000000005,True
31.628794,93,97.321054,1.0,0.3198551457856956,19,0.5241798020756824,0.5650000000000005,True
35.750071,82,97.443182,0.9921875,0.3199478867017883,24,0.5762128915813968,0.4700000000000004,True
23.52577,151,97.660484,0.984375,0.3189904053668905,19,0.5357999013464946,0.8700000000000008,True
33.632685,98,97.815057,0.9765625,0.31770562316303375,23,0.5485855723333354,0.5350000000000005,True
28.638668,118,97.982615,0.984375,0.31656543539814347,23,0.5515108221934446,0.6650000000000006,True
23.225145,134,98.191819,0.9765625,0.3191785660297941,20,0.5581537762197863,0.8550000000000008,True
33.590598,96,98.3441,1.0,0.31864714696168367,19,0.5213803207256332,0.5700000000000005,True
24.635729,135,98.532651,0.96875,0.31839564088843497,19,0.5689659962365783,0.8300000000000007,True
-2.128598,126,98.716274,0.4375,0.7251125799276334,16,0.33411112070811616,1.0000000000000007,False
26.462298,118,98.884549,0.9921875,0.31989207440780343,20,0.5584413501733828,0.7650000000000007,True
29.282822,114,99.098867,0.9921875,0.3193803484049571,20,0.5493940822173264,0.7300000000000006,True
25.638291,124,99.359014,1.0,0.31923553293669404,22,0.5460857718291483,0.8250000000000007,True
36.746642,77,99.506566,0.9921875,0.3148615015150494,21,0.5265728835645123,0.4400000000000004,True
35.543722,87,99.687699,0.9765625,0.3193835692708306,22,0.5728596016418356,0.49500000000000044,True
26.027912,127,99.945799,0.984375,0.3174782789197014,23,0.542710711366328,0.8000000000000007,True
35.188557,85,100.118483,0.984375,0.31940893750974825,21,0.5225004715671187,0.5150000000000005,True
34.92421,85,100.288465,1.0,0.318917444686568,20,0.5421777988543368,0.4600000000000004,True
34.580213,84,100.460877,0.9921875,0.3183856546528235,22,0.5527628843912995,0.48500000000000043,True
28.084708,136,100.718592,0.96875,0.3196364689284077,24,0.574346244677143,0.7400000000000007,True
33.628382,101,100.928799,0.9765625,0.319938538096183,19,0.5011898538396224,0.5550000000000005,True
32.796626,105,101.143199,0.9921875,0.3191826558958938,23,0.5288583549577965,0.5850000000000005,True
30.52126,114,101.414268,0.9921875,0.3186403247352594,21,0.5786221269513384,0.6550000000000006,True
28.540462,127,101.675076,0.984375,0.3197462990453764,22,0.524858895518243,0.6850000000000006,True
33.149339,99,101.826113,0.9921875,0.314446198155592,24,0.5137253263271739,0.5450000000000005,True
27.912231,114,101.987961,0.984375,0.3136844954196296,20,0.5241348904866562,0.7550000000000007,True
34.734166,85,102.108472,1.0,0.31905570836904834,22,0.5561163241410989,0.4600000000000004,True
34.578579,93,102.243318,0.9921875,0.31820541214504594,18,0.4991926704291677,0.5350000000000005,True
18.320149,164,102.481868,0.953125,0.3102180337055352,23,0.5469126802114026,0.9800000000000009,True
25.348011,136,102.693481,0.9609375,0.3166136332583991,21,0.5353109807842523,0.8350000000000007,True
20.031482,163,102.932831,0.9921875,0.3198336604668868,22,0.537858276302867,0.9450000000000008,True
24.674108,160,103.170837,0.953125,0.29422112737434064,22,0.5744596987685159,0.8750000000000008,True
8.135895,177,103.438945,0.96875,0.3509938358906185,21,0.4976546603755433,1.0000000000000009,False
26.24881,132,103.653313,0.9765625,0.319757963097,21,0.5425866153503826,0.8150000000000007,True
26.917788,126,103.840637,0.96875,0.3187884522324699,18,0.5581067832974564,0.8050000000000007,True
33.840117,94,103.974646,1.0,0.31943477762451145,21,0.5609711162950939,0.5300000000000005,True
28.743608,113,104.133153,0.9765625,0.31372717173526554,20,0.5352158411443226,0.7300000000000006,True
9.991084,181,104.398209,0.9375,0.3178179069059671,20,0.5342606372973919,1.0000000000000009,False
24.139961,148,104.639366,0.9921875,0.3199397704713811,17,0.5120906040081301,0.8800000000000008,True
29.411713,112,104.816521,0.984375,0.3141251060376147,19,0.5249501867557433,0.7400000000000007,True
29.597323,111,104.978344,0.984375,0.3194410679999232,24,0.5484397189132895,0.6200000000000006,True
33.142464,90,105.108708,1.0,0.31878231694222525,21,0.5363381239394779,0.5450000000000005,True
31.455643,114,105.29247,1.0,0.31876640434422626,20,0.5416310365513912,0.6500000000000006,True
30.312856,111,105.455109,1.0,0.31941210913967594,19,0.535434298654828,0.6100000000000005,True
32.822638,100,105.620533,0.9921875,0.3196133358013706,21,0.5406298614459515,0.5550000000000005,True
26.57891,133,105.813313,0.96875,0.3194147380486525,22,0.5136701585289032,0.7700000000000007,True
30.189533,121,105.987581,0.984375,0.31782764684365505,25,0.5482391799311271,0.6850000000000006,True
26.770452,125,106.175154,0.96875,0.3194104155728048,18,0.4506641959202212,0.6950000000000006,True
34.54541,100,106.322684,0.9765625,0.31983707326855215,22,0.5433592863679932,0.5400000000000005,True
29.724247,112,106.487415,0.984375,0.3182194056924676,22,0.5656949590075819,0.6400000000000006,True
34.297795,97,106.654687,1.0,0.31993246045586615,21,0.5375198444559864,0.5350000000000005,True
29.451075,132,106.849206,1.0,0.31953911019730497,22,0.5279777822503473,0.7100000000000006,True
28.522245,112,107.01556,1.0,0.31947902256077876,24,0.5563703750018987,0.6350000000000006,True
33.163004,106,107.163363,0.9921875,0.31968782416799046,23,0.5479654566989045,0.5900000000000005,True
30.52278,118,107.342269,0.9765625,0.31894367589889633,19,0.5408620339122666,0.6500000000000006,True
15.605678,174,107.590027,0.9765625,0.3159610332736895,25,0.5807176916397757,0.9600000000000009,True
29.575167,124,107.789568,0.9921875,0.31807666135253176,23,0.5659939202597626,0.6800000000000006,True
35.170503,86,107.920317,0.9921875,0.3190847704788472,21,0.5409975773934316,0.5000000000000004,True
31.368137,115,108.105467,1.0,0.3164308293515554,22,0.5784835688950066,0.6250000000000006,True
32.079775,101,108.262123,0.9609375,0.3176132766778504,20,0.4779576555202399,0.5550000000000005,True
32.892379,102,108.416475,1.0,0.31944949526852173,19,0.529177318489547,0.5450000000000005,True
27.092112,130,108.637455,1.0,0.3195020747496108,23,0.553387180116716,0.6950000000000006,True
35.569885,86,108.773628,0.984375,0.3192755003716857,24,0.5729463216244866,0.49000000000000044,True
8.530816,185,109.035681,0.9765625,0.32426445575127427,21,0.5578508115978014,1.0000000000000009,False
36.273286,85,109.161263,1.0,0.31901252936991775,20,0.5341210480762916,0.4350000000000004,True
36.661484,80,109.274552,1.0,0.3190945553725366,19,0.532354534014783,0.4400000000000004,True
35.633192,89,109.404528,0.9921875,0.3192412377528684,22,0.5239098683237663,0.4750000000000004,True
36.302193,85,109.5274,0.984375,0.31845850146344234,25,0.5514819074011172,0.4550000000000004,True
32.907074,96,109.66858,1.0,0.3168217347617866,22,0.5233347202413614,0.5600000000000005,True
29.102213,126,111.116003,1.0,0.31865691750707154,22,0.5298962626075924,0.7200000000000006,True
33.978973,95,111.257312,1.0,0.31637619824336793,25,0.5444510957328945,0.5450000000000005,True
35.420177,90,111.398502,0.984375,0.31519584045327914,21,0.5349680631397502,0.49000000000000044,True
28.200816,120,111.576238,0.9765625,0.3158185803338764,19,0.5126493722092157,0.7700000000000007,True
31.901516,99,111.808177,0.9609375,0.31702194802602457,23,0.5396068883944537,0.5550000000000005,True
35.336445,84,111.978737,1.0,0.3169185471078675,21,0.5425070133443924,0.5000000000000004,True
29.061138,114,112.18883,0.9765625,0.3195851074820043,20,0.4992741003264065,0.6200000000000006,True
8.624513,186,112.576729,0.953125,0.3263734088397929,21,0.5411816004588932,1.0000000000000009,False
23.980062,157,112.897927,0.96875,0.3159115444653645,22,0.5404050516714561,0.8600000000000008,True
26.217171,142,113.151195,0.96875,0.31677872308981514,19,0.5061828373054603,0.7800000000000007,True
31.662495,97,113.326656,0.9921875,0.3193332401603409,21,0.5413898904791755,0.5250000000000005,True
32.360722,103,113.532136,0.953125,0.31534452471770824,20,0.531559657157743,0.5600000000000005,True
35.396784,90,113.700602,0.984375,0.31454588574107906,23,0.5365234723641763,0.49000000000000044,True
30.536973,116,113.975175,0.96875,0.3142491058756619,19,0.549815635229715,0.6400000000000006,True
36.116679,83,114.163239,0.9921875,0.3195288455752092,18,0.5374744860234748,0.4450000000000004,True
35.810256,87,114.28826,0.984375,0.3190329574582894,22,0.5329463544644685,0.4650000000000004,True
36.730053,82,114.408092,0.9921875,0.3197003992732164,22,0.5562155430680449,0.4300000000000004,True
33.217127,101,114.553556,0.984375,0.31908617773509507,24,0.5619637169152082,0.5650000000000005,True
37.259189,79,114.674251,0.9765625,0.3185884158640817,20,0.535037371910775,0.40500000000000036,True
34.1759,91,114.811302,0.9765625,0.3169814296020709,23,0.5231014363159269,0.5000000000000004,True
33.552436,76,114.937327,1.0,0.3188682405315838,22,0.5446149748442112,0.4550000000000004,True
30.930147,109,115.09339,0.9921875,0.31964525513226816,23,0.5358423316477631,0.6000000000000005,True
31.496316,119,115.272463,0.953125,0.3172571544409092,25,0.5954402255173259,0.6450000000000006,True
31.240024,107,115.430958,0.9921875,0.3181285994755943,21,0.5447905846753691,0.5700000000000005,True
28.457739,104,115.590097,0.984375,0.317728186351661,19,0.5780790966100158,0.6050000000000005,True
32.284024,87,115.724661,0.9609375,0.3186102703769541,19,0.48473371255995557,0.5000000000000004,True
31.287354,101,115.869925,0.96875,0.31988932707361906,22,0.5292196979172812,0.5550000000000005,True
32.683754,99,116.020649,0.984375,0.3179836446715727,23,0.5416015706860036,0.5750000000000005,True
34.286897,90,116.149349,0.96875,0.31575490755125374,25,0.5551048850552266,0.5000000000000004,True
31.948731,107,116.297161,0.96875,0.3186714051057792,22,0.5603342620822945,0.6250000000000006,True
33.81923,90,116.426398,1.0,0.3198052658624469,20,0.5369374765820606,0.5150000000000005,True
35.643082,89,116.551323,1.0,0.31866123438792804,22,0.5427660136492434,0.48500000000000043,True
29.472624,118,116.728438,0.984375,0.31841795765727554,20,0.5390228341530692,0.7100000000000006,True
32.318126,111,116.883576,0.953125,0.3178551861420798,23,0.5890594594277656,0.6150000000000005,True
35.198322,85,117.022095,0.9765625,0.3178013900541002,23,0.5841799794181954,0.4600000000000004,True
22.128271,166,117.26039,0.9765625,0.3174365050860004,23,0.5270223878111333,0.9050000000000008,True
33.424502,96,117.399508,1.0,0.31928149633045677,23,0.555479163946552,0.5700000000000005,True
26.699872,136,117.610937,0.9921875,0.3183166542591508,22,0.4879885326369716,0.7450000000000007,True
24.765637,149,117.831746,0.9921875,0.3195483672845755,25,0.5713242391943155,0.8200000000000007,True
33.941002,98,117.987931,0.96875,0.3162479937665432,20,0.569136683664516,0.5600000000000005,True
34.451543,91,118.125923,0.9765625,0.31963194146877544,21,0.5430185061449189,0.5250000000000005,True
33.871687,100,118.278632,0.96875,0.3190226007812502,21,0.5442130665698844,0.5500000000000005,True
31.82992,116,118.446922,0.953125,0.3011678750994693,21,0.5194584328931952,0.6500000000000006,True
35.165993,93,118.598822,0.984375,0.31875191710635975,22,0.5602475538898694,0.49500000000000044,True
33.210948,103,118.746185,0.9609375,0.31863993981568517,23,0.5795163158200262,0.5650000000000005,True
31.165339,96,118.890959,0.9609375,0.31931676359496286,22,0.563758015207777,0.5450000000000005,True
38.167602,70,118.994614,0.984375,0.31889843857153355,23,0.5533708080099413,0.39000000000000035,True
34.978669,94,119.166877,0.9609375,0.3198050468160383,23,0.5247565327136317,0.5100000000000005,True
21.315261,163,119.420793,0.953125,0.2957334066514552,20,0.5490102394413923,0.9650000000000009,True
33.721183,105,119.572769,1.0,0.31920785582718125,18,0.5360951008685414,0.5450000000000005,True
28.545767,126,119.749755,0.953125,0.31933705449502037,21,0.5160471853765446,0.6750000000000006,True
35.852268,92,119.883157,0.96875,0.31779004189160487,21,0.5289539500611757,0.4800000000000004,True
34.575674,93,120.01363,0.984375,0.3192528168397789,19,0.5413473005619169,0.5150000000000005,True
35.791508,84,120.146363,0.96875,0.3192224081678834,19,0.5454798862951945,0.4800000000000004,True
37.329698,76,120.25804,1.0,0.31715854839592583,20,0.5642673586023141,0.4200000000000004,True
35.596077,89,120.390503,0.9765625,0.31946003010777946,22,0.5676062813437295,0.4750000000000004,True
30.306885,121,120.56677,1.0,0.3193169454703149,23,0.5712499274603636,0.6400000000000006,True
34.039661,103,120.725563,0.9921875,0.31851405964405316,18,0.5021076385677856,0.5550000000000005,True
35.034613,90,120.866991,0.9765625,0.31974527149225807,23,0.5325167267198719,0.5000000000000004,True
37.122171,82,120.989982,0.953125,0.31157199223211296,23,0.5582152237819893,0.4400000000000004,True
34.794495,92,121.138532,1.0,0.31936147858594205,21,0.5174302606588763,0.5200000000000005,True
35.415847,91,121.272438,0.9609375,0.31896759850215956,19,0.547441529573495,0.49500000000000044,True
30.180084,110,121.431908,0.9765625,0.3183999798226121,18,0.5346967626761168,0.6900000000000006,True
32.719998,94,121.563709,0.96875,0.31544032276059264,22,0.5091946784357784,0.5700000000000005,True
15.126819,187,121.837651,1.0,0.3176667776539906,22,0.5530894797183795,1.0000000000000009,True
35.402988,85,121.960399,1.0,0.31643624448451646,24,0.5472555608286274,0.49500000000000044,True
35.234522,82,122.087935,0.984375,0.3195303752871431,19,0.545209018340708,0.4550000000000004,True
35.991512,90,122.228109,0.9609375,0.31909607637597287,23,0.5393939341287922,0.4700000000000004,True
32.905302,102,122.3801,0.9765625,0.3183535259610957,22,0.5254283676707204,0.5900000000000005,True
29.174896,130,122.565672,0.953125,0.28834250277910617,23,0.5679948098604423,0.7150000000000006,True
36.09233,86,122.695003,0.9921875,0.3190554908917367,21,0.5539625561612957,0.4700000000000004,True
32.943222,95,122.830669,0.9921875,0.3149258606306525,25,0.5757791131740068,0.5600000000000005,True
33.897826,89,122.954436,0.96875,0.31958618001044503,20,0.5450020546998773,0.5100000000000005,True
33.469028,95,123.091039,0.9609375,0.31940443739869295,24,0.5661366226475054,0.5350000000000005,True
36.576268,83,123.219507,1.0,0.31683687621602263,21,0.5452149531021311,0.4450000000000004,True
30.840377,114,123.384833,0.9765625,0.31888783559287365,22,0.5210795351834319,0.6400000000000006,True
9.680562,189,123.671541,0.9453125,0.2979983701229422,25,0.6074859918399198,1.0000000000000009,False
36.247047,82,123.794351,0.984375,0.31930858450723787,22,0.5312936942714689,0.4500000000000004,True
31.651232,110,123.962067,0.9609375,0.31873011327259476,20,0.5214332524347781,0.6200000000000006,True
27.970254,131,124.158115,0.9609375,0.31863578177634344,20,0.5201878253920234,0.6950000000000006,True
24.757219,147,124.488453,0.953125,0.2903277347607196,24,0.5978615126588217,0.8400000000000007,True
32.704272,93,124.662312,0.984375,0.3193291805476722,22,0.540997342894642,0.5050000000000004,True
34.080769,94,124.842376,0.9765625,0.3158550028391196,21,0.5451780341165816,0.5400000000000005,True
29.045877,112,125.061636,0.96875,0.31995078296100055,23,0.5630236835396286,0.6850000000000006,True
31.297442,106,125.282825,0.9765625,0.3184597347144182,18,0.5211090745890378,0.5900000000000005,True
19.462083,174,125.601665,0.9609375,0.3191110802291875,20,0.5164559727948228,0.9500000000000008,True
32.524229,100,125.779617,0.96875,0.31712821554112325,25,0.5514133986005129,0.6100000000000005,True
26.218632,140,126.041631,1.0,0.31859277991179347,25,0.5603782005299314,0.7750000000000007,True
22.19365,145,126.329336,0.9765625,0.3187728125797219,19,0.492155072376847,0.8450000000000008,True
26.059984,135,126.625658,1.0,0.31788515405644885,23,0.5436643623888715,0.7800000000000007,True
35.779591,88,126.805554,0.96875,0.3187140216489684,22,0.5387003006629433,0.49000000000000044,True
9.63377,176,127.065603,0.9921875,0.32609501447009454,21,0.5314625358167407,1.0000000000000009,False
27.751016,128,127.25731,0.96875,0.31866594217107413,22,0.5471518608609206,0.7050000000000006,True
34.861234,93,128.758249,0.9765625,0.31418433368040166,20,0.573407958047844,0.5050000000000004,True
5.669655,187,129.027491,0.953125,0.38257851423940215,16,0.4147610736627581,1.0000000000000009,False
27.296058,109,129.201411,0.9609375,0.3139740036031283,19,0.522827209619611,0.6500000000000006,True
32.250588,107,129.357992,0.9765625,0.3196399040540765,22,0.5101437672072618,0.6050000000000005,True
33.231234,101,129.524398,0.9921875,0.3136287163079317,23,0.5134652044637557,0.5550000000000005,True
8.067007,187,129.814627,0.9296875,0.34114926787066324,20,0.5823394643671543,1.0000000000000009,False
22.210429,146,130.032207,0.9921875,0.3199998970596464,24,0.5412683781189143,0.8950000000000008,True
31.237908,98,130.178543,0.96875,0.3194215085403367,22,0.576333121026009,0.5800000000000005,True
3.51679,190,130.477943,0.84375,0.4454239541124124,21,0.4478795021866228,1.0000000000000009,False
26.794794,129,130.669484,0.984375,0.3178291859261552,21,0.4907787194135435,0.7400000000000007,True
32.070626,112,130.836783,0.953125,0.2950051612548418,21,0.5780060403598536,0.6150000000000005,True
9.276933,188,131.104732,0.9765625,0.32586231223901235,21,0.49934912283113203,1.0000000000000009,False
33.160042,109,131.25698,0.953125,0.29928094305221276,20,0.48252047771956236,0.6050000000000005,True
31.588462,100,131.410589,0.9765625,0.31928908305238923,22,0.5421811915606186,0.5900000000000005,True
6.206925,186,131.694558,0.8984375,0.36420304794886893,23,0.5634065601685712,1.0000000000000009,False
33.250592,95,131.833627,1.0,0.3182693149875804,22,0.5628433379314829,0.5750000000000005,True
30.976675,106,131.981609,0.96875,0.3182280037013554,21,0.5466295524784562,0.5700000000000005,True
31.556697,108,132.135083,0.9921875,0.31360732973657945,22,0.5289788505673558,0.6050000000000005,True
32.062492,110,132.293582,0.9921875,0.3195328861822187,21,0.5317811513815056,0.5900000000000005,True
33.610931,98,132.438596,0.984375,0.3173257621016275,23,0.5601869042142387,0.5150000000000005,True
28.502756,129,132.639853,0.96875,0.3194905698874687,21,0.5509530165298808,0.7350000000000007,True
37.063196,81,132.756565,0.96875,0.3199419407260825,24,0.5376610632386247,0.4250000000000004,True
34.221365,89,132.886104,0.9921875,0.3179468109222573,23,0.5403830223742905,0.5000000000000004,True
32.668221,106,133.036509,1.0,0.3191847717616142,22,0.5272093497846758,0.5900000000000005,True
35.333887,82,133.153172,0.96875,0.31832821583203574,22,0.5080132778854483,0.4650000000000004,True
33.873929,90,133.278468,0.9765625,0.31905211499711994,23,0.5202462925544291,0.5200000000000005,True
35.447553,83,133.40016,0.9765625,0.31760833834666463,21,0.5623481653078308,0.4600000000000004,True
35.250539,84,133.521716,0.984375,0.3192714716174653,20,0.5060818151535468,0.4550000000000004,True
34.544202,97,133.673382,0.9609375,0.3193278501810714,21,0.5503258279538632,0.5150000000000005,True
34.121366,100,133.818508,0.9921875,0.3136154825867106,23,0.5624295206174055,0.5300000000000005,True
35.478614,81,133.939165,0.9765625,0.31556572932651517,22,0.5494304428135385,0.4550000000000004,True
36.267829,87,134.062132,0.96875,0.3183137885207323,23,0.5662333839535262,0.4650000000000004,True
32.386423,99,134.204766,0.9921875,0.31772820754291997,26,0.5479850361176132,0.5500000000000005,True
35.774578,90,134.338022,0.9609375,0.3183818093688005,21,0.5877864228582843,0.4700000000000004,True
35.499203,88,134.464744,0.9921875,0.3150200616965466,17,0.5281708240802374,0.5000000000000004,True
31.830811,104,134.635527,0.9609375,0.31827123369220434,20,0.537809577456644,0.6200000000000006,True
35.58672,91,134.777404,0.9609375,0.31482489914623074,21,0.5046972151017131,0.5050000000000004,True
33.202833,92,134.915529,0.984375,0.31943949221370904,24,0.5232969696121891,0.5200000000000005,True
35.089078,86,135.043216,0.9609375,0.3185966439101168,22,0.5577002319501836,0.4750000000000004,True
36.150832,81,135.158619,0.9765625,0.3194422488455984,20,0.5272287367350962,0.4300000000000004,True
34.454091,93,135.294234,1.0,0.3193357417973202,21,0.5134104137775789,0.5150000000000005,True
33.377182,93,135.454916,0.96875,0.31994149488389145,22,0.5355254168391623,0.5400000000000005,True
32.199106,108,135.640156,0.9609375,0.3196230215677679,22,0.5834237146089121,0.6100000000000005,True
36.264256,86,135.769812,0.96875,0.31999969552527724,18,0.5011545552219044,0.4600000000000004,True
33.683468,90,135.906725,0.9609375,0.3187033927695113,24,0.5558674980089682,0.5200000000000005,True
28.840554,121,136.083907,1.0,0.31903012305381434,20,0.5462273555303813,0.6650000000000006,True
33.784111,98,136.229,0.984375,0.3174503002208987,20,0.5795364377323975,0.5700000000000005,True
30.715217,104,136.38415,0.9921875,0.31800720621968004,22,0.5514308111566951,0.6000000000000005,True
33.927834,100,136.532688,0.984375,0.3188946045076261,20,0.5434210683848428,0.5600000000000005,True
28.598344,123,136.735888,0.984375,0.3199314651439227,19,0.5692058439851745,0.6750000000000006,True
31.941964,96,136.941476,0.9765625,0.3194532000502558,22,0.5158445692759219,0.5500000000000005,True
26.240586,120,137.172237,0.9921875,0.3196588998066665,22,0.5332812415677566,0.7100000000000006,True
34.437843,89,137.336817,0.984375,0.31978214727884396,20,0.557959595784839,0.49000000000000044,True
35.466658,79,137.479728,0.9765625,0.31612922319115233,24,0.5528287913285722,0.4550000000000004,True
37.599897,76,137.627669,0.984375,0.31853887071252585,23,0.5372285949446327,0.41000000000000036,True
25.413127,142,137.92609,0.984375,0.31617486825251306,23,0.5633493924294227,0.8250000000000007,True
35.798364,83,138.083517,0.984375,0.3191527025593664,25,0.5622021621616928,0.4750000000000004,True
32.268856,100,138.267906,1.0,0.3194670181606592,19,0.5186161705984016,0.5750000000000005,True
32.106632,102,138.454514,0.9765625,0.31949814165706814,21,0.5265719990680087,0.5850000000000005,True
31.715234,101,138.647629,0.984375,0.318846561252766,23,0.556669567162419,0.6000000000000005,True
32.706187,100,138.882182,0.9921875,0.31957660980462477,21,0.565281050599751,0.5550000000000005,True
31.174839,118,139.152358,0.96875,0.31915870666081975,23,0.5883426519391496,0.6300000000000006,True
34.258617,97,139.363121,0.953125,0.31655981208970235,23,0.5672378312396676,0.5450000000000005,True
31.031027,100,139.528857,0.9921875,0.3174358138777674,19,0.5183356531008467,0.6700000000000006,True
8.615731,186,139.807781,0.96875,0.32896843310835455,20,0.5662215440073957,1.0000000000000009,False
19.245276,179,140.073668,0.9765625,0.3181774931348358,21,0.6028385663317379,0.9800000000000009,True
27.832881,128,140.25359,0.953125,0.31400999746171676,23,0.5561196716336213,0.7000000000000006,True
31.476201,106,140.407828,0.96875,0.31788573735742254,21,0.5178225549787945,0.5500000000000005,True
34.220832,91,140.545705,0.984375,0.3191385642826191,22,0.5350341310647644,0.5250000000000005,True
34.243175,97,140.694735,0.984375,0.31904389364314234,25,0.5980787308127786,0.5350000000000005,True
33.964812,82,140.827036,0.96875,0.31969746515909814,23,0.5774664377721945,0.4300000000000004,True
31.683217,109,140.979796,0.9765625,0.31928314010317904,21,0.5787446314526561,0.6000000000000005,True
22.701295,179,141.229098,0.953125,0.2910130688829595,22,0.5888955495147855,0.9550000000000008,True
35.140153,85,141.350123,0.984375,0.31804030681423723,19,0.5229736357927827,0.4600000000000004,True
29.60651,111,141.509675,0.9921875,0.31617849017428723,24,0.5639557125074119,0.7350000000000007,True
35.081456,89,141.638614,0.9921875,0.3190411743553908,18,0.4960319321520786,0.5050000000000004,True
33.250104,89,141.765936,1.0,0.31988663821121355,20,0.5419149147650494,0.5350000000000005,True
36.687385,75,141.884408,0.9921875,0.31937129039117806,21,0.5442392802300058,0.4450000000000004,True
30.246597,122,142.05817,0.9609375,0.3158681205102646,22,0.5882892465678851,0.6300000000000006,True
34.044052,90,142.184005,0.9765625,0.3197814887182179,21,0.5356173837787161,0.5050000000000004,True
31.560793,110,142.347493,0.96875,0.31803646091315274,25,0.5201154051991038,0.6250000000000006,True
36.224496,87,142.483941,1.0,0.3193368356061662,24,0.5399709292765205,0.4650000000000004,True
20.694132,179,142.752158,0.9609375,0.2950226214042239,23,0.577616994725552,0.9900000000000008,True
36.3521,82,142.886966,0.9921875,0.3179048843847193,22,0.5319925185131097,0.4700000000000004,True
30.358804,106,143.036942,0.984375,0.3174708812312693,23,0.556167848409887,0.5900000000000005,True
37.401157,76,143.146305,1.0,0.3173139053078933,23,0.5698408794047786,0.4200000000000004,True
33.481842,102,143.292078,0.9921875,0.31805314892260045,22,0.5104055759941275,0.5700000000000005,True
33.401407,98,143.43021,0.9609375,0.31724437986944043,24,0.51372582430962,0.5150000000000005,True
34.371361,88,143.554857,1.0,0.3176962478204292,21,0.5552650567842458,0.49500000000000044,True
33.084081,100,143.712356,0.9921875,0.3142877408660162,23,0.5288362120082261,0.6000000000000005,True
33.427411,101,143.870964,0.9921875,0.31918331366826713,20,0.5251093395646362,0.5850000000000005,True
35.90785,79,143.996359,1.0,0.31952120083669944,20,0.5347457392417018,0.4400000000000004,True
35.097553,92,144.133679,0.96875,0.3142281935954673,19,0.5244834955776267,0.5100000000000005,True
35.412901,91,145.229414,0.9609375,0.3183219958650092,21,0.5543889491513874,0.49500000000000044,True
30.32184,107,145.388259,0.9921875,0.3153527080476309,24,0.5530802718244773,0.6950000000000006,True
35.439532,89,145.516699,0.9609375,0.3170390104477234,18,0.5208165446206178,0.49500000000000044,True
36.551638,84,145.649473,0.953125,0.3192896365347068,17,0.5007047688101677,0.4500000000000004,True
22.362302,173,145.908964,0.9765625,0.3187421842984194,22,0.5598464955543069,0.9250000000000008,True
24.702101,122,146.10481,0.96875,0.3194983317805512,23,0.5536923576307686,0.8650000000000008,True
37.86023,74,146.223107,0.96875,0.3198316185867298,21,0.5347430949578704,0.39000000000000035,True
35.176709,89,146.370445,1.0,0.31934269238890245,21,0.5413158318883844,0.5050000000000004,True
32.922583,104,146.531005,0.96875,0.31431444347094595,20,0.5538196908728712,0.5600000000000005,True
36.151136,87,146.668765,0.9921875,0.3153185114780247,24,0.5067636185006127,0.4750000000000004,True
35.90384,81,146.798172,1.0,0.3189187780734505,24,0.5638156174282893,0.4650000000000004,True
37.254743,78,146.906152,0.9765625,0.3199900337465357,23,0.5610732852959043,0.4200000000000004,True
35.09681,93,147.060928,0.9765625,0.31911167984867256,20,0.5560369823632979,0.49500000000000044,True
33.199525,95,147.205405,0.9921875,0.3199648082923846,20,0.5296215780892332,0.5200000000000005,True
34.237151,92,147.342694,0.984375,0.31616908067891025,20,0.5294627211221854,0.49000000000000044,True
35.263597,84,147.47176,0.9921875,0.319421805675295,24,0.5644712097721302,0.4550000000000004,True
34.695166,85,147.597174,0.984375,0.31800820318956957,16,0.5201950556406557,0.49000000000000044,True
34.274324,89,147.734224,0.9765625,0.3196031289146676,22,0.5630836054513529,0.49000000000000044,True
35.770508,86,147.865724,0.984375,0.3189827096280953,18,0.5005308184390336,0.4800000000000004,True
33.699899,101,148.025268,0.984375,0.3155622938229673,23,0.5605332515714735,0.5350000000000005,True
31.055927,121,148.206413,0.9765625,0.3178788928428281,24,0.5715278290318863,0.6350000000000006,True
30.550749,110,148.376642,0.9921875,0.31996477514559785,18,0.5372134183853431,0.6150000000000005,True
33.944142,97,148.527788,0.9609375,0.31943786044852385,23,0.5509831870206718,0.5550000000000005,True
32.104567,105,148.693496,0.96875,0.31971988346560715,20,0.5151431333509553,0.5900000000000005,True
33.879942,95,148.84115,1.0,0.3195485143258578,21,0.5515212484955326,0.5100000000000005,True
30.230456,110,148.996653,0.984375,0.31865276176947666,23,0.5618516645708348,0.5900000000000005,True
24.717468,152,149.230283,0.953125,0.31707175390742914,21,0.5666400152620636,0.8200000000000007,True
31.71807,114,149.403872,0.9765625,0.3191411446629527,22,0.5580917905958547,0.6000000000000005,True
37.221019,82,149.592035,0.96875,0.31949136190505206,21,0.5293428080099368,0.4200000000000004,True
30.533117,106,149.800296,0.9609375,0.31968595847420955,23,0.5931188390933658,0.5950000000000005,True
37.468456,77,149.960122,0.984375,0.31828986396149517,23,0.528676353903406,0.40500000000000036,True
32.509905,95,150.134932,0.96875,0.31990835504517456,22,0.5270810158594857,0.5250000000000005,True
32.896038,97,150.350123,0.9609375,0.31909683178195114,23,0.5220280721133196,0.5400000000000005,True
35.96993,79,150.51806,0.984375,0.3199241984334704,21,0.5451515632935767,0.41500000000000037,True
33.031766,110,150.744411,0.9609375,0.3139666217554628,21,0.5019414349391463,0.5700000000000005,True
32.578558,89,150.905735,1.0,0.31834455941397316,25,0.5300282261592266,0.5150000000000005,True
34.486906,83,151.063485,0.984375,0.31759332072308466,22,0.509062158129374,0.4550000000000004,True
34.366352,86,151.231434,1.0,0.319123032419328,21,0.5405666878734693,0.48500000000000043,True
32.655059,110,151.463412,0.96875,0.31994489920686275,24,0.5614172904652698,0.5900000000000005,True
35.53779,82,151.6088,1.0,0.31852922622768054,24,0.5514265388165005,0.4450000000000004,True
34.931852,90,151.821862,0.984375,0.31948814267560666,21,0.5443773759830396,0.5100000000000005,True
36.815871,77,151.9821,0.96875,0.31701436405453565,23,0.5486536033636281,0.4450000000000004,True
27.02662,120,152.178322,0.984375,0.3197072978102813,25,0.5339144726741356,0.6700000000000006,True
35.820446,90,152.328351,0.96875,0.31996676148784353,22,0.5645330811104499,0.4700000000000004,True
33.48873,93,152.471042,0.96875,0.31885325696541544,22,0.5424531600281358,0.5100000000000005,True
36.209528,74,152.578519,1.0,0.3186318709259076,22,0.5453008739874334,0.41500000000000037,True
36.109578,77,152.695342,1.0,0.31872036456426767,23,0.5516044102584252,0.4200000000000004,True
37.488714,72,152.797816,0.984375,0.3190719557852326,24,0.5661010832734731,0.41000000000000036,True
33.803573,89,152.929323,1.0,0.31903294634670526,19,0.5450984996449051,0.5100000000000005,True
37.676214,75,153.041673,1.0,0.3176502597332863,21,0.5195289272316906,0.40500000000000036,True
37.032856,79,153.151745,0.9921875,0.31930425328413947,23,0.526551281856949,0.4250000000000004,True
33.817246,100,153.309655,0.96875,0.3195157218367857,22,0.5380906042990935,0.5600000000000005,True
34.311466,93,153.444904,0.953125,0.3052302436767621,18,0.4899433374209857,0.5100000000000005,True
32.056391,102,153.594674,0.984375,0.3173686615400027,19,0.5561569198586069,0.5750000000000005,True
37.994165,73,153.699769,0.984375,0.31876545583876364,21,0.5418742266308197,0.39500000000000035,True
34.570732,93,153.843709,0.984375,0.31846955767787943,24,0.5592673457525396,0.5150000000000005,True
37.861754,75,153.95421,0.9921875,0.3199362141603833,22,0.5367862171672856,0.39500000000000035,True
35.837449,87,154.089094,0.984375,0.31890221937061014,20,0.5089606055442063,0.4650000000000004,True
32.100865,94,154.235151,0.9921875,0.31950323052731766,24,0.5548747528647011,0.6100000000000005,True
35.348545,90,154.387168,0.9609375,0.3199881560129398,20,0.5279651320070111,0.49000000000000044,True
36.278938,87,154.520343,0.9609375,0.31843256927730434,19,0.5301623203789088,0.4650000000000004,True
29.320871,121,154.71108,0.953125,0.31341266082242836,22,0.5645291920175075,0.6700000000000006,True
34.577562,100,154.860119,0.953125,0.3115354614046999,21,0.5723190129722246,0.5400000000000005,True
35.312376,87,154.99203,0.9921875,0.3194520968308343,19,0.5195118176945325,0.4750000000000004,True
33.995684,87,155.120747,0.984375,0.3199112494007939,24,0.5153533047081154,0.4500000000000004,True
36.006143,86,155.245809,1.0,0.3193464936422893,23,0.5507759516861229,0.4700000000000004,True
30.335762,117,155.433393,0.9921875,0.31954899876168186,22,0.5381080571013763,0.6100000000000005,True
31.53305,107,155.600849,0.9765625,0.318235012605699,26,0.5554686519338287,0.5900000000000005,True
34.395856,89,155.737662,0.984375,0.3188647144581083,23,0.5905609369859175,0.4800000000000004,True
33.512527,103,155.891874,0.9921875,0.3183816187603836,22,0.55208204617156,0.5350000000000005,True
35.547782,84,156.019554,0.9921875,0.3192606151637961,23,0.5523185451598033,0.4450000000000004,True
33.446348,94,156.158962,0.984375,0.31896878619394353,24,0.5500818360755825,0.5350000000000005,True
25.675169,125,156.355202,0.984375,0.31785898252329897,18,0.5268900154537224,0.7300000000000006,True
35.536622,82,156.480145,1.0,0.31993197842923393,24,0.5717699951934394,0.4500000000000004,True
36.723542,82,156.603761,0.9921875,0.3182208103127033,23,0.5246667853445925,0.4400000000000004,True
33.149952,103,156.759332,0.9921875,0.31803038534819733,20,0.5656951571634237,0.5850000000000005,True
33.239249,105,156.913166,0.9765625,0.31814628371612863,21,0.5256867904887769,0.5750000000000005,True
29.56679,108,157.0713,0.9765625,0.3187553942591882,19,0.5506754944729735,0.6150000000000005,True
26.663776,131,157.257904,0.953125,0.3193102720964226,23,0.5650850430198477,0.8150000000000007,True
30.7104,119,157.436671,0.984375,0.31737293145351003,21,0.5285303233057612,0.6400000000000006,True
22.84786,140,157.636797,0.9921875,0.31868950055695044,22,0.5055251880168321,0.7850000000000007,True
32.386329,101,157.790494,0.9921875,0.31751954491991496,20,0.5419415136086129,0.5700000000000005,True
32.548682,111,157.953866,0.9765625,0.3179730457379588,22,0.5695625362359819,0.5750000000000005,True
34.178923,97,158.099385,0.9921875,0.31819390711292583,21,0.5051353745701569,0.5350000000000005,True
32.10851,104,158.246024,0.9765625,0.31898888088271726,22,0.5813519702128912,0.5650000000000005,True
32.006368,108,158.410694,0.984375,0.31711182698460283,24,0.5638267692361222,0.5950000000000005,True
36.86718,81,158.524812,0.9765625,0.3198002416283805,21,0.5480409917492096,0.4350000000000004,True
32.379673,107,158.682857,0.9609375,0.3197348832240893,19,0.5608506806619424,0.5950000000000005,True
34.760127,96,158.831571,0.9921875,0.31914708155427773,19,0.5571570876110086,0.5000000000000004,True
34.054095,99,158.971787,0.9921875,0.3146784402581212,23,0.5365014622590325,0.5350000000000005,True
36.535385,80,159.085201,0.984375,0.3196955259487689,23,0.5342135861834205,0.4500000000000004,True
33.135966,93,159.231291,1.0,0.31939220010220826,22,0.5426446716319833,0.5300000000000005,True
35.100477,95,159.368678,0.96875,0.3193332267783955,22,0.5340996413995276,0.49500000000000044,True
34.442374,92,159.535135,0.9921875,0.3199144858577817,22,0.5494510340986637,0.5400000000000005,True
34.140045,88,159.668599,0.984375,0.3193356439961784,23,0.5509546509673785,0.5400000000000005,True
32.513833,101,159.823113,0.984375,0.31713082047819985,23,0.5519004340295833,0.5900000000000005,True
35.758103,86,159.946538,0.96875,0.31986601293387124,22,0.5308846035347164,0.49000000000000044,True
34.809324,84,160.066214,0.9921875,0.3181394256186295,23,0.5351179823424848,0.4750000000000004,True
26.362745,131,160.263014,0.9765625,0.3192083694352552,23,0.5637542773596841,0.8150000000000007,True
27.941279,119,160.433851,0.984375,0.31602541373513093,25,0.578838404416063,0.7350000000000007,True
31.793148,101,160.606779,0.984375,0.318897735769782,19,0.5213154817569969,0.6150000000000005,True
31.642454,99,160.747597,0.9765625,0.31806415218572226,23,0.57512409171148,0.5550000000000005,True
32.776999,106,160.900045,0.9609375,0.31852675884291215,20,0.5241625375769954,0.5800000000000005,True
30.468372,115,161.962853,0.9921875,0.31887675298348855,23,0.5334884560778111,0.6550000000000006,True
36.678703,78,162.09967,1.0,0.3188847566727472,22,0.5411879563577687,0.4500000000000004,True
34.078709,91,162.306644,1.0,0.31911455992147386,23,0.5066863233805937,0.5350000000000005,True
33.947992,84,162.47444,0.9921875,0.31841113383942243,18,0.5404948704979324,0.4550000000000004,True
34.286822,95,162.669398,0.953125,0.3197669104479,23,0.5660681988199745,0.5450000000000005,True
37.005931,80,162.820766,1.0,0.31917799598833185,23,0.5521234937355509,0.4400000000000004,True
33.134738,95,163.010821,0.9921875,0.319421502292899,23,0.5309039991135001,0.5450000000000005,True
33.874098,87,163.178581,0.9921875,0.31740752627601626,22,0.5048647276658027,0.5050000000000004,True
32.200411,99,163.3681,0.9921875,0.31846725084151445,24,0.5345849006381337,0.5800000000000005,True
30.313947,116,163.585609,0.953125,0.3172924196943425,20,0.5422130513813047,0.6650000000000006,True
34.884346,82,163.746551,1.0,0.3199021216598602,22,0.5265012089233411,0.48500000000000043,True
36.410753,77,163.888877,1.0,0.3171912367135047,23,0.5286837788620345,0.4550000000000004,True
34.512419,81,164.071942,0.984375,0.3187354485312356,20,0.5562647708534468,0.4450000000000004,True
31.97537,94,164.25878,1.0,0.31871123148509706,20,0.5415756237589949,0.5550000000000005,True
38.66572,70,164.41819,1.0,0.31889036442013186,23,0.5718627810359552,0.3600000000000003,True
30.601471,116,164.670691,1.0,0.31858351643773697,21,0.5340560126014078,0.6400000000000006,True
30.932859,113,164.845681,1.0,0.319162452662515,22,0.5424119648399799,0.6300000000000006,True
35.378651,91,164.979623,0.9921875,0.31993470011803743,23,0.5416579672822727,0.5050000000000004,True
35.8014,82,165.100827,1.0,0.3194494852318235,21,0.5348468656283605,0.49000000000000044,True
34.629438,84,165.23112,1.0,0.3167400557784452,19,0.5626050272340548,0.49500000000000044,True
36.747959,80,165.354854,1.0,0.31827712346269166,23,0.5688723119549524,0.4400000000000004,True
32.77608,91,165.512722,1.0,0.3180412025299375,20,0.5177086866212621,0.5850000000000005,True
31.016997,110,165.695157,1.0,0.3149272064541788,22,0.5532226532937721,0.5850000000000005,True
34.000063,107,165.854963,0.9765625,0.3187537831698078,19,0.5350617855969582,0.5450000000000005,True
31.560427,109,166.016758,0.9921875,0.31941654779441825,23,0.5625524205913164,0.6100000000000005,True
31.35899,109,166.172844,0.9921875,0.31977616627790045,21,0.5468677628740936,0.6100000000000005,True
36.36649,83,166.292663,0.9921875,0.3183779853075147,21,0.5156972799400613,0.4450000000000004,True
33.428916,96,166.435072,0.984375,0.3186756345250539,22,0.5368230493268968,0.5150000000000005,True
34.743638,91,166.567906,0.9921875,0.3196141853622029,24,0.547456263477177,0.5250000000000005,True
31.625901,114,166.743807,1.0,0.3178110948904454,20,0.5315590953157744,0.6100000000000005,True
28.604286,121,166.927972,1.0,0.31872869987150554,20,0.5637479314352855,0.6550000000000006,True
34.804774,91,167.0633,1.0,0.31860837590193714,21,0.5371194026806305,0.5250000000000005,True
34.097418,85,167.187625,0.9921875,0.31895173192047166,20,0.5352324196492629,0.4700000000000004,True
30.239024,109,167.343136,0.9921875,0.3195995568880218,24,0.5743933894043823,0.6950000000000006,True
22.342301,162,167.575344,1.0,0.318177628370538,24,0.574201430642326,0.8650000000000008,True
30.812494,119,167.760831,1.0,0.31747317473343073,24,0.5490257807788245,0.6450000000000006,True
36.64151,80,167.886082,1.0,0.3188384545715529,21,0.5358758552344134,0.4500000000000004,True
30.958129,104,168.031943,0.9921875,0.319938006196519,23,0.5669859039180849,0.6300000000000006,True
34.843107,86,168.155298,0.9765625,0.31984620195346636,25,0.5553047851358734,0.5100000000000005,True
31.103808,105,168.307519,1.0,0.3179201701490097,23,0.5484268354949429,0.5750000000000005,True
28.674031,116,168.475389,0.9921875,0.3192395576135343,20,0.5307074641148803,0.6300000000000006,True
29.610075,110,168.636674,0.9921875,0.31997198867523413,20,0.54889767753894,0.6350000000000006,True
36.077275,88,168.774459,0.9765625,0.3185078960758124,21,0.5466867889401933,0.4600000000000004,True
32.894885,105,168.931771,1.0,0.31777381199707394,22,0.5401328476424921,0.5950000000000005,True
34.908636,83,169.055304,1.0,0.31945335446309325,22,0.5189989597901701,0.4800000000000004,True
35.920044,81,169.180165,1.0,0.3180943493773475,19,0.5635544896300135,0.4650000000000004,True
33.032461,91,169.314834,0.96875,0.31970421349677813,23,0.5242763902716671,0.5050000000000004,True
35.481682,92,169.468893,0.9609375,0.3181332456947944,26,0.5628491978692021,0.5000000000000004,True
36.695068,78,169.593949,1.0,0.3196786712463173,19,0.5292066302347899,0.4400000000000004,True
34.552951,87,169.728095,1.0,0.3185894859889006,22,0.5370311538534291,0.48500000000000043,True
36.683233,77,169.877543,1.0,0.3175449151062949,20,0.5524042417937449,0.4450000000000004,True
35.059113,87,170.004552,1.0,0.3185498212683501,20,0.5246156185793783,0.49500000000000044,True
35.639827,89,170.141002,1.0,0.31956269660153364,22,0.5518812614905095,0.48500000000000043,True
33.01178,98,170.294093,0.9765625,0.319009087072008,22,0.5542510208535147,0.5550000000000005,True
31.828584,96,170.44159,1.0,0.31983039282487646,17,0.5392202497205574,0.5700000000000005,True
34.287468,94,170.606412,0.984375,0.31789089908004353,26,0.5477460670971157,0.5500000000000005,True
36.342471,80,170.726474,1.0,0.31923831492071386,22,0.5517724382793756,0.4600000000000004,True
38.376103,69,170.841303,0.984375,0.3196345288542961,21,0.5510899579724449,0.37500000000000033,True
34.222219,86,170.978793,0.9921875,0.3186837343840262,20,0.5352019440074695,0.49500000000000044,True
33.313512,107,171.127622,0.9609375,0.31552464766812693,25,0.5747294910809797,0.5750000000000005,True
37.674085,76,171.234896,0.9921875,0.31859986631413767,19,0.5504578448741639,0.40000000000000036,True
34.298923,84,171.358455,0.9921875,0.31695768467917884,23,0.5345015571222587,0.5100000000000005,True
36.320894,84,171.481568,0.984375,0.31929550499266707,20,0.5340757621273411,0.4600000000000004,True
35.298179,87,171.606599,1.0,0.31981533063935846,23,0.5367208921042643,0.4750000000000004,True
34.800576,84,171.729375,0.984375,0.31823055494502284,24,0.5630793601034475,0.4700000000000004,True
23.294558,133,171.927955,0.9921875,0.3187159890090756,24,0.5267132202028928,0.7350000000000007,True
30.066743,107,172.090699,0.9921875,0.3184377211623553,24,0.5459883578177962,0.6950000000000006,True
34.621784,95,172.232949,0.96875,0.3199628732445009,21,0.5343812911548975,0.5050000000000004,True
35.729843,77,172.343253,0.984375,0.31879502261129145,22,0.5529838388792945,0.4400000000000004,True
32.449157,97,172.486625,0.9921875,0.31747557000444954,23,0.5727417851645547,0.5750000000000005,True
28.94858,126,172.676631,0.9765625,0.3192675221425689,21,0.4688645889813641,0.6800000000000006,True
36.728198,79,172.792229,1.0,0.3187930795524275,21,0.540454670999152,0.4250000000000004,True
33.741054,102,172.948284,1.0,0.3178143514119281,23,0.5460462180054074,0.5600000000000005,True
32.372889,107,173.098852,0.96875,0.31745550259378463,22,0.5759384084693229,0.6150000000000005,True
33.633429,98,173.235463,0.9921875,0.31853929362243616,23,0.5623104248688139,0.5600000000000005,True
35.803969,86,173.359051,0.984375,0.3190840955977837,23,0.5553596081219992,0.4800000000000004,True
33.283391,89,173.487893,1.0,0.31906623859481886,21,0.5587354662648808,0.5300000000000005,True
31.320894,117,173.66797,0.9921875,0.3185124600596551,23,0.5382883811688495,0.6050000000000005,True
35.423904,87,173.798904,1.0,0.31723873466411634,23,0.5187638535360912,0.48500000000000043,True
33.592941,93,173.947298,1.0,0.31817641451442513,21,0.5522841274257352,0.5100000000000005,True
30.604009,115,174.120012,1.0,0.318496846658918,24,0.5322808648871606,0.6550000000000006,True
36.512514,78,174.238616,1.0,0.31884842200402497,21,0.5366110152794827,0.4500000000000004,True
30.66749,121,174.422471,0.984375,0.319604670516934,24,0.5334518861038497,0.6250000000000006,True
33.887593,89,174.553852,0.9765625,0.3199554402091934,21,0.5037072561839306,0.5100000000000005,True
36.616368,82,174.703247,0.9921875,0.31970340877822667,18,0.5512366195436187,0.4400000000000004,True
36.278982,86,174.88804,0.984375,0.31905642578787474,24,0.5475230842194241,0.4600000000000004,True
35.908369,79,175.046841,0.9921875,0.31913213624822234,24,0.5260225578237153,0.4300000000000004,True
36.959436,76,175.186142,1.0,0.31987683847931875,25,0.5296829549404006,0.4400000000000004,True
37.030719,76,175.323042,1.0,0.31902704055076847,22,0.5747831000235638,0.4300000000000004,True
35.223571,87,175.489923,0.9921875,0.31846521483353174,23,0.521924636441189,0.49500000000000044,True
29.97942,110,175.732363,0.984375,0.3198581384041339,26,0.573894663814374,0.6100000000000005,True
35.978925,77,175.88458,0.984375,0.3170060607305452,22,0.5204093491921195,0.4300000000000004,True
33.868208,99,176.075395,0.9921875,0.3191836948908961,21,0.53140208442585,0.5550000000000005,True
34.481338,97,176.251412,1.0,0.3187870299218419,23,0.5532770867585532,0.5450000000000005,True
30.960661,105,176.444147,1.0,0.3165654048023815,24,0.5333667662649453,0.5900000000000005,True
37.17535,75,176.614333,1.0,0.318811834311755,22,0.5464742824508142,0.41500000000000037,True
35.564211,83,176.775033,1.0,0.31825277829171283,25,0.5484870824773638,0.48500000000000043,True
35.464038,89,176.987338,0.984375,0.3181324599243697,24,0.5484441947515177,0.49500000000000044,True
37.498226,76,177.159046,1.0,0.31930559737008246,23,0.554913885532941,0.4200000000000004,True
29.741953,120,177.358867,1.0,0.3183205946732517,23,0.5634789677273349,0.7100000000000006,True
35.601569,79,177.47624,0.984375,0.31803664592888803,18,0.5598472013487649,0.4500000000000004,True
34.206826,97,177.622226,0.9921875,0.31906175856404,23,0.5474567414143011,0.5050000000000004,True
30.544518,115,177.791228,1.0,0.3187673905200864,21,0.5768164948009361,0.6350000000000006,True
32.591715,85,177.91641,0.9921875,0.3196911255141406,22,0.5383871821734005,0.5250000000000005,True
31.148932,111,178.081281,0.984375,0.3193320313442768,23,0.5937589682921343,0.6350000000000006,True
36.467373,82,178.213979,0.9921875,0.3182056910890654,18,0.5143903404268648,0.4600000000000004,True
35.526723,89,178.350769,0.984375,0.3173493476406355,21,0.5274844550164202,0.4750000000000004,True
36.543408,81,179.037122,0.984375,0.3182514267020955,20,0.5761461121357595,0.4450000000000004,True
32.494399,101,179.202895,1.0,0.3192121582993862,19,0.5533579752285193,0.5650000000000005,True
36.15758,77,179.320976,0.9921875,0.3193905370431066,22,0.5154661871402445,0.4300000000000004,True
34.009571,101,179.481893,0.96875,0.31976195592026146,20,0.5830917702810751,0.5450000000000005,True
34.22701,82,179.617746,1.0,0.31921357823384644,21,0.5107739826832989,0.4600000000000004,True
36.252119,84,179.742718,0.9921875,0.318619973939703,23,0.5486423961017974,0.4600000000000004,True
35.767124,79,179.862007,0.9921875,0.31852114918367325,24,0.5522060455536428,0.4400000000000004,True
34.659651,93,180.002565,0.9921875,0.3175755640887771,21,0.5195876781746136,0.5150000000000005,True
36.677684,81,180.121295,0.984375,0.31916554488873816,22,0.5476396074559883,0.4550000000000004,True
24.534861,145,180.357996,0.96875,0.31934782218091273,22,0.5267293268020375,0.7750000000000007,True
36.461741,76,180.475604,0.984375,0.31948736587448745,20,0.5338794525149498,0.41500000000000037,True
35.526603,86,180.602138,0.9921875,0.3193563167892659,23,0.5222142123815846,0.49000000000000044,True
32.523919,89,180.73575,1.0,0.3188487541881752,25,0.5547892703603372,0.5300000000000005,True
36.726823,79,180.854022,1.0,0.3177728002625988,25,0.5492746937222803,0.4350000000000004,True
30.378472,98,181.006367,0.9921875,0.3198602561206698,20,0.5464426008906665,0.6150000000000005,True
37.27852,77,181.112951,1.0,0.31993968283946017,22,0.5170116894611163,0.41500000000000037,True
34.390476,98,181.260929,1.0,0.31937670471051327,20,0.5540696433190551,0.5400000000000005,True
35.088669,78,181.391868,1.0,0.31993936676707313,24,0.5133307347872902,0.4200000000000004,True
31.415614,114,181.554771,0.9921875,0.3162900799765309,21,0.5552301925474867,0.6400000000000006,True
34.000256,89,181.691361,1.0,0.31884761888094143,21,0.5254654487813144,0.5000000000000004,True
33.862214,91,181.823701,0.984375,0.31703671646785636,23,0.5560303277893142,0.5150000000000005,True
35.628616,83,181.945526,1.0,0.3185888194445722,24,0.5478162649591339,0.49500000000000044,True
35.170306,89,182.070558,0.984375,0.3146184952643869,23,0.5883556275098373,0.5050000000000004,True
33.861771,96,182.204099,1.0,0.3199326114595246,24,0.5376020365561146,0.5300000000000005,True
34.764836,80,182.335282,1.0,0.3195037435254602,23,0.5306112219862744,0.4350000000000004,True
36.169627,77,182.457659,1.0,0.3188659143116723,21,0.5093326630514993,0.4300000000000004,True
35.932591,78,182.572511,1.0,0.31518311988281206,23,0.5330743895488538,0.4250000000000004,True
36.616873,82,182.698633,0.9921875,0.31826682526385264,21,0.5352775330197205,0.4400000000000004,True
36.565769,85,182.823324,0.96875,0.3189341603474929,19,0.5458237242993307,0.4550000000000004,True
33.832163,93,182.955146,0.984375,0.31906090216205635,22,0.5808026333238973,0.5100000000000005,True
33.95381,98,183.095299,1.0,0.3175520424142737,25,0.5317759109027688,0.5500000000000005,True
38.318613,68,183.191684,0.9921875,0.3197550701875732,21,0.5393469757059289,0.37000000000000033,True
35.973739,85,183.330804,1.0,0.31743615116011925,19,0.5319060954839887,0.4750000000000004,True
33.346622,94,183.475019,0.9921875,0.3164949812517849,24,0.560335500205629,0.5300000000000005,True
36.830247,72,183.58486,1.0,0.31935583997828254,20,0.5278209736790651,0.39500000000000035,True
37.321285,75,183.702859,0.9765625,0.319099049209033,22,0.5403408728561586,0.41500000000000037,True
36.390077,83,183.829474,1.0,0.3199549146627695,18,0.5530627527079283,0.4550000000000004,True
35.409321,85,183.957169,1.0,0.31913607917910664,19,0.5046634558439131,0.49500000000000044,True
32.604377,91,184.091254,0.984375,0.3181912806919099,18,0.5272988242515778,0.5100000000000005,True
30.555954,119,184.273718,1.0,0.31993639755614794,23,0.5663159374451229,0.6350000000000006,True
35.250719,77,184.397055,1.0,0.31999932665424335,22,0.5260397846188669,0.41500000000000037,True
38.738798,68,184.499815,1.0,0.3198139661447801,23,0.5166097247541984,0.3600000000000003,True
36.705335,81,184.619357,1.0,0.3180717665169776,24,0.5792013172674688,0.4450000000000004,True
35.176247,89,184.75163,0.96875,0.31961725219964243,18,0.5166054255677243,0.4600000000000004,True
38.040706,74,184.858845,0.9765625,0.31970758011786826,24,0.5959154991760636,0.38000000000000034,True
36.425413,83,184.984741,0.984375,0.3182360535966583,23,0.5522196498844905,0.4550000000000004,True
35.849029,86,185.109789,0.984375,0.3196185015850655,18,0.5360014364501127,0.4500000000000004,True
35.473532,89,185.242399,0.984375,0.31850466683554424,20,0.5350002727039669,0.4750000000000004,True
35.195476,84,185.379327,0.984375,0.3181803862309377,22,0.4988827655199779,0.4650000000000004,True
36.45927,81,185.506347,1.0,0.31779600979879435,21,0.5723504198088525,0.4450000000000004,True
34.765957,87,185.637697,1.0,0.31887440672807255,25,0.5677696775887787,0.4800000000000004,True
37.862286,72,185.744015,1.0,0.31991766101042884,23,0.5392818316043959,0.39000000000000035,True
36.004804,86,185.874082,0.9921875,0.3192299994258737,19,0.5520861744645799,0.4700000000000004,True
35.820447,79,185.989,1.0,0.31596412286343706,23,0.5367218280324738,0.4400000000000004,True
37.107595,80,186.102904,1.0,0.3186570885215247,22,0.5434788488445131,0.4200000000000004,True
31.624329,91,186.22724,0.953125,0.3189259159838735,25,0.5816999852628764,0.5250000000000005,True
37.716937,72,186.337975,1.0,0.3154057899340459,22,0.5310141052044174,0.40000000000000036,True
16.424459,178,186.598649,0.953125,0.3188290870569148,24,0.5853499767786919,0.9400000000000008,True
36.771088,82,186.718715,0.9921875,0.3194682522161569,24,0.5460678269441884,0.4400000000000004,True
29.781499,123,186.903674,0.9765625,0.31967843722775663,21,0.552802875929536,0.6750000000000006,True
34.771519,93,187.047777,1.0,0.3178599097112756,19,0.5541554067195981,0.5250000000000005,True
35.037332,86,187.179183,1.0,0.3146143032587656,20,0.5112334378632295,0.4600000000000004,True
32.324591,102,187.387852,0.984375,0.3198080525198316,19,0.5321431305326708,0.6100000000000005,True
35.204971,87,187.561945,1.0,0.319788737127388,22,0.5405895574895954,0.49500000000000044,True
35.672599,86,187.720561,1.0,0.3190117371123188,24,0.5220527578892666,0.4700000000000004,True
34.376454,80,187.87087,1.0,0.3197995944594002,17,0.5304144353518973,0.4600000000000004,True
33.719208,100,188.058775,0.953125,0.3196772896582465,21,0.59027030126651,0.5150000000000005,True
35.130415,82,188.239805,0.9921875,0.31804665113349706,25,0.5489457092769722,0.4650000000000004,True
37.471032,76,188.39217,0.9921875,0.31710163303304073,22,0.5507605020624458,0.4200000000000004,True
33.634883,100,188.597789,1.0,0.3179547809215928,22,0.5468742702510607,0.5400000000000005,True
36.21112,79,188.747963,1.0,0.3190283984623399,21,0.5598783801237603,0.4750000000000004,True
37.899502,71,188.883815,1.0,0.31917840993575536,19,0.5478126541702759,0.39500000000000035,True
36.634214,82,189.033154,0.96875,0.3136969988393664,24,0.5867519510663086,0.4600000000000004,True
5.095346,190,189.437718,0.9453125,0.3546384891097589,21,0.5288864199286532,1.0000000000000009,False
32.6756,102,189.682566,0.9921875,0.3186475807041186,23,0.5551140410781982,0.5650000000000005,True
35.720619,88,189.867568,1.0,0.3185290204466994,23,0.5275193828424901,0.4800000000000004,True
36.903288,78,189.995166,0.984375,0.31504939961742834,24,0.5643787214987045,0.4400000000000004,True
31.216229,100,190.143877,0.9921875,0.3168137562108103,22,0.5551834976915051,0.5700000000000005,True
37.264852,74,190.246318,1.0,0.3185092097282565,19,0.522162515590674,0.4200000000000004,True
29.68311,114,190.418489,0.9765625,0.316706565651361,22,0.490452900114002,0.6200000000000006,True
34.425446,98,190.572057,0.9921875,0.31554893026171704,23,0.563256232672368,0.5100000000000005,True
34.95924,88,190.701203,0.953125,0.3172382514976717,22,0.5555038883456529,0.4800000000000004,True
37.063714,79,190.83432,1.0,0.3193968613485415,18,0.5268736451589684,0.4250000000000004,True
27.462991,108,190.992312,0.9921875,0.3160266722851517,24,0.4862575095586493,0.6800000000000006,True
32.878974,98,191.133555,1.0,0.3194021828790788,19,0.524379018398815,0.5100000000000005,True
34.28461,86,191.267169,1.0,0.31967150214412404,19,0.5367312545906221,0.4800000000000004,True
30.853307,110,191.427773,0.9765625,0.3195935063319113,22,0.5114346384521592,0.6800000000000006,True
36.434166,81,191.563347,0.9921875,0.3198306246732563,20,0.5408094574482689,0.4550000000000004,True
36.1734,84,191.707827,0.9765625,0.3198680100357574,19,0.5326581295022181,0.4700000000000004,True
34.548975,79,191.822728,0.9921875,0.31906276903366715,23,0.528654798132938,0.4450000000000004,True
34.976699,90,191.956377,0.9921875,0.31889885826080533,23,0.5486028421977884,0.4800000000000004,True
28.149611,109,192.135543,1.0,0.31910612409398004,23,0.5357766198222884,0.6450000000000006,True
30.639835,97,192.27901,0.984375,0.31398859207912166,22,0.5658128656520586,0.5800000000000005,True
33.424803,94,192.421998,1.0,0.3197558862334889,17,0.552107850761433,0.5250000000000005,True
34.330193,103,192.590679,0.984375,0.3188721514838846,24,0.576237930248806,0.5350000000000005,True
34.649086,86,192.722289,1.0,0.3188730084792145,24,0.5817284796836285,0.4550000000000004,True
34.499426,93,192.860315,1.0,0.31969976185719096,25,0.5707674203408323,0.5250000000000005,True
29.766884,116,193.025783,1.0,0.31740963520703125,21,0.5438688171085435,0.6550000000000006,True
28.565523,105,193.176307,0.96875,0.3174422013264675,19,0.5248791490277286,0.6350000000000006,True
27.242023,123,193.352717,1.0,0.31816129123910586,26,0.5490932457990703,0.7600000000000007,True
29.57227,106,193.519085,1.0,0.31493996767430493,18,0.5618328872534742,0.5750000000000005,True
36.610218,80,193.649144,0.9921875,0.31948774471875996,22,0.5320856008199523,0.4500000000000004,True
37.497829,77,193.764701,1.0,0.31957916744644377,22,0.5223493319573438,0.40500000000000036,True
36.187106,84,193.892865,1.0,0.3185209739713093,20,0.5456024024862984,0.4600000000000004,True
29.994311,116,194.070367,1.0,0.31769771826397314,23,0.5363649849491366,0.6250000000000006,True
34.152634,91,194.207743,1.0,0.31963536104541324,20,0.5483407184456414,0.5100000000000005,True
34.096728,101,194.358113,0.9765625,0.31995985311356473,20,0.5322449236279321,0.5250000000000005,True
28.923881,119,194.534353,0.96875,0.31996153367551994,23,0.5835837599104624,0.6600000000000006,True
34.309089,96,194.692485,0.9921875,0.31820763071528557,21,0.5464514724709615,0.5400000000000005,True
31.308721,114,195.490398,1.0,0.31838568814099244,19,0.5394494432682848,0.6300000000000006,True
29.159805,119,195.715189,0.984375,0.31552553061457944,19,0.5882942895215388,0.7350000000000007,True
25.610934,128,195.901696,0.9765625,0.3160282083549207,22,0.550563268354394,0.8000000000000007,True
35.798717,82,196.018186,1.0,0.31955260897450094,21,0.538310772724771,0.4700000000000004,True
36.157803,76,196.127359,1.0,0.3198023555821069,22,0.5301017738045207,0.4250000000000004,True
29.712506,118,196.291931,1.0,0.31698776819592867,20,0.5505562504660969,0.7200000000000006,True
32.973515,110,196.456309,1.0,0.31828883408763775,22,0.5736252761167849,0.5800000000000005,True
31.749227,104,196.617579,1.0,0.3199287098998752,18,0.543732554632991,0.5650000000000005,True
30.974038,104,196.789656,0.9921875,0.31811680481218363,21,0.5503282162008218,0.6350000000000006,True
34.468,87,196.908361,0.984375,0.31937373195264696,21,0.5618955075037941,0.49000000000000044,True
32.105232,98,197.04886,0.9921875,0.31904778964861324,24,0.5795263878417988,0.5750000000000005,True
33.117217,98,197.191922,0.96875,0.31720620663374766,23,0.5452200307986825,0.5250000000000005,True
34.704319,82,197.310826,1.0,0.31947518377517814,24,0.5470337083449466,0.4800000000000004,True
35.204097,84,197.439793,0.9921875,0.31978590189220896,18,0.5558027267283983,0.5000000000000004,True
34.968703,85,197.572921,0.9921875,0.31738373280545773,23,0.4968359993642138,0.5150000000000005,True
34.89134,96,197.714743,0.9609375,0.31608099977205106,23,0.5477839920219956,0.5200000000000005,True
32.952226,93,197.860754,1.0,0.318505347965534,23,0.5473909537227181,0.5600000000000005,True
33.046078,103,198.005976,0.96875,0.31960709888214955,21,0.5380030124086403,0.5750000000000005,True
35.553161,88,198.129134,0.984375,0.3197191123607178,17,0.525422373222064,0.4800000000000004,True
32.767298,106,198.281736,0.9765625,0.31998488250221724,19,0.5349986814539869,0.5600000000000005,True
31.233144,109,198.433929,0.9609375,0.31570136286319683,21,0.5539365286128486,0.6000000000000005,True
35.295626,81,198.550349,0.9765625,0.3195960581540348,25,0.5508575422898445,0.4600000000000004,True
35.214851,89,198.685443,0.9921875,0.3148344332612549,23,0.5445776293344227,0.49500000000000044,True
33.221898,91,198.825513,0.9921875,0.3177204245165809,22,0.57645392320201,0.5400000000000005,True
32.459408,89,198.950533,0.9765625,0.3199196420617205,24,0.5759000378795416,0.5250000000000005,True
37.737974,72,199.051461,1.0,0.3193733630968245,24,0.5540479138633221,0.40000000000000036,True
34.191503,85,199.17229,0.9765625,0.3195982582562301,22,0.5232894111832415,0.5000000000000004,True
35.650917,80,199.284954,1.0,0.31998943922052986,19,0.5365491782268547,0.4300000000000004,True
27.575525,115,199.449785,0.9921875,0.31863993506589844,25,0.5614898302695981,0.7850000000000007,True
35.716762,82,199.573486,0.984375,0.3193214493001104,20,0.5464830094500188,0.4800000000000004,True
27.496624,125,199.758617,0.9609375,0.318636449534667,20,0.5377553617761746,0.7600000000000007,True
31.942665,101,199.979376,0.9921875,0.3145672633973527,22,0.5285586011640373,0.5800000000000005,True
29.774912,105,200.187305,0.9921875,0.31913373190175526,24,0.5474215716431371,0.6350000000000006,True
36.943195,79,200.322727,0.984375,0.3196376025648433,21,0.5180222280625796,0.4350000000000004,True
34.702875,78,200.47,1.0,0.31965585560548304,22,0.49714756865717774,0.4350000000000004,True
37.611427,72,200.598283,1.0,0.31942008963283886,24,0.5342891966864391,0.40000000000000036,True
28.293219,115,200.860934,0.984375,0.3192381112827031,18,0.5435868181282555,0.7300000000000006,True
28.802177,105,201.075121,1.0,0.3190322491947853,23,0.5609566631647951,0.6450000000000006,True
34.988451,90,201.239448,1.0,0.3191557905130706,20,0.5497812350877191,0.4800000000000004,True
35.179302,82,201.402582,1.0,0.3179706606779191,21,0.5519328111556128,0.4650000000000004,True
37.093215,79,201.558537,1.0,0.3186845141378112,21,0.5391801929769111,0.4250000000000004,True
31.367551,109,201.794155,1.0,0.319139959931054,21,0.5602692075858948,0.6250000000000006,True
24.956837,122,202.049046,1.0,0.31752987874497807,19,0.5428817110263042,0.8650000000000008,True
31.418945,112,202.313846,1.0,0.3190322216780115,18,0.5033287899506399,0.6100000000000005,True
33.006851,88,202.500899,0.984375,0.31473447686820055,24,0.5557046734300118,0.5100000000000005,True
34.809818,89,202.640961,0.9921875,0.31608047643929915,21,0.5778541038373912,0.5250000000000005,True
32.951507,103,202.792389,0.96875,0.31868532557198526,17,0.565524930766313,0.5850000000000005,True
36.473619,84,202.940866,0.9765625,0.31967903693202104,25,0.5625830245932756,0.4400000000000004,True
35.176749,90,203.073777,1.0,0.31993912723443274,23,0.5330761753549159,0.5000000000000004,True
35.386117,84,203.192347,0.9765625,0.31439810725839934,22,0.5858090459355048,0.4600000000000004,True
31.42558,115,203.357025,0.9609375,0.3192873888773424,17,0.4782256711437763,0.6050000000000005,True
26.399386,132,203.553679,0.9921875,0.3198924607672087,16,0.49671679823560283,0.6850000000000006,True
31.844409,99,203.734851,0.9921875,0.31921094776620307,19,0.5596951624006621,0.5800000000000005,True
29.667086,127,203.964751,0.9609375,0.31707126271842095,24,0.5836563268569315,0.6600000000000006,True
7.419729,188,204.239386,1.0,0.3621299176959858,16,0.48822886022228523,1.0000000000000009,False
31.189211,108,204.394455,1.0,0.3179369887862967,21,0.519574830291048,0.6150000000000005,True
32.431302,92,204.525906,1.0,0.3184134103525216,21,0.5308364749179538,0.5650000000000005,True
35.799629,86,204.662034,0.96875,0.3174773875922918,19,0.49341328006152446,0.4800000000000004,True
32.585409,112,204.831996,1.0,0.31909811832766577,25,0.6086443293378939,0.5800000000000005,True
34.821388,85,204.950291,0.9921875,0.3199980809553798,18,0.5246921399174554,0.4600000000000004,True
33.021999,96,205.106987,0.9921875,0.31889341796550524,21,0.5160864330967209,0.5300000000000005,True
28.100711,114,205.275673,1.0,0.31894999470381524,23,0.5497002588258116,0.7250000000000006,True
31.616398,99,205.426214,0.9921875,0.31860486182439435,21,0.5161591320743513,0.6000000000000005,True
31.879024,103,205.5863,0.9921875,0.3187085455332978,25,0.5036852175062383,0.5700000000000005,True
29.97311,96,205.735972,0.9921875,0.31950732891518363,24,0.5465368310740473,0.6350000000000006,True
24.489959,135,205.934694,1.0,0.316874800525407,24,0.5578032673934248,0.8050000000000007,True
32.251527,98,206.08597,1.0,0.31935024117797733,21,0.5529651616809261,0.5600000000000005,True
30.920005,111,206.245861,0.9921875,0.31933675780275816,22,0.5652289029573245,0.5850000000000005,True
33.004243,98,206.384635,1.0,0.3195209874009153,21,0.5644914598258303,0.5550000000000005,True
18.842886,168,206.633611,1.0,0.31931637715109096,22,0.55035423809964,0.9100000000000008,True
27.366437,110,206.800313,0.984375,0.31726074554770406,21,0.5326126137682098,0.6700000000000006,True
25.749419,154,207.030376,0.984375,0.3185317336851725,24,0.5430642877542557,0.7900000000000007,True
34.50877,98,207.182181,1.0,0.31900440614903075,18,0.47993937007307613,0.5300000000000005,True
34.344934,87,207.306259,1.0,0.3175654096949493,23,0.5096073235657331,0.5050000000000004,True
20.132697,179,207.561734,1.0,0.31865891146037556,21,0.5522434438618262,0.9500000000000008,True
30.699621,115,207.732382,1.0,0.31765783277021997,22,0.5336988933005731,0.6550000000000006,True
35.70882,82,207.8571,1.0,0.31692183907800947,22,0.5529645607539554,0.4500000000000004,True
30.089367,128,208.038208,1.0,0.3189333902588775,25,0.5603699369315644,0.6700000000000006,True
25.014847,146,208.252913,1.0,0.3180914485411682,25,0.5516739877385924,0.7900000000000007,True
5.573459,187,208.523209,0.9609375,0.3946225407098897,15,0.43781831340068667,1.0000000000000009,False
33.871871,88,208.654124,0.9921875,0.31758033070315195,21,0.564882636984737,0.5150000000000005,True
36.478556,84,208.774536,0.984375,0.3193006858559353,23,0.5438340717825803,0.4500000000000004,True
26.514099,141,208.975603,0.9921875,0.31474211422775955,19,0.5256893630871019,0.7400000000000007,True
29.720359,111,209.14366,1.0,0.3195465519803856,21,0.5396649572424863,0.6600000000000006,True
30.745215,110,209.298164,1.0,0.3193545973530032,23,0.5397436179684779,0.6800000000000006,True
34.744048,84,209.419883,0.9921875,0.31891754299332276,20,0.5656120725903319,0.48500000000000043,True
25.170823,139,209.628504,0.9921875,0.3177331323427679,23,0.561209912421562,0.7550000000000007,True
35.370075,87,209.762771,1.0,0.3183828060653099,17,0.5317650540299588,0.49500000000000044,True
25.916401,147,209.987448,1.0,0.3189368740171802,21,0.5427225593277564,0.7750000000000007,True
30.521022,111,210.161908,1.0,0.31978796238543183,21,0.5562287265903201,0.6800000000000006,True
33.542879,98,210.308696,1.0,0.3199947062448888,21,0.5528679681679923,0.5600000000000005,True
28.771574,131,210.50938,1.0,0.3190278736602927,23,0.5654442379624746,0.6950000000000006,True
35.274349,84,210.643719,1.0,0.319982958267662,23,0.5433993633248173,0.4550000000000004,True
34.55928,92,210.784395,0.9921875,0.3191869078075964,20,0.5418678692133544,0.5300000000000005,True
34.286955,85,210.90437,1.0,0.31924937637274003,23,0.5293020047566921,0.49500000000000044,True
36.135097,84,211.029311,1.0,0.31433979692042074,23,0.5368108742619143,0.4800000000000004,True
32.196036,95,211.946172,1.0,0.3174684258822723,22,0.5466801062541939,0.6150000000000005,True
32.072958,92,212.087575,1.0,0.31834020455723466,20,0.5691077544320315,0.5400000000000005,True
31.111516,112,212.265178,0.9765625,0.31881085793115765,20,0.5226320989009852,0.6500000000000006,True
34.34778,83,212.390613,1.0,0.31803247742130814,21,0.5569866737238396,0.5100000000000005,True
31.936797,100,212.603873,1.0,0.3192749865379991,19,0.5402203603969234,0.5850000000000005,True
34.551029,88,212.790036,0.9921875,0.3191827587352183,21,0.5324310761842663,0.49500000000000044,True
36.099217,82,212.977464,1.0,0.31800912084055244,22,0.5444812463421598,0.4700000000000004,True
32.760121,106,213.168031,1.0,0.3179488886418957,23,0.575170820209114,0.5800000000000005,True
28.033476,118,213.425297,1.0,0.3186160462447205,20,0.5274574561154026,0.7700000000000007,True
31.412325,100,213.633079,1.0,0.31892168647944563,22,0.5293131673873392,0.6050000000000005,True
28.961574,120,213.869298,0.9921875,0.3177704546761664,23,0.5689614939107972,0.6650000000000006,True
35.860262,86,214.020656,0.9921875,0.3146572962735325,23,0.5123921779989014,0.4600000000000004,True
26.135564,137,214.271034,1.0,0.3177593536453839,21,0.5103373790577227,0.7600000000000007,True
36.514702,83,214.449928,1.0,0.31902100799141453,19,0.5545412750363666,0.4550000000000004,True
33.83077,81,214.60598,1.0,0.31946749605350966,22,0.5101383452267046,0.4750000000000004,True
31.539406,108,214.862613,1.0,0.31955910755291417,23,0.5522734204297765,0.6400000000000006,True
34.464606,95,215.067643,1.0,0.3194019213096143,21,0.5393026531840817,0.5250000000000005,True
33.312083,106,215.220989,1.0,0.3159595999728255,23,0.5777457830226045,0.5600000000000005,True
27.398776,134,215.424908,0.9921875,0.3184125768264744,22,0.5335939785153196,0.7150000000000006,True
35.463686,83,215.544536,1.0,0.31916249092837545,17,0.554323869659337,0.4450000000000004,True
34.489216,91,215.683813,1.0,0.31977872123616047,17,0.5031385482665932,0.48500000000000043,True
34.771563,92,215.818137,1.0,0.31976228361212305,22,0.5666399318221713,0.5300000000000005,True
34.918973,92,215.946821,0.9921875,0.31906259003836834,23,0.5478178236640798,0.5200000000000005,True
35.965594,87,216.07218,1.0,0.3167369908400828,21,0.5357713787408037,0.4750000000000004,True
35.299362,83,216.189778,1.0,0.3186186240998883,21,0.5721490692380432,0.4450000000000004,True
28.938421,116,216.357892,1.0,0.316211190649093,24,0.5722649775319724,0.7400000000000007,True
32.810571,103,216.522078,0.9921875,0.3195290302186141,23,0.5363032852676727,0.5850000000000005,True
34.763406,91,216.660764,1.0,0.31841749165934125,24,0.5548683954129194,0.5050000000000004,True
34.983091,92,216.789798,1.0,0.31780273167967643,20,0.5801288018764418,0.5200000000000005,True
36.802797,81,216.908223,0.9765625,0.31821905959202945,21,0.5716331429071874,0.4350000000000004,True
30.544756,109,217.065687,1.0,0.319065388902231,19,0.5302958884725567,0.5800000000000005,True
36.632928,78,217.177072,1.0,0.31816846637995877,25,0.5479830540147683,0.4500000000000004,True
34.520958,89,217.319267,1.0,0.31927298276751315,21,0.5676259897268323,0.5350000000000005,True
33.688224,97,217.483308,0.9921875,0.3183893790441956,26,0.5733641473419913,0.5550000000000005,True
33.426646,97,217.641519,1.0,0.3169952461812553,24,0.5333941404805687,0.5500000000000005,True
35.051149,87,217.774273,0.9921875,0.31890985042487047,22,0.543803351038246,0.5150000000000005,True
26.39234,142,217.972096,1.0,0.3192433806886794,20,0.5678002097306765,0.7900000000000007,True
34.394067,90,218.096902,0.9921875,0.3149898333714009,21,0.5844952313136175,0.49000000000000044,True
34.835375,88,218.220712,1.0,0.3197938177367815,21,0.54498479013223,0.5200000000000005,True
33.656732,92,218.354156,0.9921875,0.3191436531719121,20,0.547508780258098,0.49000000000000044,True
34.927697,94,218.510441,0.9765625,0.31974127138092745,19,0.5552683995791851,0.5100000000000005,True
37.434266,76,218.629717,1.0,0.3183681553951723,22,0.5417524281455207,0.41000000000000036,True
18.777286,186,218.902107,0.984375,0.31981842102573826,18,0.524274132277864,0.9750000000000009,True
33.928609,91,219.035768,1.0,0.31894631943737783,23,0.5413561957189319,0.5100000000000005,True
36.100472,82,219.157849,1.0,0.31776880242676436,21,0.5662375257448329,0.4700000000000004,True
35.31048,86,219.285069,1.0,0.3199768378111739,24,0.5433916765207611,0.5100000000000005,True
34.479909,87,219.413775,0.9921875,0.3172558666295506,20,0.5539711189890103,0.49000000000000044,True
35.234646,72,219.524767,1.0,0.31998913459943473,24,0.5532670539718183,0.41500000000000037,True
36.196089,81,219.649152,0.9921875,0.3181117449112674,22,0.5520648047530149,0.4650000000000004,True
37.792889,72,219.755286,1.0,0.3190525075195668,21,0.5590093878784067,0.40000000000000036,True
34.198169,90,219.886444,1.0,0.3196404954584574,21,0.5397183823886468,0.49500000000000044,True
34.976428,88,220.012348,0.9921875,0.31820265403449033,21,0.5020593125752354,0.4650000000000004,True
35.097902,87,220.134597,1.0,0.3195048009379308,21,0.5267341168768039,0.49500000000000044,True
28.960503,112,220.291678,0.9921875,0.31696014345892676,23,0.5508972132497207,0.5950000000000005,True
35.958968,80,220.406647,1.0,0.3187127005887367,18,0.5355253052535123,0.4400000000000004,True
38.800334,68,220.503766,1.0,0.3194629803114248,21,0.524546230335324,0.3500000000000003,True
28.472013,116,220.687348,1.0,0.3177707633281547,20,0.5719859261045156,0.6350000000000006,True
34.849942,92,220.823268,1.0,0.3162403805537698,23,0.5730211079230133,0.5300000000000005,True
34.59835,98,220.964682,0.96875,0.3175765963837741,19,0.553198720026543,0.5300000000000005,True
33.833826,89,221.087983,1.0,0.3163837539286976,21,0.578561856636296,0.5300000000000005,True
33.807386,101,221.227638,0.9921875,0.31859403323911273,22,0.5239316021560825,0.5350000000000005,True
36.477071,81,221.342056,1.0,0.3192209704555512,21,0.5455983847938711,0.4550000000000004,True
35.517118,87,221.47278,0.9921875,0.3176625828575982,18,0.543566978927285,0.49500000000000044,True
28.616006,108,221.651049,1.0,0.31975988962552326,24,0.5656301930926456,0.7150000000000006,True
33.307555,86,221.784282,1.0,0.3189092685170995,22,0.5912634899890953,0.5000000000000004,True
36.500103,82,221.909705,0.9921875,0.31938640694744974,24,0.5720410482128726,0.4500000000000004,True
34.664257,88,222.034433,0.9921875,0.31995531866124194,21,0.5359042063372585,0.49000000000000044,True
34.285812,86,222.158637,0.9921875,0.31987637149589143,24,0.5163719265240133,0.48500000000000043,True
33.647239,99,222.312381,1.0,0.31512520158784635,23,0.5688809376277413,0.5650000000000005,True
33.58412,92,222.443126,1.0,0.3181907454366564,17,0.5249704079413225,0.5600000000000005,True
32.276864,104,222.606708,1.0,0.3187273572929289,25,0.5654132207151514,0.5550000000000005,True
36.186673,88,222.737906,0.9765625,0.3197138909999774,19,0.5289594308316491,0.4600000000000004,True
36.385867,81,222.855896,0.9921875,0.31977150650245245,20,0.5083385699644638,0.4550000000000004,True
31.028609,102,222.996004,0.9921875,0.31859517932063647,24,0.5375996976847961,0.6150000000000005,True
33.156328,102,223.140736,1.0,0.31932988364260667,24,0.5483383017607288,0.5600000000000005,True
33.633511,93,223.271453,1.0,0.31779485804052743,23,0.5407919861499709,0.5400000000000005,True
36.513372,76,223.390634,1.0,0.3180356605306405,21,0.5233615903952339,0.4500000000000004,True
27.711072,128,223.575638,0.9921875,0.3185000676015489,22,0.5452363165322626,0.7150000000000006,True
36.215664,79,223.705876,1.0,0.31825120709629207,20,0.5287090338736565,0.4650000000000004,True
32.554456,92,223.866155,0.984375,0.31970558801701465,22,0.5762262550334385,0.5650000000000005,True
34.196222,94,224.007944,0.9765625,0.3163389097986495,19,0.5511613093971817,0.5500000000000005,True
33.514438,103,224.162493,1.0,0.31873043490803155,21,0.5129308038508467,0.5550000000000005,True
32.478059,82,224.289117,1.0,0.3199211570350602,22,0.5283750689099013,0.5000000000000004,True
28.28731,106,224.446387,1.0,0.3181639683862338,22,0.5517539844617405,0.6500000000000006,True
37.430508,71,224.555587,1.0,0.3197531496942585,18,0.5473855739816302,0.41500000000000037,True
34.686729,91,224.706807,1.0,0.3162441363128916,20,0.5219761653555799,0.5250000000000005,True
7.897494,162,224.939618,0.9921875,0.3271846337419385,20,0.5153067247265105,1.0000000000000009,False
35.609415,87,225.063771,0.9921875,0.31883708874556255,24,0.5520952979209744,0.4750000000000004,True
36.462521,78,225.231298,1.0,0.3198832000034637,25,0.5360071489021948,0.4600000000000004,True
28.744411,113,225.456853,0.9921875,0.3180906536953837,21,0.5304755888000776,0.6250000000000006,True
33.721525,89,225.614337,0.9921875,0.31963794154004227,21,0.5405043120471069,0.49500000000000044,True
31.848402,103,225.830978,0.984375,0.3170050030647079,22,0.5337063481991762,0.6250000000000006,True
24.982948,135,226.103749,0.9921875,0.31924210099642397,25,0.538741096458161,0.8100000000000007,True
36.263687,86,226.272838,1.0,0.31917926519452205,21,0.5337258193806954,0.4600000000000004,True
34.610418,85,226.434319,1.0,0.3183219463438608,23,0.5622349189830251,0.49000000000000044,True
31.635421,89,226.592786,0.984375,0.3193662547849675,21,0.5757616644775141,0.5250000000000005,True
34.310055,94,226.776035,1.0,0.3185009721206943,23,0.5438360539405663,0.5400000000000005,True
27.634572,125,227.017289,1.0,0.31963294061497016,21,0.5499836927997632,0.7650000000000007,True
31.593686,95,227.203993,0.9921875,0.31994551519002734,24,0.5244372012889157,0.5950000000000005,True
30.925917,110,227.45361,1.0,0.31995833266767937,19,0.5462325967250229,0.6800000000000006,True
34.189533,85,227.655402,1.0,0.31895237822003575,20,0.5695246005056058,0.5100000000000005,True
35.188718,86,227.803267,1.0,0.31857096526166906,23,0.5547339249388534,0.5000000000000004,True
32.811095,93,227.949999,1.0,0.31973364109267527,22,0.5199306556487383,0.5350000000000005,True
32.292025,93,228.086944,1.0,0.318274688950087,21,0.5545654431323392,0.5900000000000005,True
33.741462,93,228.951571,0.9921875,0.3185633693836814,22,0.5425111625083614,0.5650000000000005,True
34.90874,82,229.065252,1.0,0.3188427459812718,21,0.5099072583472605,0.4750000000000004,True
34.31592,84,229.187148,1.0,0.3190521882780617,20,0.5309267151598606,0.5350000000000005,True
36.04056,79,229.299108,0.984375,0.3195987409754736,20,0.551914500011117,0.4750000000000004,True
32.919189,86,229.42586,0.9765625,0.318072187786956,24,0.5434324433335133,0.5200000000000005,True
33.502772,85,229.552059,1.0,0.3190839104059914,21,0.5576685108061225,0.49500000000000044,True
37.714153,71,229.661617,1.0,0.31945882222654515,22,0.580278199746233,0.40500000000000036,True
36.356415,78,229.77522,1.0,0.318869418289807,22,0.5347253114305628,0.4600000000000004,True
22.433006,154,230.005101,0.953125,0.3139002305056144,21,0.5184793392377786,0.9000000000000008,True
32.737086,104,230.153792,1.0,0.31964527286262845,21,0.548923453811947,0.5600000000000005,True
34.195645,98,230.290401,1.0,0.31968561538053336,19,0.5653842956169551,0.5300000000000005,True
21.440934,172,230.535298,1.0,0.31883682035850824,25,0.5564486522976585,0.9600000000000009,True
32.945931,97,230.676044,0.9921875,0.3189369509545269,21,0.5554317562080135,0.6050000000000005,True
35.509245,82,230.80582,0.9921875,0.3199058887854972,26,0.5470356241118437,0.4800000000000004,True
32.171427,91,230.947782,0.9921875,0.31811023658477716,23,0.5114884400491273,0.5350000000000005,True
38.147642,74,231.051481,1.0,0.31990275494832926,20,0.5698082919446957,0.38000000000000034,True
35.508129,87,231.174735,1.0,0.3193867182136143,21,0.5463173616887826,0.5050000000000004,True
22.029455,138,231.36904,0.9921875,0.3186480297261609,21,0.5515422147615734,0.8650000000000008,True
32.846371,101,231.514105,0.984375,0.3194509203597449,23,0.5671227443772425,0.5500000000000005,True
32.30093,91,231.645311,1.0,0.3180805955773228,21,0.5554580570052831,0.5400000000000005,True
33.195088,99,231.791895,1.0,0.31995133667970566,22,0.5564757812360805,0.5750000000000005,True
35.41901,88,231.919451,1.0,0.31858834372850936,21,0.5528884159770052,0.49000000000000044,True
28.512064,130,232.122707,1.0,0.31849538471691363,24,0.5576628117275861,0.7300000000000006,True
31.07979,96,232.262226,1.0,0.3189049179330254,26,0.5612348476901068,0.5850000000000005,True
31.224009,99,232.418583,1.0,0.319110302164633,21,0.5483043966890129,0.5750000000000005,True
30.52701,104,232.568526,1.0,0.3199336534971968,21,0.5201432787184287,0.5700000000000005,True
34.264601,87,232.701523,1.0,0.3197110174550024,19,0.5438108247393876,0.49000000000000044,True
32.708983,88,232.826058,0.9921875,0.31855104567697196,22,0.5702349243002722,0.5250000000000005,True
33.858415,95,232.96097,0.9765625,0.3194243772418165,24,0.5777970624443358,0.5200000000000005,True
26.050657,140,233.17798,1.0,0.31896440998420805,19,0.5707655049925107,0.7350000000000007,True
36.017799,88,233.306319,1.0,0.3198519708722567,19,0.5271109706542295,0.4700000000000004,True
33.831549,92,233.442699,0.9921875,0.318550407523159,21,0.5819655908151373,0.5200000000000005,True
36.325025,75,233.562332,1.0,0.31948620270442807,25,0.5749267560547453,0.4200000000000004,True
32.964848,109,233.72606,1.0,0.3183574465204407,24,0.5885490160505286,0.5550000000000005,True
33.778144,98,233.873629,0.96875,0.31492475401130526,23,0.5299364822094268,0.5100000000000005,True
33.596059,90,234.033911,1.0,0.3187941169632684,20,0.556838365482591,0.48500000000000043,True
34.214752,91,234.170108,1.0,0.31983359729413074,23,0.5570379138320269,0.5450000000000005,True
33.138095,98,234.313001,0.984375,0.31834094989261186,22,0.5086957869456381,0.5450000000000005,True
31.012921,106,234.488672,1.0,0.31985088722266736,22,0.5080749624390226,0.5900000000000005,True
37.273722,76,234.603613,0.9765625,0.3191028027565176,22,0.5074137961320022,0.4200000000000004,True
33.602647,91,234.743955,1.0,0.3191045720774919,20,0.5388721243114724,0.5300000000000005,True
37.225171,76,234.858559,1.0,0.31890545552625926,23,0.5541348184102892,0.4300000000000004,True
35.47543,89,234.988857,1.0,0.31805330804710275,20,0.539539611624292,0.4750000000000004,True
35.204878,86,235.119823,1.0,0.3192487425230923,24,0.5324021441960864,0.49000000000000044,True
31.944,107,235.271273,1.0,0.31941271290583084,22,0.5389902511830121,0.5700000000000005,True
36.895903,70,235.369434,1.0,0.31890415606095346,21,0.5200484461924884,0.38500000000000034,True
34.79381,94,235.503859,0.9921875,0.31950172781851344,18,0.5042123015257377,0.5100000000000005,True
34.793712,94,235.639006,0.9921875,0.31855527175562937,21,0.5223822505053881,0.49000000000000044,True
34.619263,89,235.77393,1.0,0.3187842244764777,21,0.5212005089323515,0.4550000000000004,True
34.0464,94,235.908357,1.0,0.31877732573755213,16,0.5011492063004062,0.5200000000000005,True
32.302867,109,236.06372,1.0,0.317554650053857,19,0.513138530149293,0.5800000000000005,True
35.485581,92,236.216503,1.0,0.3186727471813452,18,0.5517345417964296,0.49000000000000044,True
34.743251,95,236.364983,0.984375,0.31944972678281325,23,0.5436037303181368,0.5150000000000005,True
35.537593,79,236.484819,1.0,0.31910820440727206,20,0.5387480331780294,0.4350000000000004,True
36.119991,75,236.60255,0.9921875,0.3196397970378795,23,0.5336462191606451,0.41000000000000036,True
33.534578,98,236.753747,0.96875,0.3182929479293466,22,0.5021466983663223,0.5700000000000005,True
37.039533,80,236.872606,0.9921875,0.3167955402827235,21,0.5198317786562213,0.4300000000000004,True
37.069824,78,236.987774,0.9921875,0.3196697949432277,24,0.5456770633176445,0.4200000000000004,True
34.088898,90,237.125047,0.9921875,0.31767164059488473,24,0.5339667832644259,0.49500000000000044,True
31.390859,109,237.282192,0.984375,0.31884594896753865,23,0.5360967248118507,0.5650000000000005,True
32.406076,105,237.436342,1.0,0.3191845865074781,21,0.5933195498555643,0.5550000000000005,True
37.665924,76,237.546073,0.9921875,0.31913637774187953,24,0.527966030428729,0.40000000000000036,True
36.140427,84,237.672258,1.0,0.31927350609433963,23,0.5345037948062751,0.4400000000000004,True
36.440515,85,237.85624,0.9765625,0.3197206231976536,19,0.5334586108549794,0.4550000000000004,True
36.42194,84,238.030188,1.0,0.3163016435594802,21,0.5501141746181977,0.4400000000000004,True
37.143231,69,238.168799,1.0,0.3173170591272643,21,0.532702712978839,0.38000000000000034,True
9.112382,163,238.475797,0.96875,0.338850966980516,17,0.5319684327275175,1.0000000000000009,False
38.180987,72,238.610528,0.9921875,0.31962621307786193,19,0.5486965865398751,0.38000000000000034,True
34.055971,92,238.815062,1.0,0.3191228093488055,21,0.5660151558156257,0.4800000000000004,True
31.370905,108,239.024251,1.0,0.31901920841202697,24,0.5732629280976675,0.5850000000000005,True
32.487822,107,239.222304,0.984375,0.3198319178925133,21,0.5577113524684175,0.5650000000000005,True
34.568161,90,239.392493,0.984375,0.31927216408689507,22,0.5241697427579433,0.48500000000000043,True
31.336709,103,239.586718,0.984375,0.3184483464374455,23,0.5418235837871017,0.5650000000000005,True
37.333157,77,239.771846,1.0,0.3187260586755469,24,0.5219110602934641,0.41500000000000037,True
28.744956,126,240.041032,0.984375,0.31973627044286207,21,0.49670926538791754,0.6650000000000006,True
31.092832,103,240.260757,1.0,0.3197709401580696,24,0.577785418980575,0.6300000000000006,True
32.282441,103,240.450343,1.0,0.3179417445514507,22,0.5787659630261158,0.5600000000000005,True
33.576581,95,240.585658,0.9765625,0.3193430170956927,21,0.5644007739665929,0.5050000000000004,True
22.326339,173,240.841507,0.9765625,0.31945112143607535,24,0.5757036896122556,0.8950000000000008,True
33.357566,90,240.969056,0.9765625,0.31923835728481764,23,0.5163385795698298,0.49000000000000044,True
35.98332,85,241.088633,0.984375,0.3199452560105126,17,0.569182978890209,0.4650000000000004,True
35.772232,80,241.201771,1.0,0.31986163460719863,22,0.5458829921832464,0.4350000000000004,True
36.337093,83,241.323125,0.9765625,0.31910919378129454,25,0.5546849168661488,0.4550000000000004,True
37.063305,79,241.441384,0.9921875,0.31854709410736454,20,0.5253650579396257,0.41500000000000037,True
35.700582,86,241.565735,1.0,0.3196296759543916,23,0.5201028434025646,0.4700000000000004,True
36.6825,82,241.685598,1.0,0.31890369770882554,23,0.5631483319131196,0.4400000000000004,True
36.459446,76,241.8016,0.9921875,0.31930792095026533,18,0.5168742008567346,0.40500000000000036,True
34.552597,98,241.939717,0.9921875,0.31831216279910834,22,0.5413411670235282,0.5300000000000005,True
29.87019,124,242.111179,1.0,0.3173015495622615,22,0.5436699933828272,0.6450000000000006,True
35.327158,88,242.233006,0.984375,0.3198662449272416,19,0.5572109707267329,0.4550000000000004,True
25.529005,137,242.464568,0.9765625,0.3179463412067882,22,0.5699276283564676,0.7350000000000007,True
32.593718,102,242.622825,0.9609375,0.31595037694661204,23,0.525178986847546,0.5750000000000005,True
31.483549,100,242.778876,1.0,0.3194514673390412,23,0.5764586570977377,0.5200000000000005,True
36.819505,82,242.905656,1.0,0.31912847933641547,21,0.5464759354433297,0.4300000000000004,True
32.288368,99,243.05464,1.0,0.3179018574413961,21,0.5167551115085478,0.5300000000000005,True
37.375823,77,243.178356,1.0,0.31437647783208467,23,0.5176861046195732,0.41500000000000037,True
32.011076,109,243.336434,0.984375,0.31714766698870756,22,0.5886971339724282,0.5950000000000005,True
32.929945,88,243.479993,0.9921875,0.31951982138298857,22,0.5345234645993487,0.5450000000000005,True
22.91822,143,243.708322,1.0,0.3194505516713675,23,0.5685588701334301,0.7850000000000007,True
35.560361,82,243.834541,1.0,0.31954887144340555,26,0.5511575105738381,0.4450000000000004,True
35.620362,83,243.950084,0.9921875,0.31803410380796093,23,0.5676276227298266,0.48500000000000043,True
33.908602,97,244.121222,1.0,0.3194648099585912,23,0.5433740701825298,0.5250000000000005,True
35.433909,92,244.2573,1.0,0.31771582574052626,23,0.5615061465162177,0.4800000000000004,True
35.01868,85,244.38351,0.9921875,0.3172833690486377,21,0.5229353041994538,0.4750000000000004,True
37.363489,74,244.526085,1.0,0.3193903437361174,22,0.5314692694158573,0.41000000000000036,True
